num_acc;senc;catv;occutc;obs;obsm;choc;manv;num_veh
201300000001;0;7;0;0;0;6;10;A01
201300000001;0;31;0;0;2;1;1;B02
201300000002;0;33;0;0;0;8;11;A01
201300000003;0;7;0;0;0;0;17;A01
201300000003;0;33;0;0;2;9;17;B02
201300000004;0;7;0;0;0;1;1;A01
201300000005;0;7;0;0;1;7;19;A01
201300000006;0;7;0;0;2;8;13;B02
201300000006;0;33;0;0;2;7;17;A01
201300000007;0;15;0;0;0;0;9;A01
201300000008;0;30;0;8;0;0;14;A01
201300000009;0;33;0;0;2;2;1;A01
201300000009;0;7;0;0;2;6;17;B02
201300000010;0;33;0;12;0;3;1;A01
201300000011;0;7;0;0;1;1;1;A01
201300000012;0;7;0;13;0;2;1;A01
201300000013;0;33;0;0;2;1;17;B02
201300000013;0;7;0;0;2;6;13;A01
201300000014;0;33;0;0;2;1;17;B02
201300000014;0;10;0;0;2;3;13;A01
201300000015;0;2;0;0;0;0;1;A01
201300000016;0;7;0;0;2;3;10;A01
201300000016;0;30;0;0;2;2;17;B02
201300000017;0;31;0;0;0;1;17;A01
201300000017;0;7;0;0;0;1;15;B02
201300000018;0;7;0;13;0;3;17;A01
201300000019;0;7;0;6;0;1;1;A01
201300000020;0;30;0;0;2;1;1;B02
201300000020;0;7;0;0;2;2;15;A01
201300000020;0;7;0;0;2;8;24;C03
201300000021;0;30;0;8;0;1;1;A01
201300000022;0;30;0;12;0;1;1;A01
201300000023;0;7;0;13;0;1;2;A01
201300000024;0;7;0;0;2;3;19;B02
201300000024;0;7;0;0;2;2;1;A01
201300000025;0;33;0;13;0;0;0;A01
201300000026;0;1;0;12;0;1;0;A01
201300000027;0;33;0;0;2;1;1;B02
201300000027;0;10;0;0;2;3;15;A01
201300000028;0;7;0;0;2;1;2;A01
201300000028;0;7;0;0;2;4;23;B02
201300000028;0;7;0;0;2;4;23;C03
201300000029;0;7;0;0;1;3;1;A01
201300000030;0;7;0;2;0;3;19;A01
201300000031;0;7;0;0;2;6;2;B02
201300000031;0;7;0;0;2;2;17;A01
201300000032;0;7;0;13;0;3;13;A01
201300000033;0;16;0;0;2;3;13;A01
201300000033;0;7;0;0;2;1;1;B02
201300000034;0;7;0;0;0;1;1;A01
201300000035;0;13;0;13;0;3;13;A01
201300000036;0;7;0;0;0;0;1;A01
201300000037;0;10;0;0;2;3;13;A01
201300000037;0;33;0;0;2;1;1;B02
201300000037;0;7;0;0;2;6;1;C03
201300000038;0;7;0;0;2;3;1;A01
201300000038;0;7;0;0;2;3;1;B02
201300000039;0;30;0;0;2;6;2;A01
201300000039;0;7;0;0;2;2;2;B02
201300000040;0;7;0;0;2;1;1;B02
201300000040;0;7;0;0;2;8;15;A01
201300000041;0;30;0;0;2;8;1;B02
201300000041;0;14;0;0;2;3;15;A01
201300000042;0;2;0;0;2;2;17;A01
201300000042;0;7;0;0;2;3;15;B02
201300000043;0;7;0;0;0;1;1;A01
201300000044;0;10;0;0;2;9;1;B02
201300000044;0;10;0;0;2;1;1;C03
201300000044;0;10;0;0;2;1;1;D04
201300000044;0;10;0;0;0;4;16;A01
201300000045;0;10;0;0;2;1;15;B02
201300000045;0;7;0;0;2;2;1;A01
201300000046;0;7;0;0;2;3;19;B02
201300000046;0;31;0;0;2;1;1;A01
201300000047;0;2;0;0;2;1;1;B02
201300000047;0;7;0;0;2;1;13;A01
201300000048;0;33;0;2;0;0;17;A01
201300000049;0;7;0;0;2;1;1;B02
201300000049;0;7;0;0;2;7;1;A01
201300000050;0;1;0;0;2;1;21;B02
201300000050;0;30;0;12;2;1;14;A01
201300000051;0;7;0;0;1;2;1;A01
201300000052;0;7;0;6;0;4;1;A01
201300000053;0;7;0;2;0;7;14;A01
201300000054;0;7;0;13;0;1;1;A01
201300000055;0;7;0;0;1;1;21;A01
201300000056;0;1;0;0;0;1;1;A01
201300000057;0;32;0;0;0;1;1;A01
201300000058;0;7;0;1;0;1;1;A01
201300000059;0;33;0;0;0;0;1;A01
201300000060;0;33;0;0;2;1;1;B02
201300000060;0;7;0;0;2;8;15;A01
201300000061;0;7;0;16;0;1;1;A01
201300000062;0;7;0;0;2;3;15;B02
201300000062;0;33;0;0;2;1;17;A01
201300000063;0;7;0;6;0;1;1;A01
201300000064;0;33;0;1;0;1;1;A01
201300000064;0;7;0;0;9;1;1;B02
201300000065;0;30;0;1;0;1;2;A01
201300000066;0;7;0;0;2;3;17;B02
201300000066;0;7;0;0;2;3;1;A01
201300000067;0;2;0;0;2;1;1;B02
201300000067;0;7;0;0;2;3;15;A01
201300000068;0;1;0;0;2;8;0;B02
201300000068;0;7;0;0;2;1;1;A01
201300000069;0;33;0;0;0;0;1;A01
201300000070;0;33;0;13;0;1;16;A01
201300000071;0;33;0;0;2;1;1;A01
201300000071;0;10;0;0;2;3;11;B02
201300000072;0;33;0;13;0;1;1;A01
201300000073;0;33;0;0;2;1;13;A01
201300000073;0;7;0;0;2;1;1;B02
201300000074;0;2;0;0;2;1;1;B02
201300000074;0;7;0;0;2;3;15;A01
201300000075;0;7;0;0;2;3;9;A01
201300000075;0;32;0;0;2;1;3;B02
201300000076;0;10;0;13;0;1;13;A01
201300000077;0;7;0;0;2;1;1;B02
201300000077;0;30;0;0;2;1;13;A01
201300000078;0;7;0;0;2;7;1;A01
201300000078;0;7;0;0;2;1;1;B02
201300000079;0;7;0;16;2;1;13;A01
201300000080;0;7;0;0;2;7;13;A01
201300000080;0;10;0;0;2;1;1;B02
201300000081;0;7;0;0;2;2;15;A01
201300000081;0;7;0;0;2;1;1;B02
201300000082;0;33;0;16;2;0;17;A01
201300000082;0;7;0;0;0;6;17;B02
201300000083;0;7;0;0;2;1;1;B02
201300000083;0;7;0;0;2;5;19;A01
201300000084;0;15;0;0;2;3;1;B02
201300000084;0;7;0;0;2;3;13;A01
201300000085;0;1;0;0;2;7;1;B02
201300000085;0;7;0;0;2;4;20;A01
201300000086;0;7;0;15;0;1;16;A01
201300000087;0;7;0;0;0;6;15;A01
201300000087;0;7;0;0;2;1;1;B02
201300000088;0;7;0;6;0;2;0;A01
201300000089;0;30;0;0;2;1;1;B02
201300000089;0;7;0;0;2;5;15;A01
201300000090;0;33;0;9;0;1;1;A01
201300000091;0;7;0;0;2;1;19;B02
201300000091;0;7;0;0;2;3;1;A01
201300000092;0;1;0;0;2;4;2;B02
201300000092;0;7;0;0;9;2;2;A01
201300000093;0;31;0;0;2;7;1;A01
201300000093;0;7;0;0;2;1;15;B02
201300000094;0;7;0;0;0;6;20;B02
201300000094;0;30;0;0;2;1;1;A01
201300000095;0;10;0;6;0;2;1;A01
201300000096;0;7;0;0;0;1;14;A01
201300000097;0;7;0;0;2;4;1;B02
201300000097;0;33;0;0;2;1;1;A01
201300000098;0;7;0;0;2;5;15;A01
201300000098;1;31;0;0;2;1;1;B02
201300000099;0;31;0;0;0;0;1;A01
201300000100;0;1;0;0;0;4;1;B02
201300000100;0;7;0;0;2;2;1;A01
201300000101;0;15;0;0;2;7;1;B02
201300000101;0;30;0;0;2;1;1;A01
201300000102;0;7;0;8;0;1;1;A01
201300000103;0;7;0;0;0;3;11;A01
201300000103;0;33;0;0;0;1;1;B02
201300000104;0;14;0;2;0;1;1;A01
201300000105;0;7;0;0;0;3;15;A01
201300000105;0;30;0;0;2;1;1;B02
201300000106;0;7;0;0;1;2;16;A01
201300000107;0;30;0;0;0;0;0;A01
201300000108;0;10;0;0;1;1;21;A01
201300000109;0;10;0;0;2;2;1;B02
201300000109;0;7;0;0;2;3;15;A01
201300000110;0;7;0;0;2;3;9;A01
201300000110;0;2;0;0;2;1;1;B02
201300000111;0;7;0;0;0;2;1;A01
201300000112;1;7;0;0;1;1;1;A01
201300000113;0;7;0;0;1;1;1;A01
201300000114;0;7;0;6;0;1;1;A01
201300000115;0;7;0;0;0;5;15;A01
201300000115;0;33;0;0;2;1;1;B02
201300000116;0;7;0;6;0;2;1;A01
201300000117;0;7;0;0;1;2;1;A01
201300000118;0;7;0;11;0;3;1;B02
201300000118;0;30;0;11;0;1;5;A01
201300000119;0;7;0;0;2;3;15;A01
201300000119;0;31;0;0;2;1;17;B02
201300000120;0;7;0;0;2;3;13;A01
201300000120;0;30;0;0;2;3;1;B02
201300000121;0;7;0;0;1;1;1;A01
201300000122;0;30;0;1;0;1;2;A01
201300000122;0;7;0;1;0;3;0;B02
201300000123;0;7;0;0;2;2;10;A01
201300000123;0;2;0;0;2;7;1;B02
201300000124;0;7;0;0;2;3;23;B02
201300000124;0;7;0;1;2;3;1;A01
201300000125;0;7;0;0;0;8;9;A01
201300000125;0;2;0;0;2;1;1;B02
201300000126;1;30;0;1;1;1;0;A01
201300000127;1;7;0;0;1;2;1;A01
201300000128;0;7;0;0;0;1;0;B02
201300000128;0;7;0;0;0;1;0;A01
201300000129;0;7;0;0;2;2;10;A01
201300000129;0;30;0;0;0;2;1;B02
201300000130;0;7;0;0;1;1;1;A01
201300000131;0;10;0;0;9;2;1;A01
201300000131;0;1;0;0;2;4;0;B02
201300000132;0;7;0;0;1;1;15;A01
201300000133;0;7;0;0;1;2;1;A01
201300000134;0;7;0;6;0;3;1;A01
201300000135;0;2;0;14;0;1;1;A01
201300000136;0;7;0;2;0;3;14;A01
201300000137;0;7;0;0;2;1;1;A01
201300000137;0;7;0;0;2;8;1;B02
201300000138;0;15;0;0;2;6;1;B02
201300000138;0;7;0;0;2;3;1;A01
201300000139;0;10;0;0;2;1;19;C03
201300000139;0;20;0;0;2;1;1;A01
201300000139;0;38;0;0;2;1;1;B02
201300000140;0;1;0;0;2;0;1;A01
201300000140;0;1;0;0;2;0;1;B02
201300000141;0;33;0;16;0;0;21;A01
201300000142;0;1;0;0;1;1;5;A01
201300000143;0;7;0;10;0;1;1;A01
201300000144;0;7;0;0;2;3;1;C03
201300000144;0;7;0;0;2;1;1;B02
201300000144;0;7;0;0;2;2;1;A01
201300000145;0;36;0;0;0;1;1;A01
201300000146;0;7;0;0;2;8;1;B02
201300000146;0;7;0;0;2;8;13;A01
201300000147;0;39;0;0;2;1;1;B02
201300000147;0;7;0;0;4;5;0;A01
201300000148;2;7;0;3;0;8;13;A01
201300000149;0;7;0;0;2;1;13;A01
201300000149;0;15;0;0;2;3;1;B02
201300000150;0;33;0;0;2;1;1;B02
201300000150;0;7;0;0;2;1;15;A01
201300000151;0;36;0;13;0;1;1;A01
201300000152;0;7;0;1;0;2;1;A01
201300000153;0;7;0;9;0;7;0;A01
201300000154;0;7;0;13;0;1;0;A01
201300000155;0;7;0;0;2;2;9;A01
201300000155;0;2;0;0;2;1;1;B02
201300000156;0;7;0;13;0;1;1;A01
201300000157;0;7;0;6;0;9;17;A01
201300000158;0;7;0;13;0;1;1;A01
201300000159;0;7;0;13;0;2;1;A01
201300000160;0;36;0;0;0;0;1;A01
201300000161;0;33;0;0;2;1;1;B02
201300000161;0;10;0;0;2;7;15;A01
201300000162;0;7;0;6;0;1;1;A01
201300000163;0;7;0;6;0;2;13;A01
201300000164;0;7;0;0;1;3;1;A01
201300000165;0;7;0;16;0;7;14;A01
201300000166;0;10;0;0;0;3;1;A01
201300000166;0;7;0;0;0;3;13;B02
201300000167;0;7;0;6;0;1;14;A01
201300000168;0;7;0;13;0;1;1;A01
201300000169;0;31;0;0;0;0;16;A01
201300000170;0;7;0;0;0;3;10;A01
201300000170;0;33;0;0;0;1;1;B02
201300000171;0;10;0;0;2;5;5;A01
201300000171;0;7;0;0;2;1;1;B02
201300000171;0;7;0;0;2;2;1;C03
201300000172;0;7;0;13;0;9;14;A01
201300000173;0;7;0;4;0;1;1;A01
201300000174;0;7;0;4;0;1;0;A01
201300000175;0;7;0;0;2;2;1;A01
201300000175;0;17;0;0;2;8;1;B02
201300000176;0;7;0;4;0;1;21;A01
201300000177;0;7;0;4;0;3;1;A01
201300000178;0;7;0;14;0;3;0;B02
201300000178;0;17;0;0;0;3;21;A01
201300000179;0;7;0;0;2;2;1;A01
201300000179;0;33;0;0;2;1;13;B02
201300000180;0;20;0;0;0;4;1;B02
201300000180;0;10;0;0;2;1;1;A01
201300000181;0;14;0;0;2;2;1;A01
201300000181;0;7;0;0;2;1;1;B02
201300000182;0;7;0;6;0;3;13;A01
201300000183;0;7;0;0;2;1;1;B02
201300000183;0;7;0;0;2;8;19;A01
201300000184;0;7;0;0;0;5;2;A01
201300000184;0;33;0;0;2;1;2;B02
201300000185;0;1;0;0;2;4;0;B02
201300000185;0;7;0;0;2;2;17;A01
201300000186;0;7;0;0;2;3;1;A01
201300000186;0;7;0;0;2;3;13;B02
201300000187;0;7;0;0;2;1;1;B02
201300000187;0;7;0;2;2;1;17;A01
201300000188;0;33;0;0;0;8;1;A01
201300000189;0;7;0;0;0;1;6;B02
201300000189;0;7;0;0;0;1;1;A01
201300000190;0;7;0;6;0;2;0;A01
201300000191;0;7;0;0;1;3;1;A01
201300000192;0;1;0;0;2;1;19;B02
201300000192;0;7;0;0;0;8;0;A01
201300000193;0;7;0;0;2;3;1;A01
201300000193;0;1;0;0;2;1;1;B02
201300000194;0;7;0;0;2;2;6;A01
201300000194;0;14;0;0;2;1;1;B02
201300000195;0;7;0;0;0;4;1;A01
201300000195;0;10;0;0;2;1;1;B02
201300000196;0;7;0;2;0;1;1;A01
201300000197;0;7;0;0;2;1;1;A01
201300000197;0;7;0;0;0;9;1;B02
201300000198;0;7;0;0;2;1;1;A01
201300000198;0;7;0;0;2;8;15;B02
201300000199;0;10;0;0;2;3;1;A01
201300000199;0;15;0;0;2;3;1;B02
201300000200;0;7;0;0;2;1;15;A01
201300000200;0;7;0;0;2;1;1;B02
201300000201;0;2;0;0;0;1;1;A01
201300000202;0;30;0;1;0;1;2;A01
201300000202;0;7;0;0;2;4;23;B02
201300000203;0;32;0;0;0;3;1;A01
201300000204;0;33;0;13;0;1;1;A01
201300000205;0;7;0;0;1;3;1;A01
201300000206;0;30;0;0;2;1;18;A01
201300000206;0;14;0;0;2;2;16;B02
201300000207;0;7;0;0;1;2;1;A01
201300000208;0;33;0;0;2;1;2;B02
201300000208;0;7;0;0;2;7;2;A01
201300000209;0;37;0;0;1;1;1;A01
201300000210;0;7;0;0;0;3;19;A01
201300000210;0;2;0;0;0;1;1;B02
201300000211;0;7;0;0;2;3;1;A01
201300000211;0;31;0;0;2;1;1;B02
201300000212;0;1;0;0;2;1;1;A01
201300000212;0;7;0;0;2;3;1;B02
201300000213;0;7;0;0;2;8;15;A01
201300000213;0;7;0;0;2;1;1;B02
201300000214;0;7;0;0;2;7;17;A01
201300000214;0;1;0;0;2;8;15;B02
201300000215;0;7;0;6;0;2;1;A01
201300000216;0;7;0;0;0;2;13;A01
201300000217;0;7;0;0;1;1;1;A01
201300000218;0;7;0;13;0;1;3;A01
201300000219;0;7;0;0;2;1;2;A01
201300000219;0;20;0;0;2;8;0;B02
201300000220;0;33;0;0;2;1;2;B02
201300000220;0;14;0;0;2;6;2;A01
201300000221;0;31;0;0;2;1;1;A01
201300000221;0;7;0;0;0;5;20;B02
201300000222;0;7;0;0;2;1;1;B02
201300000222;0;7;0;0;2;3;19;A01
201300000223;0;7;0;0;1;1;1;A01
201300000224;0;7;0;13;0;2;1;A01
201300000225;0;7;0;0;2;3;15;A01
201300000225;0;30;0;0;2;1;1;B02
201300000226;0;7;0;0;2;8;1;B02
201300000226;0;14;0;0;2;1;1;A01
201300000227;0;33;0;0;0;6;1;B02
201300000227;0;7;0;0;2;2;10;A01
201300000228;0;7;0;2;0;1;2;A01
201300000229;2;7;0;0;1;2;2;A01
201300000230;0;17;0;0;2;1;1;B02
201300000230;0;7;0;0;2;3;1;A01
201300000231;0;15;0;0;2;1;1;A01
201300000231;0;7;0;0;0;8;1;B02
201300000232;0;30;0;0;2;1;1;B02
201300000232;0;7;0;0;2;5;15;A01
201300000233;0;7;0;0;2;2;13;A01
201300000233;0;7;0;0;2;2;1;B02
201300000234;0;7;0;0;2;1;13;A01
201300000234;0;14;0;0;0;3;21;B02
201300000235;0;33;0;0;2;1;1;A01
201300000235;0;7;0;0;0;3;15;B02
201300000236;0;33;0;0;0;8;1;A01
201300000237;1;7;0;13;0;1;10;A01
201300000238;0;10;0;16;0;1;2;A01
201300000239;0;14;0;0;2;3;0;A01
201300000239;0;7;0;0;2;3;1;B02
201300000240;0;7;0;0;2;7;15;A01
201300000240;0;7;0;0;2;1;1;B02
201300000241;0;33;0;16;0;0;21;B02
201300000241;0;7;0;0;0;0;0;A01
201300000242;0;7;0;2;0;8;1;A01
201300000243;0;10;0;0;1;1;1;A01
201300000244;0;7;0;0;2;1;13;A01
201300000244;0;7;0;0;2;1;5;B02
201300000245;0;10;0;0;2;3;13;A01
201300000245;0;14;0;0;2;6;1;B02
201300000246;0;7;0;0;0;6;15;A01
201300000246;0;33;0;0;2;1;17;B02
201300000247;0;31;0;1;1;1;13;A01
201300000248;0;7;0;13;0;8;14;A01
201300000249;0;7;0;0;0;1;0;A01
201300000250;0;7;0;0;0;0;0;A01
201300000251;0;14;0;0;0;3;1;A01
201300000251;0;7;0;0;2;3;13;B02
201300000252;0;7;0;0;2;1;17;A01
201300000252;0;7;0;0;2;1;1;B02
201300000252;0;7;0;0;2;6;1;C03
201300000253;0;7;0;0;2;3;15;A01
201300000253;0;33;0;0;2;1;1;B02
201300000254;0;2;0;0;0;7;19;B02
201300000254;0;7;0;0;2;1;1;A01
201300000255;0;7;0;0;2;1;13;A01
201300000255;0;7;0;0;2;1;1;B02
201300000256;0;31;0;8;0;1;1;A01
201300000257;0;33;0;0;0;1;0;A01
201300000258;1;7;0;0;1;1;13;A01
201300000259;0;7;0;0;2;6;10;A01
201300000259;0;2;0;0;2;1;1;B02
201300000260;1;7;0;0;1;2;1;A01
201300000261;0;7;0;0;1;3;1;A01
201300000262;0;17;0;0;1;1;1;A01
201300000263;0;7;0;0;2;1;1;B02
201300000263;0;7;0;0;2;1;5;A01
201300000264;0;7;0;6;0;3;1;A01
201300000265;0;7;0;0;2;8;2;A01
201300000265;0;1;0;0;2;7;2;B02
201300000266;0;7;0;0;0;1;1;B02
201300000266;0;7;0;0;0;4;24;C03
201300000266;0;7;0;0;2;1;10;A01
201300000267;0;7;0;0;2;1;15;A01
201300000267;0;2;0;0;2;8;1;B02
201300000268;0;36;0;0;0;0;1;A01
201300000269;0;14;0;0;2;1;1;A01
201300000269;0;1;0;0;2;8;15;B02
201300000270;0;7;0;2;0;1;1;A01
201300000271;0;7;0;2;2;3;1;A01
201300000271;0;21;0;0;2;3;1;B02
201300000272;0;3;0;6;0;1;1;A01
201300000273;0;7;0;0;2;3;1;B02
201300000273;0;14;0;0;2;1;1;C03
201300000273;0;7;0;0;2;2;17;A01
201300000274;0;21;0;0;2;4;15;B02
201300000274;0;10;0;0;2;1;17;A01
201300000275;0;10;0;0;2;1;1;A01
201300000275;0;7;0;0;2;7;1;B02
201300000276;0;30;0;4;0;1;15;A01
201300000277;0;17;0;0;2;6;2;A01
201300000277;0;31;0;0;2;1;2;B02
201300000278;0;7;0;0;2;6;19;A01
201300000278;0;7;0;0;2;1;1;B02
201300000279;0;10;0;0;1;2;1;A01
201300000280;0;10;0;0;2;1;1;A01
201300000280;0;7;0;0;2;7;19;B02
201300000281;0;10;0;0;2;3;13;A01
201300000281;0;7;0;0;2;3;1;B02
201300000282;0;2;0;0;2;1;19;A01
201300000282;0;15;0;0;2;5;1;B02
201300000283;0;7;0;5;0;1;13;A01
201300000284;0;34;0;0;0;2;1;A01
201300000285;0;7;0;0;2;7;1;B02
201300000285;0;7;0;0;2;1;1;A01
201300000286;0;7;0;2;0;1;1;A01
201300000287;0;15;0;0;2;3;1;B02
201300000287;0;10;0;0;2;2;19;A01
201300000288;0;7;0;0;2;3;1;A01
201300000288;0;7;0;0;2;3;1;B02
201300000289;0;7;0;0;1;1;1;A01
201300000290;0;7;0;0;1;3;2;A01
201300000291;0;7;0;0;1;1;1;A01
201300000292;0;15;0;0;2;4;2;A01
201300000292;0;10;0;0;2;1;2;B02
201300000293;0;33;0;0;2;1;0;B02
201300000293;0;10;0;0;2;3;15;A01
201300000294;0;7;0;6;0;1;1;A01
201300000295;0;10;0;0;2;1;1;B02
201300000295;0;10;0;0;2;1;13;A01
201300000296;0;2;0;0;2;1;19;B02
201300000296;0;7;0;0;2;7;1;A01
201300000297;0;7;0;2;0;6;1;A01
201300000298;0;7;0;13;0;1;1;A01
201300000299;1;7;0;0;1;3;1;A01
201300000300;0;7;0;0;1;2;2;A01
201300000301;0;7;0;0;2;8;5;B02
201300000301;0;10;0;0;2;3;5;C03
201300000301;0;7;0;0;2;3;1;A01
201300000302;0;7;0;6;0;1;1;A01
201300000303;0;7;0;2;0;1;13;A01
201300000304;0;7;0;0;2;9;13;A01
201300000304;0;7;0;0;2;8;1;B02
201300000305;0;7;0;0;2;1;1;A01
201300000305;0;7;0;0;2;1;13;B02
201300000306;0;10;0;8;1;2;13;A01
201300000307;0;7;0;2;0;2;17;A01
201300000308;0;7;0;0;2;1;13;A01
201300000308;0;15;0;0;2;8;1;B02
201300000309;0;14;0;0;2;3;1;A01
201300000309;0;7;0;0;2;1;13;B02
201300000310;0;7;0;0;2;1;13;A01
201300000310;0;21;0;0;2;4;13;B02
201300000311;0;33;0;0;2;1;13;A01
201300000311;0;14;0;0;2;2;1;B02
201300000312;0;33;0;8;0;1;11;A01
201300000313;0;7;0;0;2;1;1;B02
201300000313;0;7;0;0;2;8;19;A01
201300000314;0;15;0;0;2;1;1;A01
201300000314;0;7;0;0;2;8;15;B02
201300000315;0;10;0;2;0;2;1;A01
201300000316;0;7;0;2;0;3;1;A01
201300000317;0;7;0;0;2;3;15;A01
201300000317;0;7;0;0;2;3;1;B02
201300000318;0;7;0;0;1;2;1;A01
201300000319;0;7;0;2;0;1;14;A01
201300000320;0;7;0;0;2;3;10;A01
201300000320;0;7;0;0;1;1;21;B02
201300000321;0;7;0;0;2;8;1;C03
201300000321;0;7;0;0;2;1;1;B02
201300000321;0;7;0;0;2;1;13;A01
201300000322;0;30;0;0;2;1;17;B02
201300000322;0;13;0;0;2;3;15;A01
201300000323;0;7;0;0;2;3;1;A01
201300000323;0;7;0;0;2;2;1;B02
201300000324;0;7;0;1;0;3;13;A01
201300000325;0;7;0;6;0;1;6;A01
201300000326;0;15;0;0;2;5;19;A01
201300000326;0;7;0;0;2;2;13;B02
201300000327;0;33;0;0;2;1;1;B02
201300000327;0;7;0;0;2;7;0;A01
201300000328;0;10;0;2;0;3;19;A01
201300000329;0;7;0;0;2;1;1;A01
201300000329;0;7;0;0;2;7;1;B02
201300000330;0;2;0;0;2;1;1;B02
201300000330;0;10;0;0;0;6;19;A01
201300000331;0;33;0;0;2;1;1;B02
201300000331;0;7;0;0;0;5;15;A01
201300000332;0;7;0;2;0;1;21;A01
201300000333;0;7;0;0;2;1;1;B02
201300000333;0;7;0;0;2;7;15;A01
201300000334;0;7;0;0;2;1;1;C03
201300000334;0;15;0;0;2;6;1;B02
201300000334;0;7;0;0;2;1;1;A01
201300000335;0;7;0;0;2;3;1;B02
201300000335;0;7;0;0;2;3;13;A01
201300000336;0;1;0;0;2;4;1;B02
201300000336;0;10;0;0;2;2;1;A01
201300000337;0;30;0;0;2;1;1;B02
201300000337;0;7;0;0;2;3;15;A01
201300000338;0;7;0;6;0;1;1;A01
201300000339;0;1;0;0;0;4;1;C03
201300000339;0;7;0;0;0;3;17;B02
201300000339;0;17;0;0;2;2;1;A01
201300000340;0;10;0;0;2;1;1;B02
201300000340;0;7;0;0;2;1;13;A01
201300000341;0;7;0;0;2;3;1;B02
201300000341;0;10;0;0;2;3;1;A01
201300000342;0;7;0;6;1;2;16;A01
201300000343;0;10;0;0;1;3;1;A01
201300000344;0;7;0;0;0;9;1;A01
201300000345;0;7;0;0;2;1;1;B02
201300000345;0;7;0;0;2;1;13;A01
201300000346;0;30;0;1;0;1;1;A01
201300000347;0;30;0;0;2;8;1;B02
201300000347;0;7;0;0;2;8;13;A01
201300000348;0;10;0;0;0;7;1;A01
201300000348;0;1;0;0;2;1;9;B02
201300000349;0;7;0;0;2;6;15;B02
201300000349;0;7;0;0;2;3;1;A01
201300000350;0;7;0;0;2;3;1;B02
201300000350;0;7;0;0;1;5;21;A01
201300000351;0;7;0;16;0;9;1;A01
201300000352;0;7;0;8;0;1;14;A01
201300000353;0;7;0;0;0;2;1;B01
201300000353;0;7;0;0;2;7;15;A02
201300000354;0;7;0;8;0;3;13;A01
201300000355;0;7;0;0;2;3;13;A01
201300000355;0;7;0;0;2;3;1;B02
201300000356;0;7;0;0;9;1;1;A01
201300000356;0;1;0;0;2;1;5;B02
201300000356;0;1;0;0;2;1;5;C03
201300000356;0;1;0;0;2;0;5;D04
201300000357;0;7;0;0;0;2;13;A01
201300000357;0;33;0;0;2;1;1;B02
201300000358;0;7;0;0;2;0;1;B01
201300000358;0;7;0;0;2;8;15;A02
201300000359;0;7;0;2;0;1;13;A01
201300000360;0;33;0;0;2;1;1;B02
201300000360;0;7;0;0;2;2;19;A01
201300000361;0;7;0;0;2;3;1;B01
201300000361;0;3;0;0;2;3;13;A02
201300000362;0;3;0;0;2;1;13;A01
201300000362;0;7;0;0;2;1;1;B02
201300000363;0;7;0;13;0;9;14;A01
201300000364;0;30;0;9;0;1;14;A01
201300000365;0;33;0;10;0;3;13;A01
201300000366;0;7;0;6;0;7;13;A01
201300000367;0;7;0;0;2;1;1;B02
201300000367;0;7;0;0;2;1;13;A01
201300000368;0;33;0;3;0;8;1;A01
201300000369;0;15;0;0;0;8;13;A01
201300000370;0;7;0;0;2;8;19;A01
201300000370;0;7;0;0;2;1;1;B02
201300000371;0;7;0;0;2;2;20;A01
201300000371;0;33;0;0;2;1;1;B02
201300000372;0;7;0;0;2;3;1;A01
201300000372;0;2;0;0;2;1;5;B02
201300000373;0;7;0;8;0;1;14;A01
201300000374;0;7;0;6;0;9;14;A01
201300000375;0;30;0;0;0;1;1;A01
201300000376;0;7;0;15;0;1;21;A01
201300000377;0;7;0;0;2;3;1;B02
201300000377;0;7;0;0;2;3;17;A01
201300000378;0;7;0;0;1;2;17;A01
201300000379;0;30;0;0;2;1;1;B02
201300000379;0;7;0;0;2;3;20;A01
201300000380;0;7;0;0;2;1;1;B01
201300000380;0;7;0;0;2;5;19;A02
201300000381;0;33;0;0;0;1;13;A01
201300000382;0;7;0;0;2;1;17;A01
201300000382;0;15;0;0;2;6;15;B02
201300000383;0;10;0;2;0;1;1;A01
201300000384;0;7;0;13;0;3;13;A01
201300000385;0;7;0;0;2;2;13;A01
201300000385;0;7;0;0;2;1;1;B02
201300000386;0;7;0;0;2;1;1;B02
201300000386;0;7;0;0;2;1;1;A01
201300000387;0;7;0;0;1;2;1;A01
201300000388;0;7;0;0;2;8;15;A01
201300000388;0;30;0;0;2;1;1;B02
201300000389;0;7;0;0;2;1;1;B02
201300000389;0;7;0;0;2;5;19;A01
201300000390;0;33;0;13;0;2;1;A01
201300000391;0;33;0;0;0;1;17;A01
201300000392;0;7;0;0;2;7;15;A01
201300000392;0;30;0;0;2;1;1;B02
201300000393;0;7;0;0;2;1;17;A01
201300000393;0;14;0;0;2;4;17;B02
201300000394;0;7;0;8;0;1;14;A01
201300000395;0;7;0;0;2;1;13;A01
201300000395;0;15;0;0;2;1;1;B02
201300000396;0;7;0;0;1;7;1;A01
201300000397;0;7;0;0;1;2;2;A01
201300000398;0;7;0;8;0;9;13;A01
201300000399;0;30;0;0;2;1;2;A01
201300000399;0;7;0;0;0;6;23;B02
201300000400;0;7;0;0;2;4;0;B02
201300000400;0;7;0;0;2;4;2;A01
201300000400;0;15;0;0;2;1;2;D04