num_acc;senc;catv;occutc;obs;obsm;choc;manv;num_veh
201300000400;0;7;0;0;2;4;0;C03
201300000401;0;7;0;0;2;1;19;A01
201300000401;0;7;0;0;2;1;0;B02
201300000402;0;7;0;5;0;1;1;A01
201300000403;0;33;0;0;6;0;13;A01
201300000404;0;7;0;0;2;3;13;A01
201300000404;0;15;0;0;2;3;1;B02
201300000405;0;33;0;0;2;1;21;B02
201300000405;0;17;0;0;2;3;19;A01
201300000406;0;7;0;13;0;9;1;A01
201300000407;0;7;0;0;2;4;15;A01
201300000407;0;15;0;0;2;1;1;C03
201300000407;0;7;0;0;2;1;1;B02
201300000408;0;7;0;6;0;1;1;A01
201300000409;0;7;0;6;0;1;1;A01
201300000410;0;7;0;0;2;1;1;B02
201300000410;0;7;0;0;2;1;18;A01
201300000411;0;14;0;0;2;1;1;B02
201300000411;0;7;0;0;2;8;15;A01
201300000412;0;14;0;0;2;3;1;C03
201300000412;0;7;0;0;2;3;13;A01
201300000412;0;14;0;0;2;3;1;B02
201300000413;0;7;0;0;2;3;1;A01
201300000413;0;7;0;0;2;2;1;B02
201300000414;0;1;0;0;0;6;1;B02
201300000414;0;14;0;0;2;2;1;A01
201300000415;0;7;0;0;2;1;23;B02
201300000415;0;7;0;0;2;8;19;C03
201300000415;0;7;0;0;2;1;1;A01
201300000416;0;7;0;13;0;2;1;A01
201300000417;0;10;0;13;0;1;1;A01
201300000418;0;7;0;0;2;4;15;C03
201300000418;0;7;0;0;2;4;2;B02
201300000418;0;7;0;0;2;1;2;A01
201300000419;0;7;0;0;2;1;5;A01
201300000419;0;7;0;0;2;1;1;B02
201300000420;0;7;0;0;2;2;2;A01
201300000420;0;7;0;0;2;3;16;B02
201300000421;0;7;0;0;2;2;0;B02
201300000421;0;7;0;0;2;3;9;A01
201300000422;0;7;0;2;0;7;13;A01
201300000423;0;7;0;0;2;1;1;B02
201300000423;0;2;0;0;2;8;19;A01
201300000424;0;7;0;0;1;1;1;A01
201300000425;0;7;0;16;0;0;1;A01
201300000426;0;7;0;0;2;3;13;A01
201300000426;0;7;0;0;2;3;1;B02
201300000427;0;7;0;0;2;6;1;B02
201300000427;0;7;0;0;2;3;21;A01
201300000428;0;7;0;0;0;8;1;B02
201300000428;0;7;0;0;2;1;1;A01
201300000429;0;7;0;0;2;5;19;A01
201300000429;0;7;0;0;2;1;1;B02
201300000430;0;7;0;0;2;2;1;A01
201300000430;0;30;0;0;2;1;19;B02
201300000431;0;2;0;0;2;4;1;B02
201300000431;0;7;0;0;2;2;17;A01
201300000432;0;7;0;0;0;8;1;B02
201300000432;0;30;0;0;2;8;13;A01
201300000433;0;7;0;0;2;3;0;A01
201300000433;0;7;0;0;2;3;0;B02
201300000433;0;7;0;0;9;8;0;C03
201300000434;0;7;0;0;0;1;1;A01
201300000435;0;7;0;0;2;1;1;B02
201300000435;0;7;0;0;2;1;13;A01
201300000436;0;7;0;0;2;1;1;B02
201300000436;0;7;0;0;0;8;19;A01
201300000437;0;1;0;0;2;7;13;A01
201300000437;0;7;0;0;2;1;1;B02
201300000438;0;14;0;5;0;0;1;A01
201300000439;0;33;0;0;1;1;17;A01
201300000440;0;7;0;0;1;7;1;A01
201300000441;0;7;0;0;2;1;1;B02
201300000441;0;7;0;0;2;8;13;A01
201300000442;0;10;0;0;2;3;13;A01
201300000442;0;7;0;0;2;3;1;B02
201300000443;0;7;0;0;2;2;1;B02
201300000443;0;32;0;0;2;1;16;A01
201300000444;0;2;0;0;2;3;1;B02
201300000444;0;30;0;0;2;3;13;A01
201300000445;0;7;0;0;1;3;21;A01
201300000446;0;21;0;6;0;1;1;A01
201300000447;0;37;1;0;2;1;1;B02
201300000447;0;1;0;0;2;1;19;A01
201300000448;0;7;0;0;2;3;15;A01
201300000448;0;7;0;0;2;1;1;B02
201300000448;0;7;0;0;2;8;1;C03
201300000449;0;7;0;0;2;1;1;A01
201300000449;0;7;0;0;2;3;19;B02
201300000450;0;31;0;1;0;1;1;A01
201300000451;0;7;0;0;2;3;1;B02
201300000451;0;33;0;0;2;1;17;A01
201300000452;0;7;0;0;2;1;1;B02
201300000452;0;1;0;0;2;4;1;A01
201300000453;0;7;0;0;1;3;1;A01
201300000454;0;7;0;0;2;1;13;A01
201300000454;0;14;0;0;2;1;1;B02
201300000455;0;7;0;0;1;1;1;A01
201300000456;0;7;0;0;1;3;1;A01
201300000457;0;7;0;16;0;4;1;A01
201300000458;0;7;0;4;0;3;13;A01
201300000459;0;33;0;9;0;1;1;A01
201300000460;0;7;0;0;1;2;19;A01
201300000461;0;7;0;0;2;3;15;A01
201300000461;0;33;0;0;2;7;16;B02
201300000462;0;10;0;0;9;1;2;A01
201300000462;0;1;0;0;2;4;1;B02
201300000463;0;36;0;13;0;9;13;A01
201300000464;0;31;0;0;2;8;1;A01
201300000464;0;7;0;0;2;8;15;B02
201300000465;0;2;0;1;0;2;14;A01
201300000466;0;7;0;0;1;3;1;A01
201300000467;0;7;0;0;2;1;15;A01
201300000467;0;7;0;0;2;1;1;B02
201300000468;0;7;0;0;9;2;1;A01
201300000468;0;30;0;0;2;1;13;B02
201300000469;0;7;0;6;0;2;14;A01
201300000470;0;7;0;0;2;1;1;A01
201300000470;0;7;0;0;2;3;23;B02
201300000470;0;7;0;0;2;3;1;C03
201300000470;0;7;0;0;2;2;1;D04
201300000470;0;7;0;0;2;1;1;E05
201300000470;0;7;0;0;2;4;2;F06
201300000470;0;7;0;0;2;3;1;G07
201300000470;0;7;0;0;2;4;2;H08
201300000471;0;30;0;0;2;1;1;A01
201300000471;0;7;0;0;9;7;15;B02
201300000472;0;7;0;0;2;8;1;A01
201300000472;0;33;0;0;2;3;1;B02
201300000473;0;7;0;0;2;2;21;B02
201300000473;0;7;0;3;2;1;5;A01
201300000474;0;7;0;8;0;1;1;A01
201300000475;1;1;0;0;2;3;1;A01
201300000476;0;7;0;0;9;2;13;A01
201300000476;0;1;0;0;2;1;1;B02
201300000477;0;7;0;6;0;9;1;A01
201300000478;0;33;0;7;0;1;1;A01
201300000479;0;7;0;0;0;4;2;B02
201300000479;0;7;0;0;2;1;2;A01
201300000480;0;7;0;2;0;1;13;A01
201300000481;0;7;0;4;0;8;1;A01
201300000482;0;7;0;4;0;1;1;A01
201300000483;0;7;0;6;0;1;2;A01
201300000484;0;7;0;0;2;3;15;B02
201300000484;0;33;0;0;2;2;17;A01
201300000485;0;7;0;0;0;8;19;A01
201300000485;0;7;0;0;2;1;1;B02
201300000486;0;7;0;0;2;3;1;A01
201300000486;0;2;0;0;2;1;17;B02
201300000487;0;7;0;0;1;2;1;A01
201300000488;0;7;0;16;0;3;13;A01
201300000489;0;7;0;0;2;3;13;A01
201300000489;0;14;0;0;2;3;1;B02
201300000490;0;7;0;0;1;2;1;A01
201300000491;0;10;0;1;0;1;1;A01
201300000491;0;7;0;16;0;4;24;B02
201300000492;0;7;0;0;1;1;1;A01
201300000493;0;7;0;2;0;1;1;A01
201300000494;0;7;0;0;2;3;13;B02
201300000494;0;7;0;0;2;2;1;A01
201300000495;0;7;0;0;0;2;13;A01
201300000495;0;7;0;0;2;2;1;B02
201300000496;0;7;0;0;2;1;1;B02
201300000496;0;7;0;0;2;1;1;A01
201300000497;0;7;0;1;0;2;1;A01
201300000498;0;33;0;8;2;8;2;A01
201300000498;0;7;0;0;2;7;1;B02
201300000499;0;7;0;0;2;3;15;A01
201300000499;0;33;0;0;2;1;1;B02
201300000500;0;10;0;0;2;1;2;A01
201300000500;0;7;0;0;2;4;23;B02
201300000500;0;15;0;0;2;4;23;C03
201300000501;0;7;0;6;0;1;1;A01
201300000502;0;1;0;0;2;8;1;B02
201300000502;0;21;0;0;2;8;21;A01
201300000503;0;7;0;0;1;1;21;A01
201300000504;0;30;0;0;2;8;19;B02
201300000504;0;15;0;0;2;2;1;A01
201300000505;0;7;0;0;2;3;1;B02
201300000505;0;7;0;0;2;3;13;A01
201300000505;0;7;0;0;2;8;1;C03
201300000506;0;7;0;0;2;1;1;B02
201300000506;0;7;0;0;2;1;13;A01
201300000506;0;7;0;0;2;1;1;C03
201300000507;0;7;0;0;2;1;1;B02
201300000507;0;7;0;0;2;7;13;A01
201300000508;0;33;0;0;2;1;17;A01
201300000508;0;7;0;0;2;1;15;B02
201300000509;0;7;0;0;2;3;1;A01
201300000509;0;30;0;0;2;1;1;B02
201300000510;0;7;0;0;2;3;15;A01
201300000510;0;7;0;0;2;1;1;B02
201300000510;0;15;0;0;2;1;1;C03
201300000511;0;33;0;2;2;3;1;A01
201300000511;0;7;0;0;2;3;1;B02
201300000512;0;7;0;0;2;3;13;A01
201300000512;0;7;0;0;2;3;1;B02
201300000513;0;7;0;0;0;1;1;A01
201300000514;0;7;0;0;2;1;1;A01
201300000514;0;7;0;0;2;4;1;B02
201300000515;0;10;0;0;2;7;2;C03
201300000515;0;30;0;0;2;7;2;B02
201300000515;0;2;0;0;2;8;0;A01
201300000516;0;7;0;0;1;2;1;A01
201300000517;0;7;0;16;9;0;1;A01
201300000518;0;1;0;0;2;1;1;B02
201300000518;0;7;0;0;2;1;15;A01
201300000519;0;7;0;0;2;1;2;B02
201300000519;0;7;0;0;2;4;1;A01
201300000520;0;7;0;0;1;3;1;A01
201300000521;0;7;0;0;1;2;1;A01
201300000522;0;7;0;0;2;4;23;A01
201300000522;0;7;0;0;2;4;2;B02
201300000523;0;7;0;6;0;3;2;A01
201300000524;0;7;0;0;2;3;1;B02
201300000524;0;7;0;0;2;3;13;A01
201300000525;0;13;0;0;2;3;1;B02
201300000525;0;7;0;0;2;3;3;A01
201300000526;0;7;0;0;2;5;5;A01
201300000526;0;7;0;0;2;3;1;B02
201300000527;0;7;0;0;2;2;2;A01
201300000527;0;30;0;0;2;4;1;B02
201300000528;0;33;0;0;2;7;21;A01
201300000528;0;7;0;0;0;8;15;B02
201300000529;0;7;0;0;2;1;1;B02
201300000529;0;7;0;0;2;1;5;A01
201300000530;0;7;0;0;2;1;1;B02
201300000530;0;7;0;0;2;1;17;A01
201300000531;0;33;0;0;2;1;1;B02
201300000531;0;7;0;0;0;3;15;A01
201300000532;0;31;0;8;0;1;1;A01
201300000533;0;31;0;12;0;1;1;A01
201300000534;0;7;0;0;0;1;1;A01
201300000534;0;7;0;0;0;1;1;B02
201300000535;0;33;0;0;2;1;17;A01
201300000535;0;7;0;0;2;7;15;B02
201300000536;0;17;0;0;9;2;17;A01
201300000537;0;7;0;0;2;1;1;B02
201300000537;0;7;0;0;2;1;1;A01
201300000538;0;7;0;0;1;2;1;A01
201300000539;0;30;0;0;2;1;1;B02
201300000539;0;7;0;0;2;2;19;A01
201300000540;0;7;0;0;2;1;2;A01
201300000540;0;7;0;0;2;4;2;B02
201300000541;0;2;0;0;2;7;9;B02
201300000541;0;7;0;0;2;3;9;A01
201300000542;1;7;0;0;1;0;0;A01
201300000543;0;33;0;0;2;1;18;A01
201300000543;0;7;0;0;0;5;16;B02
201300000544;0;7;0;0;2;3;1;B02
201300000544;0;3;0;0;2;2;5;A01
201300000545;0;7;0;0;2;1;13;A01
201300000545;0;7;0;0;2;3;21;B02
201300000546;0;7;0;0;2;1;1;B02
201300000546;0;7;0;0;2;3;15;A01
201300000547;0;7;0;0;1;2;1;A01
201300000548;0;7;0;6;0;1;1;A01
201300000549;0;7;0;0;2;3;16;A01
201300000549;0;7;0;0;2;3;23;B02
201300000550;0;33;0;0;0;0;1;A01
201300000551;0;7;0;13;0;1;1;A01
201300000552;0;15;0;0;2;1;2;A01
201300000552;0;7;0;0;0;4;1;B02
201300000553;0;33;0;1;0;1;1;A01
201300000553;0;10;0;0;2;4;23;B02
201300000554;0;7;0;0;2;2;17;B02
201300000554;0;3;0;4;2;4;13;A01
201300000555;0;7;0;0;0;6;15;B02
201300000555;0;17;0;0;2;2;17;A01
201300000556;0;7;0;0;2;1;19;A01
201300000556;0;7;0;6;2;8;1;B02
201300000557;0;7;0;2;0;8;1;A01
201300000558;0;33;0;0;2;8;1;B02
201300000558;0;7;0;0;2;1;15;A01
201300000559;0;7;0;0;0;0;15;A01
201300000560;0;7;0;0;2;7;21;C03
201300000560;0;7;0;0;2;1;13;A01
201300000560;0;7;0;0;2;3;1;B02
201300000561;0;7;0;0;1;2;1;A01
201300000562;0;7;0;0;2;7;19;A01
201300000562;0;7;0;0;2;3;1;B02
201300000563;0;7;0;0;2;3;1;A01
201300000563;0;7;0;0;2;1;1;C03
201300000563;0;7;0;0;2;1;5;B02
201300000564;0;7;0;0;6;2;0;A01
201300000564;0;7;0;0;6;3;0;B02
201300000565;0;14;0;0;2;1;1;A01
201300000565;0;7;0;0;0;9;1;B02
201300000565;0;14;0;0;2;1;1;C03
201300000565;0;14;0;0;0;4;1;D04
201300000566;0;7;0;0;2;1;1;B02
201300000566;0;7;0;0;2;1;5;A01
201300000567;0;7;0;0;2;1;1;A01
201300000567;0;7;0;0;2;5;1;B02
201300000568;0;7;0;0;2;6;19;A01
201300000568;0;7;0;0;2;3;1;B02
201300000569;0;15;0;0;0;5;2;B02
201300000569;0;10;0;0;2;3;2;A01
201300000570;0;7;0;0;1;3;1;A01
201300000571;0;7;0;0;0;8;16;B02
201300000571;0;1;0;0;0;7;1;A01
201300000572;0;7;0;11;0;2;1;A01
201300000573;0;7;0;0;2;3;11;A01
201300000573;0;33;0;0;2;1;17;B02
201300000574;0;30;0;0;0;8;1;A01
201300000575;0;33;0;0;2;7;17;A01
201300000575;0;7;0;0;2;8;1;B02
201300000576;0;7;0;0;2;1;1;A01
201300000576;0;2;0;0;2;8;1;B02
201300000577;0;2;0;0;2;4;1;A01
201300000577;0;7;0;0;2;3;15;B02
201300000578;0;7;0;0;1;1;1;A01
201300000579;0;7;0;0;2;6;2;C03
201300000579;0;7;0;0;2;1;1;B02
201300000579;0;7;0;0;2;1;3;A01
201300000580;0;7;0;0;0;3;1;B02
201300000580;2;10;0;0;0;3;5;A01
201300000581;0;7;0;8;0;3;17;A01
201300000582;0;30;0;0;1;3;13;A01
201300000583;0;7;0;0;2;3;15;A01
201300000583;0;7;0;10;1;3;1;B02
201300000584;0;33;0;3;0;8;0;A01
201300000585;0;3;0;0;2;2;1;B02
201300000585;0;7;0;0;2;1;1;A01
201300000586;0;32;0;8;0;7;1;A01
201300000587;0;7;0;0;2;4;2;A01
201300000587;0;10;0;0;2;1;1;B02
201300000588;0;7;0;8;0;1;1;A01
201300000589;0;7;0;0;2;1;13;A01
201300000589;0;7;0;0;2;1;1;B02
201300000590;0;7;0;0;0;0;2;A01
201300000591;0;10;0;0;1;2;17;A01
201300000592;0;7;0;0;2;3;10;A01
201300000592;0;33;0;0;2;1;17;B02
201300000593;0;7;0;0;2;1;1;B02
201300000593;0;7;0;0;2;8;13;A01
201300000594;0;7;0;0;2;3;15;B02
201300000594;0;33;0;0;2;2;17;A01
201300000595;0;30;0;6;0;1;16;A01
201300000596;0;7;0;0;2;3;1;B02
201300000596;0;7;0;0;2;3;13;A01
201300000597;0;10;0;0;2;1;17;A01
201300000597;0;7;0;0;2;1;1;B02
201300000598;0;10;0;0;1;8;1;A01
201300000599;0;33;0;8;0;1;1;A01
201300000600;0;10;0;16;0;8;1;A01
201300000601;0;15;0;0;1;3;1;A01
201300000602;0;7;0;0;2;1;1;A01
201300000602;0;33;0;0;2;6;1;B02
201300000603;0;7;0;0;2;3;9;A01
201300000603;0;7;0;0;2;2;9;B02
201300000604;0;7;0;0;0;4;15;A01
201300000604;0;2;0;0;2;1;1;B02
201300000605;0;7;0;6;0;1;14;A01
201300000606;0;33;0;0;2;1;1;A01
201300000606;0;7;0;0;2;5;19;B02
201300000607;0;7;0;0;2;1;13;A01
201300000607;0;7;0;0;2;1;1;B02
201300000608;0;7;0;0;2;3;1;A01
201300000608;0;7;0;0;2;3;1;B02
201300000609;0;7;0;8;0;1;13;A01
201300000610;0;7;0;0;2;1;1;A01
201300000610;0;7;0;0;2;8;1;B02
201300000611;0;33;0;0;2;1;1;B02
201300000611;0;7;0;0;2;7;15;A01
201300000612;0;7;0;0;1;6;4;A01
201300000613;0;33;0;0;2;8;1;B02
201300000613;0;7;0;0;2;8;15;A01
201300000614;0;7;0;0;1;3;1;A01
201300000615;0;7;0;0;1;3;15;A01
201300000616;0;7;0;13;0;1;1;A01
201300000617;0;7;0;0;0;1;17;A01
201300000617;0;7;0;0;0;8;15;B02
201300000618;0;7;0;0;2;2;9;A01
201300000618;0;30;0;0;2;8;2;B02
201300000619;0;10;0;0;2;1;1;A01
201300000619;0;7;0;0;2;8;1;B02
201300000620;0;7;0;0;2;1;1;B02
201300000620;0;30;0;0;2;1;13;A01
201300000621;0;7;0;0;1;1;2;A01
201300000622;0;7;0;0;2;1;13;A01
201300000622;0;17;0;0;2;1;1;B02
201300000623;0;10;0;0;0;1;1;A01
201300000624;0;7;0;15;0;9;1;A01
201300000625;0;7;0;0;2;3;1;A01
201300000625;0;7;0;0;2;1;1;B02
201300000626;0;10;0;0;0;0;15;A01
201300000626;0;7;0;0;2;7;13;B02
201300000626;0;10;0;0;2;1;1;C03
201300000627;0;33;0;7;0;2;1;A01
201300000628;0;1;0;0;0;4;2;C03
201300000628;0;7;0;0;2;1;2;A01
201300000628;0;1;0;0;0;4;2;B02
201300000629;0;7;0;0;2;2;15;A01
201300000629;0;33;0;0;2;1;1;B02
201300000630;0;7;0;0;1;4;4;A01
201300000631;0;1;0;0;2;3;13;A01
201300000631;0;7;0;0;2;8;1;B02
201300000632;0;7;0;0;2;3;9;A01
201300000632;0;1;0;0;2;1;1;B02
201300000633;0;7;0;0;2;3;1;A01
201300000633;0;7;0;0;2;3;15;B02
201300000634;0;7;0;2;0;2;1;A01
201300000635;0;7;0;13;0;2;1;A01
201300000636;0;2;0;0;2;8;1;B02
201300000636;0;7;0;0;2;3;15;A01
201300000637;0;7;0;0;2;2;1;A01
201300000637;0;7;0;0;2;3;1;B02
201300000638;0;7;0;0;0;2;1;A01
201300000639;0;7;0;16;0;9;1;A01
201300000640;0;31;0;9;0;2;1;A01
201300000641;0;7;0;0;2;1;1;A01
201300000641;0;10;0;0;2;1;13;B02
201300000642;0;7;0;0;2;2;13;A01
201300000642;0;7;0;0;2;3;0;B02
201300000643;0;10;0;0;1;2;2;A01
201300000644;0;7;0;0;0;3;1;B02
201300000644;0;7;0;0;0;3;1;A01
201300000645;0;14;0;0;0;1;1;A01
201300000646;1;10;0;0;1;3;3;A01
201300000647;0;21;0;0;2;7;1;C03
201300000647;0;33;0;0;2;1;2;B02
201300000647;0;33;0;0;2;1;2;A01
201300000648;0;7;0;0;2;8;1;B02
201300000648;0;7;0;0;2;1;1;A01
201300000649;0;2;0;0;1;1;1;A01
201300000650;0;7;0;0;2;3;15;A01
201300000650;0;33;0;0;2;1;1;B02
201300000651;0;7;0;0;2;3;1;B02
201300000651;0;10;0;0;2;1;19;A01
201300000652;0;7;0;0;2;1;1;B02
201300000652;0;1;0;0;2;8;19;A01
201300000653;0;7;0;0;2;1;1;A01
201300000653;0;15;0;0;2;1;1;B02
201300000654;0;7;0;13;0;1;1;A01
201300000655;0;7;0;0;2;3;1;A01
201300000655;0;7;0;0;2;3;1;B02
201300000656;0;7;0;0;1;3;1;A01
201300000657;0;7;0;5;0;1;1;B02
201300000657;0;7;0;5;0;7;13;A01
201300000658;0;7;0;0;2;1;13;A01
201300000658;0;7;0;0;2;1;1;B02
201300000659;0;7;0;0;1;2;1;A01
201300000660;0;7;0;1;1;1;14;A01
201300000661;0;7;0;13;0;1;1;A01
201300000662;0;7;0;0;2;3;1;A01
201300000662;0;7;0;0;2;3;13;B02
201300000663;0;33;0;0;2;1;1;B02
201300000663;0;7;0;0;0;3;15;A01
201300000664;0;14;0;0;2;5;15;A01
201300000664;0;33;0;0;0;1;6;B02
201300000665;0;7;0;0;2;1;1;B02
201300000665;0;7;0;0;2;1;13;A01
201300000666;0;7;0;0;2;5;15;A01
201300000666;0;33;0;0;2;1;1;B02
201300000667;0;7;0;0;0;6;19;A01
201300000667;0;2;0;0;2;1;1;B02
201300000668;0;7;0;2;0;1;1;A01
201300000669;0;7;0;0;1;7;21;A01
201300000670;0;33;0;3;0;1;17;A01
201300000671;0;7;0;0;0;5;1;A01
201300000671;0;33;0;0;0;1;15;B02
201300000672;0;7;0;0;1;1;1;A01
201300000673;0;7;0;0;1;7;1;A01
201300000674;0;33;0;0;2;8;17;A01
201300000674;0;21;0;0;2;3;1;B02
201300000675;0;1;0;0;2;1;0;B02
201300000675;0;99;0;0;2;3;1;A01
201300000676;0;7;0;0;2;8;1;B02
201300000676;0;7;0;0;2;1;13;A01
201300000677;0;17;0;6;0;0;1;A01
201300000678;0;7;0;0;2;1;15;A01
201300000678;0;30;0;0;2;1;1;B02
201300000679;0;1;0;0;2;7;2;B02
201300000679;0;7;0;0;2;2;2;A01
201300000680;0;30;0;1;0;1;0;A01
201300000681;0;7;0;0;2;3;1;A01
201300000681;0;7;0;0;0;1;19;B02
201300000682;0;7;0;0;2;3;15;B02
201300000682;0;10;0;0;2;1;1;A01
201300000683;0;7;0;0;2;1;1;B02
201300000683;0;7;0;0;2;8;19;A01
201300000684;0;7;0;0;2;1;13;A01
201300000684;0;7;0;0;2;1;21;B02
201300000685;0;7;0;2;0;1;0;A01
201300000686;0;7;0;0;2;3;13;A01
201300000686;0;1;0;0;2;8;1;B02
201300000687;0;10;0;13;0;8;1;A01
201300000688;0;7;0;0;2;3;1;A01
201300000688;0;7;0;0;2;7;1;B02
201300000689;0;14;0;0;2;3;1;B02
201300000689;0;7;0;0;2;3;13;A01
201300000690;0;7;0;0;2;8;16;A01
201300000690;0;7;0;0;2;1;1;C03
201300000690;0;7;0;0;2;1;1;B02
201300000691;0;33;0;0;2;1;19;B02
201300000691;0;7;0;0;2;3;19;A01
201300000692;0;7;0;13;0;9;1;A01
201300000693;0;31;0;0;0;7;1;A01
201300000694;0;33;0;0;0;8;21;A01
201300000695;0;31;0;0;2;7;1;A01
201300000695;0;7;0;0;2;1;15;B02
201300000696;0;2;0;0;0;0;0;A01
201300000697;0;7;0;0;2;2;1;B02
201300000697;0;3;0;0;2;2;15;A01
201300000698;0;7;0;0;0;5;1;A01
201300000698;0;7;0;0;2;2;1;B02
201300000699;0;14;0;0;0;3;3;A01
201300000699;0;14;0;0;2;1;1;B02
201300000700;0;7;0;0;2;3;15;B02
201300000700;0;33;0;0;2;3;1;A01
201300000701;0;30;0;0;1;1;13;A01
201300000702;0;7;0;0;1;3;1;A01
201300000703;0;7;0;0;2;6;2;A01
201300000703;0;33;0;0;2;1;2;B02
201300000704;0;7;0;0;2;1;1;B02
201300000704;0;7;0;0;2;1;1;A01
201300000705;0;7;0;2;0;9;1;A01
201300000706;0;7;0;2;0;9;15;A01
201300000707;0;7;0;0;2;7;1;A01
201300000707;0;10;0;0;2;1;1;B02
201300000708;0;7;0;0;2;3;15;B02
201300000708;0;33;0;0;2;1;17;A01
201300000709;0;10;0;6;0;3;13;A01
201300000710;0;7;0;0;2;3;1;B02
201300000710;0;7;0;0;2;2;19;A01
201300000711;0;7;0;8;0;3;1;A01
201300000712;0;7;0;0;2;1;1;C03
201300000712;0;7;0;0;2;3;1;B02
201300000712;0;7;0;0;2;1;1;A01
201300000713;0;7;0;0;2;8;1;A01
201300000713;0;7;0;0;2;1;19;B02
201300000714;0;7;0;0;0;8;10;A01
201300000714;0;33;0;0;2;2;1;B02
201300000715;0;7;0;0;2;7;19;A01
201300000715;0;7;0;0;2;1;1;B02
201300000716;0;7;0;0;1;3;1;A01
201300000717;0;1;0;0;0;6;1;A01
201300000717;0;7;0;0;0;2;15;B02
201300000718;0;7;0;0;2;3;9;A01
201300000718;0;7;0;0;2;1;9;B02
201300000719;0;33;0;0;2;1;17;A01
201300000719;0;7;0;0;0;6;15;B02
201300000720;0;7;0;16;0;1;1;A01
201300000721;0;30;0;0;2;4;2;B02
201300000721;0;7;0;0;2;2;2;A01
201300000722;0;7;0;0;2;2;13;A01
201300000722;0;7;0;0;2;1;1;B02
201300000723;0;33;0;0;0;8;0;A01
201300000724;0;7;0;0;2;1;1;B02
201300000724;0;7;0;0;2;8;19;A01
201300000725;0;7;0;0;2;1;1;A01
201300000725;0;7;0;0;0;3;19;B02
201300000726;0;7;0;0;0;9;14;A01
201300000727;0;7;0;13;0;1;14;A01
201300000728;0;7;0;0;2;5;15;A01
201300000728;0;33;0;0;2;1;1;B02
201300000729;0;7;0;2;0;1;1;A01
201300000730;0;7;0;0;2;7;0;A01
201300000730;0;10;0;0;2;1;0;B02
201300000731;0;7;0;0;2;1;1;B02
201300000731;0;7;0;0;2;1;13;A01
201300000732;0;33;0;8;0;4;1;A01
201300000733;0;10;0;0;2;2;17;A01
201300000733;0;30;0;0;0;4;13;B02
201300000734;0;33;0;8;0;1;1;A01
201300000735;0;7;0;0;2;3;19;A01
201300000735;0;7;0;0;2;1;1;B02
201300000736;0;7;0;8;0;1;0;A01
201300000737;0;7;0;0;2;3;13;A01
201300000737;0;7;0;0;2;3;1;B02
201300000738;0;7;0;6;0;1;16;A01
201300000739;0;10;0;0;2;3;1;A01
201300000739;0;7;0;8;2;2;19;B02
201300000740;0;7;0;0;2;2;1;A01
201300000740;0;7;0;0;2;2;13;B02
201300000741;0;7;0;0;2;3;1;B02
201300000741;0;7;0;0;2;3;13;A01
201300000742;0;7;0;2;0;1;1;A01
201300000743;0;2;0;0;2;1;1;A01
201300000743;0;7;0;0;0;3;9;B02
201300000744;0;33;0;13;0;8;1;A01
201300000745;0;7;0;8;0;3;1;A01
201300000746;0;7;0;0;2;1;11;A01
201300000746;0;7;0;0;2;1;1;B02
201300000747;0;7;0;0;2;7;13;A01
201300000747;0;10;0;0;2;1;1;B02
201300000748;0;33;0;7;0;1;1;A01
201300000749;0;2;0;0;2;7;1;A01
201300000750;0;7;0;2;0;1;1;A01
201300000751;0;7;0;0;2;1;17;A01
201300000751;0;7;0;0;2;8;15;B02
201300000752;0;7;0;6;0;1;1;A01
201300000753;0;7;0;0;2;3;17;A01
201300000753;0;10;0;0;2;2;1;B02
201300000754;0;7;0;2;0;1;0;A01
201300000755;0;7;0;8;0;1;0;A01
201300000756;0;7;0;8;2;8;1;B02
201300000756;0;7;0;0;2;1;1;A01
201300000757;0;10;0;0;2;1;13;A01
201300000757;0;10;0;0;2;1;1;B02
201300000758;0;7;0;0;0;1;2;A01
201300000759;0;7;0;13;0;3;1;A01
201300000760;1;10;0;0;1;7;2;A01
201300000761;0;33;0;0;2;2;17;A01
201300000761;0;7;0;0;2;6;17;B02
201300000762;0;7;0;0;2;1;1;A01
201300000762;0;7;0;0;2;8;19;B02
201300000763;0;7;0;2;0;3;1;A01
201300000764;0;33;0;16;0;1;17;A01
201300000765;0;31;0;0;2;3;1;A01
201300000765;0;7;0;0;2;3;1;B02
201300000766;0;7;0;0;2;3;1;A01
201300000766;0;15;0;0;2;2;1;B02
201300000767;0;7;0;8;0;7;1;A01
201300000768;0;7;0;0;2;2;1;A01
201300000768;0;1;0;0;2;1;1;B02
201300000769;0;7;0;13;0;9;2;A01
201300000770;0;99;0;15;0;6;1;A01
201300000771;0;14;0;0;0;3;1;B02
201300000771;0;7;0;0;0;3;1;A01
201300000772;0;7;0;2;0;1;1;A01
201300000773;0;7;0;0;2;1;1;B02
201300000773;0;7;0;0;2;1;19;A01
201300000774;0;7;0;0;2;1;5;A01
201300000774;0;7;0;0;2;1;1;B02
201300000775;0;7;0;0;0;6;9;B02
201300000775;0;7;0;0;2;2;21;A01
201300000776;0;2;0;0;2;2;2;A01
201300000776;0;7;0;0;2;6;2;B02
201300000777;0;7;0;0;2;1;1;A01
201300000777;0;10;0;0;0;4;15;B02
201300000778;0;7;0;13;0;1;1;A01
201300000779;0;7;0;0;9;2;17;A01