num_acc;senc;catv;occutc;obs;obsm;choc;manv;num_veh
201300000779;0;1;0;0;0;6;1;B02
201300000780;0;33;0;0;0;5;13;A01
201300000780;0;33;0;0;2;1;1;B02
201300000781;0;7;0;0;1;1;1;A01
201300000782;0;7;0;0;0;1;1;A01
201300000783;0;7;0;0;2;3;15;A01
201300000783;0;99;0;0;2;8;1;B02
201300000784;0;7;0;0;0;9;1;A01
201300000785;0;7;0;0;1;2;1;A01
201300000786;1;31;0;0;2;1;1;A01
201300000786;0;1;0;0;2;4;1;B02
201300000787;0;33;0;0;0;8;1;A01
201300000788;0;7;0;0;2;1;15;A01
201300000788;0;1;0;0;2;8;1;B02
201300000789;0;7;0;0;2;3;1;B02
201300000789;0;7;0;0;2;3;11;A01
201300000790;0;7;0;0;2;7;15;B02
201300000790;0;33;0;0;2;1;1;A01
201300000791;0;15;0;0;2;1;1;B02
201300000791;0;7;0;0;2;1;13;A01
201300000792;0;10;0;0;2;1;24;B02
201300000792;0;7;0;1;1;1;0;A01
201300000793;0;7;0;0;2;7;5;A01
201300000793;0;14;0;0;2;1;1;B02
201300000794;0;7;0;0;2;1;13;A01
201300000794;0;7;0;0;2;1;1;B02
201300000795;0;10;0;0;1;1;1;A01
201300000796;0;2;0;0;2;1;1;B02
201300000796;0;7;0;0;2;3;10;A01
201300000797;0;7;0;0;2;3;1;A01
201300000797;0;7;0;0;0;3;15;B02
201300000798;0;7;0;0;2;2;15;A01
201300000798;0;7;0;0;2;1;1;B02
201300000799;0;7;0;13;0;1;1;A01
201300000800;0;33;0;0;2;1;17;B02
201300000800;0;7;0;0;2;8;10;A01
201300000801;0;33;0;0;2;1;16;A01
201300000801;0;10;0;0;0;3;23;B02
201300000802;0;30;0;12;0;1;1;A01
201300000803;0;7;0;0;2;3;13;A01
201300000803;0;7;0;0;2;1;1;B02
201300000804;0;7;0;0;2;3;15;B02
201300000804;0;33;0;9;2;1;17;A01
201300000805;0;2;0;0;2;4;15;A01
201300000805;0;33;0;0;2;1;1;B02
201300000806;0;7;0;0;2;3;15;B02
201300000806;0;31;0;0;2;1;1;A01
201300000807;0;10;0;0;9;7;17;A01
201300000807;0;1;0;0;2;3;15;B02
201300000808;0;7;0;0;2;3;1;B02
201300000808;0;7;0;0;2;3;13;A01
201300000809;0;7;0;0;0;3;1;A01
201300000809;0;1;0;0;2;1;15;B02
201300000810;0;7;0;0;2;2;19;A01
201300000810;0;7;0;0;2;2;1;B02
201300000811;0;7;0;2;0;7;1;A01
201300000812;0;7;0;0;2;8;1;B02
201300000812;0;7;0;0;2;3;19;A01
201300000813;0;7;0;0;2;2;14;A01
201300000813;0;1;0;0;0;4;13;B02
201300000814;0;30;0;13;0;9;21;A01
201300000814;0;7;0;0;2;3;21;B02
201300000815;0;33;0;12;0;1;1;A01
201300000816;0;1;0;0;2;1;0;B02
201300000816;0;10;0;0;2;1;0;A01
201300000817;0;7;0;0;2;2;9;A01
201300000817;0;33;0;0;0;5;16;B02
201300000818;0;7;0;0;1;3;1;A01
201300000819;0;7;0;6;0;1;1;A01
201300000820;0;14;0;0;2;4;1;B02
201300000820;0;14;0;0;2;1;1;A01
201300000821;0;7;0;6;0;1;15;A01
201300000822;0;7;0;0;2;7;19;A01
201300000822;0;7;0;0;2;1;1;B02
201300000823;0;7;0;0;2;3;15;B02
201300000823;0;7;0;0;2;1;1;A01
201300000824;0;7;0;13;0;9;1;A01
201300000825;0;7;0;0;2;3;13;A01
201300000825;0;15;0;0;2;3;14;B02
201300000826;0;7;0;0;0;1;1;A01
201300000827;0;7;0;0;9;1;17;A01
201300000827;0;1;0;0;2;0;15;B02
201300000828;0;7;0;2;2;2;11;B01
201300000828;0;7;0;0;2;8;1;A02
201300000829;0;7;0;6;0;1;1;A01
201300000830;0;10;0;0;1;1;1;A01
201300000831;0;7;0;0;1;3;1;A01
201300000832;0;15;0;0;1;0;16;A01
201300000833;0;7;0;0;1;1;1;A01
201300000834;0;14;0;0;0;0;1;A01
201300000835;0;7;0;0;2;1;2;A01
201300000835;0;7;0;0;2;4;2;B02
201300000836;0;7;0;0;2;3;1;B02
201300000836;0;7;0;0;2;3;13;A01
201300000837;0;10;0;0;2;3;1;A01
201300000837;0;10;0;0;2;2;3;B02
201300000838;0;7;0;0;2;1;1;B02
201300000838;0;7;0;0;2;5;15;A01
201300000839;0;7;0;0;2;3;1;B02
201300000839;0;7;0;;2;3;15;A01
201300000840;0;7;0;0;2;3;13;B02
201300000840;0;7;0;0;2;3;1;A01
201300000841;0;1;0;0;2;1;1;B02
201300000841;0;7;0;0;9;1;13;A01
201300000842;0;7;0;6;0;1;1;A01
201300000843;0;7;0;0;2;3;13;A01
201300000843;0;7;0;0;2;2;1;C03
201300000843;0;7;0;0;2;1;1;B02
201300000844;0;17;0;0;2;1;1;B02
201300000844;0;7;0;0;2;5;1;A01
201300000845;0;33;0;0;2;1;17;A01
201300000845;0;7;0;0;2;3;15;B02
201300000846;0;7;0;15;0;2;1;A01
201300000847;0;7;0;0;2;1;1;B02
201300000847;0;7;0;0;2;1;5;A01
201300000848;0;30;0;0;2;1;6;A02
201300000848;0;7;0;0;2;3;15;B01
201300000849;0;7;0;0;2;8;16;A01
201300000849;0;33;0;0;2;1;1;B02
201300000850;0;7;0;0;2;3;1;B02
201300000850;0;7;0;0;2;3;1;A01
201300000851;0;7;0;0;2;7;1;A01
201300000851;0;30;0;0;2;1;5;B02
201300000852;0;7;0;13;0;9;1;A01
201300000853;0;7;0;0;2;7;1;B02
201300000853;0;17;0;0;2;1;1;A01
201300000854;0;31;0;10;0;1;1;A01
201300000855;0;7;0;0;1;8;1;A01
201300000856;0;7;0;13;0;1;14;A01
201300000857;0;7;0;0;1;2;1;A01
201300000858;0;7;0;0;1;4;4;A01
201300000859;0;7;0;0;0;1;1;B02
201300000859;0;7;0;0;0;7;19;A01
201300000860;0;7;0;0;1;3;11;A01
201300000861;0;7;0;0;2;3;1;B02
201300000861;0;33;0;0;2;1;17;A01
201300000862;0;7;0;0;2;3;13;A01
201300000862;0;7;0;0;2;3;1;B02
201300000863;0;7;0;0;2;1;1;B02
201300000863;0;10;0;1;2;7;19;A01
201300000863;0;7;0;0;2;8;23;C03
201300000864;0;1;0;0;0;8;0;B02
201300000865;0;7;0;0;2;1;13;A01
201300000865;0;7;0;0;2;8;1;B02
201300000865;0;7;0;0;2;3;1;C03
201300000866;0;7;0;0;2;3;1;A01
201300000866;0;2;0;0;2;4;15;B02
201300000867;0;7;0;2;0;1;1;A01
201300000868;0;7;0;2;0;1;1;A01
201300000869;0;7;0;0;2;3;0;B02
201300000869;0;1;0;0;2;1;13;A01
201300000870;0;7;0;0;2;5;15;B02
201300000870;0;33;0;0;2;1;1;A01
201300000871;0;7;0;2;0;2;1;A01
201300000872;0;7;0;11;0;1;1;A01
201300000873;0;7;0;0;0;4;9;A01
201300000873;0;33;0;0;2;1;1;B02
201300000874;0;31;0;0;2;1;13;A01
201300000874;0;7;0;0;2;3;1;B02
201300000875;0;10;0;0;2;3;1;B02
201300000875;0;7;0;0;2;1;15;A01
201300000876;0;7;0;0;2;3;1;B02
201300000876;0;7;0;0;2;3;13;A01
201300000877;0;7;0;0;2;5;15;A01
201300000877;0;31;0;0;2;1;1;B02
201300000878;0;3;0;6;0;3;1;A01
201300000879;0;7;0;0;2;1;1;B02
201300000879;0;7;0;0;2;7;17;A01
201300000880;0;14;0;0;0;2;1;A01
201300000881;0;7;0;0;0;8;15;A01
201300000881;0;31;0;0;2;1;1;B02
201300000882;0;7;0;0;2;3;1;B02
201300000882;0;7;0;0;0;0;1;A01
201300000882;0;7;0;0;2;0;1;C03
201300000883;0;7;0;8;0;3;13;A01
201300000884;0;10;0;0;2;3;1;B02
201300000884;0;7;0;0;2;3;1;A01
201300000885;0;7;0;8;6;1;19;A01
201300000886;0;7;0;0;0;3;1;A01
201300000887;0;33;0;0;2;4;23;B02
201300000887;0;7;0;0;2;1;2;A01
201300000888;0;30;0;0;2;1;17;A01
201300000888;0;7;0;0;2;1;1;B02
201300000889;0;7;0;0;9;3;15;A01
201300000889;0;1;0;0;2;8;1;B02
201300000890;0;7;0;0;1;2;1;A01
201300000891;0;7;0;0;2;5;15;A01
201300000891;0;2;0;0;2;1;1;B02
201300000892;0;7;0;0;2;1;1;B02
201300000892;0;7;0;0;2;1;17;A01
201300000893;0;7;0;8;0;8;1;A01
201300000894;0;7;0;0;2;1;1;B02
201300000894;0;7;0;0;2;3;15;A01
201300000895;0;7;0;0;2;3;1;B02
201300000895;0;30;0;0;2;8;1;A01
201300000896;0;7;0;6;0;1;1;A01
201300000897;0;33;0;0;2;1;1;A01
201300000897;0;10;0;0;0;5;16;B02
201300000898;0;99;0;0;2;3;1;B02
201300000898;0;30;0;0;2;1;13;A01
201300000899;0;7;0;6;0;1;1;A01
201300000900;0;7;0;0;2;3;9;B02
201300000900;0;7;0;0;2;2;1;A01
201300000901;0;7;0;0;2;1;13;A01
201300000901;0;7;0;0;2;1;1;B02
201300000902;0;7;0;0;2;1;1;B02
201300000902;0;7;0;0;2;2;5;A01
201300000903;0;7;0;0;2;3;1;B02
201300000903;0;33;0;0;2;1;13;A01
201300000904;0;33;0;0;2;8;17;A01
201300000904;0;7;0;0;2;3;1;B02
201300000904;0;33;0;16;0;1;1;C03
201300000905;0;10;0;0;1;6;1;A01
201300000906;0;14;0;0;2;2;1;B02
201300000906;0;7;0;0;2;2;13;A01
201300000907;0;7;0;0;1;2;1;A01
201300000908;0;10;0;13;0;1;16;A01
201300000909;0;7;0;0;2;2;1;A01
201300000909;0;1;0;0;0;4;1;B02
201300000910;0;10;0;0;2;2;15;A01
201300000910;0;10;0;0;2;2;1;B02
201300000911;0;2;0;0;2;3;2;B02
201300000911;0;7;0;0;2;3;2;A01
201300000912;0;32;0;0;2;8;17;A01
201300000912;0;7;0;0;2;8;1;B02
201300000913;0;7;0;0;2;0;1;B02
201300000913;0;7;0;0;2;0;1;C03
201300000913;0;7;0;0;2;0;19;A01
201300000914;0;30;0;0;2;1;2;A01
201300000914;0;7;0;0;0;4;2;B02
201300000915;0;7;0;0;2;3;9;A01
201300000915;0;33;0;0;2;2;1;B02
201300000916;0;7;0;0;2;1;1;B02
201300000916;0;3;0;0;2;7;15;A01
201300000916;0;7;0;0;2;8;0;C03
201300000917;0;7;0;0;2;7;15;A01
201300000917;0;33;0;0;2;1;1;B02
201300000918;0;33;0;0;0;7;1;A01
201300000919;0;7;0;0;2;1;1;A01
201300000919;0;7;0;0;2;1;15;B02
201300000920;0;7;0;0;1;4;23;A01
201300000920;0;7;0;1;0;1;2;B02
201300000921;0;2;0;0;2;1;1;B02
201300000921;0;7;0;0;2;2;21;A01
201300000922;0;7;0;0;1;3;1;A01
201300000923;0;7;0;0;2;2;1;B02
201300000923;0;14;0;0;2;1;1;A01
201300000924;0;7;0;2;0;3;13;A01
201300000925;0;21;0;0;0;0;1;A01
201300000926;0;7;0;0;0;0;1;D04
201300000926;0;7;0;0;2;3;1;B02
201300000926;0;10;0;0;2;3;1;C03
201300000926;0;7;0;0;2;3;13;A01
201300000927;0;36;0;0;2;1;0;B02
201300000927;0;7;0;0;0;0;0;A01
201300000928;0;7;0;0;1;3;1;A01
201300000929;0;7;0;0;1;3;1;A01
201300000930;0;33;0;13;0;7;0;A01
201300000931;0;7;0;8;0;3;0;A01
201300000932;0;7;0;0;2;7;19;A01
201300000932;0;7;0;0;2;1;1;B01
201300000933;0;2;0;0;2;3;2;A01
201300000933;0;7;0;0;0;5;15;B02
201300000934;0;7;0;0;2;3;1;B02
201300000934;0;7;0;0;2;3;1;A01
201300000935;0;33;0;13;0;1;0;A01
201300000936;0;7;0;0;2;1;0;A01
201300000936;0;7;0;0;2;1;0;B02
201300000937;0;7;0;0;1;3;0;A01
201300000938;0;36;0;0;2;2;1;B02
201300000938;0;7;0;0;2;2;17;A01
201300000939;0;7;0;0;2;1;1;A01
201300000939;0;7;0;0;2;1;1;B02
201300000940;0;7;0;0;0;0;15;A01
201300000940;0;33;0;0;0;0;21;B02
201300000941;0;7;0;0;2;1;1;A01
201300000941;0;31;0;0;2;1;13;B02
201300000942;0;7;0;0;5;2;1;A01
201300000943;0;33;0;0;0;0;1;A01
201300000944;0;7;0;0;2;3;23;C03
201300000944;0;7;0;0;2;3;1;D04
201300000944;0;7;0;0;2;7;19;A01
201300000944;0;7;0;0;2;1;1;B02
201300000945;0;7;0;0;1;7;1;A01
201300000946;0;7;0;0;2;7;1;A01
201300000946;0;30;0;0;2;1;15;B02
201300000947;0;7;0;0;2;3;17;A01
201300000947;0;38;57;0;2;3;1;B02
201300000948;0;7;0;0;2;1;1;B02
201300000948;0;30;0;0;2;8;15;A01
201300000949;0;31;0;14;0;0;1;A01
201300000950;0;7;0;0;2;3;13;A01
201300000950;0;7;0;0;2;3;1;B02
201300000951;0;7;0;13;2;2;13;A01
201300000951;0;7;0;0;2;3;1;B02
201300000952;0;30;0;0;0;0;1;B02
201300000952;0;7;0;0;2;1;9;A01
201300000953;0;7;0;0;0;3;1;A01
201300000954;0;7;0;0;1;1;1;A01
201300000955;0;7;0;0;2;3;13;A01
201300000955;0;7;0;0;2;3;1;B02
201300000956;0;7;0;0;2;8;1;A01
201300000956;0;15;0;0;2;3;1;B02
201300000957;0;7;0;0;2;1;13;A01
201300000957;0;14;0;0;2;3;1;B02
201300000958;0;7;0;0;2;3;13;A01
201300000958;0;7;0;0;2;3;1;B02
201300000959;0;10;0;0;1;4;4;A01
201300000960;0;21;0;0;2;6;15;A01
201300000960;0;33;0;0;2;7;1;B02
201300000961;0;21;0;0;2;3;15;A01
201300000961;0;7;0;0;2;8;1;B02
201300000962;0;16;0;2;0;1;14;A01
201300000963;0;7;0;0;2;1;1;B01
201300000963;0;7;0;0;2;2;19;A02
201300000964;0;7;0;0;2;1;1;A01
201300000964;0;7;0;0;2;2;19;B02
201300000965;0;30;0;0;2;5;1;B02
201300000965;0;10;0;0;2;2;9;A01
201300000966;0;7;0;13;2;1;1;B02
201300000966;0;7;0;0;2;3;15;A01
201300000967;0;7;0;0;1;1;15;A01
201300000968;0;30;0;0;0;4;1;A01
201300000969;0;7;0;0;1;2;1;A01
201300000970;0;7;0;0;1;2;1;A01
201300000971;0;2;0;0;1;1;18;A01
201300000972;0;16;0;0;1;8;1;A01
201300000973;0;30;0;15;2;7;17;A01
201300000973;0;7;0;0;2;8;1;B02
201300000974;0;33;0;0;2;1;11;A01
201300000974;0;7;0;0;2;1;1;B02
201300000975;0;7;0;0;1;2;2;A01
201300000976;0;33;0;3;0;3;14;A01
201300000977;0;30;0;0;0;2;14;A01
201300000978;0;7;0;0;2;8;19;A01
201300000978;0;7;0;0;2;1;1;B02
201300000979;0;10;0;0;2;3;9;A01
201300000979;0;30;0;0;2;5;1;B02
201300000980;0;7;0;2;0;8;1;A01
201300000981;0;30;0;0;1;1;1;A01
201300000982;0;7;0;0;2;2;15;A01
201300000982;0;7;0;0;2;2;21;B02
201300000983;0;33;0;1;0;1;18;A01
201300000983;0;10;0;0;2;3;23;B02
201300000983;0;7;0;0;2;5;15;C03
201300000984;0;33;0;8;0;1;1;A01
201300000985;0;7;0;0;2;8;1;A01
201300000985;0;7;0;0;2;1;1;B02
201300000986;0;30;0;0;2;1;5;A01
201300000986;0;7;0;0;2;3;15;B02
201300000987;0;7;0;0;2;1;13;B02
201300000987;0;7;0;0;2;3;6;A01
201300000988;0;99;0;12;0;1;19;A01
201300000989;0;30;0;0;1;8;1;A01
201300000990;0;17;0;0;2;1;21;A01
201300000990;0;7;0;0;2;1;1;B02
201300000990;0;21;0;0;2;5;16;C03
201300000990;0;10;0;0;2;4;2;D04
201300000991;0;7;0;0;2;3;1;B02
201300000991;0;7;0;0;2;1;13;A01
201300000992;0;7;0;0;2;7;1;A01
201300000992;0;7;0;0;2;1;1;B02
201300000993;0;2;0;0;2;3;15;B02
201300000993;0;10;0;0;2;1;1;A01
201300000994;0;7;0;0;2;3;10;A01
201300000994;0;2;0;0;2;1;2;B02
201300000995;0;7;0;0;2;1;13;A01
201300000995;0;10;0;0;2;3;1;B02
201300000996;0;17;0;2;0;3;13;A01
201300000997;0;14;0;0;2;1;1;B02
201300000997;0;7;0;0;2;8;19;A01
201300000998;0;7;0;0;2;8;19;A01
201300000998;0;10;0;0;2;1;1;B02
201300000999;0;7;0;0;2;5;23;A01
201300000999;0;2;0;0;2;1;2;B02
201300001000;0;7;0;1;0;1;1;A01
201300001001;0;7;0;0;1;3;19;A01
201300001002;0;3;0;0;2;1;2;A01
201300001002;0;1;0;0;2;4;1;B02
201300001003;0;3;0;13;0;1;14;A01
201300001004;0;21;0;0;1;5;17;A01
201300001005;0;7;0;0;2;2;1;B02
201300001005;0;3;0;0;2;3;19;A01
201300001006;0;7;0;0;1;1;1;A01
201300001007;0;7;0;0;1;2;14;A01
201300001008;0;7;0;0;2;8;15;A01
201300001008;0;1;0;0;2;8;1;B02
201300001009;0;7;0;0;1;2;1;A01
201300001010;0;33;0;0;2;8;19;A01
201300001010;0;7;0;0;2;1;1;B02
201300001011;0;33;0;6;0;8;13;A01
201300001012;0;7;0;0;2;7;13;A01
201300001012;0;17;0;0;2;1;1;B02
201300001013;0;30;0;6;0;2;15;A01
201300001014;0;33;0;0;5;1;1;A01
201300001015;0;7;0;0;2;3;13;A01
201300001015;0;7;0;0;2;3;1;B02
201300001016;0;7;0;0;2;3;1;A01
201300001016;0;7;0;0;2;3;1;B02
201300001017;0;7;0;10;0;1;1;A01
201300001018;0;7;0;13;0;9;1;A01
201300001019;0;31;0;0;0;8;1;A01
201300001020;0;33;0;0;2;1;1;B02
201300001020;0;7;0;0;2;1;19;A01
201300001021;0;7;0;0;2;4;13;A01
201300001021;0;10;0;0;2;2;1;B02
201300001022;0;15;0;13;0;3;13;A01
201300001023;0;2;0;0;0;8;1;B02
201300001023;0;7;0;0;2;1;15;A01
201300001024;0;7;0;0;2;3;1;A01
201300001024;0;15;0;0;2;3;1;B02
201300001025;0;10;0;0;2;2;1;B02
201300001025;0;10;0;0;2;3;1;A01
201300001026;0;30;0;3;0;3;13;A01
201300001027;0;30;0;13;0;3;1;A01
201300001028;0;7;0;0;1;3;1;A01
201300001029;0;21;0;0;0;0;0;B02
201300001029;0;7;0;13;0;1;1;A01
201300001030;0;7;0;0;2;7;13;A01
201300001030;0;21;0;0;2;3;1;B02
201300001031;0;7;0;6;0;1;1;A01
201300001032;0;7;0;0;0;4;23;A01
201300001032;0;2;0;0;2;1;1;B02
201300001033;0;7;0;3;0;7;1;A01
201300001034;0;7;0;0;1;4;4;A01
201300001035;0;7;0;0;1;3;1;A01
201300001036;0;7;0;0;2;5;0;A01
201300001037;0;30;0;12;0;8;1;A01
201300001038;0;7;0;13;0;3;13;A01
201300001039;0;7;0;0;1;3;1;A01
201300001040;0;7;0;3;0;9;13;A01
201300001041;0;7;0;0;2;2;15;A01
201300001041;0;1;0;0;2;1;1;B02
201300001041;0;1;0;0;2;1;2;C03
201300001042;0;30;0;1;0;1;1;A01
201300001042;0;15;0;0;2;4;24;B02
201300001043;0;10;0;0;0;0;17;A01
201300001043;0;33;0;13;0;0;17;B02
201300001044;0;33;0;13;0;1;1;A01
201300001045;0;7;0;0;2;2;17;A01
201300001045;0;1;0;0;2;4;13;B02
201300001046;0;7;0;13;0;3;17;A01
201300001047;0;7;0;0;2;5;1;A01
201300001047;0;7;0;0;2;1;1;B02
201300001048;0;7;0;0;2;8;1;B02
201300001048;0;2;0;0;2;8;16;A01
201300001049;0;7;0;6;0;1;1;A01
201300001050;0;33;0;0;2;1;1;A01
201300001050;0;10;0;0;2;8;15;B02
201300001051;0;7;0;0;2;1;13;A01
201300001051;0;7;0;0;2;1;11;B02
201300001052;0;7;0;0;2;3;15;A01
201300001052;0;33;0;0;2;1;1;B02
201300001053;0;3;0;2;0;3;13;A01
201300001054;0;14;0;0;1;2;0;A01
201300001055;0;38;1;0;2;1;1;A01
201300001055;0;7;0;0;2;7;19;B02
201300001056;0;10;0;0;2;3;15;A01
201300001056;0;1;0;0;2;8;1;B02
201300001057;0;33;0;0;2;1;2;A01
201300001057;0;10;0;0;2;6;15;B02
201300001058;0;1;0;0;2;1;1;B02
201300001058;0;1;0;0;2;4;1;A01
201300001059;0;34;0;0;0;0;1;A01
201300001060;0;7;0;13;0;1;6;A01
201300001061;0;7;0;12;0;3;17;A01
201300001062;0;31;0;6;0;1;1;A01
201300001063;0;7;0;0;1;3;1;A01
201300001064;0;7;0;0;2;3;2;A01
201300001064;0;21;0;0;2;5;1;B02
201300001065;0;7;0;0;1;3;1;A01
201300001066;0;7;0;0;0;4;9;A01
201300001066;0;33;0;0;2;1;1;B02
201300001067;0;7;0;0;2;3;19;B02
201300001067;0;33;0;0;2;1;1;A01
201300001068;0;7;0;0;2;2;1;A01
201300001068;0;1;0;0;2;4;1;B02
201300001069;0;2;0;0;2;1;1;A01
201300001069;0;7;0;0;2;6;13;B02
201300001070;0;30;0;0;2;1;2;A01
201300001070;0;7;0;0;0;5;15;B02
201300001071;0;20;0;0;2;5;19;B02
201300001071;0;7;0;0;2;7;1;A01
201300001072;0;7;0;6;0;1;1;A01
201300001073;0;7;0;0;2;3;9;A01
201300001073;0;30;0;0;2;7;1;B02
201300001074;0;7;0;0;1;3;15;A01
201300001075;0;7;0;0;1;0;1;C03
201300001075;0;7;0;0;2;1;1;B02
201300001075;0;7;0;0;2;1;5;A01
201300001076;0;7;0;0;2;3;13;A01
201300001076;0;7;0;0;2;3;1;B02
201300001077;0;7;0;0;1;2;1;A01
201300001078;0;33;0;0;2;1;13;A01
201300001078;0;7;0;0;2;3;1;B02
201300001079;0;10;0;0;2;1;13;A01
201300001079;0;7;0;0;2;1;1;B02
201300001080;0;7;0;2;0;2;1;A01
201300001081;0;30;0;13;0;1;14;A01
201300001082;0;7;0;0;2;1;9;A01
201300001082;0;2;0;0;2;7;9;B02
201300001083;0;7;0;0;1;7;2;A01
201300001083;0;7;0;2;0;1;13;B02
201300001084;0;7;0;6;0;3;1;A01
201300001084;0;10;0;0;0;8;1;B02
201300001085;0;33;0;0;0;8;2;A01
201300001086;0;10;0;0;2;5;19;A01
201300001086;0;2;0;0;2;1;1;B02
201300001087;0;10;0;0;2;3;1;A01
201300001087;0;31;0;0;2;1;0;B02
201300001088;0;7;0;0;1;1;1;A01
201300001089;0;7;0;0;2;8;13;B02
201300001089;0;7;0;0;2;1;1;A01
201300001090;0;7;0;0;1;1;1;A01
201300001091;0;7;0;0;2;3;19;A01
201300001091;0;33;0;0;2;1;2;B02
201300001092;0;30;0;12;0;1;1;A01
201300001093;0;7;0;6;0;1;1;A01
201300001094;0;7;0;0;2;3;14;A01
201300001094;0;33;0;0;2;1;13;B02
201300001095;0;7;0;16;0;9;1;A01
201300001096;0;31;0;0;2;1;1;A01
201300001096;0;10;0;0;2;2;19;B02
201300001097;0;7;0;16;0;9;1;A01
201300001098;0;35;0;6;0;1;5;A01
201300001099;0;7;0;0;2;7;15;A01
201300001099;0;33;0;0;2;1;1;B02
201300001100;0;7;0;0;0;2;16;A01
201300001100;0;30;0;0;2;1;1;B02
201300001101;0;31;0;0;2;1;2;A01
201300001101;0;7;0;0;2;5;2;B02
201300001102;0;7;0;0;0;1;1;A01
201300001102;0;31;0;0;0;1;1;B02
201300001103;0;7;0;0;2;1;5;A01
201300001103;0;7;0;0;2;1;1;B02
201300001104;0;7;0;0;0;3;0;A01
201300001104;0;30;0;0;0;1;1;B02
201300001105;0;7;0;0;1;3;1;A01
201300001106;0;7;0;0;1;2;1;A01
201300001107;0;10;0;12;0;7;21;A01
201300001108;0;7;0;0;2;3;15;A01
201300001108;0;7;0;11;2;3;1;B02
201300001109;0;7;0;0;1;1;1;A01
201300001110;0;7;0;0;2;8;19;A01
201300001110;0;33;0;0;2;1;1;B02
201300001111;0;7;0;0;2;1;13;A01
201300001111;0;7;0;0;2;1;1;B02
201300001112;0;2;0;0;0;4;23;B02
201300001112;0;10;0;0;2;1;1;A01
201300001113;0;7;0;6;0;3;0;A01
201300001114;0;7;0;0;2;3;15;A01
201300001114;0;2;0;0;2;1;1;B02
201300001115;0;7;0;0;2;1;13;A01
201300001115;0;10;0;0;2;1;1;B02
201300001116;0;7;0;0;2;3;1;A01
201300001116;0;7;0;0;2;1;13;B02
201300001117;0;33;0;15;0;1;1;A01
201300001118;0;7;0;0;0;6;9;A01
201300001118;0;7;0;0;2;1;1;B02
201300001119;0;7;0;13;0;3;1;A01
201300001120;0;7;0;10;0;1;1;A01
201300001121;2;21;0;0;2;6;1;A01
201300001121;0;1;0;0;2;3;1;B02
201300001122;0;7;0;0;1;3;15;A01
201300001123;0;2;0;6;2;7;17;A01
201300001123;0;7;0;0;2;8;15;B02
201300001124;0;7;0;0;0;8;1;B02
201300001124;0;7;0;0;2;1;15;A01
201300001125;0;15;0;0;2;1;2;B02
201300001125;0;7;0;0;2;4;2;A01
201300001126;0;7;0;0;2;3;6;A01
201300001126;0;7;0;0;2;3;1;B02
201300001127;0;7;0;0;2;8;10;A01
201300001127;0;2;0;0;2;1;21;B02
201300001128;0;7;0;0;2;3;1;A01
201300001128;0;7;0;0;2;3;1;B02
201300001129;0;30;0;0;2;6;16;A01
201300001129;0;7;0;0;2;3;1;B02
201300001130;0;7;0;0;2;1;2;A01
201300001130;0;7;0;0;2;4;23;B02
201300001131;0;7;0;13;0;9;1;A01
201300001132;0;7;0;0;1;3;2;A01
201300001133;0;7;0;0;1;2;1;A01
201300001134;0;7;0;0;2;8;9;A01
201300001134;0;7;0;0;2;2;1;B02
201300001135;0;7;0;0;2;1;1;A01
201300001135;0;7;0;0;2;1;1;B02
201300001136;0;31;0;6;0;1;1;A01
201300001137;0;33;0;0;0;5;1;A01
201300001137;0;33;0;0;2;3;2;B02
201300001138;0;7;0;0;2;3;0;A01
201300001138;0;7;0;0;2;3;0;B02
201300001139;0;7;0;0;2;1;1;B02
201300001139;0;7;0;0;2;1;15;A01
201300001140;0;7;0;0;2;2;17;A01
201300001140;0;7;0;0;2;8;15;B02
201300001141;0;99;0;0;2;0;1;A01
201300001141;0;10;0;0;2;1;1;B02
201300001142;0;7;0;13;0;9;1;A01
201300001143;0;7;0;0;2;2;15;B02
201300001143;0;30;0;0;2;1;1;A01
201300001144;0;7;0;0;2;8;19;A01
201300001144;0;7;0;0;2;1;1;B02
201300001145;0;7;0;0;0;6;15;A01
201300001145;0;33;0;0;2;1;1;B02
201300001146;0;7;0;0;1;2;1;A01
201300001147;0;7;0;2;0;2;1;A01
201300001148;0;7;0;13;0;1;1;A01
201300001149;0;7;0;0;0;3;15;A01
201300001149;0;2;0;0;0;0;1;B02
201300001150;0;7;0;0;0;0;19;A01
201300001150;0;33;0;16;0;7;21;B02
201300001151;0;33;0;0;2;3;0;A01
201300001151;1;7;0;0;2;3;0;B02
201300001152;0;21;0;0;2;3;1;B02
201300001152;0;7;0;0;2;3;1;A01
201300001153;0;7;0;0;2;8;13;A01
201300001153;0;14;0;0;2;1;1;B02
201300001154;0;7;0;0;2;1;1;B02
201300001154;0;7;0;13;2;5;1;A01
201300001155;0;1;0;0;2;2;15;B02
201300001155;0;7;0;0;9;3;9;A01
201300001156;0;7;0;0;2;3;16;A01
201300001156;0;7;0;0;2;3;1;B02
201300001157;0;7;0;12;2;7;1;A01
201300001157;0;2;0;12;0;8;1;B02
201300001158;1;7;0;0;1;2;1;A01
201300001159;0;2;0;0;2;1;13;A01
201300001159;0;7;0;13;2;3;14;B02
201300001160;0;7;0;0;2;1;1;B02
201300001160;0;7;0;0;2;7;13;A01
201300001161;0;7;0;13;0;2;14;A01
201300001162;0;7;0;8;0;7;1;A01