num_acc;senc;catv;occutc;obs;obsm;choc;manv;num_veh
201300001163;0;7;0;0;2;5;4;A01
201300001163;0;32;0;0;2;1;1;B02
201300001164;0;10;0;0;2;3;15;A01
201300001164;0;1;0;0;2;1;1;B02
201300001165;0;7;0;13;0;1;1;A01
201300001166;0;2;0;0;2;1;1;B02
201300001166;0;7;0;0;2;1;17;A01
201300001167;0;1;0;0;2;3;2;A01
201300001167;0;10;0;0;9;5;17;B02
201300001168;0;7;0;13;0;3;13;A01
201300001169;0;7;0;6;0;1;1;A01
201300001170;0;7;0;0;2;1;0;C03
201300001170;0;7;0;0;2;3;1;A01
201300001170;0;7;0;0;2;2;0;B02
201300001171;0;10;0;8;0;3;15;A01
201300001172;0;7;0;0;2;6;1;B02
201300001172;0;1;0;0;2;1;19;A01
201300001173;0;10;0;0;2;1;1;B02
201300001173;0;30;0;0;2;1;13;A01
201300001174;0;7;0;0;2;3;1;A01
201300001174;0;30;0;0;2;2;19;B02
201300001175;0;7;0;0;2;3;15;A01
201300001175;0;10;0;0;2;2;1;B02
201300001176;0;7;0;0;2;4;0;B02
201300001176;0;7;0;0;2;1;1;A01
201300001177;0;7;0;13;0;3;1;A01
201300001178;0;7;0;0;1;3;1;A01
201300001179;0;31;0;0;2;1;1;B02
201300001179;0;10;0;0;2;8;15;A01
201300001180;0;7;0;9;0;8;1;A01
201300001181;0;7;0;6;0;1;0;A01
201300001182;0;7;0;13;0;9;0;A01
201300001183;0;33;0;0;2;1;1;B02
201300001183;0;7;0;0;2;8;19;A01
201300001184;0;7;0;0;2;3;1;B02
201300001184;0;7;0;0;2;3;15;A01
201300001185;0;10;0;0;2;5;15;A01
201300001185;0;33;0;0;2;1;1;B02
201300001186;0;10;0;15;1;0;1;A01
201300001187;0;1;0;0;2;8;1;A01
201300001188;0;33;0;13;0;1;1;A01
201300001189;0;30;0;13;0;1;1;A01
201300001190;0;7;0;1;1;2;0;A01
201300001190;0;10;0;0;2;4;24;B02
201300001191;0;33;0;0;2;1;17;A01
201300001191;0;7;0;0;0;6;15;B02
201300001192;0;7;0;2;0;9;17;A01
201300001193;1;7;0;0;9;2;2;A01
201300001193;0;1;0;0;0;4;2;B02
201300001194;0;7;0;16;0;2;0;A01
201300001195;0;7;0;0;2;1;1;B02
201300001195;0;7;0;0;2;1;15;A01
201300001196;0;7;0;2;0;3;15;A01
201300001197;0;10;0;0;2;1;1;A01
201300001197;0;10;0;0;0;3;15;B02
201300001198;0;7;0;0;1;2;1;A01
201300001199;0;33;0;3;0;0;1;A01
201300001200;0;7;0;0;2;2;1;A01
201300001200;0;7;0;0;2;8;19;B02
201300001201;0;7;0;13;0;1;21;A01
201300001202;0;7;0;13;0;3;1;A01
201300001203;0;7;0;0;2;5;1;A01
201300001203;0;33;0;0;2;1;1;B02
201300001204;0;7;0;0;2;3;1;C03
201300001204;0;7;0;0;2;1;1;A01
201300001204;0;7;0;0;2;4;23;B02
201300001205;0;7;0;0;2;3;1;B02
201300001205;0;7;0;0;2;3;13;A01
201300001206;1;10;0;0;1;1;1;A01
201300001207;0;7;0;0;2;8;1;B02
201300001207;0;7;0;0;0;7;15;A01
201300001208;0;7;0;1;0;1;14;A01
201300001209;0;7;0;0;2;1;13;A01
201300001209;0;7;0;0;2;1;1;B02
201300001210;0;7;0;0;2;7;1;A01
201300001210;0;1;0;0;2;3;21;B02
201300001211;0;7;0;0;2;2;1;B02
201300001211;0;7;0;0;0;1;15;A01
201300001212;0;7;0;0;2;1;1;B02
201300001212;0;10;0;0;2;7;19;A01
201300001213;0;7;0;0;1;2;1;A01
201300001214;0;7;0;0;1;4;4;A01
201300001215;0;30;0;0;2;1;1;B02
201300001215;0;7;0;0;2;3;15;A01
201300001216;0;7;0;0;0;3;20;A01
201300001216;0;2;0;0;0;2;17;B02
201300001217;0;7;0;13;0;1;14;A01
201300001218;0;7;0;13;0;1;13;A01
201300001219;0;30;0;1;0;0;1;A01
201300001220;0;7;0;0;0;1;9;A01
201300001221;0;7;0;0;0;1;17;A01
201300001221;0;21;0;0;0;0;15;B02
201300001222;0;33;0;0;2;8;1;A01
201300001222;0;7;0;0;2;2;19;B02
201300001223;0;33;0;0;2;1;1;B02
201300001223;0;7;0;0;2;3;17;A01
201300001224;0;7;0;0;1;5;1;A01
201300001225;0;7;0;13;0;1;1;A01
201300001226;0;7;0;0;2;3;1;B02
201300001226;0;30;0;0;2;1;13;A01
201300001227;0;7;0;0;2;2;2;A01
201300001227;0;33;0;0;2;4;2;B02
201300001228;0;7;0;0;0;8;10;A01
201300001228;0;33;0;0;2;7;1;B02
201300001229;0;1;0;0;2;7;1;B02
201300001229;0;7;0;0;2;1;19;A01
201300001230;0;14;0;0;1;1;1;A01
201300001231;0;7;0;0;2;3;13;A01
201300001231;0;7;0;0;2;8;1;B02
201300001232;0;7;0;0;0;3;1;A01
201300001232;0;2;0;0;0;1;13;B02
201300001233;0;7;0;0;2;1;15;B02
201300001233;0;7;0;0;0;7;1;A01
201300001234;0;10;0;0;2;3;15;A01
201300001234;0;38;1;0;2;1;1;B02
201300001234;0;7;0;0;2;3;15;C03
201300001234;0;10;0;0;2;1;1;D04
201300001235;0;7;0;0;2;8;17;A01
201300001235;0;33;0;0;2;1;17;B02
201300001236;0;7;0;13;0;1;1;A01
201300001237;0;7;0;1;1;1;1;B02
201300001238;0;32;0;0;2;0;21;A01
201300001239;0;7;0;13;0;5;1;A01
201300001240;0;7;0;8;0;3;1;A01
201300001241;1;7;0;0;9;7;17;A01
201300001241;0;1;0;0;2;8;1;B02
201300001242;0;10;0;2;0;1;13;A01
201300001243;0;7;0;9;0;1;14;A01
201300001244;0;7;0;0;2;3;1;A01
201300001244;0;2;0;0;2;2;1;B02
201300001245;0;7;0;0;2;7;9;A01
201300001245;0;33;0;0;2;3;1;B02
201300001246;0;7;0;0;2;3;1;B02
201300001246;0;2;0;0;2;2;19;A01
201300001247;0;7;0;0;1;4;0;A01
201300001248;0;33;0;0;2;1;1;A01
201300001248;0;7;0;0;2;7;15;B02
201300001249;0;7;0;0;1;1;15;A01
201300001250;0;30;0;0;2;3;1;A01
201300001250;1;7;0;0;2;3;15;B02
201300001251;0;33;0;6;0;1;1;A01
201300001252;0;33;0;0;2;2;1;A01
201300001252;0;21;0;0;2;1;15;B02
201300001253;0;7;0;0;2;8;19;C03
201300001253;0;33;0;0;2;1;2;A01
201300001253;0;33;0;0;2;1;2;B02
201300001254;0;7;0;0;1;2;2;A01
201300001255;0;7;0;0;2;2;1;A01
201300001255;0;2;0;0;2;5;1;B02
201300001256;0;7;0;2;0;2;1;A01
201300001257;0;7;0;0;0;1;0;A01
201300001258;0;30;0;0;2;6;19;A01
201300001258;0;7;0;0;2;3;1;B02
201300001259;0;33;0;0;2;1;1;B02
201300001259;0;7;0;0;2;3;9;A01
201300001260;0;7;0;0;1;1;1;A01
201300001261;0;7;0;0;2;3;1;B02
201300001261;2;7;0;0;2;3;13;A01
201300001262;0;7;0;2;0;2;1;A01
201300001263;0;7;0;16;0;1;1;A01
201300001264;2;7;0;8;0;2;14;A01
201300001265;0;7;0;0;2;1;1;B02
201300001265;0;7;0;0;2;7;13;A01
201300001266;0;7;0;0;2;2;1;A01
201300001266;0;7;0;0;2;3;1;B02
201300001267;0;1;0;0;0;8;1;B02
201300001267;0;7;0;0;9;7;1;A01
201300001268;0;7;0;0;1;2;1;A01
201300001269;0;10;0;13;0;1;1;A01
201300001270;0;2;0;0;2;6;15;A01
201300001270;0;10;0;0;2;3;1;B02
201300001271;0;7;0;0;1;1;1;A01
201300001272;0;7;0;13;0;8;21;D04
201300001272;0;7;0;13;0;3;21;B02
201300001272;0;7;0;0;2;1;13;A01
201300001272;0;7;0;0;2;1;0;C03
201300001273;0;7;0;0;2;8;9;A01
201300001273;0;14;0;0;2;1;9;B02
201300001274;0;7;0;0;1;3;1;A01
201300001275;0;7;0;0;2;7;1;B02
201300001275;0;30;0;0;2;1;5;A01
201300001276;0;7;0;0;2;3;1;B02
201300001276;0;7;0;0;2;3;13;A01
201300001277;0;7;0;0;1;3;1;A01
201300001278;0;7;0;0;1;3;1;A01
201300001279;0;33;0;13;0;1;1;A01
201300001280;0;7;0;3;0;9;1;A01
201300001281;0;7;0;0;2;3;13;A01
201300001281;0;10;0;0;2;3;21;B02
201300001282;0;7;0;0;0;8;19;A01
201300001282;0;10;0;0;2;3;1;B02
201300001283;0;7;0;16;0;0;0;A01
201300001284;0;15;0;0;2;3;1;A01
201300001284;0;7;0;0;2;5;15;B02
201300001284;0;7;0;0;2;1;1;C03
201300001285;0;7;0;13;0;7;14;A01
201300001286;0;7;0;0;1;1;19;A01
201300001287;0;15;0;0;2;3;1;B02
201300001287;0;7;0;0;2;3;13;A01
201300001288;0;7;0;2;0;9;1;A01
201300001289;0;7;0;0;2;1;2;A01
201300001289;0;10;0;0;2;6;2;B02
201300001290;0;30;0;0;2;6;13;A01
201300001290;0;7;0;0;2;2;17;B02
201300001291;0;7;0;0;2;2;13;B02
201300001291;0;2;0;0;2;1;1;A01
201300001292;0;7;0;0;2;1;1;A01
201300001292;0;7;0;0;2;7;19;B02
201300001293;0;7;0;2;0;7;13;A01
201300001294;0;33;0;0;2;1;1;B02
201300001294;0;7;0;0;2;3;15;A01
201300001295;0;2;0;0;2;1;17;A01
201300001295;0;7;0;0;2;3;15;B02
201300001295;0;7;0;0;2;2;24;C03
201300001296;0;32;0;0;0;1;5;A01
201300001296;0;1;0;0;2;1;1;B02
201300001297;0;33;0;0;0;0;1;A01
201300001298;0;7;0;0;2;1;1;A01
201300001298;0;1;0;0;2;8;15;B02
201300001299;0;7;0;0;2;2;19;A01
201300001299;0;33;0;0;2;1;1;B02
201300001300;0;7;0;13;0;9;1;A01
201300001301;0;2;0;0;2;1;13;A01
201300001301;0;7;0;0;2;1;1;B02
201300001302;0;7;0;0;2;8;13;B02
201300001302;0;7;0;0;2;3;1;A01
201300001303;0;7;0;0;2;8;13;A01
201300001303;0;33;0;8;2;8;1;B02
201300001304;0;33;0;0;0;8;1;A01
201300001305;0;37;0;0;1;0;20;A01
201300001306;0;7;0;0;9;2;2;A01
201300001306;0;1;0;0;0;4;2;B02
201300001307;0;7;0;0;2;1;1;B02
201300001307;0;7;0;0;2;1;1;A01
201300001308;0;14;0;0;2;1;1;A01
201300001308;0;7;0;0;2;8;19;B02
201300001309;0;1;0;12;0;0;1;A01
201300001310;0;33;0;0;2;1;13;A01
201300001310;0;7;0;0;2;1;1;B02
201300001311;0;7;0;0;2;3;13;A01
201300001311;0;33;0;0;2;1;1;B02
201300001312;0;7;0;0;2;1;17;A01
201300001312;0;7;0;0;2;1;1;B02
201300001313;0;2;0;0;2;1;13;A01
201300001313;0;7;0;0;2;1;21;B02
201300001314;0;7;0;0;2;4;2;D04
201300001314;0;7;0;0;2;4;2;B02
201300001314;0;14;0;0;2;1;2;A01
201300001314;0;7;0;0;2;4;2;C03
201300001315;0;7;0;0;2;2;1;B02
201300001315;0;30;0;0;2;8;9;A01
201300001316;0;7;0;0;2;2;1;A01
201300001316;0;1;0;0;2;4;1;B02
201300001317;0;7;0;8;0;1;1;A01
201300001318;0;31;0;0;2;1;0;A01
201300001318;0;7;0;0;2;6;15;B02
201300001319;0;7;0;0;9;8;1;A01
201300001319;0;1;0;0;2;8;1;B02
201300001320;0;7;0;6;0;1;1;A01
201300001321;0;7;0;0;1;1;15;A01
201300001322;0;7;0;0;2;2;15;A01
201300001322;0;7;0;0;2;1;1;B02
201300001323;0;30;0;0;2;2;13;A01
201300001323;0;7;0;0;2;7;13;B02
201300001324;0;7;0;2;0;2;1;A01
201300001324;0;7;0;6;2;1;1;B02
201300001325;0;7;0;6;0;1;1;A01
201300001326;0;7;0;0;2;3;13;A01
201300001326;0;30;0;0;2;1;1;B02
201300001327;0;1;0;0;2;8;1;B02
201300001327;0;7;0;0;2;2;14;A01
201300001328;0;10;0;0;2;1;2;A01
201300001328;0;21;0;0;0;6;2;B02
201300001329;0;7;0;0;2;3;1;A01
201300001329;0;7;0;0;2;3;1;B02
201300001330;0;14;0;0;2;3;1;A01
201300001330;0;14;0;0;2;3;0;B02
201300001331;0;33;0;0;6;2;1;A01
201300001332;0;1;0;0;2;8;10;B02
201300001332;0;7;0;0;2;1;1;A01
201300001333;0;7;0;0;2;3;1;B02
201300001333;0;7;0;0;2;3;13;A01
201300001334;0;7;0;0;1;4;4;A01
201300001335;2;7;0;2;0;3;14;A01
201300001336;0;7;0;13;0;1;1;A01
201300001337;0;30;0;0;2;7;1;B02
201300001337;0;7;0;0;2;3;16;A01
201300001338;0;7;0;0;9;2;2;A01
201300001338;0;1;0;0;0;4;2;B02
201300001339;0;2;0;6;0;2;1;A01
201300001340;0;37;11;0;2;2;1;A01
201300001340;0;7;0;0;2;1;15;B02
201300001341;0;30;0;0;0;9;5;A01
201300001342;0;7;0;13;0;0;1;A01
201300001343;0;7;0;0;2;3;24;B02
201300001343;0;7;0;1;0;4;4;A01
201300001344;0;21;0;0;2;3;21;A01
201300001344;0;7;0;0;2;3;13;B02
201300001345;0;7;0;0;5;1;1;A01
201300001346;0;7;0;0;2;3;19;A01
201300001346;0;7;0;0;2;1;1;B02
201300001347;0;30;0;0;2;1;13;A01
201300001347;0;7;0;0;2;1;1;B02
201300001348;0;10;0;0;0;0;1;A01
201300001349;0;7;0;2;0;0;14;A01
201300001350;0;10;0;2;0;9;13;A01
201300001351;0;7;0;9;0;1;1;A01
201300001352;0;7;0;0;2;8;1;A01
201300001352;0;21;0;0;2;1;15;B02
201300001353;0;7;0;13;0;1;13;A01
201300001354;0;7;0;0;2;1;1;B01
201300001354;0;7;0;0;2;1;13;A01
201300001355;0;7;0;0;2;2;1;A01
201300001355;0;7;0;0;2;1;1;B02
201300001356;0;7;0;0;2;3;1;A01
201300001356;0;1;0;0;2;7;15;B02
201300001357;0;7;0;0;2;3;15;A01
201300001357;0;2;0;0;2;1;1;B02
201300001358;0;7;0;13;0;3;1;A01
201300001359;0;10;0;0;1;2;1;A01
201300001360;0;7;0;7;2;8;19;B02
201300001360;0;7;0;0;2;1;1;A01
201300001361;0;7;0;0;2;2;0;A01
201300001361;0;1;0;0;0;4;0;B02
201300001362;0;7;0;8;0;3;0;A01
201300001363;0;7;0;0;2;3;1;A01
201300001363;0;1;0;0;2;1;1;B02
201300001364;0;7;0;0;2;3;1;C03
201300001364;0;7;0;0;2;3;1;A01
201300001364;0;17;0;0;0;5;19;B02
201300001365;0;7;0;0;2;2;14;A01
201300001365;0;33;0;0;2;6;23;B02
201300001366;0;7;0;2;0;1;1;A01
201300001367;0;7;0;0;2;3;19;A01
201300001367;0;30;0;0;2;8;1;B02
201300001368;0;7;0;8;0;8;14;A01
201300001369;0;7;0;0;2;3;17;A01
201300001369;0;33;0;0;2;1;1;B02
201300001370;0;7;0;0;2;3;13;A01
201300001370;0;33;0;0;2;8;15;B02
201300001371;0;33;0;14;0;8;2;A01
201300001372;0;30;0;0;2;7;1;A01
201300001372;0;10;0;0;2;4;4;B02
201300001373;0;7;0;0;1;8;1;A01
201300001374;0;7;0;0;0;8;10;A01
201300001374;0;7;0;0;2;1;1;B02
201300001375;0;7;0;15;0;3;1;A01
201300001376;0;7;0;15;0;8;13;A01
201300001377;0;17;0;0;2;3;13;A01
201300001377;0;15;0;2;2;3;1;B02
201300001378;0;7;0;0;2;1;2;A01
201300001378;0;7;0;0;2;4;23;B02
201300001379;0;7;0;8;0;1;1;A01
201300001380;0;10;0;0;2;3;1;B02
201300001380;0;7;0;0;2;7;1;A01
201300001381;0;7;0;0;0;6;23;B02
201300001381;0;17;0;0;2;2;1;A01
201300001382;0;7;0;0;2;1;1;B02
201300001382;0;7;0;0;2;8;15;A01
201300001383;0;33;0;0;2;1;16;A01
201300001383;0;7;0;0;2;1;1;B02
201300001384;0;33;0;0;2;1;17;A01
201300001384;0;7;0;0;2;3;15;B02
201300001385;0;7;0;0;1;1;1;A01
201300001386;0;7;0;13;0;1;1;A01
201300001387;0;2;0;1;0;1;1;A01
201300001387;0;10;0;1;0;6;24;B02
201300001388;0;7;0;0;2;1;13;A01
201300001388;0;7;0;0;2;8;1;C03
201300001388;0;7;0;0;2;1;1;B02
201300001389;0;15;0;0;2;6;4;A01
201300001389;0;30;0;0;2;1;1;B02
201300001390;0;30;0;0;2;1;1;A01
201300001390;0;7;0;0;2;3;1;B02
201300001391;0;10;0;0;2;2;9;B02
201300001391;0;7;0;0;2;1;1;A01
201300001392;0;37;0;13;0;3;1;A01
201300001393;0;33;0;13;0;1;1;A01
201300001394;0;36;0;8;0;2;1;A01
201300001395;0;2;0;0;2;1;13;B02
201300001395;0;7;0;0;2;3;1;A01
201300001396;0;14;0;0;2;3;1;B02
201300001396;0;7;0;0;2;1;1;A01
201300001397;0;7;0;0;2;1;1;A01
201300001397;0;38;0;0;2;3;1;B02
201300001398;0;33;0;0;2;1;13;A01
201300001398;0;7;0;0;2;3;1;B02
201300001399;0;2;0;0;2;1;15;A02
201300001399;0;7;0;0;2;1;13;B01
201300001400;0;36;0;0;2;6;1;B02
201300001400;0;7;0;0;0;6;9;A01
201300001401;0;7;0;0;2;4;15;A01
201300001401;0;7;0;0;2;1;1;B02
201300001401;0;7;0;0;2;3;1;C03
201300001402;0;10;0;1;0;6;0;A01
201300001402;0;2;0;0;0;1;1;B02
201300001403;0;30;0;0;0;1;1;A01
201300001404;0;15;0;0;2;3;5;A01
201300001404;0;7;0;0;0;3;1;B01
201300001405;0;21;0;0;0;4;23;A01
201300001405;0;7;0;0;2;1;2;B01
201300001406;0;7;0;0;2;7;19;A01
201300001406;0;7;0;0;2;1;1;B01
201300001407;0;7;0;0;1;1;1;A01
201300001408;0;7;0;6;0;8;1;A01
201300001409;0;7;0;0;1;3;1;A01
201300001410;0;7;0;0;1;3;1;A01
201300001410;0;7;0;0;1;3;23;B01
201300001411;0;7;0;12;0;1;1;A01
201300001412;0;37;5;11;0;2;1;A01
201300001413;0;10;0;0;1;4;4;A01
201300001414;0;32;0;12;0;3;1;A01
201300001415;0;7;0;5;1;1;1;A01
201300001416;0;33;0;4;0;8;13;A01
201300001417;0;7;0;9;0;1;1;A01
201300001418;0;7;0;0;2;1;1;B01
201300001418;0;30;0;0;2;1;13;A01
201300001419;0;31;0;0;0;8;1;A01
201300001420;0;33;0;0;2;8;1;B01
201300001420;0;7;0;0;2;2;9;A01
201300001421;0;7;0;0;2;5;1;B01
201300001421;0;33;0;0;2;1;3;A01
201300001422;0;7;0;0;2;4;1;C01
201300001422;0;7;0;0;2;1;2;A01
201300001422;0;7;0;1;2;4;11;B01
201300001423;0;33;0;0;2;8;13;A01
201300001423;0;7;0;0;2;3;1;B01
201300001424;0;7;0;0;2;3;1;B01
201300001424;0;7;0;0;2;3;17;A01
201300001425;0;7;0;0;2;1;2;A01
201300001425;0;7;0;0;2;4;1;B01
201300001426;0;7;0;0;1;1;1;A01
201300001427;0;32;0;0;0;2;1;A01
201300001428;0;7;0;3;0;3;1;A01
201300001429;0;10;0;0;1;7;21;A01
201300001430;0;7;0;0;2;3;1;B01
201300001430;0;7;0;0;2;3;1;A01
201300001431;0;7;0;0;1;3;1;A01
201300001432;0;7;0;0;1;1;1;A01
201300001433;0;33;0;0;2;1;1;A01
201300001433;0;7;0;0;2;2;19;B01
201300001434;0;7;0;13;0;1;13;A01
201300001435;0;7;0;0;2;7;15;A01
201300001435;0;7;0;0;2;1;1;B01
201300001436;0;1;0;0;0;6;2;B01
201300001436;0;7;0;0;2;2;2;A01
201300001437;0;7;0;0;1;1;1;A01
201300001438;0;7;0;0;2;1;1;B01
201300001438;0;7;0;0;2;7;15;A01
201300001439;0;7;0;15;0;2;1;A01
201300001440;0;30;0;11;0;1;1;A01
201300001441;0;10;0;0;2;1;2;A01
201300001441;0;30;0;0;0;4;2;B01
201300001442;0;21;0;0;1;6;1;A01
201300001443;0;10;0;6;0;1;13;A01
201300001444;0;30;0;0;0;1;13;B01
201300001444;0;7;0;0;0;3;1;A01
201300001445;2;10;0;0;2;2;2;A01
201300001445;0;2;0;0;0;4;2;B01
201300001446;0;7;0;0;2;2;1;B01
201300001446;0;7;0;0;2;1;1;A01
201300001447;0;7;0;0;2;5;11;B01
201300001447;0;33;0;0;2;1;2;A01
201300001448;0;31;0;6;0;1;1;A01
201300001449;0;7;0;0;0;0;13;A01
201300001450;0;7;0;0;2;6;19;B01
201300001450;0;7;0;0;2;6;1;A01
201300001451;0;7;0;0;1;1;1;A01
201300001452;0;7;0;0;1;0;1;B01
201300001453;0;21;0;0;0;5;17;A01
201300001453;0;1;0;0;0;0;1;B01
201300001454;0;33;0;16;0;0;14;A01
201300001455;0;2;0;0;2;3;1;B01
201300001455;0;10;0;0;2;3;13;A01
201300001456;0;20;0;0;2;3;16;A01
201300001456;0;7;0;0;2;3;1;B01
201300001457;0;30;0;0;2;1;1;A01
201300001457;0;7;0;0;2;1;1;B01
201300001458;0;7;0;0;2;7;15;A01
201300001458;0;33;0;0;2;1;1;B01
201300001459;0;7;0;0;2;3;1;C01
201300001459;0;14;0;0;2;0;1;A01
201300001459;0;7;0;0;2;3;1;B01
201300001459;0;10;0;0;2;1;1;D01
201300001460;0;7;0;16;0;9;1;A01
201300001461;0;7;0;0;2;1;19;A01
201300001461;0;7;0;0;0;8;1;B01
201300001462;0;33;0;0;2;1;1;B01
201300001462;0;7;0;0;2;3;15;A01
201300001463;0;2;0;0;2;1;1;C01
201300001463;0;2;0;0;2;1;1;B01
201300001463;0;7;0;0;2;7;15;A01
201300001464;0;7;0;0;1;3;21;A01
201300001465;0;7;0;0;2;4;15;B01
201300001465;0;10;0;0;2;1;2;A01
201300001466;0;7;0;13;0;3;13;A01
201300001467;0;36;0;13;0;2;1;A01
201300001468;0;7;0;0;2;3;13;A01
201300001468;0;30;0;0;2;6;1;B01
201300001469;0;10;0;0;2;3;9;A01
201300001469;0;33;0;0;2;1;1;B01
201300001470;0;7;0;0;2;1;15;B01
201300001470;0;33;0;0;2;7;1;A01
201300001471;0;30;0;0;2;1;1;B01
201300001471;0;7;0;0;2;2;19;A01
201300001472;0;10;0;0;2;3;1;B01
201300001472;0;7;0;0;2;2;13;A01
201300001473;0;7;0;0;2;7;1;A01
201300001473;0;7;0;0;2;1;19;B02
201300001474;0;7;0;13;0;9;1;A01
201300001475;0;10;0;13;0;1;17;A01
201300001475;0;21;0;0;0;0;2;B01
201300001476;0;7;0;0;2;8;1;B01
201300001476;0;30;0;0;2;1;16;A01
201300001477;0;33;0;13;0;1;2;A01
201300001477;0;7;0;0;9;1;2;B01
201300001478;0;7;0;0;2;1;1;B01
201300001478;0;7;0;0;2;2;13;A01
201300001479;0;7;0;0;2;2;13;A01
201300001479;0;7;0;0;2;3;1;B01
201300001480;0;10;0;0;2;8;23;B01
201300001480;0;2;0;0;0;7;17;A01
201300001481;0;10;0;0;2;3;1;B01
201300001481;0;33;0;0;2;1;17;A01
201300001482;0;7;0;0;1;1;15;A01
201300001483;0;99;0;0;0;9;1;A01
201300001484;0;7;0;0;2;7;13;A01
201300001484;0;10;0;0;2;0;1;B01
201300001485;0;7;0;0;2;7;15;A01
201300001485;0;33;0;0;2;1;1;B01
201300001486;0;10;0;0;1;2;1;A01
201300001487;0;7;0;0;0;2;14;A01
201300001488;0;14;0;0;2;3;1;B01
201300001488;0;7;0;0;2;3;13;A01
201300001489;0;7;0;0;1;7;1;A01
201300001490;0;7;0;0;0;7;1;A01
201300001491;0;7;0;0;2;1;15;A01
201300001491;0;7;0;0;2;3;1;B01
201300001492;0;7;0;0;2;8;10;B01
201300001492;0;33;0;0;2;1;17;A01
201300001493;0;7;0;0;2;3;15;A01
201300001493;0;33;0;0;2;1;17;B01
201300001494;0;33;0;0;2;1;1;B01
201300001494;0;7;0;0;2;8;19;A01
201300001495;0;7;0;13;0;3;1;A01
201300001496;0;7;0;0;2;3;15;A01
201300001496;0;7;0;6;2;8;1;B01
201300001496;0;7;0;0;2;8;1;C01
201300001497;0;7;0;0;1;1;1;A01
201300001498;0;7;0;0;2;7;13;A01
201300001498;0;7;0;0;0;1;1;B01
201300001499;0;14;0;0;2;1;1;B01
201300001499;0;7;0;0;2;1;13;A01
201300001500;0;7;0;2;0;7;13;A01
201300001501;0;7;0;0;0;2;1;B01
201300001501;0;7;0;0;0;7;19;A01
201300001502;0;7;0;13;0;1;13;A01
201300001503;0;33;0;13;0;1;1;A01
201300001504;0;7;0;1;2;8;19;B01
201300001504;0;7;0;0;2;3;1;A01
201300001505;0;7;0;2;0;8;1;A01
201300001506;0;7;0;0;2;2;13;A01
201300001506;0;7;0;0;2;2;1;B01
201300001507;0;15;0;0;2;3;1;A01
201300001507;0;7;0;0;2;3;1;C01
201300001507;0;7;0;0;2;5;15;B01
201300001508;0;7;0;0;2;1;13;A01
201300001508;0;7;0;0;2;3;1;B01
201300001509;0;7;0;0;2;1;21;B01
201300001509;0;7;0;0;2;2;13;A01
201300001510;0;7;0;10;0;1;1;A01
201300001511;0;7;0;0;1;3;1;A01
201300001511;0;30;0;0;0;0;0;B01
201300001511;0;7;0;0;1;8;23;C01
201300001512;0;33;0;16;0;1;1;A01
201300001512;0;33;0;16;0;1;1;B01
201300001513;0;7;0;0;2;3;1;B01
201300001513;0;7;0;0;9;2;1;C01
201300001513;0;7;0;2;2;3;13;A01
201300001514;0;10;0;13;0;1;1;A01
201300001515;0;33;0;16;0;0;1;A01
201300001516;0;7;0;0;2;3;15;A01
201300001516;0;7;0;0;2;1;1;B01
201300001517;0;10;0;0;2;1;1;A01
201300001517;0;1;0;0;2;7;19;B01
201300001518;0;7;0;0;2;8;1;B01
201300001518;0;1;0;0;2;1;19;A01
201300001519;0;33;0;13;0;9;14;A01
201300001520;0;33;0;0;2;1;1;A01
201300001520;0;7;0;0;2;3;15;B01
201300001521;0;7;0;0;1;2;16;A01
201300001522;0;30;0;13;0;2;14;A01
201300001523;0;7;0;2;0;1;1;A01
201300001524;0;7;0;0;2;1;1;A01
201300001524;0;1;0;0;2;1;1;B01
201300001525;0;30;0;13;0;1;13;A01
201300001526;0;2;0;0;2;1;1;B01
201300001526;0;7;0;0;2;7;10;A01
201300001527;0;10;0;0;1;2;2;A01
201300001528;0;7;0;0;2;1;19;B01
201300001528;0;7;0;0;2;7;1;A01
201300001529;0;7;0;0;2;2;15;A01
201300001529;0;7;0;0;2;1;1;B01
201300001530;0;7;0;16;0;1;1;A01
201300001531;0;33;0;2;0;1;17;A01
201300001532;0;21;0;0;1;3;1;A01
201300001533;0;7;0;16;0;2;14;A01
201300001534;0;7;0;13;0;8;1;A01
201300001535;0;33;0;14;0;1;1;A01
201300001536;0;7;0;2;0;2;14;A01
201300001537;0;7;0;0;2;1;1;A01
201300001537;0;38;13;0;2;3;23;B01
201300001538;0;33;0;0;2;8;1;B01
201300001538;0;7;0;0;2;3;15;A01
201300001539;0;7;0;16;0;1;14;A01
201300001540;0;7;0;0;1;2;1;A01
201300001541;0;1;0;0;2;1;1;B01
201300001541;0;7;0;0;9;2;16;A01
201300001542;0;7;0;0;2;1;12;A01
201300001542;0;7;0;15;2;8;0;B01
201300001543;0;7;0;13;0;3;13;A01
201300001544;0;7;0;0;2;2;15;A01
201300001544;0;2;0;0;2;1;1;B01
201300001545;0;7;0;0;1;1;1;A01
201300001546;1;7;0;0;1;2;1;Z01
201300001547;0;7;0;0;2;2;1;B01
201300001547;0;7;0;0;2;1;13;A01
201300001548;0;7;0;0;1;1;15;A01
201300001549;0;7;0;0;1;3;1;A01
201300001550;0;10;0;0;1;2;1;A01
201300001551;0;7;0;0;1;2;15;A01