num_acc;senc;catv;occutc;obs;obsm;choc;manv;num_veh
201300001552;0;7;0;0;2;1;1;A01
201300001552;0;13;0;0;0;6;2;B01
201300001553;0;7;0;0;1;1;1;A01
201300001554;0;7;0;0;2;1;1;B01
201300001554;0;7;0;0;2;5;19;A01
201300001555;0;7;0;0;2;1;1;B01
201300001555;0;7;0;6;2;8;1;A01
201300001556;0;7;0;0;2;2;15;B01
201300001556;0;7;0;0;2;6;19;A01
201300001557;0;30;0;0;0;7;16;A01
201300001558;0;7;0;0;2;8;1;B01
201300001558;0;7;0;0;2;2;1;A01
201300001559;0;7;0;0;0;4;2;B01
201300001559;0;7;0;0;2;1;1;A01
201300001560;0;7;0;0;2;1;15;A01
201300001560;0;7;0;0;2;2;1;B01
201300001561;0;7;0;14;0;1;2;A01
201300001561;0;7;0;0;0;4;23;B01
201300001562;0;7;0;0;2;1;2;A01
201300001562;0;7;0;0;0;4;2;B01
201300001563;0;7;0;0;2;3;2;B01
201300001563;0;2;0;0;2;1;15;A01
201300001564;0;7;0;0;1;3;9;A01
201300001565;0;7;0;0;2;2;13;A01
201300001565;0;7;0;0;2;1;1;B01
201300001566;0;1;0;0;0;4;2;B01
201300001566;1;7;0;0;2;1;2;Z01
201300001567;0;7;0;0;2;2;15;A01
201300001567;0;7;0;0;2;1;1;B01
201300001568;0;7;0;0;2;4;23;D01
201300001568;0;7;0;0;2;4;23;C01
201300001568;0;10;0;0;2;1;2;A01
201300001568;0;7;0;0;2;9;2;B01
201300001569;0;7;0;1;2;3;13;A01
201300001569;0;7;0;0;2;3;1;B01
201300001570;0;7;0;0;2;3;11;A01
201300001570;0;7;0;6;2;1;1;B01
201300001571;0;7;0;0;2;1;2;A01
201300001571;0;7;0;0;0;4;23;B01
201300001572;0;7;0;0;2;3;15;A01
201300001572;0;7;0;0;2;3;1;B01
201300001573;0;7;0;6;2;0;24;B01
201300001573;0;7;0;1;0;2;2;A01
201300001574;0;7;0;0;2;1;2;A01
201300001574;0;7;0;0;0;4;23;B01
201300001575;0;7;0;0;2;3;16;A01
201300001575;0;1;0;0;2;1;19;B01
201300001576;0;7;0;0;2;3;24;C01
201300001576;0;7;0;0;2;2;19;A01
201300001576;0;7;0;0;2;9;17;B01
201300001577;0;7;0;0;1;2;2;A01
201300001578;0;7;0;16;2;5;1;B01
201300001578;0;7;0;0;2;3;19;A01
201300001579;0;7;0;14;0;1;1;A01
201300001580;0;7;0;0;1;1;15;A01
201300001581;0;7;0;0;2;8;1;A01
201300001581;0;7;0;0;2;6;16;B01
201300001582;0;7;0;0;2;1;2;A01
201300001582;0;14;0;0;0;4;23;B01
201300001583;0;7;0;0;1;1;1;A01
201300001584;0;2;0;0;2;1;1;B01
201300001584;0;7;0;0;2;3;19;A01
201300001585;0;30;0;0;2;1;19;B01
201300001585;0;7;0;0;2;6;9;A01
201300001586;0;7;0;0;2;2;1;C02
201300001586;0;7;0;0;2;6;1;F01
201300001586;0;10;0;0;2;6;1;D01
201300001586;0;7;0;3;2;1;6;A01
201300001586;0;7;0;0;2;1;1;E01
201300001586;0;7;0;0;2;6;1;B01
201300001587;0;7;0;0;2;2;13;A01
201300001587;0;7;0;0;2;3;1;B01
201300001588;0;7;0;8;0;4;1;B01
201300001588;0;7;0;0;2;3;2;A01
201300001589;0;7;0;0;0;4;2;C01
201300001589;0;7;0;0;2;4;1;B01
201300001589;0;7;0;0;2;1;2;A01
201300001590;0;7;0;0;1;3;21;A01
201300001591;0;10;0;0;2;1;1;B01
201300001591;0;10;0;0;2;3;13;A01
201300001592;0;2;0;0;2;8;2;B01
201300001592;2;7;0;0;2;7;2;Z01
201300001593;0;7;0;0;2;1;1;B01
201300001593;0;7;0;0;2;2;15;A01
201300001594;0;7;0;0;2;1;11;A01
201300001594;0;2;0;0;2;1;1;B01
201300001595;0;7;0;0;2;8;15;A01
201300001595;0;7;0;0;2;1;1;B01
201300001596;0;37;1;0;1;2;1;A01
201300001597;0;10;0;0;0;3;15;B01
201300001597;0;7;0;0;2;1;17;A01
201300001598;0;7;0;0;2;3;13;A01
201300001598;0;17;0;13;2;3;1;B01
201300001599;0;7;0;0;1;3;1;A01
201300001600;0;7;0;0;2;7;15;A01
201300001600;0;1;0;0;2;8;1;B01
201300001601;0;2;0;0;2;1;1;B01
201300001601;0;7;0;0;2;2;15;A01
201300001602;0;7;0;0;2;8;1;A01
201300001602;0;32;0;0;2;1;1;B01
201300001603;0;7;0;0;2;1;2;A01
201300001603;0;7;0;13;2;9;1;B01
201300001604;0;7;0;8;0;2;14;A01
201300001605;0;17;0;0;2;5;1;B01
201300001605;0;7;0;0;2;1;19;A01
201300001606;0;7;0;0;2;2;16;A01
201300001606;0;1;0;0;2;8;1;B01
201300001607;0;30;0;0;2;1;1;B01
201300001607;0;7;0;0;2;3;20;A01
201300001608;0;2;0;0;2;1;1;A01
201300001608;0;2;0;0;2;1;17;B01
201300001609;0;7;0;0;0;8;1;B01
201300001609;0;2;0;0;2;1;2;A01
201300001610;0;7;0;0;2;1;1;B01
201300001610;0;10;0;0;2;3;15;A01
201300001611;0;10;0;0;2;2;15;A01
201300001611;0;7;0;0;2;1;1;B01
201300001612;0;7;0;0;2;2;1;A01
201300001612;0;7;0;0;0;4;15;B01
201300001613;0;7;0;0;2;1;1;C01
201300001613;0;7;0;0;2;1;1;B01
201300001613;0;7;0;0;2;3;15;A01
201300001614;0;2;0;0;2;1;2;A01
201300001614;0;7;0;0;2;4;23;B01
201300001615;0;7;0;0;1;1;1;A01
201300001616;0;33;0;12;2;8;0;B01
201300001616;0;7;0;0;2;3;0;A01
201300001617;0;7;0;0;2;2;0;B01
201300001617;0;7;0;0;2;7;15;A01
201300001617;0;7;0;0;2;3;0;C01
201300001618;0;7;0;6;0;4;12;B01
201300001618;0;7;0;0;2;1;1;A01
201300001619;0;7;0;0;2;7;15;B01
201300001619;0;10;0;0;2;1;2;A01
201300001620;0;7;0;0;2;1;15;A01
201300001620;0;7;0;0;2;2;0;B01
201300001621;0;33;0;11;0;1;17;A01
201300001622;0;7;0;0;2;1;1;A01
201300001622;0;1;0;0;2;8;1;B01
201300001623;0;7;0;2;1;9;0;A01
201300001624;0;7;0;0;2;1;1;B01
201300001624;0;7;0;0;2;3;1;A01
201300001625;0;7;0;0;2;2;0;B01
201300001625;0;7;0;0;2;8;0;A01
201300001626;1;7;0;1;1;2;21;Z01
201300001627;0;7;0;0;2;3;1;B01
201300001627;0;7;0;0;2;3;0;A01
201300001628;0;7;0;0;2;1;0;A01
201300001628;0;3;0;0;2;8;1;B01
201300001629;0;7;0;0;2;1;2;A01
201300001629;0;10;0;0;2;3;15;B01
201300001630;0;7;0;7;2;7;5;A01
201300001630;0;13;0;0;2;3;1;B01
201300001631;0;7;0;0;1;3;15;A01
201300001632;0;7;0;0;0;7;19;A01
201300001632;0;7;0;0;2;1;1;B01
201300001633;0;7;0;0;2;1;2;A01
201300001633;0;7;0;0;2;4;23;B01
201300001634;0;7;0;6;0;3;1;A01
201300001635;0;17;0;0;2;1;2;A01
201300001635;0;10;0;0;2;4;0;B01
201300001636;0;7;0;0;2;3;1;A01
201300001636;0;7;0;0;2;6;1;B01
201300001637;0;7;0;0;2;1;1;A01
201300001637;0;1;0;0;2;1;19;B01
201300001638;0;7;0;0;2;2;2;A01
201300001638;0;20;0;0;0;6;2;B01
201300001639;0;7;0;0;1;1;0;A01
201300001640;0;10;0;0;0;0;0;A01
201300001641;0;38;1;0;2;1;0;A01
201300001641;0;7;0;0;2;8;1;B01
201300001642;0;10;0;0;9;8;15;A01
201300001642;0;39;0;0;4;1;1;B01
201300001643;0;7;0;0;2;1;2;A01
201300001643;0;7;0;0;2;4;23;B01
201300001644;0;7;0;0;2;4;10;A01
201300001644;0;7;0;0;2;1;1;B02
201300001645;0;7;0;0;2;1;13;A01
201300001645;0;7;0;0;2;1;1;B02
201300001646;0;7;0;0;1;2;1;A01
201300001647;0;7;0;0;0;9;1;A01
201300001648;0;7;0;0;2;1;19;B02
201300001648;0;7;0;0;2;6;1;A01
201300001649;0;7;0;13;0;1;0;A01
201300001650;0;10;0;0;2;1;1;A01
201300001650;0;7;0;0;2;8;19;B02
201300001651;0;7;0;6;0;2;14;A01
201300001652;0;7;0;0;1;1;1;A01
201300001653;0;7;0;2;0;1;2;A01
201300001654;0;7;0;0;1;3;2;A01
201300001655;0;17;0;0;2;3;1;C03
201300001655;0;17;0;0;2;8;13;A01
201300001655;0;13;0;0;2;8;1;B02
201300001656;0;30;0;0;2;1;1;A01
201300001656;0;14;0;0;2;2;0;B02
201300001657;0;15;0;0;2;1;21;A01
201300001657;0;7;0;0;2;1;13;B02
201300001658;0;15;0;0;2;3;1;B02
201300001658;0;33;0;0;2;1;13;A01
201300001659;0;7;0;0;1;2;12;A01
201300001660;0;33;0;0;2;1;1;B02
201300001660;0;7;0;0;2;3;19;A01
201300001661;0;2;0;0;2;8;1;A01
201300001661;0;7;0;0;2;3;23;B02
201300001661;0;7;0;0;2;1;19;C03
201300001662;0;33;0;0;2;1;1;A01
201300001662;0;7;0;0;2;6;15;B02
201300001663;0;7;0;0;1;2;2;A01
201300001664;0;7;0;0;2;1;17;A01
201300001664;0;99;0;0;2;4;2;B02
201300001665;0;21;0;0;2;3;1;B02
201300001665;0;7;0;0;2;2;1;A01
201300001665;0;7;0;0;2;1;0;C03
201300001666;0;7;0;2;0;1;1;A01
201300001667;0;3;0;0;2;4;15;B02
201300001667;0;7;0;0;2;2;1;A01
201300001668;0;7;0;0;2;2;;A01
201300001668;0;30;0;0;2;1;1;B02
201300001669;0;33;0;0;2;7;1;A01
201300001669;0;10;0;0;2;3;16;B02
201300001670;0;7;0;6;0;1;1;A01
201300001671;0;7;0;0;0;2;1;A01
201300001672;0;7;0;0;2;3;1;B02
201300001672;0;33;0;0;2;1;13;A01
201300001673;0;7;0;2;0;3;13;A01
201300001674;0;33;0;13;0;9;1;A01
201300001675;0;7;0;2;0;3;13;A01
201300001676;0;7;0;0;2;7;13;A01
201300001676;0;7;0;0;2;1;1;B02
201300001677;0;7;0;0;2;3;1;A01
201300001677;0;7;0;0;2;3;15;B02
201300001678;0;7;0;2;0;1;0;A01
201300001679;0;7;0;0;2;1;1;A01
201300001679;0;7;0;0;2;3;15;B02
201300001680;0;7;0;0;2;8;10;A01
201300001680;0;7;0;0;2;1;1;B02
201300001681;0;10;0;6;0;2;13;A01
201300001682;0;33;0;0;2;1;17;B02
201300001682;0;10;0;0;2;3;15;A01
201300001683;0;7;0;0;2;8;19;A01
201300001683;0;33;0;0;2;1;1;B02
201300001684;0;2;0;16;0;0;1;A01
201300001685;0;7;0;0;2;1;13;A01
201300001685;0;7;0;0;2;3;1;B02
201300001686;0;7;0;0;2;2;13;A01
201300001686;0;7;0;0;2;1;1;B02
201300001687;0;7;0;0;2;3;1;A01
201300001687;0;31;0;16;2;3;19;B02
201300001688;0;7;0;0;0;1;13;A01
201300001688;0;14;0;0;0;3;1;B02
201300001689;0;7;0;0;2;2;1;A01
201300001689;0;30;0;0;2;1;16;C02
201300001690;0;7;0;0;2;8;15;A01
201300001690;0;7;0;0;2;1;1;B02
201300001691;0;7;0;0;2;8;0;A01
201300001691;0;7;0;0;2;1;1;B02
201300001692;0;3;0;16;0;0;1;A01
201300001693;0;30;0;16;0;0;1;A01
201300001694;0;14;0;0;2;3;1;B02
201300001694;0;7;0;0;2;3;17;A01
201300001695;0;30;0;1;0;1;14;A01
201300001696;0;7;0;0;2;2;9;A01
201300001696;0;1;0;0;0;7;1;B02
201300001697;0;1;0;0;2;8;15;B02
201300001697;0;7;0;0;9;1;16;A01
201300001698;0;33;0;0;0;1;0;A01
201300001698;0;7;0;0;0;8;0;B02
201300001699;0;7;0;0;1;1;1;A01
201300001700;0;7;0;0;2;1;1;C03
201300001700;0;7;0;0;2;1;19;A01
201300001700;0;7;0;0;2;1;19;B02
201300001701;0;14;0;0;9;1;1;A01
201300001701;0;1;0;0;0;8;11;B02
201300001702;0;7;0;6;0;8;13;A01
201300001703;0;7;0;0;2;1;13;A01
201300001703;0;7;0;0;2;1;1;B02
201300001704;0;7;0;0;2;3;1;A01
201300001704;0;7;0;0;2;3;1;B02
201300001704;0;7;0;0;0;4;1;C03
201300001705;0;7;0;0;2;0;1;B02
201300001705;0;7;0;0;2;3;1;A01
201300001706;0;30;0;0;2;8;19;A01
201300001706;0;7;0;0;2;3;1;B02
201300001707;0;7;0;0;2;1;9;A01
201300001707;0;30;0;0;2;7;2;B02
201300001708;0;7;0;0;2;1;1;B02
201300001708;0;7;0;0;0;1;1;A01
201300001709;0;7;0;0;1;1;1;A01
201300001710;0;7;0;0;2;1;15;A01
201300001710;0;33;0;0;2;1;1;B02
201300001711;0;7;0;13;0;8;1;A01
201300001712;0;7;0;0;0;4;15;B02
201300001712;0;30;0;0;2;1;1;A01
201300001713;0;10;0;0;2;1;1;B02
201300001713;0;7;0;0;2;8;15;A01
201300001714;0;33;0;0;2;1;1;A01
201300001714;0;7;0;0;2;1;1;B02
201300001715;0;7;0;0;2;2;1;A01
201300001715;0;7;0;0;2;8;15;B02
201300001716;0;7;0;0;2;2;15;A01
201300001716;0;7;0;0;2;1;1;B02
201300001717;0;7;0;8;0;1;13;A01
201300001718;0;7;0;0;2;7;1;B02
201300001718;0;3;0;0;2;1;1;A01
201300001719;0;33;0;13;0;8;13;A01
201300001720;0;7;0;0;1;1;1;A01
201300001721;0;7;0;0;2;1;1;B02
201300001721;0;10;0;0;2;1;5;A01
201300001721;0;7;0;0;2;1;1;C03
201300001722;0;7;0;0;2;1;1;A01
201300001722;0;7;0;0;2;8;19;B02
201300001723;0;37;1;0;2;1;1;B02
201300001723;0;7;0;0;2;3;15;A01
201300001724;0;7;0;0;1;2;1;A01
201300001725;0;99;0;0;2;0;1;B02
201300001725;0;7;0;0;9;1;9;A01
201300001726;0;7;0;0;2;7;16;B02
201300001726;0;2;0;0;2;1;1;A01
201300001727;0;10;0;0;0;0;0;A01
201300001727;0;7;0;0;2;7;1;D04
201300001727;0;7;0;0;2;3;1;C03
201300001728;0;2;0;8;0;1;0;A01
201300001729;0;33;0;3;0;2;1;A01
201300001730;0;7;0;14;0;3;13;A01
201300001731;0;7;0;13;0;3;14;A01
201300001732;0;7;0;0;2;2;19;A01
201300001732;0;2;0;0;2;8;1;B02
201300001733;0;33;0;0;2;1;17;A01
201300001733;0;7;0;0;2;8;15;B02
201300001734;0;33;0;0;2;1;1;B02
201300001734;0;7;0;0;2;3;15;A01
201300001735;0;10;0;0;1;1;1;A01
201300001736;0;30;0;3;0;1;1;A01
201300001737;0;7;0;0;2;3;1;B02
201300001737;0;7;0;0;2;3;13;A01
201300001738;0;7;0;0;1;1;1;A01
201300001739;0;7;0;0;2;7;19;A01
201300001739;0;33;0;0;2;1;1;B02
201300001740;0;7;0;8;0;1;0;B02
201300001741;0;7;0;0;2;1;1;A01
201300001741;0;14;0;0;2;2;16;B02
201300001742;0;7;0;0;2;2;19;B02
201300001742;0;7;0;0;2;3;1;A01
201300001743;0;7;0;13;0;9;1;A01
201300001744;0;7;0;13;0;1;0;A01
201300001745;0;7;0;2;0;0;1;A01
201300001746;0;1;0;0;0;4;1;B02
201300001746;0;7;0;0;2;5;2;A01
201300001747;0;7;0;0;2;3;1;B02
201300001747;0;2;0;0;2;1;1;A01
201300001748;0;33;0;15;0;1;1;A01
201300001749;0;31;0;0;0;7;19;A01
201300001750;0;7;0;0;2;3;1;B02
201300001750;0;15;0;0;2;8;1;A01
201300001751;0;31;0;0;2;7;21;A01
201300001752;0;7;0;6;0;2;1;A01
201300001753;0;7;0;0;2;6;15;A01
201300001753;0;7;0;0;2;1;2;B02
201300001754;0;32;0;8;0;0;13;A01
201300001755;0;33;0;13;0;1;1;A01
201300001756;0;7;0;0;2;1;1;B02
201300001756;0;7;0;0;2;1;13;A01
201300001757;0;10;0;0;1;2;1;A01
201300001758;0;10;0;0;2;7;15;B02
201300001758;0;33;0;0;2;1;0;A01
201300001759;0;33;0;0;5;2;0;A01
201300001760;0;7;0;0;2;3;1;A01
201300001760;2;7;0;0;2;1;16;B02
201300001761;0;7;0;0;1;1;1;A01
201300001762;0;1;0;0;2;8;1;A01
201300001762;0;7;0;0;2;1;1;B02
201300001763;0;10;0;0;2;2;17;B02
201300001763;0;30;0;0;2;3;15;A01
201300001764;0;7;0;0;1;3;15;A01
201300001765;0;7;0;0;2;1;15;A01
201300001765;0;33;0;6;2;1;1;B02
201300001766;0;33;0;0;0;1;1;B02
201300001766;0;33;0;0;0;3;15;A01
201300001767;0;14;0;0;2;4;1;B02
201300001767;0;2;0;0;2;1;1;A01
201300001768;0;7;0;0;2;3;1;A01
201300001768;0;21;0;0;2;3;1;B02
201300001769;0;7;0;0;2;8;13;A01
201300001769;0;7;0;0;2;1;1;B02
201300001769;0;7;0;0;2;1;1;C03
201300001770;0;7;0;16;0;0;1;A01
201300001771;0;33;0;0;0;7;1;A01
201300001772;0;7;0;0;2;1;1;A01
201300001772;0;14;0;0;2;1;1;B02
201300001773;0;7;0;13;2;1;1;B02
201300001773;0;30;0;0;2;4;15;A01
201300001774;0;7;0;0;2;7;1;B02
201300001774;0;7;0;0;2;1;1;A01
201300001775;0;7;0;0;2;3;0;B02
201300001775;0;7;0;0;2;1;15;A01
201300001775;0;7;0;0;2;8;23;C03
201300001776;0;7;0;0;2;7;13;A01
201300001776;0;7;0;0;2;1;1;B02
201300001777;0;7;0;0;1;2;0;A01
201300001778;0;7;0;0;2;1;0;B02
201300001778;0;7;0;0;2;2;1;A01
201300001779;0;10;0;3;0;1;1;A01
201300001780;0;7;0;0;1;1;15;A01
201300001781;0;10;0;0;1;1;1;A01
201300001782;0;10;0;0;1;3;1;A01
201300001783;0;10;0;2;0;9;14;A01
201300001784;0;7;0;0;2;2;1;B02
201300001784;0;1;0;0;2;8;19;A01
201300001785;0;31;0;0;2;1;1;B02
201300001785;0;7;0;0;2;7;19;A01
201300001786;0;1;0;0;2;8;2;B02
201300001786;0;33;0;0;9;7;2;A01
201300001787;0;2;0;12;0;1;1;A01
201300001788;0;7;0;13;0;4;23;B02
201300001788;0;13;0;0;2;1;1;A01
201300001789;0;7;0;0;2;3;13;A01
201300001789;0;7;0;0;2;3;1;B02
201300001790;0;10;0;0;2;3;1;B02
201300001790;0;7;0;0;2;3;6;A01
201300001791;0;7;0;0;2;1;1;B02
201300001791;0;10;0;0;2;1;13;A01
201300001792;0;7;0;0;1;1;1;A01
201300001793;0;7;0;0;2;2;19;B02
201300001793;0;7;0;0;2;1;1;A01
201300001794;0;33;0;0;2;8;1;A01
201300001794;0;7;0;0;2;1;19;B02
201300001795;0;2;0;0;2;7;1;B02
201300001795;0;7;0;0;2;1;1;A01
201300001796;0;7;0;0;2;2;15;A01
201300001796;0;2;0;0;2;1;1;B02
201300001797;0;7;0;0;2;1;14;A01
201300001797;0;7;0;0;2;4;1;B02
201300001798;0;7;0;0;2;1;1;A01
201300001798;0;7;0;0;2;1;15;B02
201300001799;0;15;0;0;2;1;1;B02
201300001799;0;10;0;0;2;2;13;A01
201300001799;0;7;0;13;0;3;21;C03
201300001800;0;1;0;0;2;4;1;B02
201300001800;0;1;0;0;2;4;1;C03
201300001800;0;7;0;0;2;2;1;A01
201300001801;0;7;0;0;2;3;2;A01
201300001801;0;7;0;0;2;6;15;B02
201300001802;0;10;0;0;2;3;1;B02
201300001802;0;7;0;0;2;1;5;A01
201300001803;0;33;0;0;2;1;17;A01
201300001803;0;7;0;0;2;6;15;B02
201300001804;0;7;0;0;2;2;1;A01
201300001804;0;1;0;0;2;7;19;B02
201300001805;0;7;0;0;2;1;1;A01
201300001805;0;7;0;0;2;3;1;B02
201300001806;0;7;0;0;2;6;15;B02
201300001806;0;33;0;0;2;1;2;A01
201300001807;0;33;0;0;2;3;1;B02
201300001807;0;7;0;0;2;3;13;A01
201300001808;0;1;0;0;0;7;19;A01
201300001808;0;30;0;0;2;1;21;B02
201300001809;0;7;0;0;1;3;1;A01
201300001810;0;7;0;0;0;1;2;A01
201300001811;0;33;0;14;0;0;1;A01
201300001812;0;7;0;13;0;1;1;A01
201300001813;0;10;0;0;2;3;15;A01
201300001813;0;30;0;0;2;8;1;B02
201300001814;0;7;0;0;2;3;1;A01
201300001814;0;33;0;0;2;1;1;B02
201300001815;0;7;0;0;1;1;1;A01
201300001816;0;33;0;0;2;1;1;A01
201300001816;0;7;0;0;2;8;15;B02
201300001817;0;7;0;0;2;1;1;B02
201300001817;0;7;0;0;2;2;13;A01
201300001818;0;38;1;0;2;3;1;B02
201300001818;0;30;0;0;2;1;1;A01
201300001819;0;7;0;6;0;2;1;A01
201300001820;0;7;0;0;2;3;15;A01
201300001820;0;7;0;0;2;1;1;B02
201300001821;0;7;0;0;2;1;1;A01
201300001821;0;7;0;0;2;1;1;B02
201300001822;0;33;0;0;2;1;1;A01
201300001822;0;7;0;0;2;3;15;B02
201300001823;0;14;0;0;2;3;1;B02
201300001823;0;7;0;0;2;3;13;A01
201300001824;0;7;0;0;2;1;13;A01
201300001824;0;7;0;0;2;3;1;B02
201300001825;0;7;0;0;2;3;13;A01
201300001825;0;7;0;0;2;1;1;B02
201300001826;0;7;0;13;0;1;1;A01
201300001827;0;7;0;0;2;2;17;A01
201300001827;0;33;0;0;2;1;1;B02
201300001828;0;33;0;0;2;1;21;A01
201300001828;0;7;0;0;2;3;19;B02
201300001829;0;7;0;13;0;2;1;A01
201300001830;0;7;0;0;2;3;13;A01
201300001830;0;7;0;0;2;3;1;B02
201300001831;0;7;0;0;2;5;15;B02
201300001831;0;31;0;0;2;3;2;A01
201300001832;0;7;0;0;2;8;19;A01
201300001832;0;33;0;0;2;1;1;B02
201300001833;0;7;0;1;0;8;19;A01
201300001834;0;7;0;2;0;1;13;A01
201300001835;0;7;0;0;2;3;19;B02
201300001835;0;30;0;0;2;2;1;A01
201300001836;0;7;0;0;2;1;1;A01
201300001836;0;1;0;0;2;1;19;B02
201300001837;0;7;0;0;1;2;1;A01
201300001838;0;30;0;0;2;1;19;A01
201300001838;0;7;0;0;2;8;1;B02
201300001839;0;7;0;2;0;3;0;A01
201300001840;0;10;0;0;2;3;1;B02
201300001840;0;7;0;0;2;3;13;A01
201300001841;0;7;0;0;1;2;1;A01
201300001842;0;30;0;0;2;1;1;A01
201300001842;0;7;0;0;0;4;16;B02
201300001843;0;7;0;0;2;2;16;B02
201300001843;0;33;0;0;2;3;2;A01
201300001844;0;7;0;0;2;2;1;B02
201300001844;0;7;0;0;2;3;19;A01
201300001845;0;33;0;8;0;1;1;A01
201300001846;0;7;0;2;0;1;1;A01
201300001847;0;30;0;0;0;0;1;A01
201300001848;0;7;0;0;1;1;1;A01
201300001849;0;7;0;8;0;1;1;A01
201300001850;0;7;0;0;2;6;15;B02
201300001850;0;14;0;0;2;2;1;A01
201300001851;0;7;0;0;2;2;1;A01
201300001851;0;2;0;0;0;4;1;B02
201300001852;0;7;0;0;2;7;1;B02
201300001852;0;30;0;0;2;1;15;A01
201300001853;0;7;0;13;0;1;14;A01
201300001854;0;7;0;0;2;3;9;A01
201300001854;0;33;0;0;2;1;1;B02
201300001855;0;1;0;0;2;7;13;B02
201300001855;0;7;0;0;2;3;1;A01
201300001856;0;7;0;0;2;1;13;A01
201300001856;0;7;0;0;2;0;21;B02
201300001857;0;7;0;0;2;3;13;A01
201300001857;0;7;0;0;2;3;1;C03
201300001857;0;7;0;0;2;8;21;B02
201300001858;0;7;0;0;2;3;19;A01
201300001858;0;33;0;0;2;1;1;B02
201300001859;0;33;0;0;2;1;1;A01
201300001859;0;7;0;0;2;5;19;B02
201300001860;0;2;0;0;2;1;1;B02
201300001860;0;7;0;0;2;3;16;A01
201300001861;0;33;0;0;0;0;0;A01
201300001862;0;7;0;8;2;1;1;A01
201300001862;0;7;0;0;2;4;1;B02
201300001863;0;7;0;0;2;1;9;B02
201300001863;0;2;0;0;2;7;1;A01
201300001864;0;7;0;0;1;7;1;A01
201300001865;0;7;0;0;2;2;15;A01
201300001865;0;2;0;0;2;1;1;B02
201300001866;0;7;0;0;1;7;1;A01
201300001867;0;7;0;0;2;3;1;A01
201300001867;0;7;0;0;2;1;2;C03
201300001867;0;30;0;0;2;2;15;B02
201300001868;0;30;0;0;2;1;1;B02
201300001868;0;31;0;0;2;7;15;A01
201300001869;2;10;0;0;2;1;2;A01
201300001869;0;30;0;0;2;4;2;B02
201300001869;0;7;0;0;0;4;2;C03
201300001870;0;7;0;0;2;1;5;A01
201300001870;0;7;0;0;2;1;1;B02
201300001870;0;7;0;0;2;1;1;C03
201300001871;0;7;0;0;2;1;1;B02
201300001871;0;7;0;0;2;1;15;A01
201300001872;0;38;1;0;2;1;1;A01
201300001872;0;30;0;0;2;3;1;B02
201300001873;0;1;0;0;0;7;1;B02
201300001873;0;7;0;0;2;1;19;A01
201300001874;0;32;0;0;2;1;2;B02
201300001874;1;14;0;0;2;4;1;A01
201300001875;0;7;0;0;2;2;1;A01
201300001875;0;30;0;0;2;1;1;B02
201300001876;0;7;0;8;0;8;17;A01
201300001877;0;3;0;0;2;1;17;A01
201300001877;0;7;0;0;2;3;0;B02
201300001878;0;36;0;8;0;1;1;A01
201300001879;0;38;0;0;2;8;1;B02
201300001879;0;30;0;0;2;2;9;A01
201300001880;0;7;0;0;2;5;15;B02
201300001880;0;10;0;0;2;3;2;A01
201300001881;0;2;0;0;2;7;1;B02
201300001881;0;17;0;0;2;3;1;A01
201300001882;0;14;0;13;0;3;17;A01
201300001883;0;7;0;16;0;9;14;A01
201300001884;0;7;0;0;2;3;1;A01
201300001884;0;7;0;0;2;2;15;B02
201300001885;0;7;0;0;2;2;15;A01
201300001885;0;7;0;0;2;3;1;B02
201300001886;0;33;0;8;0;1;13;A01
201300001887;0;10;0;0;2;1;1;A01
201300001887;0;1;0;0;2;7;1;B02
201300001888;0;7;0;0;2;3;19;A01
201300001888;0;33;0;0;2;1;1;B02
201300001889;0;30;0;0;1;1;1;A01
201300001890;0;7;0;0;2;3;13;A01
201300001890;0;7;0;0;2;2;1;B02
201300001890;0;7;0;0;2;1;1;C03
201300001891;0;7;0;0;2;6;21;B02
201300001891;0;30;0;0;2;1;13;A01
201300001892;0;2;0;0;2;1;1;A01
201300001892;0;7;0;0;2;5;15;B02
201300001893;0;31;0;0;2;1;13;A01
201300001893;0;7;0;0;2;3;1;B02
201300001894;0;7;0;0;2;1;13;A01
201300001894;0;7;0;0;2;1;1;B02
201300001894;0;7;0;6;0;1;1;C03
201300001895;0;7;0;0;9;3;21;A01
201300001895;0;1;0;0;2;1;13;B02
201300001896;0;33;0;0;2;1;1;B02
201300001896;0;7;0;0;2;7;19;A01
201300001897;0;7;0;0;2;7;1;A01
201300001897;0;7;0;0;2;1;1;B02
201300001898;0;7;0;0;2;7;15;A01
201300001898;0;7;0;0;2;1;1;B02
201300001898;0;10;0;0;2;3;23;C03
201300001899;0;1;0;0;0;6;13;A01
201300001899;0;7;0;0;9;3;21;B02
201300001899;0;7;0;0;9;8;0;C03
201300001900;0;33;0;0;0;1;1;A01
201300001901;0;14;0;0;2;1;13;A01
201300001901;0;14;0;0;2;1;1;B02
201300001901;0;14;0;0;2;3;1;C03
201300001902;0;7;0;0;2;1;1;B02
201300001902;0;7;0;0;2;8;19;A01
201300001903;0;7;0;0;2;3;3;A01
201300001903;0;7;0;0;2;3;1;B02
201300001904;0;7;0;2;0;1;1;A01
201300001905;0;7;0;0;2;4;23;A01
201300001905;0;2;0;1;0;1;1;B02
201300001906;0;7;0;0;0;2;1;B02
201300001906;0;3;0;0;2;2;15;A01
201300001907;0;32;0;0;2;2;13;A01
201300001907;0;7;0;0;2;1;1;B02