num_acc;senc;catv;occutc;obs;obsm;choc;manv;num_veh
201300001908;0;33;0;0;2;1;1;A01
201300001908;0;7;0;0;2;1;15;B02
201300001909;0;7;0;0;1;3;1;A01
201300001910;0;7;0;0;2;1;13;A01
201300001910;0;7;0;0;2;1;1;B02
201300001911;0;7;0;0;4;9;13;A01
201300001911;0;39;480;0;2;1;1;B02
201300001912;0;31;0;16;0;1;1;A01
201300001913;0;7;0;0;2;1;0;B02
201300001913;0;7;0;0;2;1;0;A01
201300001914;0;7;0;0;2;1;21;B02
201300001914;0;13;0;0;2;1;1;C03
201300001914;0;7;0;0;0;0;17;A01
201300001915;0;7;0;2;0;2;1;A01
201300001916;0;7;0;0;1;2;1;A01
201300001917;0;33;0;15;0;7;1;A01
201300001918;0;7;0;8;0;7;1;A01
201300001919;0;7;0;0;2;3;13;A01
201300001919;0;7;0;0;2;3;0;B02
201300001920;0;2;0;0;2;1;1;A01
201300001920;0;38;1;0;2;6;16;B02
201300001921;0;7;0;0;1;1;1;A01
201300001922;0;7;0;0;0;0;1;A01
201300001923;0;21;0;13;0;0;1;A01
201300001924;0;7;0;0;2;5;17;A01
201300001924;0;7;0;0;0;6;1;B02
201300001925;0;7;0;0;2;2;15;A01
201300001925;0;33;0;0;2;1;1;B02
201300001926;0;7;0;0;2;3;9;A01
201300001926;0;1;0;0;2;4;1;B02
201300001927;0;7;0;0;0;3;15;A01
201300001927;0;33;0;0;0;8;1;B02
201300001928;0;7;0;7;0;1;1;A01
201300001929;0;14;0;0;2;2;1;A01
201300001929;0;7;0;0;2;7;19;B02
201300001930;0;7;0;0;2;3;1;A01
201300001930;0;7;0;0;2;3;1;B02
201300001931;0;7;0;0;1;3;1;A01
201300001932;0;7;0;0;2;1;1;A01
201300001932;0;30;0;0;2;1;15;B02
201300001933;0;33;0;0;0;8;1;A01
201300001934;0;7;0;0;0;3;15;A01
201300001934;0;30;0;0;0;0;1;B02
201300001935;0;33;0;13;0;1;1;A01
201300001936;0;7;0;0;2;1;13;A01
201300001936;0;7;0;0;2;1;1;B02
201300001937;0;7;0;0;2;3;15;A01
201300001937;0;33;0;0;2;3;1;B02
201300001938;0;33;0;0;2;1;17;A01
201300001938;0;21;0;0;2;3;15;B02
201300001939;0;2;0;0;2;1;17;A01
201300001939;0;21;0;0;2;1;1;B02
201300001940;0;33;0;12;0;1;1;A01
201300001941;0;30;0;0;0;3;15;A01
201300001942;0;30;0;0;0;0;1;A01
201300001943;0;7;0;0;1;1;15;A01
201300001944;0;14;0;0;2;1;1;B02
201300001944;0;7;0;0;2;8;15;A01
201300001945;0;33;0;13;0;1;1;A01
201300001946;0;7;0;0;2;3;13;A01
201300001946;0;7;0;0;2;3;1;B02
201300001947;0;7;0;0;2;2;21;A01
201300001947;0;10;0;0;2;2;21;B02
201300001947;0;7;0;0;0;1;10;C03
201300001948;0;7;0;6;0;2;14;A01
201300001949;0;7;0;2;9;2;1;A01
201300001950;0;7;0;0;1;6;1;A01
201300001951;0;7;0;0;2;3;15;B02
201300001951;0;2;0;0;2;1;1;A01
201300001952;0;7;0;0;2;1;1;A01
201300001952;0;10;0;0;2;1;0;B02
201300001953;0;7;0;0;2;1;13;A01
201300001953;0;7;0;0;2;3;1;B02
201300001954;0;7;0;0;2;2;13;A01
201300001954;0;7;0;0;2;2;1;B02
201300001955;0;7;0;0;2;1;1;A01
201300001955;0;21;0;0;2;1;1;B02
201300001956;0;7;0;13;0;1;1;A01
201300001957;0;7;0;4;0;9;1;A01
201300001958;0;7;0;8;0;1;1;A01
201300001959;0;7;0;4;0;2;1;A01
201300001960;0;7;0;0;2;1;1;A01
201300001960;0;17;0;0;2;1;1;B02
201300001961;0;7;0;13;0;1;13;A01
201300001962;0;7;0;0;2;5;19;B02
201300001962;0;2;0;0;2;1;1;A01
201300001963;0;30;0;0;0;1;1;A01
201300001964;0;33;0;0;2;1;17;A01
201300001964;0;7;0;0;2;3;1;B02
201300001965;0;7;0;5;0;3;1;A01
201300001966;0;1;0;0;2;1;1;B02
201300001966;0;10;0;0;2;3;15;A01
201300001967;0;7;0;10;0;1;1;A01
201300001968;0;33;0;0;2;1;1;B02
201300001968;1;7;0;0;2;8;19;A01
201300001969;0;36;0;8;0;1;13;A01
201300001970;0;33;0;0;2;1;1;B02
201300001970;0;7;0;0;2;8;19;A01
201300001971;0;7;0;0;2;1;13;A01
201300001971;0;10;0;0;2;3;1;B02
201300001972;0;7;0;0;2;1;15;A01
201300001972;0;2;0;0;2;1;1;B02
201300001973;0;1;0;0;2;2;10;A01
201300001973;0;7;0;0;2;3;1;B02
201300001974;0;7;0;8;0;8;1;A01
201300001975;0;7;0;0;2;3;1;A01
201300001975;0;3;0;0;2;1;15;B02
201300001976;0;7;0;0;2;1;1;B02
201300001976;0;7;0;0;2;7;19;A01
201300001977;0;10;0;0;2;3;1;A01
201300001977;0;1;0;0;2;4;13;B02
201300001978;0;30;0;0;2;3;1;B02
201300001978;2;7;0;0;2;3;1;A01
201300001979;0;7;0;6;0;3;13;A01
201300001980;0;7;0;0;2;8;19;A01
201300001980;0;7;0;0;2;1;1;B02
201300001981;0;10;0;13;0;1;1;A01
201300001982;0;7;0;0;2;3;1;B02
201300001982;0;7;0;0;2;3;1;A01
201300001983;0;7;0;0;2;3;5;A01
201300001983;0;17;0;0;2;3;1;B02
201300001984;0;17;0;0;2;3;1;B02
201300001984;0;7;0;0;2;3;13;A01
201300001985;0;7;0;6;0;1;1;A01
201300001986;0;7;0;13;0;1;16;A01
201300001987;0;7;0;8;0;1;1;A01
201300001988;0;30;0;12;0;2;1;A01
201300001989;0;7;0;6;0;8;1;A01
201300001990;0;7;0;0;0;0;1;A01
201300001991;0;7;0;0;1;1;1;A01
201300001992;0;7;0;6;0;1;1;A01
201300001993;0;7;0;0;2;3;1;A01
201300001993;0;17;0;0;2;8;15;B02
201300001994;0;7;0;0;1;0;1;A01
201300001995;0;7;0;0;2;1;1;A01
201300001995;0;7;0;0;2;1;1;B02
201300001996;0;7;0;8;0;2;1;A01
201300001997;2;7;0;13;0;3;1;A01
201300001998;0;7;0;6;2;2;17;A01
201300001998;0;21;0;0;2;3;15;B02
201300001999;0;7;0;0;2;8;15;A01
201300001999;0;33;0;0;2;3;1;B02
201300002000;0;30;0;0;2;1;1;B02
201300002000;0;7;0;0;2;3;17;A01
201300002001;0;7;0;0;1;2;1;A01
201300002002;0;7;0;13;0;1;1;A01
201300002003;0;7;0;0;2;8;19;A01
201300002003;0;30;0;0;2;1;1;B02
201300002004;0;7;0;0;2;2;1;B02
201300002004;0;7;0;0;2;3;19;A01
201300002005;0;10;0;2;0;1;1;A01
201300002006;0;7;0;0;0;1;5;A01
201300002006;0;7;0;0;0;1;1;B02
201300002007;0;15;0;0;1;7;2;A01
201300002008;0;7;0;0;0;7;15;A01
201300002008;0;33;0;0;2;1;1;B02
201300002009;0;14;0;0;0;1;1;A01
201300002009;0;7;0;0;2;8;1;B02
201300002010;0;21;0;0;2;3;15;A01
201300002010;0;7;0;0;2;1;17;B02
201300002011;0;7;0;2;0;8;1;A01
201300002012;0;30;0;0;0;2;16;A01
201300002013;0;7;0;13;0;1;1;A01
201300002014;0;7;0;4;0;3;1;A01
201300002015;0;7;0;0;2;2;1;A01
201300002015;0;7;0;0;2;3;19;B02
201300002016;0;7;0;0;1;6;9;A01
201300002017;0;7;0;0;2;3;13;A01
201300002017;0;7;0;0;2;3;1;B02
201300002018;0;7;0;0;1;1;1;A01
201300002019;0;30;0;0;0;1;1;A01
201300002020;0;7;0;0;2;3;13;A01
201300002020;0;7;0;0;2;3;1;B02
201300002021;0;7;0;0;2;3;9;A01
201300002021;0;2;0;0;2;7;1;B02
201300002022;0;33;0;0;2;8;13;A01
201300002022;0;20;0;0;2;8;1;B02
201300002023;0;7;0;0;0;0;1;A01
201300002024;0;7;0;0;0;0;1;A01
201300002025;0;7;0;0;2;1;1;A01
201300002025;0;7;0;0;2;8;10;B02
201300002026;0;7;0;0;2;3;13;A01
201300002026;0;7;0;0;2;3;1;B02
201300002027;0;7;0;0;1;3;1;A01
201300002028;0;33;0;0;2;1;1;B02
201300002028;0;10;0;0;2;5;19;A01
201300002029;0;7;0;0;1;1;1;A01
201300002030;0;33;0;0;2;1;15;A01
201300002030;0;7;0;0;2;3;1;B02
201300002031;0;7;0;10;0;2;1;A01
201300002032;0;33;0;13;0;1;0;A01
201300002033;0;2;0;0;0;1;1;A01
201300002033;0;20;0;0;0;1;0;B02
201300002033;0;7;0;0;0;1;1;C03
201300002034;0;7;0;13;0;3;1;A01
201300002035;0;7;0;0;2;3;13;A01
201300002035;0;7;0;0;2;3;1;B02
201300002036;0;7;0;13;0;2;14;A01
201300002037;0;7;0;13;0;1;13;A01
201300002038;0;30;0;0;2;1;2;A01
201300002038;0;10;0;0;2;5;2;B02
201300002039;0;7;0;0;2;1;13;A01
201300002039;0;7;0;0;2;1;21;B02
201300002040;0;7;0;2;0;7;1;A01
201300002041;0;15;0;0;2;1;1;A01
201300002041;0;7;0;6;2;7;9;B02
201300002042;0;7;0;13;0;9;13;A01
201300002043;0;7;0;2;0;8;14;A01
201300002044;0;7;0;0;2;2;1;A01
201300002044;0;1;0;0;2;3;19;B02
201300002045;0;7;0;0;0;0;10;A01
201300002045;0;31;0;0;0;0;21;B02
201300002046;0;33;0;0;6;3;1;A01
201300002047;0;7;0;0;2;1;1;A01
201300002047;0;10;0;0;2;8;19;B02
201300002048;0;7;0;6;0;1;13;A01
201300002049;0;30;0;0;2;1;0;A01
201300002049;0;7;0;0;2;3;0;B02
201300002050;0;7;0;0;0;1;13;A01
201300002050;0;7;0;0;0;2;1;B02
201300002051;0;15;0;0;2;5;13;A01
201300002051;0;15;0;0;2;1;1;B02
201300002052;0;10;0;13;0;3;1;A01
201300002053;0;33;0;13;0;1;1;A01
201300002054;0;7;0;0;2;1;1;A01
201300002054;0;7;0;0;2;1;1;B02
201300002055;0;7;0;13;0;1;1;A01
201300002056;0;7;0;0;2;3;13;A01
201300002056;0;17;0;0;2;3;1;B02
201300002057;0;7;0;0;2;3;13;A01
201300002057;0;10;0;0;2;3;1;B02
201300002058;0;7;0;6;0;1;1;A01
201300002059;0;7;0;0;2;1;1;A01
201300002059;0;7;0;0;2;1;1;B02
201300002060;0;1;0;0;2;1;1;A01
201300002060;0;7;0;0;2;3;0;B02
201300002061;0;2;0;0;2;7;1;A01
201300002061;0;7;0;0;2;8;1;B02
201300002062;0;7;0;0;2;3;21;A01
201300002062;0;33;0;0;2;1;13;B02
201300002063;0;7;0;0;1;4;4;A01
201300002064;0;7;0;0;1;2;0;A01
201300002065;0;7;0;0;1;2;1;A01
201300002066;0;7;0;6;0;1;15;A01
201300002067;0;7;0;0;2;1;2;B01
201300002067;0;7;0;0;0;4;2;A01
201300002068;0;36;0;14;2;1;16;B01
201300002068;0;7;0;0;2;3;21;A01
201300002069;0;30;0;0;0;2;1;A01
201300002070;0;7;0;0;1;3;9;A01
201300002071;0;7;0;0;1;2;1;A01
201300002072;0;7;0;0;1;7;1;A01
201300002073;0;7;0;0;1;1;1;A01
201300002074;0;7;0;0;2;9;1;A01
201300002074;0;7;0;0;2;3;9;B01
201300002075;0;7;0;0;2;3;13;A01
201300002075;0;7;0;0;2;1;1;B01
201300002076;0;7;0;0;1;0;1;A01
201300002077;0;2;0;0;2;1;1;A01
201300002077;0;3;0;0;2;3;0;B01
201300002078;0;7;0;0;1;2;1;A01
201300002079;0;7;0;0;1;2;1;A01
201300002080;0;7;0;0;1;7;1;A01
201300002081;0;7;0;13;2;8;0;A01
201300002081;0;7;0;1;2;1;14;C01
201300002081;0;7;0;1;2;4;24;B01
201300002082;0;2;0;0;2;1;13;B01
201300002082;0;7;0;0;2;3;1;A01
201300002083;0;7;0;0;2;3;13;B02
201300002083;0;7;0;0;2;6;1;A01
201300002084;0;7;0;0;2;1;1;A01
201300002084;0;10;0;0;2;3;1;B02
201300002085;0;7;0;8;0;1;1;A01
201300002086;0;7;0;0;2;1;1;B02
201300002086;0;7;0;0;2;1;13;A01
201300002087;0;15;0;0;2;2;1;A01
201300002087;0;7;0;0;2;3;15;B02
201300002088;0;7;0;7;0;1;1;A01
201300002089;0;7;0;0;2;3;5;B02
201300002089;0;33;0;0;2;3;5;A01
201300002090;0;33;0;13;0;7;1;A01
201300002091;0;1;0;0;2;8;19;B02
201300002091;0;7;0;0;2;1;1;A01
201300002092;0;30;0;0;0;4;1;A01
201300002092;0;7;0;0;0;1;1;B02
201300002093;0;37;35;0;1;7;11;A01
201300002094;0;10;0;0;2;1;1;B02
201300002094;0;10;0;0;0;7;15;A01
201300002094;0;10;0;0;0;1;23;C03
201300002095;0;7;0;0;2;3;1;A01
201300002095;0;7;0;0;2;3;13;B02
201300002096;0;33;0;0;2;1;1;A01
201300002096;0;10;0;0;2;8;19;B02
201300002097;0;7;0;0;2;3;1;B02
201300002097;0;7;0;0;2;3;5;A01
201300002098;0;10;0;6;0;1;1;A01
201300002099;0;10;0;0;2;3;23;C03
201300002099;0;32;0;0;2;1;1;B02
201300002099;0;10;0;0;2;8;9;A01
201300002100;0;7;0;0;2;1;1;A01
201300002100;0;7;0;0;2;5;16;B02
201300002101;0;7;0;0;2;3;15;B02
201300002101;0;2;0;0;2;1;1;A01
201300002102;0;33;0;2;0;1;1;A01
201300002103;0;15;0;0;0;0;15;B02
201300002103;0;33;0;0;2;9;17;A01
201300002104;0;7;0;0;2;3;1;A01
201300002104;0;7;0;0;2;2;19;B02
201300002105;0;7;0;13;0;6;21;A01
201300002106;0;3;0;0;0;7;1;A01
201300002107;0;7;0;0;2;3;23;B02
201300002107;0;7;0;0;2;1;1;A01
201300002107;0;7;0;0;2;3;1;C03
201300002108;0;7;0;0;0;3;1;A01
201300002109;0;7;0;0;2;6;1;C03
201300002109;0;7;0;0;2;3;1;B02
201300002109;0;7;0;0;2;3;13;A01
201300002110;0;7;0;0;2;2;1;A01
201300002110;0;1;0;0;2;1;6;B02
201300002111;0;33;0;0;2;1;13;A01
201300002111;0;7;0;0;2;1;1;B02
201300002112;0;15;0;13;0;1;1;A01
201300002113;0;36;0;8;0;1;0;A01
201300002114;0;7;0;13;0;3;14;A01
201300002115;0;7;0;1;0;1;0;A01
201300002116;0;7;0;0;2;3;1;B02
201300002116;0;33;0;0;2;1;17;A01
201300002117;0;7;0;0;2;3;17;A01
201300002117;0;7;0;0;2;1;1;C03
201300002117;0;7;0;0;2;3;1;B02
201300002118;0;7;0;3;0;1;1;A01
201300002119;0;7;0;0;2;7;19;B02
201300002119;0;17;0;0;2;1;1;A01
201300002120;0;7;0;13;0;8;1;A01
201300002121;0;7;0;0;2;8;15;B02
201300002121;0;31;0;0;2;1;11;A01
201300002122;0;7;0;0;2;3;19;A01
201300002122;0;33;0;0;2;1;1;B02
201300002123;0;10;0;0;2;2;1;B02
201300002123;0;7;0;0;2;7;19;A01
201300002124;0;7;0;0;2;0;10;A01
201300002124;0;7;0;0;2;2;1;B02
201300002125;0;7;0;0;2;7;2;A01
201300002125;0;1;0;0;2;8;2;B02
201300002126;0;7;0;0;9;2;21;A01
201300002126;0;1;0;0;2;8;1;B02
201300002127;0;1;0;0;2;4;1;B02
201300002127;0;7;0;0;2;2;1;A01
201300002128;0;7;0;0;1;2;21;A01
201300002129;0;33;0;0;2;0;0;A01
201300002130;0;34;0;0;2;1;17;B02
201300002130;0;7;0;0;0;8;15;A01
201300002131;0;7;0;0;2;8;1;A01
201300002131;0;2;0;0;2;1;19;B02
201300002132;0;30;0;1;0;7;21;B02
201300002132;0;7;0;0;2;8;22;A01
201300002133;0;7;0;0;2;1;9;A01
201300002133;0;1;0;0;2;4;1;B02
201300002134;0;7;0;0;2;1;17;A01
201300002134;0;7;0;0;2;1;1;B02
201300002134;0;7;0;0;2;8;1;C03
201300002135;0;7;0;2;0;1;1;A01
201300002136;0;7;0;0;1;4;4;A01
201300002137;0;7;0;13;0;2;1;A01
201300002138;0;7;0;0;2;1;13;A01
201300002138;0;7;0;0;2;3;1;B02
201300002139;0;7;0;0;2;1;15;A01
201300002139;0;7;0;0;2;3;1;B02
201300002140;0;33;0;0;0;1;1;A01
201300002141;0;7;0;0;2;3;1;B02
201300002141;0;7;0;0;2;3;13;A01
201300002142;0;7;0;0;2;1;1;B02
201300002142;0;7;0;0;2;7;19;A01
201300002143;0;7;0;0;1;1;1;A01
201300002144;0;7;0;8;2;1;13;A01
201300002144;0;33;0;0;2;1;1;B02
201300002145;0;3;0;0;2;0;0;C03
201300002145;0;7;0;0;2;1;15;B02
201300002145;0;30;0;0;2;1;15;A01
201300002146;0;7;0;0;2;1;1;B02
201300002146;0;7;0;0;2;1;15;A01
201300002147;0;30;0;1;0;1;1;A01
201300002147;0;99;0;0;0;6;24;B02
201300002148;0;33;0;0;5;1;19;A01
201300002149;0;30;0;0;2;8;1;A01
201300002150;0;2;0;14;0;1;1;A01
201300002151;0;10;0;0;2;3;19;B02
201300002151;0;33;0;0;2;2;1;A01
201300002152;0;10;0;0;2;7;1;A01
201300002152;0;31;0;0;2;1;1;B02
201300002153;0;33;0;0;6;1;1;A01
201300002154;0;7;0;0;2;1;1;B02
201300002154;0;7;0;0;2;1;1;A01
201300002155;0;7;0;13;0;1;18;A01
201300002156;0;33;0;0;2;1;1;B02
201300002156;0;7;0;0;2;3;15;A01
201300002157;0;7;0;10;0;1;1;A01
201300002158;0;7;0;0;2;1;9;A01
201300002158;0;32;0;0;2;7;1;B02
201300002159;0;7;0;13;0;2;0;A01
201300002160;0;7;0;0;9;6;9;B02
201300002160;0;33;0;0;2;1;1;A01
201300002161;0;7;0;0;2;3;15;A01
201300002161;0;2;0;0;2;1;1;B02
201300002162;0;7;0;0;2;6;15;A01
201300002162;0;7;0;0;2;3;1;B02
201300002163;0;31;0;0;2;1;1;B02
201300002163;0;7;0;0;2;3;1;A01
201300002164;0;7;0;0;1;4;23;A01
201300002165;0;33;0;0;2;1;17;B02
201300002165;0;7;0;0;0;6;15;A01
201300002166;0;7;0;0;2;7;1;A01
201300002166;0;33;0;0;2;1;1;B02
201300002167;0;10;0;13;0;2;1;A01
201300002168;0;10;0;0;2;3;17;A01
201300002168;0;2;0;0;2;8;15;B02
201300002169;0;7;0;13;0;2;1;A01
201300002170;0;7;0;0;2;1;1;B02
201300002170;0;10;0;0;2;2;15;A01
201300002171;0;7;0;0;2;1;1;B02
201300002171;0;7;0;0;2;2;1;A01
201300002172;0;7;0;2;0;1;14;A01
201300002173;0;7;0;0;2;8;15;A01
201300002173;0;10;0;0;2;1;1;B02
201300002174;0;7;0;0;2;3;1;B02
201300002174;0;7;0;0;2;3;1;A01
201300002175;0;7;0;0;1;3;1;A01
201300002176;0;7;0;2;0;2;14;A01
201300002177;0;14;0;0;2;5;23;B02
201300002177;0;7;0;1;0;1;1;A01
201300002178;0;33;0;0;0;3;1;A01
201300002179;0;33;0;16;0;8;0;A01
201300002180;0;7;0;0;2;6;16;B02
201300002180;0;2;0;0;2;2;21;A01
201300002181;0;7;0;0;1;7;1;A01
201300002182;0;7;0;9;1;2;1;A01
201300002183;0;10;0;0;1;2;1;A01
201300002184;0;7;0;2;0;2;0;A01
201300002185;0;7;0;0;0;0;14;A01
201300002186;0;7;0;8;0;1;1;A01
201300002187;0;7;0;2;0;2;13;A01
201300002188;0;33;0;0;2;1;17;A01
201300002188;0;7;0;0;2;3;15;B02
201300002189;0;7;0;0;2;2;19;A01
201300002189;0;7;0;1;0;8;23;C02
201300002189;0;33;0;0;2;1;1;B03
201300002190;0;7;0;0;2;8;20;A01
201300002190;0;7;0;0;2;8;1;C03
201300002190;0;33;0;0;2;1;1;B02
201300002191;0;21;0;0;2;1;23;C03
201300002191;0;7;0;0;0;0;17;B02
201300002191;0;33;0;0;2;8;17;A01
201300002192;0;7;0;0;0;6;2;B02
201300002192;0;7;0;0;2;2;2;A01
201300002193;0;7;0;0;0;3;15;A01
201300002193;0;33;0;0;2;1;2;B02
201300002194;0;7;0;0;0;3;1;A01
201300002195;0;33;0;0;2;1;13;A01
201300002195;0;7;0;0;2;2;1;B02
201300002196;0;7;0;1;0;3;1;A01
201300002196;0;7;0;0;0;1;24;B02
201300002197;0;30;0;0;2;4;2;B02
201300002197;0;30;0;0;2;1;2;A01
201300002198;0;2;0;1;0;1;1;A01
201300002198;0;7;0;0;2;5;24;B02
201300002199;0;10;0;2;0;1;1;A01
201300002200;0;10;0;0;2;3;1;B02
201300002200;0;15;0;0;2;2;1;A01
201300002201;0;10;0;3;0;2;1;A01
201300002202;0;30;0;0;2;3;5;A01
201300002202;0;7;0;0;2;2;1;B02
201300002203;0;7;0;4;1;1;13;A01
201300002204;0;7;0;0;2;1;5;A01
201300002204;0;7;0;0;2;1;1;B02
201300002205;0;38;1;0;2;4;4;A01
201300002205;0;7;0;0;2;2;1;B02
201300002206;0;1;0;0;2;7;16;B02
201300002206;0;7;0;0;9;3;1;A01
201300002207;0;7;0;0;2;2;15;A01
201300002207;0;1;0;0;2;1;1;B02
201300002208;0;7;0;6;0;8;13;A01
201300002209;0;2;0;0;2;1;17;B02
201300002209;0;10;0;0;2;8;15;A01
201300002210;0;7;0;13;0;1;0;A01
201300002211;0;30;0;0;0;6;2;B02
201300002211;0;7;0;0;2;2;2;A01
201300002212;0;7;0;0;9;3;1;B02
201300002212;0;1;0;0;2;3;5;A01
201300002213;0;30;0;0;2;2;17;A01
201300002213;0;7;0;0;2;3;15;B02
201300002214;0;13;0;0;1;3;1;A01
201300002215;0;33;0;0;0;7;1;A01
201300002216;0;31;0;13;0;0;13;A01
201300002217;0;33;0;7;0;1;2;A01
201300002218;0;33;0;0;2;1;1;A01
201300002218;0;7;0;0;2;8;19;B02
201300002219;0;7;0;0;0;4;1;A01
201300002219;0;33;0;0;2;1;1;B02
201300002220;0;7;0;0;2;3;1;B02
201300002220;0;7;0;0;2;1;19;A01
201300002221;0;7;0;0;2;8;1;C03
201300002221;0;2;0;0;2;1;1;B02
201300002221;0;7;0;0;2;8;13;A01
201300002222;0;1;0;0;2;1;9;B02
201300002222;0;10;0;0;2;5;1;A01
201300002223;0;2;0;0;2;1;1;B02
201300002223;0;7;0;0;2;2;15;A01
201300002224;0;7;0;0;9;8;1;A01
201300002225;0;7;0;0;2;2;11;A01
201300002225;0;7;0;0;2;2;1;B02
201300002226;0;14;0;0;2;1;17;A01
201300002226;0;15;0;0;2;1;1;B02
201300002227;0;7;0;0;2;1;1;B02
201300002227;0;7;0;0;2;1;13;A01
201300002228;0;7;0;8;0;1;1;A01
201300002229;0;30;0;0;0;4;2;B02
201300002229;0;10;0;0;2;1;9;A01
201300002230;0;7;0;0;2;2;1;B02
201300002230;0;33;0;0;2;1;1;A01
201300002231;0;10;0;2;0;1;1;A01
201300002232;0;7;0;0;2;3;1;B02
201300002232;0;30;0;0;2;8;1;A01
201300002233;0;7;0;0;1;1;1;A01
201300002234;0;33;0;0;2;4;1;A01
201300002234;0;33;0;0;2;1;1;B02
201300002234;0;7;0;0;2;8;1;C03
201300002235;0;1;0;0;0;4;1;B02
201300002235;0;7;0;0;2;2;1;A01
201300002236;0;30;0;0;2;8;15;A01
201300002236;0;7;0;0;2;7;17;B02
201300002237;0;7;0;16;0;2;14;A01
201300002238;0;7;0;0;2;3;1;B02
201300002238;0;7;0;0;2;3;13;A01
201300002239;0;7;0;0;2;3;1;B02
201300002239;0;7;0;0;2;2;13;A01
201300002240;0;7;0;8;0;1;13;A01
201300002241;0;3;0;13;0;1;19;A01
201300002242;0;7;0;2;0;2;1;A01
201300002243;0;7;0;8;0;2;14;A01
201300002244;0;7;0;0;2;3;1;B02
201300002244;0;7;0;0;2;3;1;A01
201300002245;0;10;0;0;2;3;1;A01
201300002245;0;33;0;0;2;8;1;B02
201300002246;0;7;0;0;9;2;1;A01
201300002246;0;2;0;0;2;1;16;B02
201300002247;0;7;0;0;2;1;1;B02
201300002247;0;7;0;0;2;8;13;A01
201300002248;0;10;0;0;1;3;1;A01
201300002249;0;30;0;0;2;1;1;B02
201300002249;0;7;0;0;2;3;15;A01
201300002250;0;7;0;0;2;1;13;A01
201300002250;0;7;0;0;2;1;1;B02
201300002251;0;7;0;0;9;3;1;D04
201300002251;0;7;0;0;0;3;13;A01
201300002251;0;7;0;0;2;1;1;C03
201300002251;0;7;0;0;2;3;1;B02
201300002252;0;7;0;0;2;2;1;B02
201300002252;0;7;0;0;2;7;15;A01
201300002253;0;7;0;0;1;3;1;A01
201300002254;0;30;0;1;0;1;2;A01
201300002255;0;7;0;0;1;2;1;A01
201300002256;0;30;0;0;2;4;1;B02
201300002256;1;7;0;0;2;1;2;A01
201300002257;0;7;0;2;0;1;14;A01
201300002258;0;7;0;0;2;1;1;A01
201300002258;0;7;0;13;2;8;19;B02
201300002259;0;7;0;3;0;8;17;A01
201300002260;0;7;0;0;1;3;15;A01
201300002261;0;1;0;0;2;8;13;A01
201300002261;0;7;0;0;9;8;1;B02
201300002262;0;33;0;13;0;8;1;A01
201300002263;0;10;0;2;0;7;2;A01
201300002264;0;1;0;0;2;7;15;B02
201300002264;0;7;0;0;2;1;1;A01
201300002265;0;7;0;0;2;2;19;A01
201300002265;0;7;0;0;2;3;1;B02
201300002266;0;7;0;0;1;2;1;A01
201300002267;0;10;0;0;2;3;1;A01
201300002267;0;10;0;0;2;2;1;B02
201300002268;0;7;0;0;1;4;4;A01
201300002269;0;7;0;0;2;3;1;B02
201300002269;0;33;0;0;2;1;17;A01
201300002270;0;10;0;0;2;0;15;B02
201300002270;0;33;0;0;2;2;17;A01
201300002271;0;7;0;0;2;3;19;A01
201300002271;0;30;0;0;2;1;1;B02
201300002272;0;7;0;0;2;1;1;A01
201300002272;0;10;0;0;2;1;1;B02
201300002273;0;7;0;0;2;3;1;A01
201300002273;0;7;0;0;2;3;1;B02
201300002273;0;7;0;14;0;2;1;C03
201300002274;1;7;0;0;1;3;1;A01
201300002275;0;7;0;0;2;2;13;B02
201300002275;0;7;0;0;2;2;1;A01
201300002276;0;7;0;0;2;2;1;A01
201300002276;0;33;0;0;0;8;1;B02
201300002277;0;7;0;0;2;3;1;B02
201300002277;0;33;0;0;2;0;1;A01
201300002278;0;7;0;0;2;2;1;A01
201300002278;0;2;0;0;2;1;1;B02
201300002279;0;7;0;0;2;2;1;A01
201300002279;0;7;0;0;2;2;1;B02
201300002280;0;7;0;0;2;1;17;A01
201300002280;0;10;0;0;2;1;1;B02
201300002281;0;7;0;0;2;3;1;B02
201300002281;0;7;0;0;2;1;13;C03
201300002281;0;7;0;0;2;3;13;A01
201300002282;0;7;0;0;2;1;15;A01
201300002282;0;7;0;0;2;2;1;B02
201300002283;0;33;0;0;2;1;1;B02
201300002283;0;10;0;0;2;3;15;A01
201300002284;0;7;0;0;2;3;13;A01
201300002284;0;38;5;0;2;3;21;B02
201300002285;0;7;0;0;2;3;1;B02
201300002285;0;7;0;0;2;3;1;A01
201300002286;0;7;0;0;2;1;1;B02
201300002286;0;30;0;0;2;1;13;A01
201300002287;0;10;0;0;2;1;1;A01
201300002287;0;1;0;0;0;8;15;B02
201300002288;0;7;0;0;0;8;13;A01
201300002289;0;7;0;0;2;3;1;A01
201300002289;0;2;0;0;2;1;1;B02
201300002290;0;7;0;0;2;1;15;A01
201300002290;0;7;0;0;2;2;1;B02
201300002291;0;2;0;0;2;2;19;A01
201300002291;0;7;0;0;2;1;1;B02
201300002292;0;7;0;0;2;1;1;B02
201300002292;0;7;0;0;2;3;19;A01
201300002293;0;33;0;13;0;1;1;A01
201300002294;0;7;0;13;0;1;0;B02
201300002294;0;7;0;0;2;1;2;A01
201300002295;0;7;0;0;2;2;1;A01