num_acc;senc;catv;occutc;obs;obsm;choc;manv;num_veh
201300002295;0;7;0;0;0;7;1;B02
201300002296;0;7;0;0;2;8;1;B02
201300002296;0;7;0;0;2;1;1;A01
201300002297;0;7;0;2;0;3;13;A01
201300002298;0;7;0;0;2;3;6;A01
201300002298;0;17;0;0;2;3;1;B02
201300002299;0;7;0;2;0;1;1;A01
201300002300;0;7;0;13;0;1;16;A01
201300002301;0;7;0;0;2;3;13;A01
201300002301;0;21;0;0;2;3;1;B02
201300002302;0;7;0;0;2;1;19;A01
201300002302;0;1;0;0;2;8;1;B02
201300002303;0;7;0;0;2;8;19;B02
201300002303;0;7;0;0;2;1;1;A01
201300002304;0;33;0;0;2;1;1;B02
201300002304;0;7;0;0;2;3;10;A01
201300002305;0;2;0;2;0;1;1;A01
201300002306;0;7;0;0;2;7;21;A01
201300002306;0;10;0;6;2;1;1;B02
201300002307;0;7;0;2;0;7;1;A01
201300002308;0;7;0;0;0;0;0;A01
201300002309;0;7;0;0;2;3;16;A01
201300002309;0;33;0;0;2;1;23;B02
201300002310;0;7;0;11;0;8;1;A01
201300002311;0;7;0;0;2;1;1;B02
201300002311;0;7;0;0;2;8;19;A01
201300002312;0;7;0;13;0;1;1;A01
201300002313;0;7;0;0;2;3;2;B02
201300002313;0;7;0;0;2;2;14;A01
201300002314;0;7;0;0;0;2;14;A01
201300002315;0;7;0;13;0;1;1;A01
201300002316;0;30;0;0;1;1;1;A01
201300002317;0;7;0;1;0;5;21;A01
201300002317;0;1;0;0;2;6;24;B02
201300002318;0;33;0;13;0;1;1;A01
201300002319;0;33;0;0;2;1;1;A01
201300002319;0;7;0;0;2;1;15;B02
201300002320;0;7;0;0;2;1;15;A01
201300002320;0;33;0;0;2;1;1;B02
201300002321;0;1;0;1;0;1;1;A01
201300002321;0;7;0;0;0;4;24;B02
201300002322;0;31;0;1;0;1;1;A01
201300002323;0;7;0;8;0;3;1;A01
201300002323;0;7;0;14;0;2;1;B02
201300002324;0;7;0;0;1;3;1;A01
201300002325;0;7;0;2;0;6;1;A01
201300002326;0;7;0;0;2;1;1;A01
201300002326;0;7;0;0;2;8;15;B02
201300002327;0;7;0;6;0;2;1;A01
201300002328;0;10;0;0;2;3;1;B02
201300002328;0;7;0;0;2;3;13;A01
201300002329;0;33;0;0;2;1;1;B02
201300002329;0;7;0;0;2;3;9;A01
201300002330;0;17;0;0;2;3;2;A01
201300002330;0;7;0;0;2;3;13;B02
201300002331;0;2;0;0;2;2;17;A01
201300002331;0;7;0;0;2;3;15;B02
201300002332;0;7;0;0;0;2;13;B02
201300002332;0;30;0;0;0;8;15;A01
201300002333;0;3;0;0;0;0;1;A01
201300002334;0;2;0;0;2;1;17;A01
201300002334;0;10;0;0;2;3;9;B02
201300002335;0;7;0;0;0;5;4;A01
201300002335;0;2;0;0;2;1;1;B02
201300002336;0;7;0;0;1;3;15;A01
201300002337;0;1;0;0;0;1;19;B02
201300002337;0;33;0;0;9;1;17;A01
201300002338;0;7;0;0;1;4;20;A01
201300002339;0;33;0;0;2;1;1;B02
201300002339;0;10;0;0;2;7;19;A01
201300002340;0;3;0;0;2;1;9;A01
201300002340;0;7;0;0;2;8;1;B02
201300002341;1;7;0;0;1;1;1;A01
201300002342;0;7;0;13;0;1;1;A01
201300002343;0;7;0;8;0;3;1;A01
201300002344;0;7;0;0;2;1;19;A01
201300002344;0;7;0;0;2;7;1;B02
201300002344;0;7;0;0;2;1;1;C03
201300002345;0;7;0;0;2;1;1;B02
201300002345;0;7;0;0;2;1;9;A01
201300002346;0;1;0;0;2;1;1;B02
201300002346;0;14;0;0;2;8;1;A01
201300002347;0;7;0;0;0;1;19;A01
201300002348;0;7;0;0;4;3;1;A01
201300002348;0;39;8;0;2;2;1;B02
201300002349;0;7;0;13;0;7;14;A01
201300002350;0;7;0;0;2;1;1;A01
201300002350;0;1;0;0;2;7;1;B02
201300002351;0;7;0;0;1;5;1;A01
201300002352;0;7;0;0;1;8;1;A01
201300002353;0;2;0;8;0;0;1;A01
201300002354;0;2;0;0;2;2;17;A01
201300002354;0;1;0;0;2;6;1;B02
201300002355;0;7;0;0;2;3;1;B02
201300002355;0;7;0;0;2;2;1;A01
201300002356;0;7;0;0;2;2;1;A01
201300002356;0;1;0;0;2;4;1;B02
201300002357;0;7;0;0;2;3;1;C03
201300002357;0;7;0;0;2;1;2;D04
201300002357;0;7;0;0;2;3;1;B02
201300002357;0;10;0;0;2;3;13;A01
201300002358;0;30;0;0;2;8;13;A01
201300002358;0;3;0;0;2;8;1;B02
201300002359;0;7;0;0;1;3;1;A01
201300002360;0;7;0;2;0;1;14;A01
201300002361;0;33;0;0;2;1;1;B02
201300002361;0;33;0;0;2;1;1;C03
201300002361;0;7;0;0;2;1;15;A01
201300002362;0;7;0;13;0;1;1;A01
201300002363;0;1;0;0;2;0;1;A01
201300002363;0;14;0;0;0;0;0;B02
201300002364;0;7;0;0;2;7;17;B02
201300002364;0;1;0;0;2;8;1;A01
201300002365;0;7;0;0;2;3;13;A01
201300002365;0;7;0;0;2;3;1;B02
201300002366;0;1;0;0;2;1;19;B02
201300002367;0;7;0;0;2;8;19;B02
201300002367;0;7;0;0;2;2;1;A01
201300002368;1;7;0;0;1;1;1;A01
201300002369;0;7;0;7;0;1;1;A01
201300002370;0;14;0;0;2;1;1;B02
201300002370;0;7;0;0;2;1;5;A01
201300002371;0;38;1;0;2;2;1;A01
201300002371;0;10;0;0;2;3;9;B02
201300002372;0;7;0;0;2;1;15;A01
201300002372;0;1;0;0;2;8;1;B02
201300002372;0;1;0;0;2;8;1;C03
201300002373;0;17;0;2;0;2;1;A01
201300002374;0;7;0;0;2;1;13;A01
201300002374;0;7;0;0;2;1;1;B02
201300002375;0;2;0;0;2;3;19;A01
201300002375;0;7;0;0;2;2;1;B02
201300002376;0;33;0;0;2;1;1;A01
201300002376;0;7;0;0;2;8;15;B02
201300002377;0;33;0;0;2;1;1;B02
201300002377;0;7;0;0;2;3;19;A01
201300002378;0;7;0;0;2;1;13;A01
201300002378;0;7;0;0;2;3;1;B02
201300002379;0;33;0;0;0;4;15;A01
201300002379;0;7;0;0;2;1;17;B02
201300002380;0;7;0;0;2;3;15;A01
201300002380;0;15;0;0;2;1;1;B02
201300002381;0;7;0;0;2;2;15;A01
201300002381;0;31;0;0;2;1;1;B02
201300002382;0;33;0;0;2;1;1;B02
201300002382;0;10;0;0;2;4;4;A01
201300002383;0;7;0;13;0;1;14;A01
201300002384;0;10;0;0;9;2;21;B02
201300002384;0;1;0;0;2;3;11;A01
201300002385;0;7;0;0;2;8;13;B02
201300002385;0;33;0;0;2;3;1;A01
201300002386;0;33;0;0;2;0;1;A01
201300002387;0;7;0;0;2;2;15;A01
201300002387;0;33;0;0;2;1;1;B02
201300002388;0;7;0;0;1;1;1;A01
201300002389;0;33;0;0;5;2;1;A01
201300002390;0;7;0;13;0;1;1;A01
201300002391;0;7;0;0;2;1;13;B02
201300002391;0;7;0;0;2;1;1;A01
201300002392;0;7;0;0;2;2;15;A01
201300002392;0;33;0;0;2;0;1;B02
201300002393;0;33;0;0;2;1;1;A01
201300002393;0;7;0;0;2;3;19;B02
201300002394;0;1;0;0;0;4;0;A01
201300002395;0;7;0;0;1;3;15;A01
201300002396;0;30;0;0;2;0;18;A01
201300002396;0;7;0;0;0;0;16;B02
201300002397;0;7;0;0;2;3;1;B02
201300002397;0;10;0;0;2;3;13;A01
201300002398;0;7;0;2;0;2;13;A01
201300002399;0;33;0;0;2;7;1;B02
201300002399;0;7;0;0;2;2;15;A01
201300002400;0;7;0;0;0;3;15;A01
201300002400;0;33;0;0;0;0;17;B02
201300002401;0;7;0;0;2;3;1;B02
201300002401;0;7;0;0;2;3;13;A01
201300002402;0;10;0;5;0;1;14;A01
201300002403;0;7;0;0;2;1;13;A01
201300002403;0;7;0;0;2;1;1;B02
201300002403;0;7;0;0;2;8;1;C03
201300002404;0;7;0;0;2;6;15;A01
201300002404;0;33;0;0;2;1;1;B02
201300002405;0;33;0;0;0;2;1;B02
201300002405;0;7;0;0;0;2;15;A01
201300002406;0;1;0;0;2;0;1;B02
201300002406;0;7;0;0;9;3;13;A01
201300002407;0;7;0;0;2;1;13;A01
201300002407;0;7;0;0;2;1;1;B02
201300002408;0;1;0;0;2;8;19;B02
201300002408;0;7;0;0;9;2;1;A01
201300002409;0;7;0;0;2;3;15;B02
201300002409;0;33;0;0;2;1;1;A01
201300002410;0;7;0;0;0;5;15;A01
201300002410;0;34;0;0;0;2;1;B02
201300002411;0;7;0;0;2;7;15;A01
201300002411;0;7;0;0;2;1;1;B02
201300002412;0;33;0;1;0;1;1;A01
201300002413;0;30;0;0;2;1;1;B02
201300002413;0;7;0;0;2;2;1;A01
201300002414;0;7;0;0;2;1;13;A01
201300002414;0;7;0;0;2;1;1;B02
201300002415;0;7;0;0;2;1;1;C03
201300002415;0;7;0;0;2;1;1;B02
201300002415;0;7;0;0;2;1;6;A01
201300002416;0;15;0;0;2;1;1;C03
201300002416;0;7;0;0;2;2;6;A01
201300002416;0;7;0;0;2;1;1;B02
201300002417;0;33;0;0;2;1;1;B02
201300002417;0;7;0;0;2;1;15;A01
201300002418;0;7;0;0;2;8;19;A01
201300002418;0;33;0;0;2;1;1;B02
201300002419;0;7;0;2;0;8;1;A01
201300002420;0;33;0;0;2;1;2;A01
201300002420;0;7;0;0;2;6;15;B02
201300002421;0;7;0;13;0;3;13;A01
201300002422;0;30;0;12;0;1;0;A01
201300002423;0;7;0;6;0;8;1;A01
201300002424;0;7;0;0;2;1;1;B02
201300002424;0;3;0;0;2;1;15;A01
201300002425;0;30;0;0;2;1;13;A01
201300002425;0;7;0;0;2;1;1;B02
201300002426;0;7;0;2;0;1;1;A01
201300002427;0;14;0;0;2;1;1;B02
201300002427;0;7;0;0;2;7;19;A01
201300002428;0;10;0;0;2;7;15;A01
201300002428;0;33;0;0;2;1;1;B02
201300002429;0;7;0;0;1;1;1;A01
201300002430;0;10;0;2;0;4;2;A01
201300002431;0;7;0;0;2;3;15;B02
201300002431;0;7;0;0;2;1;1;A01
201300002432;0;7;0;2;0;1;1;A01
201300002433;0;33;0;16;6;1;13;A01
201300002434;0;7;0;2;0;9;0;A01
201300002435;0;7;0;0;1;3;23;B02
201300002435;0;37;0;0;1;7;17;A01
201300002436;0;7;0;16;0;1;14;A01
201300002437;0;2;0;0;0;0;1;A01
201300002438;0;7;0;0;2;3;1;B02
201300002438;0;10;0;0;2;2;1;A01
201300002439;0;7;0;13;0;2;1;A01
201300002440;0;7;0;0;2;3;1;A01
201300002441;0;7;0;0;2;2;19;A01
201300002441;0;7;0;0;2;3;1;B02
201300002442;0;7;0;0;2;2;1;A01
201300002442;0;30;0;0;2;3;19;B02
201300002443;0;7;0;0;9;9;1;A01
201300002444;0;7;0;0;0;3;9;A01
201300002444;0;7;0;0;0;2;1;B02
201300002445;0;7;0;8;0;2;14;A01
201300002446;0;7;0;0;2;3;1;A01
201300002446;0;99;0;0;0;6;1;B02
201300002447;0;30;0;1;0;1;1;B02
201300002447;0;17;0;0;2;6;24;A01
201300002448;0;7;0;0;0;3;13;B02
201300002448;0;15;0;0;2;3;1;A01
201300002449;0;7;0;16;0;1;1;A01
201300002450;0;7;0;0;2;2;2;A01
201300002450;0;2;0;0;2;4;2;B02
201300002451;0;1;0;0;2;7;1;A01
201300002451;0;7;0;0;2;1;15;B02
201300002452;0;33;0;0;2;1;1;B02
201300002452;0;7;0;0;2;8;19;A01
201300002453;0;33;0;0;2;2;16;A01
201300002453;0;7;0;0;2;3;1;B02
201300002454;0;2;0;8;0;1;1;A01
201300002455;0;33;0;0;2;1;1;A01
201300002455;0;7;0;0;2;3;19;B02
201300002456;0;7;0;8;0;2;1;A01
201300002457;0;31;0;0;0;0;0;A01
201300002458;0;7;0;6;0;3;1;A01
201300002459;0;7;0;15;0;1;2;A01
201300002460;0;7;0;0;2;1;1;B02
201300002460;0;7;0;0;2;1;1;A01
201300002461;0;10;0;8;2;6;1;A01
201300002461;0;7;0;0;2;2;15;B02
201300002462;0;10;0;0;1;2;1;A01
201300002463;0;7;0;0;2;1;1;A01
201300002463;0;7;0;0;2;1;13;B02
201300002464;0;7;0;0;2;7;15;A01
201300002464;0;31;0;0;2;1;1;B02
201300002465;0;33;0;2;0;1;14;A01
201300002466;0;7;0;8;0;1;1;A01
201300002467;0;7;0;6;0;1;1;A01
201300002468;0;7;0;6;0;9;1;A01
201300002469;0;7;0;4;0;9;1;A01
201300002470;0;7;0;0;2;3;1;B02
201300002470;0;33;0;0;2;3;17;A01
201300002470;0;7;0;0;2;1;1;C03
201300002471;0;7;0;0;2;2;13;A01
201300002471;0;10;0;0;2;2;21;B02
201300002472;0;31;0;0;2;1;17;A01
201300002472;0;7;0;0;0;6;15;B02
201300002473;0;7;0;0;2;2;1;A01
201300002473;0;1;0;0;2;4;1;B02
201300002474;0;7;0;0;2;1;0;B02
201300002474;0;7;0;0;2;7;13;A01
201300002475;0;7;0;6;0;8;13;A01
201300002476;0;30;0;1;0;7;1;A01
201300002477;0;33;0;0;2;1;1;A01
201300002477;0;7;0;0;2;3;15;B02
201300002478;0;7;0;0;0;2;13;B02
201300002478;0;10;0;0;2;2;1;A01
201300002479;0;17;0;2;0;1;13;A01
201300002480;0;33;0;5;0;1;1;A01
201300002481;0;7;0;1;1;6;4;A01
201300002482;0;30;0;0;2;1;13;A01
201300002482;0;7;0;0;2;3;1;B02
201300002483;0;7;0;0;1;6;4;A01
201300002484;0;7;0;16;0;3;13;A01
201300002485;0;33;0;0;2;1;6;A01
201300002485;0;7;0;0;2;0;19;B02
201300002486;0;7;0;0;2;2;17;A01
201300002486;0;7;0;0;2;8;15;B02
201300002487;0;7;0;0;2;1;15;B02
201300002487;0;31;0;0;2;7;1;A01
201300002488;0;33;0;14;0;0;1;A01
201300002489;0;15;0;0;2;0;17;A01
201300002489;0;2;0;0;2;0;2;B02
201300002490;0;33;0;0;2;1;1;A01
201300002490;0;7;0;0;0;8;19;B02
201300002491;0;7;0;0;1;2;1;A01
201300002492;0;7;0;0;1;1;1;A01
201300002493;0;37;0;0;1;7;22;A01
201300002494;0;7;0;0;2;3;1;B02
201300002494;0;33;0;0;2;1;1;A01
201300002495;0;33;0;3;0;1;0;A01
201300002496;0;7;0;0;2;3;1;B02
201300002496;0;7;0;0;2;1;13;A01
201300002497;0;30;0;0;2;1;9;A01
201300002497;0;7;0;0;2;2;1;B02
201300002498;0;7;0;0;2;2;19;A01
201300002498;0;7;0;0;2;8;19;B02
201300002499;0;7;0;13;0;9;1;A01
201300002500;0;7;0;0;1;2;1;A01
201300002501;0;7;0;0;2;3;15;B02
201300002501;0;30;0;0;2;3;1;A01
201300002502;0;7;0;6;0;9;1;A01
201300002503;0;7;0;0;2;1;1;A01
201300002503;0;21;0;0;0;6;19;B02
201300002504;0;7;0;0;2;2;17;A01
201300002504;0;21;0;0;2;6;1;B02
201300002505;0;10;0;0;2;3;1;B02
201300002505;0;7;0;0;2;3;13;A01
201300002506;0;7;0;0;2;7;1;A01
201300002506;0;7;0;0;2;1;1;B02
201300002507;0;10;0;0;2;2;2;B02
201300002507;0;33;0;0;2;1;16;A01
201300002508;0;33;0;0;2;1;17;A01
201300002508;0;21;0;0;2;8;15;B02
201300002509;0;33;0;0;2;1;2;A01
201300002509;0;7;0;0;2;3;2;B02
201300002510;0;33;0;7;0;1;13;A01
201300002511;0;7;0;0;2;2;1;A01
201300002511;0;7;0;0;2;1;19;B02
201300002512;0;7;0;0;2;1;1;A01
201300002512;0;7;0;0;2;1;1;B02
201300002513;0;10;0;0;0;1;1;A01
201300002513;0;31;0;0;0;1;1;B02
201300002514;0;30;0;0;0;4;23;A01
201300002514;0;7;0;0;0;2;0;B02
201300002515;0;14;0;0;0;1;1;A01
201300002515;0;1;0;0;0;7;1;B02
201300002516;0;31;0;3;0;1;1;A01
201300002517;0;7;0;0;2;3;19;B02
201300002517;0;7;0;0;2;1;1;A01
201300002518;0;7;0;13;0;3;1;A01
201300002519;0;31;0;0;2;8;17;B02
201300002519;0;7;0;0;2;7;17;A01
201300002520;0;7;0;0;0;0;1;A01
201300002521;0;30;0;13;0;1;1;A01
201300002522;0;7;0;13;0;3;0;A01
201300002523;0;33;0;0;0;0;1;A01
201300002524;0;7;0;13;0;3;1;A01
201300002525;0;1;0;0;0;4;1;A01
201300002525;0;7;0;0;2;2;9;B02
201300002526;0;3;0;0;0;0;1;A01
201300002527;0;7;0;0;0;3;13;A01
201300002527;0;7;0;0;0;3;1;B02
201300002528;0;2;0;2;0;1;13;A01
201300002529;0;7;0;2;0;1;13;A01
201300002530;0;7;0;8;0;2;14;A01
201300002531;0;7;0;0;2;3;13;A01
201300002531;0;7;0;0;2;3;1;B02
201300002532;0;7;0;6;0;1;1;A01
201300002533;0;33;0;6;0;0;1;A01
201300002534;0;7;0;2;0;3;21;A01
201300002534;0;7;0;0;0;0;19;B02
201300002535;0;7;0;0;2;1;1;A01
201300002535;0;7;0;0;2;1;15;B02
201300002536;0;7;0;13;0;3;1;A01
201300002537;0;10;0;0;2;8;13;B02
201300002537;0;31;0;0;2;7;17;A01
201300002538;0;33;0;0;2;2;17;B02
201300002538;0;7;0;0;2;6;17;A01
201300002539;0;7;0;0;2;2;1;A01
201300002539;0;33;0;0;2;8;15;B02
201300002540;0;7;0;2;0;1;19;A01
201300002541;0;33;0;0;2;1;5;A01
201300002541;0;36;0;0;2;1;5;B02
201300002542;0;33;0;0;2;7;1;C03
201300002542;0;17;0;0;9;8;1;A01
201300002542;0;7;0;0;2;6;1;B02
201300002543;0;7;0;0;2;1;1;A01
201300002543;0;17;0;0;2;1;1;B02
201300002544;0;33;0;0;2;1;17;A01
201300002544;0;10;0;0;2;3;15;B02
201300002545;0;7;0;0;2;1;1;A01
201300002545;0;7;0;0;2;2;13;B02
201300002546;0;7;0;7;2;7;19;A01
201300002546;0;7;0;0;2;1;1;B02
201300002547;0;7;0;0;0;2;15;A01
201300002547;0;30;0;0;0;1;1;B02
201300002548;0;7;0;0;2;8;15;A01
201300002548;0;33;0;0;2;1;17;B02
201300002549;0;7;0;0;1;3;1;A01
201300002550;0;7;0;0;6;3;13;A01
201300002550;0;7;0;0;2;3;1;B02
201300002551;0;33;0;14;0;0;1;A01
201300002552;0;7;0;0;0;1;1;B02
201300002552;0;7;0;0;0;1;15;A01
201300002553;0;7;0;2;0;1;13;A01
201300002554;0;7;0;1;1;4;2;B02
201300002554;0;7;0;0;2;1;2;A01
201300002555;0;33;0;0;2;1;1;B02
201300002555;0;33;0;0;2;1;13;A01
201300002556;0;10;0;0;2;6;15;B02
201300002556;0;33;0;0;2;1;2;A01
201300002557;0;7;0;0;2;5;1;B02
201300002557;0;7;0;0;2;1;1;A01
201300002558;0;7;0;0;2;7;19;A01
201300002558;0;10;0;0;2;1;1;B02
201300002559;0;21;0;0;2;1;1;B02
201300002559;0;10;0;0;2;7;13;A01
201300002560;0;7;0;0;2;2;17;A01
201300002560;0;30;0;0;2;4;1;B02
201300002561;0;7;0;0;2;7;1;A01
201300002561;0;1;0;0;2;3;1;B02
201300002562;0;7;0;0;2;2;15;A01
201300002562;0;31;0;0;2;1;1;B02
201300002563;0;30;0;0;2;1;1;B02
201300002563;0;7;0;0;2;5;15;A01
201300002564;0;7;0;0;9;7;16;A01
201300002564;0;1;0;0;2;8;11;B02
201300002565;0;30;0;0;2;1;1;A01
201300002565;0;7;0;0;9;2;1;B02
201300002566;0;7;0;0;2;1;1;B02
201300002566;0;30;0;0;0;4;1;A01
201300002567;0;7;0;2;0;3;1;A01
201300002568;0;7;0;0;2;3;1;B02
201300002568;0;7;0;0;2;3;13;A01
201300002569;0;10;0;0;2;1;2;B02
201300002569;0;10;0;0;2;1;2;A01
201300002569;0;7;0;0;2;4;2;F06
201300002569;0;7;0;0;2;0;1;G07
201300002569;0;7;0;0;2;1;2;E05
201300002569;0;10;0;0;2;7;2;C03
201300002569;0;7;0;0;2;5;2;D04
201300002570;0;7;0;6;0;1;1;A01
201300002571;0;10;0;6;0;0;17;A01
201300002572;0;7;0;13;2;1;17;A01
201300002572;0;7;0;0;2;8;1;B02
201300002573;0;33;0;0;2;1;2;A01
201300002573;0;10;0;0;2;5;1;B02
201300002574;0;31;0;8;0;1;1;A01
201300002575;0;7;0;0;2;1;15;A01
201300002575;0;2;0;0;2;1;1;B02
201300002576;0;7;0;0;0;3;0;A01
201300002576;0;7;0;0;0;2;23;B02
201300002576;0;7;0;0;0;3;23;C03
201300002576;0;7;0;0;0;1;2;D04
201300002576;0;7;0;0;0;4;2;E05
201300002576;0;7;0;0;2;1;1;F06
201300002576;0;7;0;0;2;1;1;G07
201300002577;0;1;0;0;2;3;1;A01
201300002577;0;1;0;0;2;3;1;B02
201300002578;0;7;0;10;0;2;1;A01
201300002579;0;15;0;0;0;0;13;A01
201300002579;0;33;0;16;0;1;17;B02
201300002580;0;7;0;0;2;2;23;A01
201300002580;0;7;0;0;2;1;1;B02
201300002581;0;7;0;0;2;3;1;A01
201300002581;0;7;0;15;2;3;21;B02
201300002582;0;30;0;0;9;1;1;A01
201300002583;0;7;0;0;2;1;1;B02
201300002583;0;7;0;0;2;1;19;A01
201300002584;0;30;0;13;0;1;1;A01
201300002585;0;30;0;0;2;1;1;A01
201300002585;0;7;0;0;2;3;9;B02
201300002586;1;7;0;0;1;2;2;A01
201300002587;0;7;0;6;0;1;14;B02
201300002587;0;7;0;6;0;1;1;A01
201300002588;0;7;0;0;2;3;1;B02
201300002588;0;7;0;0;2;3;13;A01
201300002589;0;7;0;0;2;3;0;A01
201300002589;0;7;0;0;2;2;0;B02
201300002590;0;7;0;0;0;2;13;A01
201300002590;0;7;0;0;0;3;0;B02
201300002591;0;7;0;0;2;1;1;B02
201300002591;0;7;0;0;2;2;15;A01
201300002592;0;7;0;0;2;1;15;A01
201300002592;0;7;0;0;2;1;1;B02
201300002592;0;7;0;0;2;3;23;C03
201300002593;0;1;0;0;2;9;2;B02
201300002593;0;7;0;0;2;2;2;A01
201300002594;0;7;0;2;0;1;17;A01
201300002595;0;33;0;0;2;2;1;A01
201300002595;0;10;0;0;2;3;15;B02
201300002596;0;7;0;8;0;8;1;A01
201300002597;0;32;0;0;2;3;1;A01
201300002598;0;7;0;6;0;4;2;A01
201300002598;0;7;0;0;0;1;2;B02
201300002599;0;7;0;2;0;2;13;A01
201300002600;0;7;0;13;0;1;1;A01
201300002601;0;7;0;0;2;1;1;A01
201300002601;0;7;0;0;2;7;1;B02
201300002602;0;7;0;0;2;2;1;B02
201300002602;0;7;0;7;2;3;19;A01
201300002603;0;33;0;0;2;1;17;A01
201300002603;0;13;0;0;2;3;15;B02
201300002604;0;3;0;15;0;2;14;A01
201300002605;0;14;0;0;1;1;0;A01
201300002606;0;7;0;0;0;9;1;A01
201300002607;0;7;0;0;1;1;16;A01
201300002608;0;31;0;8;0;1;1;A01
201300002609;0;10;0;0;0;1;0;A01
201300002609;0;7;0;0;0;1;0;B02
201300002610;0;7;0;0;2;2;1;A01
201300002610;0;31;0;0;2;1;13;B02
201300002611;0;7;0;0;2;3;15;B02
201300002611;0;30;0;0;2;2;1;A01
201300002612;0;7;0;8;0;8;1;A01
201300002613;0;7;0;0;2;1;0;B02
201300002613;0;7;0;0;2;7;17;A01
201300002614;0;31;0;0;2;1;9;B02
201300002614;0;7;0;0;2;6;9;A01
201300002615;0;33;0;0;2;1;17;A01
201300002615;0;30;0;0;2;1;1;B02
201300002616;0;30;0;1;0;1;0;A01
201300002617;0;7;0;0;2;3;13;A01
201300002617;0;7;0;0;2;6;1;B02
201300002617;0;7;0;0;2;1;1;C03
201300002618;0;7;0;0;2;1;13;A01
201300002618;0;7;0;0;2;3;1;B02
201300002619;0;15;0;0;2;8;1;B02
201300002619;0;10;0;0;2;3;13;A01
201300002620;0;33;0;0;2;3;1;B02
201300002620;0;7;0;0;2;3;13;A01
201300002621;0;33;0;0;2;1;17;A01
201300002621;0;7;0;0;2;8;15;B02
201300002622;0;7;0;0;2;8;17;C03
201300002622;0;7;0;0;2;3;1;B02
201300002622;0;7;0;0;2;1;13;A01
201300002623;0;7;0;0;2;3;5;A01
201300002623;0;7;0;0;2;3;1;B02
201300002624;0;7;0;13;0;0;1;A01
201300002625;0;7;0;13;0;3;1;A01
201300002626;0;7;0;2;0;1;1;A01
201300002627;0;7;0;0;2;1;0;A01
201300002627;0;7;0;0;2;1;0;B02
201300002628;0;7;0;0;2;2;1;B02
201300002628;0;7;0;0;2;3;19;A01
201300002629;0;7;0;0;2;5;1;B02
201300002629;0;2;0;0;2;2;15;A01
201300002630;0;30;0;0;2;0;2;A01
201300002630;0;1;0;0;2;4;2;B02
201300002631;0;7;0;1;0;1;2;A01
201300002631;0;10;0;0;2;4;23;B02
201300002632;0;7;0;2;0;1;13;A01
201300002633;0;7;0;0;2;2;1;B02
201300002633;0;7;0;0;2;6;18;A01
201300002634;0;7;0;0;1;2;1;A01
201300002635;0;7;0;6;0;7;1;A01
201300002636;0;7;0;0;2;3;1;A01
201300002636;0;7;0;0;2;3;1;B02
201300002637;0;7;0;2;0;9;1;A01
201300002638;0;7;0;2;0;2;1;A01
201300002639;0;7;0;6;0;2;19;A01
201300002640;0;7;0;1;0;2;1;A01
201300002641;0;7;0;0;2;7;15;A01
201300002641;0;7;0;0;2;1;1;B02
201300002642;0;7;0;13;0;2;1;A01
201300002643;0;7;0;13;0;7;1;A01
201300002644;0;31;0;8;0;1;1;A01
201300002645;0;33;0;13;0;8;1;A01
201300002646;0;7;0;13;0;1;1;A01
201300002647;0;7;0;0;2;8;1;B02
201300002647;0;7;0;0;2;6;0;C03
201300002647;0;31;0;0;2;3;13;A01
201300002648;0;10;0;0;2;6;19;A01
201300002648;0;30;0;0;2;1;1;B02
201300002649;0;7;0;0;2;3;13;A01
201300002649;0;7;0;0;2;3;1;B02
201300002650;2;7;0;0;2;3;1;A01
201300002650;0;7;0;13;2;8;1;B02
201300002651;0;7;0;0;1;7;1;A01
201300002652;0;33;0;0;2;4;1;A01
201300002652;0;7;0;0;2;8;15;B02
201300002653;0;7;0;0;2;3;1;B02
201300002653;0;10;0;0;2;3;15;A01
201300002654;0;7;0;13;0;1;1;A01
201300002655;0;30;0;0;2;1;13;A01
201300002655;0;7;0;0;2;3;1;B02
201300002656;0;7;0;0;2;1;1;C03
201300002656;0;10;0;0;2;7;15;A01
201300002656;0;32;0;0;2;1;1;B02
201300002657;0;33;0;0;2;1;1;B02
201300002657;0;7;0;0;2;3;19;A01
201300002658;0;33;0;13;2;8;1;A01
201300002659;0;7;0;2;0;1;0;A01
201300002660;0;7;0;13;0;2;1;A01
201300002661;0;7;0;2;0;1;1;A01
201300002662;0;7;0;6;0;6;13;A01
201300002663;0;7;0;0;2;7;1;A01
201300002663;0;7;0;0;2;1;1;B02
201300002664;0;7;0;0;2;1;5;A01
201300002664;0;7;0;0;2;1;1;B02
201300002665;0;7;0;0;2;1;1;A01
201300002665;0;7;0;0;2;1;13;B02
201300002666;0;2;0;0;1;1;13;A01
201300002667;0;7;0;0;2;3;15;A01
201300002667;0;31;0;0;2;1;1;B02
201300002668;0;7;0;2;0;1;13;A01
201300002669;0;7;0;0;2;3;5;A01
201300002669;0;7;0;0;2;3;1;B02
201300002670;0;7;0;8;0;6;1;A01
201300002671;0;7;0;2;0;1;14;A01
201300002672;0;7;0;0;2;2;1;B02
201300002672;0;7;0;0;2;8;1;A01
201300002673;0;7;0;0;2;2;1;B02
201300002673;0;7;0;0;2;1;19;A01
201300002674;0;7;0;0;2;7;19;A01
201300002674;0;7;0;0;2;1;1;B02
201300002675;0;7;0;2;0;8;1;A01