num_acc;senc;catv;occutc;obs;obsm;choc;manv;num_veh
201300002676;0;7;0;0;2;3;13;A01
201300002676;0;15;0;0;2;8;2;B02
201300002677;0;10;0;0;2;7;4;A01
201300002677;0;1;0;0;2;1;1;B02
201300002678;0;10;0;2;0;3;1;A01
201300002679;0;7;0;0;0;9;1;A01
201300002680;0;7;0;0;2;3;19;B02
201300002680;0;7;0;0;2;2;1;A01
201300002681;0;7;0;13;0;3;1;A01
201300002682;0;7;0;0;0;0;0;A01
201300002683;0;7;0;0;2;3;1;B02
201300002683;0;7;0;0;2;6;2;D04
201300002683;0;33;0;0;2;3;3;A01
201300002683;0;10;0;0;2;6;2;C03
201300002684;0;33;0;0;2;1;1;B02
201300002684;0;7;0;0;2;7;15;A01
201300002685;0;7;0;0;2;7;1;A01
201300002685;0;7;0;0;2;1;1;B02
201300002686;0;7;0;6;0;1;13;A01
201300002687;0;7;0;0;2;3;13;B02
201300002687;0;17;0;6;2;3;1;A01
201300002688;0;36;0;0;5;7;1;A01
201300002689;0;7;0;0;0;1;14;A01
201300002690;0;7;0;0;2;3;15;A01
201300002690;0;33;0;0;2;4;1;B02
201300002691;0;33;0;0;2;1;2;C03
201300002691;0;7;0;0;2;4;23;A01
201300002691;0;33;0;0;2;1;2;B02
201300002692;0;7;0;13;0;1;1;A01
201300002693;0;33;0;0;2;1;1;B02
201300002693;0;7;0;0;2;3;20;A01
201300002694;0;7;0;0;2;1;1;C03
201300002694;0;7;0;0;2;6;23;B02
201300002694;0;2;0;0;2;1;1;A01
201300002695;0;2;0;0;0;0;1;A01
201300002696;0;30;0;0;0;3;1;A01
201300002697;0;7;0;13;0;3;1;A01
201300002698;0;7;0;0;2;8;15;A01
201300002698;0;30;0;0;2;8;1;B02
201300002699;0;31;0;13;0;1;1;A01
201300002700;0;7;0;15;0;3;13;A01
201300002701;0;7;0;0;2;1;1;A01
201300002701;0;7;0;0;2;7;19;B02
201300002702;0;7;0;0;2;8;1;C03
201300002702;0;10;0;0;2;0;1;A01
201300002703;0;7;0;2;0;8;1;A01
201300002704;0;7;0;0;2;2;15;A01
201300002704;0;7;0;0;2;1;1;B02
201300002705;0;7;0;0;2;3;15;A01
201300002705;0;7;0;0;2;3;1;B02
201300002706;0;30;0;5;0;1;1;A01
201300002707;0;7;0;4;0;1;13;A01
201300002708;0;7;0;13;0;9;1;A01
201300002709;0;31;0;1;0;7;1;A01
201300002709;0;10;0;0;2;8;24;B02
201300002710;0;7;0;0;2;3;1;B02
201300002710;0;30;0;0;2;8;15;A01
201300002711;0;7;0;0;2;3;2;A01
201300002711;0;1;0;0;0;8;15;B02
201300002712;0;7;0;2;0;1;14;A01
201300002713;0;7;0;15;1;3;13;A01
201300002714;0;33;0;0;2;1;13;A01
201300002714;0;7;0;0;2;1;1;B02
201300002715;0;7;0;6;0;1;14;A01
201300002716;0;7;0;8;0;2;1;A01
201300002717;0;7;0;0;2;1;5;A01
201300002717;0;7;0;0;2;1;1;B02
201300002718;0;7;0;0;2;7;13;A01
201300002718;0;17;0;0;2;1;1;B02
201300002719;0;33;0;16;0;9;1;A01
201300002720;1;7;0;0;1;8;0;A01
201300002721;0;7;0;8;0;1;1;A01
201300002722;0;7;0;0;2;1;1;B02
201300002722;0;7;0;0;2;3;19;A01
201300002723;0;7;0;0;2;2;2;A01
201300002723;0;7;0;0;0;6;2;B02
201300002724;0;7;0;0;2;9;13;A01
201300002724;0;7;0;0;2;3;1;B02
201300002724;0;10;0;0;2;8;1;C03
201300002725;0;7;0;16;0;8;13;A01
201300002726;0;33;0;0;6;1;1;A01
201300002727;0;17;0;0;2;3;13;A01
201300002727;0;17;0;0;2;3;1;B02
201300002727;0;7;0;0;9;1;1;C03
201300002728;0;7;0;13;0;2;14;A01
201300002729;0;7;0;0;2;2;13;A01
201300002729;0;30;0;0;2;3;15;B02
201300002730;0;7;0;0;4;1;1;A01
201300002730;0;39;2;0;2;6;1;B02
201300002731;0;7;0;0;2;1;13;A01
201300002731;0;7;0;0;2;7;13;B02
201300002732;0;33;0;13;0;1;1;A01
201300002733;0;33;0;15;0;1;1;A01
201300002734;0;30;0;0;2;1;16;A01
201300002734;0;15;0;0;2;8;1;B02
201300002735;0;7;0;2;0;1;13;A01
201300002736;0;33;0;0;2;1;1;A01
201300002736;0;7;0;0;2;8;15;B02
201300002737;0;33;0;13;0;1;1;A01
201300002738;0;7;0;0;2;1;15;A01
201300002738;0;7;0;0;2;1;1;B02
201300002739;0;33;0;0;2;1;1;A01
201300002739;0;7;0;0;2;3;15;B02
201300002740;0;17;0;3;0;2;14;A01
201300002741;1;7;0;0;2;0;1;Z01
201300002741;0;30;0;0;0;5;1;B02
201300002742;0;7;0;0;2;3;1;A01
201300002742;0;33;0;0;2;1;1;B02
201300002743;0;7;0;0;2;1;13;A01
201300002743;0;7;0;0;2;1;0;B02
201300002744;0;7;0;2;0;8;1;A01
201300002745;0;33;0;0;2;1;1;A01
201300002745;0;7;0;0;2;4;1;B02
201300002746;0;7;0;0;2;3;0;A01
201300002746;0;31;0;0;2;1;1;B02
201300002747;0;33;0;0;2;1;17;A01
201300002747;0;7;0;0;0;8;1;B02
201300002748;0;1;0;0;2;7;15;A01
201300002748;0;7;0;0;2;1;1;B02
201300002749;0;7;0;0;2;1;13;A01
201300002749;0;32;0;0;2;1;1;B02
201300002750;0;7;0;0;2;2;16;A01
201300002750;0;1;0;0;2;5;1;B02
201300002751;0;30;0;0;2;1;1;A01
201300002751;0;7;0;0;2;4;23;B02
201300002752;0;7;0;0;2;1;1;B02
201300002752;0;14;0;0;2;2;15;A01
201300002753;0;7;0;13;0;3;1;A01
201300002754;0;7;0;13;0;1;1;A01
201300002755;0;7;0;2;0;8;1;A01
201300002756;0;7;0;0;2;2;11;A01
201300002756;0;2;0;0;2;2;1;B02
201300002756;0;7;0;0;2;3;1;C03
201300002757;0;30;0;0;2;1;13;A01
201300002757;0;10;0;0;2;8;15;B02
201300002758;0;7;0;0;2;3;13;A01
201300002758;0;7;0;0;2;1;1;B02
201300002758;0;7;0;0;2;3;1;C03
201300002758;0;7;0;0;2;1;1;D04
201300002759;0;30;0;0;2;1;13;A01
201300002759;0;7;0;0;9;3;21;B02
201300002760;0;7;0;0;2;3;0;A01
201300002760;0;7;0;0;2;3;13;B02
201300002761;0;33;0;0;2;1;1;A01
201300002761;0;10;0;0;2;5;15;B02
201300002762;0;1;0;0;2;8;19;B02
201300002762;0;7;0;0;2;1;1;A01
201300002763;0;33;0;13;0;8;1;A01
201300002764;0;30;0;0;2;4;15;A01
201300002764;0;33;0;0;2;1;13;B02
201300002765;0;7;0;0;2;1;15;B02
201300002765;0;30;0;0;2;7;21;A01
201300002766;0;7;0;0;2;3;13;A01
201300002766;0;7;0;0;2;3;1;B02
201300002767;0;7;0;0;0;3;13;A01
201300002767;0;7;0;0;0;3;1;B02
201300002768;0;7;0;2;2;1;9;A01
201300002768;0;7;0;0;2;5;1;B02
201300002769;0;7;0;0;2;1;15;A01
201300002769;0;7;0;0;2;1;1;B02
201300002770;0;7;0;13;0;3;1;A01
201300002771;0;7;0;13;0;2;1;A01
201300002772;0;7;0;0;2;1;13;A01
201300002772;0;7;0;0;2;3;1;B02
201300002773;0;7;0;0;2;3;9;A01
201300002773;0;1;0;0;2;1;1;B02
201300002774;0;7;0;0;2;3;1;A01
201300002774;0;10;0;0;2;8;1;B02
201300002775;0;7;0;2;0;1;1;A01
201300002776;0;10;0;0;2;1;13;A01
201300002776;0;10;0;0;2;1;1;B02
201300002777;0;10;0;2;0;1;1;A01
201300002778;0;7;0;0;2;3;1;A01
201300002778;0;7;0;0;2;3;0;B02
201300002779;0;7;0;0;1;1;1;A01
201300002780;1;7;0;0;1;2;2;A01
201300002781;2;30;0;0;1;1;13;A01
201300002782;0;7;0;0;2;6;15;A01
201300002782;0;33;0;0;2;1;1;B02
201300002783;0;2;0;0;0;7;1;A01
201300002783;0;7;0;0;0;1;19;B02
201300002784;0;7;0;2;0;2;1;A01
201300002785;0;7;0;0;1;1;1;A01
201300002786;0;33;0;0;0;0;1;A01
201300002787;0;7;0;0;2;7;10;A01
201300002787;0;34;0;0;2;1;1;B02
201300002788;0;30;0;0;1;2;17;A01
201300002789;0;33;0;0;2;1;1;A01
201300002789;0;7;0;0;2;6;19;B02
201300002790;0;7;0;0;2;2;15;A01
201300002790;0;2;0;0;2;1;1;B02
201300002791;0;7;0;0;1;2;14;A01
201300002792;0;7;0;0;2;3;13;A01
201300002792;0;7;0;0;2;3;0;B02
201300002793;0;7;0;0;2;3;17;A01
201300002793;0;7;0;0;2;3;1;B02
201300002793;0;7;0;0;2;6;23;C03
201300002794;0;7;0;0;2;3;13;A01
201300002794;0;7;0;0;2;3;1;B02
201300002795;0;7;0;0;2;2;15;A01
201300002795;0;30;0;0;2;1;1;B02
201300002796;0;7;0;0;2;3;9;A01
201300002796;0;30;0;0;2;7;21;B02
201300002797;0;7;0;2;1;1;0;A01
201300002798;0;31;0;0;2;1;1;A01
201300002798;0;7;0;0;2;7;15;B02
201300002799;0;7;0;6;0;1;14;A01
201300002800;0;10;0;2;0;3;1;A01
201300002801;0;15;0;0;0;8;16;A01
201300002802;0;37;1;0;2;5;15;A01
201300002802;0;33;0;0;2;7;21;B02
201300002803;0;33;0;0;2;7;1;B02
201300002803;0;7;0;0;2;2;19;A01
201300002804;0;15;0;0;2;2;19;A01
201300002804;0;7;0;0;2;3;1;B02
201300002805;0;33;0;13;0;1;1;A01
201300002806;0;7;0;2;0;7;1;A01
201300002807;0;7;0;0;2;1;13;A01
201300002807;0;10;0;0;2;1;1;B02
201300002808;0;7;0;0;0;2;1;A01
201300002809;0;7;0;0;6;1;1;A01
201300002810;0;7;0;0;2;2;1;B02
201300002810;0;7;0;0;2;1;13;A01
201300002811;0;7;0;16;0;8;13;A01
201300002812;0;7;0;0;2;3;13;A01
201300002812;0;7;0;0;2;8;1;B02
201300002813;0;10;0;2;0;2;13;A01
201300002814;0;14;0;0;2;4;24;A01
201300002814;0;7;0;1;0;1;1;B02
201300002815;0;7;0;6;0;1;1;A01
201300002816;0;33;0;3;0;0;1;A01
201300002817;0;7;0;0;2;2;5;A01
201300002817;0;7;0;3;2;1;1;B02
201300002818;0;7;0;0;2;1;15;A01
201300002818;0;2;0;0;2;8;1;B02
201300002819;0;7;0;0;9;3;1;B02
201300002819;0;1;0;0;2;7;19;A01
201300002820;0;7;0;0;1;0;15;A01
201300002821;0;32;0;13;0;1;1;A01
201300002822;0;7;0;0;2;2;15;A01
201300002822;0;2;0;0;2;1;5;B02
201300002823;0;7;0;6;0;1;16;A01
201300002824;0;7;0;13;0;2;14;A01
201300002825;0;33;0;2;0;8;1;A01
201300002826;0;7;0;0;2;5;16;A01
201300002826;0;33;0;14;2;1;0;B02
201300002827;0;7;0;13;0;2;1;A01
201300002828;0;7;0;0;2;3;17;A01
201300002828;0;7;0;0;2;2;17;B02
201300002828;0;10;0;0;2;8;1;C03
201300002829;0;7;0;0;1;1;1;A01
201300002830;0;7;0;0;2;8;19;A02
201300002830;0;7;0;0;2;1;1;B01
201300002831;0;33;0;0;2;1;1;A01
201300002831;0;10;0;0;2;7;19;B02
201300002832;0;7;0;0;2;1;1;B02
201300002832;0;7;0;0;2;3;15;A01
201300002833;0;7;0;9;0;2;1;A01
201300002834;0;7;0;0;2;1;13;A01
201300002834;0;7;0;0;2;1;1;B02
201300002835;0;7;0;0;2;7;13;A01
201300002835;0;7;0;0;2;1;1;B02
201300002836;1;7;0;0;2;0;0;Z01
201300002836;0;33;0;0;2;5;16;B02
201300002837;0;3;0;0;2;1;1;B02
201300002837;0;20;0;0;2;2;19;A01
201300002838;0;7;0;14;0;1;1;A01
201300002839;0;14;0;0;2;1;1;B02
201300002839;0;7;0;0;2;7;13;A01
201300002840;0;33;0;0;2;1;13;A01
201300002840;0;7;0;0;2;2;1;B02
201300002841;0;2;0;0;0;7;1;A01
201300002842;0;7;0;6;0;7;13;A01
201300002843;0;7;0;16;0;1;1;A01
201300002844;0;2;0;0;0;0;16;A01
201300002845;0;7;0;0;2;3;1;A01
201300002845;0;7;0;0;2;3;17;B02
201300002846;0;7;0;1;0;3;13;A01
201300002847;0;7;0;0;2;4;2;B02
201300002847;0;7;0;6;2;1;2;A01
201300002848;0;30;0;0;0;0;1;A01
201300002849;0;7;0;2;0;1;1;A01
201300002850;0;7;0;0;2;3;10;A01
201300002850;0;2;0;0;2;1;0;B02
201300002851;0;7;0;0;2;1;1;B02
201300002851;0;10;0;0;2;7;13;A01
201300002852;0;7;0;0;2;1;1;C03
201300002852;0;7;0;0;2;1;1;B02
201300002852;0;7;0;0;2;1;13;A01
201300002853;0;7;0;0;2;1;13;A01
201300002853;0;7;0;0;2;1;1;B02
201300002854;0;38;0;0;1;2;1;A01
201300002855;0;7;0;0;1;2;1;A01
201300002856;0;30;0;0;2;1;17;A01
201300002856;0;7;0;0;0;8;15;B02
201300002857;0;7;0;6;0;3;1;A01
201300002858;0;33;0;13;0;1;13;A01
201300002859;0;2;0;0;2;1;1;B02
201300002859;0;7;0;0;2;6;20;A01
201300002860;0;7;0;0;2;7;15;A01
201300002860;0;10;0;0;2;3;1;C03
201300002860;0;33;0;0;2;1;1;B02
201300002861;0;7;0;14;0;1;14;A01
201300002861;0;7;0;0;2;4;23;B02
201300002862;0;7;0;0;2;3;15;B02
201300002862;0;33;0;0;2;2;17;A01
201300002863;0;7;0;0;1;3;1;A01
201300002864;0;7;0;0;2;3;1;B02
201300002864;0;30;0;0;2;1;1;A01
201300002865;0;7;0;0;2;1;2;A01
201300002865;0;10;0;0;2;4;23;B02
201300002866;0;7;0;0;2;3;1;A01
201300002866;0;7;0;0;2;8;9;B02
201300002867;0;10;0;0;2;1;1;A01
201300002867;0;2;0;0;2;8;1;B02
201300002868;0;10;0;0;2;1;1;A01
201300002868;0;7;0;0;2;1;1;B02
201300002869;0;7;0;0;1;7;1;A01
201300002870;0;7;0;0;2;1;1;A01
201300002870;0;7;0;0;2;1;1;B02
201300002871;0;1;0;0;2;5;1;A01
201300002871;0;7;0;0;2;2;19;B02
201300002872;0;7;0;6;0;9;1;A01
201300002873;0;7;0;0;2;1;1;B02
201300002873;0;7;0;0;2;2;19;A01
201300002874;0;10;0;0;1;3;1;A01
201300002875;0;7;0;13;0;3;1;A01
201300002876;0;7;0;16;0;0;13;A01
201300002877;0;10;0;13;0;2;1;A01
201300002878;1;7;0;0;0;0;0;B02
201300002878;0;33;0;0;0;8;1;A01
201300002879;0;7;0;2;0;1;1;A01
201300002880;0;7;0;6;0;9;1;A01
201300002881;0;7;0;0;1;7;1;A01
201300002882;0;7;0;6;0;1;15;A01
201300002883;0;7;0;2;0;7;19;A01
201300002884;0;7;0;13;0;2;14;A01
201300002885;0;14;0;0;2;6;1;B02
201300002885;0;7;0;1;2;6;1;A01
201300002886;0;7;0;0;2;1;1;B02
201300002886;0;7;0;0;2;8;19;A01
201300002887;0;7;0;13;0;9;1;A01
201300002888;0;7;0;0;2;4;2;B02
201300002888;0;2;0;0;0;1;2;A01
201300002889;0;10;0;16;0;9;1;A01
201300002890;0;31;0;13;0;1;1;A01
201300002891;0;30;0;0;0;1;9;A01
201300002891;0;7;0;0;0;8;1;B02
201300002892;0;7;0;0;2;2;13;B02
201300002892;0;7;0;0;2;1;1;A01
201300002893;0;7;0;0;0;2;15;A01
201300002893;0;1;0;0;0;3;1;B02
201300002894;0;7;0;0;2;3;13;A01
201300002894;0;7;0;0;2;3;1;B02
201300002895;0;7;0;13;0;1;13;A01
201300002896;0;7;0;0;2;2;1;A01
201300002896;0;2;0;0;2;1;1;B02
201300002897;0;10;0;0;2;1;1;B02
201300002897;0;10;0;0;2;1;13;A01
201300002898;0;7;0;0;2;1;15;A01
201300002898;0;33;0;0;2;1;1;B02
201300002899;0;7;0;6;0;8;1;A01
201300002900;0;10;0;1;1;8;0;A01
201300002901;0;31;0;0;2;1;13;A01
201300002901;0;7;0;0;2;1;1;B02
201300002902;0;7;0;0;2;2;1;A01
201300002902;0;31;0;0;2;1;13;B02
201300002903;0;33;0;8;0;1;1;A01
201300002904;0;7;0;8;0;3;13;A01
201300002905;0;7;0;0;2;2;1;A01
201300002905;0;30;0;0;2;1;1;B02
201300002906;0;7;0;0;2;2;1;B02
201300002906;0;7;0;0;2;2;13;A01
201300002907;0;33;0;12;0;8;1;A01
201300002908;0;7;0;13;0;2;1;A01
201300002909;0;7;0;0;1;1;1;A01
201300002910;0;7;0;0;2;1;1;B02
201300002910;0;7;0;0;2;8;15;A01
201300002911;0;7;0;0;2;1;17;A01
201300002911;0;7;0;0;2;1;21;C03
201300002911;0;7;0;0;2;1;1;B02
201300002912;0;14;0;0;1;7;1;A01
201300002913;0;33;0;16;0;8;13;A01
201300002914;0;7;0;1;0;3;19;A01
201300002914;0;21;0;0;0;6;0;B02
201300002915;0;30;0;6;0;1;1;A01
201300002916;0;7;0;0;2;7;1;A01
201300002916;0;1;0;0;2;8;15;B02
201300002917;0;33;0;5;0;5;1;A01
201300002918;0;7;0;0;2;3;1;A01
201300002918;0;17;0;0;2;3;1;B02
201300002919;0;7;0;0;2;1;1;B02
201300002919;0;7;0;0;2;1;13;A01
201300002920;0;30;0;0;2;3;1;A01
201300002920;0;7;0;0;0;5;1;B02
201300002921;0;7;0;0;1;2;1;A01
201300002922;0;7;0;0;2;1;2;A01
201300002922;0;7;0;0;2;4;2;B02
201300002923;0;7;0;6;0;8;1;A01
201300002924;0;7;0;0;2;1;1;A01
201300002924;0;7;0;0;2;1;17;B02
201300002925;0;31;0;0;2;3;1;B02
201300002925;0;7;0;0;2;2;15;A01
201300002926;0;7;0;0;1;3;1;A01
201300002927;0;33;0;0;2;1;1;A01
201300002927;0;7;0;0;2;8;15;B02
201300002928;0;10;0;0;2;0;1;B02
201300002928;0;7;0;0;2;0;19;A01
201300002929;0;7;0;13;0;7;14;A01
201300002930;0;1;0;0;2;4;1;B02
201300002930;0;7;0;0;2;2;1;A01
201300002931;0;7;0;6;0;1;13;A01
201300002932;0;7;0;13;0;1;0;A01
201300002933;0;7;0;0;0;4;2;A01
201300002933;0;31;0;0;0;1;2;B02
201300002934;0;7;0;0;0;4;1;A01
201300002934;0;2;0;0;2;1;2;B02
201300002935;0;33;0;0;2;1;1;A01
201300002935;0;14;0;0;2;7;15;B02
201300002936;0;31;0;6;0;7;2;A01
201300002937;0;7;0;2;0;1;2;A01
201300002938;0;14;0;10;0;1;1;A01
201300002939;0;7;0;0;2;0;15;A01
201300002939;0;31;0;0;2;1;1;B02
201300002940;0;7;0;0;2;1;1;B02
201300002940;0;7;0;0;2;7;1;A01
201300002941;0;7;0;0;2;8;17;A01
201300002941;0;7;0;13;2;7;17;B02
201300002942;0;7;0;6;0;3;13;A01
201300002943;0;31;0;0;2;8;19;A01
201300002943;0;7;0;0;2;2;1;B02
201300002944;0;7;0;6;0;2;1;A01
201300002945;0;7;0;13;0;2;1;A01
201300002946;0;7;0;0;0;3;2;A01
201300002946;0;33;0;0;2;1;1;B02
201300002947;0;1;0;0;2;1;5;A01
201300002947;0;1;0;0;2;1;1;B02
201300002948;0;14;0;0;0;8;19;B02
201300002948;0;33;0;0;2;1;1;A01
201300002949;0;7;0;0;0;2;13;A01
201300002949;0;7;0;0;0;1;1;B02
201300002950;0;7;0;0;2;3;1;B02
201300002950;0;7;0;0;2;1;1;A01
201300002951;0;30;0;5;0;7;1;A01
201300002952;0;30;0;0;2;1;1;B02
201300002952;0;7;0;0;2;2;15;A01
201300002953;0;1;0;0;2;1;19;A01
201300002953;0;15;0;0;9;3;1;B02
201300002954;0;7;0;0;2;3;13;A01
201300002954;0;7;0;0;2;3;1;B02
201300002955;0;33;0;0;0;8;1;A01
201300002956;0;2;0;0;2;1;19;B02
201300002956;0;7;0;0;2;7;1;A01
201300002957;0;1;0;0;0;3;1;A01
201300002957;0;7;0;0;0;2;15;B02
201300002958;0;2;0;0;2;1;2;B02
201300002958;0;7;0;0;0;3;13;A01
201300002959;0;7;0;6;0;1;16;A01
201300002960;0;7;0;0;1;2;1;A01
201300002961;0;30;0;6;0;1;14;A01
201300002962;0;10;0;9;0;1;1;A01
201300002963;0;7;0;0;1;7;1;A01
201300002964;0;30;0;0;0;2;1;A01
201300002965;0;7;0;0;0;3;13;A01
201300002965;0;7;0;0;0;3;1;B02
201300002966;0;7;0;0;2;3;1;B02
201300002966;0;7;0;0;2;7;1;A01
201300002967;0;7;0;0;2;1;13;A01
201300002967;0;14;0;0;2;3;1;B02
201300002968;0;33;0;0;2;1;13;A01
201300002968;0;7;0;0;2;3;1;B02
201300002969;0;30;0;0;2;1;18;A01
201300002969;0;7;0;0;2;7;15;B02
201300002970;0;7;0;6;0;1;14;A01
201300002971;0;14;0;13;0;1;13;A01
201300002972;0;13;0;0;1;2;1;A01
201300002973;0;7;0;13;0;0;1;A01
201300002974;0;30;0;0;2;1;1;B02
201300002974;0;7;0;0;2;7;19;A01
201300002975;0;33;0;0;2;7;17;A01
201300002975;0;21;0;0;2;3;15;B02
201300002976;0;33;0;0;2;2;13;A01
201300002976;0;7;0;0;2;1;21;B02
201300002977;0;33;0;0;0;0;2;A01
201300002978;0;7;0;0;2;3;1;C03
201300002978;0;7;0;0;2;1;13;A01
201300002978;0;7;0;0;2;1;1;B02
201300002979;0;30;0;0;0;7;1;A01
201300002980;0;10;0;0;1;1;1;A01
201300002981;0;7;0;0;2;1;13;A01
201300002981;0;7;0;0;2;1;1;B02
201300002982;0;7;0;0;2;2;1;A01
201300002982;0;7;0;0;2;3;15;B02
201300002983;0;7;0;13;0;0;1;A01
201300002984;0;7;0;13;0;1;14;A01
201300002985;0;7;0;0;2;8;17;A01
201300002985;0;7;0;0;2;1;1;B02
201300002985;0;7;0;0;2;8;1;C03
201300002986;0;7;0;13;0;9;13;A01
201300002987;0;7;0;1;0;3;1;A01
201300002987;0;32;0;0;0;1;16;B02
201300002988;0;7;0;0;0;3;13;A01
201300002988;0;2;0;0;2;3;0;B02
201300002989;0;7;0;1;0;3;0;A01
201300002990;0;30;0;0;2;7;16;A01
201300002990;0;7;0;0;2;2;1;B02
201300002990;0;10;0;0;2;3;1;C03
201300002991;0;10;0;0;2;7;15;A01
201300002991;0;33;0;0;2;1;1;B02
201300002992;0;30;0;11;0;1;1;A01
201300002993;0;7;0;0;0;1;13;A01
201300002993;0;7;0;0;0;1;1;B02
201300002994;0;7;0;0;9;3;9;A01
201300002994;0;1;0;0;2;7;1;B02
201300002995;0;7;0;0;0;1;13;A01
201300002995;0;21;0;1;0;3;0;B02
201300002996;1;14;0;0;1;2;2;A01
201300002997;0;7;0;16;0;1;1;A01
201300002998;0;7;0;0;2;3;1;C03
201300002998;0;33;0;0;2;7;17;A01
201300002998;0;7;0;0;2;2;15;B02
201300002999;0;7;0;10;0;1;1;A01
201300003000;0;2;0;0;2;1;1;A01
201300003000;0;14;0;0;0;6;15;B02
201300003001;0;1;0;0;2;1;1;A01
201300003001;0;15;0;0;2;8;1;B02
201300003002;0;17;0;0;2;1;1;B02
201300003002;0;7;0;0;2;3;13;A01
201300003003;0;7;0;0;2;3;1;B02
201300003003;0;7;0;0;2;5;15;A01
201300003004;0;33;0;10;2;8;21;A01
201300003004;0;7;0;0;2;3;1;B02
201300003005;0;7;0;0;2;1;1;B02
201300003005;0;7;0;0;2;1;13;A01
201300003006;0;1;0;0;0;0;1;B02
201300003006;0;10;0;0;2;6;2;A01
201300003007;0;7;0;2;0;2;1;A01
201300003008;0;7;0;0;2;1;1;A01
201300003008;0;30;0;0;2;8;9;B02
201300003009;0;7;0;0;2;3;13;A01
201300003009;0;7;0;0;2;3;1;B02
201300003010;0;10;0;0;2;3;19;A01
201300003010;0;33;0;0;2;8;1;B02
201300003011;0;10;0;16;0;2;2;A01
201300003012;0;7;0;0;1;3;1;A01
201300003013;0;7;0;0;1;2;1;A01
201300003014;0;7;0;0;0;1;0;A01
201300003015;0;30;0;0;0;1;16;A01
201300003016;0;33;0;0;2;0;21;B02
201300003016;0;7;0;0;2;0;15;A01
201300003017;0;7;0;8;0;3;0;A01
201300003018;0;7;0;13;0;8;1;A01
201300003019;0;7;0;13;0;9;0;A01
201300003020;0;7;0;0;2;3;5;A01
201300003020;0;7;0;0;2;3;17;B02
201300003021;0;2;0;0;2;1;1;A01
201300003021;0;7;0;0;2;3;19;B02
201300003022;0;7;0;0;0;8;1;A01
201300003023;0;7;0;0;2;8;15;A01
201300003023;0;7;0;0;2;7;17;B02
201300003024;0;7;0;0;0;1;1;A01
201300003025;0;7;0;0;2;1;13;A01
201300003025;0;7;0;0;2;3;1;B02
201300003026;0;30;0;0;2;0;5;A01
201300003026;0;7;0;0;2;3;1;B02
201300003027;0;10;0;0;2;1;1;B02
201300003027;0;7;0;0;2;7;14;C03
201300003027;0;7;0;16;2;0;1;A01
201300003028;0;3;0;0;2;2;1;A01
201300003028;0;1;0;0;2;1;1;B02
201300003029;0;3;0;0;2;3;1;A01
201300003029;0;7;0;0;2;3;1;B02
201300003030;0;10;0;0;2;2;1;B02
201300003030;0;7;0;0;2;3;1;A01
201300003031;0;15;0;0;2;3;1;B02
201300003031;0;3;0;0;2;7;19;A01
201300003032;0;7;0;0;2;8;1;A01
201300003032;0;7;0;0;2;1;1;B02
201300003033;0;7;0;0;2;1;1;B02
201300003033;0;7;0;0;2;1;17;A01
201300003034;0;7;0;6;0;2;1;A01
201300003035;0;1;0;0;2;8;19;A01
201300003035;0;7;0;0;9;2;1;B02
201300003036;0;31;0;8;0;2;14;A01
201300003037;0;10;0;0;2;3;15;A01
201300003037;0;33;0;0;0;1;1;B02
201300003038;0;33;0;0;2;2;1;A01
201300003038;0;10;0;0;2;3;15;B02
201300003039;0;7;0;1;0;2;0;A01
201300003040;0;7;0;0;1;2;1;A01
201300003041;0;7;0;0;1;1;14;A01
201300003042;0;7;0;13;0;3;1;A01
201300003043;0;7;0;0;2;2;1;A01
201300003043;0;7;0;0;2;8;9;B02
201300003044;0;10;0;0;2;2;1;A01
201300003044;0;7;0;0;2;3;9;B02
201300003045;0;7;0;0;2;3;19;A01
201300003045;0;7;0;0;2;2;1;B02
201300003046;0;33;0;0;0;0;1;A01
201300003047;0;7;0;14;0;0;1;B02
201300003047;0;32;0;0;0;7;1;A01
201300003048;0;7;0;2;0;3;0;A01
201300003049;0;7;0;2;0;1;0;A01
201300003050;0;7;0;7;2;3;1;A01
201300003050;0;7;0;11;2;1;19;B02
201300003051;0;7;0;0;2;7;19;A01
201300003051;0;10;0;0;2;1;1;B02
201300003052;0;7;0;0;2;3;1;B02
201300003052;0;7;0;0;2;3;5;A01
201300003053;0;7;0;6;0;0;13;A01
201300003054;0;7;0;0;2;5;15;A01
201300003054;0;2;0;0;2;1;1;B02
201300003055;0;21;0;0;0;7;1;A01
201300003055;0;39;0;0;2;1;1;B02
201300003056;0;7;0;0;1;2;1;A01
201300003057;0;7;0;0;2;3;1;B02
201300003057;0;7;0;0;2;3;13;A01
201300003058;0;10;0;0;9;7;17;A01
201300003058;0;1;0;0;2;8;1;B02
201300003059;0;7;0;0;2;8;1;B02
201300003059;0;7;0;0;2;3;1;C03
201300003059;0;7;0;0;2;3;13;A01
201300003060;0;7;0;2;0;1;13;A01
201300003061;0;7;0;0;2;7;1;A01
201300003061;0;7;0;0;2;1;1;B02
201300003062;0;7;0;0;2;1;13;A01
201300003062;0;7;0;0;2;3;1;B02
201300003063;0;7;0;8;0;1;13;A01
201300003064;0;7;0;0;1;1;1;A01
201300003065;0;7;0;2;0;8;1;A01
201300003066;0;7;0;0;2;2;19;A01