num_acc;senc;catv;occutc;obs;obsm;choc;manv;num_veh
201300003066;0;1;0;0;2;8;1;B02
201300003067;0;31;0;13;0;7;1;A01
201300003068;0;7;0;0;2;7;19;A01
201300003068;0;33;0;0;2;1;1;B02
201300003069;0;7;0;0;2;1;1;A01
201300003069;0;7;0;0;2;1;9;B02
201300003070;0;7;0;0;0;2;13;A01
201300003071;0;10;0;0;2;1;1;B02
201300003071;0;7;0;0;2;1;13;A01
201300003072;0;7;0;0;0;1;1;A01
201300003073;0;7;0;6;0;1;13;A01
201300003074;0;2;0;0;2;3;15;B02
201300003074;0;7;0;0;2;2;17;A01
201300003075;0;7;0;0;2;4;2;A01
201300003075;0;15;0;0;2;6;1;B02
201300003075;0;7;0;0;2;0;2;C03
201300003075;0;7;0;0;2;1;2;D04
201300003075;0;7;0;3;0;1;2;E05
201300003075;0;7;0;0;2;6;2;F06
201300003075;0;7;0;0;2;8;2;G07
201300003075;0;7;0;0;2;1;2;H08
201300003075;0;10;0;0;2;2;2;I09
201300003075;0;7;0;0;2;4;2;J10
201300003075;0;14;0;0;2;3;2;K11
201300003075;0;7;0;0;2;1;1;L12
201300003075;0;7;0;0;2;4;1;M13
201300003075;0;7;0;0;2;9;2;N14
201300003075;0;7;0;0;2;1;2;O15
201300003075;0;7;0;0;2;4;1;P16
201300003075;0;7;0;0;2;8;2;Q17
201300003075;0;7;0;0;2;9;2;R18
201300003075;0;10;0;0;2;1;2;S19
201300003075;0;7;0;0;2;4;2;T20
201300003075;0;7;0;0;2;3;2;U21
201300003075;0;14;0;0;2;6;1;V22
201300003075;0;7;0;0;2;2;2;W23
201300003075;0;7;0;0;2;5;1;X24
201300003075;0;7;0;0;2;2;2;Y25
201300003075;0;7;0;0;2;3;2;Z26
201300003075;0;7;0;0;2;1;1;A27
201300003075;0;7;0;0;2;4;1;B28
201300003076;0;33;0;16;0;1;2;A01
201300003077;0;1;0;13;0;1;1;A01
201300003078;0;7;0;0;2;1;2;A01
201300003078;0;17;0;0;2;5;15;B02
201300003079;0;33;0;0;2;1;1;A01
201300003079;0;7;0;0;2;4;11;B02
201300003080;0;33;0;0;6;1;1;A01
201300003081;0;7;0;0;1;3;1;A01
201300003082;0;7;0;0;2;2;1;A01
201300003082;0;1;0;0;2;4;15;B02
201300003083;0;7;0;0;2;3;15;B02
201300003083;0;33;0;0;2;1;1;A01
201300003084;0;7;0;0;2;3;14;A01
201300003084;0;7;0;0;2;3;13;B02
201300003085;0;7;0;0;2;8;19;A02
201300003085;0;7;0;0;2;1;1;B02
201300003086;0;10;0;0;2;3;13;A01
201300003086;0;33;0;0;2;1;1;B02
201300003087;0;7;0;0;2;3;13;A01
201300003087;0;7;0;0;2;3;1;B02
201300003088;0;33;0;0;6;1;1;A01
201300003089;0;7;0;0;1;1;9;A01
201300003090;0;7;0;0;2;7;15;A01
201300003090;0;30;0;0;2;1;1;B02
201300003091;0;7;0;1;2;2;15;A01
201300003091;0;7;0;0;2;1;1;B02
201300003092;0;7;0;0;2;3;13;A01
201300003092;0;7;0;0;2;3;1;B02
201300003093;0;33;0;2;0;9;1;A01
201300003094;0;10;0;0;1;4;4;A01
201300003095;0;7;0;0;2;1;15;A01
201300003095;0;14;0;0;2;1;1;B02
201300003096;0;33;0;13;0;9;17;A01
201300003097;0;2;0;0;2;1;13;A01
201300003097;0;21;0;0;2;1;1;B02
201300003098;0;7;0;0;2;1;1;B02
201300003098;0;7;0;0;2;8;19;A01
201300003099;0;31;0;0;2;1;1;B02
201300003099;0;7;0;0;2;1;13;A01
201300003100;0;10;0;0;2;1;9;A01
201300003100;0;1;0;0;2;4;23;B02
201300003101;0;7;0;2;0;9;1;A01
201300003102;0;7;0;0;2;2;1;A01
201300003102;0;1;0;0;2;4;2;B02
201300003103;0;30;0;15;0;1;1;A01
201300003104;0;7;0;0;2;5;1;A01
201300003104;0;7;0;0;2;1;19;B02
201300003105;0;10;0;8;0;3;1;A01
201300003106;0;16;0;0;1;7;16;A01
201300003107;0;36;0;13;0;8;13;A01
201300003108;0;33;0;8;0;1;13;A01
201300003109;0;7;0;13;0;1;1;A01
201300003110;0;7;0;0;2;5;10;A01
201300003110;0;33;0;0;2;1;1;B02
201300003111;0;7;0;0;2;1;1;A01
201300003111;0;1;0;0;2;1;15;B02
201300003112;0;7;0;13;0;9;14;A01
201300003113;0;7;0;0;1;4;20;A01
201300003114;0;14;0;0;2;7;1;A01
201300003114;0;30;0;0;2;1;19;B02
201300003115;0;7;0;2;0;2;14;A01
201300003116;0;7;0;13;0;8;1;A01
201300003117;0;7;0;13;0;2;1;A01
201300003118;0;7;0;8;0;2;1;A01
201300003119;0;7;0;6;0;1;13;A01
201300003120;0;30;0;0;2;1;1;A01
201300003120;0;7;0;0;2;7;15;B02
201300003121;0;7;0;0;2;6;4;A01
201300003121;0;31;0;0;2;1;1;B02
201300003122;0;7;0;10;0;3;13;A01
201300003123;0;36;0;13;0;1;1;A01
201300003124;0;7;0;2;0;1;13;A01
201300003125;0;7;0;0;2;1;1;B02
201300003125;0;7;0;0;2;2;1;A01
201300003126;0;7;0;0;2;3;13;A01
201300003126;0;7;0;3;2;3;1;B02
201300003126;0;7;0;0;2;1;1;C03
201300003127;0;7;0;10;0;2;1;A01
201300003128;0;7;0;0;2;2;23;A01
201300003128;0;20;0;1;0;2;1;B02
201300003129;0;7;0;0;2;7;5;A01
201300003129;0;7;0;0;2;1;1;B02
201300003130;0;7;0;3;0;3;14;A01
201300003131;0;7;0;0;2;3;13;A01
201300003131;0;7;0;0;2;3;1;B02
201300003132;0;33;0;13;;7;1;A01
201300003133;0;21;0;0;2;1;1;A01
201300003133;0;7;0;0;2;3;15;B02
201300003134;0;7;0;0;2;3;1;A01
201300003134;0;7;0;0;2;2;19;B02
201300003135;0;7;0;13;0;3;1;A01
201300003136;0;7;0;2;0;8;12;A01
201300003137;0;20;0;0;2;2;15;A01
201300003137;0;33;0;0;2;1;1;B02
201300003138;0;7;0;0;1;7;2;A01
201300003139;0;7;0;0;2;4;24;A01
201300003139;0;7;0;1;0;1;14;B02
201300003140;0;7;0;0;2;3;13;A01
201300003140;0;7;0;0;2;3;1;B02
201300003141;0;7;0;0;2;2;1;A01
201300003141;0;7;0;0;2;3;15;B02
201300003142;0;33;0;0;2;7;21;A01
201300003142;0;7;0;0;2;3;10;B02
201300003143;0;31;0;12;0;0;1;A01
201300003144;0;7;0;6;0;1;1;A01
201300003145;0;7;0;0;2;3;13;A01
201300003145;0;2;0;0;2;1;1;B02
201300003146;0;7;0;13;0;0;13;A01
201300003147;0;7;0;0;2;3;13;A01
201300003147;0;15;0;0;2;3;1;B02
201300003148;0;2;0;13;0;7;1;A01
201300003149;0;33;0;9;0;1;21;A01
201300003150;0;7;0;0;2;1;1;B02
201300003150;0;7;0;0;2;8;19;A01
201300003151;0;7;0;2;0;7;13;A01
201300003152;0;33;0;0;2;5;1;A01
201300003152;0;7;0;0;2;2;15;B02
201300003153;0;7;0;2;0;8;14;A01
201300003154;0;7;0;0;2;1;1;A01
201300003154;0;10;0;0;2;9;1;B02
201300003155;0;33;0;0;2;2;1;A01
201300003155;0;7;0;0;2;2;15;B02
201300003156;0;7;0;0;2;3;1;A01
201300003156;0;10;0;0;2;3;13;B02
201300003157;0;7;0;0;2;7;1;A01
201300003157;0;7;0;0;2;1;19;B02
201300003158;0;7;0;13;0;1;1;A01
201300003159;0;7;0;0;2;1;1;A01
201300003159;0;7;0;0;2;3;15;B02
201300003160;0;7;0;0;2;3;1;B02
201300003160;0;7;0;0;2;3;13;A01
201300003161;0;33;0;0;2;3;1;A01
201300003161;0;7;0;0;2;5;9;B02
201300003162;0;30;0;0;2;2;1;A01
201300003162;0;7;0;0;2;1;1;B02
201300003163;0;7;0;0;2;8;19;B02
201300003163;0;7;0;0;2;1;1;A01
201300003164;0;7;0;0;2;0;17;A01
201300003164;0;7;0;0;2;1;13;B02
201300003164;0;10;0;0;2;3;1;C03
201300003165;0;7;0;0;2;7;19;A01
201300003165;0;33;0;0;2;1;1;B02
201300003166;0;10;0;0;2;3;1;A01
201300003166;0;7;0;0;2;3;13;B02
201300003166;0;7;0;0;2;3;1;C03
201300003167;0;3;0;7;0;1;13;A01
201300003168;0;1;0;0;2;1;1;B02
201300003168;0;1;0;0;2;1;1;C03
201300003168;0;1;0;0;2;1;1;D04
201300003168;0;7;0;0;2;1;13;A01
201300003169;0;33;0;3;0;1;1;A01
201300003170;0;10;0;0;2;1;19;A01
201300003170;0;7;0;0;2;8;1;B02
201300003171;0;33;0;0;2;1;17;A01
201300003171;0;10;0;0;2;8;2;D04
201300003171;0;7;0;0;9;2;2;C03
201300003171;0;10;0;0;2;3;1;B02
201300003172;0;7;0;0;2;7;2;A01
201300003172;0;1;0;0;2;8;17;B02
201300003173;0;33;0;0;2;1;1;B02
201300003173;0;14;0;0;0;5;15;A01
201300003174;0;2;0;8;0;1;1;A01
201300003175;0;1;0;0;2;1;1;B02
201300003175;0;7;0;0;2;5;16;A01
201300003176;0;7;0;2;0;7;0;A01
201300003177;0;7;0;13;0;9;14;A01
201300003178;0;31;0;0;0;4;1;B02
201300003178;0;10;0;0;2;2;1;A01
201300003179;0;10;0;0;2;8;1;A01
201300003179;0;21;0;0;2;6;1;B02
201300003180;0;7;0;0;1;8;0;A01
201300003181;0;7;0;0;2;6;15;C03
201300003181;0;10;0;0;2;3;2;D04
201300003181;0;14;0;0;2;1;21;A01
201300003181;0;14;0;0;2;1;1;B02
201300003182;0;10;0;0;2;2;13;A01
201300003182;0;7;0;0;0;4;1;B02
201300003183;0;7;0;0;0;2;23;B02
201300003183;0;30;0;1;0;2;1;A01
201300003184;0;33;0;0;2;2;1;A01
201300003184;0;7;0;0;2;3;0;C03
201300003184;0;7;0;0;2;5;15;B02
201300003185;0;33;0;0;2;1;1;A01
201300003185;0;7;0;0;2;8;15;B02
201300003186;0;1;0;0;0;4;1;B02
201300003186;0;7;0;0;2;2;21;A01
201300003187;0;7;0;0;1;7;1;A01
201300003188;0;14;0;16;0;8;1;A01
201300003189;0;7;0;0;2;2;17;A01
201300003189;0;31;0;0;2;8;15;B02
201300003190;0;7;0;13;0;0;1;A01
201300003191;0;7;0;2;0;3;1;A01
201300003192;0;33;0;0;2;3;17;A01
201300003192;0;7;0;0;2;3;1;B02
201300003193;0;7;0;0;2;1;1;B02
201300003193;0;7;0;0;2;1;17;A01
201300003194;0;7;0;6;0;2;0;A01
201300003195;0;10;0;2;0;1;1;A01
201300003196;0;33;0;0;2;8;1;B02
201300003196;0;7;0;0;2;3;13;A01
201300003197;0;7;0;12;1;2;17;A01
201300003198;0;7;0;2;0;7;13;A01
201300003199;0;7;0;0;1;3;1;A01
201300003200;0;7;0;2;0;7;1;A01
201300003201;0;7;0;0;2;1;17;A01
201300003201;0;7;0;0;2;1;1;B02
201300003202;0;7;0;10;0;3;1;A01
201300003203;0;10;0;2;0;1;1;A01
201300003204;0;7;0;2;0;6;1;A01
201300003205;0;7;0;0;2;1;1;B02
201300003205;0;7;0;0;2;1;5;A01
201300003206;0;10;0;0;2;3;19;B02
201300003206;0;34;0;0;2;7;17;A01
201300003207;0;7;0;0;2;3;15;A01
201300003207;0;31;0;0;2;1;1;B02
201300003208;0;36;0;10;0;1;1;A01
201300003209;0;7;0;0;2;3;1;B02
201300003209;0;7;0;0;2;3;13;A01
201300003210;0;7;0;0;0;3;15;C03
201300003210;0;7;0;0;9;1;1;B02
201300003210;0;10;0;0;2;1;1;A01
201300003211;0;7;0;0;2;5;19;A01
201300003211;0;31;0;0;2;1;1;B02
201300003212;0;7;0;0;2;1;1;B02
201300003212;0;7;0;0;2;1;1;A01
201300003213;0;20;0;0;2;7;15;A01
201300003213;0;30;0;0;2;1;1;B02
201300003214;0;7;0;0;2;5;15;A01
201300003214;0;7;0;0;2;2;1;B02
201300003215;0;7;0;6;0;2;1;A01
201300003216;0;1;0;0;0;7;1;B02
201300003216;0;7;0;0;2;3;9;A01
201300003217;0;7;0;0;2;4;24;B02
201300003217;0;2;0;6;0;2;1;A01
201300003218;0;30;0;0;0;0;1;A01
201300003219;0;2;0;8;0;1;15;A01
201300003220;0;7;0;13;2;3;1;A01
201300003220;0;15;0;0;2;8;1;B02
201300003221;0;7;0;0;9;2;17;B02
201300003221;0;1;0;0;2;6;15;A01
201300003222;0;33;0;7;0;1;2;A01
201300003223;0;7;0;13;0;3;1;A01
201300003224;0;7;0;0;2;1;1;B02
201300003224;0;33;0;0;2;8;19;A01
201300003225;0;30;0;6;0;1;0;A01
201300003226;0;7;0;0;2;8;17;A01
201300003226;0;2;0;0;2;8;1;B02
201300003227;0;2;0;0;2;8;1;B02
201300003227;0;7;0;0;2;8;1;A01
201300003228;0;7;0;13;0;2;1;A01
201300003229;0;7;0;8;0;2;1;A01
201300003230;2;10;0;0;2;1;1;B02
201300003230;0;7;0;0;0;7;1;A01
201300003231;0;7;0;0;2;1;1;B02
201300003231;0;7;0;0;0;7;19;A01
201300003232;0;10;0;0;2;3;13;A01
201300003232;0;30;0;0;2;1;1;B02
201300003233;0;7;0;0;2;1;1;B02
201300003233;0;7;0;0;2;1;13;A01
201300003234;0;33;0;5;0;2;0;A01
201300003235;0;33;0;2;0;1;1;A01
201300003236;0;30;0;0;2;1;1;A01
201300003236;0;7;0;0;2;7;15;B02
201300003237;0;7;0;0;2;2;15;A01
201300003237;0;7;0;0;2;1;1;C03
201300003237;0;7;0;0;2;1;1;D04
201300003237;0;7;0;0;2;1;1;B02
201300003238;0;7;0;0;2;1;17;A01
201300003238;0;7;0;0;2;8;15;B02
201300003239;0;7;0;0;0;5;16;B02
201300003239;0;31;0;0;2;1;18;A01
201300003240;0;33;0;0;0;1;1;A01
201300003241;0;7;0;0;2;3;13;A01
201300003241;0;7;0;0;2;8;1;C03
201300003241;0;7;0;0;2;6;1;B02
201300003242;0;7;0;0;2;7;1;B02
201300003242;0;7;0;0;2;7;9;A01
201300003243;0;7;0;0;1;0;4;A01
201300003244;0;2;0;1;2;1;1;B02
201300003244;0;7;0;0;2;3;20;A01
201300003245;0;7;0;0;0;1;0;A01
201300003246;0;2;0;0;2;1;17;B02
201300003246;0;7;0;0;2;3;9;A01
201300003247;0;7;0;6;0;1;1;A01
201300003248;0;7;0;0;2;1;1;B02
201300003248;0;7;0;0;2;1;0;A01
201300003249;0;7;0;0;2;1;2;B02
201300003249;0;7;0;0;2;3;9;A01
201300003250;0;7;0;2;0;8;1;A01
201300003251;0;7;0;0;2;1;13;A01
201300003251;0;7;0;0;2;1;1;B02
201300003252;0;7;0;0;2;2;15;A01
201300003252;0;1;0;0;2;1;1;B02
201300003253;0;7;0;0;2;2;1;B02
201300003253;0;7;0;0;2;3;1;A01
201300003254;0;7;0;2;0;1;19;A01
201300003255;0;7;0;6;0;2;1;A01
201300003256;0;7;0;0;2;2;2;A01
201300003256;0;2;0;0;2;1;1;B02
201300003257;0;7;0;0;2;1;13;A01
201300003257;0;10;0;0;2;1;1;B02
201300003258;0;7;0;2;0;7;14;A01
201300003259;0;7;0;0;2;1;2;A01
201300003259;0;30;0;0;0;4;2;B02
201300003260;0;7;0;13;0;1;1;A01
201300003261;0;7;0;0;2;7;15;A01
201300003261;0;10;0;0;2;1;1;B02
201300003262;0;7;0;0;0;1;13;A01
201300003262;0;7;0;0;2;1;1;C03
201300003262;0;7;0;0;2;1;1;B02
201300003263;0;7;0;0;2;9;1;B02
201300003263;0;7;0;0;2;1;19;A01
201300003264;2;7;0;0;0;2;13;A01
201300003265;0;7;0;0;2;1;23;C03
201300003265;0;7;0;0;2;3;15;A01
201300003265;0;33;0;0;2;1;1;B02
201300003266;0;32;0;12;0;2;2;A01
201300003267;0;7;0;8;0;7;0;A01
201300003268;0;7;0;0;2;1;1;B02
201300003268;0;7;0;0;2;8;19;A01
201300003269;0;2;0;0;0;0;0;A01
201300003270;0;7;0;0;1;0;1;A01
201300003271;0;7;0;0;2;1;5;A01
201300003271;0;14;0;0;2;1;1;B02
201300003272;0;7;0;0;2;2;1;A01
201300003272;0;1;0;0;2;4;1;B02
201300003273;0;7;0;6;0;7;0;A01
201300003274;0;7;0;2;0;7;17;A01
201300003275;0;38;55;0;2;7;19;B02
201300003275;0;7;0;0;2;1;1;A01
201300003276;0;7;0;0;1;8;1;A01
201300003277;0;7;0;2;0;4;19;A01
201300003278;0;7;0;0;2;8;1;C03
201300003278;0;7;0;0;2;3;13;A01
201300003278;0;7;0;0;2;3;1;B02
201300003279;0;7;0;6;0;5;1;A01
201300003280;0;7;0;0;2;2;19;B02
201300003280;0;7;0;0;2;1;1;A01
201300003281;0;7;0;0;2;3;13;A01
201300003281;0;10;0;0;2;3;1;B02
201300003282;0;7;0;0;2;2;1;B02
201300003282;0;30;0;0;2;2;16;A01
201300003283;0;2;0;0;2;4;1;B02
201300003283;0;7;0;0;2;3;1;A01
201300003284;0;7;0;0;0;3;1;A01
201300003284;0;7;0;0;0;3;15;B02
201300003285;0;7;0;0;2;1;1;B02
201300003285;0;7;0;0;2;7;17;A01
201300003286;0;14;0;0;2;1;2;C03
201300003286;0;7;0;0;2;4;2;A01
201300003286;0;7;0;0;2;6;1;D04
201300003286;0;7;0;0;2;4;2;B02
201300003287;0;33;0;0;2;1;1;A01
201300003287;0;7;0;0;0;8;15;B02
201300003288;0;7;0;13;0;1;1;A01
201300003289;0;10;0;0;2;1;13;A01
201300003289;0;20;0;0;2;1;1;B02
201300003290;0;7;0;0;2;3;1;A01
201300003290;0;7;0;0;2;3;1;B02
201300003291;0;32;0;13;0;1;1;A01
201300003292;0;7;0;0;2;1;1;B02
201300003292;0;7;0;0;2;7;19;A01
201300003293;0;30;0;1;0;2;1;A01
201300003294;0;7;0;13;0;1;1;A01
201300003295;0;7;0;0;2;3;1;A01
201300003295;0;7;0;0;2;2;1;B02
201300003296;0;7;0;0;2;3;13;B02
201300003296;0;7;0;0;2;3;1;A01
201300003297;0;7;0;0;1;1;17;A01
201300003298;0;31;0;0;0;1;1;A01
201300003299;0;7;0;16;0;2;1;A01
201300003300;0;30;0;0;2;1;19;A01
201300003300;0;7;0;0;2;1;1;B02
201300003301;0;7;0;0;1;1;16;A01
201300003302;0;14;0;0;2;8;15;B02
201300003302;0;7;0;0;2;1;1;A01
201300003303;0;7;0;0;2;6;2;A01
201300003303;0;33;0;0;2;1;2;B02
201300003304;0;7;0;0;2;1;1;B02
201300003304;0;7;0;0;2;1;15;A01
201300003305;0;7;0;0;1;3;1;A01
201300003306;0;7;0;0;2;1;13;A01
201300003306;0;7;0;0;2;1;1;C03
201300003306;0;17;0;0;0;3;14;B02
201300003307;0;17;0;0;2;3;1;B02
201300003307;0;7;0;0;2;3;13;A01
201300003308;0;7;0;0;0;9;14;A01
201300003309;0;7;0;0;2;1;13;A01
201300003309;0;7;0;0;2;3;1;B02
201300003310;0;14;0;0;2;3;1;B02
201300003310;0;7;0;0;2;3;5;A01
201300003311;0;7;0;0;2;0;9;A01
201300003311;0;30;0;0;2;1;1;B02
201300003312;0;7;0;0;2;2;17;A01
201300003312;0;7;0;3;2;6;1;B02
201300003313;0;7;0;6;0;1;1;A01
201300003314;0;7;0;8;0;7;13;A01
201300003315;0;33;0;0;2;1;17;A01
201300003315;0;7;0;0;2;8;15;B02
201300003316;0;7;0;0;2;3;1;A01
201300003316;0;7;0;0;2;1;0;B02
201300003317;0;7;0;3;0;3;1;A01
201300003318;0;7;0;13;0;2;1;A01
201300003319;0;7;0;2;0;1;1;A01
201300003320;0;7;0;13;0;2;1;A01
201300003321;0;33;0;0;2;1;17;B02
201300003321;0;21;0;0;0;3;15;A01
201300003322;0;7;0;2;0;8;1;A01
201300003323;0;21;0;0;2;6;1;A01
201300003323;0;7;0;0;2;3;5;B02
201300003324;0;7;0;0;2;7;15;A01
201300003324;0;7;0;0;2;3;1;B02
201300003325;0;21;0;0;0;0;1;B02
201300003325;0;7;0;0;2;1;1;A01
201300003326;0;7;0;0;2;8;19;B02
201300003326;0;7;0;0;2;1;1;A01
201300003327;0;7;0;8;0;9;1;A01
201300003328;0;7;0;0;2;1;1;B02
201300003328;0;7;0;0;2;8;15;A01
201300003329;0;7;0;2;0;8;1;A01
201300003330;0;7;0;0;2;1;0;B02
201300003330;0;7;0;0;2;1;1;A01
201300003331;0;10;0;0;2;2;1;B02
201300003331;0;7;0;0;2;2;13;A01
201300003332;0;7;0;0;2;1;1;B02
201300003332;0;7;0;0;2;2;1;A01
201300003333;0;7;0;13;0;1;19;A01
201300003334;0;33;0;0;0;2;1;A01
201300003335;0;7;0;0;2;3;1;B02
201300003335;0;3;0;0;2;1;13;A01
201300003336;0;7;0;0;2;1;1;A01
201300003336;0;7;0;0;2;3;19;B02
201300003337;0;10;0;0;2;3;1;B02
201300003337;0;7;0;0;2;8;17;A01
201300003338;0;14;0;0;2;1;1;B02
201300003338;0;14;0;0;2;1;15;A01
201300003339;0;14;0;0;2;2;0;A01
201300003339;0;30;0;0;0;4;0;B02
201300003340;0;7;0;0;0;4;15;B02
201300003340;0;7;0;0;2;1;1;A01
201300003341;0;7;0;0;2;1;15;A01
201300003341;0;33;0;0;2;1;1;B02
201300003342;0;7;0;0;2;8;1;A01
201300003342;0;7;0;0;2;1;1;B02
201300003343;0;7;0;6;0;1;19;A01
201300003344;0;7;0;0;2;8;17;A01
201300003344;0;7;0;0;2;6;18;D04
201300003344;0;7;0;0;2;8;23;C03
201300003344;0;10;0;1;1;8;1;B02
201300003345;0;7;0;13;0;9;13;A01
201300003346;0;30;0;9;0;7;1;A01
201300003347;0;7;0;0;1;2;1;A01
201300003348;0;15;0;0;2;3;17;B02
201300003348;0;17;0;0;2;6;1;C03
201300003348;0;17;0;0;2;3;13;A01
201300003349;0;7;0;0;2;3;1;B02
201300003349;0;10;0;0;2;3;13;A01
201300003350;0;7;0;0;2;1;15;A01
201300003350;0;33;0;0;2;1;1;B02
201300003351;0;33;0;13;0;3;13;A01
201300003352;0;7;0;6;0;1;1;A01
201300003353;0;33;0;0;2;1;1;B02
201300003353;0;7;0;0;2;8;19;A01
201300003354;0;7;0;6;0;8;1;A01
201300003355;0;7;0;8;0;1;14;A01
201300003356;0;7;0;6;0;2;13;A01
201300003357;0;7;0;0;2;3;15;A01
201300003357;0;21;0;0;2;1;0;B02
201300003358;0;30;0;0;2;2;1;B02
201300003358;0;7;0;0;2;3;9;A01
201300003359;0;7;0;0;2;3;15;A01
201300003359;0;30;0;0;2;1;1;B02
201300003360;0;7;0;0;2;3;1;B02
201300003360;0;7;0;0;2;2;5;A01
201300003361;0;36;0;13;0;2;14;A01
201300003362;0;10;0;0;2;3;1;B02
201300003362;0;7;0;0;2;1;15;A01
201300003363;0;7;0;0;2;3;1;A01
201300003363;0;1;0;0;2;0;1;C02
201300003363;0;1;0;0;2;1;1;B02
201300003364;0;7;0;0;2;3;13;A01
201300003364;0;7;0;0;2;3;1;B02
201300003365;0;7;0;6;0;8;0;A01
201300003366;0;7;0;0;1;1;1;A01
201300003367;1;7;0;0;2;2;1;A01
201300003367;0;1;0;0;2;8;19;B02
201300003368;0;7;0;0;1;1;15;A01
201300003369;0;7;0;0;2;1;1;C03
201300003369;0;7;0;0;2;6;1;B02
201300003369;0;7;0;0;2;2;17;A01
201300003370;0;33;0;0;5;1;21;A01
201300003371;0;7;0;0;2;1;0;A01
201300003371;0;7;0;0;2;8;0;B02
201300003372;0;7;0;2;0;3;1;A01
201300003373;0;7;0;0;0;1;1;A01
201300003374;0;10;0;13;0;8;1;A01
201300003375;0;7;0;0;2;2;15;A01
201300003375;0;2;0;0;2;3;1;B02
201300003376;0;7;0;2;0;1;1;A01
201300003377;0;7;0;8;0;0;2;A01
201300003378;0;7;0;0;2;1;1;B02
201300003378;0;30;0;0;2;7;19;A01
201300003379;0;33;0;0;0;8;1;A01
201300003380;0;14;0;10;0;0;1;A01
201300003381;0;7;0;0;0;8;6;A01
201300003381;0;7;0;0;2;1;2;B02
201300003382;0;33;0;0;2;3;13;A01
201300003382;0;7;0;0;2;3;1;B02
201300003383;0;7;0;0;2;3;13;A01
201300003383;0;33;0;0;2;9;1;B02
201300003384;0;7;0;2;0;1;13;A01
201300003385;0;30;0;0;2;1;13;A01
201300003385;0;7;0;0;2;2;1;B02
201300003386;0;7;0;6;0;2;1;A01
201300003387;0;2;0;0;2;3;15;A01
201300003387;0;7;0;0;2;6;1;B02
201300003388;0;7;0;2;0;4;1;A01
201300003389;0;7;0;0;2;1;13;A01
201300003389;0;10;0;0;2;1;1;B02
201300003390;0;10;0;6;0;4;0;A01
201300003391;0;7;0;0;2;3;1;B02
201300003391;0;30;0;0;2;1;13;A01
201300003392;0;7;0;0;2;8;19;B02
201300003392;0;10;0;0;2;1;1;A01
201300003393;0;7;0;1;1;2;1;A01
201300003393;0;7;0;0;2;2;23;B02
201300003394;0;33;0;4;0;8;1;A01
201300003395;0;7;0;0;2;3;1;A01
201300003395;0;21;0;0;2;3;1;B02
201300003396;0;7;0;8;0;1;1;A01
201300003397;0;7;0;0;2;7;1;A01
201300003397;0;7;0;0;2;1;1;B02
201300003398;0;7;0;0;2;2;15;A01
201300003398;0;2;0;0;2;1;1;B02
201300003399;0;2;0;0;0;7;16;A01
201300003400;0;7;0;0;2;1;1;A01
201300003400;0;1;0;0;2;7;0;B02
201300003401;0;7;0;0;2;1;19;A01
201300003401;0;7;0;0;2;3;1;B02
201300003402;0;7;0;13;0;1;13;A01
201300003403;0;17;0;0;2;3;1;B02
201300003403;0;7;0;0;2;3;13;A01
201300003404;0;15;0;0;2;3;0;B02
201300003404;0;7;0;0;2;1;13;A01
201300003405;0;7;0;13;0;2;14;A01
201300003406;0;2;0;0;2;3;19;A01
201300003406;0;7;0;0;2;1;1;B02
201300003407;0;7;0;0;2;3;13;A01
201300003407;0;15;0;0;2;3;21;B02
201300003408;0;7;0;0;2;3;13;A01
201300003408;0;7;0;0;2;8;1;B02
201300003409;0;7;0;13;0;9;1;A01
201300003410;0;7;0;13;0;1;1;A01
201300003411;0;7;0;0;2;0;1;A01
201300003411;0;30;0;0;0;1;15;B02
201300003412;0;7;0;0;2;3;13;A01
201300003412;0;21;0;0;2;2;23;B02
201300003413;0;10;0;0;1;5;4;A01
201300003414;0;7;0;0;2;3;17;A01
201300003414;0;7;0;0;2;3;16;B02
201300003415;0;7;0;13;0;9;1;A01
201300003416;0;33;0;0;2;1;2;B02
201300003416;0;7;0;0;2;4;16;A01
201300003417;0;31;0;0;2;1;1;B02
201300003417;0;7;0;0;2;8;15;A01
201300003418;0;7;0;6;0;1;1;A01
201300003419;0;7;0;0;2;3;1;A01
201300003419;0;3;0;0;2;2;19;B02
201300003420;0;7;0;0;2;3;1;A01
201300003420;0;1;0;0;2;1;1;B02
201300003421;0;7;0;0;2;3;13;A01
201300003421;0;10;0;0;2;3;1;B02
201300003421;0;10;0;0;2;1;2;C03
201300003422;0;7;0;0;0;9;1;A01
201300003423;0;7;0;0;2;1;1;A01
201300003423;0;7;0;0;2;1;1;B02
201300003424;0;7;0;0;0;9;1;A01
201300003425;0;7;0;0;2;8;15;A01
201300003425;0;33;0;0;2;1;17;B02
201300003426;0;7;0;2;0;8;1;A01
201300003427;0;7;0;0;2;2;17;A01
201300003427;0;7;0;0;2;3;15;B02
201300003428;0;13;0;0;2;3;9;A01
201300003428;0;30;0;0;2;1;9;B02
201300003429;0;2;0;6;0;1;21;A01
201300003430;0;7;0;2;0;1;1;A01
201300003431;0;7;0;2;0;1;0;A01
201300003432;0;7;0;0;2;1;15;A01
201300003432;0;7;0;0;2;3;1;B02
201300003433;0;30;0;0;0;1;1;A01
201300003434;0;7;0;2;0;1;1;A01
201300003435;0;2;0;3;0;1;1;A01