num_acc;senc;catv;occutc;obs;obsm;choc;manv;num_veh
201300003436;0;7;0;0;0;2;1;A01
201300003437;0;7;0;6;0;2;1;A01
201300003438;0;7;0;15;0;3;13;A01
201300003439;0;7;0;0;9;2;1;A01
201300003439;0;1;0;0;2;4;1;B02
201300003440;0;31;0;0;6;1;1;A01
201300003441;0;7;0;13;0;9;0;A01
201300003442;0;7;0;6;0;4;0;A01
201300003443;0;10;0;13;0;1;0;A01
201300003444;0;17;0;0;2;6;1;A01
201300003444;0;13;0;0;2;3;1;B02
201300003445;0;7;0;8;0;2;0;A01
201300003446;0;7;0;0;0;9;1;A01
201300003447;0;7;0;0;2;1;2;A01
201300003447;0;7;0;0;2;4;2;B02
201300003448;0;3;0;3;0;0;1;A01
201300003449;0;7;0;13;0;8;1;A01
201300003450;0;7;0;0;2;2;13;B02
201300003450;0;31;0;0;2;1;1;A01
201300003451;0;7;0;0;2;1;15;A01
201300003451;0;1;0;0;2;7;1;B02
201300003452;0;7;0;0;0;9;1;A01
201300003453;0;7;0;0;2;3;15;A01
201300003453;0;33;0;0;2;8;1;B02
201300003454;0;33;0;0;6;1;1;A01
201300003455;0;31;0;0;0;7;19;A01
201300003455;0;7;0;0;2;3;1;B02
201300003456;0;33;0;0;2;1;5;A01
201300003456;0;7;0;0;2;2;1;B02
201300003457;0;2;0;0;2;1;1;B02
201300003457;0;7;0;0;2;2;15;A01
201300003458;0;7;0;0;0;4;10;A01
201300003458;0;7;0;0;2;1;1;B02
201300003459;0;14;0;0;2;4;1;B02
201300003459;0;7;0;0;2;1;1;A01
201300003460;0;21;0;0;0;6;1;A01
201300003460;0;7;0;0;2;2;1;C03
201300003460;0;7;0;0;2;1;1;B02
201300003461;0;10;0;0;2;1;1;B02
201300003461;0;33;0;0;2;1;1;A01
201300003462;0;7;0;13;0;1;1;A01
201300003463;1;7;0;0;2;7;15;B02
201300003463;0;33;0;0;2;3;1;A01
201300003464;0;7;0;0;2;3;1;B02
201300003464;0;7;0;0;2;3;1;A01
201300003465;0;7;0;0;2;1;13;B02
201300003465;0;7;0;0;2;1;1;A01
201300003466;0;7;0;13;0;1;1;A01
201300003467;0;7;0;0;1;3;1;A01
201300003468;0;10;0;0;0;1;1;C03
201300003468;0;7;0;0;2;7;15;B02
201300003468;0;7;0;0;2;1;1;A01
201300003469;0;2;0;0;2;5;1;A01
201300003469;0;7;0;0;2;2;9;B02
201300003470;0;7;0;0;2;1;17;A01
201300003470;0;10;0;0;2;1;1;B02
201300003471;0;7;0;7;0;1;1;A01
201300003472;0;7;0;16;0;9;1;A01
201300003473;0;2;0;0;2;1;13;A01
201300003473;0;10;0;0;2;2;13;B02
201300003474;0;33;0;16;0;8;1;A01
201300003475;0;33;0;12;0;1;0;A01
201300003476;0;7;0;13;0;1;1;A01
201300003477;0;7;0;0;2;2;1;A01
201300003477;0;7;0;0;2;3;16;B02
201300003477;0;7;0;0;2;3;24;C03
201300003478;0;33;0;0;2;7;1;B02
201300003478;0;7;0;0;2;2;15;A01
201300003479;0;7;0;2;0;1;19;A01
201300003480;0;14;0;0;1;7;2;A01
201300003481;0;7;0;13;0;7;1;A01
201300003482;0;30;0;16;0;9;1;A01
201300003483;0;7;0;0;0;5;1;B02
201300003483;0;7;0;8;1;2;1;A01
201300003484;0;7;0;0;1;3;1;A01
201300003485;0;1;0;0;0;4;1;A01
201300003485;0;1;0;0;0;0;0;B02
201300003486;0;7;0;0;0;2;1;A01
201300003486;0;1;0;0;2;8;13;B02
201300003487;0;33;0;13;0;1;13;A01
201300003488;0;2;0;0;2;1;1;B02
201300003488;0;7;0;0;2;1;5;A01
201300003489;0;7;0;0;2;2;15;A01
201300003489;0;2;0;0;2;1;1;B02
201300003490;0;7;0;0;2;1;9;A01
201300003490;0;1;0;0;2;4;1;B02
201300003491;0;1;0;0;2;7;1;B02
201300003491;0;30;0;0;2;3;15;A01
201300003492;0;33;0;0;2;8;1;A01
201300003492;0;7;0;0;2;1;1;B02
201300003493;0;7;0;0;2;1;17;A01
201300003493;0;7;0;0;2;1;1;B02
201300003494;0;7;0;0;1;1;1;A01
201300003495;0;7;0;6;0;1;13;A01
201300003496;0;7;0;13;0;2;1;A01
201300003497;0;10;0;0;0;2;1;A01
201300003498;0;1;0;6;0;1;15;A01
201300003499;0;7;0;0;2;0;1;B02
201300003499;0;7;0;0;2;7;13;A01
201300003500;0;1;0;0;2;3;1;B02
201300003500;0;10;0;0;2;2;2;A01
201300003501;0;21;0;0;2;5;15;B02
201300003501;0;31;0;0;2;1;17;A01
201300003502;0;7;0;13;0;3;13;A01
201300003503;0;7;0;0;2;3;15;B02
201300003503;0;30;0;0;2;2;17;A01
201300003504;0;7;0;1;0;1;1;A01
201300003505;0;7;0;8;0;1;14;A01
201300003506;0;7;0;0;1;3;15;A01
201300003507;0;7;0;16;0;9;1;A01
201300003508;0;33;0;2;0;1;13;A01
201300003509;0;10;0;0;2;7;15;A01
201300003509;0;2;0;0;2;1;1;B02
201300003510;0;7;0;0;1;2;1;A01
201300003511;0;2;0;0;0;3;2;A01
201300003511;0;7;0;0;0;7;2;B02
201300003512;0;7;0;0;2;7;13;A01
201300003512;0;7;0;0;2;1;1;B02
201300003513;0;2;0;0;2;1;1;A01
201300003513;0;7;0;0;2;3;15;B02
201300003514;0;2;0;0;2;8;19;B02
201300003514;0;7;0;0;2;2;1;A01
201300003515;0;7;0;0;2;2;1;A01
201300003515;0;7;0;0;2;3;15;B02
201300003516;0;7;0;0;1;1;1;A01
201300003517;0;10;0;13;0;1;2;A01
201300003518;0;7;0;8;0;3;1;A01
201300003519;0;7;0;0;0;9;1;A01
201300003520;0;33;0;0;0;8;1;A01
201300003521;0;7;0;0;2;1;1;B02
201300003521;0;7;0;0;2;1;1;A01
201300003522;0;7;0;13;0;9;0;A01
201300003523;0;7;0;0;2;7;17;A01
201300003523;0;1;0;0;2;3;1;B02
201300003524;0;7;0;8;0;1;1;A01
201300003525;0;7;0;1;0;2;1;A01
201300003526;0;10;0;13;0;1;1;A01
201300003527;0;7;0;16;0;1;14;A01
201300003528;0;7;0;0;2;3;13;A01
201300003528;0;7;0;0;2;1;1;B02
201300003529;0;7;0;0;0;1;13;A01
201300003529;0;7;0;0;0;1;1;B02
201300003530;0;7;0;13;0;7;1;A01
201300003531;0;21;0;0;0;6;2;A01
201300003531;0;7;0;0;2;1;2;B02
201300003532;0;7;0;2;0;2;1;A01
201300003533;0;7;0;0;2;3;9;A01
201300003533;0;2;0;1;2;1;17;B02
201300003534;0;7;0;2;0;3;13;A01
201300003535;0;2;0;0;2;1;1;A01
201300003535;0;7;0;0;2;2;1;B02
201300003536;0;7;0;8;0;1;1;A01
201300003537;0;7;0;2;0;1;1;A01
201300003538;0;10;0;0;1;3;1;A01
201300003539;0;7;0;0;1;1;1;A01
201300003540;0;10;0;0;2;3;1;A01
201300003540;0;10;0;0;2;1;1;B02
201300003541;0;30;0;0;2;1;1;A01
201300003541;0;7;0;0;2;7;1;B02
201300003542;0;31;0;8;0;7;1;A01
201300003543;0;7;0;0;0;1;13;A01
201300003543;0;7;0;0;0;1;1;B02
201300003544;0;33;0;1;0;8;1;A01
201300003545;0;33;0;0;0;1;1;A01
201300003546;0;7;0;6;0;2;14;A01
201300003547;0;31;0;0;0;8;1;A01
201300003548;0;30;0;15;0;1;1;A01
201300003549;0;7;0;8;0;2;21;A01
201300003550;0;7;0;0;1;7;2;A01
201300003551;0;7;0;0;2;3;1;B02
201300003551;0;7;0;0;2;3;13;A01
201300003552;0;31;0;0;0;8;17;A01
201300003553;0;7;0;6;0;1;1;A01
201300003554;0;7;0;13;0;1;14;A01
201300003555;0;7;0;2;0;3;11;A01
201300003556;0;10;0;0;2;1;15;A01
201300003556;0;7;0;0;2;1;1;B02
201300003556;0;7;0;0;2;3;23;C03
201300003557;0;30;0;0;1;1;1;A01
201300003558;0;7;0;1;0;2;13;A01
201300003558;0;7;0;0;2;6;0;C03
201300003558;0;7;0;0;2;1;0;B02
201300003559;0;7;0;0;2;7;0;B02
201300003559;0;33;0;0;2;3;1;A01
201300003560;0;10;0;0;0;5;15;A01
201300003560;0;2;0;0;2;1;2;B02
201300003561;0;7;0;0;2;3;19;A01
201300003561;0;7;0;0;2;8;1;B02
201300003562;0;33;0;0;2;7;17;B02
201300003562;0;7;0;0;0;8;15;A01
201300003563;0;7;0;0;2;2;17;A01
201300003563;0;7;0;0;2;1;1;B02
201300003564;0;30;0;0;2;7;13;A01
201300003564;0;30;0;0;2;1;1;B02
201300003565;0;2;0;0;2;1;1;B02
201300003565;0;10;0;0;2;2;15;A01
201300003566;0;10;0;0;2;8;1;A01
201300003566;0;7;0;0;2;3;1;B02
201300003567;0;7;0;0;2;8;1;D04
201300003567;0;7;0;0;2;1;1;C03
201300003567;0;10;0;0;2;1;1;B02
201300003567;0;7;0;0;2;3;13;A01
201300003568;0;7;0;0;1;2;1;A01
201300003569;0;1;0;0;2;3;10;A01
201300003569;0;7;0;0;9;1;1;B02
201300003570;0;33;0;0;0;8;1;A01
201300003571;0;7;0;0;2;1;1;C03
201300003571;0;7;0;0;2;1;15;A01
201300003571;0;7;0;0;2;1;1;B02
201300003572;0;7;0;0;2;1;1;A01
201300003572;0;7;0;0;2;0;19;B02
201300003573;0;7;0;13;0;1;1;A01
201300003574;0;7;0;0;2;2;19;A01
201300003574;0;33;0;0;2;1;17;B02
201300003575;0;7;0;0;2;1;1;B02
201300003575;0;7;0;0;2;8;15;A01
201300003576;0;7;0;0;2;3;1;B02
201300003576;0;33;0;0;2;1;17;A01
201300003577;0;33;0;0;2;1;1;B02
201300003577;0;7;0;0;2;8;15;A01
201300003578;0;14;0;13;0;1;1;A01
201300003579;0;33;0;14;0;8;1;A01
201300003580;0;7;0;13;0;2;1;A01
201300003581;0;7;0;0;2;1;2;A01
201300003581;0;10;0;0;2;4;1;B02
201300003582;0;33;0;0;2;1;17;B02
201300003582;0;7;0;0;0;6;15;A01
201300003583;0;7;0;0;2;1;15;B02
201300003583;0;1;0;0;2;8;1;A01
201300003584;0;7;0;0;0;3;1;B02
201300003584;0;7;0;0;0;3;13;A01
201300003585;0;7;0;0;1;2;1;A01
201300003586;0;7;0;0;1;2;17;A01
201300003587;0;7;0;0;2;3;13;A01
201300003587;0;7;0;0;2;1;0;B02
201300003588;0;7;0;0;2;3;1;A01
201300003588;0;7;0;0;2;3;1;B02
201300003589;0;31;0;0;2;1;17;B02
201300003589;0;7;0;0;2;3;9;A01
201300003589;0;15;0;0;2;0;1;C03
201300003590;0;7;0;0;2;1;9;A01
201300003590;0;30;0;0;2;2;3;B02
201300003591;0;10;0;0;1;0;1;A01
201300003592;0;10;0;0;1;4;4;A01
201300003593;0;7;0;0;2;3;1;C03
201300003593;0;7;0;0;2;3;5;A01
201300003593;0;33;0;0;2;1;17;B02
201300003594;0;10;0;0;2;2;19;A01
201300003594;0;7;0;0;2;1;0;B02
201300003595;0;7;0;13;0;2;1;A01
201300003596;0;33;0;0;2;1;1;B02
201300003596;0;7;0;0;2;7;15;A01
201300003597;0;7;0;8;0;1;1;A01
201300003598;0;7;0;0;2;3;15;B02
201300003598;0;2;0;0;2;1;1;A01
201300003599;0;1;0;0;2;1;19;B02
201300003599;0;7;0;0;2;3;1;A01
201300003600;0;7;0;6;0;1;0;A01
201300003601;0;34;0;0;2;0;1;A01
201300003601;0;10;0;0;2;7;6;B02
201300003602;0;7;0;0;2;1;1;B02
201300003602;0;7;0;0;2;1;13;A01
201300003603;0;10;0;2;0;7;1;A01
201300003604;0;14;0;0;2;4;1;A01
201300003604;0;7;0;0;2;8;1;B02
201300003605;0;7;0;0;1;1;15;A01
201300003606;0;2;0;0;2;2;17;A01
201300003606;0;7;0;0;2;3;15;B02
201300003607;0;7;0;0;2;3;1;A01
201300003607;0;33;0;0;2;1;1;B02
201300003608;0;10;0;0;2;3;15;A01
201300003608;0;10;0;0;2;3;1;B02
201300003609;0;7;0;0;1;3;1;A01
201300003610;0;3;0;0;2;3;15;A01
201300003610;0;33;0;0;2;7;1;B02
201300003611;0;31;0;0;2;1;1;A01
201300003611;0;7;0;0;2;2;1;B02
201300003612;0;7;0;0;1;2;1;A01
201300003613;0;7;0;0;0;3;1;B02
201300003613;0;10;0;0;2;1;1;A01
201300003614;0;7;0;13;0;1;1;A01
201300003615;0;7;0;0;0;3;15;A01
201300003615;0;1;0;0;0;3;0;B02
201300003616;0;31;0;2;0;1;1;A01
201300003617;0;7;0;2;0;3;1;A01
201300003618;0;7;0;0;1;3;1;A01
201300003619;0;7;0;2;0;8;1;A01
201300003620;0;7;0;0;1;2;1;A01
201300003621;0;7;0;0;2;3;13;A01
201300003621;0;7;0;0;2;1;1;B02
201300003621;0;7;0;0;2;3;1;C03
201300003622;0;33;0;13;0;1;1;A01
201300003623;0;7;0;0;2;3;1;B02
201300003623;0;7;0;0;2;3;13;A01
201300003624;0;30;0;0;1;1;1;A01
201300003625;0;33;0;0;2;1;1;A01
201300003625;0;7;0;0;2;3;15;B02
201300003626;0;7;0;9;0;1;13;A01
201300003627;0;7;0;6;2;2;1;B02
201300003627;0;7;0;6;2;8;19;A01
201300003628;0;10;0;3;2;3;1;B02
201300003628;0;10;0;0;2;3;11;A01
201300003628;0;10;0;0;2;1;1;C03
201300003629;0;7;0;2;0;1;0;A01
201300003630;0;15;0;0;2;6;1;B02
201300003630;0;33;0;11;2;1;17;A01
201300003631;0;7;0;0;2;1;1;B02
201300003631;0;7;0;0;2;3;19;A01
201300003632;0;7;0;0;2;3;1;B02
201300003632;0;7;0;0;2;3;5;A01
201300003633;0;7;0;0;2;1;1;B02
201300003633;0;7;0;0;2;1;1;C03
201300003633;0;7;0;0;2;1;13;A01
201300003634;0;30;0;1;0;1;2;A01
201300003635;0;33;0;0;2;1;1;B02
201300003635;0;7;0;0;2;8;19;A01
201300003636;0;10;0;0;0;4;23;B02
201300003636;0;15;0;0;2;1;2;A01
201300003637;0;7;0;0;1;1;1;A01
201300003638;0;7;0;0;2;3;1;B02
201300003638;0;7;0;0;2;3;13;A01
201300003639;0;7;0;13;0;3;16;A01
201300003640;0;7;0;10;2;3;1;B02
201300003640;0;7;0;0;2;3;15;A01
201300003641;0;7;0;2;0;3;1;A01
201300003642;0;1;0;0;2;1;1;B02
201300003642;0;7;0;0;2;7;15;A01
201300003643;0;7;0;0;2;3;1;A01
201300003643;0;10;0;0;2;3;1;B02
201300003644;0;30;0;0;2;8;1;B02
201300003644;0;14;0;0;2;0;17;A01
201300003645;0;7;0;6;0;2;14;A01
201300003646;0;10;0;0;2;1;13;A01
201300003646;0;7;0;0;2;1;1;B02
201300003647;0;7;0;0;0;8;19;A01
201300003647;0;2;0;0;2;1;1;B02
201300003648;0;30;0;0;2;8;19;B02
201300003648;0;7;0;0;2;2;1;A01
201300003649;0;33;0;0;0;4;1;B02
201300003649;0;7;0;0;2;1;1;A01
201300003650;0;7;0;13;0;1;1;A01
201300003651;0;7;0;0;2;1;1;C03
201300003651;0;7;0;0;2;3;1;B02
201300003651;0;10;0;0;2;3;13;A01
201300003652;0;7;0;0;2;7;15;A01
201300003652;0;33;0;0;2;1;1;B02
201300003653;0;7;0;0;2;1;1;A01
201300003653;0;7;0;0;2;1;13;B02
201300003654;0;7;0;13;0;1;1;A01
201300003655;0;7;0;0;2;5;15;A01
201300003655;0;33;0;0;2;1;1;B02
201300003656;0;7;0;0;2;1;13;A01
201300003656;0;7;0;0;2;1;1;B02
201300003657;0;7;0;0;2;1;1;B02
201300003657;0;7;0;0;2;8;15;A01
201300003658;0;14;0;0;2;2;15;A01
201300003658;0;33;0;0;2;1;1;B02
201300003659;0;33;0;13;0;9;13;A01
201300003660;0;2;0;0;2;1;1;A01
201300003660;0;7;0;0;0;7;1;B02
201300003661;0;7;0;0;2;7;15;A01
201300003661;0;34;0;0;2;1;1;B02
201300003662;0;1;0;7;0;1;1;A01
201300003663;0;32;0;0;2;7;1;B02
201300003663;0;7;0;0;9;3;1;A01
201300003664;0;30;0;0;2;2;2;B02
201300003664;0;7;0;0;2;3;11;A01
201300003665;0;2;0;0;2;8;1;B02
201300003665;0;7;0;0;2;1;15;A01
201300003666;0;7;0;0;1;3;1;A01
201300003667;0;7;0;2;0;8;1;A01
201300003668;0;7;0;9;0;6;1;A01
201300003669;0;10;0;0;2;1;1;A01
201300003669;0;1;0;0;2;4;1;C03
201300003669;0;7;0;0;2;4;1;B02
201300003670;0;7;0;0;2;8;1;B02
201300003670;0;10;0;0;2;1;19;A01
201300003671;0;31;0;12;0;0;1;A01
201300003672;0;1;0;0;0;0;23;A01
201300003672;0;21;0;0;0;0;1;B02
201300003673;0;21;0;13;0;1;1;A01
201300003674;0;7;0;2;0;9;0;A01
201300003675;0;7;0;2;0;3;13;A01
201300003676;0;7;0;0;2;1;1;A01
201300003676;0;7;0;8;0;4;1;B02
201300003677;1;7;0;0;1;7;1;A01
201300003678;0;7;0;0;0;0;1;A01
201300003679;0;7;0;0;2;3;13;A01
201300003679;0;17;0;0;2;3;1;B02
201300003680;0;7;0;13;2;8;1;A01
201300003680;0;7;0;2;2;3;1;B02
201300003681;0;7;0;0;1;3;1;A01
201300003682;0;7;0;0;2;1;1;C03
201300003682;0;7;0;0;2;1;1;B02
201300003682;0;7;0;3;2;2;13;A01
201300003683;0;2;0;0;2;1;1;B02
201300003683;0;7;0;0;2;2;20;A01
201300003684;0;7;0;6;0;1;13;A01
201300003685;0;7;0;0;2;8;15;A01
201300003685;0;33;0;0;2;1;1;B02
201300003686;0;7;0;0;5;1;1;A01
201300003686;0;7;0;0;2;3;1;B02
201300003687;0;1;0;0;2;8;15;B02
201300003687;0;7;0;0;9;1;19;A01
201300003688;0;7;0;13;0;3;1;A01
201300003689;0;33;0;0;0;0;0;A01
201300003690;0;7;0;13;0;3;1;A01
201300003691;0;2;0;0;2;1;1;B02
201300003691;0;7;0;0;2;2;9;A01
201300003692;0;7;0;0;2;7;1;B02
201300003692;0;7;0;0;2;1;19;A01
201300003693;0;7;0;13;0;0;1;A01
201300003694;0;31;0;16;0;1;14;A01
201300003695;0;7;0;2;0;3;0;A01
201300003696;0;2;0;0;2;2;17;B02
201300003696;0;21;0;0;2;8;15;A01
201300003697;0;7;0;6;0;1;13;A01
201300003698;0;7;0;1;0;2;1;A01
201300003698;0;21;0;0;0;1;24;B02
201300003699;0;7;0;0;0;2;15;A01
201300003699;0;15;0;0;0;3;0;B02
201300003700;0;21;0;0;0;5;15;A01
201300003700;0;2;0;0;2;1;1;B02
201300003701;0;7;0;0;1;3;1;A01
201300003702;0;7;0;2;0;7;14;A01
201300003703;0;7;0;2;0;8;1;A01
201300003704;0;7;0;0;2;3;1;B02
201300003704;0;7;0;0;2;3;13;A01
201300003705;0;7;0;0;2;1;15;A01
201300003705;0;14;0;0;2;1;1;B02
201300003706;0;10;0;0;2;2;1;A01
201300003706;0;14;0;0;2;5;19;B02
201300003707;0;7;0;0;2;6;19;B02
201300003707;0;33;0;0;2;3;1;A01
201300003708;0;7;0;0;2;1;1;B02
201300003708;0;7;0;0;2;1;15;A01
201300003709;0;7;0;0;2;3;13;A01
201300003709;0;7;0;0;2;3;1;B02
201300003710;0;7;0;0;2;4;15;B02
201300003710;0;7;0;0;2;1;17;A01
201300003711;0;7;0;0;2;1;1;B02
201300003711;0;7;0;0;2;1;13;A01
201300003712;0;7;0;0;2;1;1;A01
201300003712;0;7;0;0;2;1;13;B02
201300003713;0;7;0;13;0;3;1;A01
201300003714;0;7;0;2;0;1;1;A01
201300003715;0;7;0;0;2;7;1;B02
201300003715;0;7;0;0;2;1;1;A01
201300003716;0;30;0;0;2;8;15;A01
201300003716;0;7;0;0;2;2;17;B02
201300003717;0;10;0;0;2;7;2;A01
201300003717;0;1;0;0;2;3;11;B02
201300003718;0;33;0;0;0;0;1;A01
201300003719;0;7;0;0;2;3;1;B02
201300003719;0;7;0;0;2;2;15;A01
201300003720;0;33;0;0;5;1;1;A01
201300003721;0;31;0;0;0;0;1;A01
201300003722;0;10;0;0;1;2;1;A01
201300003723;0;7;0;6;0;1;1;A01
201300003724;0;2;0;6;2;1;2;B02
201300003724;0;7;0;0;9;4;2;A01
201300003725;0;7;0;6;0;9;1;A01
201300003726;0;7;0;13;0;3;13;A01
201300003727;0;7;0;0;2;3;15;A01
201300003727;0;10;0;0;2;1;1;B02
201300003728;0;7;0;0;1;0;1;A01
201300003729;0;7;0;0;2;1;1;B02
201300003729;0;7;0;0;2;1;13;A01
201300003730;0;7;0;0;2;1;1;B02
201300003730;0;33;0;0;2;2;0;A01
201300003731;0;7;0;0;1;3;1;A01
201300003732;0;7;0;13;0;1;1;A01
201300003733;0;7;0;13;0;2;1;A01
201300003734;0;7;0;13;0;8;0;A01
201300003735;0;7;0;0;2;3;9;A01
201300003735;0;30;0;0;0;5;1;B02
201300003736;0;10;0;0;2;3;13;A01
201300003736;0;7;0;0;2;3;1;B02
201300003737;0;2;0;0;2;1;1;B02
201300003737;0;7;0;0;2;3;1;A01
201300003738;0;10;0;8;0;2;14;A01
201300003739;0;10;0;3;2;3;5;A01
201300003739;0;10;0;0;2;3;1;C03
201300003739;0;10;0;0;2;8;1;B02
201300003740;0;7;0;0;2;3;5;A01
201300003740;0;7;0;0;2;3;1;B02
201300003741;0;7;0;0;2;2;17;A01
201300003741;0;1;0;0;2;8;15;B02
201300003742;1;7;0;0;1;1;1;A01
201300003743;0;7;0;0;2;3;1;B02
201300003743;0;7;0;0;2;2;15;A01
201300003743;0;17;0;0;2;3;23;C03
201300003744;0;10;0;0;2;7;13;A01
201300003744;0;10;0;0;2;1;1;B02
201300003745;0;7;0;0;2;3;5;A01
201300003745;0;7;0;0;2;3;1;B02
201300003746;0;7;0;0;2;3;1;B02
201300003746;0;7;0;0;2;6;1;A01
201300003747;0;7;0;13;0;3;13;A01
201300003748;0;7;0;2;0;1;1;A01
201300003749;0;7;0;13;0;1;15;A01
201300003750;0;7;0;16;2;1;13;A01
201300003750;0;10;0;0;0;0;19;B02
201300003751;0;7;0;0;0;2;15;A01
201300003751;0;7;0;0;0;2;1;B02
201300003752;0;7;0;0;2;5;19;A01
201300003752;0;33;0;0;2;1;1;B02
201300003753;0;7;0;0;2;6;19;B02
201300003753;0;7;0;2;2;1;1;A01
201300003754;0;7;0;13;0;1;13;A01
201300003755;0;7;0;3;0;2;1;A01
201300003756;0;7;0;13;0;1;1;A01
201300003757;0;10;0;0;1;5;4;A01
201300003758;0;7;0;2;0;1;1;A01
201300003759;0;10;0;0;1;3;1;A01
201300003760;0;1;0;0;0;4;1;B02
201300003760;0;10;0;0;0;2;2;A01
201300003761;0;33;0;13;0;7;14;A01
201300003762;0;2;0;0;2;7;15;A01
201300003762;0;7;0;0;2;1;1;B02
201300003763;0;2;0;0;2;1;1;B02
201300003763;0;7;0;0;2;1;19;A01
201300003764;0;31;0;0;0;9;1;A01
201300003765;0;7;0;16;0;9;14;A01
201300003766;0;7;0;0;1;8;15;A01
201300003767;0;7;0;0;0;4;23;A01
201300003767;0;7;0;0;0;4;23;B01
201300003767;0;7;0;0;2;1;2;C01
201300003768;0;7;0;0;2;2;1;B01
201300003768;0;30;0;0;2;3;9;A01
201300003769;0;7;0;0;0;2;1;A01
201300003769;0;1;0;0;2;1;1;B01
201300003770;0;2;0;0;2;8;1;B01
201300003770;1;7;0;0;2;2;17;A01
201300003771;0;7;0;0;2;8;11;A01
201300003771;0;2;0;0;2;1;2;B01
201300003772;0;1;0;0;0;4;1;B01
201300003772;0;7;0;14;2;3;9;A01
201300003773;0;7;0;0;1;7;1;A01
201300003774;0;7;0;0;2;8;19;A01
201300003774;0;7;0;0;2;1;1;B02
201300003775;0;7;0;0;1;3;1;A01
201300003776;0;1;0;0;9;8;19;A01
201300003776;0;1;0;0;9;1;1;B02
201300003777;0;7;0;0;1;1;1;A01
201300003778;0;7;0;13;0;2;14;A01
201300003779;0;7;0;2;0;1;13;A01
201300003780;0;7;0;13;0;3;1;A01
201300003781;0;14;0;0;2;1;5;A01
201300003781;0;7;0;0;2;1;1;C03
201300003781;0;7;0;0;2;1;1;B02
201300003782;0;7;0;0;2;1;1;A01
201300003782;0;7;0;0;2;1;1;B02
201300003783;0;7;0;0;1;8;1;A01
201300003784;0;33;0;16;0;3;1;A01
201300003785;0;15;0;0;2;7;1;C03
201300003785;0;7;0;0;2;2;13;A01
201300003785;0;15;0;0;2;1;1;B02
201300003786;0;30;0;0;2;7;1;A01
201300003786;0;10;0;0;2;1;1;B02
201300003787;0;33;0;0;6;1;1;A01
201300003788;0;33;0;0;2;1;1;B02
201300003788;0;7;0;0;2;6;19;A01
201300003789;0;7;0;13;0;1;1;A01
201300003790;0;14;0;0;2;3;1;B02
201300003790;0;10;0;0;2;1;1;A01
201300003791;0;33;0;16;0;8;1;A01
201300003792;0;2;0;0;2;1;1;A01
201300003792;0;7;0;0;2;7;15;B02
201300003793;0;7;0;0;1;7;1;A01
201300003794;0;7;0;0;2;1;17;A01
201300003794;0;7;0;0;2;1;1;B02
201300003795;0;14;0;0;2;3;1;B02
201300003795;0;7;0;0;2;1;1;A01
201300003796;0;7;0;0;2;3;13;A01
201300003796;0;7;0;0;2;3;1;B02
201300003797;0;7;0;0;2;2;1;B02
201300003797;0;7;0;0;2;7;13;A01
201300003798;0;7;0;0;1;3;1;A01
201300003799;0;30;0;0;2;1;15;A01
201300003799;0;7;0;0;2;2;1;B02
201300003800;0;1;0;0;2;1;19;A01
201300003800;0;7;0;0;2;3;1;B02
201300003801;0;7;0;0;2;3;1;B02
201300003801;0;7;0;0;2;3;1;C03
201300003801;0;7;0;0;2;3;13;A01
201300003802;0;7;0;0;2;2;13;A01
201300003802;0;7;0;0;2;3;1;C03
201300003802;0;7;0;0;2;3;1;B02
201300003803;0;7;0;0;2;7;17;A01
201300003803;0;17;0;0;2;1;1;B02
201300003804;0;7;0;0;2;2;15;A01
201300003804;0;7;0;0;2;1;1;B02
201300003805;0;7;0;13;0;9;1;A01
201300003806;0;7;0;0;2;1;1;B02
201300003806;0;7;0;0;2;7;19;A01
201300003807;0;7;0;2;0;3;1;A01
201300003808;0;7;0;0;2;3;1;A01
201300003808;0;7;0;0;2;3;1;B02
201300003809;0;99;0;13;0;0;1;A01
201300003810;0;33;0;10;0;8;17;A01
201300003811;0;7;0;0;1;5;4;A01
201300003812;0;7;0;0;2;3;1;A01
201300003812;0;15;0;0;2;4;19;B02
201300003813;0;3;0;0;1;2;1;A01
201300003814;0;21;0;0;2;3;11;B02
201300003814;0;7;0;0;2;1;17;A01
201300003815;0;7;0;0;1;7;1;A01
201300003816;0;7;0;0;2;3;13;A01
201300003816;0;10;0;0;2;3;1;B02
201300003817;0;10;0;10;0;1;13;A01
201300003818;0;7;0;0;2;3;19;A01
201300003818;0;33;0;0;2;1;1;B02
201300003819;0;7;0;0;2;3;15;B02
201300003819;0;33;0;0;2;1;17;A01
201300003820;0;32;0;0;0;0;1;A01
201300003821;0;7;0;0;2;1;1;B02
201300003821;0;7;0;0;2;7;19;A01
201300003822;0;7;0;13;0;2;1;A01
201300003823;0;7;0;6;0;1;1;A01
201300003824;0;7;0;2;0;3;14;A01
201300003825;0;7;0;0;0;4;13;A01
201300003826;0;7;0;2;0;1;1;A01
201300003827;0;33;0;0;0;8;1;A01
201300003828;0;7;0;0;2;2;1;A01
201300003828;0;7;0;0;2;7;1;B02
201300003828;0;7;0;0;2;2;1;C03
201300003829;0;7;0;0;9;8;13;A01
201300003829;0;1;0;0;2;3;13;B02
201300003830;0;33;0;0;2;1;13;A01
201300003830;0;7;0;0;2;3;1;B02
201300003831;0;7;0;0;0;1;13;A01