num_acc;senc;catv;occutc;obs;obsm;choc;manv;num_veh
201300004618;0;33;0;0;0;1;1;B02
201300004618;0;2;0;0;0;8;19;A01
201300004619;0;7;0;0;2;2;15;A01
201300004619;0;7;0;0;2;3;1;B02
201300004620;0;7;0;0;2;1;13;B02
201300004620;0;7;0;0;2;1;1;A01
201300004621;0;7;0;0;2;4;2;B02
201300004621;0;7;0;0;2;1;2;A01
201300004622;0;7;0;0;2;6;15;B02
201300004622;0;33;0;0;2;1;2;A01
201300004623;0;30;0;0;2;8;1;A01
201300004623;0;14;0;0;2;6;1;B02
201300004624;0;31;0;6;0;2;1;A01
201300004625;0;33;0;0;2;1;1;B02
201300004625;0;33;0;0;0;4;1;A01
201300004626;0;10;0;10;0;3;1;A01
201300004627;0;21;0;2;0;1;1;A01
201300004628;0;7;0;0;2;1;13;A01
201300004628;0;7;0;0;2;1;1;B02
201300004629;0;2;0;0;2;4;1;A01
201300004630;0;7;0;0;2;8;19;A01
201300004630;0;14;0;0;2;1;1;B02
201300004631;0;7;0;0;2;4;1;B02
201300004631;0;31;0;0;2;1;1;A01
201300004632;0;33;0;9;1;0;15;A01
201300004633;0;10;0;0;2;3;13;A01
201300004633;0;7;0;0;2;3;1;B02
201300004634;0;7;0;0;2;1;13;A01
201300004634;0;7;0;0;2;1;1;B02
201300004635;0;7;0;0;1;3;1;A01
201300004636;0;7;0;16;0;9;17;A01
201300004637;0;7;0;0;2;3;1;B02
201300004637;0;7;0;0;0;0;0;C03
201300004637;0;33;0;0;2;1;17;A01
201300004638;0;7;0;0;2;2;15;A01
201300004638;0;33;0;0;2;1;1;B02
201300004639;0;33;0;16;0;3;1;A01
201300004640;0;7;0;0;2;2;21;B02
201300004640;0;7;0;0;2;2;13;A01
201300004641;0;10;0;8;0;1;1;A01
201300004642;0;7;0;0;0;9;1;A01
201300004643;0;7;0;0;1;0;1;A01
201300004644;0;7;0;0;2;3;0;B02
201300004644;0;7;0;0;2;3;17;A01
201300004645;0;1;0;0;0;4;2;B02
201300004645;0;7;0;0;2;3;2;A01
201300004646;0;2;0;0;2;1;17;A01
201300004646;0;1;0;0;2;8;15;B02
201300004647;0;15;0;0;2;1;1;A01
201300004647;0;7;0;0;2;8;19;B02
201300004648;0;7;0;0;1;1;1;A01
201300004649;0;1;0;0;2;3;15;B02
201300004649;0;7;0;0;2;5;17;A01
201300004650;0;7;0;5;0;1;1;A01
201300004651;0;7;0;2;0;2;16;A01
201300004652;0;7;0;4;0;2;14;A01
201300004653;0;7;0;0;2;1;1;B02
201300004653;0;1;0;0;2;8;19;A01
201300004654;0;7;0;6;0;1;2;A01
201300004655;0;33;0;0;2;1;1;A01
201300004655;0;7;0;0;2;1;1;B02
201300004656;0;7;0;8;0;8;13;A01
201300004657;0;7;0;0;2;3;13;A01
201300004657;0;15;0;0;2;3;1;B02
201300004658;0;7;0;6;0;1;13;A01
201300004659;0;33;0;0;2;1;1;B02
201300004659;0;7;0;0;0;7;19;A01
201300004660;0;7;0;0;9;5;15;A01
201300004660;0;1;0;0;2;1;1;B02
201300004661;0;2;0;0;2;1;5;A01
201300004661;0;10;0;0;2;8;1;B02
201300004662;0;33;0;15;0;1;14;A01
201300004663;0;7;0;0;2;8;15;A01
201300004663;0;15;0;0;2;2;1;B02
201300004664;0;7;0;0;2;2;0;B02
201300004664;0;7;0;0;2;3;13;A01
201300004665;0;33;0;0;2;1;1;B02
201300004665;0;7;0;0;0;2;1;A01
201300004666;0;7;0;13;0;1;1;A01
201300004667;0;10;0;0;2;1;1;B02
201300004667;0;7;0;0;2;1;13;A01
201300004668;0;31;0;0;2;1;13;A01
201300004668;0;7;0;0;2;3;1;B02
201300004669;0;7;0;0;2;2;13;A01
201300004669;0;33;0;0;2;1;21;B02
201300004670;0;7;0;0;2;1;1;B02
201300004670;0;7;0;0;2;1;13;A01
201300004671;0;15;0;0;2;0;1;B02
201300004671;0;30;0;0;2;7;17;A01
201300004672;0;33;0;6;0;1;1;A01
201300004673;0;7;0;0;0;5;15;A01
201300004673;0;33;0;0;2;1;1;B02
201300004674;0;33;0;0;0;0;1;A01
201300004675;0;7;0;0;1;8;1;A01
201300004676;0;33;0;13;0;1;1;A01
201300004677;0;7;0;0;2;3;1;B02
201300004677;0;7;0;0;2;4;1;A01
201300004678;0;7;0;2;0;7;0;A01
201300004679;0;14;0;0;2;3;1;B02
201300004679;0;7;0;0;2;7;17;A01
201300004680;0;7;0;0;1;2;1;A01
201300004681;0;7;0;2;0;1;13;A01
201300004682;0;7;0;0;2;3;13;A01
201300004682;0;7;0;0;2;3;1;B02
201300004683;0;7;0;13;2;9;13;A01
201300004683;0;20;0;0;2;1;1;B02
201300004684;0;30;0;0;0;0;1;A01
201300004685;0;30;0;0;0;0;1;A01
201300004686;0;7;0;0;2;2;6;A01
201300004686;0;31;0;0;2;8;1;B02
201300004687;0;33;0;0;2;1;1;B02
201300004687;0;7;0;0;2;3;13;A01
201300004688;0;33;0;8;0;7;0;A01
201300004689;0;7;0;0;0;4;15;B02
201300004689;0;33;0;0;2;1;21;A01
201300004690;0;7;0;13;0;1;13;A01
201300004691;0;7;0;0;1;2;1;A01
201300004692;0;7;0;0;2;3;15;B01
201300004692;0;33;0;0;2;5;1;A02
201300004693;0;7;0;0;2;1;0;A01
201300004693;0;7;0;0;2;3;1;B02
201300004694;0;33;0;0;0;1;21;A01
201300004695;0;7;0;8;0;2;1;A01
201300004696;0;7;0;0;2;3;10;A01
201300004696;0;33;0;0;2;1;1;B02
201300004697;0;31;0;13;0;1;0;A01
201300004698;0;7;0;0;1;2;1;A01
201300004699;0;31;0;0;2;1;5;A01
201300004699;0;7;0;0;2;1;1;B02
201300004700;0;7;0;0;2;7;1;A01
201300004700;0;7;0;0;0;1;1;B02
201300004701;0;7;0;0;2;7;1;A01
201300004701;0;7;0;0;2;1;1;B02
201300004702;0;33;0;0;0;0;17;A01
201300004703;0;7;0;0;9;3;1;A01
201300004703;0;1;0;0;2;8;1;B02
201300004704;0;7;0;0;2;5;1;A01
201300004704;0;7;0;0;2;3;1;B02
201300004705;0;7;0;0;0;0;1;A01
201300004706;0;7;0;2;0;1;1;A01
201300004707;0;10;0;0;1;1;13;A01
201300004708;0;7;0;0;0;1;2;B02
201300004708;0;7;0;0;0;5;9;A01
201300004709;0;3;0;0;1;3;1;A01
201300004710;0;7;0;0;0;3;0;A01
201300004710;0;10;0;0;0;3;0;B02
201300004711;0;7;0;0;1;2;14;A01
201300004712;0;7;0;0;2;3;15;A01
201300004712;0;7;0;0;2;1;1;B02
201300004712;0;10;0;0;2;2;24;C03
201300004713;0;7;0;0;2;3;13;A01
201300004713;0;17;0;0;2;3;1;B02
201300004714;0;33;0;0;2;3;16;A01
201300004714;0;7;0;0;2;3;1;B02
201300004715;0;7;0;0;1;1;1;A01
201300004716;0;7;0;0;1;2;1;A01
201300004717;0;7;0;13;0;1;13;A01
201300004718;0;33;0;8;0;8;13;A01
201300004719;0;7;0;0;2;1;5;B02
201300004719;0;7;0;0;2;3;10;A01
201300004720;0;10;0;8;0;4;1;A01
201300004721;0;7;0;0;2;3;1;B02
201300004721;0;7;0;0;2;3;1;A01
201300004722;0;10;0;0;2;1;1;A01
201300004722;0;10;0;5;2;1;1;B02
201300004723;0;7;0;0;2;3;1;A01
201300004723;0;7;0;0;2;3;13;B02
201300004724;0;7;0;0;1;4;4;A01
201300004725;0;7;0;0;1;3;1;A01
201300004726;0;2;0;0;2;2;1;A01
201300004726;0;7;0;0;2;3;1;B01
201300004727;0;7;0;11;0;1;13;A01
201300004728;0;36;0;6;0;2;14;A01
201300004729;0;7;0;0;0;6;15;B01
201300004729;0;33;0;0;2;1;1;A01
201300004730;0;7;0;0;1;3;1;A01
201300004731;0;7;0;0;1;1;1;A01
201300004732;0;7;0;0;1;2;1;A01
201300004733;0;7;0;15;2;1;1;B01
201300004733;0;10;0;9;2;2;16;A01
201300004734;0;2;0;0;2;1;9;A01
201300004734;0;7;0;0;0;7;1;B01
201300004735;0;7;0;0;1;1;1;A01
201300004736;0;7;0;0;1;2;1;A01
201300004737;0;7;0;0;0;3;9;A01
201300004737;0;2;0;0;2;1;1;B01
201300004738;0;7;0;0;1;3;1;A01
201300004739;0;7;0;0;1;0;1;A01
201300004740;0;7;0;0;2;3;15;A01
201300004740;0;31;0;0;2;1;1;B01
201300004741;0;2;0;0;2;1;1;B01
201300004741;0;7;0;0;2;3;15;A01
201300004742;0;7;0;0;2;3;15;B01
201300004742;0;2;0;0;2;1;1;A01
201300004743;0;7;0;0;1;3;1;A01
201300004744;0;7;0;0;2;3;15;A01
201300004744;0;7;0;0;2;1;1;B02
201300004745;0;7;0;0;2;1;1;B02
201300004745;0;7;0;0;2;1;17;A01
201300004746;0;33;0;0;2;3;17;A01
201300004746;0;33;0;0;2;3;1;B02
201300004747;0;7;0;0;2;0;1;A01
201300004747;0;7;0;0;2;3;1;B02
201300004747;0;10;0;0;2;3;13;C03
201300004748;0;7;0;0;1;2;0;A01
201300004749;0;7;0;8;0;7;1;A01
201300004750;0;7;0;8;1;1;1;A01
201300004751;0;7;0;0;2;7;1;A01
201300004751;0;7;0;0;2;1;1;B02
201300004752;0;7;0;15;0;1;19;A01
201300004753;0;33;0;0;2;1;21;A01
201300004753;0;7;0;0;2;2;3;B02
201300004754;0;7;0;0;2;1;17;A01
201300004754;0;7;0;0;2;4;2;B02
201300004754;0;7;0;0;2;6;2;C03
201300004755;0;7;0;0;2;3;13;A01
201300004755;0;7;0;0;2;3;1;B02
201300004756;0;30;0;16;0;1;1;A01
201300004757;0;33;0;0;2;1;2;A01
201300004757;0;7;0;0;0;6;1;B02
201300004758;0;7;0;0;2;1;1;A01
201300004758;0;7;0;0;2;1;13;B02
201300004759;0;7;0;0;0;8;1;A01
201300004759;0;7;0;0;0;2;1;B02
201300004760;0;7;0;0;2;1;13;A01
201300004760;0;10;0;0;2;2;1;B02
201300004761;0;32;0;0;2;1;1;B02
201300004761;0;7;0;0;2;3;19;A01
201300004762;0;7;0;0;1;2;1;A01
201300004763;0;7;0;6;0;1;2;A01
201300004764;0;10;0;0;2;2;1;B02
201300004764;0;7;0;0;2;5;15;A01
201300004765;0;7;0;0;2;3;13;A01
201300004765;0;10;0;0;2;3;1;B02
201300004766;0;33;0;2;0;1;1;A01
201300004767;0;7;0;13;0;3;16;A01
201300004768;0;7;0;0;1;1;1;A01
201300004769;0;7;0;0;1;1;1;A01
201300004770;0;7;0;0;1;1;1;A01
201300004771;0;7;0;0;1;1;1;A01
201300004772;0;7;0;0;2;3;9;A01
201300004772;0;30;0;0;2;1;1;B01
201300004773;0;7;0;0;2;1;1;A01
201300004773;0;7;0;0;2;1;9;B01
201300004774;0;7;0;0;1;2;1;A01
201300004775;0;10;0;0;1;2;1;A01
201300004776;0;7;0;0;2;8;15;A01
201300004776;0;20;0;0;2;2;17;B01
201300004777;0;7;0;0;2;1;2;A01
201300004777;0;7;0;0;2;4;23;B01
201300004778;0;7;0;0;2;1;2;A01
201300004778;0;7;0;0;0;4;23;B01
201300004779;0;7;0;0;2;2;1;B01
201300004779;0;7;0;0;2;2;9;A01
201300004780;0;10;0;0;2;0;16;A01
201300004780;0;2;0;0;2;3;1;B01
201300004781;0;7;0;1;0;1;14;A01
201300004782;0;7;0;8;0;1;14;A01
201300004783;0;30;0;0;2;1;1;B01
201300004783;0;7;0;0;2;2;19;A01
201300004784;0;7;0;0;1;1;1;A01
201300004785;0;7;0;0;1;1;1;A01
201300004786;0;7;0;0;1;5;4;A01
201300004787;0;33;0;3;0;9;13;A01
201300004788;0;7;0;0;1;4;4;A01
201300004789;0;7;0;1;2;1;0;A01
201300004789;0;2;0;0;2;1;1;B01
201300004790;0;10;0;0;2;1;9;A01
201300004790;0;1;0;0;2;2;1;B01
201300004791;0;10;0;0;1;3;1;A01
201300004792;0;7;0;0;2;3;9;B01
201300004792;0;32;0;0;2;1;1;A01
201300004793;0;15;0;1;0;0;24;B01
201300004793;0;10;0;1;0;3;13;A01
201300004794;0;1;0;0;2;7;0;B01
201300004794;0;10;0;0;2;1;19;A01
201300004795;0;7;0;0;2;2;1;A01
201300004795;0;1;0;0;0;4;2;B01
201300004796;0;7;0;0;2;5;12;A01
201300004796;0;1;0;0;2;3;1;B01
201300004797;0;7;0;0;2;1;1;B01
201300004797;0;7;0;0;2;1;15;A01
201300004798;0;10;0;0;2;7;15;A01
201300004798;0;10;0;0;2;1;1;B01
201300004799;2;10;0;1;0;1;14;A01
201300004800;0;7;0;0;2;2;1;A01
201300004800;0;1;0;0;2;1;1;B01
201300004801;0;7;0;0;2;6;9;B01
201300004801;0;37;1;0;2;1;1;A01
201300004802;0;10;0;0;2;3;9;A01
201300004802;0;7;0;0;2;2;21;B01
201300004803;0;7;0;0;2;3;15;A01
201300004803;0;2;0;0;2;1;1;B01
201300004804;0;7;0;0;1;1;9;A01
201300004805;0;15;0;0;2;3;1;B01
201300004805;0;7;0;0;2;3;13;A01
201300004806;0;7;0;5;2;2;13;A01
201300004806;0;7;0;5;2;3;1;B01
201300004807;0;7;0;0;2;3;15;A01
201300004807;0;7;0;0;2;1;1;B01
201300004808;0;7;0;0;1;2;1;A01
201300004809;0;7;0;0;1;1;15;A01
201300004810;0;7;0;0;2;2;1;B02
201300004810;0;30;0;0;2;1;1;A01
201300004811;0;7;0;6;0;5;13;A01
201300004812;0;7;0;0;2;3;15;A01
201300004812;0;1;0;0;2;1;1;B02
201300004813;0;7;0;0;2;3;1;A01
201300004813;0;7;0;0;2;3;13;B02
201300004814;0;7;0;0;2;3;1;A01
201300004814;0;31;0;0;2;1;1;B02
201300004815;0;10;0;0;2;3;13;A01
201300004815;0;7;0;0;2;3;1;B02
201300004816;0;7;0;0;2;7;15;A01
201300004816;0;2;0;0;2;1;1;B02
201300004817;0;7;0;0;2;2;15;A01
201300004817;0;7;0;0;2;1;1;B02
201300004818;0;7;0;11;2;1;6;A01
201300004818;0;7;0;0;2;1;1;B02
201300004819;0;2;0;0;2;1;1;B02
201300004819;0;7;0;0;0;5;15;A01
201300004820;0;33;0;0;0;3;9;A01
201300004821;0;7;0;13;0;9;13;A01
201300004822;0;33;0;3;0;1;1;A01
201300004823;0;1;0;0;0;0;1;A01
201300004824;0;2;0;6;0;2;2;A01
201300004825;0;7;0;0;1;7;1;A01
201300004826;0;7;0;0;2;2;16;B02
201300004826;0;36;0;0;2;8;18;A01
201300004827;0;7;0;0;2;2;1;A01
201300004827;0;7;0;0;2;3;15;B02
201300004828;0;7;0;0;2;3;10;A01
201300004828;0;33;0;0;2;1;1;B02
201300004829;0;7;0;2;0;1;13;A01
201300004830;0;33;0;0;2;1;1;B02
201300004830;0;7;0;0;2;3;15;A01
201300004831;0;34;0;12;0;1;1;A01
201300004832;0;33;0;0;0;7;1;A01
201300004833;0;7;0;0;2;3;13;A01
201300004833;0;7;0;0;2;3;1;B02
201300004834;0;7;0;2;0;1;16;A01
201300004835;0;33;0;5;0;5;0;A01
201300004836;0;33;0;0;2;1;1;A01
201300004836;0;7;0;0;2;6;1;B02
201300004837;0;33;0;15;0;1;1;A01
201300004838;0;21;0;0;2;7;17;A01
201300004838;0;1;0;0;2;8;13;B02
201300004839;0;2;0;0;1;1;13;A01
201300004840;0;7;0;0;9;1;2;A01
201300004840;0;1;0;16;0;4;2;B02
201300004841;0;7;0;2;0;2;1;A01
201300004842;0;30;0;0;0;2;1;A01
201300004843;0;33;0;15;0;1;1;A01
201300004844;0;33;0;0;2;1;13;B02
201300004844;0;7;0;0;2;0;1;A01
201300004845;0;7;0;0;1;4;4;A01
201300004846;0;33;0;0;2;1;17;A01
201300004846;0;38;0;0;2;8;15;B02
201300004847;0;99;0;0;2;1;1;A01
201300004847;0;1;0;0;2;7;1;B02
201300004848;0;7;0;0;2;2;15;A01
201300004848;0;31;0;0;2;1;1;B02
201300004849;0;7;0;0;0;1;1;A01
201300004850;0;1;0;0;2;1;1;B02
201300004850;0;7;0;0;9;7;19;A01
201300004851;0;33;0;0;2;1;17;A01
201300004851;0;7;0;0;2;3;17;C03
201300004851;0;7;0;0;2;1;17;B02
201300004852;0;7;0;0;2;5;15;A01
201300004852;0;33;0;0;2;1;17;B02
201300004853;0;33;0;12;0;1;0;A01
201300004854;0;7;0;11;2;1;1;A01
201300004854;0;7;0;0;2;1;1;B02
201300004855;0;1;0;0;0;4;1;B02
201300004855;0;7;0;0;2;1;1;A01
201300004856;0;7;0;0;1;2;1;A01
201300004857;0;7;0;0;2;3;5;B02
201300004857;0;33;0;0;2;1;5;E05
201300004857;0;33;0;0;2;1;5;C03
201300004857;0;33;0;0;2;1;5;D04
201300004857;0;7;0;0;2;3;5;A01
201300004858;0;33;0;11;0;1;1;A01
201300004859;0;7;0;0;2;1;1;A01
201300004859;0;7;0;0;2;3;1;B02
201300004860;0;10;0;0;2;2;1;B02
201300004860;0;7;0;0;2;7;1;A01
201300004861;0;7;0;13;0;1;1;A01
201300004862;0;7;0;13;2;3;15;B01
201300004862;0;10;0;0;2;3;15;A01
201300004862;0;10;0;0;2;1;23;C01
201300004863;0;7;0;0;1;3;1;A01
201300004864;0;7;0;0;2;1;1;B01
201300004864;0;10;0;0;2;1;13;A01
201300004865;0;2;0;0;0;4;15;A01
201300004865;0;7;0;0;2;2;2;B01
201300004866;0;7;0;0;1;3;1;A01
201300004867;0;7;0;0;1;2;21;A01
201300004868;0;7;0;0;1;4;4;A01
201300004869;0;7;0;0;1;1;20;A01
201300004870;0;7;0;0;2;7;15;A01
201300004870;0;33;0;0;0;1;1;B01
201300004871;0;7;0;0;2;1;1;B01
201300004871;0;7;0;0;2;1;13;A01
201300004872;0;17;0;9;1;1;1;A01
201300004873;0;7;0;0;2;1;1;B01
201300004873;0;7;0;0;2;2;15;A01
201300004874;0;7;0;0;2;3;9;A01
201300004874;0;1;0;0;2;1;1;B02
201300004875;0;7;0;0;1;3;1;A01
201300004876;0;7;0;0;1;1;15;A01
201300004877;0;7;0;0;2;1;13;A01
201300004877;0;7;0;0;2;3;1;B02
201300004878;0;33;0;0;2;1;1;B02
201300004878;0;7;0;0;2;2;15;A01
201300004879;1;7;0;0;1;1;14;A01
201300004880;0;7;0;0;2;2;17;A01
201300004880;0;7;0;0;2;6;17;B02
201300004881;0;7;0;13;0;1;17;A01
201300004882;0;33;0;0;2;1;1;B02
201300004882;0;7;0;0;2;1;13;A01
201300004883;0;1;0;14;0;0;1;A01
201300004884;0;7;0;0;2;1;1;B02
201300004884;0;7;0;3;2;7;13;A01
201300004885;0;7;0;8;0;2;13;A01
201300004886;0;1;0;0;2;7;1;B02
201300004886;0;7;0;0;2;3;9;A01
201300004887;0;7;0;0;2;1;1;A01
201300004887;0;2;0;0;2;1;13;B02
201300004888;0;33;0;0;2;1;1;A01
201300004888;0;13;0;0;2;6;9;B02
201300004889;0;7;0;2;0;1;14;A01
201300004890;0;10;0;0;2;3;15;A01
201300004890;0;33;0;0;2;3;16;B02
201300004891;0;14;0;0;2;2;13;A01
201300004891;0;7;0;0;2;3;21;B02
201300004892;0;1;0;0;2;1;1;A01
201300004892;0;7;0;0;2;1;15;B02
201300004893;0;7;0;0;2;2;1;B02
201300004893;0;10;0;0;2;2;13;A01
201300004894;0;7;0;2;0;8;13;A01
201300004895;0;1;0;0;2;8;1;B02
201300004895;0;7;0;0;9;3;15;A01
201300004896;0;7;0;0;2;1;1;A01
201300004896;0;7;0;0;2;4;23;B02
201300004896;0;7;0;0;2;4;23;C03
201300004897;0;7;0;0;2;8;9;A01
201300004897;0;31;0;0;2;1;1;B02
201300004898;0;30;0;0;1;2;1;A01
201300004899;0;7;0;2;0;3;1;A01
201300004900;0;21;0;0;0;3;1;A01
201300004900;0;31;0;0;0;3;13;B02
201300004901;0;33;0;0;2;7;17;A01
201300004901;0;7;0;0;2;3;15;B02
201300004902;0;7;0;8;0;2;1;A01
201300004903;0;7;0;13;0;9;13;A01
201300004904;0;7;0;13;0;1;13;A01
201300004905;0;33;0;0;0;8;15;A01
201300004906;0;7;0;0;0;1;1;B02
201300004906;0;7;0;0;0;3;16;A01
201300004907;0;30;0;3;0;3;1;A01
201300004908;0;10;0;0;2;3;13;B02
201300004908;0;33;0;1;0;1;1;A01
201300004909;0;7;0;0;2;1;1;A01
201300004909;0;7;0;0;2;3;1;B02
201300004910;0;7;0;0;1;2;1;A01
201300004911;0;7;0;0;1;3;1;A01
201300004912;0;2;0;0;2;1;13;A01
201300004912;0;7;0;0;2;3;1;B02
201300004912;0;2;0;0;2;1;13;C03
201300004913;0;7;0;2;0;7;13;A01
201300004914;0;7;0;13;0;3;14;A01
201300004915;0;7;0;2;0;2;21;A01
201300004916;0;7;0;2;0;1;1;A01
201300004917;0;7;0;0;2;3;1;A01
201300004917;0;33;0;0;2;8;15;B02
201300004918;0;36;0;16;0;0;13;A01
201300004919;0;7;0;0;2;3;1;C03
201300004919;0;7;0;0;2;3;13;A01
201300004919;0;7;0;0;2;3;13;B02
201300004920;0;7;0;0;2;2;1;A01
201300004920;0;1;0;0;2;1;1;B02
201300004921;0;7;0;0;2;2;1;A01
201300004921;0;7;0;0;2;2;1;B02
201300004922;0;7;0;0;2;8;1;B02
201300004922;0;7;0;0;2;7;19;A01
201300004923;0;15;0;0;2;3;1;C03
201300004923;0;7;0;0;2;3;1;A01
201300004923;0;10;0;0;2;3;1;B02
201300004924;2;7;0;0;2;1;1;A01
201300004924;0;33;0;0;2;1;17;C03
201300004924;0;7;0;0;2;1;1;B02
201300004925;0;7;0;0;2;1;11;A01
201300004925;0;7;0;0;2;1;1;B02
201300004926;0;7;0;16;0;9;1;A01
201300004927;0;7;0;1;0;1;14;A01
201300004928;0;10;0;0;2;1;5;A01
201300004928;0;10;0;0;2;1;1;B02
201300004929;0;7;0;6;0;1;14;A01
201300004930;0;7;0;0;2;7;17;A01
201300004930;0;1;0;0;2;8;1;B02
201300004931;0;31;0;0;0;4;15;B02
201300004931;0;7;0;0;2;1;17;A01
201300004932;0;38;0;6;0;2;1;A01
201300004933;0;10;0;0;2;3;1;B02
201300004933;0;7;0;0;2;3;13;A01
201300004934;0;31;0;13;0;7;1;A01
201300004935;0;7;0;0;1;3;1;A01
201300004936;0;7;0;0;2;1;13;A01
201300004936;0;7;0;0;2;3;1;B02
201300004937;0;7;0;0;2;6;1;C03
201300004937;0;7;0;0;2;1;1;B02
201300004937;0;10;0;0;2;1;13;A01
201300004938;0;7;0;0;1;2;16;A01
201300004939;0;7;0;2;0;8;0;A01
201300004940;0;7;0;6;0;1;1;A01
201300004941;0;33;0;13;0;9;1;A01
201300004942;0;7;0;0;0;9;1;A01
201300004943;0;7;0;0;1;3;0;A01
201300004944;0;10;0;14;0;1;1;A01
201300004945;0;7;0;0;2;3;13;A01
201300004945;0;7;0;0;2;3;1;B02
201300004946;0;7;0;1;1;2;1;A01
201300004947;0;2;0;0;2;3;1;A01
201300004947;0;10;0;0;0;6;20;B02
201300004948;0;7;0;0;2;1;1;A01
201300004948;0;1;0;0;0;0;0;B02
201300004949;0;7;0;0;2;3;9;A01
201300004949;0;33;0;0;2;1;1;B02
201300004950;0;10;0;0;2;3;16;B02
201300004950;0;31;0;0;2;1;15;A01
201300004951;0;7;0;8;0;4;1;A01
201300004952;1;7;0;0;1;0;0;A01
201300004953;0;7;0;0;2;2;17;B02
201300004953;0;21;0;0;2;3;15;A01
201300004954;0;7;0;0;2;8;1;B02
201300004954;0;7;0;0;2;3;13;A01
201300004955;0;7;0;0;2;8;19;B02
201300004955;0;7;0;0;2;1;1;A01
201300004956;0;7;0;0;2;3;17;A01
201300004956;0;7;0;0;2;3;1;B02
201300004957;0;7;0;8;0;2;1;A01
201300004958;0;7;0;0;2;1;15;B02
201300004958;0;7;0;0;2;1;1;A01
201300004959;0;7;0;0;1;2;1;A01
201300004960;2;7;0;9;0;7;1;A01
201300004961;0;7;0;4;0;1;13;A01
201300004962;0;14;0;0;2;1;1;B02
201300004962;0;7;0;0;2;4;13;A01
201300004963;0;7;0;2;0;8;1;A01
201300004964;0;7;0;0;4;7;1;A01
201300004965;0;30;0;0;1;0;13;A01
201300004966;0;14;0;0;2;1;1;B02
201300004966;0;7;0;0;2;1;13;A01
201300004967;0;7;0;0;2;2;1;A01
201300004967;0;2;0;0;2;1;0;B02
201300004968;0;7;0;0;2;5;15;A01
201300004968;0;33;0;0;2;1;1;B02
201300004969;0;7;0;13;0;2;1;A01
201300004969;0;7;0;0;2;3;11;B02
201300004969;0;7;0;0;2;7;17;C03
201300004970;0;7;0;0;0;3;15;A01
201300004970;0;1;0;0;0;8;19;B02
201300004971;0;7;0;0;1;3;1;A01
201300004972;0;7;0;0;2;1;13;A01
201300004972;0;7;0;0;2;1;1;B02
201300004973;0;7;0;0;2;7;1;A01
201300004973;0;7;0;0;2;1;1;B02
201300004974;0;2;0;0;2;1;2;A01
201300004974;0;7;0;0;0;6;1;B02
201300004974;0;7;0;0;2;2;0;C03
201300004975;1;7;0;0;2;0;2;A01
201300004975;0;1;0;0;2;1;2;B02
201300004976;0;7;0;0;2;1;1;A01
201300004976;0;7;0;0;2;2;13;B02
201300004977;0;33;0;0;2;1;1;A01
201300004977;0;7;0;0;2;3;15;B02
201300004978;0;7;0;12;2;2;13;A01
201300004978;0;7;0;0;2;3;15;B02
201300004979;0;7;0;0;1;2;1;A01
201300004980;0;7;0;0;2;3;13;A01
201300004980;0;7;0;13;2;6;21;B02
201300004980;0;7;0;0;2;3;1;C03
201300004981;0;33;0;0;2;7;21;A01
201300004981;0;7;0;0;2;5;15;B02
201300004982;0;7;0;0;2;2;13;A01
201300004982;0;7;0;0;2;1;1;B02
201300004983;0;10;0;8;0;7;2;A01
201300004984;0;2;0;0;0;0;1;A01
201300004984;0;7;0;0;0;0;1;B02
201300004985;0;7;0;0;2;3;13;A01
201300004985;0;7;0;0;2;3;1;B02
201300004986;0;7;0;0;2;3;1;A01
201300004986;0;7;0;0;2;3;13;B02
201300004987;0;10;0;0;0;4;23;B02
201300004987;0;7;0;0;0;4;23;C03
201300004987;0;7;0;0;2;1;2;A01
201300004988;0;7;0;0;2;1;13;A01
201300004988;0;7;0;0;2;1;1;B02
201300004989;0;7;0;0;2;1;17;A01
201300004989;0;7;0;0;2;1;1;B02
201300004990;0;38;27;0;2;3;1;A01
201300004990;0;7;0;0;2;8;15;B02
201300004991;0;1;0;0;1;1;1;A01
201300004992;0;30;0;0;2;7;1;A01
201300004992;0;7;0;0;2;1;1;B02
201300004993;0;7;0;0;2;3;1;B02
201300004993;0;33;0;0;2;1;1;A01
201300004994;0;1;0;0;2;1;1;B02
201300004994;0;7;0;0;2;5;1;A01
201300004995;0;7;0;0;1;3;15;A01
201300004996;0;7;0;0;0;9;13;A01
201300004997;0;1;0;0;2;1;1;A01
201300004997;0;7;0;0;2;3;1;B02
201300004998;0;7;0;15;0;1;13;A01
201300004999;0;7;0;0;2;1;1;B02
201300004999;0;7;0;0;2;7;13;A01
201300005000;0;2;0;0;0;3;1;A01
201300005001;0;7;0;0;2;3;13;A01
201300005001;0;7;0;0;2;3;0;B02
201300005002;0;7;0;0;1;4;4;A01
201300005003;0;7;0;2;0;1;16;A01
201300005004;0;7;0;0;0;9;0;A01
201300005005;0;7;0;8;0;2;1;A01
201300005006;0;7;0;0;2;1;0;B02
201300005006;0;7;0;0;0;7;10;A01
201300005007;0;14;0;0;2;3;1;B02
201300005007;0;15;0;0;2;3;13;A01
201300005008;0;7;0;2;0;3;13;A01
201300005009;0;7;0;0;1;1;1;A01
201300005010;0;7;0;0;0;0;1;A01
201300005011;0;7;0;0;2;3;15;A01
201300005011;0;33;0;0;2;1;1;B02
201300005012;0;7;0;0;2;3;1;B02