num_acc;senc;catv;occutc;obs;obsm;choc;manv;num_veh
201300005012;0;33;0;0;2;1;17;A01
201300005013;0;7;0;0;0;2;16;B02
201300005013;0;33;0;0;2;1;18;A01
201300005014;0;7;0;0;0;6;0;A01
201300005014;0;33;0;0;2;1;1;B02
201300005015;0;30;0;0;2;7;1;B02
201300005015;0;7;0;0;2;1;1;A01
201300005016;0;2;0;0;2;1;1;B02
201300005016;0;7;0;0;2;2;11;A01
201300005017;0;7;0;6;0;4;15;B02
201300005017;0;7;0;0;2;1;17;A01
201300005018;0;7;0;0;2;4;20;B02
201300005018;0;7;0;1;0;1;2;A01
201300005019;0;7;0;0;2;3;15;B02
201300005019;0;7;0;0;2;2;21;A01
201300005020;0;7;0;0;2;7;13;A01
201300005020;0;7;0;0;2;1;1;B02
201300005021;0;31;0;0;0;7;14;A01
201300005022;0;33;0;13;0;1;1;A01
201300005023;0;33;0;2;0;1;14;A01
201300005024;0;7;0;13;0;3;1;A01
201300005025;0;33;0;0;0;0;0;A01
201300005026;0;33;0;0;2;1;21;C03
201300005026;0;7;0;0;2;8;1;B02
201300005026;0;7;0;0;2;1;19;A01
201300005027;0;7;0;0;1;1;1;A01
201300005028;0;7;0;14;0;1;1;A01
201300005029;0;7;0;0;2;1;1;A01
201300005029;0;15;0;0;2;1;1;B02
201300005030;0;36;0;12;0;2;14;A01
201300005031;0;14;0;0;1;2;0;A01
201300005032;0;7;0;14;0;1;1;C03
201300005032;0;10;0;0;2;3;1;A01
201300005032;0;10;0;0;2;3;13;B02
201300005033;0;7;0;0;1;3;17;A01
201300005034;0;10;0;0;2;3;1;A01
201300005034;0;1;0;0;2;1;0;B02
201300005035;1;7;0;0;1;0;0;A01
201300005036;0;14;0;0;2;2;1;A01
201300005036;0;30;0;0;2;3;13;B02
201300005037;0;7;0;0;2;1;1;A01
201300005037;0;7;0;0;2;2;9;B02
201300005038;0;7;0;0;1;1;1;A01
201300005039;0;7;0;0;2;1;1;A01
201300005039;0;7;0;0;2;1;13;B02
201300005040;0;7;0;0;2;2;1;B02
201300005040;0;7;0;0;2;3;0;C03
201300005040;0;7;0;0;2;3;1;A01
201300005041;0;33;0;0;2;1;1;A01
201300005041;0;7;0;0;0;3;15;B02
201300005042;0;7;0;0;2;3;1;B02
201300005042;0;31;0;0;2;0;17;A01
201300005043;0;7;0;0;2;1;1;A01
201300005043;0;7;0;0;2;7;19;B02
201300005044;0;7;0;0;2;1;1;A01
201300005044;0;14;0;0;2;8;1;B02
201300005045;0;7;0;0;2;3;1;A01
201300005045;0;7;0;0;2;3;1;B02
201300005046;0;33;0;0;2;1;1;A01
201300005046;0;7;0;0;2;4;1;B02
201300005047;0;15;0;0;2;6;2;A01
201300005047;0;2;0;14;2;1;21;B02
201300005048;0;14;0;0;2;3;1;A01
201300005048;0;7;0;0;0;1;13;B02
201300005049;0;7;0;6;0;1;14;A01
201300005050;0;7;0;0;2;3;15;A01
201300005050;0;7;0;0;2;3;1;B02
201300005051;0;7;0;0;2;3;0;C03
201300005051;0;7;0;0;2;3;1;A01
201300005051;0;7;0;0;0;5;15;B02
201300005051;0;10;0;0;2;3;1;D04
201300005052;0;14;0;0;2;2;1;A01
201300005052;0;7;0;0;2;9;15;B02
201300005053;0;33;0;0;0;0;1;A01
201300005054;0;34;0;8;2;1;1;A01
201300005054;0;7;0;0;0;6;19;B02
201300005055;0;7;0;0;2;3;1;B02
201300005055;0;31;0;0;2;1;5;A01
201300005056;0;17;0;0;2;8;6;A01
201300005056;0;7;0;0;2;3;1;B02
201300005056;0;7;0;0;2;3;1;C03
201300005057;0;7;0;0;2;3;9;A01
201300005057;0;7;0;0;2;7;1;B02
201300005058;0;33;0;0;2;1;2;B02
201300005058;0;31;0;0;0;3;2;A01
201300005059;0;7;0;0;1;1;1;A01
201300005060;0;10;0;0;2;3;1;B02
201300005060;0;33;0;0;2;1;13;A01
201300005061;0;15;0;0;2;7;1;B02
201300005061;0;14;0;0;2;3;1;A01
201300005062;0;10;0;0;2;7;15;A01
201300005062;0;1;0;0;2;1;1;B02
201300005063;0;10;0;0;2;3;15;B02
201300005063;0;2;0;0;2;1;16;A01
201300005064;0;7;0;0;2;1;15;A01
201300005064;0;33;0;0;2;1;1;B02
201300005065;0;7;0;0;2;2;1;B02
201300005065;0;7;0;0;2;2;5;A01
201300005066;0;17;0;0;2;7;1;B02
201300005066;0;7;0;0;2;1;9;A01
201300005067;0;7;0;13;0;3;1;A01
201300005068;0;7;0;0;2;1;13;A01
201300005068;0;7;0;0;2;1;1;B02
201300005069;0;7;0;0;2;1;5;A01
201300005069;0;17;0;0;2;1;1;B02
201300005070;0;7;0;0;1;1;0;A01
201300005071;0;30;0;0;2;8;13;B02
201300005071;0;7;0;0;2;2;17;A01
201300005072;0;7;0;0;2;3;1;A01
201300005072;0;2;0;0;2;1;13;B02
201300005073;0;7;0;3;2;3;14;A01
201300005073;0;7;0;0;2;3;1;B02
201300005074;0;33;0;0;2;1;1;A01
201300005074;0;33;0;0;2;4;1;B02
201300005075;0;30;0;0;2;1;1;B02
201300005075;0;7;0;0;2;5;15;A01
201300005076;0;7;0;0;1;1;1;A01
201300005077;0;30;0;0;2;1;2;A01
201300005077;0;7;0;0;2;3;2;B02
201300005078;0;7;0;2;0;9;1;A01
201300005079;0;2;0;0;2;1;1;B02
201300005079;0;10;0;0;2;3;15;A01
201300005080;0;7;0;2;0;1;1;A01
201300005081;0;7;0;8;0;2;16;A01
201300005082;0;2;0;0;2;1;13;B02
201300005082;0;7;0;0;2;3;15;A01
201300005083;0;7;0;0;0;0;1;A01
201300005083;0;1;0;0;0;0;1;B02
201300005084;0;7;0;0;1;3;1;A01
201300005085;0;14;0;0;2;8;1;B02
201300005085;0;7;0;0;2;1;1;A01
201300005086;0;10;0;13;0;1;1;A01
201300005087;0;10;0;0;2;3;9;A01
201300005087;0;10;0;0;2;5;1;B02
201300005088;0;7;0;0;1;1;1;A01
201300005089;0;10;0;0;2;1;1;B02
201300005089;0;15;0;0;2;8;10;A01
201300005090;0;10;0;0;1;7;21;A01
201300005091;0;7;0;1;2;3;1;B02
201300005091;0;7;0;0;2;3;1;A01
201300005092;0;1;0;0;0;4;2;B02
201300005092;0;1;0;0;2;4;2;C03
201300005092;0;7;0;0;2;1;2;A01
201300005093;0;10;0;0;2;2;1;A01
201300005093;0;1;0;0;0;4;1;B02
201300005094;0;10;0;0;1;3;1;A01
201300005095;0;7;0;0;0;1;1;A01
201300005096;0;7;0;0;2;2;15;A01
201300005096;0;7;0;0;2;1;1;B02
201300005097;0;7;0;0;2;1;13;A01
201300005097;0;7;0;0;2;1;1;B02
201300005098;0;10;0;0;2;1;5;A01
201300005098;0;10;0;0;2;1;1;B02
201300005099;0;14;0;0;2;3;1;B02
201300005099;0;7;0;0;2;3;13;A01
201300005100;0;33;0;0;0;1;1;A01
201300005100;0;7;0;0;0;2;15;B02
201300005101;0;7;0;13;0;4;13;A01
201300005102;0;7;0;0;2;4;1;B02
201300005102;0;10;0;0;2;1;1;A01
201300005103;0;7;0;0;0;1;1;B02
201300005103;0;7;0;0;0;7;1;A01
201300005104;0;7;0;0;0;8;1;A01
201300005104;0;99;0;0;0;1;1;B02
201300005105;0;7;0;0;2;7;19;A01
201300005105;0;10;0;0;2;3;1;B02
201300005106;0;7;0;0;2;1;17;A01
201300005106;0;7;0;0;2;1;1;B02
201300005106;0;7;0;0;2;6;1;C03
201300005107;0;7;0;0;2;1;13;A01
201300005107;0;7;0;0;2;1;1;B02
201300005108;0;7;0;0;2;1;1;B02
201300005108;0;7;0;0;2;1;1;A01
201300005109;0;7;0;0;0;4;23;B02
201300005109;0;15;0;0;2;1;2;A01
201300005110;0;7;0;2;0;1;1;A01
201300005111;0;31;0;6;0;1;13;A01
201300005112;0;1;0;0;2;1;1;B02
201300005112;0;7;0;0;0;2;1;A01
201300005113;0;33;0;16;0;0;1;A01
201300005114;0;33;0;0;2;1;24;D04
201300005114;0;7;0;0;2;1;1;A01
201300005114;0;7;0;0;2;4;23;B02
201300005114;0;7;0;0;2;1;21;C03
201300005115;0;7;0;0;2;3;13;B02
201300005115;0;7;0;0;2;2;1;A01
201300005116;0;7;0;0;2;1;15;A01
201300005116;0;7;0;0;2;1;1;B02
201300005117;0;7;0;2;0;7;1;A01
201300005118;0;21;0;0;2;2;19;A01
201300005118;0;7;0;0;2;3;1;B02
201300005119;0;7;0;0;2;3;15;A01
201300005119;0;7;0;0;2;3;2;B02
201300005120;0;7;0;13;0;2;1;A01
201300005121;0;14;0;0;0;0;0;A01
201300005122;0;10;0;0;2;1;13;A01
201300005122;0;10;0;0;2;3;0;B02
201300005123;0;1;0;0;2;8;2;B02
201300005123;0;14;0;0;2;5;2;A01
201300005124;0;7;0;0;2;4;2;C03
201300005124;0;7;0;0;2;1;2;D04
201300005124;0;7;0;0;2;4;2;A01
201300005124;0;7;0;0;2;4;2;B02
201300005125;0;1;0;0;2;1;1;B02
201300005125;0;7;0;0;2;2;19;A01
201300005126;0;33;0;0;2;3;1;B02
201300005126;0;30;0;0;0;3;19;A01
201300005127;0;33;0;0;2;1;1;A01
201300005127;0;7;0;0;2;7;19;B02
201300005128;0;7;0;0;2;2;1;B02
201300005128;0;7;0;0;2;1;19;A01
201300005129;0;14;0;0;2;8;1;B02
201300005129;0;7;0;0;2;1;13;A01
201300005130;0;7;0;0;2;3;13;A01
201300005130;0;7;0;0;2;3;1;B02
201300005131;0;7;0;0;2;8;13;A01
201300005131;0;7;0;0;2;1;1;B02
201300005132;0;14;0;0;9;6;20;A01
201300005132;0;1;0;0;2;1;1;B02
201300005133;0;7;0;0;2;1;17;A01
201300005133;0;7;0;0;2;1;1;B02
201300005134;0;33;0;0;2;7;15;A01
201300005134;0;2;0;0;2;1;1;B02
201300005135;0;7;0;0;2;1;21;A01
201300005135;0;10;0;0;2;3;1;B02
201300005136;0;7;0;6;0;3;15;A01
201300005137;0;30;0;0;0;0;1;A01
201300005138;0;2;0;1;0;0;0;A01
201300005139;0;7;0;0;1;3;15;A01
201300005140;0;7;0;0;2;1;1;A01
201300005140;0;10;0;0;2;8;15;B02
201300005141;0;30;0;0;0;6;1;A01
201300005142;0;7;0;8;0;3;1;A01
201300005143;0;7;0;7;0;2;14;A01
201300005144;0;7;0;0;0;8;19;B02
201300005144;0;7;0;0;2;1;1;A01
201300005145;0;30;0;13;0;1;1;A01
201300005146;0;1;0;0;0;0;1;A01
201300005147;0;7;0;7;0;1;1;A01
201300005148;0;30;0;0;2;7;1;A01
201300005148;0;21;0;0;2;6;1;B02
201300005149;0;33;0;16;0;0;1;A01
201300005150;0;7;0;1;0;3;13;A01
201300005151;0;33;0;0;0;7;1;A01
201300005152;0;36;0;0;2;7;9;A01
201300005152;0;7;0;0;2;3;1;B02
201300005152;0;7;0;0;2;8;1;C03
201300005153;0;21;0;0;2;6;1;B02
201300005153;0;7;0;0;2;3;2;A01
201300005153;0;10;0;0;2;2;2;C03
201300005154;0;7;0;9;0;2;1;A01
201300005155;0;31;0;0;2;1;1;A01
201300005155;0;7;0;0;2;2;1;B02
201300005156;0;7;0;0;2;1;1;B02
201300005156;0;7;0;0;2;1;13;A01
201300005157;0;7;0;2;0;8;1;A01
201300005158;0;33;0;13;0;2;1;A01
201300005159;0;7;0;6;0;7;1;A01
201300005160;0;10;0;0;1;3;1;A01
201300005161;0;7;0;13;0;2;1;A01
201300005162;0;7;0;0;0;2;1;B02
201300005162;0;7;0;0;0;2;17;A01
201300005163;0;7;0;0;2;1;1;A01
201300005163;0;1;0;0;2;1;1;B02
201300005164;0;14;0;0;2;3;1;B02
201300005164;0;7;0;0;2;3;1;A01
201300005165;0;7;0;0;1;1;1;A01
201300005166;0;7;0;0;1;2;1;A01
201300005167;0;7;0;2;0;1;0;A01
201300005168;0;7;0;2;0;2;1;A01
201300005169;0;7;0;0;2;1;1;B02
201300005169;0;2;0;0;2;1;1;A01
201300005170;0;14;0;6;0;3;1;A01
201300005171;0;33;0;0;0;9;1;A01
201300005172;0;21;0;0;0;8;19;A01
201300005172;0;33;0;0;2;1;1;B02
201300005173;0;2;0;0;2;1;0;A01
201300005173;0;21;0;0;2;1;0;B02
201300005174;0;7;0;0;2;7;15;A01
201300005174;0;7;0;0;2;2;1;B02
201300005175;0;10;0;0;2;1;1;A01
201300005175;0;7;0;0;2;1;0;B02
201300005176;0;30;0;0;0;0;23;A01
201300005177;0;7;0;13;0;2;14;A01
201300005178;0;7;0;0;0;2;15;A01
201300005178;0;34;0;0;0;1;1;B02
201300005179;0;7;0;2;0;1;0;A01
201300005180;0;7;0;0;2;1;13;A01
201300005180;0;7;0;0;2;3;1;B02
201300005181;0;33;0;0;2;1;1;B02
201300005181;0;7;0;0;0;2;15;A01
201300005182;0;7;0;0;2;1;13;A01
201300005182;0;7;0;0;2;1;1;B02
201300005183;0;7;0;0;2;1;1;B02
201300005183;0;7;0;0;2;7;13;A01
201300005184;0;1;0;0;2;1;1;B02
201300005184;0;32;0;0;2;8;1;A01
201300005185;0;33;0;16;0;8;2;A01
201300005186;0;33;0;0;2;1;1;A01
201300005186;0;33;0;0;2;1;1;C03
201300005186;0;21;0;0;2;3;15;B02
201300005187;0;33;0;6;0;9;13;A01
201300005188;0;14;0;0;0;7;1;A01
201300005189;0;7;0;0;2;2;11;B02
201300005189;0;30;0;0;2;0;11;A01
201300005189;0;7;0;0;2;1;1;C03
201300005190;0;7;0;2;0;3;0;A01
201300005191;0;7;0;0;2;1;13;A01
201300005191;0;7;0;0;2;3;1;B02
201300005192;0;15;0;0;2;4;24;B02
201300005192;0;1;0;1;0;1;1;A01
201300005193;0;7;0;0;2;1;1;A01
201300005193;0;7;0;0;2;4;23;B02
201300005193;0;7;0;0;2;4;23;C03
201300005194;0;7;0;0;2;7;10;A01
201300005194;0;7;0;0;2;1;1;B02
201300005195;0;7;0;1;1;2;1;A01
201300005196;0;30;0;0;2;7;1;B02
201300005196;0;7;0;0;2;3;9;A02
201300005197;0;7;0;0;2;1;1;B02
201300005197;0;7;0;0;2;7;13;A01
201300005198;0;33;0;10;0;7;1;A01
201300005199;0;7;0;0;2;3;15;A01
201300005199;0;10;0;0;2;2;1;B02
201300005200;0;7;0;0;0;8;15;B02
201300005200;0;33;0;0;2;1;15;A01
201300005201;0;2;0;0;2;7;15;A01
201300005201;0;33;0;0;2;1;1;B02
201300005202;0;7;0;0;4;5;23;A01
201300005202;0;39;1;0;0;1;1;B01
201300005203;0;7;0;13;0;2;1;A01
201300005204;0;15;0;6;0;1;1;A01
201300005205;0;10;0;0;0;1;10;A01
201300005205;0;33;0;0;0;1;1;B02
201300005206;0;7;0;0;2;3;17;A01
201300005206;0;7;0;0;2;3;1;B02
201300005207;0;10;0;0;2;2;1;A01
201300005207;0;14;0;0;0;5;15;B02
201300005208;0;7;0;3;2;1;1;B02
201300005208;0;7;0;0;2;1;1;A01
201300005209;0;7;0;0;9;3;15;A01
201300005209;0;1;0;0;2;1;1;B02
201300005210;0;7;0;3;2;5;17;A01
201300005210;0;7;0;3;2;3;1;B02
201300005211;0;10;0;0;2;1;1;B02
201300005211;0;33;0;0;2;1;1;A01
201300005212;0;7;0;0;1;2;14;A01
201300005213;0;21;0;0;0;0;0;A01
201300005214;0;10;0;0;2;1;13;A01
201300005214;0;33;0;0;2;8;1;B02
201300005215;0;38;3;0;0;7;1;A01
201300005216;0;21;0;0;0;9;1;A01
201300005217;0;33;0;0;2;1;5;B02
201300005217;0;7;0;0;2;3;15;A01
201300005218;0;7;0;0;0;9;1;A01
201300005219;0;10;0;0;2;3;15;B02
201300005219;0;7;0;0;2;3;17;A01
201300005220;0;10;0;6;0;1;1;A01
201300005221;0;7;0;13;0;9;13;A01
201300005222;0;7;0;0;1;7;1;A01
201300005223;0;7;0;0;2;1;1;B02
201300005223;0;7;0;0;2;1;5;A01
201300005224;0;7;0;0;2;3;1;B02
201300005224;0;10;0;0;2;3;13;A01
201300005225;0;7;0;0;1;3;1;A01
201300005226;0;7;0;0;1;7;1;A01
201300005227;0;30;0;0;2;2;17;B02
201300005227;0;7;0;0;2;8;20;A01
201300005228;0;7;0;0;0;0;1;A01
201300005229;0;7;0;0;2;5;15;B02
201300005229;0;33;0;0;2;8;1;A01
201300005230;0;7;0;13;0;1;1;A01
201300005231;0;7;0;0;2;3;1;B02
201300005231;0;33;0;0;2;0;17;A01
201300005232;0;10;0;0;2;3;17;B02
201300005232;0;10;0;0;2;3;13;A01
201300005233;0;7;0;0;1;1;1;A01
201300005234;0;7;0;11;0;3;13;A01
201300005235;0;7;0;0;1;3;1;A01
201300005236;0;10;0;5;0;9;19;A01
201300005237;0;7;0;0;1;2;1;A01
201300005238;0;7;0;0;2;1;2;B02
201300005238;0;7;0;0;0;4;15;A01
201300005239;0;99;0;16;0;0;0;A01
201300005240;0;33;0;0;0;0;0;A01
201300005240;0;10;0;0;0;0;0;B02
201300005241;0;2;0;0;2;1;1;A01
201300005241;0;7;0;0;2;3;1;B02
201300005242;0;10;0;0;1;6;20;A01
201300005243;0;7;0;0;0;1;19;A01
201300005243;0;7;0;0;0;1;1;B02
201300005244;0;7;0;0;2;3;13;A01
201300005244;0;10;0;0;2;3;1;B02
201300005245;0;7;0;0;0;9;1;A01
201300005246;0;7;0;1;0;1;1;A01
201300005247;0;10;0;0;2;6;4;A01
201300005247;0;1;0;0;2;8;23;B02
201300005248;0;7;0;0;2;1;1;C03
201300005248;0;7;0;0;2;3;1;B02
201300005248;0;7;0;0;2;1;13;A01
201300005249;0;7;0;6;0;1;14;A01
201300005250;0;33;0;15;0;1;1;A01
201300005251;0;33;0;0;2;1;1;A01
201300005251;0;33;0;0;2;1;1;B02
201300005251;0;10;0;0;2;4;1;C03
201300005252;0;7;0;0;1;1;16;A01
201300005253;0;7;0;10;0;2;1;A01
201300005254;0;10;0;0;2;6;16;A01
201300005254;0;30;0;0;2;1;17;B02
201300005255;0;1;0;0;9;0;17;A01
201300005256;0;32;0;0;2;3;1;A01
201300005256;1;7;0;0;2;0;0;B01
201300005257;0;13;0;0;0;3;0;A01
201300005258;0;33;0;0;2;1;9;A01
201300005258;0;7;0;0;2;1;9;B02
201300005259;0;10;0;0;9;8;17;A01
201300005259;0;1;0;0;2;8;2;B02
201300005260;0;7;0;8;0;1;13;A01
201300005261;0;33;0;0;2;1;18;A01
201300005261;0;7;0;0;2;3;15;B02
201300005262;0;10;0;0;2;2;9;A01
201300005262;0;31;0;0;2;1;1;B02
201300005263;0;1;0;0;0;1;16;B02
201300005263;0;7;0;0;0;1;1;A01
201300005264;0;7;0;0;0;2;1;A01
201300005265;0;7;0;0;0;0;0;A01
201300005266;0;30;0;9;0;1;1;A01
201300005267;0;7;0;0;0;1;1;B02
201300005267;0;7;0;0;0;1;17;A01
201300005268;0;37;0;0;9;6;1;A01
201300005269;0;7;0;2;0;8;13;A01
201300005270;0;7;0;6;0;8;1;A01
201300005271;0;7;0;2;0;1;1;A01
201300005272;0;3;0;8;2;6;13;A01
201300005272;0;15;0;0;2;2;17;B02
201300005273;0;7;0;0;2;2;6;A01
201300005273;0;31;0;0;2;2;21;B02
201300005274;0;7;0;8;0;7;2;A01
201300005275;0;7;0;6;0;7;0;A01
201300005276;0;7;0;1;0;5;1;A01
201300005277;0;7;0;0;2;1;2;B02
201300005277;0;7;0;0;2;4;1;A01
201300005278;0;7;0;0;2;1;13;A01
201300005278;0;7;0;0;2;3;1;B02
201300005279;0;7;0;2;0;3;13;A01
201300005280;0;33;0;3;0;1;0;A01
201300005281;0;14;0;0;2;2;2;A01
201300005281;0;1;0;0;2;4;1;B02
201300005282;0;7;0;0;2;1;15;A01
201300005282;0;31;0;0;2;1;1;B02
201300005283;0;7;0;0;1;1;1;A01
201300005284;0;7;0;0;2;3;9;A01
201300005284;0;30;0;0;2;5;1;B02
201300005285;0;7;0;6;0;1;13;A01
201300005286;0;7;0;0;2;7;15;A01
201300005286;0;33;0;0;2;1;1;B02
201300005287;0;33;0;0;2;8;1;A01
201300005287;0;14;0;0;0;8;23;B02
201300005288;0;7;0;0;2;2;6;A01
201300005288;0;7;0;0;2;3;1;B02
201300005289;0;7;0;0;2;2;1;A01
201300005289;0;7;0;0;2;6;1;B02
201300005290;0;7;0;0;1;2;1;A01
201300005291;0;1;0;0;0;1;1;A01
201300005292;0;1;0;0;2;1;10;B02
201300005292;0;7;0;0;2;2;13;A01
201300005293;0;7;0;8;1;2;1;A01
201300005294;0;10;0;6;0;1;1;A01
201300005295;0;7;0;0;1;2;1;A01
201300005296;0;15;0;0;1;4;4;A01
201300005297;0;7;0;0;0;3;10;A01
201300005297;0;7;0;0;0;1;1;B02
201300005298;0;7;0;13;0;9;1;A01
201300005299;0;7;0;0;2;7;17;A01
201300005299;0;10;0;0;2;1;1;B02
201300005300;0;7;0;8;2;5;1;A01
201300005300;0;7;0;0;2;2;6;B02
201300005301;0;7;0;0;2;1;5;A01
201300005301;0;7;0;0;2;1;1;B02
201300005302;0;7;0;0;1;2;9;A01
201300005303;0;14;0;0;2;1;1;A01
201300005303;0;7;0;0;2;1;1;B02
201300005303;0;7;0;0;2;1;16;C03
201300005304;0;10;0;0;1;4;4;A01
201300005305;0;3;0;0;2;3;15;A01
201300005305;0;33;0;0;2;1;3;B02
201300005306;0;7;0;0;2;3;15;A01
201300005306;0;2;0;0;2;1;1;B02
201300005307;0;7;0;0;2;3;9;A01
201300005307;0;33;0;0;2;4;1;B02
201300005308;0;21;0;0;2;3;15;B02
201300005308;0;33;0;0;2;1;17;A01
201300005309;0;2;0;0;2;8;9;A01
201300005309;0;7;0;0;2;1;1;B02
201300005310;0;3;0;0;2;3;9;A01
201300005310;0;1;0;0;2;4;9;B02
201300005311;0;14;0;0;2;1;13;A01
201300005311;0;33;0;0;2;1;17;B02
201300005312;0;7;0;0;2;5;15;A01
201300005312;0;1;0;0;2;1;1;B02
201300005313;0;31;0;0;2;2;1;A01
201300005313;0;7;0;0;2;1;15;B02
201300005314;0;7;0;0;2;1;5;A01
201300005314;0;7;0;0;2;1;1;B02
201300005315;0;31;0;0;2;3;13;A01
201300005315;0;38;0;0;2;3;1;B02
201300005316;0;7;0;0;2;6;15;A01
201300005316;0;2;0;0;2;1;17;B02
201300005317;0;37;0;16;0;7;1;A01
201300005318;0;7;0;0;6;9;1;A01
201300005318;0;7;0;1;6;1;1;B02
201300005319;0;33;0;0;2;1;1;A01
201300005319;0;33;0;0;2;1;17;B02
201300005320;0;7;0;0;2;1;1;A01
201300005320;0;7;0;0;2;6;1;B02
201300005320;0;7;0;0;2;1;1;C03
201300005321;0;33;0;0;2;3;17;A01
201300005321;0;21;0;0;2;3;14;B02
201300005322;0;10;0;4;0;1;1;A01
201300005323;0;7;0;13;0;9;1;A01
201300005324;0;33;0;10;0;7;2;A01
201300005325;0;30;0;0;0;8;2;A01
201300005325;1;7;0;;2;1;0;B01
201300005326;0;7;0;0;0;2;2;A01
201300005326;0;7;0;0;0;3;15;B02
201300005327;0;33;0;0;0;2;1;A01
201300005327;0;7;0;0;0;3;15;B02
201300005328;0;7;0;2;0;8;22;A01
201300005329;0;7;0;0;2;8;15;B02
201300005329;0;7;0;0;2;2;17;A01
201300005330;0;7;0;0;2;1;13;A01
201300005330;0;7;0;0;2;1;1;B02
201300005331;0;7;0;0;2;3;13;A01
201300005331;0;7;0;0;2;8;1;B02
201300005332;0;17;0;5;0;2;1;A01
201300005333;0;7;0;0;2;2;1;A01
201300005333;0;7;0;0;2;1;1;B02
201300005334;0;7;0;0;2;1;1;B02
201300005334;0;7;0;0;2;1;5;A01
201300005335;0;7;0;0;2;6;16;A01
201300005335;0;7;0;0;2;3;1;B02
201300005336;0;7;0;0;1;5;16;A01
201300005337;0;7;0;0;1;3;21;A01
201300005338;0;7;0;2;0;3;1;A01
201300005339;0;7;0;0;2;4;5;A01
201300005339;0;7;0;0;2;1;1;B02
201300005340;0;14;0;0;2;1;1;B02
201300005340;0;7;0;0;2;7;13;A01
201300005341;0;7;0;0;2;8;15;A01
201300005341;0;33;0;0;2;2;1;B02
201300005342;0;7;0;0;2;1;2;A01
201300005342;0;7;0;0;2;4;1;B02
201300005342;0;7;0;0;2;4;1;C03
201300005342;0;7;0;0;2;4;1;D04
201300005343;0;13;0;0;0;7;15;A01
201300005344;0;30;0;0;2;1;13;A01
201300005344;0;7;0;0;2;1;1;B02
201300005345;0;7;0;0;2;3;1;A01
201300005345;0;7;0;0;2;2;1;B02
201300005346;0;7;0;0;2;6;20;A01
201300005346;0;33;0;0;2;1;5;B02
201300005346;0;7;0;0;2;3;1;C03
201300005346;0;7;0;0;2;8;5;D04
201300005347;0;7;0;0;2;1;15;A01
201300005347;0;34;0;0;2;8;1;B02
201300005348;0;7;0;0;2;7;13;A01
201300005348;0;32;0;0;2;1;1;B02
201300005349;0;14;0;0;2;3;9;A01
201300005349;0;7;0;0;2;8;1;B02
201300005350;0;7;0;0;1;3;1;A01
201300005351;0;33;0;0;0;0;1;A01
201300005352;0;7;0;0;9;2;10;A01
201300005352;0;1;0;0;2;8;1;B02
201300005353;0;7;0;0;1;2;14;A01
201300005354;0;10;0;0;2;4;1;A01
201300005354;0;38;0;0;0;3;1;B02
201300005355;0;7;0;0;0;0;1;A01
201300005356;0;7;0;0;2;7;1;A01
201300005356;0;7;0;0;2;1;1;B02
201300005357;0;7;0;0;2;1;17;A01
201300005357;0;7;0;0;2;1;21;B02
201300005358;0;7;0;8;0;1;1;A01
201300005359;0;7;0;0;2;1;13;A01
201300005359;0;7;0;0;2;1;1;B02
201300005360;0;7;0;16;0;9;17;A01
201300005361;0;7;0;0;2;1;1;A01
201300005361;0;7;0;0;2;3;1;B02
201300005362;0;7;0;0;1;1;1;A01
201300005363;0;7;0;0;2;3;1;A01
201300005363;0;7;0;0;2;3;1;B02
201300005364;0;7;0;0;2;7;1;A01
201300005364;0;7;0;0;2;1;1;B02
201300005365;0;36;0;2;0;1;1;A01
201300005366;0;7;0;0;2;7;5;A01
201300005366;0;7;0;0;2;2;1;B02
201300005366;0;7;0;13;0;7;21;C03
201300005367;0;7;0;8;0;1;19;A01
201300005368;0;7;0;13;0;9;1;A01
201300005369;0;33;0;13;0;1;1;A01
201300005370;0;7;0;0;1;3;21;A01
201300005371;0;7;0;0;0;2;1;A01
201300005372;0;33;0;0;2;9;13;A01
201300005372;0;20;0;0;2;1;1;B02
201300005373;0;30;0;15;0;1;21;A01
201300005374;0;7;0;0;2;3;13;A01
201300005374;0;33;0;0;2;1;11;B02
201300005375;0;7;0;0;2;1;1;A01
201300005375;0;7;0;0;2;1;13;B02
201300005376;0;7;0;0;2;7;1;A01
201300005376;0;7;0;0;2;1;1;B02
201300005377;0;7;0;15;0;1;1;A01
201300005378;0;33;0;0;2;7;13;A01
201300005378;0;7;0;0;2;3;1;B02
201300005379;0;7;0;0;1;1;1;A01
201300005380;0;7;0;2;0;2;1;A01
201300005381;0;14;0;0;1;2;20;A01
201300005382;0;2;0;0;0;0;17;A01
201300005383;0;7;0;0;2;8;15;A01
201300005383;0;33;0;0;2;1;1;B02
201300005384;0;7;0;0;2;1;1;B02
201300005384;0;7;0;0;2;1;5;A01
201300005385;0;10;0;0;2;6;1;B02
201300005385;0;10;0;0;2;1;1;A01
201300005386;0;7;0;0;2;1;17;A01
201300005386;0;7;0;0;2;1;15;B02
201300005386;0;7;0;0;2;1;1;C03
201300005387;0;7;0;13;0;1;1;A01
201300005388;0;7;0;0;1;2;1;A01
201300005389;0;15;0;0;2;2;9;A01
201300005389;0;33;0;0;2;1;1;B02
201300005390;0;7;0;0;9;2;15;A01
201300005390;0;1;0;0;2;1;1;B02