num_acc;senc;catv;occutc;obs;obsm;choc;manv;num_veh
201300005391;0;7;0;0;1;4;4;A01
201300005392;0;14;0;6;0;3;16;A01
201300005393;0;7;0;0;5;2;1;A01
201300005394;0;7;0;0;2;3;1;A01
201300005394;0;7;0;0;2;3;1;B02
201300005395;0;31;0;13;0;7;1;A01
201300005396;0;10;0;13;0;3;1;A01
201300005397;0;7;0;0;1;3;0;A01
201300005398;0;7;0;0;2;3;15;A01
201300005398;0;33;0;0;2;1;13;B02
201300005399;0;7;0;0;2;8;9;A01
201300005399;0;30;0;0;2;1;1;B02
201300005400;0;14;0;0;1;2;16;A01
201300005401;0;7;0;0;2;2;15;A01
201300005401;0;7;0;0;2;1;1;B02
201300005402;0;7;0;0;1;7;1;A01
201300005403;0;7;0;0;0;9;1;A01
201300005404;0;33;0;0;2;8;18;A01
201300005404;0;7;0;0;2;7;1;B02
201300005405;0;7;0;0;0;3;1;A01
201300005405;0;7;0;0;0;8;1;B02
201300005405;0;7;0;0;0;8;1;C03
201300005405;0;7;0;0;0;3;1;D04
201300005406;0;7;0;1;0;3;1;A01
201300005407;0;7;0;0;2;3;15;A01
201300005407;0;33;0;0;2;1;1;B02
201300005408;0;2;0;0;2;1;13;A01
201300005408;0;7;0;0;2;3;1;B02
201300005409;0;7;0;0;0;1;0;A01
201300005409;0;1;0;0;2;8;19;B02
201300005410;0;33;0;0;2;1;1;A01
201300005410;0;7;0;0;2;6;1;B02
201300005411;0;7;0;0;0;3;1;C03
201300005411;0;7;0;0;0;3;1;B02
201300005411;0;7;0;0;0;1;1;A01
201300005412;0;7;0;0;2;1;2;A01
201300005412;0;7;0;0;0;4;2;B02
201300005413;0;33;0;0;2;1;1;B02
201300005413;0;7;0;0;2;1;15;A01
201300005414;0;7;0;0;1;1;1;A01
201300005415;0;7;0;0;1;4;20;A01
201300005416;0;7;0;6;0;3;1;A01
201300005417;0;14;0;0;1;2;1;A01
201300005418;0;30;0;0;0;7;1;A01
201300005419;0;7;0;11;2;2;17;A01
201300005419;0;7;0;0;0;3;15;B02
201300005420;0;7;0;8;0;9;13;A01
201300005421;0;33;0;2;0;7;1;A01
201300005422;0;30;0;0;2;2;1;A01
201300005422;0;7;0;0;2;8;16;B02
201300005423;0;33;0;0;2;8;1;B02
201300005423;0;33;0;8;2;8;1;A01
201300005424;0;7;0;0;2;1;13;A01
201300005424;0;7;0;0;2;1;1;B02
201300005425;0;7;0;0;0;0;0;A01
201300005426;0;7;0;13;0;2;1;A01
201300005427;0;10;0;2;0;1;1;A01
201300005428;0;10;0;0;2;3;13;A01
201300005428;0;7;0;0;2;3;1;B02
201300005429;0;7;0;15;0;1;0;A01
201300005430;0;7;0;6;0;2;1;A01
201300005431;0;33;0;0;2;1;13;B02
201300005431;0;7;0;0;2;8;15;A01
201300005432;0;7;0;2;0;1;1;A01
201300005433;0;7;0;2;0;7;1;A01
201300005434;0;7;0;0;0;1;1;A01
201300005435;0;33;0;11;0;1;1;A01
201300005436;0;7;0;0;2;2;15;A01
201300005436;0;1;0;0;2;1;1;B02
201300005437;0;7;0;0;2;2;1;A01
201300005437;0;1;0;0;2;1;9;B02
201300005438;0;7;0;6;2;1;13;A01
201300005438;0;2;0;0;2;1;1;B02
201300005439;0;7;0;13;0;9;14;A01
201300005440;0;7;0;9;6;2;21;A01
201300005441;0;33;0;3;0;2;1;A01
201300005442;0;7;0;0;1;1;1;A01
201300005443;0;31;0;0;0;1;11;B02
201300005443;0;10;0;0;0;2;2;A01
201300005444;0;7;0;0;0;2;15;A01
201300005444;0;33;0;0;0;2;1;B02
201300005445;0;33;0;10;0;7;1;A01
201300005446;0;7;0;0;2;3;1;B02
201300005446;0;10;0;0;2;1;1;A01
201300005447;0;7;0;0;1;2;1;A01
201300005448;0;7;0;6;0;3;1;A01
201300005449;0;7;0;16;2;0;0;A01
201300005450;0;7;0;0;2;1;1;A01
201300005450;0;7;0;0;2;8;1;B02
201300005451;0;7;0;0;1;1;0;A01
201300005452;0;7;0;0;0;0;1;A01
201300005453;0;7;0;0;1;2;1;A01
201300005454;0;2;0;0;0;7;0;A01
201300005455;0;7;0;0;2;2;15;A01
201300005455;0;30;0;0;2;1;1;B02
201300005456;0;10;0;0;1;2;1;A01
201300005457;0;33;0;0;2;8;16;A01
201300005457;0;7;0;0;0;7;0;B02
201300005458;0;33;0;6;0;0;0;A01
201300005459;0;10;0;2;0;7;14;A01
201300005460;0;7;0;13;0;2;1;A01
201300005461;0;7;0;13;0;2;14;A01
201300005462;0;1;0;0;0;1;0;A01
201300005463;0;33;0;0;0;7;1;A01
201300005464;0;15;0;0;2;7;21;A01
201300005464;0;1;0;0;2;8;1;B02
201300005465;0;31;0;2;0;1;1;A01
201300005466;0;7;0;0;2;3;9;A01
201300005466;0;33;0;0;2;1;1;B02
201300005467;0;7;0;0;2;3;13;B02
201300005467;0;10;0;0;2;3;13;A01
201300005468;0;31;0;0;2;8;1;B02
201300005468;0;7;0;0;2;2;15;A01
201300005469;0;1;0;0;2;1;1;B02
201300005469;0;7;0;0;9;2;15;A01
201300005470;0;30;0;0;2;1;1;A01
201300005470;0;7;0;0;2;1;1;B02
201300005471;0;7;0;0;2;1;1;B02
201300005471;0;1;0;0;2;1;10;A01
201300005472;0;7;0;0;2;4;1;A01
201300005472;0;7;0;0;2;1;1;B02
201300005473;0;7;0;13;0;2;1;A01
201300005474;0;7;0;0;2;3;13;B02
201300005474;0;7;0;0;2;3;1;A01
201300005474;0;7;0;0;0;1;1;C03
201300005475;0;7;0;13;0;1;14;A01
201300005476;0;7;0;0;2;1;1;A01
201300005476;0;36;0;0;2;8;19;B02
201300005477;0;7;0;0;2;1;1;B02
201300005477;0;7;0;0;2;1;1;C03
201300005477;0;7;0;0;2;1;1;D04
201300005477;0;7;0;0;2;1;5;A01
201300005478;0;2;0;0;2;1;0;A01
201300005478;0;7;0;0;2;7;0;B02
201300005479;0;7;0;0;0;1;1;A01
201300005480;0;33;0;3;0;7;1;A01
201300005481;0;7;0;0;4;2;0;A01
201300005481;0;39;0;0;2;3;1;B02
201300005482;0;7;0;2;0;1;14;A01
201300005483;0;10;0;0;2;2;1;A01
201300005483;0;7;0;0;2;3;19;B02
201300005484;0;10;0;0;2;1;1;A01
201300005484;0;7;0;0;2;5;15;B02
201300005485;0;7;0;0;0;9;1;A01
201300005486;0;7;0;13;0;9;1;A01
201300005487;0;7;0;0;9;5;15;A01
201300005487;0;2;0;0;2;1;1;B02
201300005488;0;7;0;0;2;2;13;A01
201300005488;0;16;0;0;2;3;1;B02
201300005489;0;17;0;0;2;1;16;A01
201300005489;0;30;0;0;2;8;1;C03
201300005490;0;7;0;0;2;8;1;B02
201300005490;0;7;0;6;2;3;13;A01
201300005491;0;7;0;0;2;2;13;A01
201300005491;0;7;0;0;2;2;21;B02
201300005492;0;7;0;10;0;1;1;A01
201300005493;0;17;0;0;2;1;13;A01
201300005493;0;7;0;0;2;1;1;C03
201300005493;0;7;0;0;2;1;1;D04
201300005493;0;17;0;0;2;3;21;E05
201300005494;0;7;0;13;0;1;1;A01
201300005495;0;3;0;0;2;3;13;A01
201300005495;0;33;0;0;2;3;1;B02
201300005496;0;7;0;0;2;7;13;A01
201300005496;0;7;0;0;2;1;1;B02
201300005497;0;14;0;0;0;3;1;A01
201300005498;0;7;0;7;0;8;19;A01
201300005499;0;30;0;0;2;1;21;A01
201300005499;0;7;0;0;2;3;1;B02
201300005499;0;7;0;0;2;6;1;C03
201300005500;0;7;0;0;2;1;1;B02
201300005500;0;7;0;0;2;1;1;A01
201300005501;0;1;0;0;6;0;1;A01
201300005502;0;7;0;0;2;1;1;A01
201300005502;0;1;0;0;2;4;13;B02
201300005503;0;7;0;0;2;1;1;A01
201300005503;0;7;0;0;0;7;15;B02
201300005503;0;7;0;0;0;3;23;C03
201300005504;0;2;0;3;0;8;1;A01
201300005505;0;7;0;0;2;7;1;A01
201300005505;0;7;0;0;2;1;19;B02
201300005506;0;7;0;10;0;9;1;A01
201300005507;0;10;0;0;0;2;2;A01
201300005507;0;1;0;0;0;4;2;B02
201300005507;0;1;0;0;0;4;2;C03
201300005508;0;3;0;10;0;1;5;A01
201300005509;0;7;0;0;6;1;21;A01
201300005510;0;33;0;13;0;3;2;A01
201300005511;0;10;0;0;2;1;5;A01
201300005511;0;10;0;6;2;1;1;B02
201300005512;0;33;0;13;0;1;14;A01
201300005513;0;7;0;0;2;3;1;B02
201300005513;0;7;0;0;2;1;19;A01
201300005514;0;7;0;13;0;1;1;A01
201300005515;0;7;0;2;0;1;1;A01
201300005516;0;7;0;0;2;7;17;A01
201300005516;0;14;0;0;2;2;1;B02
201300005517;0;7;0;0;2;1;1;B02
201300005517;0;7;0;0;2;3;15;A01
201300005518;0;7;0;0;2;1;13;A01
201300005518;0;15;0;0;2;3;1;B02
201300005519;0;14;0;0;2;2;1;B02
201300005519;0;7;0;0;2;8;10;A01
201300005520;0;7;0;13;0;2;14;A01
201300005521;0;7;0;13;0;3;0;A01
201300005522;0;7;0;0;2;1;0;A01
201300005522;0;38;30;0;2;3;0;B02
201300005523;0;7;0;0;2;2;2;A01
201300005523;0;1;0;0;0;4;2;B02
201300005524;0;30;0;13;0;1;1;A01
201300005525;0;7;0;2;0;1;0;A01
201300005526;0;7;0;0;2;3;13;A01
201300005526;0;14;0;0;2;3;1;B02
201300005527;0;17;0;13;0;8;13;A01
201300005527;0;17;0;3;2;1;1;B02
201300005528;0;36;0;0;2;2;2;A01
201300005528;0;1;0;0;0;4;2;B02
201300005529;0;7;0;0;2;3;15;A01
201300005529;0;1;0;0;2;3;1;B02
201300005530;0;17;0;4;0;6;1;A01
201300005531;0;7;0;0;2;8;9;A01
201300005531;0;15;0;0;2;3;21;B02
201300005532;0;7;0;0;2;3;5;A01
201300005532;0;7;0;0;2;3;1;B02
201300005533;0;10;0;0;1;7;1;A01
201300005534;0;7;0;0;9;2;17;A01
201300005534;0;1;0;0;2;3;13;B02
201300005535;0;7;0;2;0;7;13;A01
201300005536;0;7;0;0;2;3;13;A01
201300005536;0;15;0;0;2;8;1;B02
201300005537;0;7;0;0;2;1;13;A01
201300005537;0;15;0;0;2;3;1;B02
201300005538;0;10;0;0;2;9;13;A01
201300005538;0;17;0;0;2;8;1;B02
201300005539;0;7;0;0;1;2;1;A01
201300005540;0;7;0;0;2;3;17;A01
201300005540;0;7;0;0;0;3;1;B02
201300005541;0;2;0;14;0;1;0;A01
201300005542;0;14;0;0;2;8;15;B02
201300005542;0;2;0;0;2;3;1;A01
201300005543;0;7;0;6;0;1;1;A01
201300005544;0;7;0;0;1;4;23;A01
201300005544;0;10;0;14;0;1;1;B02
201300005545;0;30;0;0;2;1;1;A01
201300005545;0;10;0;0;2;8;1;B02
201300005546;0;7;0;0;1;1;1;A01
201300005547;0;7;0;0;2;1;2;A01
201300005547;0;7;0;0;2;5;2;B02
201300005547;0;10;0;0;2;4;0;C03
201300005548;0;7;0;13;0;9;1;A01
201300005549;0;7;0;2;0;7;13;A01
201300005550;0;30;0;0;2;4;2;A01
201300005551;0;7;0;0;2;3;0;B02
201300005551;0;32;0;0;2;9;13;A01
201300005552;0;2;0;0;2;1;13;A01
201300005552;0;17;0;0;2;8;1;B02
201300005553;0;33;0;0;2;3;1;A01
201300005553;0;7;0;0;2;3;17;B02
201300005553;0;10;0;0;2;2;1;C03
201300005554;0;10;0;0;1;8;1;A01
201300005555;0;10;0;0;2;1;1;A01
201300005555;0;10;0;0;2;8;19;B02
201300005556;0;7;0;0;1;1;14;A01
201300005557;0;30;0;0;2;1;13;A01
201300005557;0;7;0;0;2;3;1;B02
201300005558;0;33;0;0;2;6;1;A01
201300005558;0;7;0;0;2;2;19;B02
201300005559;0;33;0;0;2;1;13;A01
201300005559;0;7;0;0;2;3;1;B02
201300005559;0;7;0;0;2;3;1;C03
201300005560;0;10;0;13;0;1;14;A01
201300005561;0;37;2;13;0;1;0;A01
201300005562;0;7;0;0;2;1;2;B02
201300005562;0;7;0;0;2;5;13;A01
201300005563;0;7;0;0;2;1;0;A01
201300005563;0;7;0;0;2;1;0;B02
201300005564;0;7;0;13;0;3;1;A01
201300005565;0;7;0;13;0;7;1;A01
201300005566;0;1;0;0;2;1;1;A01
201300005566;0;10;0;0;2;2;1;B02
201300005567;0;7;0;13;0;1;1;A01
201300005568;0;1;0;1;0;1;1;A01
201300005568;0;7;0;0;2;6;24;B02
201300005569;0;7;0;11;0;1;1;A01
201300005570;0;7;0;13;0;1;1;A01
201300005571;0;17;0;15;0;3;16;A01
201300005572;0;7;0;0;1;2;1;A01
201300005573;0;10;0;0;1;2;1;A01
201300005574;0;30;0;15;0;1;1;A01
201300005575;0;7;0;0;0;2;1;A01
201300005576;0;7;0;0;2;1;1;B02
201300005577;0;7;0;16;0;1;13;A01
201300005578;0;7;0;13;0;2;1;A01
201300005579;0;7;0;13;0;2;1;A01
201300005580;0;7;0;0;2;2;13;A01
201300005580;0;7;0;0;2;3;1;B02
201300005581;0;7;0;0;2;1;13;A01
201300005581;0;7;0;0;2;1;1;B02
201300005582;0;7;0;13;0;2;14;A01
201300005583;0;30;0;0;2;1;13;A01
201300005583;0;15;0;0;2;1;1;B02
201300005584;0;7;0;2;0;8;1;A01
201300005585;0;30;0;0;2;3;15;A01
201300005585;0;7;0;0;2;2;17;B02
201300005586;0;7;0;8;0;3;1;A01
201300005587;0;7;0;0;2;3;1;A01
201300005587;0;17;0;0;2;3;1;B02
201300005588;0;7;0;0;1;2;1;A01
201300005589;0;7;0;0;2;3;1;B02
201300005589;0;21;0;0;2;3;1;A01
201300005590;0;14;0;0;2;3;1;A01
201300005590;0;31;0;0;2;1;1;B02
201300005591;0;14;0;2;0;1;5;A01
201300005592;0;7;0;2;0;2;16;A01
201300005593;0;14;0;0;2;3;1;B02
201300005593;0;14;0;0;2;3;13;A01
201300005593;0;10;0;0;2;1;1;C03
201300005594;0;2;0;0;5;7;1;A01
201300005595;0;7;0;0;2;1;2;A01
201300005595;0;2;0;0;2;4;2;B02
201300005596;0;7;0;0;2;7;1;A01
201300005596;0;7;0;0;2;1;21;B02
201300005597;0;33;0;0;2;4;23;B02
201300005597;0;7;0;14;0;2;1;A01
201300005598;0;14;0;1;0;8;14;A01
201300005599;0;7;0;0;1;3;1;A01
201300005600;0;7;0;0;2;1;11;A01
201300005600;0;30;0;0;2;1;0;B02
201300005601;0;7;0;3;0;1;1;A01
201300005602;0;7;0;0;1;3;1;A01
201300005603;0;7;0;16;0;9;13;A01
201300005604;0;7;0;8;0;1;1;A01
201300005605;0;7;0;0;2;2;1;A01
201300005606;0;7;0;0;1;7;20;A01
201300005607;0;7;0;0;2;3;1;A01
201300005607;0;7;0;0;2;3;1;B02
201300005608;0;7;0;0;2;1;1;B02
201300005608;0;7;0;13;2;5;13;A01
201300005609;0;33;0;10;0;7;1;A01
201300005610;0;10;0;0;2;2;13;A01
201300005610;0;7;0;0;2;1;1;B02
201300005611;0;7;0;5;0;3;13;A01
201300005612;0;3;0;13;0;1;0;A01
201300005613;0;10;0;13;0;1;14;A01
201300005614;0;7;0;13;0;2;1;A01
201300005615;0;31;0;8;0;3;15;A01
201300005616;0;33;0;0;6;1;1;A01
201300005617;0;7;0;0;0;6;19;A01
201300005617;0;33;0;0;0;1;1;B02
201300005618;0;30;0;0;2;1;13;B02
201300005618;0;7;0;0;2;3;1;A01
201300005619;0;7;0;0;2;3;5;B02
201300005619;0;7;0;0;2;3;5;A01
201300005620;0;7;0;0;2;1;15;B02
201300005620;0;7;0;0;2;1;1;A01
201300005621;0;10;0;13;0;1;13;A01
201300005622;0;7;0;2;0;2;1;A01
201300005623;0;7;0;13;0;2;1;A01
201300005624;0;7;0;13;0;1;1;A01
201300005625;0;7;0;0;2;1;13;B02
201300005625;0;15;0;0;2;1;1;A01
201300005626;0;7;0;0;0;1;1;B02
201300005626;0;7;0;0;0;3;9;A01
201300005627;0;7;0;0;0;9;19;A01
201300005628;0;7;0;0;2;2;15;B02
201300005628;0;7;0;0;2;2;1;A01
201300005629;0;1;0;6;0;2;1;A01
201300005630;0;1;0;0;2;0;1;B02
201300005630;0;1;0;0;2;0;1;A01
201300005631;0;7;0;0;2;2;1;B02
201300005631;0;10;0;0;2;2;19;A01
201300005632;0;7;0;0;2;1;1;B02
201300005632;0;7;0;0;2;1;2;C03
201300005632;0;7;0;0;2;2;15;A01
201300005633;0;7;0;7;2;3;21;B02
201300005633;0;7;0;0;2;8;15;A01
201300005634;0;34;0;0;2;1;1;B01
201300005634;0;7;0;0;2;7;19;A02
201300005635;0;7;0;0;2;1;19;A01
201300005635;0;7;0;0;2;8;1;B02
201300005636;0;7;0;0;2;1;1;B01
201300005636;0;7;0;0;2;8;10;A02
201300005637;0;7;0;0;2;1;1;B02
201300005637;0;7;0;0;2;7;15;A01
201300005638;0;7;0;2;0;1;1;A01
201300005639;0;7;0;0;2;5;15;A01
201300005639;0;2;0;0;2;1;1;B02
201300005640;0;7;0;0;2;1;13;A01
201300005640;0;10;0;0;2;1;1;B02
201300005641;0;3;0;0;2;3;15;A01
201300005641;0;33;0;0;2;1;1;B02
201300005642;0;33;0;6;0;4;1;A01
201300005643;0;7;0;0;2;2;1;A01
201300005643;0;1;0;0;2;8;1;B02
201300005644;0;7;0;2;0;1;1;A01
201300005645;0;7;0;2;0;3;14;A01
201300005646;0;7;0;16;0;1;1;A01
201300005647;0;7;0;0;2;4;1;B02
201300005647;0;33;0;0;2;1;2;A01
201300005648;0;7;0;0;2;7;17;B02
201300005648;0;30;0;0;2;3;15;A01
201300005649;0;7;0;4;0;2;1;A01
201300005650;0;7;0;0;2;3;13;A01
201300005650;0;7;0;0;2;3;1;B02
201300005651;0;3;0;2;0;1;1;A01
201300005652;0;10;0;0;2;3;1;B02
201300005652;0;33;0;0;2;1;1;A01
201300005653;0;7;0;0;2;3;1;B02
201300005653;0;7;0;0;2;1;1;A01
201300005654;0;33;0;0;2;1;1;B02
201300005654;0;7;0;0;2;3;15;A01
201300005655;0;7;0;0;2;1;1;B01
201300005655;0;30;0;0;2;8;15;A02
201300005656;0;7;0;0;2;1;1;B02
201300005656;0;7;0;0;2;2;15;A01
201300005657;0;15;0;3;0;8;1;A01
201300005658;0;21;0;13;0;7;1;A01
201300005659;0;7;0;0;2;1;1;B02
201300005659;0;7;0;0;2;8;19;A01
201300005660;0;7;0;5;2;7;13;A01
201300005660;0;7;0;0;2;1;1;B02
201300005661;0;7;0;0;2;7;15;A01
201300005661;0;31;0;0;2;1;1;B02
201300005662;0;7;0;0;2;1;15;A01
201300005662;0;1;0;0;2;7;19;B02
201300005663;0;7;0;0;1;3;1;A01
201300005664;0;7;0;2;0;7;1;A01
201300005665;0;10;0;0;2;4;1;B02
201300005665;0;7;0;4;2;1;2;A01
201300005666;0;7;0;2;0;8;1;A01
201300005667;0;33;0;0;0;3;1;A01
201300005668;0;7;0;0;2;3;1;B02
201300005668;0;7;0;0;2;1;15;A01
201300005669;0;7;0;0;2;1;1;B01
201300005669;0;30;0;0;2;1;19;A02
201300005670;0;31;0;0;2;1;13;A01
201300005670;0;33;0;0;2;2;1;B02
201300005671;0;7;0;0;2;3;9;A01
201300005671;0;1;0;0;2;1;1;B02
201300005672;0;7;0;0;1;3;15;A01
201300005673;0;7;0;13;0;1;1;A01
201300005674;0;7;0;0;2;3;1;B02
201300005674;0;7;0;0;2;3;13;A01
201300005675;0;7;0;13;0;3;1;A01
201300005676;0;33;0;16;0;0;1;A01
201300005677;0;10;0;0;2;1;1;B02
201300005677;0;7;0;0;2;8;19;A01
201300005678;0;33;0;13;0;7;1;A01
201300005679;0;30;0;0;2;1;13;A01
201300005679;0;7;0;0;2;2;1;B02
201300005680;0;7;0;0;2;3;17;A01
201300005680;0;7;0;0;0;3;1;B02
201300005681;0;2;0;0;2;3;1;B02
201300005681;0;7;0;0;2;3;15;A01
201300005682;0;7;0;0;2;1;1;B02
201300005682;0;7;0;0;2;3;13;A01
201300005683;0;7;0;2;0;9;1;A01
201300005684;0;7;0;6;0;3;1;A01
201300005685;0;7;0;13;0;1;1;A01
201300005686;0;7;0;1;1;2;14;A01
201300005687;0;10;0;0;1;1;1;A01
201300005688;0;33;0;15;0;7;1;A01
201300005689;0;33;0;13;0;7;1;A01
201300005690;0;7;0;0;2;7;13;A01
201300005690;0;7;0;0;2;1;1;B02
201300005691;0;7;0;0;2;4;1;B01
201300005691;0;7;0;0;2;1;2;A02
201300005692;0;17;0;0;2;3;1;B02
201300005692;0;7;0;0;2;1;2;C03
201300005692;0;7;0;0;2;7;13;A01
201300005693;0;3;0;0;2;7;15;A01
201300005693;0;7;0;0;2;2;1;B02
201300005694;0;7;0;16;0;9;1;A01
201300005695;0;7;0;0;2;3;1;B01
201300005695;0;1;0;0;2;7;15;A02
201300005696;0;7;0;0;2;1;9;A01
201300005696;0;1;0;0;2;4;1;B02
201300005697;0;30;0;0;2;1;18;A01
201300005697;0;7;0;0;2;2;16;B02
201300005698;0;2;0;0;2;1;1;B02
201300005698;0;7;0;0;2;2;15;A01
201300005699;0;7;0;0;2;3;21;B02
201300005699;0;7;0;0;2;3;13;A01
201300005700;0;7;0;4;0;3;1;A01
201300005701;0;7;0;0;2;6;10;A01
201300005701;0;30;0;0;2;1;1;B02
201300005702;0;7;0;2;0;8;1;A01
201300005703;0;7;0;0;2;1;19;A01
201300005703;0;7;0;0;2;8;1;B02
201300005704;0;7;0;0;2;1;2;C03
201300005704;0;7;0;0;2;1;13;A01
201300005704;0;7;0;0;2;1;1;B02
201300005705;0;7;0;0;2;6;4;A01
201300005705;0;30;0;0;2;7;1;B02
201300005706;0;33;0;8;0;7;1;A01
201300005707;0;15;0;3;2;8;1;A01
201300005707;0;10;0;0;2;8;1;B02
201300005708;0;7;0;2;0;3;1;A01
201300005709;0;10;0;0;2;5;1;B02
201300005709;0;7;0;0;2;3;1;A01
201300005710;0;2;0;0;2;1;1;B01
201300005710;0;7;0;0;2;2;15;A01
201300005711;0;7;0;0;2;1;1;B01
201300005711;0;7;0;0;0;8;1;A01
201300005712;0;7;0;0;9;2;1;B01
201300005712;0;35;0;0;2;1;15;A01
201300005713;0;7;0;1;0;7;1;A01
201300005714;0;7;0;8;0;1;1;A01
201300005715;0;7;0;0;2;2;15;A01
201300005715;0;2;0;0;2;1;1;B01
201300005716;0;7;0;0;2;1;2;A01
201300005716;0;7;0;0;0;6;1;B01
201300005717;0;7;0;0;9;2;2;A01
201300005717;0;1;0;0;0;3;2;B01
201300005718;0;2;0;0;2;1;15;A01
201300005718;0;7;0;0;9;3;1;B01
201300005719;0;7;0;0;2;1;15;A01
201300005719;0;2;0;0;2;1;1;B01
201300005720;1;2;0;0;1;7;1;Z01
201300005721;0;2;0;0;2;0;1;B01
201300005721;0;7;0;0;2;7;15;A01
201300005722;0;7;0;0;2;6;2;A01
201300005722;0;33;0;0;2;3;2;B01
201300005723;0;2;0;0;2;1;0;A01
201300005723;0;7;0;0;2;3;15;B01
201300005724;0;7;0;0;1;8;1;A01
201300005725;0;7;0;0;1;1;13;A01
201300005726;0;7;0;8;0;1;14;A01
201300005727;0;2;0;0;2;1;19;A01
201300005727;0;7;0;0;0;5;1;B01
201300005728;0;10;0;0;0;3;1;A01
201300005728;0;33;0;0;2;1;19;B01
201300005729;0;7;0;0;1;2;2;A01
201300005730;0;7;0;0;0;3;24;A01
201300005730;0;7;0;0;1;2;11;B01
201300005731;0;7;0;0;2;8;17;A01
201300005731;0;2;0;0;2;1;1;B01
201300005732;0;1;0;0;2;1;1;A01
201300005732;0;7;0;0;0;3;15;B01
201300005733;0;7;0;8;0;9;17;A01
201300005734;0;2;0;0;2;1;3;A01
201300005734;0;7;0;0;2;6;15;B01
201300005735;0;7;0;0;2;1;5;B01
201300005735;0;7;0;0;2;1;1;A01
201300005736;0;2;0;0;2;7;1;B02
201300005736;0;7;0;0;2;2;15;A01
201300005737;0;7;0;0;2;6;1;B02
201300005737;0;7;0;0;2;2;1;A01
201300005738;0;7;0;0;2;7;15;A01
201300005738;0;7;0;0;2;1;1;B02
201300005739;0;33;0;13;0;1;0;A01
201300005740;0;7;0;0;2;3;1;A01
201300005740;0;33;0;0;2;2;1;B02
201300005741;0;7;0;0;2;1;0;B02
201300005741;0;30;0;0;2;1;5;A01
201300005742;0;7;0;0;2;3;13;A01
201300005742;0;7;0;0;2;3;1;B02
201300005743;0;7;0;6;0;5;1;A01
201300005744;0;33;0;0;0;0;21;A01
201300005745;0;7;0;9;0;1;15;A01
201300005746;0;7;0;0;2;1;1;B02
201300005746;0;30;0;0;2;1;5;A01
201300005747;0;7;0;0;2;2;1;A01
201300005747;0;34;0;0;2;4;16;B02
201300005748;0;7;0;0;2;1;1;B02
201300005748;0;7;0;0;2;1;1;A01
201300005749;0;7;0;0;2;1;1;A01
201300005749;0;7;0;0;2;1;15;B02
201300005750;0;15;0;0;2;3;1;B02
201300005750;0;7;0;0;2;3;13;A01
201300005751;0;33;0;0;2;1;1;A01
201300005751;0;7;0;0;2;3;10;B02
201300005752;0;7;0;0;1;1;1;A01
201300005753;0;7;0;0;2;3;1;B02
201300005753;0;7;0;0;2;3;13;A01
201300005754;0;7;0;0;2;1;1;B02
201300005754;0;7;0;0;2;1;19;A01
201300005755;0;7;0;0;1;1;1;A01
201300005756;0;1;0;0;2;1;1;B02
201300005756;0;7;0;0;9;3;15;A01
201300005757;0;7;0;0;1;2;1;A01
201300005758;0;33;0;0;0;0;1;A01
201300005759;0;33;0;14;0;1;1;A01
201300005760;0;7;0;0;1;2;1;A01
201300005761;0;7;0;0;2;3;1;B02
201300005761;0;7;0;0;2;7;13;A01
201300005762;0;33;0;0;1;1;17;A01
201300005763;0;10;0;0;2;6;1;B02
201300005763;0;7;0;0;2;7;0;A01
201300005764;0;7;0;0;2;1;1;A01
201300005765;0;7;0;0;2;3;1;A01
201300005765;0;7;0;0;2;3;1;B02
201300005766;0;7;0;2;0;7;1;A01
201300005767;0;3;0;0;2;3;9;A01
201300005767;0;7;0;0;2;3;1;B02
201300005768;0;7;0;0;2;1;1;B02
201300005768;0;33;0;0;2;1;1;A01
201300005769;0;7;0;2;0;1;13;A01
201300005770;0;7;0;0;2;2;15;A01
201300005770;0;7;0;0;2;1;0;B02
201300005771;0;7;0;0;2;1;1;A01
201300005771;0;7;0;0;2;1;1;B02
201300005772;0;33;0;0;2;1;1;B02
201300005772;0;7;0;0;2;2;15;A01
201300005773;0;21;0;1;1;1;1;A01
201300005774;0;7;0;3;0;2;1;A01
201300005775;0;7;0;0;0;0;1;A01
201300005776;0;15;0;0;2;3;1;C03
201300005776;0;7;0;0;2;1;13;A01
201300005776;0;7;0;0;2;8;1;B02
201300005777;0;7;0;0;2;1;1;B02
201300005777;0;7;0;0;2;1;13;A01
201300005778;0;7;0;13;0;1;1;A01
201300005779;0;7;0;2;0;1;1;A01
201300005780;0;33;0;0;2;1;1;A01
201300005780;0;7;0;0;2;5;15;B02
201300005781;0;7;0;0;2;1;1;B02
201300005781;0;7;0;0;2;1;13;A01
201300005782;0;7;0;2;0;1;17;A01
201300005783;0;7;0;0;2;1;19;A01
201300005783;0;34;0;0;2;1;1;B02
201300005784;0;7;0;0;2;7;1;A01
201300005784;0;7;0;0;2;1;1;B02
201300005785;0;7;0;2;0;1;1;A01
201300005786;0;7;0;0;2;3;13;A01
201300005786;0;7;0;0;2;3;1;B02
201300005786;0;7;0;0;2;3;1;C03
201300005786;0;7;0;0;2;3;1;D04
201300005786;0;7;0;0;2;8;2;E05
201300005787;0;7;0;0;2;1;13;A01
201300005787;0;7;0;0;2;1;1;C03
201300005787;0;7;0;0;2;3;1;B02
201300005788;0;7;0;0;9;3;1;A01