num_acc;senc;catv;occutc;obs;obsm;choc;manv;num_veh
201300005788;0;1;0;0;0;4;15;B02
201300005789;0;7;0;0;2;1;1;A01
201300005789;0;7;0;0;2;1;13;B02
201300005790;0;7;0;0;2;1;1;A01
201300005790;0;2;0;0;2;4;2;B02
201300005791;0;7;0;0;0;8;1;B02
201300005791;0;7;0;0;2;1;1;A01
201300005792;0;10;0;0;2;3;17;A01
201300005792;0;10;0;0;2;1;1;B02
201300005793;0;7;0;0;2;3;1;B02
201300005793;0;3;0;0;2;1;5;A01
201300005794;0;7;0;0;2;1;1;B02
201300005794;0;7;0;0;2;3;19;A01
201300005795;0;7;0;0;2;1;19;A01
201300005795;0;7;0;0;2;3;1;B02
201300005795;0;7;0;8;2;3;1;C03
201300005796;2;99;0;0;0;0;0;B02
201300005796;0;33;0;0;0;0;1;A01
201300005797;0;7;0;15;2;7;1;B02
201300005797;0;7;0;13;2;1;1;A01
201300005798;0;7;0;2;0;4;15;A01
201300005799;0;33;0;14;0;0;19;A01
201300005800;0;33;0;16;0;1;17;A01
201300005801;0;33;0;3;0;8;1;A01
201300005802;0;20;0;0;0;7;23;B02
201300005802;0;30;0;0;2;1;1;A01
201300005803;0;7;0;13;0;3;1;A01
201300005804;0;7;0;13;0;3;17;A01
201300005805;0;7;0;13;0;1;1;A01
201300005806;0;7;0;0;2;2;1;B02
201300005806;0;7;0;0;2;1;21;A01
201300005807;0;7;0;1;0;3;1;A01
201300005808;0;7;0;0;2;4;23;B02
201300005808;0;7;0;0;2;1;2;A01
201300005809;0;7;0;0;0;0;0;A01
201300005810;0;7;0;0;2;8;1;B02
201300005810;0;7;0;0;2;2;17;A01
201300005811;0;7;0;0;2;3;5;A01
201300005811;0;7;0;0;2;3;1;B02
201300005812;0;7;0;13;0;1;17;A01
201300005813;0;7;0;12;0;3;6;A01
201300005814;0;7;0;0;2;2;1;A01
201300005814;0;1;0;0;0;4;1;B02
201300005815;0;7;0;0;2;2;17;A01
201300005815;0;1;0;0;2;8;1;C03
201300005815;0;1;0;0;2;8;1;B02
201300005816;0;7;0;0;2;1;1;B02
201300005816;0;7;0;0;2;1;13;A01
201300005817;0;13;0;0;2;8;1;B02
201300005817;0;15;0;0;2;3;13;A01
201300005818;0;10;0;0;2;1;1;B02
201300005818;0;7;0;0;0;1;5;A01
201300005819;0;17;0;0;2;3;1;B02
201300005819;0;7;0;0;2;3;13;A01
201300005820;0;2;0;8;0;1;13;A01
201300005821;0;7;0;0;0;3;1;A01
201300005821;0;7;0;0;2;1;1;B02
201300005822;0;7;0;0;2;2;15;A01
201300005822;0;33;0;0;2;3;1;B02
201300005823;0;33;0;0;0;8;1;A01
201300005824;0;1;0;5;0;1;1;A01
201300005825;0;7;0;0;2;1;1;B02
201300005825;0;7;0;0;2;1;11;A01
201300005826;0;7;0;0;2;7;17;A01
201300005826;0;7;0;0;0;3;1;B02
201300005827;0;33;0;0;0;1;17;A01
201300005827;0;7;0;0;0;8;0;B02
201300005828;0;7;0;0;0;0;1;A01
201300005829;0;31;0;0;2;1;1;A01
201300005829;0;7;0;0;2;8;15;B02
201300005830;0;7;0;0;2;4;1;B02
201300005830;0;30;0;0;2;1;1;A01
201300005831;0;7;0;0;2;3;15;A01
201300005831;0;2;0;0;2;1;1;B02
201300005832;0;7;0;0;2;3;13;A01
201300005832;0;7;0;0;2;8;1;B02
201300005833;0;7;0;0;2;1;1;B02
201300005833;0;7;0;0;2;2;15;A01
201300005834;0;7;0;0;1;1;1;A01
201300005835;0;7;0;0;1;2;1;A01
201300005836;0;10;0;2;0;1;0;A01
201300005837;0;7;0;0;1;4;4;A01
201300005838;0;32;0;0;2;6;1;B02
201300005838;1;7;0;0;2;3;15;A01
201300005839;0;7;0;0;0;2;0;B02
201300005839;0;7;0;0;0;6;0;A01
201300005840;0;7;0;0;2;3;17;A01
201300005840;0;1;0;0;2;1;1;B02
201300005841;0;7;0;0;2;1;15;A01
201300005841;0;7;0;0;2;1;1;B02
201300005842;0;14;0;0;2;5;15;A01
201300005842;0;7;0;0;2;1;1;B02
201300005843;0;33;0;0;2;1;1;A01
201300005843;0;10;0;0;2;2;15;B02
201300005844;0;1;0;0;0;4;0;B02
201300005844;0;7;0;0;0;7;0;A01
201300005845;0;7;0;0;2;3;1;A01
201300005845;0;2;0;0;2;1;9;B02
201300005846;0;7;0;0;2;1;1;A01
201300005846;0;7;0;0;2;1;1;B02
201300005847;0;7;0;0;2;9;9;B02
201300005847;0;7;0;0;2;1;1;A01
201300005848;0;33;0;0;2;1;1;B02
201300005848;0;7;0;0;2;5;15;A01
201300005849;0;7;0;0;2;3;13;A01
201300005849;0;7;0;0;2;6;1;B02
201300005850;0;7;0;0;2;1;0;B02
201300005850;0;7;0;0;2;3;15;A01
201300005851;0;7;0;13;0;3;1;A01
201300005852;0;7;0;0;0;3;15;B02
201300005852;0;15;0;0;2;1;1;A01
201300005853;0;7;0;0;2;1;2;A01
201300005853;0;7;0;0;2;4;23;B02
201300005854;0;30;0;0;2;1;13;A01
201300005854;0;10;0;0;0;3;1;B02
201300005855;0;14;0;0;1;2;2;A01
201300005856;0;7;0;0;1;3;19;A01
201300005857;0;7;0;0;0;3;1;B02
201300005857;0;7;0;0;2;2;13;A01
201300005857;0;7;0;0;2;1;1;C03
201300005858;0;32;0;0;2;1;17;B02
201300005858;0;7;0;0;2;3;10;A01
201300005859;0;30;0;3;0;3;13;A01
201300005860;0;33;0;0;2;1;1;A01
201300005860;0;7;0;0;2;2;15;B02
201300005861;0;7;0;9;0;3;11;A01
201300005862;0;33;0;0;2;1;1;A01
201300005862;0;7;0;0;0;5;9;B02
201300005863;0;7;0;0;1;1;1;A01
201300005864;0;7;0;2;0;9;1;A01
201300005865;0;7;0;0;2;2;0;B02
201300005865;0;1;0;0;0;4;1;A01
201300005866;0;7;0;0;2;1;1;B02
201300005866;0;2;0;0;2;7;1;A01
201300005867;0;7;0;0;2;6;6;A01
201300005867;0;30;0;0;2;1;1;B02
201300005868;0;15;0;0;2;2;1;A01
201300005868;0;2;0;0;2;3;15;B02
201300005869;0;33;0;0;0;9;1;A01
201300005870;0;7;0;2;0;9;1;A01
201300005871;0;10;0;0;2;8;13;A01
201300005871;0;7;0;0;2;2;1;B02
201300005872;0;7;0;0;1;2;1;A01
201300005873;0;7;0;2;0;1;14;A01
201300005874;0;7;0;2;0;1;1;A01
201300005875;0;7;0;0;2;1;13;A01
201300005875;0;10;0;0;2;3;1;B02
201300005876;0;7;0;0;2;1;1;B02
201300005876;0;7;0;0;2;1;19;A01
201300005877;0;33;0;12;0;1;2;A01
201300005878;0;30;0;0;2;1;19;A01
201300005878;0;31;0;0;2;8;1;B02
201300005879;0;33;0;0;0;7;1;A01
201300005880;0;7;0;0;2;1;1;B02
201300005880;0;7;0;0;2;8;9;A01
201300005881;0;10;0;0;2;3;19;A01
201300005881;0;7;0;0;2;2;1;B02
201300005882;0;7;0;2;0;7;1;A01
201300005883;0;31;0;0;1;1;1;A01
201300005884;0;7;0;2;0;1;0;A01
201300005885;0;33;0;0;0;0;1;A01
201300005886;0;7;0;2;0;8;1;A01
201300005887;0;10;0;0;1;1;1;A01
201300005888;0;33;0;0;2;1;17;B02
201300005888;0;7;0;0;2;4;15;A01
201300005889;0;7;0;0;0;3;1;B02
201300005889;0;7;0;0;0;1;15;A01
201300005890;0;7;0;0;2;8;15;A01
201300005890;0;7;0;0;2;1;1;B02
201300005891;0;7;0;0;2;7;1;B02
201300005891;0;7;0;0;2;3;1;A01
201300005892;0;7;0;16;0;2;2;A01
201300005893;0;7;0;0;2;2;1;B02
201300005893;0;7;0;0;2;1;15;A01
201300005894;0;7;0;0;2;8;1;B02
201300005894;0;7;0;0;2;3;13;A01
201300005894;0;7;0;0;2;3;0;C03
201300005895;0;7;0;2;0;1;0;A01
201300005896;0;7;0;0;2;1;1;A01
201300005896;0;7;0;0;0;7;1;B02
201300005897;1;7;0;0;1;2;1;A01
201300005898;0;7;0;0;2;2;17;B02
201300005898;0;1;0;0;2;8;13;A01
201300005899;0;7;0;0;0;7;6;A01
201300005899;0;7;0;0;0;2;2;B02
201300005900;0;7;0;0;2;7;15;A01
201300005900;0;3;0;0;2;1;1;B02
201300005901;0;31;0;0;0;0;1;A01
201300005902;0;7;0;0;2;1;1;B02
201300005902;0;7;0;0;2;1;13;A01
201300005903;0;10;0;0;1;1;1;A01
201300005904;0;7;0;0;0;1;1;A01
201300005905;0;30;0;0;2;3;1;B02
201300005905;0;30;0;0;2;3;1;A01
201300005906;0;1;0;0;2;5;12;B02
201300005906;0;7;0;0;2;2;15;A01
201300005907;0;10;0;0;2;1;1;A01
201300005907;0;7;0;0;2;4;1;B02
201300005908;0;7;0;0;1;1;15;A01
201300005909;0;10;0;6;0;1;1;A01
201300005910;0;7;0;16;0;9;1;A01
201300005911;0;7;0;13;0;1;1;A01
201300005912;0;33;0;0;0;0;1;A01
201300005913;0;7;0;0;2;1;1;A01
201300005913;0;7;0;0;2;8;19;B02
201300005914;0;7;0;0;1;1;1;A01
201300005915;0;30;0;14;4;1;1;A01
201300005915;0;39;0;0;2;7;1;B01
201300005916;0;38;13;13;0;9;14;A01
201300005917;0;7;0;0;2;3;23;A01
201300005917;0;2;0;14;2;1;1;B01
201300005918;0;7;0;6;0;2;14;A01
201300005919;0;7;0;0;2;1;2;A01
201300005919;0;7;0;0;0;4;1;B01
201300005920;0;7;0;0;1;1;1;A01
201300005921;0;7;0;12;2;8;1;B01
201300005921;1;7;0;0;2;2;17;Z01
201300005922;0;1;0;0;2;2;1;A01
201300005922;0;7;0;0;2;3;1;B01
201300005923;0;7;0;0;2;1;2;A01
201300005923;0;7;0;6;2;4;1;B01
201300005924;0;7;0;6;0;1;14;A01
201300005925;0;1;0;0;1;1;1;A01
201300005926;0;7;0;0;1;1;1;A01
201300005927;0;7;0;0;0;4;23;B01
201300005927;0;31;0;14;0;1;2;A01
201300005928;0;7;0;15;0;1;14;A01
201300005929;0;7;0;0;2;3;15;A01
201300005929;0;2;0;0;2;1;1;B01
201300005930;0;10;0;0;1;1;1;A01
201300005931;0;10;0;0;1;4;4;A01
201300005932;0;30;0;0;2;6;1;A01
201300005932;1;7;0;0;2;7;17;Z01
201300005933;0;7;0;13;0;2;14;A01
201300005934;0;32;0;0;2;5;1;B01
201300005934;0;7;0;0;2;1;9;A01
201300005935;0;30;0;1;0;2;14;A01
201300005936;0;7;0;1;0;1;14;A01
201300005937;0;7;0;2;0;1;14;A01
201300005938;0;7;0;0;0;9;14;A01
201300005939;0;7;0;2;0;2;14;A01
201300005940;0;2;0;0;2;1;1;B01
201300005940;0;7;0;0;2;8;15;A01
201300005941;0;10;0;0;2;2;17;A01
201300005941;0;7;0;14;2;3;1;D01
201300005941;0;7;0;0;2;8;1;C01
201300005941;0;7;0;0;2;6;1;E01
201300005941;0;7;0;0;2;6;1;B01
201300005942;0;7;0;2;0;1;13;A01
201300005943;0;7;0;0;1;2;1;A01
201300005944;0;7;0;0;2;3;9;A01
201300005944;0;33;0;0;2;1;1;B01
201300005945;0;2;0;0;2;1;9;A01
201300005945;0;7;0;0;2;2;1;B01
201300005946;0;7;0;0;1;3;1;A01
201300005947;0;7;0;0;2;4;23;B01
201300005947;1;10;0;0;2;1;2;Z01
201300005948;0;10;0;0;2;1;1;A01
201300005948;0;7;0;0;2;3;1;B01
201300005949;0;17;0;0;2;7;16;A01
201300005949;0;1;0;0;2;8;1;B01
201300005950;1;99;0;0;1;0;0;Z01
201300005951;0;7;0;0;1;1;15;A01
201300005952;0;7;0;2;0;1;14;A01
201300005953;0;2;0;0;0;8;1;A01
201300005954;0;7;0;0;1;2;1;A01
201300005955;0;1;0;0;2;8;1;B01
201300005955;0;10;0;0;2;1;15;A01
201300005956;0;7;0;0;2;8;15;A01
201300005956;0;31;0;0;2;1;1;B01
201300005957;0;7;0;0;1;1;1;A01
201300005958;0;7;0;0;1;1;1;A01
201300005959;0;7;0;14;0;4;23;B01
201300005959;0;7;0;0;0;4;23;D01
201300005959;0;7;0;14;0;3;23;C01
201300005959;0;10;0;14;0;1;2;A01
201300005960;0;7;0;0;2;3;9;A01
201300005960;0;7;0;0;2;1;1;B01
201300005961;0;7;0;3;0;2;14;A01
201300005962;2;7;0;1;2;6;1;A01
201300005962;0;7;0;0;2;3;1;B01
201300005963;0;7;0;0;2;2;1;B01
201300005963;0;7;0;0;2;3;9;A01
201300005964;0;7;0;0;1;1;1;A01
201300005965;0;7;0;0;1;1;1;A01
201300005966;0;2;0;0;1;1;1;A01
201300005967;0;1;0;1;0;1;1;B01
201300005967;0;7;0;0;2;7;22;A01
201300005968;0;7;0;0;2;1;15;A01
201300005968;0;2;0;0;2;1;1;B01
201300005969;0;7;0;0;2;6;15;B01
201300005969;0;30;0;0;2;1;1;A01
201300005970;0;14;0;0;2;3;13;A01
201300005970;0;14;0;13;2;3;1;B01
201300005971;0;7;0;0;2;7;12;A01
201300005971;0;7;0;0;2;8;1;B01
201300005972;0;7;0;0;2;1;1;A01
201300005972;0;7;0;0;2;4;23;B01
201300005973;0;33;0;12;0;1;1;A01
201300005974;0;33;0;13;0;1;1;A01
201300005975;0;7;0;13;0;2;1;A01
201300005976;0;7;0;13;0;3;1;A01
201300005977;0;1;0;0;2;1;1;C03
201300005977;0;1;0;0;2;1;1;D04
201300005977;0;1;0;0;2;1;1;B02
201300005977;0;7;0;0;2;1;15;A01
201300005978;0;7;0;1;0;1;1;A01
201300005979;0;15;0;0;0;6;23;B02
201300005979;0;7;0;0;2;1;1;A01
201300005980;0;7;0;2;0;8;1;A01
201300005981;0;7;0;0;2;6;15;A01
201300005981;0;7;0;0;2;2;17;B02
201300005982;0;7;0;0;2;1;1;A01
201300005982;0;7;0;0;2;4;1;B02
201300005983;0;7;0;0;2;1;1;C03
201300005983;0;7;0;0;2;6;1;B02
201300005983;0;15;0;0;2;5;5;A01
201300005983;0;7;0;0;9;3;1;D04
201300005984;0;7;0;0;0;9;21;B02
201300005984;0;7;0;0;0;1;13;A01
201300005985;1;14;0;0;1;0;0;A01
201300005986;0;7;0;0;1;1;19;A01
201300005987;0;7;0;0;2;3;19;B02
201300005987;0;2;0;0;2;1;1;A01
201300005988;0;33;0;0;2;1;13;A01
201300005988;0;7;0;0;2;3;1;B02
201300005989;0;7;0;13;0;3;1;A01
201300005990;0;7;0;0;2;1;1;B02
201300005990;0;33;0;0;2;1;5;A01
201300005991;0;33;0;5;0;0;1;A01
201300005992;0;7;0;8;0;4;14;A01
201300005993;0;7;0;0;0;4;23;B02
201300005993;0;17;0;1;0;1;1;A01
201300005994;0;7;0;3;0;2;1;A01
201300005995;0;7;0;0;2;3;1;B02
201300005995;0;7;0;0;2;3;3;A01
201300005996;0;33;0;0;2;1;1;B02
201300005996;0;7;0;0;2;7;15;A01
201300005997;0;7;0;0;2;3;1;B02
201300005997;0;7;0;0;2;3;13;A01
201300005998;0;7;0;0;2;1;1;B02
201300005998;0;7;0;7;0;4;15;A01
201300005999;0;33;0;0;2;1;1;B02
201300005999;0;7;0;0;2;4;23;A01
201300006000;0;21;0;0;2;8;15;A01
201300006000;0;31;0;0;2;9;16;B02
201300006001;0;14;0;0;2;1;1;B02
201300006001;0;15;0;0;2;8;1;C03
201300006001;0;14;0;3;2;3;13;A01
201300006002;0;7;0;0;2;1;23;B02
201300006002;0;30;0;0;2;0;13;A01
201300006003;0;7;0;2;0;2;17;A01
201300006004;0;7;0;2;2;2;1;A01
201300006005;0;7;0;0;2;1;1;B02
201300006005;0;7;0;0;2;1;15;A01
201300006006;0;7;0;0;0;4;0;A01
201300006006;0;7;0;0;0;1;1;C03
201300006006;0;7;0;0;0;9;0;B02
201300006007;0;30;0;0;2;1;1;B02
201300006007;0;10;0;0;2;7;15;A01
201300006008;0;33;0;2;0;1;1;A01
201300006009;0;7;0;12;1;6;4;A01
201300006010;0;31;0;0;0;8;1;A01
201300006011;0;7;0;12;0;2;1;A01
201300006012;0;30;0;0;2;1;1;B02
201300006012;0;7;0;0;2;7;15;A01
201300006013;0;7;0;13;0;3;17;A01
201300006014;0;33;0;14;0;1;13;A01
201300006015;1;14;0;0;1;0;0;A01
201300006016;0;33;0;0;2;8;21;A01
201300006017;0;33;0;0;2;1;2;A01
201300006018;0;7;0;0;2;8;15;A01
201300006018;0;38;0;0;2;2;1;B02
201300006019;0;7;0;8;0;7;1;A01
201300006020;0;7;0;0;1;2;1;A01
201300006021;0;33;0;0;2;1;1;A01
201300006021;0;7;0;0;2;3;1;B02
201300006022;0;31;0;0;0;1;1;A01
201300006023;0;35;0;0;2;8;19;A01
201300006023;0;7;0;0;0;2;1;B02
201300006024;0;7;0;2;0;5;1;A01
201300006025;0;36;0;6;0;1;15;A01
201300006026;0;7;0;0;2;8;13;B02
201300006026;0;33;0;0;2;3;21;A01
201300006027;0;7;0;0;2;1;9;A01
201300006027;0;7;0;0;2;1;1;B02
201300006028;0;21;0;0;2;3;1;B02
201300006028;0;7;0;0;2;3;13;A01
201300006029;0;20;0;0;2;3;1;B02
201300006029;0;7;0;0;2;1;13;A01
201300006030;0;7;0;0;2;3;19;A01
201300006030;0;30;0;0;2;1;1;B02
201300006031;0;31;0;0;2;1;1;B02
201300006031;0;7;0;0;2;3;15;A01
201300006032;0;1;0;0;2;7;1;A01
201300006032;0;7;0;0;2;8;1;B02
201300006033;0;7;0;0;0;1;1;A01
201300006034;2;7;0;0;1;2;1;A01
201300006035;0;7;0;6;0;1;1;A01
201300006036;0;7;0;13;0;1;1;A01
201300006037;0;7;0;0;2;1;13;A01
201300006037;0;7;0;0;2;1;1;B02
201300006038;0;7;0;13;0;3;1;A01
201300006039;0;7;0;0;2;2;2;A01
201300006039;0;1;0;0;2;0;2;B02
201300006040;0;33;0;14;0;2;1;A01
201300006041;0;1;0;0;2;1;1;B02
201300006041;0;7;0;0;0;7;1;A01
201300006042;0;7;0;2;0;1;1;A01
201300006043;0;7;0;8;0;7;13;A01
201300006044;0;7;0;2;0;7;1;A01
201300006045;0;7;0;0;1;3;1;A01
201300006046;0;7;0;0;2;8;1;C03
201300006046;0;7;0;0;2;3;1;B02
201300006046;0;7;0;0;2;3;17;A01
201300006047;0;7;0;6;0;2;13;A01
201300006048;0;7;0;0;2;4;23;C03
201300006048;0;7;0;0;2;4;23;B02
201300006048;0;7;0;0;2;1;2;A01
201300006049;0;3;0;0;1;1;20;A01
201300006050;0;7;0;0;2;1;13;A01
201300006050;0;7;0;0;2;1;1;B02
201300006051;0;7;0;0;2;1;2;A01
201300006051;0;7;0;0;1;1;2;B02
201300006052;0;33;0;3;0;1;6;A01
201300006053;0;2;0;0;2;1;1;A01
201300006053;0;7;0;0;9;1;1;B02
201300006054;0;7;0;0;2;3;16;A01
201300006054;0;14;0;0;2;3;1;B02
201300006055;0;7;0;16;0;1;0;A01
201300006056;0;2;0;0;2;1;1;B02
201300006056;0;7;0;0;2;7;15;A01
201300006057;0;7;0;0;2;3;1;A01
201300006057;0;7;0;0;2;3;15;B02
201300006058;0;7;0;2;0;1;1;A01
201300006059;0;7;0;0;1;1;1;A01
201300006060;0;7;0;2;0;9;13;A01
201300006061;0;7;0;0;2;7;15;A01
201300006061;0;33;0;0;2;1;1;B02
201300006062;0;7;0;0;2;1;15;A01
201300006062;0;33;0;0;2;1;1;B02
201300006063;0;7;0;0;1;1;1;A01
201300006064;0;35;0;15;0;1;1;A01
201300006065;0;10;0;0;2;2;17;A01
201300006065;0;7;0;15;2;8;15;B02
201300006066;0;7;0;6;0;7;1;A01
201300006067;0;7;0;6;0;8;1;A01
201300006068;0;7;0;0;1;1;1;A01
201300006069;0;37;42;3;0;2;21;A01
201300006070;0;7;0;0;2;2;1;A01
201300006070;0;7;0;0;2;3;15;B02
201300006071;0;7;0;0;2;8;19;B02
201300006071;0;7;0;0;2;2;1;A01
201300006072;0;33;0;0;0;9;1;A01
201300006073;0;7;0;0;2;1;15;A01
201300006073;0;30;0;0;2;8;1;B02
201300006074;0;7;0;0;0;2;0;B02
201300006074;0;7;0;0;0;1;0;A01
201300006075;0;33;0;0;2;1;1;B02
201300006075;0;7;0;0;2;3;21;A01
201300006076;0;7;0;1;0;3;1;A01
201300006077;0;7;0;0;2;1;13;A01
201300006077;0;7;0;0;2;1;1;B02
201300006078;0;7;0;0;2;1;15;A01
201300006078;0;7;0;0;2;1;1;B02
201300006079;0;17;0;0;2;8;1;A01
201300006079;0;7;0;0;2;3;1;B02
201300006080;0;7;0;0;2;3;1;A01
201300006080;0;7;0;0;2;3;1;B02
201300006081;0;3;0;0;1;5;4;A01
201300006082;0;30;0;13;0;1;1;A01
201300006083;0;7;0;16;0;0;1;A01
201300006084;0;7;0;2;0;1;1;A01
201300006085;0;7;0;0;2;5;15;A01
201300006085;0;33;0;0;2;7;1;B02
201300006086;0;7;0;8;0;3;1;A01
201300006087;0;30;0;12;0;2;1;A01
201300006088;0;7;0;2;0;1;1;A01
201300006089;0;7;0;0;2;8;9;A01
201300006089;0;1;0;0;2;1;1;B02
201300006090;0;10;0;0;1;1;1;A01
201300006091;0;7;0;0;2;3;1;B02
201300006091;0;7;0;0;2;1;1;C03
201300006091;0;7;0;0;2;3;13;A01
201300006092;0;7;0;0;1;5;20;A01
201300006093;0;7;0;0;0;4;0;A01
201300006093;0;7;0;0;2;1;1;B02
201300006094;0;7;0;0;0;5;15;A01
201300006094;0;33;0;0;2;1;1;B02
201300006095;0;7;0;0;2;2;10;A01
201300006095;0;34;0;0;2;3;1;B02
201300006096;0;33;0;0;0;1;0;A01
201300006097;0;7;0;1;2;8;2;A01
201300006097;0;1;0;0;0;1;1;B02
201300006098;0;7;0;0;9;3;11;A01
201300006098;0;1;0;0;2;1;1;B02
201300006099;0;1;0;0;2;2;17;B02
201300006099;0;7;0;0;2;6;11;A01
201300006100;0;30;0;0;2;3;1;B02
201300006100;0;7;0;0;2;3;13;A01
201300006101;0;7;0;13;0;3;1;A01
201300006102;0;7;0;0;2;2;1;B01
201300006102;0;7;0;0;2;3;1;A02
201300006103;0;33;0;0;0;7;1;A01
201300006104;0;7;0;0;1;1;1;A01
201300006105;0;7;0;13;0;1;1;A01
201300006106;0;10;0;0;2;3;1;A01
201300006106;0;1;0;0;2;1;19;B02
201300006107;0;7;0;0;2;7;11;B02
201300006107;0;33;0;0;2;1;1;A01
201300006108;0;7;0;0;2;3;2;A01
201300006108;0;33;0;0;2;7;16;B02
201300006109;0;7;0;13;0;1;1;A01
201300006110;0;7;0;2;0;9;1;A01
201300006111;0;7;0;0;2;1;1;A01
201300006111;0;1;0;0;0;1;0;B02
201300006112;0;7;0;0;2;3;1;A01
201300006112;0;1;0;;2;;1;A02
201300006113;0;7;0;0;2;1;1;A01
201300006113;0;10;0;0;2;1;1;B02
201300006114;0;10;0;8;0;2;1;A01
201300006115;0;7;0;0;1;6;4;A01
201300006116;0;7;0;0;2;2;1;A01
201300006116;0;1;0;0;2;1;1;B02
201300006117;0;3;0;0;0;9;1;A01
201300006118;0;30;0;0;2;8;1;A01
201300006118;0;3;0;0;2;7;17;B02
201300006119;0;7;0;2;0;2;1;A01
201300006120;0;7;0;0;2;7;15;A01
201300006120;0;2;0;0;2;1;1;B02
201300006121;0;7;0;2;0;1;1;A01
201300006122;0;7;0;0;2;3;13;B01
201300006122;0;30;0;0;2;1;1;A02
201300006123;0;7;0;1;0;6;23;A01
201300006123;0;7;0;1;1;2;21;B02
201300006124;0;7;0;0;2;2;15;A01
201300006124;0;33;0;0;2;1;1;B02
201300006125;0;33;0;13;0;0;1;A01
201300006126;0;7;0;0;2;3;13;A01
201300006126;0;7;0;0;2;3;1;B02
201300006126;0;7;0;0;2;2;1;C03
201300006127;0;7;0;0;2;1;1;A01
201300006127;0;1;0;0;2;1;13;B02
201300006128;0;7;0;2;0;1;1;A01
201300006129;0;7;0;0;1;1;1;A01
201300006130;0;33;0;0;2;1;17;A01
201300006130;0;7;0;0;2;8;15;B02
201300006131;0;7;0;0;2;1;5;A01
201300006131;0;10;0;0;2;1;1;B02
201300006132;0;7;0;0;2;8;13;A01
201300006132;0;15;0;0;2;3;1;B02
201300006133;0;2;0;0;2;1;1;A01
201300006133;0;10;0;0;0;2;19;B02
201300006134;0;7;0;10;0;1;1;A01
201300006135;0;7;0;0;0;1;13;A01
201300006135;0;7;0;0;2;1;1;B02
201300006136;0;1;0;0;0;1;1;B02
201300006136;0;10;0;0;0;3;9;A01
201300006137;0;7;0;0;2;7;15;A01
201300006137;0;33;0;0;2;7;1;B02
201300006138;0;1;0;0;2;8;15;A01
201300006138;0;7;0;0;2;1;17;B02
201300006139;1;7;0;0;1;3;15;A01
201300006140;0;7;0;0;2;2;13;A01
201300006140;0;2;0;0;2;1;1;B02
201300006141;0;7;0;8;0;2;17;A01
201300006142;0;7;0;0;2;3;13;A01
201300006142;0;7;0;0;2;3;1;B02
201300006143;0;7;0;0;1;2;21;A01
201300006144;0;7;0;0;2;3;1;A01
201300006144;0;31;0;0;2;1;1;B02
201300006145;0;2;0;13;0;2;1;A01
201300006146;0;7;0;0;0;3;9;A01
201300006146;0;7;0;8;2;1;1;B02
201300006147;0;7;0;2;0;9;1;A01
201300006148;1;7;0;0;1;3;1;A01
201300006149;0;7;0;13;0;1;1;A01
201300006150;0;7;0;15;0;8;0;A01
201300006151;0;7;0;0;1;4;23;A01
201300006151;0;7;0;14;2;1;2;B02
201300006152;0;7;0;0;2;3;13;A01
201300006152;0;15;0;0;2;3;1;B02
201300006153;0;33;0;14;0;1;1;A01
201300006153;0;7;0;0;2;1;1;B02
201300006154;0;7;0;0;2;2;1;A01
201300006154;0;1;0;0;2;1;5;B02
201300006155;0;7;0;0;2;5;13;A01
201300006155;0;7;0;0;2;1;1;B02
201300006156;0;7;0;6;0;1;17;A01
201300006157;0;7;0;0;2;3;13;A01
201300006157;0;7;0;0;2;3;1;B02
201300006158;0;7;0;0;0;5;14;A01
201300006158;0;7;0;0;2;1;1;B02
201300006159;0;7;0;2;0;3;1;A01
201300006160;0;7;0;9;0;2;0;A01
201300006161;0;33;0;0;2;8;13;A01
201300006161;0;7;0;0;2;3;1;B02
201300006161;0;33;0;14;0;1;0;C03
201300006162;0;33;0;0;2;1;17;A01
201300006162;0;7;0;0;2;3;15;B02
201300006163;0;7;0;0;2;7;17;A01
201300006163;0;7;0;0;2;8;17;B02
201300006163;0;7;0;0;2;1;1;C03
201300006164;0;7;0;2;0;1;19;A01
201300006165;0;2;0;0;2;1;1;B02
201300006165;0;7;0;0;2;1;13;A01
201300006166;0;7;0;0;1;1;2;A01
201300006167;0;10;0;0;2;3;14;A01
201300006167;0;10;0;0;2;3;1;B02
201300006167;0;10;0;0;2;1;2;C03
201300006167;0;10;0;0;2;3;1;D04
201300006168;0;7;0;0;2;1;17;A01
201300006168;0;7;0;0;2;1;1;B02
201300006169;0;7;0;0;2;1;1;B02
201300006169;0;2;0;0;2;7;5;A01
201300006170;0;33;0;0;2;1;17;A01
201300006170;0;7;0;0;0;3;15;B02
201300006171;0;7;0;2;0;8;1;A01
201300006172;0;1;0;0;0;4;1;B02
201300006172;0;7;0;0;2;2;1;A01
201300006173;0;7;0;0;1;1;1;A01
201300006174;0;10;0;13;0;7;14;A01
201300006175;0;2;0;0;0;1;17;A01
201300006175;0;21;0;0;2;6;15;B02
201300006176;0;33;0;13;0;8;1;A01
201300006177;0;7;0;0;2;3;15;A01
201300006177;0;33;0;0;2;1;1;B02
201300006178;0;7;0;0;2;8;19;A01
201300006178;0;7;0;0;2;1;1;B02
201300006179;0;7;0;0;1;3;16;A01
201300006180;0;7;0;1;0;2;1;A01
201300006181;0;21;0;0;2;1;15;A01
201300006181;0;33;0;0;2;1;1;B02