num_acc;senc;catv;occutc;obs;obsm;choc;manv;num_veh
201300006565;0;7;0;0;2;3;1;B02
201300006566;0;1;0;1;0;7;1;A01
201300006566;0;7;0;0;0;7;24;B02
201300006567;0;2;0;0;2;1;1;B02
201300006567;0;7;0;0;2;2;16;A01
201300006568;0;7;0;2;0;1;1;A01
201300006569;0;7;0;16;0;1;1;A01
201300006570;0;15;0;0;2;3;1;B02
201300006570;0;7;0;0;2;8;1;A01
201300006571;0;10;0;0;0;9;1;A01
201300006572;0;31;0;0;0;1;1;A01
201300006572;0;7;0;0;0;6;19;B02
201300006573;0;14;0;0;2;3;1;B02
201300006573;0;7;0;0;2;8;1;C03
201300006573;0;7;0;0;2;3;1;D04
201300006573;0;7;0;0;2;2;19;A01
201300006574;0;30;0;0;0;0;0;A01
201300006575;0;7;0;0;2;1;2;B02
201300006575;0;20;0;0;2;4;2;A01
201300006576;0;7;0;2;0;1;0;A01
201300006577;0;7;0;0;2;3;1;B02
201300006577;0;7;0;0;2;1;13;A01
201300006578;0;7;0;2;0;1;14;A01
201300006579;0;7;0;9;0;2;1;A01
201300006580;0;7;0;10;0;9;14;A01
201300006581;0;7;0;0;2;3;1;B02
201300006581;0;7;0;0;2;2;1;A01
201300006582;0;17;0;2;0;1;1;A01
201300006583;0;7;0;16;0;9;0;A01
201300006584;0;7;0;13;0;3;1;A01
201300006585;0;7;0;0;1;2;1;A01
201300006586;0;7;0;13;0;1;13;A01
201300006587;0;33;0;3;0;1;1;A01
201300006588;0;7;0;0;1;2;1;A01
201300006589;0;7;0;6;0;1;1;A01
201300006590;0;10;0;0;2;6;15;B02
201300006590;0;31;0;0;2;2;17;A01
201300006591;0;30;0;0;2;8;13;B02
201300006591;0;7;0;0;2;5;17;A01
201300006592;0;7;0;6;0;1;16;A01
201300006593;0;7;0;0;1;3;1;A01
201300006594;0;15;0;0;2;3;1;B02
201300006594;0;7;0;0;2;8;13;A01
201300006595;0;7;0;13;0;1;1;A01
201300006596;0;10;0;0;2;3;1;B02
201300006596;0;7;0;0;2;3;1;A01
201300006597;0;7;0;2;0;1;13;A01
201300006598;0;7;0;0;2;3;15;A01
201300006598;0;7;0;0;2;1;1;B02
201300006599;0;7;0;6;0;1;17;A01
201300006600;0;7;0;2;0;8;1;A01
201300006601;0;10;0;0;2;3;1;A01
201300006601;0;7;0;0;2;3;1;B02
201300006602;0;7;0;0;9;3;1;B02
201300006602;0;1;0;0;2;7;5;A01
201300006603;0;7;0;0;1;1;1;A01
201300006604;0;10;0;0;1;2;19;A01
201300006605;0;7;0;0;2;8;23;B02
201300006605;0;33;0;0;2;2;1;A01
201300006606;0;33;0;12;0;1;1;A01
201300006607;0;33;0;0;2;1;17;B02
201300006607;0;7;0;0;2;6;17;A01
201300006608;0;7;0;14;0;1;5;A01
201300006608;0;7;0;14;0;1;2;B02
201300006609;0;33;0;0;0;0;1;A01
201300006610;0;7;0;13;0;1;13;A01
201300006611;0;7;0;0;1;1;1;A01
201300006612;0;17;0;0;0;8;1;B02
201300006612;0;7;0;0;2;1;13;A01
201300006613;0;7;0;0;2;7;1;A01
201300006613;0;7;0;0;2;1;1;B02
201300006614;0;7;0;0;2;3;17;A01
201300006614;0;33;0;0;2;3;1;B02
201300006615;0;7;0;0;1;2;1;A01
201300006616;0;7;0;0;2;8;0;A01
201300006616;0;17;0;0;2;3;1;B02
201300006617;0;7;0;0;2;1;1;A01
201300006617;0;1;0;0;2;8;19;B02
201300006618;0;7;0;0;2;3;17;A01
201300006618;0;1;0;0;2;1;1;B02
201300006619;0;7;0;0;1;3;1;A01
201300006620;0;7;0;0;2;3;19;A01
201300006620;0;7;0;0;2;1;1;B02
201300006621;0;7;0;8;0;1;0;A01
201300006622;0;7;0;13;0;3;1;A01
201300006623;0;7;0;0;2;2;15;A01
201300006623;0;7;0;0;2;1;1;B02
201300006624;0;7;0;0;2;1;1;A01
201300006624;0;7;0;0;2;1;1;B02
201300006625;0;10;0;6;0;8;1;A01
201300006626;0;33;0;0;2;1;1;A01
201300006626;0;7;0;0;2;1;1;B02
201300006627;0;7;0;0;1;2;1;A01
201300006628;0;7;0;0;2;7;19;B02
201300006628;0;7;0;0;2;1;1;A01
201300006629;0;7;0;0;0;9;1;A01
201300006630;0;7;0;0;1;1;1;A01
201300006631;0;7;0;0;2;3;13;A01
201300006631;0;7;0;0;2;3;0;B02
201300006632;0;7;0;0;2;1;1;A01
201300006632;0;7;0;0;2;1;1;B02
201300006633;0;7;0;0;1;3;1;A01
201300006634;0;7;0;13;0;2;14;A01
201300006635;0;30;0;0;2;8;15;A01
201300006635;0;7;0;0;2;7;17;B02
201300006636;0;7;0;0;0;3;1;A01
201300006637;0;33;0;0;0;8;1;A01
201300006638;0;7;0;13;0;1;1;A01
201300006639;0;7;0;13;0;1;1;A01
201300006640;0;7;0;13;0;9;1;A01
201300006641;0;33;0;8;0;1;1;A01
201300006642;0;7;0;0;2;1;13;A01
201300006642;0;17;0;0;2;1;1;B02
201300006642;0;17;0;0;2;8;1;C03
201300006643;0;7;0;2;0;1;1;A01
201300006644;0;33;0;2;6;7;21;A01
201300006645;0;33;0;0;0;0;1;A01
201300006646;0;30;0;0;0;1;13;A01
201300006646;0;7;0;0;2;2;1;B02
201300006647;0;2;0;0;2;8;1;B02
201300006647;0;10;0;0;2;8;1;A01
201300006648;0;10;0;2;0;1;1;A01
201300006649;0;17;0;0;0;8;16;A01
201300006650;0;14;0;13;0;3;1;A01
201300006651;0;7;0;0;2;1;17;A01
201300006651;0;7;0;0;2;8;15;B02
201300006652;0;7;0;0;2;1;21;A01
201300006652;0;2;0;0;2;4;1;B02
201300006653;0;33;0;11;0;1;1;A01
201300006654;0;7;0;0;2;3;1;B02
201300006654;0;7;0;0;2;3;13;A01
201300006655;0;7;0;0;2;3;9;A01
201300006655;0;30;0;0;2;7;1;B02
201300006656;0;33;0;0;2;3;17;A01
201300006656;0;17;0;0;2;3;1;B02
201300006656;0;7;0;0;9;2;1;C03
201300006656;0;7;0;0;9;1;1;D04
201300006657;0;7;0;0;9;7;17;A01
201300006657;0;7;0;0;0;2;17;B02
201300006657;0;1;0;0;2;8;13;C03
201300006658;0;7;0;0;2;3;13;A01
201300006658;0;13;0;0;2;3;1;B02
201300006659;0;10;0;2;0;1;1;A01
201300006660;0;7;0;2;0;3;14;A01
201300006661;0;7;0;2;0;2;1;A01
201300006662;0;31;0;16;0;8;1;A01
201300006663;0;7;0;0;2;7;1;A01
201300006663;0;7;0;0;2;1;1;B02
201300006664;0;7;0;0;1;4;4;A01
201300006665;0;7;0;2;0;1;13;A01
201300006666;0;31;0;16;0;7;2;A01
201300006667;0;7;0;0;2;2;1;B02
201300006667;0;2;0;0;2;8;10;A01
201300006668;0;1;0;0;2;1;1;D04
201300006668;0;7;0;0;2;1;13;A01
201300006668;0;1;0;0;2;1;1;E05
201300006668;0;1;0;0;2;1;1;C03
201300006668;0;1;0;0;2;1;1;F06
201300006668;0;1;0;0;2;1;1;B02
201300006669;0;7;0;0;2;8;5;C03
201300006669;0;10;0;0;2;1;2;B02
201300006669;0;7;0;2;2;0;0;A01
201300006670;0;33;0;16;0;8;1;A01
201300006671;0;10;0;0;2;1;5;A01
201300006671;0;1;0;0;2;1;1;B02
201300006672;0;7;0;0;1;2;1;A01
201300006673;0;7;0;2;0;1;13;A01
201300006674;0;21;0;13;0;9;1;A01
201300006675;0;10;0;0;2;1;1;B02
201300006675;0;7;0;0;2;8;19;A01
201300006676;0;10;0;0;0;7;0;A01
201300006676;0;1;0;0;0;8;0;B02
201300006677;0;33;0;0;0;1;2;A01
201300006677;0;33;0;0;0;4;2;B02
201300006678;0;31;0;0;2;1;13;A01
201300006678;0;7;0;0;2;1;1;B02
201300006679;0;7;0;0;2;3;13;A01
201300006679;0;17;0;0;0;8;1;B02
201300006680;0;7;0;0;0;2;1;B02
201300006680;0;7;0;0;0;1;1;A01
201300006681;0;33;0;5;0;1;1;A01
201300006682;0;7;0;0;2;3;2;A01
201300006682;0;7;0;0;0;4;1;B02
201300006683;0;7;0;13;0;0;17;A01
201300006684;0;33;0;0;2;1;13;A01
201300006684;0;17;0;0;2;6;1;B02
201300006685;0;10;0;0;2;2;15;A01
201300006685;0;7;0;0;2;1;1;B02
201300006686;0;7;0;13;0;1;0;A01
201300006687;0;7;0;0;2;8;1;A01
201300006687;0;7;0;0;2;1;19;B01
201300006688;0;30;0;0;0;1;1;A01
201300006689;0;7;0;0;2;1;1;B02
201300006689;0;7;0;0;2;3;21;C03
201300006689;0;7;0;0;2;1;13;A01
201300006690;0;7;0;0;2;3;17;A01
201300006690;0;7;0;0;2;3;1;B02
201300006691;0;7;0;16;0;2;1;A01
201300006692;0;7;0;2;0;9;11;A01
201300006693;0;1;0;0;2;4;1;B02
201300006693;0;7;0;0;2;2;2;A01
201300006694;0;2;0;11;0;1;15;A01
201300006695;0;7;0;0;0;9;19;A01
201300006696;0;17;0;0;2;0;15;E03
201300006696;0;17;0;0;2;1;13;A01
201300006696;0;17;0;0;2;1;1;C02
201300006697;0;7;0;16;0;1;0;A01
201300006698;0;7;0;0;2;1;1;A01
201300006698;0;7;0;0;2;1;1;B02
201300006699;0;7;0;2;0;8;14;A01
201300006700;0;31;0;12;0;1;1;A01
201300006701;0;7;0;0;2;3;1;A01
201300006701;0;33;0;0;2;1;1;B02
201300006702;0;33;0;0;0;1;13;A01
201300006703;0;7;0;2;0;1;1;A01
201300006704;0;7;0;0;2;3;1;B02
201300006704;0;7;0;0;2;2;19;A01
201300006705;0;7;0;0;2;3;1;B02
201300006705;0;10;0;0;2;3;13;A01
201300006706;0;33;0;0;2;0;1;B02
201300006706;0;7;0;0;2;6;15;A01
201300006707;0;7;0;13;0;1;1;A01
201300006708;0;15;0;0;2;5;17;A01
201300006708;0;1;0;0;2;3;2;B02
201300006709;0;7;0;2;0;1;1;A01
201300006710;0;7;0;0;2;1;1;B02
201300006710;0;7;0;0;2;2;13;A01
201300006711;0;7;0;13;0;2;14;A01
201300006712;0;2;0;14;0;7;14;A01
201300006712;0;21;0;0;2;3;23;B02
201300006713;0;7;0;0;1;1;1;A01
201300006714;0;33;0;0;0;0;15;A01
201300006715;0;7;0;0;0;9;1;A01
201300006716;0;7;0;0;2;1;1;B02
201300006716;0;7;0;0;2;9;13;A01
201300006717;0;36;0;13;0;8;1;A01
201300006718;0;7;0;0;0;0;15;B02
201300006718;0;7;0;0;9;0;17;A01
201300006718;0;99;0;0;0;0;1;C03
201300006719;0;7;0;0;2;1;13;A01
201300006719;0;15;0;0;2;2;1;B02
201300006720;0;7;0;8;0;1;1;A01
201300006721;0;7;0;0;2;3;15;B02
201300006721;0;33;0;0;2;1;1;A01
201300006722;0;7;0;13;0;1;1;A01
201300006723;0;7;0;13;0;3;1;A01
201300006724;0;33;0;0;0;1;13;A01
201300006725;0;33;0;14;0;8;17;A01
201300006726;0;7;0;0;2;3;1;B02
201300006726;0;17;0;0;2;6;1;A01
201300006727;0;10;0;0;1;5;4;A01
201300006728;0;10;0;0;2;1;1;A01
201300006728;0;7;0;0;2;4;23;B02
201300006729;0;10;0;7;2;3;1;B02
201300006729;0;3;0;0;2;1;15;A01
201300006730;0;36;0;8;0;2;1;A01
201300006731;0;7;0;2;0;3;13;A01
201300006732;0;7;0;0;0;9;1;A01
201300006733;0;7;0;0;2;7;13;A01
201300006733;0;10;0;0;2;1;1;B02
201300006734;0;10;0;0;9;1;1;A01
201300006734;0;1;0;0;2;7;1;B02
201300006735;0;7;0;0;2;2;19;A01
201300006735;0;7;0;0;2;3;1;B02
201300006736;0;2;0;0;2;1;5;A01
201300006736;0;7;0;0;2;8;15;B02
201300006737;0;7;0;0;2;1;15;B02
201300006737;0;2;0;0;2;3;1;A01
201300006738;0;10;0;0;2;3;1;B02
201300006738;0;7;0;0;2;3;13;A01
201300006739;0;31;0;13;0;1;1;A01
201300006740;0;7;0;14;0;9;1;A01
201300006741;0;7;0;0;0;9;1;A01
201300006742;0;7;0;0;1;1;1;A01
201300006743;0;17;0;16;0;1;15;A01
201300006744;0;33;0;0;2;8;1;B02
201300006744;0;7;0;0;2;2;19;A01
201300006745;0;7;0;0;2;1;0;B02
201300006745;0;7;0;1;0;2;1;A01
201300006746;0;7;0;0;2;1;1;A01
201300006746;0;7;0;0;2;8;1;B02
201300006747;0;7;0;0;0;4;2;A01
201300006747;0;14;0;0;0;2;1;B02
201300006748;0;7;0;0;2;7;13;A01
201300006748;0;7;0;0;2;1;1;B02
201300006749;0;7;0;0;2;3;1;A01
201300006749;0;7;0;0;2;3;1;B02
201300006750;0;7;0;2;0;1;13;A01
201300006751;0;7;0;0;2;3;17;A01
201300006751;0;7;0;0;2;3;1;B02
201300006752;0;30;0;8;0;0;14;A01
201300006753;0;14;0;0;2;3;0;B02
201300006753;0;7;0;0;2;1;13;A01
201300006754;0;7;0;13;0;2;1;A01
201300006755;0;7;0;13;0;1;1;A01
201300006756;0;7;0;13;0;1;16;A01
201300006757;0;7;0;6;0;2;0;A01
201300006758;0;33;0;0;0;0;1;A01
201300006759;0;7;0;3;0;8;1;A01
201300006760;0;7;0;0;2;1;1;B02
201300006760;0;7;0;0;2;7;1;A01
201300006761;0;2;0;0;0;2;1;A01
201300006762;0;21;0;16;1;3;1;A01
201300006763;1;7;0;0;2;3;1;A01
201300006763;0;33;0;0;2;7;1;B02
201300006764;0;7;0;0;2;1;1;A01
201300006764;0;7;0;0;2;6;19;B02
201300006765;0;7;0;13;0;3;1;A01
201300006766;0;7;0;6;0;1;16;A01
201300006767;0;7;0;0;2;3;13;A01
201300006767;0;15;0;0;2;1;1;B02
201300006768;0;15;0;0;2;1;1;B02
201300006768;0;7;0;0;2;1;13;A01
201300006769;0;33;0;0;2;7;17;B02
201300006769;0;7;0;0;0;0;15;A01
201300006770;0;7;0;0;2;1;21;A01
201300006770;0;7;0;0;2;1;21;B02
201300006771;0;7;0;6;0;2;1;A01
201300006772;0;7;0;0;2;1;5;A01
201300006772;0;17;0;0;2;1;1;B02
201300006773;0;7;0;0;1;6;20;A01
201300006774;0;7;0;0;2;2;1;A01
201300006774;0;13;0;0;2;3;1;B02
201300006775;0;7;0;0;2;3;1;B02
201300006775;0;7;0;0;2;6;13;A01
201300006776;0;7;0;13;0;1;1;A01
201300006777;0;7;0;0;1;2;1;A01
201300006778;0;7;0;6;0;1;1;A01
201300006779;0;7;0;6;0;3;2;A01
201300006780;0;7;0;0;2;3;13;A01
201300006780;0;99;0;0;2;3;1;B02
201300006781;0;21;0;0;2;8;15;B02
201300006781;0;15;0;0;2;2;17;A01
201300006782;0;7;0;6;0;1;1;A01
201300006783;0;7;0;0;2;1;0;B02
201300006783;0;7;0;0;2;7;13;A01
201300006784;0;7;0;0;2;2;19;A01
201300006784;0;7;0;0;2;3;1;B02
201300006785;0;7;0;2;0;1;0;A01
201300006786;0;7;0;0;2;1;13;A01
201300006786;0;7;0;0;2;1;1;B02
201300006787;0;7;0;0;2;6;15;A01
201300006787;0;7;0;0;2;1;15;B02
201300006788;0;7;0;0;2;1;1;A01
201300006788;0;14;0;0;2;3;1;B02
201300006789;0;33;0;0;2;8;1;A01
201300006789;0;7;0;0;2;1;1;B02
201300006790;0;10;0;0;2;3;9;A01
201300006790;0;1;0;0;2;2;1;B02
201300006791;0;7;0;0;0;1;14;A01
201300006792;0;33;0;0;0;8;0;A01
201300006793;0;33;0;0;2;1;17;A01
201300006793;0;7;0;0;2;3;9;B02
201300006794;0;7;0;0;2;1;13;A01
201300006794;0;7;0;0;2;1;1;B02
201300006795;0;7;0;0;2;6;15;A01
201300006795;0;33;0;0;2;2;17;B02
201300006796;0;1;0;0;2;2;1;A01
201300006796;0;7;0;0;9;3;23;B02
201300006797;0;7;0;0;2;3;13;A01
201300006797;0;7;0;0;2;3;1;B02
201300006798;0;7;0;0;1;2;1;A01
201300006799;0;7;0;0;1;2;1;A01
201300006800;0;14;0;0;0;0;1;A01
201300006801;0;7;0;0;2;7;19;A01
201300006801;0;7;0;0;2;1;1;B02
201300006802;0;7;0;0;2;8;15;B02
201300006802;0;15;0;0;2;2;1;A01
201300006803;0;7;0;0;0;0;15;B02
201300006803;0;33;0;0;0;0;1;A01
201300006804;0;7;0;0;0;9;1;A01
201300006805;0;7;0;2;0;9;1;A01
201300006806;0;10;0;0;2;1;19;B02
201300006806;0;7;0;0;2;8;1;A01
201300006807;0;7;0;0;2;2;11;A01
201300006807;0;7;0;0;2;5;13;B02
201300006808;0;7;0;0;2;0;11;A01
201300006808;0;7;0;0;2;0;1;B02
201300006809;0;7;0;0;2;1;1;B02
201300006809;0;7;0;0;2;5;13;A01
201300006810;0;7;0;0;2;7;13;A01
201300006810;0;7;0;0;2;1;1;B02
201300006810;0;7;0;0;2;1;1;C03
201300006811;0;10;0;0;2;2;15;A01
201300006811;0;2;0;0;2;1;1;B02
201300006812;0;7;0;0;2;1;2;A01
201300006812;0;7;0;0;2;4;23;B02
201300006813;0;10;0;1;1;1;1;B01
201300006814;0;33;0;0;2;1;1;A01
201300006814;0;7;0;0;2;1;1;B02
201300006815;0;10;0;0;2;8;19;A01
201300006815;0;7;0;0;2;1;1;B02
201300006816;0;33;0;0;2;1;2;A01
201300006816;0;7;0;0;2;4;15;B02
201300006817;0;7;0;0;2;8;1;B02
201300006817;0;7;0;0;2;1;19;A01
201300006818;0;1;0;0;2;8;1;B02
201300006819;0;33;0;15;0;1;1;A01
201300006820;0;33;0;0;2;1;23;A01
201300006820;0;7;0;0;2;6;2;B02
201300006821;0;7;0;0;2;3;19;B02
201300006821;0;10;0;0;2;2;1;A01
201300006822;0;1;0;0;2;1;15;B02
201300006822;0;7;0;0;9;1;1;A01
201300006823;0;7;0;0;2;5;17;B02
201300006823;0;30;0;0;2;3;1;A01
201300006824;0;33;0;0;2;9;19;A01
201300006824;0;7;0;0;2;1;1;B02
201300006825;0;32;0;0;0;7;0;A01
201300006826;0;7;0;0;2;8;15;A01
201300006826;0;10;0;0;2;7;17;B02
201300006827;0;7;0;0;2;1;15;B02
201300006827;0;31;0;0;2;7;1;A01
201300006828;0;7;0;0;2;1;1;B02
201300006828;0;10;0;0;2;1;1;A01
201300006829;0;7;0;0;0;1;0;A01
201300006830;0;10;0;0;2;7;19;A01
201300006830;0;7;0;0;2;1;1;B02
201300006831;0;33;0;1;0;7;14;A01
201300006832;0;7;0;0;2;2;19;A01
201300006832;0;31;0;0;2;1;1;B02
201300006833;0;7;0;0;2;7;16;A01
201300006833;0;31;0;0;2;1;1;B02
201300006834;0;7;0;0;0;1;13;A01
201300006835;0;7;0;0;9;3;9;A01
201300006835;0;1;0;0;2;7;16;B02
201300006836;0;3;0;0;2;6;1;B02
201300006836;0;10;0;0;2;2;1;A01
201300006837;0;7;0;2;0;2;1;A01
201300006838;0;10;0;0;2;2;1;A01
201300006838;0;2;0;0;0;4;1;B02
201300006839;0;7;0;0;2;1;1;B02
201300006839;0;7;0;0;2;2;1;A01
201300006840;0;15;0;13;0;1;1;A01
201300006841;0;7;0;13;0;2;14;A01
201300006842;0;15;0;0;0;0;1;A01
201300006842;0;17;0;14;0;1;1;B02
201300006843;0;7;0;0;2;1;1;B02
201300006843;0;7;0;0;2;1;13;A01
201300006844;0;33;0;13;0;1;1;A01
201300006845;0;7;0;6;0;1;1;A01
201300006846;0;2;0;1;0;1;2;B02
201300006846;0;7;0;0;0;5;0;A01
201300006847;0;7;0;0;2;1;1;A01
201300006847;0;7;0;0;2;1;1;B02
201300006848;0;7;0;12;0;0;14;A01
201300006849;0;7;0;13;0;1;1;A01
201300006850;0;7;0;0;1;8;16;A01
201300006851;0;15;0;0;2;3;1;A01
201300006851;0;7;0;0;2;3;1;B02
201300006852;0;33;0;0;2;1;17;A01
201300006852;0;33;0;0;2;4;1;B02
201300006853;0;7;0;0;1;1;1;A01
201300006854;0;7;0;0;2;7;13;A01
201300006854;0;7;0;0;2;1;1;B02
201300006855;0;7;0;8;0;7;1;A01
201300006856;0;14;0;0;1;1;1;A01
201300006857;0;7;0;0;2;6;0;B02
201300006857;0;33;0;0;2;1;1;A01
201300006858;0;7;0;0;2;3;1;A01
201300006858;0;10;0;0;2;3;13;B02
201300006859;0;7;0;0;2;1;0;A01
201300006859;0;7;0;0;2;2;0;B02
201300006860;0;7;0;0;2;8;1;A01
201300006860;0;7;0;0;2;1;1;B02
201300006861;0;14;0;0;2;2;1;B02
201300006861;0;14;0;0;2;8;19;A01
201300006862;0;17;0;3;0;1;1;A01
201300006863;0;7;0;8;2;3;13;A01
201300006863;0;15;0;0;2;3;1;B02
201300006864;0;14;0;2;0;2;1;A01
201300006865;0;7;0;13;0;9;1;A01
201300006866;0;7;0;13;0;5;0;A01
201300006867;0;7;0;0;2;8;15;B02
201300006867;0;33;0;0;2;7;17;A01
201300006868;0;7;0;0;0;9;21;A01
201300006869;0;7;0;13;0;1;1;A01
201300006870;0;7;0;0;2;3;1;B02
201300006870;0;7;0;0;2;3;13;A01
201300006871;0;7;0;0;1;6;4;A01
201300006872;0;33;0;0;2;1;13;A01
201300006872;0;7;0;0;2;1;1;B02
201300006872;0;33;0;0;2;7;21;C03
201300006873;0;7;0;2;0;7;1;A01
201300006874;0;7;0;0;1;7;1;A01
201300006875;0;13;0;0;1;7;1;A01
201300006876;0;7;0;2;0;8;14;A01
201300006877;0;7;0;6;0;1;1;A01
201300006878;0;15;0;0;2;2;1;C03
201300006878;0;15;0;0;2;3;1;B02
201300006878;0;10;0;0;2;1;1;A01
201300006879;0;7;0;0;2;3;15;A01
201300006879;0;2;0;0;2;1;1;B02
201300006880;0;39;0;0;2;1;0;A01
201300006880;0;7;0;0;4;9;24;B02
201300006881;0;7;0;13;0;2;1;A01
201300006882;0;7;0;10;0;2;1;A01
201300006883;0;7;0;0;0;3;0;A01
201300006883;0;7;0;0;0;3;0;B02
201300006884;0;2;0;0;2;8;15;A01
201300006884;0;2;0;0;2;7;1;B02
201300006885;0;30;0;0;2;1;17;B02
201300006885;0;7;0;0;2;8;10;A01
201300006886;0;7;0;13;0;0;19;A01
201300006887;0;7;0;0;2;2;13;A01
201300006887;0;15;0;0;2;2;0;B02
201300006888;0;7;0;2;0;3;13;A01
201300006889;0;10;0;0;2;3;19;B02
201300006889;0;31;0;0;2;3;1;A01
201300006890;0;7;0;0;2;3;1;B02
201300006890;0;7;0;0;2;3;13;A01
201300006891;0;7;0;2;0;3;1;A01
201300006892;0;7;0;2;0;1;14;A01
201300006893;0;33;0;2;0;1;1;A01
201300006894;0;33;0;5;0;8;1;A01
201300006895;0;7;0;0;2;1;5;A01
201300006895;0;7;0;0;2;1;1;B02
201300006896;0;7;0;0;2;1;1;B02
201300006896;0;7;0;0;0;1;13;A01
201300006897;0;7;0;2;0;7;1;A01
201300006898;0;31;0;13;0;1;1;A01
201300006899;0;7;0;0;1;2;20;A01
201300006900;0;32;0;8;0;1;1;A01
201300006901;0;7;0;13;0;1;1;A01
201300006902;0;33;0;0;2;1;19;A01
201300006902;0;7;0;0;2;1;19;B02
201300006903;0;7;0;0;2;7;15;A01
201300006903;0;30;0;0;2;1;1;B02
201300006904;0;7;0;13;0;1;1;A01
201300006905;0;7;0;0;2;2;1;B02
201300006905;0;7;0;0;2;3;20;A01
201300006906;0;7;0;15;0;3;0;A01
201300006907;0;7;0;0;2;1;5;A01
201300006907;0;17;0;0;2;3;1;B02
201300006908;0;7;0;0;2;8;19;A01
201300006908;0;31;0;0;2;1;1;B02
201300006909;0;7;0;0;2;6;5;A01
201300006909;0;32;0;0;2;8;1;B02
201300006910;0;7;0;0;0;7;15;A01
201300006910;0;7;0;0;2;1;1;B02
201300006911;0;7;0;1;0;2;1;A01
201300006911;0;7;0;1;0;2;1;B02
201300006911;0;7;0;1;0;4;0;C03
201300006912;0;7;0;6;0;1;13;A01
201300006913;0;7;0;0;0;1;13;A01
201300006914;0;7;0;0;0;1;13;A01
201300006914;0;7;0;0;0;1;1;B02
201300006915;0;7;0;6;0;1;13;A01
201300006916;0;7;0;11;0;1;14;A01
201300006917;0;7;0;8;1;7;21;A01
201300006917;0;7;0;0;0;4;1;B02
201300006918;0;33;0;0;2;1;17;A01
201300006918;0;7;0;0;0;8;15;B02
201300006919;0;37;50;0;1;7;16;A01
201300006920;0;33;0;13;0;9;1;A01
201300006921;0;33;0;0;0;0;1;A01
201300006922;0;7;0;0;2;6;19;A01
201300006922;0;10;0;0;2;3;1;B02
201300006923;0;33;0;12;0;1;1;A01
201300006924;0;7;0;0;9;2;1;A01
201300006924;0;7;0;0;2;1;1;B02
201300006925;0;7;0;0;2;3;15;A01
201300006925;0;7;0;0;2;3;1;B02
201300006926;0;14;0;0;2;2;1;A01
201300006926;0;14;0;0;2;3;1;B02
201300006927;0;7;0;0;2;8;20;A01
201300006927;0;2;0;0;2;1;1;B02
201300006928;0;7;0;0;2;2;15;A01
201300006928;0;2;0;0;2;1;1;B02
201300006929;0;20;0;0;2;1;1;A01
201300006929;0;7;0;0;2;8;1;B02
201300006930;0;7;0;0;2;3;19;A01
201300006930;0;7;0;0;2;2;1;B02
201300006931;0;7;0;0;1;1;1;A01
201300006932;0;33;0;0;2;0;21;A01
201300006932;0;15;0;0;9;8;1;B02
201300006932;0;7;0;0;0;0;16;C03
201300006933;0;15;0;0;0;6;2;A01
201300006933;0;15;0;14;0;2;2;B02
201300006934;0;10;0;0;2;1;9;A01
201300006934;0;7;0;0;2;8;1;B02
201300006935;0;30;0;0;2;1;2;A01
201300006935;0;7;0;0;2;4;1;B02
201300006936;0;7;0;0;2;1;13;A01
201300006936;0;33;0;0;2;9;17;B02
201300006936;0;15;0;0;2;6;1;C03
201300006937;0;7;0;8;0;7;1;A01
201300006938;0;7;0;6;0;1;1;A01
201300006939;0;33;0;0;6;1;1;A01
201300006940;0;7;0;0;0;1;1;A01
201300006940;0;30;0;0;0;4;0;B02
201300006941;0;7;0;0;0;0;1;A01
201300006942;0;33;0;0;2;8;21;A01
201300006942;0;10;0;0;2;8;13;B02
201300006943;0;10;0;13;0;9;1;A01
201300006944;0;7;0;0;2;3;13;A01
201300006944;0;7;0;0;2;3;20;B02
201300006945;0;7;0;6;0;1;1;A01
201300006946;0;7;0;0;2;2;21;A01
201300006946;0;30;0;0;2;8;15;B02
201300006947;0;7;0;0;2;3;17;A01
201300006947;0;7;0;0;2;1;21;B02
201300006947;0;99;0;0;2;1;1;C03
201300006947;0;7;0;0;2;3;1;D04
201300006948;0;7;0;0;2;7;13;A01
201300006948;0;10;0;0;2;6;1;B02
201300006948;0;38;9;0;2;6;1;C03
201300006949;0;33;0;0;2;1;17;A01
201300006949;0;7;0;0;2;7;19;B02
201300006950;0;7;0;0;2;1;17;A01
201300006950;0;30;0;0;2;1;1;B02
201300006950;0;7;0;0;2;3;1;C03
201300006951;0;7;0;0;2;2;16;A01
201300006951;0;7;0;0;2;1;1;B02
201300006952;0;7;0;0;2;3;15;A01
201300006952;0;33;0;0;2;1;1;B02
201300006953;0;7;0;0;2;1;11;A01
201300006953;0;7;0;0;2;1;1;B02
201300006954;0;7;0;0;2;8;19;A01
201300006954;0;17;0;0;2;1;1;B02
201300006955;0;21;0;0;1;5;21;A01
201300006956;0;36;0;15;0;1;1;A01
201300006957;0;7;0;0;2;1;13;A01
201300006957;0;1;0;0;2;0;1;B02
201300006958;0;7;0;0;1;1;1;A01
201300006959;0;7;0;0;2;1;13;A01
201300006959;0;7;0;0;2;1;1;B02
201300006960;0;7;0;0;2;3;1;A01
201300006960;0;7;0;0;2;3;13;B02
201300006961;0;10;0;13;0;8;13;A01
201300006962;0;7;0;0;2;8;1;A01