num_acc;senc;catv;occutc;obs;obsm;choc;manv;num_veh
201300006962;0;7;0;0;2;1;1;B02
201300006963;0;33;0;13;0;1;0;A01
201300006964;0;7;0;0;2;7;19;A01
201300006964;0;7;0;0;2;1;1;B02
201300006965;0;2;0;0;2;1;13;A01
201300006965;0;7;0;0;2;1;1;B02
201300006966;0;7;0;0;0;2;1;A01
201300006966;0;7;0;0;2;2;1;B02
201300006967;0;10;0;0;1;4;4;A01
201300006968;0;7;0;0;2;3;19;A01
201300006968;0;7;0;0;2;8;1;B02
201300006969;0;7;0;13;0;1;14;A01
201300006970;0;7;0;13;0;1;1;A01
201300006971;0;33;0;0;2;7;1;A01
201300006971;0;7;0;0;2;1;19;B02
201300006972;0;7;0;0;2;3;13;A01
201300006972;0;17;0;0;2;8;21;B02
201300006973;0;33;0;0;0;1;1;A01
201300006974;0;30;0;3;0;3;1;A01
201300006975;0;7;0;0;2;3;5;A01
201300006975;0;7;0;0;2;2;1;B02
201300006976;0;7;0;0;2;8;1;A01
201300006976;0;2;0;0;2;7;3;B02
201300006977;0;33;0;0;2;3;1;B02
201300006977;0;7;0;0;2;1;15;A01
201300006978;1;7;0;0;2;7;15;A01
201300006978;0;2;0;0;2;1;1;B02
201300006979;0;2;0;0;2;1;19;A01
201300006979;0;7;0;0;9;2;1;B02
201300006980;0;7;0;0;9;7;17;A01
201300006980;0;1;0;0;2;8;1;B02
201300006981;0;7;0;2;0;1;0;A01
201300006982;0;7;0;0;2;3;1;B02
201300006982;0;10;0;0;2;2;19;A01
201300006983;0;7;0;0;2;1;17;A01
201300006983;0;7;0;0;2;3;1;B02
201300006984;0;7;0;13;0;2;1;A01
201300006985;0;15;0;16;0;7;1;A01
201300006986;0;7;0;0;2;3;1;A01
201300006986;0;7;0;0;2;3;1;B02
201300006987;0;7;0;0;2;3;2;A01
201300006987;0;7;0;0;2;5;2;B02
201300006987;0;7;0;0;2;5;1;C03
201300006987;0;10;0;0;2;1;1;D04
201300006988;0;7;0;0;2;7;1;A01
201300006988;0;7;0;0;2;1;1;B02
201300006988;0;7;0;0;2;0;1;C03
201300006988;0;15;0;0;2;8;23;D04
201300006988;0;7;0;0;2;3;17;E05
201300006988;0;14;0;0;2;5;17;F06
201300006989;0;7;0;0;2;1;2;A01
201300006989;0;7;0;0;2;4;2;B02
201300006990;0;10;0;0;2;1;2;A01
201300006990;0;17;0;0;0;6;2;B02
201300006991;0;7;0;13;0;1;1;A01
201300006992;0;7;0;0;2;1;2;A01
201300006992;0;17;0;0;0;4;2;B02
201300006993;0;7;0;0;2;1;2;A01
201300006993;0;17;0;0;2;4;2;B02
201300006994;0;7;0;3;0;3;1;A01
201300006995;0;17;0;3;0;2;1;A01
201300006995;0;7;0;14;0;1;1;C03
201300006995;0;15;0;3;0;7;1;B02
201300006995;0;7;0;14;0;3;1;D04
201300006996;0;7;0;13;0;1;1;A01
201300006997;0;17;0;0;2;2;2;A01
201300006997;0;10;0;0;2;6;2;B02
201300006998;0;7;0;4;0;3;1;A01
201300006999;0;7;0;5;0;1;1;A01
201300007000;0;7;0;3;0;8;1;A01
201300007001;0;7;0;4;2;1;1;A01
201300007001;0;7;0;0;0;6;1;B02
201300007002;0;7;0;0;2;1;17;A01
201300007002;0;7;0;0;2;6;1;B02
201300007003;0;10;0;4;0;9;2;A01
201300007004;0;7;0;13;0;3;1;A01
201300007005;0;7;0;3;0;3;0;A01
201300007006;0;7;0;4;0;2;1;A01
201300007007;0;7;0;3;0;1;1;A01
201300007008;0;17;0;0;0;4;2;A01
201300007008;0;10;0;0;0;1;2;B02
201300007009;0;7;0;7;0;1;1;A01
201300007010;0;10;0;3;0;7;1;A01
201300007010;0;7;0;0;2;1;1;B02
201300007011;0;7;0;16;0;1;0;A01
201300007012;0;7;0;16;0;2;0;A01
201300007013;0;7;0;4;0;7;1;A01
201300007014;0;7;0;0;2;1;2;A01
201300007014;0;7;0;0;0;4;2;B02
201300007015;0;7;0;13;0;2;1;A01
201300007016;0;7;0;0;2;3;9;A01
201300007016;0;7;0;0;2;5;1;B02
201300007017;0;14;0;1;0;2;2;A01
201300007018;0;7;0;2;0;7;1;A01
201300007019;0;7;0;4;0;2;1;A01
201300007020;0;7;0;5;2;8;13;A01
201300007020;0;7;0;0;2;2;17;B02
201300007021;0;7;0;0;2;3;1;A01
201300007021;0;7;0;0;2;3;0;B02
201300007022;0;7;0;2;0;7;1;A01
201300007023;0;31;0;0;0;4;0;A01
201300007023;1;10;0;0;2;1;0;B02
201300007024;0;7;0;0;2;3;13;A01
201300007024;0;7;0;0;2;3;1;B02
201300007025;0;33;0;0;2;1;13;A01
201300007025;0;7;0;0;2;3;1;B02
201300007026;0;30;0;16;0;1;1;A01
201300007027;0;7;0;0;0;1;1;A01
201300007028;0;7;0;0;2;8;17;A01
201300007028;0;7;0;0;2;8;1;B02
201300007029;0;7;0;2;0;1;1;A01
201300007030;0;10;0;14;0;1;1;A01
201300007031;0;7;0;0;2;2;13;A01
201300007031;0;7;0;2;2;1;1;B02
201300007032;0;7;0;2;0;2;1;A01
201300007033;0;7;0;0;2;3;1;A01
201300007033;0;10;0;0;2;3;1;B02
201300007034;0;7;0;0;2;2;9;A01
201300007034;0;7;0;0;2;3;1;B02
201300007035;0;30;0;7;0;2;1;A01
201300007036;0;7;0;0;2;3;15;A01
201300007036;0;7;0;0;2;1;2;B02
201300007037;0;7;0;13;0;0;1;A01
201300007038;0;7;0;0;2;1;1;A01
201300007038;0;7;0;0;2;7;1;B02
201300007039;0;38;2;1;0;0;1;A01
201300007039;0;7;0;2;0;2;0;B02
201300007040;0;33;0;0;0;8;1;A01
201300007041;0;7;0;0;2;1;17;A01
201300007041;0;7;0;0;2;1;1;B02
201300007042;0;7;0;2;0;2;1;A01
201300007043;0;7;0;13;0;9;1;A01
201300007044;0;7;0;2;0;1;14;A01
201300007045;0;33;0;13;0;7;1;A01
201300007046;0;7;0;13;0;1;1;A01
201300007047;0;7;0;13;0;9;1;A01
201300007048;0;10;0;0;0;3;0;A01
201300007049;0;7;0;2;0;1;1;A01
201300007050;0;7;0;0;1;3;1;A01
201300007051;0;33;0;0;0;7;0;A01
201300007052;0;7;0;0;2;3;21;A01
201300007052;0;7;0;0;2;3;13;B02
201300007053;0;36;0;6;0;9;15;A01
201300007054;2;7;0;0;2;3;15;A01
201300007054;0;7;0;0;2;1;1;B02
201300007055;0;7;0;0;2;3;0;B02
201300007055;0;7;0;0;2;3;21;A01
201300007056;0;7;0;0;1;1;11;A01
201300007057;0;31;0;1;2;1;13;A01
201300007057;0;15;0;0;9;3;0;B02
201300007058;0;7;0;0;2;3;1;A01
201300007058;0;14;0;0;2;3;1;B02
201300007059;0;2;0;5;0;0;1;A01
201300007060;0;7;0;8;0;1;1;A01
201300007061;0;7;0;0;2;2;1;A01
201300007061;0;7;0;0;2;2;19;B02
201300007062;0;7;0;8;0;7;16;A01
201300007063;0;7;0;0;0;3;15;A01
201300007063;0;7;0;0;2;7;1;B02
201300007064;0;10;0;0;1;1;1;A01
201300007065;0;10;0;0;2;1;17;A01
201300007065;0;30;0;0;2;4;15;B02
201300007066;0;7;0;0;2;3;13;A01
201300007066;0;7;0;0;2;9;1;B02
201300007067;0;7;0;6;0;1;14;A01
201300007068;0;7;0;0;2;1;2;A01
201300007068;0;10;0;0;0;4;2;B02
201300007069;0;7;0;0;0;9;13;A01
201300007069;0;15;0;0;0;2;1;B02
201300007069;0;7;0;0;2;1;1;C03
201300007070;0;7;0;0;2;3;23;A01
201300007070;0;7;0;0;2;3;23;B02
201300007070;0;7;0;0;2;3;2;C03
201300007070;0;7;0;0;2;2;15;D04
201300007070;0;7;0;0;0;0;23;E05
201300007071;0;7;0;0;0;1;2;A01
201300007071;0;7;0;0;0;4;0;B02
201300007072;0;10;0;0;2;1;1;B02
201300007072;0;2;0;0;2;0;1;C03
201300007072;0;7;0;15;2;2;9;A01
201300007073;0;7;0;2;0;8;1;A01
201300007074;0;7;0;0;2;8;15;A01
201300007074;0;33;0;0;2;7;17;B02
201300007074;0;7;0;1;0;7;0;C03
201300007075;0;14;0;0;2;8;15;A01
201300007075;0;10;0;0;2;3;1;B02
201300007076;0;7;0;13;0;1;1;A01
201300007077;0;7;0;0;2;8;1;B02
201300007077;0;7;0;0;2;3;13;A01
201300007078;0;33;0;0;6;1;1;A01
201300007079;0;14;0;0;2;3;1;A01
201300007079;0;7;0;0;2;1;13;B02
201300007080;0;7;0;16;0;0;1;A01
201300007081;0;7;0;0;0;9;0;A01
201300007082;0;7;0;0;2;3;1;A01
201300007082;0;21;0;0;2;3;1;B02
201300007083;0;3;0;0;1;4;4;A01
201300007084;0;10;0;0;2;3;10;A01
201300007084;0;31;0;0;2;1;1;B02
201300007085;0;7;0;0;9;2;1;A01
201300007085;0;30;0;0;2;1;19;B02
201300007086;0;7;0;0;2;3;21;C01
201300007086;0;7;0;0;2;3;1;B02
201300007086;0;7;0;0;2;0;9;A03
201300007087;0;7;0;0;1;3;17;A03
201300007088;0;7;0;0;2;1;1;A01
201300007088;0;7;0;0;2;8;1;B02
201300007089;0;32;0;0;2;2;1;A01
201300007089;0;7;0;0;2;3;1;B02
201300007090;0;7;0;0;2;3;13;A01
201300007090;0;7;0;0;2;3;1;B02
201300007091;0;7;0;0;2;2;1;A01
201300007091;0;30;0;0;2;4;1;B02
201300007092;0;7;0;2;0;0;1;A01
201300007093;0;7;0;0;0;8;1;A01
201300007093;0;3;0;0;2;1;1;B02
201300007094;0;7;0;0;2;5;2;A01
201300007094;0;30;0;0;2;3;2;B02
201300007095;0;17;0;0;1;3;1;A01
201300007096;0;7;0;2;0;2;14;A01
201300007097;0;7;0;2;0;1;1;A01
201300007098;0;7;0;2;0;2;1;A01
201300007099;0;7;0;0;0;1;1;A01
201300007099;0;10;0;0;0;1;1;B02
201300007100;0;7;0;0;2;2;1;A01
201300007100;0;1;0;0;2;4;1;B02
201300007101;0;7;0;8;0;8;0;A01
201300007102;0;7;0;0;2;2;15;A01
201300007102;0;7;0;0;2;1;1;B02
201300007103;0;14;0;2;0;2;13;A01
201300007104;0;7;0;0;0;9;17;A01
201300007105;0;7;0;0;2;2;15;A01
201300007105;0;30;0;0;2;1;1;B02
201300007106;0;36;0;1;1;1;1;A01
201300007107;0;7;0;0;2;1;13;A01
201300007107;0;7;0;0;2;1;1;B02
201300007108;0;7;0;0;2;5;0;A01
201300007108;0;7;0;0;2;1;1;B02
201300007109;0;7;0;0;2;1;1;B02
201300007109;0;7;0;8;2;5;1;A01
201300007110;0;2;0;0;2;4;15;A01
201300007110;0;2;0;0;2;1;1;B02
201300007111;0;36;0;6;0;3;13;A01
201300007112;0;35;0;0;0;0;1;A01
201300007113;0;7;0;12;0;1;1;A01
201300007114;0;7;0;13;0;2;13;A01
201300007115;0;7;0;0;1;7;13;A01
201300007116;0;7;0;0;1;2;1;A01
201300007117;0;7;0;0;2;3;15;B02
201300007117;0;2;0;0;2;7;5;A01
201300007118;0;7;0;0;2;2;15;A01
201300007118;0;7;0;0;0;6;1;B02
201300007119;0;33;0;2;0;9;1;A01
201300007120;0;7;0;0;1;3;15;A01
201300007121;0;99;0;6;9;7;1;A01
201300007121;0;7;0;6;9;1;15;B02
201300007122;0;10;0;0;2;1;0;A01
201300007122;0;15;0;0;2;3;1;B02
201300007123;0;2;0;6;0;1;1;A01
201300007124;0;7;0;0;0;3;0;A01
201300007125;0;33;0;0;0;1;0;A01
201300007126;0;7;0;13;0;1;1;A01
201300007127;0;33;0;0;2;1;1;A01
201300007127;0;7;0;0;2;3;1;B02
201300007128;0;30;0;0;2;1;1;A01
201300007128;0;7;0;0;2;1;1;B02
201300007129;0;7;0;0;2;3;15;B02
201300007129;0;30;0;0;2;1;1;A01
201300007130;0;33;0;0;0;7;1;A01
201300007131;0;33;0;0;2;1;1;A01
201300007131;0;36;0;0;2;2;1;B02
201300007132;0;7;0;0;2;1;1;D04
201300007132;0;7;0;0;2;1;1;B02
201300007132;0;7;0;0;2;1;1;A01
201300007132;0;2;0;0;0;0;1;C03
201300007133;0;21;0;0;0;4;2;A01
201300007133;0;33;0;0;2;1;21;B02
201300007134;0;7;0;2;0;1;1;A01
201300007135;0;7;0;0;2;3;16;C03
201300007135;0;38;2;0;2;3;1;B02
201300007135;0;30;0;0;2;1;1;A01
201300007136;0;7;0;13;0;0;14;A01
201300007137;0;33;0;0;2;1;17;A01
201300007137;0;7;0;0;2;3;1;B02
201300007137;0;7;0;0;2;6;1;C03
201300007138;0;33;0;0;0;8;1;A01
201300007139;0;7;0;13;0;3;1;A01
201300007140;0;14;0;0;1;3;1;A01
201300007141;0;31;0;0;0;7;1;A01
201300007142;0;7;0;0;1;2;1;A01
201300007143;0;30;0;0;6;1;1;A01
201300007144;0;7;0;0;2;3;5;A01
201300007144;0;7;0;0;2;2;1;B02
201300007145;0;7;0;0;2;2;15;A01
201300007145;0;7;0;0;2;3;1;B02
201300007146;0;7;0;13;0;9;1;A01
201300007147;0;39;25;0;9;1;1;B02
201300007147;0;1;0;0;4;8;1;A01
201300007148;0;7;0;12;0;2;1;A01
201300007149;1;33;0;0;2;4;1;A01
201300007149;1;33;0;0;2;1;1;B02
201300007150;0;7;0;2;0;8;1;A01
201300007151;0;10;0;0;2;4;23;B02
201300007151;0;33;0;0;2;1;2;A01
201300007152;0;7;0;0;2;2;1;A01
201300007152;0;7;0;0;2;5;13;B02
201300007153;0;7;0;15;0;1;1;A01
201300007154;0;7;0;0;2;8;19;B02
201300007154;0;14;0;0;2;1;1;A01
201300007155;0;7;0;6;0;1;1;A01
201300007156;0;10;0;0;1;3;1;A01
201300007157;0;7;0;8;0;3;0;A01
201300007158;0;7;0;3;2;1;1;A01
201300007158;0;7;0;13;2;3;1;B02
201300007158;0;7;0;0;2;3;1;C03
201300007158;0;7;0;0;2;7;1;D04
201300007159;0;7;0;0;1;1;1;A01
201300007160;0;7;0;0;2;1;1;B02
201300007160;0;7;0;0;2;1;13;A01
201300007161;0;33;0;0;2;1;17;A01
201300007161;0;33;0;0;2;4;17;B02
201300007162;0;30;0;0;2;3;19;A01
201300007162;0;7;0;0;2;5;1;B02
201300007163;0;7;0;6;0;1;0;A01
201300007164;0;7;0;0;2;6;19;A01
201300007164;0;1;0;0;2;1;1;B02
201300007165;0;7;0;2;0;7;1;A01
201300007166;0;30;0;0;1;1;1;A01
201300007167;0;7;0;2;0;9;1;A01
201300007168;0;33;0;0;2;1;1;B02
201300007168;0;7;0;0;2;2;9;A01
201300007169;0;7;0;3;2;1;21;B02
201300007169;0;7;0;0;2;1;13;A01
201300007170;0;7;0;0;2;1;1;B02
201300007170;0;7;0;0;0;1;13;A01
201300007171;0;10;0;0;1;2;1;A01
201300007172;0;7;0;0;2;1;2;A01
201300007172;0;1;0;0;0;4;2;B02
201300007173;0;7;0;2;0;8;1;A01
201300007174;0;7;0;0;2;3;15;A01
201300007174;0;33;0;0;2;1;1;B02
201300007175;0;7;0;0;2;1;1;B02
201300007175;0;7;0;0;2;1;17;A01
201300007176;0;30;0;0;0;7;16;B02
201300007176;0;30;0;0;2;1;2;A01
201300007177;0;7;0;0;6;4;23;A01
201300007177;0;33;0;0;2;1;0;B02
201300007178;0;7;0;0;2;3;1;C03
201300007178;0;10;0;0;2;1;2;B02
201300007178;0;7;0;0;2;3;1;A01
201300007179;0;7;0;0;1;2;1;A01
201300007180;0;30;0;0;2;1;1;A01
201300007180;0;10;0;0;2;7;16;B02
201300007181;0;7;0;0;2;2;15;B02
201300007181;0;30;0;0;2;1;0;A01
201300007182;0;33;0;13;0;8;17;A01
201300007183;0;7;0;7;0;1;19;A01
201300007184;0;33;0;2;0;1;1;A01
201300007185;0;7;0;6;0;1;1;A01
201300007186;0;15;0;0;2;5;1;A01
201300007186;0;21;0;0;2;1;16;B02
201300007187;0;14;0;0;0;3;19;A01
201300007187;0;7;0;0;2;2;1;B02
201300007188;0;7;0;0;0;2;1;A01
201300007189;0;1;0;0;0;4;2;B02
201300007189;0;7;0;0;9;1;2;A01
201300007190;0;10;0;0;2;2;0;B02
201300007190;0;10;0;0;2;1;0;A01
201300007191;0;30;0;0;2;4;1;B02
201300007191;0;7;0;0;2;3;19;A01
201300007192;0;10;0;2;0;1;1;A01
201300007193;0;10;0;2;0;3;13;A01
201300007194;0;7;0;0;2;2;1;B02
201300007194;0;7;0;0;2;3;15;A01
201300007195;0;10;0;0;1;2;1;A01
201300007196;0;7;0;0;0;3;13;A01
201300007196;0;7;0;0;2;3;1;B02
201300007197;0;7;0;0;2;1;1;A01
201300007197;0;33;0;0;2;1;13;B02
201300007198;0;31;0;0;0;1;1;A01
201300007199;0;7;0;13;0;1;13;A01
201300007200;0;7;0;0;2;5;10;A01
201300007200;0;33;0;0;2;1;2;B02
201300007201;0;7;0;0;2;5;0;A01
201300007201;0;7;0;0;2;2;1;B02
201300007202;0;7;0;1;0;2;1;A01
201300007203;0;7;0;2;0;1;15;A01
201300007204;0;7;0;0;0;3;1;A01
201300007204;0;1;0;0;2;0;15;B02
201300007205;0;7;0;0;2;8;1;A01
201300007205;0;7;0;0;2;8;1;B02
201300007206;0;7;0;0;2;1;1;B02
201300007206;0;15;0;0;0;6;13;A01
201300007207;0;2;0;0;2;3;1;A01
201300007207;0;7;0;0;2;3;1;B02
201300007208;0;7;0;0;2;1;21;B02
201300007208;0;33;0;0;2;1;13;A01
201300007209;0;7;0;0;2;2;5;A01
201300007209;0;33;0;0;2;1;1;B02
201300007210;0;7;0;0;2;1;17;A01
201300007210;0;7;0;0;2;8;15;B02
201300007211;0;1;0;0;2;1;1;B02
201300007211;0;7;0;0;2;2;13;A01
201300007212;0;10;0;0;2;1;1;B02
201300007212;0;7;0;0;2;1;13;A01
201300007213;0;7;0;0;2;1;1;A01
201300007213;0;7;0;0;2;1;1;B02
201300007214;0;7;0;2;0;8;0;A01
201300007215;0;7;0;16;0;0;1;A01
201300007216;0;7;0;2;0;4;1;A01
201300007217;0;14;0;0;2;3;1;B02
201300007217;0;7;0;0;2;1;13;A01
201300007218;0;7;0;0;2;7;9;A01
201300007218;0;7;0;0;2;3;1;B02
201300007219;0;7;0;13;0;2;1;A01
201300007220;0;7;0;8;0;0;1;A01
201300007221;0;7;0;0;2;7;17;A01
201300007221;0;7;0;0;2;3;1;B02
201300007222;0;21;0;3;0;1;13;A01
201300007223;0;33;0;0;0;2;17;A01
201300007224;0;7;0;2;0;1;0;A01
201300007225;0;31;0;15;0;8;1;A01
201300007226;0;7;0;3;0;1;1;A01
201300007227;0;7;0;2;0;2;1;A01
201300007228;0;7;0;0;2;1;13;A01
201300007228;0;7;0;0;2;7;1;B02
201300007229;0;7;0;0;2;8;1;A01
201300007229;0;33;0;0;2;8;1;B02
201300007230;0;7;0;0;2;2;1;A01
201300007230;0;2;0;0;2;1;1;B02
201300007231;0;7;0;0;2;7;15;A01
201300007231;0;31;0;0;2;1;1;B02
201300007232;1;10;0;0;1;1;1;A01
201300007233;0;10;0;0;2;1;13;A01
201300007233;0;7;0;0;2;1;1;B02
201300007234;0;14;0;2;0;1;1;A01
201300007235;0;7;0;13;0;2;1;A01
201300007236;0;33;0;0;6;1;1;A01
201300007237;0;7;0;0;2;8;2;A01
201300007237;0;32;0;0;2;2;2;B02
201300007238;0;10;0;0;5;1;1;A01
201300007239;0;33;0;0;2;8;1;B02
201300007239;0;7;0;0;2;8;15;A01
201300007240;0;7;0;0;2;1;13;A01
201300007240;0;7;0;0;2;1;1;B02
201300007241;0;7;0;2;0;1;1;A01
201300007242;0;7;0;0;2;1;5;A01
201300007242;0;7;0;0;2;1;1;B02
201300007243;0;7;0;13;0;1;1;A01
201300007244;0;7;0;0;2;1;1;A01
201300007244;0;7;0;0;2;3;13;B02
201300007245;0;33;0;13;0;1;14;A01
201300007246;0;7;0;0;2;1;13;A01
201300007246;0;7;0;0;2;1;1;B02
201300007247;0;7;0;0;2;1;1;B02
201300007247;0;7;0;0;2;1;13;A01
201300007248;0;17;0;10;0;1;13;A01
201300007249;0;7;0;4;2;1;17;A01
201300007249;0;7;0;0;2;1;1;B02
201300007250;0;15;0;6;2;1;1;A01
201300007251;0;7;0;0;1;3;1;A01
201300007252;0;7;0;2;0;1;1;A01
201300007253;0;7;0;0;1;2;1;A01
201300007254;0;7;0;0;1;2;2;A01
201300007255;0;7;0;2;0;1;1;A01
201300007256;0;7;0;0;2;1;5;B02
201300007256;0;2;0;0;2;1;1;A01
201300007257;0;33;0;0;2;1;13;A01
201300007257;0;14;0;0;2;1;1;B02
201300007258;0;33;0;2;0;1;1;A01
201300007259;0;7;0;5;0;1;1;A01
201300007260;0;7;0;0;1;1;2;A01
201300007261;0;7;0;0;2;3;0;A01
201300007261;0;7;0;0;2;3;0;B02
201300007262;0;13;0;0;2;3;1;B02
201300007262;0;14;0;0;2;7;13;A01
201300007263;0;7;0;0;2;1;1;B02
201300007263;0;33;0;0;2;1;17;A01
201300007263;0;7;0;0;2;8;1;C03
201300007264;0;10;0;0;2;3;13;A01
201300007264;0;7;0;0;2;3;1;B02
201300007265;0;33;0;0;2;1;1;B02
201300007265;0;7;0;0;2;1;5;A01
201300007266;0;7;0;13;0;8;1;A01
201300007267;0;7;0;16;0;1;16;A01
201300007268;0;2;0;0;2;1;13;A01
201300007268;0;7;0;0;2;3;1;B02
201300007269;0;7;0;0;2;1;21;B02
201300007269;0;32;0;0;2;1;13;A01
201300007270;0;10;0;0;1;6;4;A01
201300007271;0;7;0;0;2;3;15;A01
201300007271;0;7;0;0;2;2;1;B02
201300007272;0;7;0;0;0;0;2;A01
201300007273;0;7;0;16;0;9;1;A01
201300007274;0;7;0;10;0;2;15;A01
201300007274;0;2;0;0;0;1;1;B02
201300007275;0;31;0;1;0;1;1;A01
201300007276;0;33;0;0;2;1;1;B02
201300007276;0;7;0;0;2;3;15;A01
201300007277;0;7;0;0;9;2;1;A01
201300007277;0;1;0;0;0;4;0;B02
201300007278;0;7;0;0;1;2;21;A01
201300007279;0;7;0;0;2;2;13;A01
201300007279;0;7;0;0;2;3;1;B02
201300007280;0;7;0;0;2;8;1;A01
201300007280;0;7;0;0;2;6;1;B02
201300007281;0;37;1;0;0;2;1;B02
201300007281;0;30;0;0;0;1;16;A01
201300007282;0;7;0;0;2;1;1;B02
201300007282;0;7;0;0;2;1;13;A01
201300007282;0;7;0;0;2;1;2;C03
201300007283;0;7;0;0;1;2;1;A01
201300007284;0;7;0;0;2;3;13;A01
201300007284;0;7;0;0;2;3;1;B02
201300007285;0;17;0;0;2;3;1;A01
201300007285;0;10;0;0;2;3;13;B02
201300007286;0;7;0;0;2;3;15;B02
201300007286;0;33;0;0;2;7;17;A01
201300007287;0;7;0;0;0;8;15;B02
201300007287;0;7;0;0;2;1;17;A01
201300007288;0;7;0;0;2;8;13;A01
201300007288;0;14;0;0;2;8;1;B02
201300007289;0;7;0;0;2;1;13;A01
201300007289;0;7;0;0;2;1;1;B02
201300007290;0;7;0;0;2;7;13;A01
201300007290;0;7;0;0;2;1;1;B02
201300007291;0;30;0;6;0;1;0;A01
201300007292;0;7;0;2;0;1;13;A01
201300007293;0;7;0;0;2;1;13;B02
201300007293;0;7;0;0;2;1;1;A01
201300007294;0;7;0;0;0;0;1;A01
201300007295;0;7;0;0;2;1;1;B02
201300007295;0;7;0;0;2;7;13;A01
201300007296;0;10;0;0;2;8;15;B02
201300007296;0;33;0;0;2;3;1;A01
201300007297;0;7;0;13;0;9;1;A01
201300007298;0;30;0;0;2;1;1;B02
201300007298;0;7;0;0;2;3;10;A01
201300007299;0;7;0;16;0;9;1;A01
201300007300;0;7;0;0;2;2;13;A01
201300007300;0;7;0;0;2;3;14;C03
201300007300;0;7;0;0;2;1;11;B02
201300007301;0;7;0;0;2;3;1;A01
201300007301;0;7;0;0;2;3;1;B02
201300007302;0;30;0;0;0;1;1;B02
201300007302;0;31;0;0;0;3;19;A01
201300007303;0;10;0;0;2;3;1;B02
201300007303;0;10;0;0;2;3;1;A01
201300007304;0;14;0;0;2;2;1;B02
201300007304;0;7;0;0;2;8;9;A01
201300007305;0;7;0;4;0;2;0;A01
201300007306;0;7;0;0;1;1;1;A01
201300007307;0;10;0;0;2;2;1;B02
201300007307;0;7;0;0;2;4;13;A01
201300007308;0;7;0;0;2;1;13;A01
201300007308;0;7;0;0;2;1;1;B02
201300007309;0;33;0;13;0;7;1;A01
201300007310;0;30;0;0;0;0;14;A01
201300007311;0;7;0;0;2;7;1;A01
201300007311;0;1;0;0;2;5;1;B02
201300007312;0;7;0;0;2;1;9;A01
201300007312;0;7;0;0;0;3;0;B02
201300007313;0;7;0;0;2;1;1;A01
201300007313;0;15;0;0;2;3;1;B02
201300007314;0;33;0;0;2;1;17;A01
201300007314;0;7;0;0;0;8;15;B02
201300007315;0;7;0;0;2;8;1;B02
201300007315;0;33;0;0;2;3;13;A01
201300007316;0;7;0;0;2;1;1;B02
201300007316;0;7;0;0;2;7;19;A01
201300007317;0;7;0;0;2;1;1;C03
201300007317;0;7;0;0;2;1;1;A01
201300007317;0;7;0;0;2;1;1;B02
201300007318;1;7;0;3;0;1;1;A01
201300007319;0;33;0;0;0;1;1;B02
201300007319;0;7;0;0;0;3;17;A01
201300007320;0;1;0;0;2;1;0;B02
201300007320;0;1;0;0;0;4;0;A01
201300007321;0;7;0;6;0;2;11;A01
201300007322;0;10;0;0;2;2;1;B02
201300007322;0;7;0;0;2;3;1;A01
201300007323;0;7;0;0;2;3;1;B02
201300007323;0;14;0;0;2;6;13;A01
201300007324;0;1;0;0;2;2;2;B02
201300007324;0;14;0;0;9;5;4;A01
201300007325;0;32;0;0;2;7;17;B02
201300007325;0;7;0;0;0;8;15;A01
201300007326;0;33;0;3;0;1;1;A01
201300007327;0;7;0;0;2;3;15;B02
201300007327;0;31;0;0;2;2;17;A01
201300007328;0;7;0;0;0;1;2;A01
201300007329;0;7;0;0;1;7;14;A01
201300007330;0;14;0;0;0;7;1;B02
201300007330;0;31;0;0;2;1;9;A01
201300007331;0;7;0;0;1;2;1;A01
201300007332;0;7;0;0;2;1;0;B02
201300007332;0;7;0;0;2;7;0;A01
201300007333;0;33;0;0;2;2;17;A01
201300007333;0;7;0;0;2;6;11;B01
201300007334;0;7;0;12;1;8;9;A01
201300007335;0;7;0;0;1;1;2;A01
201300007336;0;7;0;0;2;1;2;A01
201300007336;0;2;0;0;2;7;2;B01
201300007337;0;7;0;0;2;2;15;A01
201300007337;0;30;0;0;2;1;1;B01
201300007338;0;7;0;0;2;2;15;A01
201300007338;0;7;0;0;2;3;2;B01
201300007339;0;7;0;13;0;1;1;A01
201300007340;0;7;0;0;2;3;13;A01
201300007340;0;7;0;0;2;3;1;B02
201300007341;0;7;0;13;0;9;1;A01
201300007342;0;7;0;0;0;9;21;A01
201300007343;0;7;0;0;1;1;0;A01
201300007344;0;7;0;0;1;2;16;A01
201300007345;0;7;0;0;2;1;1;B02
201300007345;0;7;0;0;2;2;19;A01
201300007346;0;7;0;0;0;2;1;A01
201300007347;0;7;0;0;2;2;1;B02
201300007347;0;7;0;0;2;1;13;A01
201300007347;0;7;0;0;2;2;2;C03
201300007348;0;7;0;0;2;3;13;A01
201300007348;0;7;0;0;2;3;1;B02
201300007349;0;7;0;0;2;3;1;A01
201300007349;0;7;0;0;2;3;1;B02
201300007350;0;2;0;0;2;1;1;B02
201300007350;0;7;0;0;0;2;15;A01
201300007351;0;7;0;0;2;7;0;B02
201300007351;0;7;0;0;2;3;13;A01
201300007352;0;7;0;0;2;7;13;A01
201300007352;0;7;0;0;2;1;1;B02
201300007353;0;7;0;0;2;3;1;A01
201300007353;0;7;0;0;2;1;1;B02
201300007354;0;7;0;0;2;3;1;B02
201300007354;0;7;0;0;2;3;13;A01