num_acc;senc;catv;occutc;obs;obsm;choc;manv;num_veh
201300007355;0;2;0;0;2;0;21;A01
201300007355;0;7;0;0;2;0;1;B02
201300007356;0;7;0;0;2;3;13;A01
201300007356;0;17;0;0;2;3;1;B02
201300007357;0;7;0;0;2;3;13;A01
201300007357;0;7;0;0;2;3;1;B02
201300007358;0;14;0;0;2;3;1;B02
201300007358;0;7;0;0;2;3;13;A01
201300007359;0;14;0;0;2;3;1;C03
201300007359;0;16;0;0;0;0;1;B02
201300007359;0;7;0;0;2;1;9;A01
201300007360;0;7;0;0;2;3;1;B02
201300007360;0;7;0;0;2;3;13;A01
201300007361;0;7;0;5;0;9;1;A01
201300007362;0;1;0;0;2;8;11;B02
201300007362;0;7;0;0;2;1;2;A01
201300007363;0;2;0;0;0;7;1;A01
201300007364;0;33;0;0;0;4;1;A01
201300007365;0;7;0;0;2;3;5;A01
201300007365;0;10;0;0;2;1;0;B02
201300007366;0;33;0;0;2;7;17;A01
201300007367;0;17;0;1;1;2;1;A01
201300007368;0;10;0;0;2;7;17;B02
201300007368;0;30;0;0;2;8;15;A01
201300007369;0;7;0;3;2;3;1;B02
201300007369;0;7;0;0;2;3;13;A01
201300007370;0;7;0;0;1;1;1;A01
201300007371;0;7;0;0;2;1;1;F06
201300007371;0;7;0;0;0;0;0;A01
201300007371;0;7;0;0;2;1;1;D04
201300007371;0;14;0;0;2;3;11;B02
201300007371;0;7;0;0;2;5;1;E05
201300007371;0;7;0;0;2;3;1;C03
201300007371;0;7;0;0;2;1;0;G07
201300007371;0;7;0;0;2;0;0;H08
201300007372;0;31;0;0;2;7;1;B02
201300007372;0;7;0;0;2;3;9;A01
201300007373;0;1;0;0;0;4;1;B02
201300007373;0;10;0;0;9;1;1;A01
201300007374;0;7;0;0;2;3;9;A01
201300007374;0;31;0;0;2;1;1;B02
201300007375;0;7;0;0;9;2;2;A01
201300007375;0;1;0;0;2;4;2;B02
201300007376;0;7;0;0;4;6;6;A01
201300007376;0;39;45;0;4;1;1;B02
201300007377;0;7;0;1;1;3;17;A01
201300007377;0;7;0;0;2;3;1;B02
201300007377;0;7;0;0;2;2;1;C03
201300007378;0;33;0;0;0;0;1;A01
201300007378;0;1;0;0;0;0;1;B02
201300007379;0;7;0;3;0;2;1;A01
201300007380;0;7;0;0;2;8;1;B02
201300007380;0;30;0;0;2;1;1;A01
201300007381;0;7;0;0;2;1;1;B02
201300007381;0;7;0;0;2;7;13;A01
201300007382;0;10;0;2;0;8;2;A01
201300007383;0;14;0;0;2;8;0;B02
201300007383;0;7;0;0;2;3;1;A01
201300007384;0;2;0;0;2;1;1;B02
201300007384;0;7;0;0;2;2;15;A01
201300007385;0;17;0;16;0;9;2;A01
201300007386;0;30;0;0;2;1;2;A01
201300007386;0;7;0;0;2;4;15;B02
201300007387;0;10;0;0;0;1;14;A01
201300007388;0;7;0;0;2;7;13;A01
201300007388;0;7;0;0;2;1;1;B02
201300007388;0;17;0;0;2;6;1;C03
201300007389;0;1;0;0;2;7;1;B02
201300007389;0;1;0;0;2;7;1;C03
201300007389;0;10;0;0;9;1;15;A01
201300007390;0;7;0;0;2;1;13;A01
201300007390;0;7;0;0;2;3;1;B02
201300007391;0;15;0;0;1;2;1;A01
201300007392;0;7;0;2;0;7;0;A01
201300007393;0;7;0;0;0;0;1;A01
201300007394;0;7;0;2;0;8;1;A01
201300007395;0;36;0;0;0;0;1;A01
201300007396;1;7;0;;2;5;16;A01
201300007396;0;1;0;0;2;1;1;B02
201300007397;0;1;0;0;2;8;2;B02
201300007397;0;7;0;0;9;7;16;A01
201300007397;0;1;0;0;2;1;2;C03
201300007398;0;33;0;12;0;1;1;A01
201300007399;0;7;0;0;2;2;13;A01
201300007399;0;7;0;0;2;2;1;B02
201300007400;0;7;0;0;2;1;5;A01
201300007400;0;7;0;0;2;1;1;B02
201300007401;0;7;0;13;0;1;1;A01
201300007402;0;7;0;;2;1;15;A01
201300007402;0;15;0;;2;1;1;A02
201300007403;0;7;0;0;2;1;1;B02
201300007403;0;7;0;0;2;1;13;A01
201300007404;0;30;0;0;1;1;1;A01
201300007405;0;10;0;6;1;7;1;A01
201300007406;0;7;0;0;0;9;1;A01
201300007407;0;7;0;0;2;3;13;A01
201300007407;0;14;0;0;2;3;1;B02
201300007408;0;7;0;2;0;1;0;A01
201300007409;0;7;0;2;0;1;1;A01
201300007410;0;7;0;0;1;2;15;A01
201300007411;0;33;0;0;2;1;13;A01
201300007411;0;3;0;0;0;8;15;B02
201300007412;0;7;0;0;2;1;2;A01
201300007412;0;7;0;0;2;4;2;B02
201300007412;0;7;0;0;2;4;2;C03
201300007412;0;7;0;0;2;4;2;D04
201300007413;0;7;0;0;0;1;0;A01
201300007414;0;7;0;2;0;1;1;A01
201300007415;0;31;0;0;2;0;2;A01
201300007416;0;33;0;0;2;7;1;A01
201300007416;0;7;0;0;2;8;9;B02
201300007417;0;7;0;13;0;2;1;A01
201300007418;0;14;0;0;9;2;1;A01
201300007418;0;1;0;0;2;1;1;B02
201300007419;0;7;0;0;2;2;15;A01
201300007419;0;33;0;0;2;1;1;B02
201300007420;0;7;0;6;0;1;1;A01
201300007421;0;1;0;0;0;0;16;A01
201300007422;0;33;0;0;2;6;1;A01
201300007422;0;7;0;0;2;6;15;B02
201300007423;0;7;0;0;1;1;1;A01
201300007424;0;14;0;0;2;8;1;B02
201300007424;0;7;0;0;2;3;1;A01
201300007425;0;10;0;0;2;3;19;A01
201300007425;0;2;0;0;2;1;1;B02
201300007426;0;7;0;0;0;8;15;A01
201300007426;0;14;0;0;2;2;1;B02
201300007427;0;33;0;0;0;3;1;A01
201300007428;0;7;0;0;2;1;13;A01
201300007428;0;7;0;0;2;1;1;B02
201300007429;0;7;0;0;1;8;1;A01
201300007430;0;7;0;0;0;0;1;A01
201300007430;0;1;0;0;2;1;13;B02
201300007430;0;10;0;0;2;3;1;C03
201300007431;0;33;0;16;0;1;1;A01
201300007432;0;7;0;0;0;7;15;A01
201300007432;0;33;0;0;2;1;1;B02
201300007433;0;33;0;6;0;7;1;A01
201300007434;0;7;0;2;0;1;1;A01
201300007435;0;10;0;0;0;7;0;B02
201300007435;0;7;0;0;2;1;2;C03
201300007435;0;7;0;4;2;2;2;A01
201300007436;0;10;0;0;2;1;1;D04
201300007436;0;7;0;0;2;1;1;B02
201300007436;0;7;0;0;2;1;5;A01
201300007436;0;7;0;0;2;1;1;C03
201300007437;0;15;0;0;2;1;1;B02
201300007437;0;15;0;0;0;4;1;A01
201300007438;0;7;0;13;0;9;1;A01
201300007439;0;33;0;0;2;1;21;A01
201300007440;0;10;0;13;0;1;1;A01
201300007441;0;7;0;0;2;4;2;A01
201300007441;0;7;0;0;2;4;2;B02
201300007441;0;7;0;0;2;1;2;C03
201300007441;0;7;0;0;2;1;2;D04
201300007442;0;7;0;4;0;3;13;A01
201300007443;0;37;0;0;2;8;1;B02
201300007443;0;7;0;4;2;3;11;A01
201300007444;0;7;0;0;2;8;13;A01
201300007444;0;7;0;0;2;9;1;B02
201300007445;0;7;0;0;2;2;2;A01
201300007445;0;17;0;0;2;6;1;B02
201300007446;0;7;0;0;2;9;14;A01
201300007446;0;17;0;0;2;5;1;B02
201300007447;0;7;0;0;2;6;17;A01
201300007447;0;33;0;0;2;7;21;B02
201300007448;0;17;0;0;2;4;23;B02
201300007448;0;7;0;4;0;4;23;A01
201300007448;0;17;0;14;0;1;1;C03
201300007449;0;7;0;0;6;1;21;A01
201300007449;0;7;0;0;6;1;1;B02
201300007450;0;7;0;0;0;4;2;B02
201300007450;0;7;0;14;0;1;1;D04
201300007450;0;15;0;0;0;4;0;F06
201300007450;0;7;0;14;0;1;1;C03
201300007450;0;7;0;14;0;1;21;E05
201300007450;0;15;0;14;0;1;2;A01
201300007451;0;7;0;13;0;1;14;A01
201300007452;0;7;0;0;2;1;0;A01
201300007452;0;7;0;0;0;4;0;B02
201300007453;0;10;0;0;0;6;1;A01
201300007453;0;10;0;0;2;1;1;B02
201300007453;0;10;0;14;0;1;1;C03
201300007453;0;10;0;14;0;1;0;D04
201300007454;0;17;0;0;0;1;2;A01
201300007454;0;17;0;0;0;4;2;B02
201300007455;0;7;0;0;2;1;14;A01
201300007455;0;17;0;0;2;6;1;B02
201300007456;0;7;0;4;0;3;1;A01
201300007457;0;7;0;0;0;2;1;A01
201300007458;0;7;0;0;0;4;1;A01
201300007458;0;7;0;0;2;1;14;B02
201300007459;0;7;0;0;1;3;1;A01
201300007460;0;7;0;0;1;3;1;A01
201300007461;0;7;0;0;2;3;17;A01
201300007461;0;7;0;0;2;3;21;B02
201300007461;0;17;0;0;2;3;21;C03
201300007462;0;7;0;13;0;1;1;A01
201300007463;0;7;0;0;0;1;13;A01
201300007463;0;10;0;0;0;6;1;B02
201300007463;0;7;0;0;2;3;1;C03
201300007464;0;10;0;0;0;5;15;A01
201300007464;0;33;0;0;2;1;1;B02
201300007465;0;30;0;0;2;8;0;B02
201300007465;0;7;0;0;2;1;19;A01
201300007466;0;7;0;0;2;7;19;A01
201300007466;0;7;0;0;2;1;19;B02
201300007467;0;7;0;2;0;7;13;A01
201300007468;0;10;0;0;0;7;0;B02
201300007468;0;7;0;0;2;1;19;A01
201300007469;0;33;0;0;2;1;2;A01
201300007469;0;7;0;0;0;4;23;B02
201300007470;0;10;0;0;2;5;15;A01
201300007470;0;2;0;0;2;1;0;B02
201300007471;0;7;0;0;2;6;10;A01
201300007471;0;33;0;0;2;1;1;B02
201300007472;0;7;0;0;2;3;13;A01
201300007472;0;7;0;0;2;3;1;B02
201300007473;0;7;0;13;0;3;0;A01
201300007474;2;7;0;9;1;2;0;A01
201300007475;0;7;0;0;2;2;17;A01
201300007475;0;1;0;0;2;3;1;B02
201300007476;0;38;1;0;1;6;1;A01
201300007477;0;31;0;14;0;8;0;A01
201300007478;0;7;0;0;2;2;2;A01
201300007478;0;7;0;0;0;8;15;B02
201300007479;0;7;0;0;1;2;15;A01
201300007480;0;1;0;0;2;1;1;B02
201300007480;0;7;0;0;2;7;19;A01
201300007481;0;7;0;0;2;7;15;A01
201300007481;0;7;0;0;2;1;1;B02
201300007481;0;7;0;0;2;3;23;C03
201300007481;0;7;0;0;2;3;1;D04
201300007482;0;3;0;0;2;1;0;A01
201300007482;0;1;0;0;2;8;15;B02
201300007483;0;7;0;0;2;1;2;A01
201300007483;0;10;0;0;0;4;2;B02
201300007484;0;7;0;4;0;1;1;A01
201300007485;0;7;0;0;2;1;1;A01
201300007485;0;10;0;0;2;3;1;B02
201300007486;0;7;0;0;1;3;1;A01
201300007487;0;10;0;0;2;3;9;A01
201300007487;0;2;0;0;2;1;1;B02
201300007488;0;7;0;13;0;1;14;A01
201300007489;0;7;0;0;0;1;1;A01
201300007490;0;7;0;0;2;2;10;A01
201300007490;0;7;0;0;2;3;1;B02
201300007491;0;10;0;0;1;2;1;A01
201300007492;0;7;0;0;2;1;5;A01
201300007492;0;7;0;0;2;1;1;B02
201300007492;0;7;0;0;2;1;1;C03
201300007493;0;7;0;0;1;2;0;A01
201300007494;0;15;0;0;0;7;17;A01
201300007494;0;2;0;0;0;6;0;B02
201300007495;0;33;0;0;2;1;13;A01
201300007495;0;1;0;0;2;1;1;B02
201300007496;0;13;0;0;1;0;20;B02
201300007497;0;7;0;13;0;8;1;A01
201300007498;0;7;0;0;2;3;1;C03
201300007498;0;7;0;0;2;6;1;B02
201300007498;0;7;0;0;2;2;1;D04
201300007498;0;7;0;0;2;3;13;A01
201300007499;0;7;0;0;0;9;1;A01
201300007500;0;10;0;0;2;1;1;B02
201300007500;0;10;0;0;2;3;1;A01
201300007501;0;7;0;0;2;1;17;A01
201300007501;0;33;0;0;2;4;15;B02
201300007502;0;7;0;2;0;7;0;A01
201300007503;0;7;0;0;2;1;2;A01
201300007503;0;1;0;0;0;3;15;B02
201300007504;0;7;0;0;2;1;1;B02
201300007504;0;7;0;0;2;7;19;A01
201300007505;0;33;0;6;0;1;1;A01
201300007506;0;7;0;2;0;1;0;A01
201300007507;0;33;0;2;0;0;1;A01
201300007508;0;7;0;0;2;3;2;A01
201300007508;0;33;0;0;2;5;1;B02
201300007509;0;7;0;0;2;1;2;B02
201300007509;0;1;0;0;0;4;2;A01
201300007510;0;7;0;0;2;3;1;B02
201300007510;0;7;0;0;2;3;13;A01
201300007511;0;7;0;0;2;0;1;A01
201300007511;0;33;0;0;2;1;6;B02
201300007512;0;7;0;0;1;1;1;A01
201300007513;1;30;0;0;1;1;1;A01
201300007514;0;30;0;0;2;4;2;B02
201300007514;0;7;0;0;2;2;2;A01
201300007515;0;7;0;2;0;1;1;A01
201300007516;0;10;0;0;1;1;2;A01
201300007517;0;7;0;0;2;5;15;A01
201300007517;0;7;0;0;2;2;1;B02
201300007518;0;14;0;0;0;4;16;B02
201300007518;0;2;0;0;2;1;1;A01
201300007519;0;7;0;2;0;1;19;A01
201300007520;0;30;0;0;0;0;1;A01
201300007521;0;33;0;0;6;1;1;A01
201300007522;0;31;0;0;2;1;1;A01
201300007522;0;7;0;0;0;6;15;B02
201300007523;0;7;0;0;0;2;21;A01
201300007523;0;7;0;0;0;2;11;B02
201300007524;0;33;0;1;0;1;15;A01
201300007525;0;33;0;14;0;2;1;A01
201300007526;0;10;0;0;2;1;0;B02
201300007526;0;10;0;0;0;8;15;A01
201300007527;0;7;0;0;1;2;1;A01
201300007528;0;30;0;0;2;3;2;B02
201300007528;0;7;0;0;2;7;17;A01
201300007529;0;7;0;6;0;3;16;A01
201300007530;0;7;0;3;2;1;13;A01
201300007530;0;10;0;0;2;1;1;B02
201300007531;0;7;0;0;2;7;1;A01
201300007531;0;7;0;0;2;1;1;B02
201300007532;0;10;0;0;2;3;15;B02
201300007532;0;33;0;0;2;1;17;A01
201300007533;0;7;0;0;2;2;1;B02
201300007533;0;36;0;0;2;2;1;A01
201300007534;0;33;0;0;2;1;17;A01
201300007534;0;7;0;0;2;8;15;B02
201300007535;0;7;0;0;2;2;1;A01
201300007535;0;30;0;0;2;1;9;B02
201300007536;0;7;0;2;0;2;1;A01
201300007537;0;10;0;0;1;0;1;A01
201300007538;0;7;0;0;2;8;15;B02
201300007538;0;32;0;0;2;1;11;A01
201300007539;0;33;0;0;2;1;1;B02
201300007539;0;7;0;0;2;7;15;A01
201300007540;0;7;0;0;0;2;0;B02
201300007540;0;7;0;0;0;2;5;A01
201300007541;0;33;0;0;2;1;1;B02
201300007541;1;99;0;0;2;1;0;Z01
201300007542;0;7;0;0;2;2;1;A01
201300007542;0;3;0;0;0;6;1;B02
201300007543;0;7;0;0;2;3;1;A01
201300007543;0;7;0;0;2;2;19;B02
201300007544;0;10;0;0;2;6;15;B02
201300007544;0;33;0;0;2;1;1;A01
201300007545;0;7;0;0;2;4;1;B02
201300007545;0;7;0;0;2;1;1;A01
201300007546;0;7;0;0;0;1;1;A01
201300007547;0;7;0;0;2;3;1;B02
201300007547;0;7;0;0;2;3;13;A01
201300007548;0;7;0;0;0;3;19;A01
201300007548;0;10;0;0;2;2;1;B02
201300007549;0;34;0;10;2;7;17;A01
201300007549;0;7;0;0;2;6;15;B02
201300007550;0;7;0;0;2;1;16;A01
201300007550;0;2;0;0;2;7;1;B02
201300007551;0;10;0;0;2;1;1;B02
201300007551;0;21;0;0;2;4;1;A01
201300007552;0;7;0;0;2;4;0;C03
201300007552;0;7;0;0;2;9;0;B02
201300007552;0;7;0;0;2;1;1;A01
201300007553;0;7;0;2;0;1;1;A01
201300007554;0;7;0;2;0;3;1;A01
201300007555;0;7;0;2;0;1;1;A01
201300007556;0;32;0;0;2;6;18;A01
201300007556;0;7;0;0;2;2;16;B02
201300007557;0;7;0;0;2;3;1;D04
201300007557;0;7;0;0;2;0;1;B02
201300007557;0;7;0;0;2;3;13;A01
201300007558;0;7;0;2;0;3;1;A01
201300007559;0;7;0;0;2;1;13;A01
201300007559;0;33;0;0;2;1;1;B02
201300007560;0;7;0;0;2;1;13;A01
201300007560;0;7;0;3;2;3;1;B02
201300007561;0;14;0;16;0;1;1;A01
201300007562;0;14;0;0;2;5;1;B02
201300007562;0;7;0;0;2;3;1;A01
201300007563;0;7;0;2;0;2;1;A01
201300007564;0;7;0;13;0;1;1;A01
201300007565;0;33;0;0;5;1;1;A01
201300007566;0;7;0;0;2;1;5;B02
201300007566;0;15;0;0;2;2;1;A01
201300007567;0;7;0;6;0;1;1;A01
201300007568;0;7;0;0;2;4;23;B02
201300007568;0;33;0;0;2;1;2;A01
201300007568;0;33;0;0;2;1;1;C03
201300007569;0;7;0;0;9;2;1;A01
201300007569;0;1;0;0;2;8;19;B02
201300007570;0;7;0;2;0;8;14;A01
201300007571;0;7;0;0;2;1;13;A01
201300007571;0;7;0;0;2;1;1;B02
201300007572;0;7;0;1;1;1;14;A01
201300007573;0;7;0;0;2;3;1;B02
201300007573;0;7;0;0;2;3;13;A01
201300007574;0;10;0;0;1;1;0;A01
201300007575;0;15;0;3;2;1;19;A01
201300007575;0;7;0;14;0;1;1;C03
201300007575;0;7;0;0;2;3;1;B02
201300007576;0;10;0;0;2;1;1;B02
201300007576;0;10;0;0;0;3;9;A01
201300007577;0;10;0;0;0;3;1;A01
201300007577;0;3;0;0;0;3;15;B02
201300007578;0;10;0;0;2;2;2;A01
201300007578;0;10;0;0;2;6;2;B02
201300007579;0;31;0;13;0;1;15;A01
201300007580;0;7;0;2;0;2;0;A01
201300007581;0;7;0;0;1;5;4;A01
201300007582;0;10;0;0;0;2;1;A01
201300007583;0;7;0;0;2;1;1;C03
201300007583;0;2;0;0;2;1;17;A01
201300007583;0;7;0;0;2;3;1;B02
201300007584;0;7;0;0;2;1;1;B02
201300007584;0;7;0;0;2;2;15;A01
201300007585;0;7;0;2;0;1;1;A01
201300007586;0;7;0;0;2;3;1;A01
201300007586;0;30;0;0;2;1;5;B02
201300007587;0;7;0;2;0;3;13;A01
201300007588;0;7;0;13;0;3;13;A01
201300007589;0;30;0;0;1;7;21;A01
201300007590;0;10;0;0;2;1;1;B02
201300007590;0;10;0;0;2;7;13;A01
201300007591;0;2;0;0;2;1;17;B02
201300007591;0;7;0;0;2;3;15;A01
201300007592;0;7;0;0;2;1;1;B02
201300007592;0;33;0;0;2;1;13;A01
201300007593;0;33;0;10;0;1;1;A01
201300007594;0;7;0;13;2;1;1;B02
201300007594;0;7;0;7;2;1;15;A01
201300007595;0;33;0;13;0;1;1;A01
201300007596;0;7;0;0;9;2;17;A01
201300007596;0;1;0;0;2;4;1;B02
201300007597;0;17;0;0;2;1;1;B02
201300007597;0;10;0;0;2;1;1;A01
201300007598;0;7;0;3;0;1;1;A01
201300007599;0;7;0;0;0;3;1;B02
201300007599;0;7;0;0;2;1;15;A01
201300007600;0;33;0;0;2;3;1;B02
201300007600;0;7;0;0;2;2;10;A01
201300007601;0;33;0;0;0;0;1;A01
201300007602;0;7;0;13;0;8;1;A01
201300007603;0;33;0;3;0;8;1;A01
201300007604;0;30;0;0;2;1;13;A01
201300007604;0;7;0;0;2;3;1;B02
201300007605;0;7;0;0;2;3;13;A01
201300007605;0;30;0;0;2;1;1;B02
201300007606;0;30;0;0;2;2;17;A01
201300007606;0;7;0;0;2;8;15;B02
201300007607;0;33;0;0;2;1;1;B02
201300007607;0;7;0;0;2;5;15;A01
201300007608;0;31;0;15;0;1;1;A01
201300007609;0;33;0;0;2;1;1;B02
201300007609;0;7;0;0;2;2;15;A01
201300007610;0;7;0;0;2;7;1;A01
201300007610;0;7;0;0;2;2;19;B02
201300007611;0;31;0;0;2;1;1;B02
201300007611;1;7;0;0;2;1;5;A01
201300007612;0;33;0;0;2;1;17;A01
201300007612;0;7;0;0;0;6;15;B02
201300007613;0;7;0;0;9;2;1;A01
201300007613;0;1;0;0;2;8;19;B02
201300007614;0;7;0;0;2;3;1;B02
201300007614;0;7;0;0;2;3;13;A01
201300007615;0;7;0;0;2;8;2;B02
201300007615;0;7;0;0;2;3;2;C03
201300007615;0;30;0;0;2;1;17;A01
201300007616;0;7;0;0;2;1;15;B02
201300007616;0;31;0;0;2;7;1;A01
201300007617;0;7;0;0;1;3;1;A01
201300007618;0;7;0;5;0;1;13;A01
201300007619;0;33;0;0;2;1;1;B02
201300007619;0;7;0;0;2;2;10;A01
201300007620;0;31;0;0;2;2;2;A01
201300007620;0;7;0;0;2;6;15;B02
201300007621;0;7;0;0;2;1;1;B02
201300007621;0;7;0;0;2;1;13;A01
201300007622;0;7;0;0;1;3;1;A01
201300007623;0;7;0;0;9;2;11;A01
201300007623;0;30;0;0;0;1;1;B02
201300007624;0;7;0;0;2;3;1;B02
201300007624;0;31;0;0;2;1;13;A01
201300007625;0;7;0;0;1;3;1;A01
201300007626;0;33;0;0;2;9;1;D04
201300007626;0;7;0;0;2;3;1;B02
201300007626;0;7;0;0;2;8;1;A01
201300007626;0;33;0;0;2;9;13;C03
201300007627;0;7;0;0;0;1;1;A01
201300007628;0;15;0;0;0;0;1;B02
201300007628;0;33;0;11;2;1;17;A01
201300007629;0;7;0;0;2;1;17;A01
201300007629;0;10;0;0;2;1;21;B02
201300007630;0;10;0;14;0;1;1;A01
201300007631;0;30;0;0;1;1;11;A01
201300007632;0;7;0;0;2;3;13;A01
201300007632;0;7;0;0;2;3;1;B02
201300007633;0;7;0;0;2;3;21;B02
201300007633;0;7;0;0;2;2;13;A01
201300007634;0;7;0;0;2;3;15;A01
201300007634;0;7;0;0;2;2;1;B02
201300007634;0;7;0;0;2;3;23;C03
201300007635;1;7;0;0;1;5;2;A01
201300007636;0;7;0;0;2;1;17;A01
201300007636;0;7;0;0;2;8;15;B02
201300007637;0;33;0;0;2;1;17;A01
201300007637;0;7;0;0;2;3;1;B02
201300007638;0;7;0;0;2;1;1;B02
201300007638;0;15;0;0;0;7;19;A01
201300007639;0;7;0;0;0;9;1;A01
201300007640;0;10;0;6;0;1;6;A01
201300007641;0;7;0;0;1;0;0;A01
201300007642;0;7;0;0;2;1;1;B02
201300007642;0;31;0;0;2;2;19;A01
201300007643;0;7;0;3;0;1;17;A01
201300007644;0;1;0;0;2;4;0;B02
201300007644;0;1;0;0;2;1;0;C03
201300007645;0;7;0;0;2;3;2;A01
201300007645;0;7;0;0;2;7;17;B02
201300007646;0;1;0;0;2;4;1;B02
201300007646;0;10;0;0;9;1;16;A01
201300007647;0;14;0;0;2;3;2;A01
201300007647;0;14;0;0;2;1;11;B02
201300007647;0;14;0;0;2;3;0;C03
201300007648;0;34;0;0;2;2;17;B02
201300007648;0;10;0;0;2;8;15;A01
201300007649;0;3;0;0;0;0;0;A01
201300007650;1;7;0;0;1;7;1;A01
201300007651;0;7;0;13;0;1;19;A01
201300007652;0;7;0;0;2;3;19;A01
201300007652;0;33;0;0;2;8;1;B02
201300007653;0;7;0;0;2;1;13;A01
201300007653;0;14;0;0;2;1;1;B02
201300007654;0;7;0;0;2;7;15;A01
201300007654;0;30;0;0;2;1;1;B02
201300007655;0;10;0;0;2;3;19;A01
201300007655;0;10;0;0;2;3;1;B02
201300007656;0;10;0;0;2;1;1;B02
201300007656;0;10;0;0;2;7;13;A01
201300007657;0;1;0;0;2;1;1;A01
201300007657;0;14;0;0;2;6;19;B02
201300007658;0;15;0;0;2;2;2;A01
201300007658;0;1;0;0;0;4;15;B02
201300007659;0;10;0;0;0;5;15;A01
201300007659;0;33;0;0;0;1;1;B02
201300007660;0;7;0;13;0;9;14;A01
201300007661;0;7;0;0;2;6;13;A01
201300007661;0;7;0;0;2;2;1;B02
201300007662;0;33;0;0;2;1;13;A01
201300007662;0;7;0;0;2;3;1;B02
201300007663;0;7;0;0;2;1;1;A01
201300007663;0;7;0;0;2;4;1;B02
201300007663;0;7;0;0;2;4;1;C03
201300007664;0;33;0;16;0;1;1;A01
201300007665;0;7;0;0;2;3;10;A01
201300007665;0;33;0;0;2;1;1;B02
201300007666;0;7;0;0;2;1;13;A01
201300007666;0;7;0;0;2;1;1;B02
201300007667;0;7;0;0;2;3;1;A01
201300007667;0;7;0;0;2;2;1;B02
201300007668;0;1;0;0;1;1;1;A01
201300007668;0;1;0;0;1;1;1;B02
201300007668;0;1;0;0;1;1;1;C03
201300007669;0;7;0;0;2;2;13;A01
201300007669;0;33;0;0;2;1;1;B02
201300007669;0;33;0;0;2;1;1;C03
201300007670;0;7;0;0;0;1;13;A01
201300007670;0;7;0;0;0;1;1;B02
201300007671;0;7;0;2;0;1;14;A01
201300007672;0;7;0;0;2;7;13;A01
201300007672;0;7;0;0;2;1;1;B02
201300007673;0;7;0;0;0;9;11;A01
201300007674;0;7;0;0;1;1;0;A01
201300007675;0;7;0;8;0;3;1;A01
201300007676;0;7;0;2;0;8;19;A01
201300007677;0;33;0;7;0;1;1;A01
201300007678;0;7;0;0;2;1;1;A01
201300007678;0;7;0;0;2;8;15;B02
201300007679;0;7;0;0;2;1;19;A01
201300007679;0;31;0;0;2;1;21;B02
201300007680;0;33;0;0;2;7;17;A01
201300007680;0;20;0;0;2;8;1;B02
201300007681;0;33;0;8;0;1;1;A01
201300007682;0;7;0;8;0;1;0;A01
201300007683;0;7;0;15;0;1;1;A01
201300007684;0;7;0;0;2;1;1;A01
201300007684;0;7;0;0;2;1;1;B02
201300007685;0;7;0;14;0;4;0;A01
201300007686;0;7;0;13;0;2;1;A01
201300007687;0;7;0;13;0;9;1;A01
201300007688;0;7;0;0;0;0;1;A01
201300007689;0;7;0;8;0;1;1;A01
201300007690;0;33;0;3;0;9;1;A01
201300007691;0;33;0;3;0;2;0;A01
201300007692;0;7;0;0;2;3;15;A01
201300007692;0;33;0;0;2;2;1;B02
201300007693;0;33;0;0;2;1;13;A01
201300007693;0;7;0;0;2;3;1;B02
201300007694;0;33;0;0;2;1;13;A01
201300007694;0;7;0;0;2;2;1;B02
201300007695;0;33;0;0;2;1;0;A01
201300007695;0;10;0;0;0;3;0;B02
201300007696;0;7;0;0;2;3;1;B02
201300007696;0;33;0;0;2;3;1;A01
201300007697;0;7;0;0;1;6;20;A01
201300007698;0;7;0;1;1;2;1;A01
201300007698;0;7;0;1;0;2;24;B02
201300007699;0;33;0;13;0;1;1;A01
201300007700;0;7;0;0;2;1;1;A01
201300007700;0;10;0;0;2;4;2;B02
201300007701;0;33;0;0;2;1;1;A01
201300007701;0;7;0;0;2;1;1;B02
201300007702;0;33;0;13;0;9;13;A01
201300007703;0;33;0;13;0;9;13;A01
201300007704;0;7;0;6;0;2;1;A01
201300007705;0;7;0;13;0;2;16;A01
201300007706;0;33;0;0;2;8;13;A01
201300007706;0;7;0;0;9;1;1;B02
201300007707;0;33;0;4;0;7;0;A01
201300007708;0;37;0;6;1;5;15;A01
201300007709;0;33;0;0;0;0;15;A01
201300007710;0;7;0;16;0;0;16;A01
201300007711;0;33;0;0;2;8;17;A01
201300007711;0;7;0;0;2;3;1;B02
201300007712;0;7;0;0;2;8;1;A01
201300007712;0;7;0;0;2;1;1;B02
201300007713;0;7;0;0;2;1;5;A01
201300007713;0;7;0;0;2;1;1;B02
201300007714;0;10;0;0;2;3;13;A01
201300007714;0;7;0;0;2;1;1;B02
201300007715;0;10;0;0;2;1;15;A01
201300007715;0;33;0;0;2;1;1;B02
201300007716;0;7;0;0;2;2;19;A01
201300007716;0;7;0;0;2;1;1;B02
201300007717;0;7;0;0;2;3;1;A01
201300007717;0;7;0;8;2;8;1;B02
201300007718;0;7;0;2;0;1;14;A01
201300007719;0;33;0;2;0;1;13;A01
201300007720;0;7;0;0;1;7;1;A01
201300007721;0;38;1;0;2;2;1;B02
201300007721;0;7;0;0;2;7;21;A01
201300007722;0;7;0;0;2;8;13;A01
201300007722;0;7;0;0;2;8;1;B02