num_acc;senc;catv;occutc;obs;obsm;choc;manv;num_veh
201300007723;0;21;0;0;0;0;14;A01
201300007724;0;33;0;8;0;0;17;A01
201300007725;0;7;0;0;2;1;1;A01
201300007725;0;7;0;0;2;8;15;B02
201300007726;0;7;0;8;0;4;17;A01
201300007727;0;7;0;16;0;7;14;A01
201300007728;0;7;0;0;2;1;13;A01
201300007728;0;10;0;0;2;1;1;B02
201300007729;0;7;0;2;0;7;13;A01
201300007730;0;14;0;0;2;1;1;A01
201300007730;0;33;0;0;2;1;15;B02
201300007731;0;7;0;13;0;9;1;A01
201300007732;0;7;0;8;0;8;1;A01
201300007733;0;7;0;8;0;9;21;A01
201300007734;0;7;0;8;0;1;1;A01
201300007735;0;7;0;0;0;5;16;A01
201300007735;0;2;0;0;2;1;18;B02
201300007736;0;7;0;0;2;2;15;A01
201300007736;0;33;0;0;2;1;1;B02
201300007737;0;7;0;0;2;1;2;A01
201300007737;0;1;0;0;;4;1;B02
201300007738;0;7;0;13;0;1;1;A01
201300007739;0;17;0;13;0;3;1;A01
201300007740;0;7;0;2;0;9;0;A01
201300007741;0;33;0;0;2;1;1;A01
201300007741;0;7;0;15;;3;16;B02
201300007742;0;7;0;0;2;3;13;A01
201300007742;0;7;0;0;2;3;1;B02
201300007743;0;33;0;0;2;1;2;A01
201300007743;0;7;0;0;;6;2;B02
201300007744;0;10;0;0;2;2;15;A01
201300007744;0;31;0;0;2;1;1;B02
201300007745;0;33;0;0;2;1;1;A01
201300007745;0;7;0;0;;3;1;B02
201300007746;0;21;0;0;2;2;1;B02
201300007746;0;31;0;0;2;1;1;A01
201300007747;0;2;0;0;0;3;1;B02
201300007747;0;2;0;0;0;3;1;A01
201300007748;0;33;0;0;2;1;1;B02
201300007748;0;7;0;0;2;5;15;A01
201300007749;0;7;0;0;2;2;1;A01
201300007749;0;7;0;0;2;2;1;D04
201300007749;0;7;0;0;2;2;1;B02
201300007749;0;7;0;0;2;1;13;C03
201300007750;0;33;0;0;2;1;13;A01
201300007750;0;10;0;0;2;3;21;B02
201300007751;0;33;0;13;0;1;1;A01
201300007752;0;7;0;0;2;1;1;B02
201300007752;0;33;0;0;2;1;13;A01
201300007753;0;7;0;0;2;9;1;A01
201300007753;0;7;0;0;;8;1;B02
201300007754;0;10;0;0;2;0;5;A01
201300007754;0;7;0;0;;1;1;B02
201300007755;0;1;0;0;2;0;17;B02
201300007755;0;7;0;0;2;2;17;A01
201300007756;0;33;0;0;2;1;17;A01
201300007756;0;7;0;0;2;3;15;B02
201300007757;0;7;0;0;1;2;1;A01
201300007758;0;7;0;13;0;1;1;A01
201300007759;0;7;0;16;0;1;1;A01
201300007760;0;7;0;0;1;2;1;A01
201300007761;0;10;0;0;;3;1;B02
201300007761;0;33;0;0;2;1;13;A01
201300007762;0;7;0;6;0;3;13;A01
201300007763;0;33;0;0;2;8;10;A01
201300007763;0;33;0;0;;1;1;B02
201300007764;0;7;0;0;2;3;13;A01
201300007764;0;7;0;0;2;1;1;B02
201300007765;0;7;0;;;5;1;B02
201300007765;0;7;0;0;2;3;9;A01
201300007766;0;7;0;0;2;7;13;A01
201300007766;0;7;0;0;;3;1;B02
201300007767;0;7;0;3;2;3;13;A01
201300007767;0;15;0;0;;3;1;B02
201300007768;0;7;0;0;2;3;13;A01
201300007768;0;15;0;0;;3;1;B02
201300007769;0;7;0;13;0;3;1;A01
201300007770;0;7;0;0;2;2;21;B02
201300007770;0;7;0;0;2;1;13;A01
201300007771;0;7;0;0;2;3;17;A01
201300007771;0;7;0;0;2;3;1;B02
201300007772;0;7;0;0;1;2;14;A01
201300007773;0;7;0;0;0;5;23;A01
201300007773;0;7;0;0;2;1;1;B02
201300007774;0;7;0;0;;3;1;A01
201300007774;0;7;0;0;2;3;13;B02
201300007775;0;7;0;0;1;5;1;A01
201300007776;0;7;0;0;2;1;1;B02
201300007776;0;7;0;0;2;1;5;A01
201300007777;0;1;0;0;2;1;1;B02
201300007777;0;7;0;0;9;3;13;A01
201300007778;0;2;0;0;2;1;1;A01
201300007778;0;14;0;0;0;6;23;B02
201300007779;0;7;0;0;2;1;5;A01
201300007779;0;30;0;0;2;1;1;B02
201300007780;0;33;0;1;0;1;2;A01
201300007780;0;7;0;0;0;6;23;B02
201300007781;0;7;0;0;1;3;17;A01
201300007782;0;7;0;0;2;7;17;A01
201300007782;0;30;0;0;2;8;15;B02
201300007783;0;7;0;6;0;1;1;A01
201300007784;0;33;0;0;2;1;13;A01
201300007784;0;7;0;0;2;2;23;B02
201300007785;0;7;0;0;2;7;13;A01
201300007785;0;7;0;0;2;2;1;B02
201300007786;0;7;0;0;2;3;1;A01
201300007786;0;7;0;0;2;3;1;B02
201300007787;0;7;0;0;2;7;1;A01
201300007787;0;7;0;0;2;1;1;B02
201300007788;0;7;0;0;2;6;1;A01
201300007788;0;7;0;0;2;3;1;B02
201300007789;0;7;0;0;1;1;1;A01
201300007790;0;7;0;0;2;8;10;A01
201300007790;0;32;0;0;2;1;17;B02
201300007791;0;7;0;0;2;3;13;A01
201300007791;0;37;0;0;2;3;1;B02
201300007792;0;7;0;0;2;8;10;A01
201300007792;0;33;0;0;2;1;1;B02
201300007793;0;7;0;0;1;2;16;A01
201300007794;0;32;0;6;0;1;1;A01
201300007795;0;1;0;0;2;1;2;A01
201300007795;0;7;0;0;9;4;0;B02
201300007796;0;1;0;0;2;4;1;B02
201300007796;0;7;0;0;2;3;9;A01
201300007797;0;7;0;0;2;5;15;A01
201300007797;0;33;0;0;2;1;1;B02
201300007798;0;33;0;0;2;1;1;A01
201300007798;0;7;0;0;2;6;19;B02
201300007799;0;30;0;0;2;1;1;A01
201300007799;0;7;0;0;2;4;14;B02
201300007800;0;10;0;0;1;6;4;A01
201300007801;0;33;0;0;2;1;1;B02
201300007801;0;7;0;0;2;3;15;A01
201300007802;0;31;0;0;2;7;1;B02
201300007802;0;99;0;0;2;1;19;A01
201300007803;0;33;0;0;2;1;1;A01
201300007803;0;7;0;0;0;8;19;B02
201300007804;0;7;0;0;2;1;19;A01
201300007804;0;30;0;0;2;1;0;B02
201300007805;0;7;0;0;2;8;19;B02
201300007805;0;34;0;0;2;1;1;A01
201300007806;0;7;0;0;2;1;1;A01
201300007806;0;32;0;0;2;7;1;B02
201300007807;0;34;0;0;2;1;1;B02
201300007807;0;7;0;0;2;3;15;A01
201300007808;0;33;0;0;2;2;13;A01
201300007808;0;7;0;0;2;1;1;B02
201300007809;0;7;0;0;2;3;15;A01
201300007809;0;2;0;0;2;1;3;B02
201300007810;0;7;0;0;2;8;19;A01
201300007810;0;33;0;0;2;1;1;B02
201300007811;0;7;0;0;2;2;1;A01
201300007811;0;30;0;0;2;3;1;B02
201300007812;0;33;0;0;1;1;19;A01
201300007813;0;7;0;0;2;6;19;A01
201300007813;0;1;0;0;2;2;1;B02
201300007814;0;7;0;0;2;1;1;B02
201300007814;0;7;0;0;2;2;15;A01
201300007815;0;2;0;0;0;4;1;B02
201300007815;0;10;0;0;2;1;1;A01
201300007816;0;30;0;0;2;1;1;A01
201300007816;0;7;0;0;2;3;16;B02
201300007817;0;7;0;8;0;8;1;A01
201300007818;0;30;0;0;1;2;1;A01
201300007819;0;7;0;0;2;1;13;A01
201300007819;0;33;0;0;2;1;1;B02
201300007820;0;7;0;0;2;3;13;A01
201300007820;0;7;0;0;2;1;1;B02
201300007821;0;10;0;2;0;2;14;A01
201300007822;0;33;0;16;0;0;1;A01
201300007823;0;7;0;0;1;1;1;A01
201300007824;0;30;0;0;0;7;16;A01
201300007825;0;7;0;0;2;1;1;A01
201300007825;0;37;0;0;2;3;1;B02
201300007826;0;33;0;0;0;8;13;B02
201300007826;0;7;0;0;0;8;0;A01
201300007827;0;31;0;0;0;1;1;A01
201300007828;0;32;0;6;0;1;1;A01
201300007829;0;7;0;0;2;2;13;A01
201300007829;0;7;0;0;2;1;1;B02
201300007830;0;31;0;6;0;8;0;A01
201300007831;0;14;0;0;1;1;1;A01
201300007832;0;15;0;0;0;6;24;B02
201300007832;0;7;0;1;0;2;1;A01
201300007833;0;7;0;0;2;2;15;A01
201300007833;0;33;0;0;2;1;1;B02
201300007834;0;7;0;0;2;1;13;A01
201300007834;0;7;0;0;2;1;1;B02
201300007835;0;7;0;0;2;3;13;A01
201300007835;0;2;0;0;2;1;1;B02
201300007836;0;7;0;0;2;1;13;A01
201300007836;0;14;0;0;2;3;1;B02
201300007837;0;33;0;0;6;1;1;A01
201300007838;0;7;0;10;0;9;1;A01
201300007839;0;7;0;6;2;1;1;A01
201300007839;0;7;0;0;2;1;1;B02
201300007840;0;7;0;1;0;2;1;A01
201300007841;0;33;0;3;0;3;1;A01
201300007842;0;33;0;0;1;1;17;A01
201300007843;0;7;0;0;9;2;1;A01
201300007843;0;1;0;0;2;8;1;B02
201300007844;0;32;0;9;0;1;1;A01
201300007845;0;7;0;0;1;2;1;A01
201300007846;0;33;0;0;1;1;1;A01
201300007847;0;31;0;5;0;2;1;A01
201300007848;0;32;0;0;0;1;1;A01
201300007849;0;7;0;0;9;0;1;A01
201300007850;0;33;0;0;2;8;1;A01
201300007850;0;7;0;0;0;6;2;B02
201300007851;0;33;0;0;0;0;1;A01
201300007852;0;7;0;0;2;3;0;B02
201300007852;0;10;0;0;2;3;13;A01
201300007853;0;33;0;3;0;1;0;A01
201300007854;0;33;0;0;2;1;21;A01
201300007854;0;7;0;0;2;1;0;B02
201300007855;0;33;0;0;2;3;0;A01
201300007855;0;34;0;0;2;3;0;B02
201300007856;0;7;0;0;2;1;1;B02
201300007856;0;33;0;0;2;1;0;A01
201300007857;0;33;0;0;2;1;13;B02
201300007857;0;7;0;0;2;3;1;A01
201300007858;0;33;0;0;2;1;13;A01
201300007858;0;1;0;0;2;1;1;C03
201300007858;0;1;0;0;2;1;1;B02
201300007859;0;7;0;0;2;5;1;B02
201300007859;0;2;0;0;2;1;2;A01
201300007860;0;7;0;0;2;3;13;A01
201300007860;0;7;0;0;2;1;1;B02
201300007861;0;7;0;2;0;1;2;A01
201300007862;0;10;0;0;2;1;1;B02
201300007862;0;33;0;0;2;1;13;A01
201300007863;0;7;0;0;2;3;1;B02
201300007863;0;7;0;0;2;3;13;A01
201300007864;0;7;0;0;6;0;21;A01
201300007865;0;10;0;0;2;8;13;A01
201300007865;0;33;0;0;2;7;18;B02
201300007866;0;7;0;0;2;2;1;B02
201300007866;0;7;0;0;2;8;15;A01
201300007867;0;7;0;6;0;3;1;A01
201300007868;0;7;0;2;0;1;1;A01
201300007869;0;33;0;13;0;7;1;A01
201300007870;0;7;0;2;0;9;13;A01
201300007871;0;33;0;2;0;9;15;A01
201300007872;0;33;0;0;2;1;1;A01
201300007872;0;7;0;0;2;3;1;B02
201300007873;0;7;0;0;2;2;1;A01
201300007873;0;33;0;0;2;1;1;B02
201300007874;0;33;0;3;0;3;1;A01
201300007875;0;10;0;0;0;2;2;B02
201300007875;0;10;0;0;0;3;2;A01
201300007876;0;33;0;0;2;1;17;B02
201300007876;0;14;0;0;2;8;15;A01
201300007877;0;33;0;3;0;2;1;A01
201300007878;0;33;0;0;0;0;0;A01
201300007879;0;7;0;0;1;7;1;A01
201300007880;0;2;0;0;2;1;17;A01
201300007880;0;7;0;0;2;3;1;B02
201300007881;0;7;0;0;2;1;0;A01
201300007881;0;7;0;0;2;1;13;B02
201300007882;0;30;0;0;2;1;13;B02
201300007882;0;7;0;0;2;1;1;A01
201300007883;0;34;0;0;0;3;17;B02
201300007883;0;10;0;0;0;3;1;A01
201300007884;0;1;0;0;0;7;1;A01
201300007885;0;7;0;0;2;3;1;A01
201300007885;0;7;0;0;2;3;1;B02
201300007886;0;33;0;13;2;1;17;A01
201300007886;0;33;0;13;2;4;13;B02
201300007887;0;7;0;0;2;3;13;A01
201300007887;0;14;0;0;2;3;1;B02
201300007888;0;13;0;0;0;4;1;B02
201300007888;0;2;0;0;2;1;1;A01
201300007889;0;7;0;0;2;3;13;A01
201300007889;0;7;0;0;2;3;1;B02
201300007890;0;7;0;0;0;4;23;B02
201300007890;0;7;0;0;2;1;1;A01
201300007891;0;1;0;13;0;1;1;A01
201300007892;0;33;0;0;6;1;1;A01
201300007893;0;31;0;0;0;3;1;B02
201300007893;0;7;0;0;0;2;9;A01
201300007894;0;7;0;1;1;2;16;A01
201300007895;0;30;0;12;0;8;21;A01
201300007896;0;7;0;0;2;1;1;B02
201300007896;0;33;0;0;2;1;13;A01
201300007897;0;31;0;0;2;7;1;B02
201300007897;0;7;0;0;2;3;19;A01
201300007898;0;33;0;0;2;1;1;A01
201300007898;0;7;0;0;0;3;15;B02
201300007899;0;33;0;0;2;7;1;B02
201300007899;0;7;0;0;2;3;15;A01
201300007900;0;33;0;0;2;8;13;A01
201300007900;0;7;0;0;2;8;1;B02
201300007901;0;7;0;2;0;3;1;A01
201300007902;0;33;0;2;0;1;14;A01
201300007903;0;33;0;1;0;1;1;A01
201300007904;0;7;0;0;0;7;15;B02
201300007904;0;33;0;0;0;1;1;A01
201300007905;0;33;0;0;2;0;21;B02
201300007905;0;33;0;0;0;0;1;A01
201300007906;0;7;0;13;0;2;1;A01
201300007907;0;7;0;9;0;1;1;A01
201300007908;0;7;0;0;1;1;1;A01
201300007909;0;14;0;0;2;1;21;B02
201300007909;0;7;0;0;2;3;15;A01
201300007910;0;2;0;0;2;1;1;B02
201300007910;0;7;0;0;2;2;15;A01
201300007911;0;7;0;0;2;1;1;B02
201300007911;0;7;0;0;2;1;19;A01
201300007912;0;7;0;0;9;3;1;A01
201300007912;0;1;0;14;9;1;2;E05
201300007912;0;1;0;0;9;1;1;D04
201300007912;0;1;0;0;2;1;13;B02
201300007912;0;1;0;0;2;1;13;C03
201300007912;0;1;0;14;9;1;1;F06
201300007913;0;17;0;9;0;1;1;A01
201300007914;0;10;0;0;2;3;1;A01
201300007914;0;7;0;0;2;3;1;B02
201300007915;0;7;0;13;0;9;1;A01
201300007916;0;7;0;0;2;3;21;A01
201300007916;0;7;0;0;2;8;1;B02
201300007917;0;33;0;0;2;7;15;B02
201300007917;0;33;0;0;2;8;15;A01
201300007918;0;7;0;0;2;2;5;A01
201300007918;0;10;0;0;2;3;1;B02
201300007919;0;7;0;2;0;1;13;A01
201300007920;0;7;0;0;2;3;21;A01
201300007920;0;10;0;0;2;8;19;B02
201300007921;0;7;0;0;1;3;15;A01
201300007922;0;30;0;0;2;1;13;A01
201300007922;0;7;0;0;0;3;1;B02
201300007923;0;7;0;0;2;3;13;A01
201300007923;0;10;0;3;2;3;1;B02
201300007924;0;7;0;0;2;8;1;B02
201300007924;0;14;0;0;2;1;13;A01
201300007924;0;7;0;0;2;1;1;C03
201300007925;0;7;0;0;1;2;1;A01
201300007926;0;7;0;0;2;2;1;B02
201300007926;0;7;0;0;2;3;9;A01
201300007927;0;7;0;6;0;1;14;A01
201300007928;0;7;0;0;1;1;1;A01
201300007929;0;38;1;0;0;6;19;A01
201300007929;0;7;0;0;2;1;0;B02
201300007930;0;7;0;0;0;7;1;A01
201300007930;0;1;0;0;2;1;15;B02
201300007931;0;7;0;0;1;2;1;A01
201300007932;0;3;0;0;0;9;1;A01
201300007933;0;33;0;16;0;1;2;A01
201300007934;0;20;0;0;0;9;1;A01
201300007935;0;7;0;0;1;7;21;A01
201300007936;0;10;0;0;2;1;13;A01
201300007936;0;7;0;0;2;1;1;B02
201300007937;0;7;0;0;2;1;1;C03
201300007937;0;7;0;0;2;3;1;B02
201300007937;0;7;0;0;2;3;13;A01
201300007938;0;10;0;0;2;2;13;A01
201300007938;0;10;0;0;2;1;1;B02
201300007939;0;7;0;0;2;1;1;B02
201300007939;0;7;0;0;2;1;13;A01
201300007940;0;7;0;0;2;1;1;A01
201300007940;0;7;0;0;0;4;1;B02
201300007941;0;33;0;3;0;8;13;A01
201300007942;0;7;0;0;2;8;19;B02
201300007942;0;7;0;0;2;1;1;A01
201300007943;0;33;0;0;0;9;13;A01
201300007944;0;7;0;0;2;3;1;A01
201300007944;0;1;0;0;2;7;14;B02
201300007945;0;10;0;0;0;4;9;B02
201300007945;0;32;0;0;2;1;9;A01
201300007946;0;10;0;8;0;2;1;A01
201300007947;0;10;0;12;0;1;1;A01
201300007948;0;7;0;0;0;6;15;B02
201300007948;0;33;0;0;2;1;1;A01
201300007949;0;7;0;0;2;3;1;B02
201300007949;0;7;0;0;2;3;13;A01
201300007950;0;14;0;0;0;9;1;A01
201300007951;0;33;0;0;2;1;21;C03
201300007951;0;7;0;0;0;0;10;A01
201300007951;0;7;0;0;0;6;21;B02
201300007952;0;7;0;2;0;1;14;A01
201300007953;0;7;0;2;0;1;2;A01
201300007954;0;2;0;0;2;1;1;B02
201300007954;1;7;0;0;2;1;1;Z01
201300007955;0;7;0;0;0;3;1;A01
201300007955;0;30;0;0;0;1;13;B02
201300007956;0;7;0;8;0;1;1;A01
201300007957;0;7;0;8;0;2;14;A01
201300007958;0;7;0;0;2;8;0;B02
201300007958;0;7;0;0;2;1;0;A01
201300007959;0;7;0;0;2;3;1;B02
201300007959;0;30;0;0;2;2;15;A01
201300007960;0;7;0;0;2;2;5;B02
201300007960;0;7;0;0;2;2;13;A01
201300007961;0;7;0;0;2;1;1;B02
201300007961;0;7;0;0;2;1;13;A01
201300007962;0;7;0;0;2;3;13;A01
201300007962;0;7;0;0;2;2;1;B02
201300007963;0;7;0;0;2;1;9;B02
201300007963;0;7;0;0;2;3;2;A01
201300007964;0;10;0;0;2;3;1;B02
201300007964;0;3;0;0;2;1;13;A01
201300007965;0;7;0;13;0;2;0;A01
201300007966;0;7;0;0;2;5;1;B02
201300007966;0;7;0;0;2;1;1;A01
201300007967;0;14;0;0;2;2;2;B02
201300007967;0;1;0;0;2;6;2;A01
201300007968;0;7;0;0;2;2;23;A01
201300007968;0;7;0;0;2;2;23;B02
201300007968;0;7;0;0;2;3;13;C03
201300007968;0;7;0;0;2;1;23;D04
201300007969;0;7;0;0;2;1;5;B02
201300007969;0;7;0;0;2;1;1;A01
201300007970;0;7;0;2;0;8;17;A01
201300007971;0;7;0;0;2;4;2;D04
201300007971;0;7;0;0;2;1;2;A01
201300007971;0;7;0;0;2;4;2;B02
201300007971;0;7;0;0;0;6;2;C03
201300007972;0;7;0;0;1;1;1;A01
201300007973;0;7;0;2;0;1;1;A01
201300007974;0;31;0;0;2;1;13;A01
201300007974;0;7;0;0;2;8;1;B02
201300007975;0;33;0;13;0;3;1;A01
201300007976;0;33;0;0;2;7;1;B02
201300007976;0;31;0;0;2;8;9;A01
201300007977;0;33;0;0;2;1;17;A01
201300007977;0;7;0;0;2;8;15;B02
201300007978;0;7;0;2;0;7;13;A01
201300007979;0;30;0;0;2;4;2;B02
201300007979;0;7;0;0;2;1;2;A01
201300007980;0;10;0;0;2;1;2;A01
201300007980;0;3;0;0;2;4;2;B02
201300007980;0;3;0;0;2;4;2;C03
201300007981;0;7;0;0;2;1;13;A01
201300007981;0;7;0;0;0;1;1;B02
201300007982;0;33;0;13;0;1;1;A01
201300007983;0;10;0;0;2;1;13;A01
201300007983;0;38;1;0;2;3;1;B02
201300007984;0;7;0;0;2;3;1;B02
201300007984;0;7;0;0;2;3;13;A01
201300007985;0;7;0;0;2;1;2;A01
201300007985;0;7;0;0;2;9;2;B02
201300007985;0;7;0;0;2;1;2;C03
201300007985;0;7;0;0;2;4;2;D04
201300007986;0;10;0;0;2;3;1;B02
201300007986;0;7;0;0;2;3;1;A01
201300007987;0;33;0;8;0;1;5;A01
201300007988;0;7;0;0;2;3;11;B02
201300007988;0;33;0;0;2;2;3;A01
201300007989;0;33;0;0;2;1;21;B02
201300007989;0;33;0;0;0;8;2;D04
201300007989;0;7;0;0;2;3;1;C03
201300007989;0;33;0;16;2;4;1;A01
201300007990;0;31;0;0;2;1;17;A01
201300007990;0;7;0;0;2;3;15;B02
201300007991;0;7;0;0;2;1;1;B02
201300007991;0;10;0;0;2;2;17;A01
201300007992;0;31;0;13;0;7;1;A01
201300007993;0;33;0;0;2;3;1;B02
201300007993;0;33;0;0;2;8;1;A01
201300007994;0;33;0;0;2;1;5;A01
201300007994;0;13;0;0;2;3;1;B02
201300007995;0;7;0;16;0;9;1;A01
201300007996;0;33;0;0;2;1;1;A01
201300007996;0;10;0;0;2;5;19;B02
201300007997;0;34;0;0;2;7;2;B02
201300007997;0;7;0;0;2;8;10;A01
201300007998;0;30;0;0;2;1;1;B02
201300007998;0;7;0;0;2;2;1;A01
201300007999;0;7;0;0;2;1;6;A01
201300007999;0;33;0;0;2;3;9;B02
201300008000;0;7;0;0;2;3;15;B02
201300008000;0;30;0;0;2;1;17;A01
201300008001;0;34;0;0;1;1;1;A01
201300008002;0;7;0;0;2;3;1;B02
201300008002;0;33;0;0;2;1;13;A01
201300008003;0;34;0;0;2;8;1;B02
201300008004;0;7;0;0;2;3;1;B02
201300008004;0;7;0;0;2;3;13;A01
201300008005;0;33;0;0;2;7;21;A01
201300008005;0;7;0;0;2;3;15;B02
201300008006;0;31;0;0;0;0;1;A01
201300008007;0;33;0;0;2;1;17;B02
201300008007;0;7;0;0;2;3;17;A01
201300008008;0;99;0;0;2;2;15;B02
201300008008;0;7;0;0;2;3;1;A01
201300008009;0;32;0;0;0;0;21;B02
201300008009;0;7;0;0;2;0;9;A01
201300008010;0;1;0;1;0;1;0;A01
201300008010;0;14;0;0;0;0;23;B02
201300008011;0;33;0;0;0;0;1;A01
201300008012;0;7;0;13;0;9;14;A01
201300008013;0;7;0;0;2;2;5;A01
201300008013;0;7;0;0;2;5;1;B02
201300008014;0;7;0;0;2;1;13;A01
201300008014;0;7;0;0;2;1;13;B02
201300008015;0;7;0;0;6;9;1;A01
201300008016;0;33;0;0;2;1;1;B02
201300008016;0;7;0;0;2;2;10;A01
201300008017;0;31;0;0;2;1;1;B02
201300008017;0;7;0;0;2;2;15;A01
201300008018;0;30;0;0;2;8;1;B02
201300008018;0;15;0;0;2;5;17;A01
201300008019;0;10;0;0;2;1;1;C03
201300008019;0;10;0;0;2;6;1;B02
201300008019;0;7;0;0;2;3;1;A01
201300008020;0;33;0;0;0;3;1;A01
201300008021;0;7;0;15;0;8;1;A01
201300008022;0;7;0;0;1;3;1;A01
201300008023;0;7;0;0;2;4;23;A01
201300008023;0;32;0;0;2;1;2;B02
201300008024;0;15;0;0;2;8;1;B02
201300008024;0;32;0;0;2;2;0;A01
201300008025;0;7;0;0;2;6;16;A01
201300008025;0;31;0;0;2;1;1;B02
201300008026;0;33;0;0;2;1;1;B02
201300008026;0;7;0;0;2;7;15;A01
201300008027;0;31;0;0;2;1;16;A01
201300008027;0;7;0;0;2;1;0;B02
201300008028;0;7;0;0;1;1;1;A01
201300008029;0;7;0;0;2;3;13;A01
201300008029;0;7;0;0;2;3;1;B02
201300008030;0;10;0;0;2;1;1;B02
201300008030;0;7;0;0;2;6;13;A01
201300008031;0;7;0;0;0;9;1;A01
201300008032;0;31;0;0;2;1;1;B02
201300008032;0;7;0;0;2;3;1;A01
201300008033;0;30;0;0;2;1;6;B02
201300008033;0;14;0;0;2;8;15;A01
201300008034;0;7;0;0;2;1;1;B02
201300008034;0;10;0;0;2;7;13;A01
201300008035;0;33;0;0;2;1;17;A01
201300008035;0;7;0;0;2;3;15;B02
201300008036;0;7;0;0;2;6;23;A01
201300008036;0;31;0;0;2;1;2;B02
201300008037;0;10;0;0;1;3;13;A01
201300008038;0;14;0;0;9;5;15;A01
201300008038;0;32;0;0;2;7;1;B02
201300008039;0;10;0;0;2;1;5;B02
201300008039;0;10;0;0;2;1;1;A01
201300008040;0;21;0;16;0;9;1;A01
201300008041;0;2;0;6;0;1;1;A01
201300008042;0;31;0;0;6;1;0;A01
201300008042;0;7;0;0;9;1;1;B02
201300008043;0;31;0;0;2;1;1;B02
201300008043;1;7;0;0;2;1;1;Z01
201300008044;0;7;0;0;2;3;19;A01
201300008044;0;33;0;0;2;2;1;B02
201300008045;0;32;0;0;2;1;2;B02
201300008045;0;7;0;0;0;4;2;A01
201300008046;0;30;0;0;0;0;16;A01
201300008047;0;3;0;0;1;2;1;A01
201300008048;0;31;0;0;2;1;1;B02
201300008048;0;7;0;0;2;8;10;A01
201300008049;0;7;0;0;1;2;1;A01
201300008050;0;7;0;0;2;8;15;A01
201300008050;0;2;0;0;2;7;1;B02
201300008051;0;7;0;0;0;8;15;A01
201300008051;0;34;0;0;2;1;17;B02
201300008052;0;7;0;0;2;3;1;A01
201300008052;0;34;0;0;2;7;1;B02
201300008053;0;33;0;0;1;1;17;A01
201300008054;0;7;0;0;2;6;2;A01
201300008054;0;33;0;0;2;1;2;B02
201300008055;0;7;0;6;0;5;1;A01
201300008056;0;31;0;0;2;8;1;A01
201300008056;0;7;0;0;2;2;20;B02
201300008057;0;30;0;0;0;0;2;A01
201300008058;0;7;0;0;2;3;1;B02
201300008058;0;33;0;0;2;1;17;A01
201300008059;0;33;0;0;2;1;1;B02
201300008059;0;33;0;0;2;1;13;A01
201300008060;0;33;0;0;2;1;1;B02
201300008060;0;7;0;0;2;4;23;A01
201300008061;0;33;0;4;0;2;14;A01
201300008062;0;7;0;0;2;7;15;A01
201300008062;0;30;0;0;2;1;21;B02
201300008063;0;2;0;0;0;8;2;C03
201300008063;0;17;0;0;0;7;18;B02
201300008063;0;14;0;0;0;7;17;A01
201300008064;0;7;0;0;2;6;23;B02
201300008064;0;32;0;0;2;1;2;A01
201300008065;0;7;0;0;2;3;13;A01
201300008065;0;10;0;0;2;3;1;B02
201300008066;0;7;0;2;0;3;1;A01
201300008067;0;33;0;0;2;7;1;A01
201300008067;0;7;0;0;2;1;15;B02
201300008068;0;7;0;0;1;3;1;A01
201300008069;0;7;0;0;2;2;15;A01
201300008069;0;33;0;0;2;1;1;B02
201300008070;0;7;0;2;0;2;1;A01
201300008071;0;7;0;0;2;8;19;B02
201300008071;0;33;0;0;2;1;1;A01
201300008072;0;33;0;7;0;1;14;A01
201300008073;0;33;0;0;2;9;17;A01
201300008073;0;1;0;0;2;1;13;B02
201300008074;0;31;0;0;0;8;1;A01
201300008075;0;1;0;0;2;0;13;B02
201300008075;0;7;0;0;9;8;1;A01
201300008076;0;7;0;13;0;9;1;A01
201300008077;0;7;0;0;1;1;1;A01
201300008078;0;34;0;0;2;1;17;A01
201300008078;0;14;0;0;2;8;17;B02
201300008079;0;33;0;0;2;4;1;A01
201300008079;0;7;0;0;0;4;23;B02
201300008080;0;7;0;0;2;1;1;A01
201300008080;0;7;0;0;2;1;13;B02
201300008081;0;33;0;0;2;1;1;B02
201300008081;0;10;0;0;0;2;15;A01
201300008082;0;7;0;8;0;1;1;A01
201300008083;0;7;0;12;0;2;1;A01
201300008084;0;7;0;2;0;1;14;A01
201300008085;0;7;0;0;1;7;1;A01
201300008086;0;2;0;0;2;1;17;B02
201300008086;0;7;0;0;2;3;15;A01
201300008087;0;7;0;6;0;1;1;A01
201300008088;0;33;0;0;2;5;19;A01
201300008088;0;7;0;0;2;5;21;B02
201300008089;0;7;0;0;2;3;1;B02
201300008089;0;7;0;0;2;8;1;A01
201300008090;0;30;0;0;1;1;1;A01
201300008091;0;7;0;6;0;1;13;A01
201300008092;0;7;0;0;2;3;15;A01
201300008092;0;2;0;0;2;7;17;B02
201300008093;0;7;0;0;2;1;1;A01
201300008093;0;7;0;0;2;7;15;B02
201300008093;0;7;0;0;2;1;23;C03
201300008094;0;7;0;8;0;9;14;B02
201300008094;0;7;0;8;0;8;1;A01
201300008095;0;7;0;0;2;3;1;A01
201300008095;0;1;0;0;0;7;0;B02
201300008096;1;99;0;0;2;0;0;Z01
201300008096;0;1;0;0;2;5;16;B02