num_acc;senc;catv;occutc;obs;obsm;choc;manv;num_veh
201300008097;0;1;0;0;0;1;1;A01
201300008098;0;2;0;0;0;1;1;A01
201300008099;0;7;0;0;2;3;1;B02
201300008099;0;7;0;0;2;3;1;A01
201300008100;0;7;0;2;0;2;1;A01
201300008101;0;7;0;0;2;3;1;A01
201300008101;0;7;0;0;2;1;13;B02
201300008102;0;7;0;13;0;9;13;A01
201300008103;0;7;0;0;1;8;9;A01
201300008104;0;7;0;0;1;3;15;A01
201300008105;0;33;0;0;2;0;1;A01
201300008105;0;7;0;0;0;0;19;B02
201300008106;0;1;0;0;2;0;0;B02
201300008106;0;7;0;0;2;0;2;A01
201300008107;0;7;0;11;0;1;1;A01
201300008108;0;30;0;0;2;1;1;A01
201300008108;0;7;0;0;2;2;15;B02
201300008109;0;7;0;13;0;2;1;A01
201300008110;0;3;0;0;2;1;1;C03
201300008110;0;7;0;0;0;0;5;A01
201300008110;0;7;0;0;2;4;1;B02
201300008111;1;7;0;0;2;7;1;A01
201300008111;0;1;0;0;2;4;1;B02
201300008112;0;7;0;4;0;1;12;A01
201300008113;0;1;0;0;0;4;0;B02
201300008113;0;7;0;0;2;2;1;A01
201300008114;0;33;0;0;2;1;1;B02
201300008114;0;7;0;0;2;3;0;A01
201300008115;0;7;0;0;2;2;15;A01
201300008115;0;2;0;0;2;1;1;B02
201300008116;0;7;0;0;0;1;1;A01
201300008116;0;7;0;0;2;7;11;B02
201300008117;0;30;0;0;0;5;0;B02
201300008117;0;7;0;0;2;3;11;A01
201300008118;0;30;0;0;2;0;2;A01
201300008118;0;7;0;0;0;6;2;B02
201300008119;0;33;0;0;1;3;1;A01
201300008120;0;99;0;0;2;4;2;B02
201300008120;0;7;0;0;9;2;2;A01
201300008121;0;7;0;0;2;3;19;A01
201300008121;0;7;0;1;1;1;1;B02
201300008122;0;14;0;0;1;1;1;A01
201300008123;0;7;0;0;2;1;13;A01
201300008123;0;7;0;0;2;1;1;B02
201300008124;0;7;0;0;1;3;15;A01
201300008125;0;7;0;0;2;4;16;B02
201300008125;0;10;0;0;2;1;2;A01
201300008126;0;10;0;2;0;2;13;A01
201300008127;0;2;0;0;2;3;15;B02
201300008127;0;10;0;16;2;1;1;A01
201300008128;0;7;0;7;0;7;0;A01
201300008129;0;7;0;0;2;3;13;A01
201300008129;0;99;0;0;2;6;2;B02
201300008130;0;7;0;0;2;1;13;A01
201300008130;0;7;0;0;2;1;1;B02
201300008131;0;7;0;0;2;3;13;A01
201300008131;0;7;0;0;2;3;21;B02
201300008132;0;7;0;6;0;1;1;A01
201300008133;0;10;0;0;2;8;15;B02
201300008133;0;33;0;0;2;1;17;A01
201300008134;0;34;0;0;2;1;17;A01
201300008134;0;7;0;0;2;8;15;B02
201300008135;0;7;0;0;2;3;13;A01
201300008135;0;7;0;0;2;3;13;B02
201300008136;0;33;0;0;2;2;13;A01
201300008136;0;13;0;0;2;1;1;B02
201300008137;0;10;0;0;0;1;1;A01
201300008137;0;7;0;0;0;7;1;B02
201300008138;0;7;0;0;2;1;5;A01
201300008138;0;33;0;0;2;1;1;B02
201300008139;0;2;0;0;2;1;13;A01
201300008139;0;7;0;0;2;3;1;B02
201300008140;0;7;0;0;2;3;11;B02
201300008140;0;34;0;0;2;2;1;A01
201300008141;0;7;0;0;2;2;16;B02
201300008141;0;33;0;0;2;1;18;A01
201300008142;0;7;0;13;0;3;1;A01
201300008143;0;16;0;0;1;7;16;A01
201300008144;0;7;0;0;1;1;1;A01
201300008144;0;7;0;0;2;1;1;B02
201300008145;0;7;0;0;2;2;19;B02
201300008145;0;7;0;0;2;2;21;A01
201300008146;0;7;0;8;0;9;1;A01
201300008147;0;10;0;2;0;7;1;A01
201300008148;0;33;0;0;2;1;1;A01
201300008148;0;99;0;0;2;8;19;B02
201300008149;0;33;0;0;2;1;21;A01
201300008149;0;10;0;0;2;3;1;B02
201300008150;0;33;0;0;9;1;21;A01
201300008150;0;1;0;0;2;1;21;B02
201300008151;0;7;0;0;2;3;1;A01
201300008151;0;1;0;0;2;1;1;B02
201300008152;0;7;0;0;0;2;15;A01
201300008152;0;33;0;0;2;1;1;B02
201300008153;0;33;0;0;2;1;1;A01
201300008153;0;7;0;0;2;1;1;B02
201300008154;0;7;0;2;0;1;13;A01
201300008155;0;7;0;0;0;0;14;A01
201300008156;0;2;0;0;2;1;1;A01
201300008156;0;7;0;0;0;5;11;B02
201300008157;0;7;0;0;1;2;1;A01
201300008158;0;7;0;0;0;6;1;A01
201300008159;0;17;0;0;2;7;17;A01
201300008159;0;1;0;0;0;4;15;C03
201300008160;0;33;0;0;2;1;9;A01
201300008160;0;7;0;0;2;3;15;B02
201300008161;0;31;0;6;0;1;14;A01
201300008162;0;7;0;0;2;3;1;A01
201300008162;0;10;0;0;2;3;1;B02
201300008163;0;10;0;13;0;3;13;A01
201300008164;0;7;0;0;2;1;19;A01
201300008164;0;7;0;0;2;1;1;B02
201300008165;0;7;0;2;0;3;13;A01
201300008166;0;7;0;13;0;1;1;A01
201300008167;0;7;0;0;2;3;1;A01
201300008167;0;7;0;0;2;1;1;B02
201300008168;0;7;0;2;0;7;1;B02
201300008168;0;7;0;2;0;1;1;A01
201300008169;0;33;0;0;2;1;1;A01
201300008170;0;21;0;0;1;1;1;A01
201300008171;0;7;0;0;0;8;11;B02
201300008171;0;7;0;0;0;5;1;C03
201300008171;0;7;0;0;2;2;17;A01
201300008172;0;1;0;0;0;0;2;A01
201300008172;0;1;0;0;0;0;2;B02
201300008173;0;7;0;6;0;1;1;A01
201300008174;0;1;0;0;0;1;1;A01
201300008175;0;7;0;0;2;8;10;A01
201300008175;0;31;0;0;2;1;1;B02
201300008176;0;7;0;13;0;0;0;A01
201300008177;0;34;0;3;0;1;1;A01
201300008178;0;7;0;0;1;2;9;A01
201300008179;0;33;0;8;0;1;1;A01
201300008180;0;7;0;9;0;2;1;A01
201300008181;0;2;0;0;2;1;11;A01
201300008181;0;7;0;0;2;1;1;B02
201300008182;0;7;0;0;2;1;1;A01
201300008182;0;7;0;0;2;1;15;B02
201300008183;0;7;0;0;9;1;9;A01
201300008183;0;1;0;0;0;7;1;B02
201300008184;0;7;0;13;0;1;1;A01
201300008185;0;7;0;13;0;3;13;A01
201300008186;0;7;0;0;2;3;13;A01
201300008186;0;14;0;0;2;0;1;B02
201300008187;0;7;0;0;0;2;17;A01
201300008187;0;30;0;0;2;3;13;B02
201300008188;0;7;0;1;2;8;15;A01
201300008188;0;7;0;0;2;1;1;B02
201300008189;0;7;0;0;2;1;13;A01
201300008189;0;10;0;0;2;1;1;B02
201300008190;0;33;0;0;2;7;1;A01
201300008190;0;33;0;0;2;1;1;B02
201300008191;0;14;0;0;2;6;21;B02
201300008191;0;7;0;0;2;8;1;C03
201300008191;0;7;0;0;2;3;19;A01
201300008192;0;7;0;0;1;5;20;A01
201300008193;0;7;0;2;0;2;14;A01
201300008194;0;7;0;0;2;1;1;C03
201300008194;0;7;0;13;2;2;17;A01
201300008194;0;7;0;0;2;6;1;B02
201300008195;0;7;0;2;0;2;14;A01
201300008196;0;2;0;13;0;1;13;A01
201300008197;0;33;0;15;0;1;1;A01
201300008198;0;7;0;0;0;2;14;A01
201300008199;0;7;0;8;0;9;1;A01
201300008200;0;7;0;6;0;2;1;A01
201300008201;0;32;0;0;2;1;1;A01
201300008201;0;7;0;0;2;4;1;B02
201300008202;0;7;0;0;2;2;1;B02
201300008202;0;7;0;0;2;3;1;A01
201300008203;0;30;0;0;0;0;21;A01
201300008204;0;7;0;0;2;1;1;B02
201300008204;0;7;0;0;2;1;1;A01
201300008205;0;7;0;13;0;1;1;A01
201300008206;0;7;0;2;0;3;1;A01
201300008207;0;7;0;0;1;4;20;A01
201300008208;0;10;0;0;0;1;1;A01
201300008208;0;7;0;0;0;4;15;B02
201300008209;0;33;0;0;2;7;1;B02
201300008209;0;7;0;0;2;1;15;A01
201300008210;0;30;0;0;0;3;5;A01
201300008210;0;7;0;0;0;2;1;B02
201300008211;0;33;0;0;2;1;1;B02
201300008211;0;7;0;0;2;3;1;A01
201300008212;0;33;0;0;2;1;1;B02
201300008212;1;7;0;0;0;2;10;A01
201300008213;0;2;0;0;1;2;1;A01
201300008214;0;31;0;0;2;1;1;B02
201300008214;0;7;0;0;2;8;19;A01
201300008215;0;7;0;1;0;7;1;A01
201300008215;0;13;0;0;2;1;24;B02
201300008216;0;7;0;0;1;2;1;A01
201300008217;0;10;0;0;2;1;1;B02
201300008217;0;7;0;0;2;3;13;A01
201300008218;0;2;0;0;2;1;1;B02
201300008218;0;7;0;0;2;2;15;A01
201300008219;0;7;0;0;2;5;15;A01
201300008219;0;34;0;0;2;1;1;B02
201300008220;0;7;0;6;0;0;14;A01
201300008221;0;7;0;0;2;3;15;A01
201300008221;0;31;0;0;2;1;17;B02
201300008222;0;7;0;2;0;8;0;A01
201300008223;0;7;0;0;2;2;2;A01
201300008223;0;1;0;0;2;4;2;B02
201300008224;0;15;0;0;0;8;1;A01
201300008225;0;7;0;0;2;7;15;A01
201300008225;0;33;0;0;2;1;1;B02
201300008226;0;10;0;0;0;1;0;B02
201300008226;0;7;0;0;2;8;0;A01
201300008227;0;10;0;2;0;1;14;A01
201300008228;0;33;0;0;0;4;2;A01
201300008228;0;7;0;0;0;2;2;B02
201300008229;0;7;0;13;0;2;0;A01
201300008230;0;7;0;0;1;3;1;A01
201300008231;0;1;0;0;0;4;13;B02
201300008231;0;7;0;0;0;2;1;A01
201300008232;0;7;0;7;0;1;1;A01
201300008233;0;7;0;8;0;2;14;A01
201300008234;0;7;0;0;0;1;14;A01
201300008235;0;33;0;3;0;2;13;A01
201300008236;0;7;0;2;0;5;13;A01
201300008237;0;7;0;0;2;1;1;E05
201300008237;0;7;0;0;1;3;1;C03
201300008237;0;7;0;0;2;4;1;D04
201300008237;0;7;0;0;2;2;17;A01
201300008237;0;7;0;0;2;3;1;B02
201300008238;0;7;0;2;0;1;19;A01
201300008239;0;1;0;0;2;1;1;B02
201300008239;0;7;0;0;9;3;1;A01
201300008240;0;7;0;0;2;3;1;B02
201300008240;0;33;0;0;0;0;17;A01
201300008241;0;30;0;14;0;1;1;A01
201300008241;0;7;0;0;0;5;24;B02
201300008242;1;14;0;0;1;0;0;A01
201300008243;0;14;0;0;0;0;1;B02
201300008243;0;7;0;0;9;1;1;A01
201300008244;0;7;0;0;2;1;1;A01
201300008244;0;7;0;0;2;8;19;B02
201300008245;0;7;0;13;0;2;1;A01
201300008246;0;14;0;0;1;3;1;A01
201300008247;0;7;0;6;0;1;14;A01
201300008248;0;10;0;0;2;7;15;A01
201300008248;0;33;0;0;2;1;1;B02
201300008249;0;7;0;0;2;8;6;A01
201300008249;0;33;0;0;2;1;17;B02
201300008250;0;32;0;8;0;1;2;A01
201300008251;0;14;0;0;2;2;15;A01
201300008251;0;14;0;0;2;1;1;B02
201300008252;0;15;0;0;2;2;21;B02
201300008252;0;7;0;0;2;8;10;A01
201300008253;0;7;0;0;2;3;13;A01
201300008253;0;14;0;0;2;3;1;B02
201300008254;0;10;0;0;1;2;16;A01
201300008255;0;31;0;3;0;7;1;A01
201300008256;1;99;0;0;2;0;0;Z01
201300008256;0;1;0;0;2;6;19;B02
201300008257;0;7;0;0;1;5;1;A01
201300008258;0;7;0;8;0;0;13;A01
201300008259;0;7;0;13;0;1;1;A01
201300008260;0;7;0;0;2;3;19;A01
201300008260;0;31;0;0;2;1;1;B02
201300008261;0;33;0;0;2;0;21;A01
201300008261;0;10;0;0;2;0;15;B02
201300008262;0;7;0;0;1;3;1;A01
201300008263;0;7;0;0;2;2;15;A01
201300008263;0;32;0;0;2;1;1;B02
201300008264;0;7;0;0;2;6;13;A01
201300008264;0;7;0;0;2;3;1;B02
201300008265;0;10;0;0;9;2;1;A01
201300008265;0;20;0;0;2;7;15;B02
201300008266;0;7;0;0;2;1;5;A01
201300008266;0;7;0;0;2;1;1;B02
201300008267;0;7;0;0;2;7;13;A01
201300008267;0;7;0;0;2;1;1;B02
201300008268;0;7;0;0;0;4;1;A01
201300008268;0;7;0;0;2;1;1;B02
201300008269;0;7;0;0;2;3;5;A01
201300008269;0;7;0;0;2;1;1;B02
201300008270;0;31;0;0;0;7;0;A01
201300008271;0;10;0;0;0;4;23;C03
201300008271;0;7;0;0;0;6;16;B02
201300008271;0;33;0;0;2;1;1;A01
201300008272;0;33;0;2;0;1;14;A01
201300008273;0;7;0;0;1;3;15;A01
201300008274;0;7;0;0;2;1;13;A01
201300008274;0;7;0;0;0;1;1;B02
201300008275;0;7;0;0;2;3;0;A01
201300008275;0;7;0;0;2;3;1;B02
201300008275;0;13;0;0;2;3;1;C03
201300008276;0;7;0;0;2;3;15;B02
201300008276;0;33;0;0;2;2;17;A01
201300008277;0;32;0;0;0;1;1;B02
201300008277;0;7;0;0;0;3;13;A01
201300008278;0;10;0;0;0;4;23;B02
201300008278;0;2;0;1;0;1;1;A01
201300008279;0;31;0;0;2;1;1;A01
201300008279;0;7;0;0;2;1;1;B02
201300008280;0;7;0;0;6;3;1;A01
201300008281;0;7;0;13;0;1;1;A01
201300008281;0;10;0;0;0;0;23;B02
201300008281;0;10;0;14;1;2;1;C03
201300008282;0;7;0;13;0;0;1;A01
201300008283;0;7;0;2;0;1;1;A01
201300008284;0;7;0;2;0;3;1;A01
201300008285;0;7;0;2;0;1;1;A01
201300008286;0;10;0;0;2;1;11;A01
201300008286;0;7;0;0;2;1;1;B02
201300008287;0;7;0;0;1;1;1;A01
201300008288;0;7;0;13;0;9;1;A01
201300008289;0;7;0;0;1;2;1;A01
201300008290;0;7;0;2;0;3;13;A01
201300008291;0;7;0;0;9;1;14;A01
201300008292;0;7;0;0;2;3;13;A01
201300008292;0;7;0;0;2;3;1;B02
201300008293;0;7;0;13;0;3;1;A01
201300008294;0;7;0;0;2;2;1;A01
201300008294;0;10;0;0;2;1;15;B02
201300008295;0;7;0;13;0;3;1;A01
201300008296;0;7;0;0;2;1;1;A01
201300008296;0;7;0;0;2;6;11;B02
201300008296;0;7;0;0;2;1;1;C03
201300008297;0;7;0;0;2;7;19;A01
201300008297;0;10;0;0;2;1;1;B02
201300008298;0;2;0;6;0;1;19;A01
201300008299;0;7;0;0;0;0;14;A01
201300008300;0;7;0;0;2;2;15;A01
201300008300;0;2;0;0;2;1;1;B02
201300008301;0;7;0;0;0;9;1;A01
201300008302;0;7;0;0;2;3;1;B02
201300008302;0;2;0;0;2;1;13;A01
201300008303;0;10;0;0;2;1;17;A01
201300008303;0;10;0;0;2;8;15;B02
201300008304;0;7;0;0;2;8;19;A01
201300008304;0;7;0;0;2;1;1;B02
201300008305;0;7;0;0;0;9;0;A01
201300008306;0;1;0;0;2;8;1;C03
201300008306;0;14;0;0;2;2;19;A01
201300008306;0;1;0;0;2;8;1;B02
201300008307;0;7;0;0;0;0;0;A01
201300008308;0;33;0;0;0;8;1;B02
201300008308;0;7;0;0;0;3;13;A01
201300008309;0;10;0;2;0;2;1;A01
201300008310;0;7;0;0;1;2;13;A01
201300008311;0;33;0;6;0;0;0;A01
201300008312;0;33;0;13;0;8;11;A01
201300008313;0;7;0;13;0;1;1;A01
201300008314;0;7;0;0;1;2;1;A01
201300008314;0;7;0;0;2;1;1;B02
201300008315;0;21;0;6;0;2;1;A01
201300008316;0;2;0;0;2;1;1;B02
201300008316;0;7;0;0;2;5;9;A01
201300008317;0;7;0;0;2;1;1;B02
201300008317;0;7;0;0;2;1;1;A01
201300008318;0;7;0;0;2;1;23;C03
201300008318;0;7;0;0;2;1;1;B02
201300008318;0;7;0;0;2;1;9;A01
201300008319;0;7;0;0;2;7;9;B02
201300008319;0;7;0;0;2;1;1;A01
201300008320;0;7;0;16;0;9;1;A01
201300008321;0;33;0;12;0;1;1;A01
201300008322;0;7;0;0;1;1;1;A01
201300008323;0;7;0;0;2;2;1;B02
201300008323;0;7;0;0;2;2;13;A01
201300008324;0;33;0;0;2;1;1;A01
201300008324;0;7;0;0;2;3;15;B02
201300008325;0;30;0;0;2;1;5;A01
201300008325;0;7;0;0;2;8;1;B02
201300008326;0;7;0;0;1;1;1;A01
201300008327;0;31;0;13;0;1;1;A01
201300008328;0;34;0;0;2;2;1;A01
201300008328;0;7;0;0;2;1;1;B02
201300008329;0;7;0;0;2;2;1;B02
201300008329;0;7;0;13;0;3;1;A01
201300008330;0;7;0;0;0;3;1;B02
201300008330;0;7;0;0;2;3;13;A01
201300008331;0;30;0;0;2;2;1;A01
201300008331;0;7;0;0;2;1;1;B02
201300008332;0;10;0;0;1;1;1;A01
201300008333;0;7;0;0;0;9;13;A01
201300008334;0;7;0;0;2;1;1;B02
201300008334;0;30;0;0;2;1;1;A01
201300008335;0;1;0;0;2;8;1;A01
201300008335;0;38;0;0;9;5;13;B02
201300008336;0;30;0;0;2;1;13;A01
201300008336;0;7;0;0;2;8;1;B02
201300008337;0;7;0;0;1;3;1;A01
201300008338;0;10;0;0;6;1;1;A01
201300008338;0;7;0;0;2;1;1;B02
201300008339;0;7;0;0;0;1;1;A01
201300008340;0;7;0;16;0;0;1;A01
201300008341;0;2;0;0;2;9;13;A01
201300008341;0;7;0;0;2;3;1;B02
201300008342;0;7;0;0;2;1;21;C03
201300008342;0;7;0;0;2;7;1;A01
201300008342;0;7;0;0;2;1;1;D04
201300008342;0;7;0;0;2;1;21;B02
201300008342;0;7;0;0;2;3;21;E05
201300008343;0;1;0;0;2;2;15;B02
201300008343;0;7;0;0;9;3;1;A01
201300008344;0;7;0;0;2;3;1;B02
201300008344;0;10;0;0;2;3;13;A01
201300008345;0;33;0;0;2;2;1;A01
201300008345;0;7;0;0;2;7;13;B02
201300008346;0;7;0;0;1;3;1;A01
201300008347;0;7;0;0;2;8;2;B02
201300008347;0;7;0;0;2;1;19;A01
201300008348;0;33;0;0;2;3;2;A01
201300008348;0;7;0;0;2;5;2;B02
201300008349;0;7;0;0;9;3;1;A01
201300008349;0;1;0;0;2;0;0;B02
201300008350;0;7;0;0;9;7;16;A01
201300008350;0;1;0;0;2;8;1;B02
201300008351;0;30;0;1;0;7;1;A01
201300008352;0;7;0;0;2;3;1;A01
201300008352;0;7;0;0;2;3;1;B02
201300008353;0;7;0;0;2;1;0;A01
201300008353;0;7;0;0;2;1;0;B02
201300008354;0;7;0;0;2;1;1;B02
201300008354;0;10;0;0;2;1;1;A01
201300008355;0;10;0;0;2;3;1;A01
201300008355;0;2;0;0;2;1;16;B02
201300008356;0;7;0;0;0;3;13;A01
201300008357;0;7;0;0;1;1;1;A01
201300008358;0;7;0;0;2;1;1;B02
201300008358;0;10;0;0;2;1;13;A01
201300008359;0;31;0;0;2;1;1;B02
201300008359;0;7;0;0;0;4;1;A01
201300008360;0;7;0;0;2;2;15;B02
201300008360;0;30;0;0;2;1;1;A01
201300008361;0;7;0;0;0;1;1;A01
201300008362;0;10;0;2;0;7;1;A01
201300008363;0;34;0;0;2;1;17;B02
201300008363;0;7;0;0;2;8;15;A01
201300008364;0;7;0;0;2;8;13;A01
201300008364;0;10;0;0;2;7;14;B02
201300008365;0;7;0;0;0;0;0;B02
201300008365;0;7;0;0;2;1;13;A01
201300008366;0;7;0;13;0;2;14;A01
201300008367;0;7;0;0;2;5;16;B02
201300008367;0;30;0;0;2;1;1;A01
201300008368;0;33;0;2;0;1;1;A01
201300008369;0;33;0;14;0;3;1;A01
201300008370;0;10;0;2;0;2;13;A01
201300008371;0;10;0;0;2;2;1;B02
201300008371;0;17;0;0;2;3;19;A01
201300008372;0;33;0;0;0;1;0;A01
201300008373;0;10;0;0;1;3;15;A01
201300008374;0;7;0;8;0;6;1;A01
201300008375;0;7;0;6;0;1;13;A01
201300008376;0;7;0;0;0;9;13;A01
201300008377;0;33;0;1;0;1;2;A01
201300008377;0;7;0;0;2;6;2;B02
201300008378;0;2;0;0;2;1;13;A01
201300008378;0;7;0;0;2;3;1;B02
201300008379;0;7;0;0;2;3;11;B02
201300008379;0;2;0;0;2;1;13;A01
201300008380;0;7;0;0;2;8;19;A01
201300008380;0;7;0;0;2;1;0;B02
201300008381;0;7;0;2;0;2;19;A01
201300008382;0;7;0;0;2;1;1;B02
201300008382;0;10;0;0;2;1;1;A01
201300008383;0;7;0;2;2;2;17;A01
201300008384;0;7;0;0;0;2;1;A01
201300008385;0;7;0;2;0;2;13;A01
201300008386;0;7;0;10;0;2;1;A01
201300008387;0;7;0;0;9;0;1;B02
201300008387;0;33;0;0;9;0;21;A01
201300008388;0;7;0;0;2;2;19;A01
201300008388;0;33;0;0;2;1;1;B02
201300008389;0;7;0;0;2;3;1;A01
201300008389;0;7;0;0;2;3;1;B02
201300008390;0;7;0;0;2;3;1;C03
201300008390;0;10;0;0;0;0;0;A01
201300008391;0;7;0;13;0;9;17;A01
201300008392;0;2;0;0;2;1;1;A01
201300008392;0;21;0;0;2;6;15;B02
201300008393;0;7;0;0;2;5;20;A01
201300008393;0;33;0;0;2;1;1;B02
201300008394;0;33;0;0;2;2;17;B02
201300008394;0;7;0;0;0;8;15;A01
201300008395;0;7;0;0;2;3;1;B02
201300008395;0;7;0;0;2;3;1;A01
201300008396;0;7;0;0;2;1;13;A01
201300008396;0;7;0;0;2;1;1;B02
201300008397;0;7;0;13;0;2;1;A01
201300008398;0;21;0;0;0;4;1;A01
201300008398;0;31;0;0;2;1;2;B02
201300008399;0;7;0;0;1;2;1;A01
201300008400;0;10;0;2;0;1;1;A01
201300008401;0;33;0;0;2;3;0;B02
201300008401;0;7;0;0;2;3;17;A01
201300008402;0;2;0;0;6;1;1;A01
201300008403;0;7;0;13;0;1;1;A01
201300008404;0;7;0;6;0;2;1;A01
201300008405;0;31;0;0;2;0;1;A01
201300008406;0;7;0;2;0;1;14;A01
201300008407;0;7;0;0;2;2;13;A01
201300008407;0;7;0;0;1;2;1;B02
201300008408;0;7;0;2;0;3;1;A01
201300008409;0;33;0;0;2;7;17;A01
201300008409;0;7;0;0;2;1;19;B02
201300008410;0;7;0;0;1;1;1;A01
201300008411;0;31;0;0;2;2;1;B02
201300008411;0;10;0;0;2;3;19;A01
201300008412;0;7;0;0;2;3;1;B02
201300008412;0;30;0;0;2;1;1;A01
201300008413;0;7;0;0;2;3;15;A01
201300008413;0;33;0;0;2;7;1;B02
201300008414;0;33;0;3;0;1;13;A01
201300008415;0;7;0;13;0;2;14;A01
201300008416;0;7;0;0;1;2;1;A01
201300008417;0;1;0;0;0;0;15;A01
201300008418;0;31;0;3;0;1;19;A01
201300008419;0;7;0;2;0;3;13;A01
201300008420;0;7;0;0;1;7;1;A01
201300008421;0;10;0;0;1;3;1;A01
201300008422;1;14;0;0;1;0;0;A01
201300008423;0;31;0;3;0;1;1;A01
201300008424;0;7;0;10;0;1;13;A01
201300008425;0;7;0;0;1;2;1;A01
201300008426;0;7;0;0;2;1;5;A01
201300008426;0;7;0;0;2;1;1;B02
201300008427;0;10;0;6;0;1;19;A01
201300008428;0;33;0;13;0;1;1;A01
201300008429;0;7;0;0;1;1;0;A01
201300008430;0;7;0;0;9;2;21;A01
201300008430;0;1;0;0;2;6;13;B02
201300008431;0;7;0;0;2;1;0;F06
201300008431;0;7;0;0;2;9;15;B02
201300008431;0;37;0;0;2;3;1;A01
201300008431;0;7;0;0;2;1;1;C03
201300008431;0;7;0;0;2;4;0;E05
201300008431;0;7;0;0;2;9;0;D04
201300008432;0;7;0;0;2;4;23;C03
201300008432;0;7;0;0;2;4;23;E05
201300008432;0;17;0;0;2;1;1;A01
201300008432;0;7;0;0;2;4;23;D04
201300008432;0;7;0;0;2;4;23;B02
201300008433;0;7;0;0;2;3;13;A01
201300008433;0;7;0;0;2;1;1;B02
201300008434;0;1;0;0;2;0;1;A01
201300008434;0;7;0;0;9;8;1;B02
201300008435;0;7;0;13;0;2;1;A01
201300008436;0;1;0;0;0;3;0;B02
201300008436;0;33;0;0;0;1;1;A01
201300008437;0;7;0;2;0;1;14;A01
201300008438;0;7;0;2;0;6;14;A01
201300008439;0;30;0;1;2;7;1;A01
201300008439;0;7;0;0;2;1;15;B02
201300008440;0;7;0;0;2;1;1;A01
201300008440;0;31;0;0;2;7;1;B02
201300008441;0;7;0;0;2;3;1;B02
201300008441;0;7;0;2;2;3;17;A01
201300008442;0;7;0;2;0;3;13;A01
201300008443;0;32;0;0;2;1;1;A01
201300008443;0;7;0;0;0;4;1;B02
201300008444;0;7;0;0;0;3;1;B02
201300008444;0;7;0;0;0;3;13;A01
201300008445;0;7;0;0;2;1;1;A01
201300008445;0;7;0;0;2;3;23;B02
201300008445;0;7;0;0;0;6;23;G07
201300008445;0;7;0;0;2;4;1;F06
201300008445;0;7;0;0;2;0;23;D04
201300008445;0;7;0;0;2;3;2;C03
201300008445;0;7;0;0;2;6;2;E05
201300008446;0;7;0;0;0;1;17;A01
201300008446;0;1;0;0;0;6;17;B02
201300008447;0;10;0;0;1;3;1;A01
201300008448;0;14;0;0;2;1;1;A01
201300008448;0;7;0;0;2;2;15;B02
201300008449;0;31;0;0;2;1;17;A01
201300008449;0;7;0;0;2;8;15;B02
201300008450;0;33;0;0;0;8;1;B02
201300008450;0;33;0;0;0;7;1;A01
201300008451;0;7;0;8;0;3;1;A01
201300008452;0;7;0;0;2;1;5;B02
201300008452;0;7;0;0;2;1;1;A01
201300008453;0;7;0;16;0;1;1;A01
201300008454;0;7;0;0;2;3;17;A01
201300008454;0;30;0;0;0;4;15;B02
201300008455;0;7;0;0;2;3;15;B02
201300008455;0;10;0;0;2;1;1;A01
201300008456;0;7;0;0;9;4;2;B02
201300008456;0;30;0;0;2;1;2;A01
201300008457;0;7;0;0;0;3;19;A01
201300008457;0;30;0;0;2;1;1;B02
201300008458;0;7;0;2;0;1;1;A01
201300008459;0;10;0;13;0;8;1;A01
201300008460;0;7;0;0;2;3;2;C03
201300008460;0;7;0;0;2;3;13;A01
201300008460;0;7;0;0;2;8;2;B02
201300008461;0;31;0;0;2;1;1;A01
201300008461;0;7;0;0;2;2;1;B02
201300008462;0;7;0;0;0;7;15;A01
201300008462;0;33;0;0;0;7;1;B02
201300008463;0;7;0;0;1;2;1;A01
201300008464;1;7;0;0;1;4;4;A01
201300008465;0;17;0;0;2;3;1;B02
201300008465;0;7;0;0;2;1;1;C03
201300008465;0;7;0;0;2;3;13;A01
201300008466;0;7;0;0;2;2;1;C03
201300008466;0;7;0;0;2;3;13;A01
201300008466;0;99;0;0;2;3;1;B02
201300008467;0;14;0;2;0;0;19;A01
201300008468;0;36;0;12;0;1;1;A01
201300008469;0;7;0;0;9;1;1;A01
201300008470;0;7;0;2;0;2;14;A01
201300008471;0;2;0;0;0;0;1;A01
201300008472;0;7;0;0;2;6;16;A01
201300008472;0;33;0;0;2;1;17;B02
201300008473;0;7;0;0;2;3;9;A01
201300008473;0;2;0;0;2;1;1;B02
201300008474;0;7;0;16;0;3;1;A01
201300008475;0;30;0;0;2;3;1;B02
201300008475;0;10;0;0;2;5;4;A01
201300008476;0;10;0;13;0;1;14;A01
201300008477;0;7;0;0;0;2;2;A01
201300008477;0;1;0;0;0;4;13;B02
201300008478;0;1;0;1;0;0;21;A01
201300008479;0;33;0;0;2;8;1;A01
201300008480;0;7;0;3;0;3;1;A01
201300008481;0;7;0;0;2;8;10;A01
201300008481;0;31;0;0;2;1;1;B02
201300008482;0;7;0;0;0;0;1;A01
201300008483;0;7;0;0;6;1;0;A01
201300008484;0;14;0;0;0;4;24;A01
201300008484;0;1;0;1;0;1;1;B02
201300008485;0;33;0;0;2;9;17;A01
201300008485;0;7;0;0;2;8;1;B02
201300008486;0;7;0;7;0;1;2;A01
201300008487;0;7;0;13;0;3;0;A01
201300008488;0;10;0;0;2;1;1;B02