num_acc;senc;catv;occutc;obs;obsm;choc;manv;num_veh
201300008488;0;7;0;0;2;8;16;A01
201300008489;0;7;0;0;2;3;15;A01
201300008489;0;33;0;0;2;8;1;B02
201300008490;0;7;0;16;0;1;21;A01
201300008491;0;2;0;0;2;1;19;A01
201300008491;0;7;0;0;2;3;1;B02
201300008492;0;7;0;6;0;1;13;A01
201300008493;0;33;0;12;0;9;0;A01
201300008494;0;7;0;0;1;3;1;A01
201300008495;0;33;0;0;2;1;1;B02
201300008495;0;7;0;0;2;2;1;A01
201300008496;0;7;0;0;2;3;1;C03
201300008496;0;7;0;0;2;6;1;B02
201300008496;0;7;0;0;2;3;13;A01
201300008497;0;30;0;0;2;1;1;A01
201300008497;0;7;0;0;2;7;15;B02
201300008498;0;7;0;0;2;1;1;B02
201300008498;0;33;0;0;2;1;13;A01
201300008499;0;7;0;2;0;7;1;A01
201300008500;0;7;0;0;0;5;9;B02
201300008500;0;33;0;0;0;3;1;A01
201300008501;0;7;0;13;0;3;1;A01
201300008502;0;7;0;0;2;1;1;B02
201300008502;0;7;0;0;2;2;15;A01
201300008503;0;2;0;0;0;1;1;A01
201300008504;0;1;0;0;2;1;19;B02
201300008504;0;7;0;0;2;2;1;A01
201300008505;0;7;0;12;5;1;19;A01
201300008506;0;7;0;0;1;4;4;A01
201300008507;0;7;0;5;0;0;1;A01
201300008508;0;31;0;0;0;8;1;A01
201300008509;0;33;0;0;0;0;1;A01
201300008510;0;7;0;13;0;1;21;A01
201300008511;0;33;0;0;0;3;0;B02
201300008511;0;7;0;0;0;3;1;A01
201300008512;0;36;0;0;2;1;1;A01
201300008512;2;7;0;0;2;2;1;B02
201300008513;0;7;0;0;2;3;1;A01
201300008513;0;2;0;0;2;3;15;B02
201300008514;0;31;0;0;1;4;0;A01
201300008515;0;7;0;0;2;3;13;A01
201300008515;0;10;0;0;2;1;0;B02
201300008516;1;7;0;0;1;2;1;A01
201300008517;0;1;0;0;2;1;5;B02
201300008517;0;7;0;0;2;2;1;A01
201300008518;0;7;0;13;0;2;1;A01
201300008519;0;7;0;0;2;3;1;B02
201300008519;0;7;0;0;2;1;13;A01
201300008520;0;7;0;13;0;2;14;A01
201300008521;0;30;0;0;0;1;1;A01
201300008522;0;7;0;0;2;1;1;A01
201300008522;0;7;0;0;2;7;1;B02
201300008523;0;33;0;0;0;8;15;B02
201300008523;0;33;0;0;2;1;17;A01
201300008524;0;33;0;0;2;1;1;B02
201300008524;0;7;0;0;0;4;1;A01
201300008525;0;7;0;13;0;2;1;A01
201300008526;0;7;0;0;0;1;1;A01
201300008527;0;14;0;0;2;2;1;B02
201300008527;0;7;0;0;2;1;5;A01
201300008528;0;7;0;2;0;3;1;A01
201300008529;0;7;0;0;2;2;1;A01
201300008529;0;10;0;0;2;8;1;C03
201300008529;0;7;0;0;2;1;1;B02
201300008530;0;33;0;0;2;1;2;B02
201300008530;0;7;0;0;0;6;2;A01
201300008531;0;7;0;0;2;1;15;A01
201300008531;0;33;0;0;2;1;15;B02
201300008532;0;33;0;0;0;4;1;B02
201300008532;0;7;0;0;2;1;9;A01
201300008533;0;7;0;13;0;9;14;A01
201300008534;0;33;0;0;2;1;1;A01
201300008534;0;7;0;0;2;8;15;B02
201300008535;0;7;0;0;2;3;1;B02
201300008535;0;7;0;0;2;3;13;A01
201300008536;0;7;0;0;2;1;1;B02
201300008536;0;7;0;0;2;1;13;A01
201300008537;0;7;0;0;1;1;1;A01
201300008538;0;7;0;6;0;1;1;A01
201300008539;0;10;0;0;0;5;1;A01
201300008540;0;7;0;0;1;2;16;A01
201300008541;0;7;0;2;0;1;1;A01
201300008542;0;7;0;2;0;3;1;A01
201300008543;0;7;0;0;1;3;1;A01
201300008544;0;7;0;0;2;3;13;A01
201300008544;0;7;0;0;2;3;1;C03
201300008544;0;7;0;0;2;3;1;B02
201300008545;0;7;0;0;2;4;7;A01
201300008545;0;7;0;0;2;3;1;B02
201300008546;0;33;0;0;2;3;13;B02
201300008546;0;33;0;0;2;3;1;A01
201300008547;0;30;0;0;2;1;13;A01
201300008547;0;7;0;0;2;2;1;B02
201300008548;0;7;0;0;0;3;1;A01
201300008548;0;1;0;0;0;3;1;B02
201300008549;0;1;0;0;0;1;1;A01
201300008550;0;7;0;0;0;0;1;A01
201300008551;0;7;0;0;2;3;1;B02
201300008551;0;7;0;0;0;6;0;C03
201300008551;0;30;0;14;2;3;13;A01
201300008552;0;7;0;6;0;1;1;A01
201300008553;0;7;0;0;2;1;1;B02
201300008553;2;7;0;0;2;1;13;A01
201300008554;0;14;0;0;2;1;1;C03
201300008554;0;33;0;0;2;1;0;A01
201300008554;0;7;0;0;2;5;1;B02
201300008555;0;7;0;0;2;3;13;A01
201300008555;0;7;0;0;2;3;1;B02
201300008556;0;7;0;12;0;1;13;A01
201300008557;0;7;0;2;0;1;1;A01
201300008558;0;7;0;0;2;3;10;A01
201300008558;0;31;0;0;2;1;1;B02
201300008559;0;7;0;0;2;8;10;A01
201300008559;0;7;0;0;2;1;2;B02
201300008560;0;7;0;6;0;2;14;A01
201300008561;0;7;0;0;2;8;2;C03
201300008561;0;33;0;0;2;1;13;B02
201300008561;0;7;0;0;2;3;13;A01
201300008562;0;7;0;0;2;2;15;A01
201300008562;0;33;0;0;2;1;1;B02
201300008563;0;10;0;0;2;1;1;B02
201300008563;0;1;0;0;2;8;19;A01
201300008564;0;7;0;0;2;2;2;A01
201300008564;0;1;0;0;2;4;2;B02
201300008565;0;14;0;0;2;2;1;B02
201300008565;0;7;0;0;2;3;15;A01
201300008566;0;30;0;0;2;8;2;B02
201300008566;0;7;0;0;2;2;2;A01
201300008567;0;32;0;0;0;7;1;A01
201300008568;0;7;0;6;0;3;1;A01
201300008569;0;33;0;0;6;1;1;A01
201300008570;0;7;0;0;2;3;1;A01
201300008570;0;7;0;0;2;5;15;B02
201300008571;0;14;0;2;0;1;1;A01
201300008572;0;7;0;3;0;1;1;A01
201300008573;0;33;0;0;2;7;1;B02
201300008573;0;10;0;0;2;7;15;A01
201300008574;0;33;0;0;2;2;1;A01
201300008574;0;7;0;0;2;3;15;B02
201300008575;0;33;0;0;2;2;1;B02
201300008575;0;7;0;0;2;3;9;A01
201300008576;0;7;0;3;2;8;17;A01
201300008576;0;10;0;0;2;2;1;B02
201300008577;0;7;0;13;0;1;13;A01
201300008578;0;10;0;0;1;4;4;A01
201300008578;0;10;0;0;2;1;23;B02
201300008579;0;7;0;0;2;8;0;A01
201300008579;0;7;0;0;2;1;19;B02
201300008580;0;10;0;0;2;2;15;B02
201300008580;0;33;0;0;2;1;0;A01
201300008581;0;7;0;0;2;1;0;C03
201300008581;0;7;0;0;2;1;0;B02
201300008581;0;7;0;0;2;1;13;A01
201300008582;0;7;0;0;2;4;1;B02
201300008582;0;33;0;0;2;1;1;A01
201300008583;0;7;0;13;0;2;1;A01
201300008584;0;33;0;6;0;3;16;A01
201300008585;0;7;0;0;2;3;15;B02
201300008585;0;2;0;0;2;7;17;A01
201300008586;0;7;0;13;2;8;1;A01
201300008586;0;7;0;0;2;1;1;B02
201300008587;0;7;0;2;0;1;10;A01
201300008588;0;7;0;0;0;0;1;A01
201300008589;0;33;0;0;1;1;1;A01
201300008590;0;7;0;6;0;1;1;A01
201300008591;0;33;0;0;0;0;1;A01
201300008592;0;7;0;0;0;2;0;A01
201300008593;0;7;0;0;0;3;13;A01
201300008593;0;7;0;0;0;3;0;B02
201300008594;0;7;0;0;2;2;1;A01
201300008594;0;7;0;0;2;1;1;B02
201300008594;0;7;0;0;2;1;1;C03
201300008595;0;7;0;13;0;2;14;A01
201300008596;0;7;0;0;1;1;1;A01
201300008597;0;7;0;0;2;8;15;B02
201300008597;0;7;0;0;2;1;1;A01
201300008598;0;7;0;0;2;2;13;A01
201300008598;0;7;0;0;2;3;1;B02
201300008599;0;33;0;0;2;1;1;B02
201300008599;0;7;0;0;2;2;15;A01
201300008600;0;7;0;0;1;1;1;A01
201300008601;0;7;0;0;1;2;1;A01
201300008602;0;15;0;0;2;1;1;B02
201300008602;0;7;0;0;2;7;13;A01
201300008603;0;7;0;0;2;8;1;B02
201300008603;0;31;0;0;2;3;13;A01
201300008604;0;7;0;13;0;1;0;A01
201300008605;0;7;0;13;0;1;0;A01
201300008606;0;7;0;0;2;1;1;B02
201300008606;0;7;0;0;2;1;5;A01
201300008607;0;7;0;0;2;3;1;B02
201300008607;0;7;0;0;2;3;13;A01
201300008608;0;7;0;2;0;3;13;A01
201300008609;0;7;0;6;0;1;1;A01
201300008610;0;1;0;13;0;0;14;A01
201300008611;0;10;0;0;1;3;2;A01
201300008612;0;10;0;0;2;2;1;A01
201300008612;0;10;0;0;2;1;0;B02
201300008613;0;33;0;13;0;1;14;A01
201300008614;0;7;0;0;2;1;1;A01
201300008614;0;7;0;0;2;3;15;B02
201300008615;0;7;0;2;0;3;13;A01
201300008616;0;10;0;0;1;6;20;A01
201300008617;0;33;0;13;0;1;0;A01
201300008618;0;7;0;8;0;8;1;A01
201300008619;0;7;0;2;0;1;14;A01
201300008620;0;33;0;6;0;7;1;A01
201300008621;0;33;0;0;2;1;13;A01
201300008621;0;7;0;0;2;3;19;B02
201300008622;0;7;0;0;2;5;11;C03
201300008622;0;7;0;0;2;3;2;B02
201300008622;0;7;0;0;2;1;11;A01
201300008623;0;10;0;13;0;2;13;A01
201300008624;0;30;0;0;0;0;1;A01
201300008625;0;7;0;0;2;2;1;B02
201300008625;0;7;0;0;2;3;9;A01
201300008626;0;7;0;0;1;1;9;A01
201300008627;0;7;0;0;2;3;5;A01
201300008627;0;7;0;0;2;3;1;B02
201300008628;0;7;0;0;0;9;14;A01
201300008629;0;7;0;13;0;9;13;A01
201300008630;0;7;0;0;2;1;1;B02
201300008630;0;7;0;0;2;2;11;A01
201300008631;0;10;0;13;0;3;1;A01
201300008632;0;1;0;0;0;4;15;B02
201300008632;0;7;0;0;2;3;1;A01
201300008633;0;33;0;0;2;1;17;C03
201300008633;0;7;0;0;2;6;10;A01
201300008634;0;33;0;0;2;1;1;B02
201300008634;0;7;0;0;2;3;15;A01
201300008635;0;7;0;0;2;2;2;B02
201300008635;0;7;0;6;0;1;2;A01
201300008636;0;31;0;1;0;1;1;A01
201300008636;0;10;0;0;2;6;1;B02
201300008637;0;7;0;2;0;1;1;A01
201300008638;0;7;0;13;0;1;13;A01
201300008639;0;30;0;15;0;3;1;A01
201300008640;0;7;0;0;1;3;1;A01
201300008641;0;7;0;0;0;1;1;A01
201300008641;0;7;0;0;0;1;1;B02
201300008642;0;38;0;0;2;2;1;B02
201300008642;0;7;0;0;2;3;1;A01
201300008643;0;7;0;0;2;3;1;A01
201300008643;0;7;0;0;2;3;1;B02
201300008644;0;31;0;0;2;1;1;B02
201300008644;0;15;0;0;2;3;1;C03
201300008644;0;15;0;0;0;0;1;A01
201300008645;0;15;0;0;1;2;1;A01
201300008646;0;7;0;13;0;2;1;A01
201300008647;0;7;0;0;9;2;1;A01
201300008647;0;1;0;0;2;4;1;B02
201300008648;0;7;0;3;0;3;13;A01
201300008649;0;33;0;6;0;1;1;A01
201300008650;0;7;0;0;1;2;1;A01
201300008651;0;33;0;13;0;1;14;A01
201300008652;0;7;0;0;2;8;15;B02
201300008652;0;33;0;0;2;2;17;A01
201300008653;0;31;0;7;0;2;1;A01
201300008654;0;7;0;0;1;0;16;A01
201300008655;0;7;0;2;0;1;19;A01
201300008656;0;10;0;0;2;4;1;B02
201300008656;0;33;0;0;2;1;1;A01
201300008657;0;7;0;0;2;2;1;B02
201300008657;0;7;0;0;2;3;15;A01
201300008658;0;33;0;0;2;2;2;A01
201300008658;0;7;0;0;0;5;23;B02
201300008659;0;7;0;8;0;3;19;A01
201300008660;0;7;0;4;0;3;14;A01
201300008661;0;7;0;0;2;6;15;B02
201300008661;0;7;0;0;2;1;17;A01
201300008662;0;7;0;0;2;1;13;A01
201300008662;0;10;0;0;2;1;1;B02
201300008663;0;33;0;0;1;1;1;A01
201300008664;0;7;0;0;2;2;1;B02
201300008664;0;7;0;0;2;3;13;A01
201300008665;0;7;0;6;0;1;1;A01
201300008666;0;1;0;0;2;5;1;B02
201300008666;1;99;0;0;2;0;0;Z01
201300008667;0;33;0;12;0;2;1;A01
201300008668;0;7;0;0;2;1;1;B02
201300008668;0;37;0;0;2;1;1;A01
201300008669;0;7;0;0;2;3;1;B02
201300008669;0;7;0;0;2;3;5;A01
201300008669;0;10;0;0;9;1;1;C03
201300008670;0;7;0;16;0;0;1;A01
201300008671;0;7;0;0;2;8;1;A01
201300008671;0;7;0;0;2;1;1;B02
201300008672;0;33;0;0;2;1;1;B02
201300008672;0;33;0;0;2;1;1;A01
201300008673;0;7;0;0;2;1;15;B02
201300008673;0;33;0;0;2;1;1;A01
201300008674;0;7;0;3;2;3;1;A01
201300008674;0;7;0;3;2;1;1;B02
201300008675;0;7;0;0;2;1;13;A01
201300008675;0;7;0;0;2;1;1;B02
201300008676;0;7;0;0;2;7;17;A01
201300008676;0;1;0;0;2;8;11;B02
201300008677;0;10;0;0;1;2;1;A01
201300008678;0;7;0;0;2;0;1;B02
201300008678;0;7;0;0;2;0;1;A01
201300008678;0;7;0;1;2;5;24;C03
201300008679;0;7;0;16;0;2;1;A01
201300008680;0;33;0;10;0;4;1;A01
201300008681;0;7;0;0;2;1;1;A01
201300008681;0;7;0;0;2;1;13;B02
201300008682;0;31;0;8;0;7;14;A01
201300008683;0;7;0;0;2;1;1;B02
201300008683;0;7;0;0;2;7;13;A01
201300008684;0;33;0;0;0;7;16;A01
201300008685;0;7;0;13;0;2;1;A01
201300008686;0;7;0;0;1;1;1;A01
201300008687;0;7;0;13;0;0;1;A01
201300008688;0;7;0;10;0;1;1;A01
201300008689;0;7;0;0;2;1;13;A01
201300008689;0;7;0;0;2;1;1;C03
201300008689;0;7;0;0;2;3;1;B02
201300008690;0;7;0;0;1;1;1;A01
201300008691;0;7;0;0;2;1;1;C03
201300008691;0;10;0;0;2;3;13;A01
201300008691;0;7;0;0;2;6;1;B02
201300008692;0;15;0;0;2;8;17;A01
201300008692;0;32;0;0;2;7;17;B02
201300008693;0;30;0;0;0;1;1;A01
201300008694;0;7;0;0;2;1;1;B02
201300008694;0;7;0;0;2;8;9;A01
201300008695;0;3;0;7;0;2;14;A01
201300008696;0;7;0;2;0;8;0;A01
201300008697;0;33;0;0;1;2;1;A01
201300008698;0;7;0;13;0;1;1;A01
201300008699;0;33;0;2;0;1;1;A01
201300008700;0;7;0;2;0;2;14;A01
201300008701;0;33;0;16;0;8;1;A01
201300008702;0;17;0;0;2;3;1;B02
201300008702;0;7;0;0;2;1;13;A01
201300008703;0;7;0;0;2;3;1;B02
201300008703;0;7;0;0;2;1;13;A01
201300008704;0;33;0;3;0;1;1;A01
201300008705;0;7;0;0;1;2;23;A01
201300008706;0;33;0;13;0;7;1;A01
201300008707;0;7;0;0;2;6;19;A01
201300008707;0;7;0;0;2;1;1;B02
201300008708;0;7;0;8;2;1;1;A01
201300008708;0;7;0;9;0;7;1;B02
201300008709;0;33;0;13;0;1;21;A01
201300008710;0;7;0;2;0;7;1;A01
201300008711;0;33;0;13;0;2;17;A01
201300008712;0;7;0;13;0;9;0;A01
201300008713;0;10;0;0;0;9;1;A01
201300008714;0;33;0;13;0;8;1;A01
201300008715;0;7;0;13;0;0;1;A01
201300008716;0;33;0;0;0;7;1;A01
201300008717;0;7;0;0;2;8;1;B02
201300008717;0;33;0;0;2;1;13;A01
201300008718;0;7;0;2;0;1;14;A01
201300008719;0;7;0;0;0;0;1;A01
201300008720;0;33;0;0;6;1;1;A01
201300008721;0;7;0;0;2;3;17;A01
201300008721;0;7;0;0;2;3;1;B02
201300008722;0;33;0;0;0;1;1;A01
201300008723;0;7;0;0;2;6;15;A01
201300008723;0;33;0;0;2;9;1;B02
201300008724;0;21;0;0;0;0;1;A01
201300008725;0;14;0;3;0;0;1;A01
201300008726;0;10;0;0;2;1;1;B02
201300008726;0;30;0;0;2;1;13;A01
201300008727;0;33;0;16;0;0;1;A01
201300008728;0;33;0;0;0;8;1;A01
201300008729;0;7;0;0;2;1;13;A01
201300008729;0;7;0;0;2;1;1;B02
201300008730;0;7;0;0;0;0;1;A01
201300008731;0;33;0;13;0;1;1;A01
201300008732;0;33;0;0;0;8;1;B02
201300008732;0;7;0;13;0;1;21;A01
201300008733;0;31;0;0;0;7;1;B02
201300008733;0;10;0;0;0;0;9;A01
201300008734;0;7;0;10;0;1;1;A01
201300008735;0;33;0;0;2;1;19;B02
201300008735;0;7;0;0;2;3;1;A01
201300008736;0;7;0;0;2;3;1;A01
201300008736;0;7;0;0;0;3;1;B02
201300008736;0;7;0;0;2;1;1;C03
201300008737;0;7;0;0;1;2;15;A01
201300008738;0;30;0;0;2;1;0;A01
201300008738;0;7;0;0;2;1;1;B02
201300008739;0;7;0;0;1;3;1;A01
201300008740;0;7;0;0;1;3;1;A01
201300008741;0;33;0;4;0;7;1;A01
201300008742;0;33;0;0;2;1;1;B02
201300008742;0;7;0;0;2;8;19;A01
201300008743;0;31;0;0;2;1;13;A01
201300008743;0;10;0;0;2;3;1;B02
201300008744;0;31;0;0;2;1;1;A01
201300008744;0;7;0;0;2;3;15;B02
201300008745;0;7;0;0;2;1;1;C03
201300008745;0;7;0;0;2;1;5;A01
201300008745;0;7;0;0;2;1;1;B02
201300008746;0;31;0;0;2;1;1;A01
201300008746;0;7;0;0;2;3;19;B02
201300008747;0;7;0;0;2;1;1;A01
201300008747;0;1;0;0;2;4;1;B02
201300008748;0;10;0;8;0;1;1;A01
201300008749;0;7;0;0;2;2;19;A01
201300008749;0;34;0;0;2;1;1;B02
201300008750;0;10;0;0;2;1;2;A01
201300008750;0;15;0;0;0;4;1;B02
201300008751;0;7;0;0;2;2;1;A01
201300008751;0;33;0;0;2;1;20;B02
201300008752;0;7;0;0;2;3;5;A01
201300008752;0;10;0;0;2;2;1;B02
201300008753;0;1;0;0;2;8;1;B02
201300008753;0;1;0;0;2;7;1;A01
201300008754;0;7;0;13;0;2;1;A01
201300008755;0;7;0;0;2;1;2;A01
201300008755;0;7;0;0;2;4;23;C03
201300008755;0;7;0;0;2;4;23;B02
201300008755;0;7;0;0;0;4;23;D04
201300008756;0;7;0;0;2;1;19;B02
201300008756;0;30;0;0;2;7;19;A01
201300008757;0;7;0;0;2;8;10;A01
201300008757;0;10;0;0;2;1;2;B02
201300008758;0;7;0;0;1;2;1;A01
201300008759;0;17;0;0;2;3;1;A01
201300008759;0;7;0;0;2;8;2;B02
201300008760;0;7;0;0;2;1;1;B02
201300008760;0;2;0;0;2;7;6;A01
201300008761;0;7;0;0;0;0;15;B02
201300008761;0;1;0;0;2;0;1;A01
201300008762;0;7;0;0;4;1;14;A01
201300008762;0;39;0;0;0;0;0;B02
201300008763;0;33;0;0;2;4;2;B02
201300008763;0;7;0;0;2;3;2;A01
201300008764;0;33;0;6;0;1;1;A01
201300008765;0;7;0;0;0;9;1;A01
201300008766;0;14;0;0;0;8;0;D04
201300008766;0;7;0;0;0;8;0;B02
201300008766;0;33;0;1;0;1;1;A01
201300008766;0;14;0;0;0;6;0;C03
201300008767;0;7;0;0;1;3;1;A01
201300008768;0;7;0;13;0;6;1;A01
201300008769;0;7;0;0;2;7;17;B02
201300008769;0;7;0;0;2;3;1;C03
201300008769;0;38;0;0;2;8;24;A01
201300008769;0;7;0;0;2;1;1;D04
201300008770;0;30;0;0;2;2;2;B02
201300008770;0;7;0;0;2;3;2;A01
201300008771;0;33;0;5;0;1;1;A01
201300008772;0;10;0;0;0;0;1;A01
201300008773;0;7;0;0;1;8;1;A01
201300008774;0;1;0;0;2;8;0;B02
201300008774;1;99;0;0;2;7;0;A01
201300008775;0;7;0;0;1;1;1;A01
201300008776;0;7;0;0;2;4;23;A01
201300008776;0;7;0;0;2;1;2;B02
201300008777;0;7;0;0;0;8;9;B02
201300008777;0;2;0;0;2;1;9;A01
201300008778;0;7;0;0;1;1;1;A01
201300008779;0;7;0;0;1;1;1;A01
201300008780;0;7;0;0;2;1;1;B02
201300008780;0;7;0;0;2;7;1;A01
201300008781;0;30;0;0;2;1;2;A01
201300008781;0;7;0;0;0;5;2;B02
201300008782;0;33;0;0;5;1;0;A01
201300008783;0;7;0;0;2;3;13;A01
201300008783;0;7;0;0;2;8;1;B02
201300008783;0;7;0;0;2;3;1;C03
201300008784;0;7;0;0;1;1;9;A01
201300008785;0;7;0;0;2;1;5;A01
201300008785;0;10;0;0;2;3;2;B02
201300008786;0;7;0;0;0;8;15;A01
201300008786;0;32;0;0;2;1;17;B02
201300008787;0;7;0;4;0;2;1;A01
201300008788;0;10;0;0;1;7;2;A01
201300008789;0;30;0;0;0;4;2;B02
201300008789;0;7;0;0;2;3;2;A01
201300008790;0;7;0;0;0;2;1;A01
201300008790;0;30;0;0;2;5;19;B02
201300008791;0;7;0;13;0;0;0;A01
201300008792;0;30;0;0;0;0;1;A01
201300008793;0;33;0;0;2;1;1;A01
201300008793;0;7;0;0;2;3;6;B02
201300008794;0;33;0;0;0;0;1;A01
201300008795;0;7;0;0;9;7;1;A01
201300008795;0;39;0;0;2;1;0;B02
201300008796;0;7;0;0;2;3;1;B02
201300008796;0;33;0;0;2;3;17;A01
201300008797;0;7;0;0;2;2;1;C03
201300008797;0;7;0;0;2;3;13;A01
201300008797;0;10;0;0;2;8;1;B02
201300008798;0;7;0;0;2;1;13;A01
201300008798;0;7;0;0;2;1;1;B02
201300008799;0;7;0;0;2;3;13;A01
201300008799;0;7;0;0;2;3;1;B02
201300008800;0;7;0;4;0;2;1;A01
201300008801;0;7;0;3;0;1;1;A01
201300008802;0;7;0;0;0;3;0;B02
201300008802;0;2;0;0;0;1;0;A01
201300008803;2;7;0;0;1;0;0;A01
201300008804;0;33;0;0;0;4;1;A01
201300008805;0;7;0;0;2;1;1;B02
201300008805;0;7;0;0;2;1;17;A01
201300008806;0;1;0;6;0;1;0;A01
201300008807;0;7;0;0;1;1;1;A01
201300008808;0;7;0;0;0;9;1;A01
201300008809;0;10;0;0;1;4;4;A01
201300008810;0;7;0;0;2;3;1;B02
201300008810;0;7;0;0;2;3;13;A01
201300008811;0;7;0;10;0;1;14;A01
201300008812;0;7;0;13;0;3;1;A01
201300008813;0;7;0;13;0;3;1;A01
201300008814;0;10;0;13;0;8;1;A01
201300008815;0;7;0;8;0;1;1;A01
201300008816;0;7;0;0;2;1;1;A01
201300008816;0;7;0;0;2;1;1;B02
201300008817;0;7;0;0;2;1;1;B02
201300008817;0;7;0;0;2;7;13;A01
201300008818;0;7;0;6;0;1;1;A01
201300008819;0;31;0;0;0;3;1;A01
201300008819;0;7;0;0;2;1;5;B02
201300008820;0;7;0;0;2;1;1;B02
201300008820;0;7;0;8;2;1;1;A01
201300008821;0;7;0;0;2;6;13;A01
201300008821;0;7;0;0;2;8;1;B02
201300008822;0;7;0;0;2;3;1;B02
201300008822;0;7;0;0;2;2;19;A01
201300008823;0;31;0;0;4;7;1;B02
201300008823;0;39;2;0;2;1;1;A01
201300008824;0;32;0;0;2;8;1;B02
201300008824;0;14;0;0;2;3;3;A01
201300008825;0;7;0;0;2;3;13;A01
201300008825;0;17;0;0;2;3;1;B02
201300008826;0;33;0;6;0;0;5;A01
201300008827;0;33;0;0;2;1;13;A01
201300008827;0;7;0;0;2;1;1;B02
201300008828;0;33;0;0;2;1;17;A01
201300008828;0;10;0;0;2;4;15;B02
201300008829;0;7;0;2;0;1;1;A01
201300008830;0;7;0;0;2;3;13;A01
201300008830;0;7;0;0;2;3;1;B02
201300008831;0;10;0;0;2;3;1;A01
201300008831;0;7;0;0;2;5;15;B02
201300008832;0;30;0;14;0;1;1;A01
201300008833;0;33;0;0;0;0;2;A01
201300008834;0;7;0;0;2;1;13;A01
201300008834;0;7;0;0;2;1;1;B02
201300008835;0;7;0;0;2;1;1;B02
201300008835;0;7;0;2;2;4;19;A01
201300008836;0;10;0;2;0;1;5;A01
201300008837;0;7;0;0;2;3;1;A01
201300008837;0;7;0;0;2;3;1;B02
201300008838;0;7;0;5;0;1;1;A01
201300008839;0;7;0;0;2;3;15;A01
201300008839;0;7;0;0;2;2;1;B02
201300008840;0;7;0;0;2;1;21;A01
201300008840;0;7;0;0;2;8;9;B02
201300008841;0;10;0;2;0;1;1;A01
201300008842;0;10;0;0;0;3;1;A01
201300008843;0;7;0;0;2;3;13;A01
201300008843;0;7;0;0;2;3;1;B02
201300008843;0;10;0;0;2;1;1;C03
201300008844;0;30;0;0;0;0;1;A01
201300008845;0;2;0;13;0;2;14;A01
201300008846;0;33;0;0;2;3;1;A01
201300008846;0;33;0;0;2;3;1;B02
201300008847;0;33;0;0;0;0;21;A01
201300008848;0;31;0;12;0;1;1;A01
201300008849;0;10;0;6;0;2;21;A01
201300008850;0;7;0;2;0;7;1;A01
201300008851;0;33;0;0;2;1;2;A01
201300008851;0;10;0;0;0;6;15;B02
201300008852;0;7;0;0;0;5;15;A01
201300008852;0;1;0;0;0;1;1;B02
201300008853;0;7;0;13;0;1;1;A01
201300008854;0;1;0;1;0;1;17;A01
201300008854;0;7;0;0;2;3;15;B02
201300008855;0;7;0;13;0;3;1;A01
201300008856;0;7;0;6;0;1;1;A01
201300008857;0;7;0;13;0;2;14;A01
201300008858;0;33;0;0;2;7;13;A01
201300008858;0;7;0;0;2;2;1;B02
201300008859;0;7;0;0;2;3;15;A01
201300008859;0;30;0;0;2;2;1;B02
201300008860;0;2;0;0;2;1;1;A01
201300008860;0;7;0;0;2;6;20;B02
201300008861;0;33;0;0;2;2;21;A01
201300008861;0;7;0;0;2;0;5;B02
201300008862;0;10;0;6;0;1;15;A01
201300008863;0;7;0;0;2;3;19;A01
201300008863;0;1;0;0;2;2;19;B02
201300008864;0;7;0;0;2;7;13;A01
201300008864;0;7;0;0;2;1;1;B02
201300008865;0;7;0;0;2;1;19;A01
201300008865;0;31;0;0;2;7;17;B02
201300008866;0;7;0;2;0;0;1;A01
201300008867;0;7;0;0;2;3;2;A01
201300008867;0;32;0;0;2;1;17;B02
201300008868;0;7;0;13;2;8;1;A01
201300008868;0;10;0;0;2;8;17;B02
201300008868;0;7;0;0;2;7;17;C03
201300008869;0;7;0;0;2;8;15;A01
201300008869;0;33;0;0;2;1;17;B02
201300008870;0;10;0;0;2;8;13;A01
201300008870;0;33;0;0;2;2;17;B02
201300008871;0;7;0;2;0;1;13;A01
201300008872;0;7;0;0;2;3;11;A01
201300008872;0;2;0;0;2;2;1;B02
201300008873;0;15;0;0;2;2;13;A01
201300008873;0;7;0;6;2;9;0;B02
201300008874;0;7;0;0;2;4;2;A01
201300008874;0;33;0;0;2;1;1;B02
201300008875;0;7;0;0;2;1;13;A01
201300008875;0;7;0;0;2;3;1;B02
201300008876;0;7;0;0;2;3;1;A01
201300008876;0;7;0;0;2;3;13;B02
201300008877;0;7;0;6;0;2;13;A01
201300008878;0;7;0;0;0;2;1;A01
201300008879;0;33;0;13;0;1;13;A01
201300008880;0;7;0;0;1;6;4;A01
201300008881;0;7;0;0;2;3;15;A01
201300008881;0;33;0;0;2;1;17;B02
201300008882;0;7;0;0;2;3;13;A01
201300008882;0;33;0;0;2;8;1;B02
201300008883;0;10;0;8;0;1;0;A01
201300008884;0;7;0;0;1;1;0;A01
201300008885;0;7;0;0;2;3;13;A01
201300008885;0;7;0;0;2;2;0;B02
201300008886;0;7;0;0;2;7;15;A01
201300008886;0;33;0;0;2;3;1;B02
201300008886;0;7;0;0;2;2;1;C03
201300008887;0;30;0;0;0;0;1;A01
201300008888;0;7;0;0;2;3;10;A01
201300008888;0;7;0;0;2;1;1;B02