num_acc;senc;catv;occutc;obs;obsm;choc;manv;num_veh
201300008889;0;31;0;0;2;2;17;A01
201300008889;0;7;0;0;2;8;15;B02
201300008890;0;31;0;0;2;1;2;A01
201300008890;0;7;0;0;0;4;2;B02
201300008891;0;15;0;0;0;3;19;B01
201300008891;0;33;0;0;0;2;17;A02
201300008892;0;33;0;0;2;1;14;A01
201300008892;0;33;0;0;2;1;0;B02
201300008892;0;31;0;0;2;0;0;C03
201300008892;0;33;0;0;0;0;0;D04
201300008893;0;7;0;12;0;3;0;A01
201300008894;0;2;0;0;2;9;13;A01
201300008894;0;7;0;0;2;8;1;B02
201300008894;0;7;0;0;2;3;1;C03
201300008895;0;33;0;6;2;1;17;A01
201300008895;0;7;0;0;2;4;17;B02
201300008896;0;7;0;4;0;3;1;B02
201300008896;0;7;0;0;0;1;5;A01
201300008897;0;7;0;0;0;4;1;B02
201300008897;0;33;0;0;2;1;1;A01
201300008898;0;7;0;0;2;1;1;A01
201300008898;0;7;0;0;2;1;1;B02
201300008899;0;33;0;0;2;1;17;A01
201300008899;0;7;0;0;2;3;15;B02
201300008900;0;7;0;0;2;2;1;A01
201300008900;0;7;0;0;2;1;9;B02
201300008901;0;33;0;0;2;1;1;B02
201300008901;0;7;0;0;2;3;19;A01
201300008902;0;7;0;0;2;3;1;B02
201300008902;0;33;0;0;0;6;9;A01
201300008903;0;14;0;2;0;1;1;A01
201300008904;0;7;0;0;2;3;13;A01
201300008904;0;7;0;0;2;3;1;B02
201300008905;0;7;0;0;2;8;1;A01
201300008905;0;7;0;0;2;3;1;C03
201300008905;0;7;0;0;2;3;1;B02
201300008906;0;7;0;0;1;2;1;A01
201300008907;0;14;0;0;1;5;4;A01
201300008908;0;7;0;13;0;2;1;A01
201300008909;0;10;0;0;2;8;5;B02
201300008909;0;33;0;0;2;1;5;A01
201300008910;0;32;0;0;2;8;13;A01
201300008910;0;7;0;0;2;3;21;B02
201300008911;0;7;0;0;6;2;0;A01
201300008912;0;1;0;0;2;8;2;B02
201300008912;0;14;0;0;9;2;2;A01
201300008913;0;7;0;0;2;3;1;B02
201300008913;0;33;0;0;2;7;13;A01
201300008914;0;33;0;0;0;9;1;A01
201300008915;0;38;0;0;2;1;1;B02
201300008915;0;7;0;0;2;1;13;A01
201300008916;0;7;0;1;0;1;14;A01
201300008917;0;7;0;0;2;7;1;C03
201300008917;0;7;0;0;2;3;6;A01
201300008917;0;7;0;0;2;3;1;B02
201300008918;0;7;0;0;2;1;13;A01
201300008918;0;33;0;0;2;1;1;B02
201300008919;0;33;0;0;2;8;1;A01
201300008919;0;7;0;0;2;3;0;B02
201300008920;0;33;0;0;2;1;2;A01
201300008920;0;7;0;0;2;4;0;B02
201300008921;0;31;0;0;0;0;1;A01
201300008922;0;31;0;0;0;1;0;C03
201300008922;0;7;0;0;0;6;1;A01
201300008922;0;31;0;0;2;0;13;B02
201300008923;0;7;0;0;2;3;1;B02
201300008923;0;33;0;0;2;3;17;A01
201300008924;0;7;0;0;2;3;13;A01
201300008924;0;33;0;0;2;1;1;B02
201300008925;0;7;0;0;0;3;5;A01
201300008925;0;7;0;0;0;1;1;B02
201300008926;0;10;0;0;1;3;19;A01
201300008927;0;7;0;0;0;7;13;A01
201300008927;0;10;0;0;0;1;1;B02
201300008928;0;7;0;0;2;1;1;B02
201300008928;0;7;0;0;2;1;15;A01
201300008929;0;7;0;0;2;5;15;A01
201300008929;0;33;0;0;2;1;1;B02
201300008930;0;7;0;13;0;7;14;A01
201300008931;0;34;0;6;0;1;1;A01
201300008932;0;30;0;0;2;3;1;A01
201300008932;0;7;0;0;2;3;18;B02
201300008932;0;7;0;0;2;6;21;C03
201300008932;0;14;0;0;0;1;17;D04
201300008933;0;7;0;0;2;7;16;B02
201300008933;0;31;0;0;2;1;1;A01
201300008934;0;7;0;0;2;1;5;A01
201300008934;0;7;0;0;2;1;1;B02
201300008935;0;20;0;16;0;8;17;A01
201300008936;0;31;0;0;2;1;2;A01
201300008936;0;7;0;0;0;6;2;B02
201300008937;0;7;0;5;0;8;0;A01
201300008938;2;7;0;0;2;1;9;B02
201300008938;0;32;0;0;2;7;1;A01
201300008939;0;7;0;0;2;3;0;B02
201300008939;0;7;0;0;2;3;5;A01
201300008940;0;7;0;0;2;1;1;B02
201300008940;0;7;0;0;2;7;13;A01
201300008941;0;7;0;0;2;3;1;B02
201300008941;0;7;0;0;2;1;13;A01
201300008942;0;7;0;13;0;2;1;A01
201300008943;0;7;0;13;0;8;13;A01
201300008944;0;7;0;0;0;9;17;A01
201300008945;0;7;0;0;2;8;1;A01
201300008945;0;7;0;0;2;1;1;B02
201300008946;0;10;0;0;5;1;1;A01
201300008947;0;7;0;13;0;8;1;A01
201300008948;0;7;0;13;0;1;1;A01
201300008949;0;30;0;0;0;1;1;A01
201300008950;0;33;0;0;2;1;1;A01
201300008950;0;10;0;0;0;5;15;B02
201300008951;0;7;0;0;0;0;0;A01
201300008952;0;10;0;0;2;1;1;B02
201300008952;0;7;0;0;2;8;9;A01
201300008953;0;33;0;0;2;0;1;B02
201300008953;0;7;0;0;2;5;15;A01
201300008954;0;32;0;0;2;1;1;A01
201300008954;0;7;0;0;0;6;4;B02
201300008955;0;15;0;0;0;3;1;B02
201300008955;0;7;0;0;0;3;13;A01
201300008956;0;10;0;0;1;3;1;A01
201300008957;0;7;0;8;0;7;1;A01
201300008958;0;33;0;0;2;1;17;A01
201300008958;0;7;0;0;2;6;15;B02
201300008959;0;7;0;0;2;2;17;A01
201300008959;0;7;0;0;2;8;15;B02
201300008960;0;10;0;0;2;1;15;A01
201300008960;0;33;0;0;2;1;1;B02
201300008961;0;7;0;0;2;1;1;B02
201300008961;0;33;0;0;2;8;13;A01
201300008962;0;10;0;0;2;1;17;A01
201300008962;0;10;0;0;2;4;15;B02
201300008963;0;30;0;0;2;1;13;A01
201300008963;0;10;0;0;2;2;1;B02
201300008964;0;7;0;0;2;1;1;B02
201300008964;0;7;0;0;2;1;17;A01
201300008965;0;7;0;0;0;1;5;A01
201300008966;0;1;0;0;0;8;15;B02
201300008966;1;7;0;0;0;7;17;A01
201300008967;0;33;0;0;2;2;17;B02
201300008967;0;7;0;0;2;3;15;A01
201300008968;0;7;0;0;1;1;1;A01
201300008969;0;7;0;15;0;1;0;A01
201300008970;2;7;0;0;2;2;0;A01
201300008970;0;7;0;0;2;7;1;B02
201300008971;0;7;0;0;2;3;15;B02
201300008971;0;33;0;3;2;2;17;A01
201300008972;0;7;0;0;2;3;13;A01
201300008972;0;7;0;0;2;2;1;B02
201300008973;0;7;0;2;0;2;0;A01
201300008974;0;33;0;11;0;1;1;A01
201300008975;0;7;0;0;1;4;4;A01
201300008976;0;7;0;15;0;2;14;A01
201300008977;0;7;0;0;2;3;9;A01
201300008977;0;1;0;0;;7;1;B01
201300008978;0;32;0;0;2;3;5;A01
201300008978;0;7;0;0;;3;1;B01
201300008979;0;7;0;13;0;1;1;A01
201300008980;0;7;0;15;0;1;16;A01
201300008981;0;33;0;0;1;1;17;A01
201300008981;0;7;0;0;;1;23;B01
201300008982;0;7;0;0;1;1;1;A01
201300008983;0;10;0;0;2;1;2;A01
201300008983;0;7;0;0;;4;2;B01
201300008984;0;15;0;0;2;3;1;B01
201300008984;0;7;0;0;2;3;9;A01
201300008985;0;7;0;0;;2;1;B01
201300008985;0;7;0;0;2;3;15;A01
201300008986;0;10;0;0;2;3;5;C01
201300008986;0;7;0;0;1;2;23;B01
201300008986;0;10;0;0;2;1;2;A01
201300008987;0;7;0;16;0;2;1;A01
201300008988;0;10;0;0;2;3;15;A01
201300008988;0;7;0;0;2;3;1;B01
201300008989;0;7;0;0;2;3;15;A01
201300008989;0;38;4;0;;3;1;B01
201300008990;0;31;0;0;2;1;1;B01
201300008990;0;7;0;0;2;5;15;A01
201300008991;0;7;0;0;2;8;2;B01
201300008991;1;7;0;0;2;7;17;Z01
201300008992;0;7;0;6;0;9;16;A01
201300008993;0;7;0;0;;3;1;B01
201300008993;0;7;0;0;2;1;1;A01
201300008994;0;7;0;0;2;1;13;A01
201300008994;0;14;0;0;;1;23;B01
201300008995;0;7;0;0;2;1;13;A01
201300008995;0;10;0;0;;1;1;B01
201300008996;0;10;0;0;1;4;4;A01
201300008997;0;7;0;0;1;1;1;A01
201300008998;0;7;0;0;1;2;1;A01
201300008999;0;7;0;0;2;1;1;A01
201300008999;0;10;0;13;;4;1;B01
201300008999;0;7;0;0;2;1;1;C01
201300009000;0;7;0;0;2;3;1;A01
201300009000;0;37;1;0;2;1;1;B01
201300009001;0;7;0;0;2;6;17;A01
201300009001;0;10;0;0;2;6;1;B01
201300009001;0;7;0;0;2;1;1;C01
201300009001;0;7;0;0;2;2;1;D01
201300009002;0;7;0;0;1;7;1;A01
201300009003;0;7;0;0;2;1;1;A01
201300009003;0;7;0;0;;4;23;B01
201300009004;0;7;0;0;2;5;1;B01
201300009004;0;7;0;0;2;2;16;A01
201300009005;0;31;0;0;2;7;17;A01
201300009005;0;7;0;0;;6;1;B01
201300009006;0;33;0;0;;1;1;B01
201300009006;0;7;0;0;2;3;15;A01
201300009007;0;7;0;0;2;7;1;B01
201300009007;2;7;0;0;;0;1;Z01
201300009008;0;7;0;0;2;1;1;A01
201300009008;0;7;0;0;;4;23;B01
201300009009;0;33;0;0;2;3;1;A01
201300009009;0;16;0;0;0;2;16;B01
201300009010;0;7;0;0;1;3;1;A01
201300009011;0;31;0;0;2;1;17;A01
201300009011;0;7;0;0;2;2;15;B01
201300009012;0;7;0;0;2;1;1;B01
201300009012;0;7;0;0;2;1;13;A01
201300009013;0;7;0;0;1;7;16;A01
201300009014;0;7;0;0;9;1;15;A01
201300009014;0;1;0;0;;4;1;B01
201300009015;0;7;0;0;1;7;1;A01
201300009016;0;7;0;0;1;1;1;A01
201300009017;0;7;0;0;2;3;15;A01
201300009017;0;2;0;0;;7;1;B01
201300009018;0;7;0;0;2;3;9;A01
201300009018;0;38;40;0;;2;1;B01
201300009019;0;7;0;0;2;1;1;A01
201300009019;0;10;0;0;;3;1;B01
201300009020;0;15;0;0;2;3;1;A01
201300009020;0;7;0;0;;8;15;B01
201300009021;0;2;0;0;2;8;17;B01
201300009021;0;7;0;0;2;2;19;A01
201300009022;0;36;0;6;0;1;0;A01
201300009023;0;7;0;0;2;3;19;A01
201300009023;0;7;0;0;2;1;0;B02
201300009024;0;31;0;0;2;1;2;A01
201300009024;0;7;0;0;2;4;2;B02
201300009025;0;38;0;0;2;5;6;A01
201300009025;0;1;0;0;2;8;2;B02
201300009026;0;7;0;0;1;1;24;A01
201300009027;0;7;0;0;2;3;17;B02
201300009027;0;7;0;0;2;3;1;A01
201300009028;0;7;0;0;1;3;1;A01
201300009029;0;10;0;8;0;1;14;A01
201300009030;0;31;0;0;2;1;1;B02
201300009030;0;7;0;0;2;2;15;A01
201300009031;0;7;0;0;2;2;1;B02
201300009031;0;34;0;0;2;1;1;A01
201300009032;0;38;0;0;2;3;1;B02
201300009032;0;7;0;0;2;6;15;A01
201300009033;0;7;0;0;0;6;1;A01
201300009033;0;7;0;0;0;2;9;B02
201300009034;0;7;0;0;2;1;1;B02
201300009034;0;10;0;0;2;1;0;A01
201300009035;1;7;0;0;1;2;15;A01
201300009036;0;14;0;0;2;8;13;B02
201300009036;0;7;0;0;9;1;21;A01
201300009037;0;7;0;6;0;1;2;A01
201300009038;0;15;0;3;0;1;14;A01
201300009039;0;7;0;0;2;1;1;A01
201300009039;0;7;0;0;2;7;19;B02
201300009040;0;10;0;0;2;1;1;A01
201300009040;0;7;0;0;2;4;23;B02
201300009040;0;7;0;0;2;4;23;D04
201300009040;0;7;0;0;2;4;23;C03
201300009041;0;33;0;12;0;1;1;A01
201300009042;0;7;0;3;0;1;0;A01
201300009043;0;33;0;3;0;3;2;A01
201300009044;0;33;0;0;0;1;0;A01
201300009045;0;7;0;0;1;1;0;A01
201300009046;0;7;0;8;0;8;1;A01
201300009047;0;2;0;0;2;1;1;B02
201300009047;0;7;0;0;2;6;15;A01
201300009048;0;7;0;0;1;1;1;A01
201300009049;0;7;0;0;2;1;0;D04
201300009049;0;7;0;0;2;3;13;A01
201300009049;0;7;0;0;2;3;0;B02
201300009049;0;7;0;0;2;1;2;C03
201300009050;0;7;0;0;1;3;19;A01
201300009051;1;7;0;0;1;1;1;A01
201300009052;0;33;0;0;0;0;1;A01
201300009053;0;14;0;0;2;4;6;B02
201300009053;0;14;0;0;2;1;1;A01
201300009054;0;7;0;0;2;2;13;A01
201300009054;0;7;0;0;2;2;1;B02
201300009055;0;7;0;0;0;0;1;A01
201300009056;0;7;0;0;0;3;1;A01
201300009056;0;7;0;0;0;3;1;B02
201300009057;0;30;0;4;0;3;1;A01
201300009058;0;7;0;0;2;1;2;A01
201300009058;0;7;0;0;2;4;2;B02
201300009059;0;7;0;2;0;7;1;A01
201300009060;0;7;0;0;0;2;15;A01
201300009060;0;33;0;0;2;1;1;B02
201300009061;0;7;0;0;2;1;1;B02
201300009061;0;10;0;0;2;1;13;A01
201300009062;0;7;0;0;9;3;1;A01
201300009062;0;33;0;0;2;3;17;B02
201300009063;0;7;0;0;2;3;13;A01
201300009063;0;7;0;0;2;3;21;B02
201300009064;0;7;0;3;0;3;1;A01
201300009065;0;7;0;0;2;1;1;B02
201300009065;0;7;0;0;2;1;13;A01
201300009066;0;7;0;0;0;3;1;A01
201300009066;0;7;0;0;2;1;1;B02
201300009067;0;7;0;6;0;2;1;A01
201300009068;0;30;0;3;0;7;1;A01
201300009069;0;7;0;2;0;8;1;A01
201300009070;0;7;0;0;2;2;15;B02
201300009070;0;7;0;0;2;3;0;A01
201300009071;0;10;0;0;2;3;15;B02
201300009071;0;33;0;0;2;7;21;A01
201300009072;0;7;0;0;0;3;15;B02
201300009072;0;33;0;0;2;1;1;A01
201300009073;0;7;0;10;0;1;14;A01
201300009074;0;33;0;0;0;3;1;A01
201300009075;0;33;0;0;0;0;0;A01
201300009076;0;33;0;0;0;2;1;A01
201300009077;0;1;0;0;0;0;16;A01
201300009078;0;7;0;0;2;3;1;C03
201300009078;0;7;0;0;2;3;16;A01
201300009078;0;7;0;0;2;1;1;B02
201300009079;0;33;0;0;0;2;1;A01
201300009080;0;7;0;1;1;1;1;A01
201300009081;0;30;0;0;2;1;1;A01
201300009082;0;7;0;0;2;0;23;E05
201300009082;0;10;0;0;2;3;17;A01
201300009082;0;7;0;1;2;1;1;B02
201300009082;0;10;0;0;2;1;23;C03
201300009082;0;7;0;13;2;1;1;D04
201300009083;0;33;0;0;2;3;1;B02
201300009083;0;7;0;0;2;3;17;A01
201300009083;0;10;0;0;2;8;1;C03
201300009084;0;33;0;0;2;8;2;A01
201300009084;0;7;0;0;2;6;2;B02
201300009085;0;7;0;6;0;1;1;A01
201300009086;0;7;0;6;0;1;1;A01
201300009087;0;30;0;0;2;1;1;A01
201300009087;0;7;0;0;2;4;1;B02
201300009088;0;10;0;0;1;2;1;A01
201300009089;0;33;0;0;0;0;0;A01
201300009090;0;7;0;2;0;5;1;A01
201300009091;0;7;0;5;0;1;14;A01
201300009092;0;33;0;0;0;9;14;A01
201300009093;0;33;0;0;2;1;2;A01
201300009093;0;7;0;0;2;4;2;B02
201300009094;0;7;0;0;2;3;1;A01
201300009094;0;7;0;0;2;2;15;B02
201300009095;0;30;0;3;0;2;1;A01
201300009096;0;7;0;1;0;4;0;A01
201300009096;0;7;0;0;0;0;0;B02
201300009097;0;7;0;8;0;2;1;A01
201300009098;0;7;0;0;2;1;1;A01
201300009098;0;7;0;0;2;3;1;B02
201300009099;0;7;0;13;0;2;14;A01
201300009100;0;7;0;0;2;1;11;A01
201300009100;0;30;0;0;2;1;1;B02
201300009101;0;15;0;0;2;4;23;A01
201300009101;0;14;0;1;2;1;2;B02
201300009102;0;7;0;0;0;1;9;B02
201300009102;0;33;0;0;2;7;3;A01
201300009103;0;7;0;0;1;2;21;A01
201300009104;0;10;0;0;2;1;11;A01
201300009104;0;10;0;0;2;1;1;B02
201300009105;0;17;0;0;1;1;16;A01
201300009106;0;3;0;0;2;5;9;A01
201300009106;0;33;0;0;2;3;1;B02
201300009107;0;7;0;0;2;1;2;B02
201300009107;0;1;0;0;2;4;2;A01
201300009108;0;1;0;0;2;4;14;B02
201300009108;0;7;0;0;2;3;1;A01
201300009109;0;7;0;0;2;8;15;C03
201300009109;0;33;0;0;2;1;1;B02
201300009109;0;30;0;0;2;1;1;A01
201300009110;0;2;0;0;2;1;1;A01
201300009110;0;7;0;0;2;2;1;B02
201300009111;0;10;0;0;2;1;1;A01
201300009111;0;7;0;0;2;8;15;B02
201300009112;0;33;0;0;2;1;1;B02
201300009112;0;7;0;0;2;1;15;A01
201300009113;0;10;0;0;2;2;1;A01
201300009113;0;7;0;0;2;3;13;B02
201300009114;0;7;0;0;2;4;1;A01
201300009114;0;7;0;0;2;1;2;B02
201300009115;0;7;0;8;0;1;13;A01
201300009116;0;7;0;0;2;2;16;A01
201300009116;0;1;0;0;2;8;18;B02
201300009117;0;7;0;0;2;3;1;B02
201300009117;0;7;0;0;2;8;13;A01
201300009118;0;37;3;0;2;2;1;B02
201300009118;0;7;0;0;2;9;13;A01
201300009119;0;7;0;0;2;3;13;A01
201300009119;0;7;0;0;2;3;1;B02
201300009120;0;7;0;0;2;2;15;A01
201300009120;0;2;0;0;2;1;1;B02
201300009121;0;7;0;0;1;1;1;A01
201300009122;0;7;0;2;0;1;1;A01
201300009123;0;1;0;0;2;4;2;B02
201300009123;0;10;0;0;2;2;1;A01
201300009124;0;36;0;0;0;7;1;A01
201300009125;0;7;0;6;0;3;13;A01
201300009126;0;33;0;0;2;8;1;B02
201300009126;0;7;0;0;2;1;15;A01
201300009127;0;7;0;0;2;2;1;A01
201300009127;0;7;0;0;2;1;1;B02
201300009128;0;7;0;0;0;9;14;A01
201300009129;0;7;0;0;1;5;16;A01
201300009130;0;7;0;0;2;1;1;B02
201300009130;0;15;0;0;2;1;5;A01
201300009131;0;7;0;6;0;1;14;A01
201300009132;0;7;0;2;0;8;13;A01
201300009133;0;7;0;0;2;3;1;B02
201300009133;0;7;0;0;2;2;17;A01
201300009134;0;7;0;0;1;2;1;A01
201300009135;0;7;0;0;2;3;11;A01
201300009135;0;14;0;0;2;6;1;B02
201300009136;0;7;0;9;0;7;1;A01
201300009137;0;7;0;0;2;1;1;A01
201300009137;0;7;0;0;2;8;20;B02
201300009138;0;7;0;0;2;3;5;A01
201300009138;0;7;0;0;2;3;1;B02
201300009139;0;10;0;0;2;2;2;B02
201300009139;0;33;0;0;2;4;1;A01
201300009140;0;7;0;0;2;3;1;B02
201300009140;0;7;0;0;2;2;13;A01
201300009141;0;30;0;0;2;0;1;A01
201300009141;0;7;0;0;2;0;1;B02
201300009142;0;7;0;8;0;1;1;A01
201300009143;0;33;0;13;0;1;15;A01
201300009144;0;32;0;0;2;1;1;B02
201300009144;0;7;0;0;2;6;15;A01
201300009145;0;10;0;0;1;1;1;A01
201300009146;0;33;0;0;2;1;1;B02
201300009146;0;7;0;0;2;5;15;A01
201300009147;0;7;0;0;2;4;1;A01
201300009147;0;30;0;0;2;1;2;B02
201300009148;0;7;0;0;2;8;15;A01
201300009148;0;31;0;0;2;1;1;B02
201300009149;0;33;0;0;2;1;1;A01
201300009149;0;17;0;0;2;5;15;B02
201300009150;0;31;0;0;2;0;1;B02
201300009150;0;7;0;0;2;2;10;A01
201300009151;0;7;0;15;1;2;21;A01
201300009152;0;7;0;0;2;8;15;A01
201300009152;0;31;0;0;2;5;17;B02
201300009153;0;1;0;0;2;1;1;B02
201300009153;0;7;0;0;2;3;9;A01
201300009154;0;7;0;0;1;3;1;A01
201300009155;0;33;0;0;2;1;1;A01
201300009155;0;33;0;0;2;1;1;B02
201300009156;0;30;0;6;0;1;1;A01
201300009157;0;7;0;0;2;1;15;A01
201300009157;0;7;0;0;2;1;1;B02
201300009158;0;7;0;0;2;2;2;B02
201300009158;0;7;0;0;2;8;15;A01
201300009159;0;13;0;0;2;2;15;A01
201300009159;0;33;0;0;2;1;1;B02
201300009160;0;7;0;0;2;2;11;A01
201300009160;0;7;0;0;2;1;1;B02
201300009161;0;7;0;0;2;1;1;A01
201300009161;0;10;0;0;2;7;19;B02
201300009162;0;7;0;0;2;7;15;A01
201300009162;0;33;0;0;2;7;1;B02
201300009163;0;7;0;0;2;1;1;C03
201300009163;0;7;0;0;2;9;13;A01
201300009163;0;14;0;0;2;6;15;B02
201300009164;0;7;0;0;0;1;0;A01
201300009165;0;7;0;3;0;1;1;A01
201300009166;0;33;0;0;2;7;1;A01
201300009166;0;7;0;0;2;2;19;B02
201300009167;0;7;0;0;2;1;13;B02
201300009167;0;7;0;0;2;1;1;A01
201300009168;0;7;0;0;2;3;15;A01
201300009168;0;32;0;0;2;8;1;B02
201300009169;0;15;0;0;2;1;1;A01
201300009169;0;7;0;0;2;7;0;B02
201300009170;0;7;0;0;0;0;1;A01
201300009171;0;7;0;13;0;9;1;A01
201300009172;0;7;0;0;2;3;1;B02
201300009172;0;7;0;0;2;1;1;A01
201300009173;0;7;0;2;0;9;1;A01
201300009174;0;2;0;0;2;1;1;B02
201300009174;0;7;0;0;2;7;19;A01
201300009175;0;10;0;13;0;1;1;A01
201300009176;0;7;0;0;1;3;1;A01
201300009177;0;33;0;0;2;3;21;B02
201300009177;0;7;0;0;2;1;10;A01
201300009178;0;7;0;0;2;1;1;A01
201300009178;0;1;0;0;2;8;15;B02
201300009179;0;33;0;0;2;2;12;A01
201300009179;0;7;0;0;2;6;1;B02
201300009180;0;2;0;0;2;1;1;B02
201300009180;0;10;0;0;2;6;4;A01
201300009181;0;7;0;0;1;3;1;A01
201300009182;0;1;0;0;2;5;1;B02
201300009182;0;7;0;0;2;3;9;A01
201300009183;0;7;0;2;0;2;1;A01
201300009184;0;33;0;0;0;3;1;A01
201300009185;0;7;0;0;2;2;1;D04
201300009185;0;7;0;0;2;1;13;A01
201300009185;0;7;0;0;2;3;1;C03
201300009185;0;7;0;0;2;3;1;B02
201300009186;0;7;0;0;2;6;1;B02
201300009186;0;7;0;0;2;2;16;A01
201300009187;0;33;0;0;0;0;0;A01
201300009188;0;7;0;1;0;1;1;A01
201300009189;0;7;0;12;0;3;1;A01
201300009190;0;7;0;0;1;3;1;A01
201300009191;0;33;0;0;2;1;1;A01
201300009191;0;7;0;0;2;6;23;B02
201300009192;0;7;0;8;6;3;21;A01
201300009193;0;1;0;0;2;7;1;B02
201300009193;0;7;0;0;2;1;1;A01
201300009194;0;7;0;0;2;3;1;B02
201300009194;0;7;0;0;2;3;1;A01
201300009195;0;7;0;0;2;3;1;A01
201300009195;0;1;0;0;2;7;19;B02
201300009196;0;34;0;0;0;8;1;A01
201300009197;0;7;0;0;2;3;1;B02
201300009197;0;7;0;0;2;5;13;A01
201300009198;0;33;0;0;2;1;13;A01
201300009198;0;7;0;0;2;3;1;B02
201300009199;0;7;0;0;2;1;1;A01
201300009199;0;7;0;0;2;3;13;B02
201300009200;0;7;0;13;0;1;1;A01
201300009201;0;33;0;12;0;2;1;A01
201300009201;0;7;0;0;2;7;15;C03
201300009201;0;33;0;0;2;7;21;B02
201300009202;0;7;0;0;2;1;1;B02
201300009202;0;7;0;0;2;6;13;A01
201300009203;0;7;0;11;0;8;1;A01
201300009204;0;7;0;11;0;3;1;A01
201300009205;0;33;0;16;0;7;1;A01
201300009206;0;7;0;0;2;1;13;A01
201300009206;0;7;0;0;2;1;1;B02
201300009207;0;7;0;16;0;1;1;A01
201300009208;0;30;0;0;2;1;13;A01
201300009208;0;7;0;0;2;3;1;B02
201300009209;0;7;0;16;0;1;14;A01
201300009210;0;7;0;4;0;3;13;A01
201300009211;0;7;0;0;2;1;19;B02
201300009211;0;7;0;0;2;3;1;A01
201300009212;1;7;0;0;1;2;0;Z01
201300009213;0;7;0;0;2;5;1;B02
201300009213;0;34;0;0;2;1;3;A01
201300009214;0;32;0;14;2;1;6;B02
201300009214;0;7;0;0;2;6;1;A01
201300009215;0;7;0;6;0;3;1;A01
201300009216;0;7;0;0;1;1;1;A01
201300009217;0;7;0;4;2;3;1;A01
201300009217;0;7;0;4;0;4;2;C03
201300009217;0;7;0;;2;4;2;B02
201300009218;0;7;0;0;2;2;1;A01
201300009218;0;1;0;0;2;1;1;B02
201300009219;0;37;2;0;2;1;1;A01
201300009219;0;7;0;0;2;4;2;B02
201300009219;0;7;0;0;2;4;2;C03
201300009219;0;7;0;0;2;4;2;D04
201300009219;0;7;0;0;0;4;2;E05
201300009220;0;7;0;0;1;1;20;A01
201300009221;1;7;0;0;1;0;1;Z01
201300009222;0;7;0;1;1;3;2;A01
201300009223;0;33;0;2;0;1;1;A01
201300009224;0;33;0;14;0;1;1;A01
201300009225;0;7;0;0;0;5;15;A01
201300009225;0;33;0;0;0;1;1;B02
201300009226;0;10;0;0;9;2;2;A01
201300009226;0;1;0;0;2;4;2;B02
201300009227;0;7;0;0;2;2;1;B02
201300009227;0;31;0;0;2;8;19;A01
201300009228;0;7;0;0;2;1;13;A01
201300009228;0;10;0;0;2;2;21;B02
201300009229;0;7;0;0;2;3;13;A01
201300009229;0;7;0;0;2;3;1;B02
201300009230;0;10;0;0;2;3;13;A01
201300009230;0;15;0;0;2;3;1;B02
201300009230;0;7;0;0;2;1;1;C03
201300009231;0;33;0;0;0;8;1;A01
201300009232;0;33;0;0;6;1;0;A01
201300009233;0;14;0;0;0;0;0;A01
201300009234;0;7;0;0;1;3;19;A01
201300009235;0;7;0;16;0;9;1;A01
201300009236;0;33;0;0;2;7;13;A01
201300009236;0;7;0;0;2;7;1;B02
201300009237;0;7;0;0;6;8;21;A01
201300009238;0;7;0;0;2;1;1;A01
201300009238;0;7;0;0;1;4;23;B02
201300009239;0;7;0;2;0;4;1;A01
201300009240;0;7;0;0;0;1;1;A01
201300009241;0;13;0;0;2;3;1;B02
201300009241;0;7;0;0;2;7;19;A01
201300009242;0;7;0;14;0;1;1;A01
201300009243;0;7;0;0;2;1;5;A01
201300009243;0;10;0;0;2;1;1;B02
201300009244;0;33;0;0;6;1;1;A01
201300009245;0;7;0;0;0;1;1;A01
201300009246;0;33;0;0;2;1;1;A01
201300009246;0;7;0;0;2;3;15;B02
201300009247;0;33;0;0;2;1;2;A01
201300009247;0;7;0;0;0;5;15;B02
201300009248;0;7;0;0;1;2;0;A01
201300009249;0;7;0;0;6;0;0;A01
201300009250;0;7;0;0;0;1;1;A01
201300009251;0;7;0;0;2;7;17;A01
201300009251;0;10;0;0;2;1;1;B02
201300009252;0;30;0;0;2;8;2;A01
201300009252;0;30;0;0;2;7;2;B02
201300009253;0;1;0;0;2;1;0;A01
201300009253;0;7;0;0;2;3;1;B02
201300009254;0;30;0;0;2;1;1;A01
201300009254;0;7;0;0;2;1;1;B02
201300009255;0;7;0;0;0;2;2;A01
201300009255;0;7;0;0;2;6;2;B02
201300009256;0;7;0;0;0;1;1;A01
201300009257;0;7;0;13;1;1;1;A01
201300009258;1;7;0;0;1;0;0;A01
201300009259;0;30;0;1;0;3;1;A01
201300009260;0;7;0;0;2;3;5;A01
201300009260;0;17;0;0;2;3;21;B02
201300009261;0;1;0;0;2;1;5;A01
201300009261;0;7;0;0;0;0;1;B02
201300009262;0;7;0;0;2;2;17;A01
201300009262;0;7;0;0;0;6;2;B02
201300009263;0;7;0;0;2;3;17;A01
201300009263;0;2;0;0;2;1;1;B02
201300009264;0;33;0;0;2;1;5;A01
201300009264;0;7;0;0;2;1;1;B02
201300009265;0;7;0;0;2;2;17;A01
201300009265;0;33;0;0;2;1;1;B02
201300009265;0;7;0;0;2;1;1;C03
201300009266;0;7;0;0;2;1;0;A01