num_acc;senc;catv;occutc;obs;obsm;choc;manv;num_veh
201300009266;0;7;0;0;2;1;0;B02
201300009267;0;7;0;0;2;3;13;A01
201300009267;0;7;0;0;2;1;1;B02
201300009267;0;10;0;0;2;3;1;C03
201300009268;0;7;0;0;2;8;10;A01
201300009268;0;7;0;0;2;1;1;B02
201300009269;0;7;0;0;1;1;1;A01
201300009270;0;7;0;0;2;1;2;A01
201300009270;0;7;0;0;2;1;2;B02
201300009270;0;7;0;0;2;4;2;C03
201300009271;0;7;0;0;2;2;17;A01
201300009271;0;7;0;0;2;8;1;B02
201300009272;0;7;0;0;0;9;1;A01
201300009273;0;7;0;0;2;1;1;B02
201300009273;0;7;0;0;2;1;15;A01
201300009274;0;7;0;0;2;7;19;A01
201300009274;0;7;0;0;2;1;1;B02
201300009275;0;7;0;0;1;2;2;A01
201300009276;0;7;0;0;2;2;19;A02
201300009276;0;7;0;0;2;8;1;B01
201300009277;0;7;0;0;2;1;19;A01
201300009277;0;10;0;0;2;2;23;B02
201300009278;1;99;0;0;2;0;0;Z01
201300009278;0;33;0;0;2;8;1;B02
201300009279;0;7;0;0;2;3;17;A01
201300009279;0;33;0;0;2;8;1;B02
201300009279;0;33;0;0;2;3;1;C03
201300009280;0;7;0;0;2;2;13;A01
201300009280;0;7;0;0;2;7;21;B02
201300009281;0;7;0;0;1;1;1;A01
201300009282;0;33;0;0;0;0;21;A01
201300009283;0;7;0;2;0;3;21;A01
201300009284;0;7;0;0;1;1;1;A01
201300009285;0;7;0;0;2;3;17;A01
201300009285;0;2;0;0;2;1;1;B02
201300009286;0;1;0;0;2;1;2;A01
201300009287;0;7;0;0;0;0;1;A01
201300009288;0;7;0;8;2;7;1;A01
201300009288;0;7;0;0;2;2;2;B02
201300009289;0;7;0;0;2;7;1;A01
201300009289;0;7;0;0;2;1;1;B02
201300009290;0;7;0;6;0;1;1;A01
201300009291;0;7;0;0;2;5;1;B02
201300009291;0;7;0;0;2;1;1;A01
201300009292;0;7;0;6;0;7;0;A01
201300009293;0;7;0;0;2;1;1;B02
201300009293;0;7;0;0;2;1;13;A01
201300009294;0;7;0;0;1;2;1;A01
201300009295;0;17;0;0;2;1;2;A01
201300009295;0;7;0;0;2;4;2;B02
201300009296;0;7;0;1;1;1;1;A01
201300009297;0;7;0;3;0;9;2;A01
201300009298;0;7;0;0;1;3;1;A01
201300009299;0;7;0;0;2;0;1;A01
201300009299;0;7;0;0;0;0;1;B02
201300009300;0;7;0;0;0;9;12;A01
201300009301;0;7;0;0;1;2;1;A01
201300009302;0;7;0;0;2;3;13;A01
201300009302;0;3;0;0;2;1;1;B02
201300009303;0;14;0;0;2;1;1;A01
201300009303;0;31;0;0;2;2;17;B02
201300009304;0;7;0;0;2;1;1;A01
201300009305;0;7;0;0;1;2;11;A01
201300009306;0;7;0;0;2;1;1;B02
201300009306;0;7;0;0;2;8;1;A01
201300009307;0;10;0;0;2;1;1;A01
201300009307;0;7;0;0;2;1;11;B02
201300009308;0;7;0;0;2;2;15;A01
201300009308;0;30;0;0;2;1;1;B02
201300009309;0;7;0;8;0;1;1;A01
201300009310;0;7;0;0;2;8;10;A01
201300009310;0;33;0;0;2;1;2;B02
201300009311;0;7;0;2;0;2;17;A01
201300009312;0;30;0;0;0;0;0;A01
201300009313;0;7;0;0;2;8;23;A01
201300009313;0;7;0;0;2;3;1;B02
201300009314;0;33;0;0;2;1;0;A01
201300009315;0;7;0;0;2;1;13;A01
201300009315;0;10;0;0;2;1;1;B02
201300009316;0;7;0;0;2;2;15;A01
201300009316;0;7;0;0;2;1;1;B02
201300009317;0;7;0;2;0;2;1;A01
201300009318;0;37;0;0;1;7;20;A01
201300009319;0;7;0;8;0;1;1;A01
201300009320;0;7;0;0;2;1;2;B02
201300009320;0;7;0;0;2;1;13;A01
201300009321;0;7;0;0;2;1;17;A01
201300009321;0;7;0;0;2;1;1;B02
201300009322;0;7;0;0;1;2;19;A01
201300009323;0;7;0;0;2;2;1;B02
201300009323;0;10;0;0;2;2;17;A01
201300009324;0;7;0;13;0;3;19;A01
201300009325;0;7;0;0;2;1;1;A01
201300009325;0;7;0;0;2;3;23;B02
201300009325;0;7;0;0;2;1;1;C03
201300009326;0;7;0;2;0;1;13;A01
201300009327;0;7;0;2;0;3;13;A01
201300009328;0;7;0;0;2;2;19;A01
201300009328;0;33;0;0;2;1;1;B02
201300009329;0;30;0;6;0;0;1;A01
201300009330;0;7;0;0;2;1;1;C03
201300009330;0;7;0;0;2;3;1;A01
201300009330;0;7;0;0;2;3;1;B02
201300009331;2;36;0;8;0;0;1;A01
201300009332;0;1;0;0;2;1;19;A01
201300009332;0;20;0;0;2;6;21;B02
201300009333;0;7;0;0;2;1;13;A01
201300009333;0;7;0;0;2;1;1;B02
201300009334;0;30;0;0;2;1;1;B02
201300009334;0;7;0;0;2;8;1;A01
201300009335;0;1;0;0;2;2;5;B02
201300009335;0;7;0;0;2;2;21;A01
201300009336;0;33;0;0;2;1;17;A01
201300009336;0;7;0;0;2;4;15;B02
201300009337;0;7;0;8;0;3;1;A01
201300009338;0;30;0;0;2;8;15;B02
201300009338;0;7;0;0;2;2;17;A01
201300009339;0;7;0;0;1;3;1;A01
201300009340;1;10;0;0;2;2;2;A01
201300009340;0;2;0;0;2;4;2;B02
201300009341;0;7;0;6;0;3;1;A01
201300009342;0;7;0;0;2;3;21;E05
201300009342;0;7;0;0;2;1;21;D04
201300009342;0;7;0;0;2;3;13;A01
201300009342;0;7;0;0;2;3;21;B02
201300009342;0;7;0;0;2;6;21;C03
201300009343;0;7;0;0;2;1;1;A01
201300009343;0;7;0;0;2;1;23;B02
201300009343;0;30;0;0;2;8;1;C03
201300009344;0;7;0;0;2;3;13;A01
201300009344;0;7;0;0;2;3;1;B02
201300009345;0;10;0;6;0;3;1;A01
201300009346;0;10;0;0;2;3;13;A01
201300009346;0;7;0;0;2;3;1;B02
201300009346;0;7;0;0;2;1;21;C03
201300009347;0;17;0;3;0;1;1;A01
201300009348;0;7;0;0;2;8;1;B02
201300009348;0;7;0;0;2;3;13;A01
201300009348;0;7;0;0;2;3;1;C03
201300009349;0;7;0;0;1;3;1;A01
201300009350;0;7;0;6;0;1;1;A01
201300009351;0;7;0;13;0;1;1;A01
201300009352;0;7;0;13;0;3;13;A01
201300009353;0;30;0;8;0;1;1;A01
201300009354;0;7;0;0;1;1;1;A01
201300009355;0;7;0;0;2;1;1;B02
201300009355;0;7;0;0;2;1;13;A01
201300009356;0;14;0;2;0;3;1;A01
201300009357;0;33;0;0;2;7;1;B02
201300009357;0;7;0;0;2;1;1;A01
201300009358;0;33;0;13;0;1;1;A01
201300009359;0;17;0;0;2;2;1;A01
201300009359;0;7;0;0;2;3;1;B02
201300009360;0;7;0;0;2;6;1;B02
201300009360;0;17;0;0;2;1;1;A01
201300009361;0;7;0;0;2;1;15;A01
201300009361;0;30;0;0;2;8;1;B02
201300009362;0;7;0;0;1;2;9;A01
201300009363;0;33;0;0;2;1;17;A01
201300009363;0;7;0;0;0;6;1;B02
201300009364;0;10;0;6;0;3;1;A01
201300009365;0;7;0;8;0;8;13;A01
201300009366;0;7;0;2;0;2;1;A01
201300009367;0;33;0;0;2;1;17;A01
201300009367;0;7;0;0;0;6;15;B02
201300009368;0;7;0;2;0;1;1;A01
201300009369;0;17;0;0;2;1;1;B02
201300009369;0;2;0;0;2;3;10;A01
201300009370;0;7;0;0;2;3;15;B02
201300009370;0;33;0;0;2;1;17;A01
201300009371;0;7;0;0;2;8;17;A01
201300009371;0;33;0;0;2;8;1;B02
201300009372;0;7;0;0;1;2;2;A01
201300009373;0;7;0;0;2;1;1;B02
201300009373;0;10;0;0;2;2;15;A01
201300009374;0;7;0;13;0;1;1;A01
201300009375;0;17;0;0;0;7;21;A01
201300009376;0;7;0;13;0;3;1;A01
201300009377;0;7;0;0;0;8;1;B02
201300009377;0;7;0;0;2;3;15;A01
201300009378;0;7;0;0;0;5;9;B02
201300009378;0;33;0;1;2;1;1;A01
201300009379;0;7;0;0;2;1;15;A01
201300009379;0;1;0;0;2;7;21;B02
201300009380;0;7;0;13;0;9;1;A01
201300009381;0;10;0;0;2;2;1;B02
201300009381;0;15;0;0;0;8;1;A01
201300009382;0;33;0;0;0;9;1;A01
201300009383;0;17;0;0;2;2;1;B02
201300009383;0;10;0;0;2;4;13;A01
201300009384;0;7;0;0;1;1;1;A01
201300009385;0;7;0;0;2;2;13;A01
201300009385;0;7;0;0;2;2;1;B02
201300009386;0;7;0;0;2;2;1;A01
201300009386;0;7;0;0;2;3;1;B02
201300009387;0;7;0;2;0;8;1;A01
201300009388;0;30;0;8;0;1;1;A01
201300009389;0;7;0;1;1;3;1;A01
201300009390;0;7;0;0;2;1;1;B02
201300009390;0;7;0;0;2;8;13;A01
201300009391;0;7;0;0;2;1;13;A01
201300009391;0;7;0;0;2;1;1;B02
201300009392;0;7;0;0;0;8;1;B02
201300009392;0;2;0;0;2;1;1;A01
201300009393;0;7;0;0;2;3;1;C03
201300009393;0;7;0;13;0;1;13;A01
201300009393;0;7;0;0;2;1;1;B02
201300009394;0;7;0;0;1;3;1;A01
201300009395;0;10;0;0;2;2;1;B02
201300009395;0;7;0;0;2;3;13;A01
201300009396;0;1;0;0;2;1;15;B02
201300009396;0;7;0;0;2;3;1;A01
201300009397;0;30;0;0;2;1;13;A01
201300009397;0;7;0;0;2;1;1;B02
201300009398;0;7;0;0;2;1;1;B02
201300009398;0;7;0;0;2;1;13;A01
201300009399;0;30;0;0;0;9;1;A01
201300009400;0;30;0;0;2;7;1;B02
201300009400;0;7;0;0;2;3;16;A01
201300009401;0;7;0;0;2;8;1;B02
201300009401;0;30;0;0;2;3;1;A01
201300009402;0;7;0;6;0;8;1;A01
201300009403;0;2;0;12;0;1;20;A01
201300009404;0;7;0;0;2;2;1;B02
201300009404;0;10;0;0;2;3;1;A01
201300009405;0;7;0;13;0;3;1;A01
201300009406;0;31;0;13;0;1;1;A01
201300009407;0;33;0;0;0;7;1;A01
201300009408;0;7;0;13;6;1;21;A01
201300009409;0;7;0;13;0;1;1;A01
201300009410;0;10;0;6;0;2;1;A01
201300009411;0;10;0;0;2;8;1;B02
201300009411;0;33;0;0;2;8;13;A01
201300009412;0;7;0;0;2;1;1;B02
201300009412;0;7;0;0;2;8;15;A01
201300009413;0;7;0;16;0;9;1;A01
201300009414;0;7;0;0;1;3;1;A01
201300009415;0;30;0;12;0;1;1;A01
201300009416;0;33;0;0;2;1;1;A01
201300009416;0;7;0;0;2;2;15;B02
201300009417;0;7;0;15;0;5;1;A01
201300009418;0;10;0;0;1;3;1;A01
201300009419;0;31;0;0;2;1;13;A01
201300009419;0;7;0;0;0;3;23;B02
201300009420;0;7;0;3;2;6;17;A01
201300009420;0;17;0;0;2;1;1;B02
201300009421;0;1;0;0;2;8;1;B02
201300009421;0;7;0;0;2;2;1;A01
201300009422;0;7;0;0;2;8;15;B02
201300009422;0;33;0;0;2;2;17;A01
201300009423;0;7;0;2;0;5;13;A01
201300009424;0;7;0;0;2;3;1;A01
201300009424;0;7;0;0;2;2;13;B02
201300009425;0;7;0;0;2;2;21;B02
201300009425;0;7;0;0;0;6;9;A01
201300009426;0;33;0;16;0;7;1;A01
201300009427;0;7;0;0;0;5;1;A01
201300009428;0;7;0;0;2;1;1;B02
201300009428;0;7;0;0;2;7;1;A01
201300009429;0;2;0;0;2;1;1;B02
201300009429;0;7;0;0;0;6;20;A01
201300009430;0;7;0;0;2;3;1;B02
201300009430;0;7;0;0;2;3;13;A01
201300009431;0;7;0;8;0;1;1;A01
201300009432;0;31;0;0;2;1;1;B02
201300009432;0;31;0;0;0;4;10;A01
201300009433;0;7;0;0;2;1;1;B02
201300009433;0;10;0;0;2;3;1;A01
201300009434;0;7;0;16;0;1;17;A01
201300009435;0;7;0;0;2;8;1;B02
201300009435;0;7;0;0;2;1;1;C03
201300009435;0;7;0;0;2;3;1;A01
201300009436;0;14;0;0;2;2;2;A01
201300009436;0;1;0;0;0;8;1;B02
201300009437;0;7;0;0;2;2;15;A01
201300009437;0;1;0;0;2;1;1;B02
201300009438;0;7;0;0;1;2;1;A01
201300009439;0;7;0;0;2;3;13;A01
201300009439;0;7;0;0;2;2;21;D04
201300009439;0;33;0;0;2;1;1;C03
201300009439;0;7;0;0;2;8;1;B02
201300009440;0;7;0;0;2;3;1;A01
201300009440;0;7;0;0;2;3;1;B02
201300009441;0;7;0;8;2;2;1;B02
201300009441;0;7;0;0;2;3;19;A01
201300009442;0;7;0;2;0;0;1;A01
201300009443;0;7;0;13;0;3;1;A01
201300009444;0;7;0;0;0;2;13;A01
201300009445;0;7;0;0;2;1;0;B02
201300009445;0;7;0;0;2;8;15;A01
201300009446;0;7;0;2;0;7;1;A01
201300009447;0;10;0;13;0;1;1;A01
201300009448;0;33;0;0;0;8;1;A01
201300009449;0;10;0;2;0;9;1;A01
201300009450;0;10;0;0;2;7;1;A01
201300009450;0;30;0;0;2;1;1;B02
201300009451;0;7;0;0;2;8;19;B02
201300009451;0;7;0;0;2;3;1;A01
201300009452;0;32;0;0;2;0;1;B02
201300009452;0;7;0;0;2;1;19;A01
201300009453;0;7;0;0;2;2;19;C03
201300009453;0;7;0;0;2;9;1;A01
201300009453;0;10;0;0;2;3;1;B02
201300009454;0;30;0;0;0;1;1;B02
201300009454;0;7;0;0;0;2;15;A01
201300009455;0;7;0;0;1;3;1;A01
201300009456;0;7;0;13;0;1;13;A01
201300009457;0;7;0;14;2;6;17;A01
201300009458;0;33;0;0;0;6;1;A01
201300009459;0;10;0;0;2;3;19;B02
201300009459;0;7;0;0;2;1;1;A01
201300009460;0;7;0;13;0;1;14;A01
201300009461;0;10;0;0;2;3;15;A01
201300009461;0;33;0;0;2;5;1;B02
201300009462;0;33;0;0;2;1;18;A01
201300009462;0;17;0;0;2;2;16;B02
201300009463;0;7;0;0;2;1;13;A01
201300009463;0;7;0;0;2;1;1;B02
201300009464;0;15;0;0;2;3;1;B02
201300009464;0;7;0;0;2;3;1;C03
201300009464;0;7;0;0;0;4;15;A01
201300009465;0;7;0;0;2;1;1;A01
201300009465;0;1;0;0;2;4;1;B02
201300009466;0;7;0;6;0;1;1;A01
201300009467;0;7;0;0;0;9;1;A01
201300009468;0;7;0;0;2;6;15;A01
201300009468;0;33;0;0;2;1;1;B02
201300009469;0;7;0;0;1;2;1;A01
201300009470;0;14;0;0;2;2;1;B02
201300009470;0;7;0;0;2;1;13;A01
201300009471;0;7;0;0;2;6;23;B02
201300009471;0;14;0;0;2;4;23;C03
201300009471;0;7;0;0;2;2;1;A01
201300009472;0;7;0;0;2;1;1;B02
201300009472;0;7;0;0;2;1;13;A01
201300009473;0;7;0;2;0;3;0;A01
201300009474;0;7;0;0;2;3;1;B02
201300009474;0;7;0;0;2;3;1;A01
201300009475;0;31;0;0;1;1;1;A01
201300009476;0;7;0;3;0;9;1;A01
201300009477;0;33;0;16;0;1;1;A01
201300009478;0;7;0;0;0;8;15;A01
201300009478;0;7;0;0;0;1;17;B02
201300009479;0;7;0;0;0;3;1;B02
201300009479;0;7;0;0;0;3;13;A01
201300009480;0;7;0;0;5;2;1;A01
201300009481;0;7;0;0;1;2;1;A01
201300009482;0;7;0;16;0;9;1;A01
201300009483;0;33;0;0;2;8;15;A01
201300009483;0;7;0;0;2;1;1;B02
201300009484;0;33;0;0;2;3;13;A01
201300009484;0;7;0;0;2;3;1;B02
201300009485;0;7;0;0;1;3;13;A01
201300009486;0;33;0;0;2;1;17;A01
201300009486;0;10;0;0;2;6;15;B02
201300009487;0;7;0;0;2;6;19;A01
201300009487;0;33;0;0;2;1;1;B02
201300009488;0;33;0;0;2;2;2;A01
201300009488;0;17;0;0;0;6;16;B02
201300009489;0;7;0;0;2;1;1;A01
201300009489;0;10;0;0;2;0;1;B02
201300009490;0;7;0;0;2;3;1;B02
201300009490;0;1;0;0;2;4;1;A01
201300009491;0;7;0;2;0;3;13;A01
201300009492;0;7;0;0;2;1;13;A01
201300009492;0;7;0;0;2;1;0;B02
201300009493;0;7;0;0;2;1;6;A01
201300009493;0;10;0;0;2;1;1;B02
201300009494;0;15;0;0;2;4;24;B02
201300009494;0;7;0;1;0;1;14;A01
201300009495;0;7;0;0;0;2;19;A01
201300009495;0;38;1;0;0;3;1;B02
201300009496;0;7;0;0;2;8;19;A01
201300009496;0;7;0;0;2;1;1;B02
201300009497;0;7;0;0;2;2;19;A01
201300009497;0;14;0;0;2;3;1;B02
201300009498;0;7;0;0;2;8;15;A01
201300009498;0;15;0;0;2;2;1;B02
201300009499;0;14;0;0;2;2;17;A01
201300009499;0;30;0;0;2;8;11;B02
201300009500;0;33;0;0;0;0;1;A01
201300009501;0;2;0;0;2;8;15;A01
201300009501;0;7;0;0;2;1;1;B02
201300009502;0;30;0;0;0;0;1;A01
201300009503;0;7;0;0;2;2;13;A01
201300009503;0;7;0;0;2;1;1;B02
201300009504;0;7;0;0;9;7;17;A01
201300009504;0;1;0;0;2;8;1;B02
201300009505;0;7;0;0;2;3;19;B02
201300009505;0;15;0;0;2;2;1;A01
201300009506;0;7;0;0;0;9;1;A01
201300009507;0;7;0;0;2;7;1;A01
201300009507;0;21;0;0;2;1;15;B02
201300009508;0;7;0;2;0;1;1;A01
201300009509;0;17;0;0;2;1;1;A01
201300009509;0;7;0;0;2;8;19;B02
201300009510;0;7;0;0;2;7;1;A01
201300009510;0;7;0;0;2;1;1;B02
201300009511;0;10;0;0;2;2;19;A01
201300009511;0;7;0;0;2;1;1;B02
201300009512;0;30;0;0;2;1;1;B02
201300009512;0;15;0;0;0;5;19;A01
201300009513;0;34;0;0;2;1;2;A01
201300009513;0;7;0;0;2;6;2;B02
201300009513;0;7;0;0;2;6;1;C03
201300009513;0;7;0;0;2;1;1;D04
201300009514;0;7;0;0;1;2;1;A01
201300009515;0;7;0;0;2;6;2;B02
201300009515;0;31;0;0;2;1;2;A01
201300009516;0;7;0;0;2;3;13;A01
201300009516;0;15;0;0;2;3;1;B02
201300009516;0;7;0;0;9;1;1;D04
201300009517;0;7;0;0;2;5;11;A01
201300009517;0;2;0;0;2;1;1;B02
201300009518;0;7;0;0;0;2;13;A01
201300009518;0;7;0;0;0;2;21;B02
201300009519;0;7;0;8;0;1;2;A01
201300009520;0;7;0;0;0;3;1;A01
201300009520;0;30;0;0;0;3;1;B02
201300009521;0;7;0;2;0;9;1;A01
201300009522;0;7;0;0;2;3;16;A01
201300009522;0;30;0;0;2;7;1;B02
201300009523;0;7;0;0;2;3;1;A01
201300009523;0;15;0;0;2;3;1;B02
201300009524;0;7;0;8;0;8;0;A01
201300009525;0;30;0;0;0;4;9;A01
201300009525;0;14;0;0;2;1;1;B02
201300009526;0;7;0;0;0;1;0;A01
201300009527;0;7;0;2;0;3;1;A01
201300009528;0;7;0;8;0;3;1;A01
201300009529;0;7;0;10;0;1;1;A01
201300009530;0;7;0;0;2;1;1;B02
201300009530;0;7;0;0;2;3;1;A01
201300009531;0;17;0;0;1;2;1;A01
201300009532;0;7;0;0;0;0;14;A01
201300009533;0;2;0;6;0;1;13;A01
201300009534;0;10;0;8;0;1;14;A01
201300009535;0;7;0;13;0;2;0;A01
201300009536;0;7;0;2;0;1;0;A01
201300009537;0;31;0;0;0;8;17;A01
201300009538;0;7;0;0;2;5;6;A01
201300009538;0;14;0;0;2;3;23;B02
201300009538;0;7;0;0;2;2;1;C03
201300009539;0;2;0;0;2;8;1;A01
201300009539;0;7;0;0;2;8;1;B02
201300009540;0;7;0;2;0;8;1;A01
201300009541;0;7;0;2;2;1;1;A01
201300009541;0;7;0;2;2;4;1;B02
201300009542;0;1;0;0;2;7;14;A01
201300009542;0;17;0;0;2;3;1;B02
201300009543;0;7;0;0;2;1;1;B02
201300009543;0;7;0;0;2;8;19;A01
201300009544;0;10;0;0;0;7;17;A01
201300009544;0;7;0;0;0;7;1;B02
201300009545;0;7;0;0;1;2;1;A01
201300009546;0;33;0;0;2;8;1;B02
201300009546;0;7;0;0;2;1;15;A01
201300009547;0;7;0;0;2;7;19;A01
201300009547;0;7;0;0;2;1;1;B02
201300009548;0;7;0;0;2;3;1;A01
201300009548;0;1;0;0;2;2;1;B02
201300009549;0;7;0;0;0;1;1;A01
201300009550;0;10;0;0;0;0;1;A01
201300009551;0;7;0;8;0;1;21;A01
201300009552;0;10;0;0;6;2;21;A01
201300009553;0;10;0;0;2;2;19;A01
201300009553;0;10;0;0;2;7;1;B02
201300009554;0;7;0;13;0;3;1;A01
201300009555;0;36;0;6;0;1;1;A01
201300009556;0;7;0;0;2;1;13;A01
201300009556;0;7;0;0;2;1;1;B02
201300009557;0;7;0;6;0;2;1;A01
201300009558;0;7;0;0;2;3;1;A01
201300009558;0;10;0;0;2;1;19;B02
201300009559;0;33;0;0;2;2;2;A01
201300009559;0;15;0;0;2;6;15;B02
201300009560;0;7;0;6;0;2;1;A01
201300009561;0;7;0;0;2;1;15;A01
201300009561;0;33;0;0;2;7;1;B02
201300009562;0;7;0;0;2;7;1;A01
201300009562;0;7;0;0;2;1;1;B02
201300009563;0;7;0;8;0;2;19;A01
201300009564;0;7;0;0;0;3;0;A01
201300009565;0;7;0;0;2;1;5;A01
201300009565;0;7;0;0;2;1;1;B02
201300009565;0;7;0;0;9;0;1;C03
201300009566;0;7;0;0;2;1;13;B02
201300009566;0;7;0;0;2;1;1;A01
201300009567;0;7;0;0;2;1;15;A01
201300009567;0;7;0;0;2;1;1;B02
201300009568;0;7;0;0;2;1;13;A01
201300009568;0;7;0;0;2;1;1;B02
201300009569;0;30;0;0;2;8;1;A01
201300009569;0;10;0;0;2;7;1;B02
201300009570;0;7;0;0;1;2;1;A01
201300009571;0;31;0;0;1;2;1;A01
201300009572;0;7;0;13;0;2;1;A01
201300009573;0;7;0;0;2;1;1;A01
201300009573;0;7;0;0;2;8;19;B02
201300009574;0;7;0;0;2;1;1;B02
201300009574;0;7;0;0;2;1;1;A01
201300009575;0;7;0;2;0;2;1;A01
201300009576;0;1;0;13;0;9;1;A01
201300009577;0;21;0;0;0;8;1;A01
201300009578;0;30;0;0;2;1;15;A01
201300009578;0;7;0;0;2;2;1;B02
201300009579;0;10;0;0;2;1;1;A01
201300009579;0;7;0;0;2;6;19;B02
201300009580;0;10;0;0;2;1;19;A01
201300009580;0;7;0;0;2;2;1;B02
201300009581;0;30;0;0;2;3;1;B02
201300009581;0;7;0;0;2;8;15;A01
201300009582;0;7;0;0;2;3;1;A01
201300009582;0;15;0;0;2;3;1;B02
201300009583;0;30;0;0;2;8;1;A01
201300009584;0;10;0;0;1;2;1;A01
201300009585;0;7;0;0;2;3;15;A01
201300009585;0;31;0;0;2;1;21;B02
201300009586;0;7;0;13;0;9;13;A01
201300009587;0;7;0;2;0;8;1;A01
201300009588;0;7;0;0;2;2;15;A01
201300009588;0;1;0;0;2;1;1;B02
201300009589;0;1;0;0;0;1;1;A01
201300009590;0;7;0;6;0;3;1;A01
201300009591;0;33;0;2;0;1;1;A01
201300009592;0;7;0;13;0;8;1;A01
201300009593;0;7;0;0;2;2;15;A01
201300009593;0;33;0;0;2;8;1;B02
201300009594;0;15;0;0;2;4;1;A01
201300009594;0;10;0;0;2;1;1;D04
201300009594;0;10;0;0;2;1;1;C03
201300009594;0;10;0;0;2;1;1;B02
201300009595;0;7;0;13;0;4;0;A01
201300009596;0;39;0;0;2;2;1;B02
201300009596;0;7;0;0;4;8;1;A01
201300009597;0;7;0;0;2;2;1;A01
201300009597;0;1;0;0;2;4;1;B02
201300009598;0;7;0;0;2;2;19;A01
201300009598;0;7;0;0;2;1;1;B02
201300009599;0;10;0;0;2;4;24;A01
201300009599;0;10;0;1;0;1;1;C03
201300009599;0;7;0;1;0;1;1;B02
201300009600;0;7;0;13;0;1;1;A01
201300009601;0;36;0;0;0;1;1;A01
201300009602;0;7;0;0;2;1;2;A01
201300009602;0;3;0;13;2;4;1;B02
201300009603;0;7;0;13;0;1;1;A01
201300009604;0;2;0;0;2;7;1;A01
201300009604;0;7;0;0;2;2;15;B02
201300009605;0;7;0;13;0;2;1;A01
201300009606;1;7;0;0;2;8;1;A01
201300009606;0;7;0;0;2;8;21;B02
201300009607;0;7;0;6;0;1;13;A01
201300009608;0;7;0;0;0;2;17;A01
201300009609;0;7;0;0;2;7;17;A01
201300009609;0;1;0;0;2;6;1;B02
201300009610;0;7;0;16;0;9;13;A01
201300009611;0;7;0;13;0;1;1;A01
201300009612;0;7;0;0;1;1;20;A01
201300009613;0;33;0;13;0;1;1;A01
201300009614;0;10;0;0;2;1;1;A01
201300009614;0;7;0;0;2;1;5;B02
201300009615;0;7;0;8;0;1;14;A01
201300009616;0;7;0;16;0;1;19;A01
201300009617;0;17;0;2;0;1;1;A01
201300009618;0;7;0;0;2;3;15;A01
201300009618;0;2;0;0;2;6;1;B02
201300009619;0;7;0;13;0;3;1;A01
201300009620;0;7;0;2;0;3;21;A01
201300009621;0;10;0;0;2;2;19;A01
201300009621;0;7;0;0;2;3;1;B02
201300009622;0;7;0;0;2;1;1;A01
201300009622;0;20;0;0;2;4;16;B02
201300009623;0;7;0;0;2;3;23;B02
201300009623;0;7;0;12;2;3;15;A01
201300009624;0;7;0;13;0;1;1;A01
201300009625;0;15;0;0;2;1;1;B02
201300009625;0;7;0;0;2;7;13;A01
201300009626;0;7;0;0;2;3;1;A01
201300009627;0;7;0;13;0;1;1;A01
201300009628;0;7;0;13;0;2;1;A01
201300009629;0;7;0;0;2;1;1;A01
201300009629;0;7;0;0;2;1;15;B02
201300009630;0;30;0;14;0;2;17;A01
201300009631;0;30;0;0;0;8;15;A01
201300009632;0;10;0;0;2;7;17;A01
201300009632;0;33;0;0;2;8;15;B02
201300009633;0;33;0;13;0;1;1;A01
201300009634;0;7;0;13;0;9;21;A01
201300009635;0;33;0;0;6;1;1;A01
201300009636;0;7;0;0;2;1;1;B02
201300009636;0;10;0;0;2;5;1;A01
201300009637;0;7;0;13;0;1;13;A01
201300009638;0;7;0;0;2;1;1;A01
201300009638;0;38;4;0;2;3;1;B02
201300009639;0;7;0;0;2;8;19;A01
201300009639;0;7;0;0;2;1;1;B02
201300009640;0;7;0;13;0;2;1;A01
201300009641;0;7;0;8;0;3;13;A01
201300009642;0;33;0;15;0;7;14;A01
201300009643;0;30;0;6;0;1;14;A01
201300009644;0;7;0;1;1;2;14;A01
201300009645;0;7;0;13;0;2;1;A01
201300009646;0;7;0;0;2;3;1;B02
201300009646;0;15;0;0;2;2;19;A01
201300009647;0;7;0;0;2;6;13;A01
201300009647;0;17;0;0;2;3;1;B02
201300009648;0;7;0;13;0;2;1;A01
201300009649;0;7;0;13;0;9;1;A01
201300009650;0;7;0;9;0;1;1;A01
201300009651;0;30;0;1;0;7;1;A01
201300009652;0;10;0;2;0;1;1;A01
201300009653;1;7;0;0;1;1;13;A01
201300009654;0;7;0;0;2;8;19;A01
201300009654;0;7;0;0;2;1;1;B02
201300009655;0;7;0;0;2;8;1;A01
201300009655;0;7;0;0;2;1;19;B02
201300009656;0;7;0;0;2;4;15;A01
201300009656;0;2;0;0;2;1;1;B02
201300009657;0;7;0;0;2;2;1;B02
201300009657;0;30;0;0;2;1;17;A01
201300009658;0;7;0;0;2;2;15;A01
201300009658;0;33;0;0;2;1;1;B02
201300009659;0;7;0;0;2;3;1;C03
201300009659;0;7;0;0;2;9;1;B02
201300009659;0;7;0;0;2;1;13;A01
201300009660;0;7;0;0;0;0;1;A01
201300009661;0;7;0;0;2;1;5;A01
201300009661;0;7;0;0;2;1;1;B02
201300009662;0;7;0;1;0;2;1;A01
201300009662;0;7;0;0;2;1;2;B02
201300009663;0;7;0;0;2;3;13;A01
201300009663;0;7;0;0;2;3;1;B02