num_acc;senc;catv;occutc;obs;obsm;choc;manv;num_veh
201300009664;0;2;0;0;2;1;13;A01
201300009664;0;7;0;0;2;3;1;B02
201300009665;0;2;0;0;2;1;1;B02
201300009665;0;10;0;0;2;3;17;A01
201300009666;0;7;0;0;2;1;1;A01
201300009666;0;30;0;0;2;4;1;B02
201300009666;0;7;0;0;2;4;1;C03
201300009667;0;10;0;0;2;1;1;B02
201300009667;0;7;0;0;2;1;1;A01
201300009668;0;7;0;0;2;2;1;A01
201300009668;0;1;0;0;0;4;1;B02
201300009669;0;7;0;0;2;3;13;A01
201300009669;0;7;0;0;2;1;1;B02
201300009669;0;7;0;0;2;3;1;C03
201300009670;0;30;0;6;0;7;1;A01
201300009671;0;7;0;8;0;8;1;A01
201300009672;0;7;0;13;0;3;13;A01
201300009673;0;33;0;0;2;1;1;B02
201300009673;0;7;0;15;2;8;19;A01
201300009674;0;7;0;4;0;1;1;A01
201300009674;0;7;0;0;2;7;1;B02
201300009674;0;7;0;0;2;1;1;C03
201300009674;0;7;0;0;2;1;1;D04
201300009674;0;7;0;0;2;7;1;E05
201300009675;0;7;0;0;2;1;13;A01
201300009675;0;7;0;0;2;1;1;B02
201300009676;0;1;0;1;0;1;2;B02
201300009676;0;7;0;0;9;3;22;A01
201300009677;0;7;0;0;1;1;1;A01
201300009678;0;7;0;0;0;1;1;B02
201300009678;0;7;0;0;0;1;1;A01
201300009679;0;7;0;1;0;2;15;A01
201300009680;0;33;0;13;0;1;1;A01
201300009681;0;7;0;2;0;3;1;A01
201300009682;0;7;0;0;1;2;1;A01
201300009683;0;7;0;0;2;1;19;B02
201300009683;0;14;0;0;0;7;1;A01
201300009684;0;7;0;0;1;3;15;A01
201300009685;0;7;0;0;0;9;0;A01
201300009686;0;7;0;0;0;7;1;A01
201300009686;0;10;0;0;2;1;1;B02
201300009687;0;7;0;6;0;1;1;A01
201300009688;0;31;0;0;0;7;0;A01
201300009689;0;7;0;0;2;1;1;B02
201300009689;0;7;0;0;2;1;13;A01
201300009690;0;7;0;0;2;3;15;A01
201300009690;0;2;0;0;2;8;1;B02
201300009691;0;7;0;0;2;1;1;B02
201300009691;0;7;0;0;2;7;1;A01
201300009692;0;7;0;0;2;8;16;A01
201300009692;0;7;0;0;2;2;1;B02
201300009693;0;14;0;0;2;2;1;B02
201300009693;0;10;0;0;2;3;15;A01
201300009694;0;7;0;0;2;3;1;B02
201300009695;0;7;0;0;1;5;4;A01
201300009696;0;7;0;1;0;1;1;A01
201300009697;0;7;0;0;6;9;21;A01
201300009698;0;7;0;13;0;2;14;A01
201300009699;0;33;0;1;0;2;21;B02
201300009699;0;10;0;0;2;4;1;A01
201300009700;0;7;0;0;2;1;13;A01
201300009700;0;20;0;0;2;1;1;B02
201300009701;0;7;0;8;0;3;1;A01
201300009702;0;7;0;0;2;4;2;A01
201300009702;0;7;0;0;2;4;2;B02
201300009703;0;7;0;0;2;1;13;B02
201300009703;0;7;0;0;2;1;1;A01
201300009704;0;7;0;0;2;8;1;B02
201300009704;0;7;0;0;2;9;17;A01
201300009705;0;7;0;0;2;1;1;B01
201300009705;0;10;0;0;2;2;11;B02
201300009706;0;7;0;0;2;1;1;A01
201300009706;0;3;0;0;2;4;1;B02
201300009707;0;7;0;0;2;8;1;A01
201300009707;0;15;0;0;2;2;1;B02
201300009708;0;7;0;8;0;4;1;A01
201300009709;0;31;0;0;0;1;1;B02
201300009709;0;7;0;0;0;2;15;A01
201300009710;0;10;0;16;0;1;1;A01
201300009711;0;2;0;12;0;1;6;A01
201300009712;0;30;0;0;2;1;1;A01
201300009712;0;7;0;0;2;3;23;B02
201300009713;0;14;0;0;2;1;1;B02
201300009713;0;10;0;0;2;7;1;A01
201300009714;0;7;0;6;0;2;14;A01
201300009715;0;30;0;1;0;1;1;A01
201300009716;0;7;0;0;2;1;1;A01
201300009716;0;14;0;0;2;1;1;B02
201300009717;0;3;0;0;2;3;1;A01
201300009717;0;10;0;0;2;5;15;B02
201300009718;0;30;0;0;0;0;1;A01
201300009719;0;7;0;0;1;2;1;A01
201300009720;0;7;0;6;0;1;14;A01
201300009721;0;7;0;13;0;1;14;A01
201300009722;0;1;0;0;0;9;16;A01
201300009723;0;7;0;6;0;1;1;A01
201300009724;0;7;0;0;2;1;1;B02
201300009724;0;10;0;0;2;2;15;A01
201300009725;0;7;0;0;2;7;13;A01
201300009725;0;7;0;0;2;1;1;B02
201300009726;0;7;0;0;2;1;21;A01
201300009726;0;3;0;0;2;1;21;B02
201300009727;0;33;0;0;0;8;0;A01
201300009728;0;7;0;0;2;2;13;A01
201300009728;0;14;0;0;2;3;21;B02
201300009729;0;30;0;7;0;1;1;A01
201300009730;0;36;0;8;0;1;1;A01
201300009731;0;10;0;0;1;2;1;A01
201300009732;0;7;0;0;2;7;2;B02
201300009732;0;1;0;0;2;8;2;A01
201300009733;0;7;0;0;2;8;15;A01
201300009733;0;31;0;0;2;7;17;B02
201300009734;0;33;0;8;0;1;1;A01
201300009735;0;7;0;8;0;1;13;A01
201300009736;0;21;0;0;1;5;1;A01
201300009737;0;21;0;14;0;0;1;A01
201300009738;0;33;0;0;6;1;1;A01
201300009739;0;33;0;16;0;1;1;A01
201300009740;0;37;0;0;2;5;15;B02
201300009740;0;7;0;0;2;1;1;A01
201300009741;0;21;0;0;2;6;1;A01
201300009741;0;31;0;0;2;1;1;B02
201300009742;0;7;0;0;2;3;1;B02
201300009742;0;7;0;0;2;7;13;A01
201300009743;0;7;0;0;2;4;23;D04
201300009743;0;7;0;0;2;1;1;E05
201300009743;0;7;0;1;0;1;1;A01
201300009743;0;7;0;0;2;6;23;B02
201300009743;0;7;0;1;2;4;23;C03
201300009744;0;7;0;0;2;3;13;A01
201300009744;0;7;0;0;2;3;1;B02
201300009745;0;33;0;0;0;7;1;A01
201300009746;0;2;0;0;2;1;1;B02
201300009746;0;7;0;0;2;3;1;A01
201300009747;0;33;0;0;2;1;1;A01
201300009747;0;7;0;0;2;8;19;B02
201300009748;0;7;0;6;0;1;19;A01
201300009749;0;33;0;0;2;1;1;A01
201300009749;0;7;0;0;2;8;19;B02
201300009750;0;7;0;0;2;1;13;A01
201300009750;0;10;0;0;2;6;0;B02
201300009750;0;15;0;0;2;8;0;D04
201300009750;0;7;0;0;2;1;0;C03
201300009751;0;7;0;0;2;1;13;A01
201300009751;0;7;0;0;2;1;1;B02
201300009752;0;7;0;0;2;1;1;A01
201300009752;0;1;0;0;2;4;1;B02
201300009753;0;2;0;0;2;1;1;B02
201300009753;0;7;0;0;2;2;15;A01
201300009754;0;30;0;0;2;1;1;A01
201300009754;0;30;0;0;2;1;1;B02
201300009755;0;10;0;0;2;8;1;A01
201300009755;0;10;0;0;2;1;1;B02
201300009755;0;10;0;0;2;8;1;C03
201300009756;0;2;0;15;0;1;16;A01
201300009757;0;36;0;6;0;3;13;A01
201300009758;0;7;0;0;0;6;1;A01
201300009758;0;7;0;0;2;1;9;B02
201300009759;0;7;0;0;1;2;1;A01
201300009760;0;7;0;0;2;4;2;B02
201300009760;0;31;0;0;2;1;23;A01
201300009761;0;33;0;8;0;1;1;A01
201300009762;0;7;0;0;2;2;20;A01
201300009762;0;30;0;0;2;2;1;B02
201300009763;0;7;0;0;2;2;13;A01
201300009763;0;7;0;0;2;8;15;B02
201300009764;0;7;0;0;0;9;1;A01
201300009765;0;7;0;1;0;2;14;A01
201300009766;0;7;0;0;2;3;13;A01
201300009766;0;7;0;0;2;3;1;B02
201300009767;0;7;0;0;0;4;1;A01
201300009767;0;7;0;0;2;1;0;B02
201300009768;0;7;0;2;0;7;1;A01
201300009769;0;7;0;0;1;2;1;A01
201300009770;0;7;0;16;0;1;1;A01
201300009771;0;7;0;0;2;1;1;B02
201300009771;0;7;0;0;2;1;1;A01
201300009772;0;10;0;0;0;9;17;A01
201300009773;0;14;0;0;2;1;15;A01
201300009773;0;33;0;0;2;1;1;B02
201300009774;0;2;0;12;0;1;1;A01
201300009775;0;7;0;0;1;3;1;A01
201300009776;0;7;0;0;2;2;1;B02
201300009776;0;7;0;0;2;1;15;A01
201300009777;0;7;0;0;1;3;5;A01
201300009778;0;2;0;0;2;5;15;A01
201300009778;0;7;0;0;2;2;1;B02
201300009779;0;31;0;0;0;7;1;A01
201300009780;0;7;0;0;2;1;13;A01
201300009780;0;10;0;0;2;3;1;B02
201300009781;0;10;0;0;1;1;2;A01
201300009782;0;7;0;0;0;2;17;B02
201300009782;0;99;0;0;0;8;13;A01
201300009783;0;7;0;8;0;6;13;A01
201300009784;0;7;0;0;2;1;15;A01
201300009784;0;7;0;0;2;1;1;B02
201300009785;0;7;0;13;0;2;1;A01
201300009786;0;7;0;0;2;1;1;A01
201300009786;0;1;0;0;2;7;19;B02
201300009787;0;10;0;0;0;7;15;A01
201300009787;0;33;0;0;2;1;1;B02
201300009788;0;7;0;0;1;2;1;A01
201300009789;0;7;0;0;2;7;15;C03
201300009789;0;33;0;0;2;1;1;A01
201300009789;0;33;0;0;2;1;1;B02
201300009790;0;7;0;0;2;3;1;A01
201300009790;0;7;0;0;2;3;1;B02
201300009791;0;7;0;0;2;3;1;A01
201300009791;0;7;0;0;2;3;0;B02
201300009792;0;7;0;0;2;2;1;A01
201300009792;0;10;0;0;2;3;1;B02
201300009793;0;36;0;8;0;2;14;A01
201300009794;0;33;0;0;6;1;1;A01
201300009795;0;7;0;0;2;1;13;A01
201300009795;0;3;0;0;2;1;1;B02
201300009796;0;2;0;0;2;4;15;B02
201300009796;0;15;0;0;2;1;17;A01
201300009797;0;33;0;0;0;8;1;A01
201300009798;0;1;0;0;2;7;1;B02
201300009798;0;7;0;0;2;1;15;A01
201300009799;0;7;0;0;2;3;1;B02
201300009799;0;7;0;0;2;3;1;A01
201300009800;0;7;0;0;2;1;1;A01
201300009800;0;7;0;8;2;7;19;B02
201300009801;0;7;0;0;2;1;1;A01
201300009801;0;7;0;0;2;7;21;B02
201300009802;0;7;0;16;0;1;1;A01
201300009802;0;7;0;0;0;1;1;B02
201300009803;0;7;0;0;2;1;13;B02
201300009803;0;7;0;0;2;1;1;A01
201300009804;0;7;0;0;2;3;1;B02
201300009804;0;7;0;0;2;3;13;A01
201300009805;0;7;0;0;0;6;15;A01
201300009805;0;33;0;0;2;1;1;B02
201300009806;0;7;0;0;1;2;15;A01
201300009807;0;7;0;0;2;3;15;A01
201300009807;0;10;0;0;2;1;1;B02
201300009808;0;30;0;1;0;1;0;A01
201300009809;0;7;0;13;0;1;1;A01
201300009810;0;7;0;0;2;2;1;B02
201300009810;0;7;0;0;2;1;13;A01
201300009811;0;2;0;0;0;7;21;A01
201300009812;0;7;0;2;0;1;0;A01
201300009813;0;31;0;0;2;1;1;B02
201300009813;0;7;0;0;2;2;15;A01
201300009814;0;7;0;0;1;3;1;A01
201300009815;0;7;0;0;2;1;1;A01
201300009815;0;7;0;13;2;4;0;B02
201300009816;0;7;0;8;0;2;0;A01
201300009817;0;33;0;6;2;7;17;A01
201300009817;0;7;0;0;2;7;1;B02
201300009818;0;7;0;0;0;3;15;B02
201300009818;0;30;0;0;2;1;17;A01
201300009819;0;7;0;0;1;3;1;A01
201300009820;0;10;0;0;1;7;1;A01
201300009821;0;15;0;0;0;6;2;B02
201300009821;0;10;0;0;2;3;2;A01
201300009822;0;7;0;0;1;4;4;A01
201300009823;0;7;0;2;0;3;1;A01
201300009824;0;7;0;0;2;3;1;A01
201300009824;0;16;0;0;2;3;1;B02
201300009825;0;33;0;8;0;1;1;A01
201300009826;0;7;0;0;0;9;1;A01
201300009827;0;7;0;0;9;3;15;A01
201300009827;0;1;0;0;2;2;1;B02
201300009828;0;7;0;2;0;9;1;A01
201300009829;0;1;0;0;2;1;15;A01
201300009829;0;7;0;0;2;2;1;B02
201300009830;0;7;0;0;2;1;13;A01
201300009830;0;7;0;0;2;1;21;B02
201300009831;0;7;0;0;2;2;15;A01
201300009831;0;7;0;0;2;1;1;B02
201300009832;0;10;0;0;1;2;2;A01
201300009833;0;7;0;6;0;1;1;A01
201300009834;0;7;0;6;0;1;0;A01
201300009835;0;33;0;0;2;1;1;A01
201300009835;0;7;0;0;0;6;15;B02
201300009836;0;1;0;0;0;7;9;B02
201300009836;0;7;0;0;9;8;2;A01
201300009837;0;34;0;0;2;1;1;B02
201300009837;0;10;0;0;2;3;1;A01
201300009838;0;2;0;15;0;1;1;A01
201300009839;0;2;0;16;0;9;1;A01
201300009840;0;7;0;0;1;3;1;A01
201300009841;0;7;0;0;1;3;1;A01
201300009842;0;10;0;16;0;1;1;A01
201300009843;0;30;0;14;0;1;1;A01
201300009844;0;1;0;0;2;6;1;B02
201300009844;0;7;0;0;2;3;1;A01
201300009845;0;7;0;0;1;2;1;A01
201300009846;0;7;0;0;2;7;19;A01
201300009846;0;2;0;0;2;1;1;B02
201300009847;0;7;0;0;2;2;1;A01
201300009847;0;30;0;0;2;8;19;B02
201300009848;0;33;0;0;2;7;2;B02
201300009848;0;10;0;0;2;8;2;A01
201300009849;0;14;0;0;2;0;1;B02
201300009849;0;7;0;0;9;2;2;A01
201300009850;0;7;0;0;0;2;21;A01
201300009850;0;7;0;0;0;6;1;B02
201300009851;0;7;0;0;2;3;15;A01
201300009851;0;35;0;0;0;6;1;B02
201300009852;0;10;0;0;2;1;19;B02
201300009852;0;7;0;0;2;2;1;A01
201300009853;0;7;0;6;0;1;1;A01
201300009854;0;7;0;0;2;8;1;C03
201300009854;0;7;0;0;2;1;13;A01
201300009854;0;7;0;0;2;1;1;B02
201300009855;0;7;0;0;2;2;1;A01
201300009855;0;7;0;0;1;6;1;B01
201300009856;0;7;0;0;1;1;1;A01
201300009857;1;7;0;0;1;0;0;A01
201300009858;0;7;0;0;2;2;1;A01
201300009858;0;7;0;0;2;3;1;B01
201300009859;0;10;0;0;2;1;0;B01
201300009859;0;30;0;0;0;7;1;C01
201300009859;0;30;0;0;2;0;0;A01
201300009860;0;32;0;0;2;1;1;B01
201300009860;0;7;0;0;2;7;1;A01
201300009861;0;33;0;0;1;1;1;A01
201300009862;0;32;0;0;1;1;0;A01
201300009863;0;7;0;0;1;1;1;A01
201300009864;0;30;0;0;2;1;0;A01
201300009865;0;7;0;15;0;1;0;A01
201300009866;0;33;0;0;1;1;1;A01
201300009867;0;7;0;0;2;4;15;B01
201300009867;0;33;0;0;2;1;1;A01
201300009868;0;7;0;0;2;1;1;B01
201300009868;0;7;0;0;2;1;17;A01
201300009869;0;7;0;0;2;1;2;C01
201300009869;0;7;0;0;2;1;5;A01
201300009869;0;7;0;0;2;1;1;B01
201300009870;0;30;0;1;0;2;2;A01
201300009871;0;10;0;0;2;2;19;A01
201300009871;0;33;0;0;2;1;2;B01
201300009872;0;7;0;0;2;4;2;B01
201300009872;0;7;0;0;2;4;2;C01
201300009872;0;7;0;0;2;1;2;A01
201300009873;0;7;0;0;2;5;15;A01
201300009873;0;30;0;0;2;1;1;B01
201300009874;0;7;0;0;2;3;11;A01
201300009874;0;32;0;0;2;1;17;B01
201300009875;0;7;0;1;0;2;2;A01
201300009876;0;7;0;0;1;2;13;A01
201300009877;0;33;0;1;0;1;1;A01
201300009878;0;32;0;0;0;0;0;A01
201300009879;0;31;0;12;0;7;1;A01
201300009880;0;7;0;0;2;7;1;B01
201300009880;0;10;0;0;2;3;9;A01
201300009880;0;7;0;0;2;1;1;C01
201300009881;0;7;0;2;0;1;13;A01
201300009882;0;7;0;0;1;1;0;A01
201300009883;0;30;0;8;0;1;17;A01
201300009884;0;7;0;0;2;7;15;A01
201300009884;0;33;0;0;2;1;1;B01
201300009885;0;7;0;0;2;1;10;A01
201300009885;0;33;0;0;2;1;2;B01
201300009886;0;7;0;15;0;1;13;A01
201300009887;0;7;0;0;2;1;1;A01
201300009887;0;7;0;0;2;4;1;B01
201300009887;0;7;0;0;0;4;1;C01
201300009888;0;7;0;0;2;1;1;B01
201300009888;0;7;0;0;2;7;15;A01
201300009889;1;7;0;0;1;1;10;Z01
201300009890;0;32;0;0;9;1;1;A01
201300009891;0;31;0;0;2;1;0;B01
201300009891;0;7;0;0;2;2;15;A01
201300009892;0;10;0;0;2;3;9;A01
201300009892;0;2;0;0;2;1;1;B01
201300009893;0;7;0;0;0;3;15;A01
201300009893;0;33;0;0;0;0;17;B01
201300009894;1;7;0;0;1;0;0;Z01
201300009895;0;7;0;0;9;2;15;A01
201300009895;0;1;0;0;2;1;1;B01
201300009896;0;7;0;0;1;7;2;A01
201300009897;0;7;0;0;0;4;0;B01
201300009897;0;7;0;0;2;1;2;A01
201300009898;0;7;0;0;1;7;0;A01
201300009899;0;7;0;0;0;7;15;A01
201300009899;0;30;0;0;2;1;0;B01
201300009900;0;7;0;0;2;8;16;A01
201300009900;0;7;0;0;2;2;1;B01
201300009901;0;7;0;0;1;1;1;A01
201300009902;0;7;0;0;1;3;15;A01
201300009903;0;7;0;0;0;3;15;A01
201300009903;0;30;0;0;2;2;1;B01
201300009904;0;33;0;0;2;7;17;A01
201300009904;0;7;0;0;0;3;15;B01
201300009905;0;30;0;0;0;0;0;A01
201300009906;0;7;0;0;0;8;2;A01
201300009906;0;31;0;0;2;1;2;B01
201300009907;0;7;0;0;2;6;10;A01
201300009907;0;2;0;0;2;1;2;B01
201300009908;0;7;0;0;2;1;5;A01
201300009908;0;7;0;0;2;1;1;B01
201300009909;0;7;0;0;2;5;2;B01
201300009909;0;7;0;0;2;3;2;A01
201300009910;0;7;0;0;2;0;0;B01
201300009910;0;33;0;0;2;0;0;A01
201300009911;0;34;0;0;2;1;2;B01
201300009911;0;7;0;0;2;8;10;A01
201300009912;0;7;0;0;2;7;2;A01
201300009912;0;1;0;0;0;0;2;B01
201300009913;0;7;0;1;2;3;9;A01
201300009913;0;34;0;0;2;1;1;B01
201300009914;0;7;0;0;2;2;15;A01
201300009914;0;32;0;0;2;1;1;B01
201300009915;0;32;0;0;2;1;13;A01
201300009915;0;7;0;0;2;1;1;B01
201300009916;0;7;0;0;1;2;1;A01
201300009917;0;7;0;0;1;1;0;A01
201300009918;0;7;0;8;0;1;0;A01
201300009919;0;33;0;0;2;1;17;B01
201300009919;0;7;0;0;2;3;15;A01
201300009920;0;7;0;0;2;3;10;B01
201300009920;0;2;0;0;2;7;2;A01
201300009921;0;7;0;0;2;8;13;A01
201300009921;0;30;0;0;2;7;17;B01
201300009922;0;7;0;0;2;0;0;A01
201300009922;0;32;0;0;0;0;0;B01
201300009923;0;7;0;0;0;5;2;A01
201300009923;0;32;0;0;2;8;2;B01
201300009924;0;2;0;0;0;1;1;A01
201300009924;0;7;0;0;0;1;15;B01
201300009925;0;7;0;0;0;1;2;C01
201300009925;0;7;0;0;0;4;2;B01
201300009925;0;7;0;0;2;4;2;A01
201300009926;0;31;0;0;2;1;23;A01
201300009926;1;10;0;0;2;4;4;Z01
201300009927;0;10;0;1;0;2;1;A01
201300009928;0;7;0;0;0;4;2;B01
201300009928;0;1;0;0;2;1;2;A01
201300009929;0;7;0;0;2;1;15;A01
201300009929;0;32;0;0;2;1;1;B01
201300009930;0;33;0;0;0;1;2;A01
201300009930;0;7;0;0;0;2;15;B01
201300009931;0;7;0;0;2;2;17;A01
201300009931;0;14;0;0;2;8;1;B01
201300009932;0;32;0;0;2;1;1;B01
201300009932;0;31;0;0;0;0;0;C01
201300009932;0;7;0;0;2;2;15;A01
201300009933;0;32;0;0;2;7;17;A01
201300009933;0;7;0;0;2;3;1;B01
201300009934;0;30;0;0;2;8;18;A01
201300009934;0;7;0;0;2;7;14;B01
201300009935;0;7;0;1;0;2;14;A01
201300009935;0;10;0;0;0;6;24;B01
201300009936;0;30;0;0;0;0;17;A01
201300009936;0;7;0;0;0;0;15;B01
201300009937;0;30;0;0;2;1;2;A01
201300009937;0;7;0;0;2;4;2;B01
201300009938;0;7;0;0;2;1;1;A01
201300009938;0;7;0;8;2;8;1;B01
201300009939;0;7;0;0;1;1;1;A01
201300009940;0;7;0;0;2;3;10;A01
201300009940;0;2;0;0;2;1;1;B01
201300009941;0;33;0;0;2;1;2;A01
201300009941;0;7;0;0;2;8;11;B01
201300009942;0;2;0;0;2;1;17;A01
201300009942;0;33;0;0;0;4;0;B01
201300009943;0;7;0;0;1;1;0;A01
201300009944;0;2;0;0;2;1;1;B01
201300009944;0;7;0;0;2;5;1;A01
201300009945;0;2;0;0;2;1;2;A01
201300009945;0;7;0;0;0;4;2;B01
201300009946;0;7;0;1;1;1;1;A01
201300009947;0;30;0;0;2;1;2;A01
201300009947;0;10;0;0;2;4;1;B01
201300009948;0;1;0;0;2;7;17;A01
201300009948;0;7;0;1;2;8;15;B01
201300009949;0;33;0;0;2;1;1;A01
201300009949;0;7;0;0;0;7;11;B01
201300009950;0;33;0;0;2;1;1;A01
201300009950;0;7;0;0;2;2;9;B01
201300009951;0;7;0;1;0;8;0;B01
201300009951;0;30;0;0;9;7;17;A01
201300009952;0;10;0;0;2;2;2;A01
201300009952;0;1;0;0;2;0;2;B01
201300009952;0;1;0;0;2;0;2;C01
201300009953;0;32;0;0;2;1;2;B01
201300009953;0;7;0;0;0;5;15;A01
201300009954;0;33;0;0;0;1;0;B01
201300009954;0;7;0;0;0;1;0;C01
201300009954;0;7;0;0;0;1;9;A01
201300009955;0;32;0;12;0;0;2;A01
201300009955;0;7;0;0;2;0;11;B01
201300009956;0;1;0;0;2;2;2;A01
201300009956;0;7;0;0;9;2;1;B01
201300009957;0;33;0;0;2;8;3;A01
201300009957;0;7;0;0;2;2;2;B01
201300009957;0;7;0;0;2;2;2;C01
201300009958;0;31;0;0;2;1;0;A01
201300009958;0;7;0;0;2;8;15;B01
201300009959;0;33;0;0;2;8;2;A01
201300009959;0;7;0;0;2;0;15;B01
201300009960;0;30;0;0;2;1;0;A01
201300009960;0;7;0;0;0;4;0;B01
201300009961;0;7;0;0;2;3;1;B01
201300009961;0;7;0;0;2;1;21;A01
201300009962;0;7;0;0;2;1;2;A01
201300009962;0;34;0;0;0;4;2;B01
201300009963;0;7;0;0;2;1;2;A01
201300009963;0;7;0;0;0;4;2;B01
201300009964;0;32;0;14;0;0;1;B01
201300009964;0;10;0;0;0;0;1;A01
201300009965;0;7;0;0;2;8;1;B01
201300009965;0;2;0;0;2;1;0;A01
201300009966;0;7;0;0;2;3;15;B01
201300009966;0;2;0;0;2;1;1;A01
201300009967;0;3;0;0;2;3;2;B01
201300009967;0;30;0;0;2;1;17;A01
201300009968;0;7;0;1;0;1;0;A01
201300009969;0;7;0;0;1;1;16;A01
201300009970;0;10;0;0;2;3;24;A01
201300009970;0;1;0;1;0;0;2;B01
201300009971;0;7;0;0;0;1;0;D01
201300009971;0;7;0;0;0;1;6;A01
201300009971;0;31;0;0;0;8;0;C01
201300009971;0;7;0;0;0;6;0;B01
201300009971;0;7;0;0;0;8;0;E01
201300009972;0;7;0;0;0;0;15;B01
201300009972;0;1;0;0;0;0;1;A01
201300009973;0;10;0;0;2;8;9;A01
201300009973;0;30;0;0;2;1;1;B01
201300009974;0;7;0;0;2;2;9;A01
201300009974;0;33;0;0;2;8;9;B01
201300009975;0;7;0;0;2;7;19;A01
201300009975;0;31;0;0;2;4;21;B01
201300009976;0;10;0;0;2;2;1;B01
201300009976;0;30;0;0;2;1;1;A01
201300009977;0;33;0;0;2;1;1;A01
201300009977;0;7;0;0;2;7;15;B01
201300009978;0;7;0;0;2;1;2;A01
201300009978;0;7;0;0;0;4;15;B01
201300009979;0;34;0;0;0;4;1;C01
201300009979;2;7;0;0;2;1;1;A01
201300009979;0;33;0;0;2;4;1;B01
201300009980;1;99;0;0;1;0;0;A01
201300009981;0;33;0;0;0;0;0;A01
201300009982;0;7;0;0;2;5;2;B01
201300009982;0;34;0;0;2;1;9;A01
201300009983;0;30;0;0;1;1;0;A01
201300009984;0;1;0;0;2;1;2;A01
201300009984;0;7;0;0;2;3;15;B01
201300009985;0;7;0;0;2;3;1;B01
201300009985;0;30;0;0;2;2;17;A01
201300009986;0;2;0;16;0;7;1;A01
201300009987;0;31;0;6;0;2;1;A01
201300009988;1;30;0;0;1;1;3;A01
201300009989;0;7;0;1;0;1;2;A01
201300009989;0;14;0;0;0;4;0;B01
201300009990;1;30;0;0;2;2;9;A01
201300009990;0;30;0;0;2;1;9;B01
201300009991;0;2;0;0;2;1;2;A01
201300009991;0;7;0;0;2;4;2;B01
201300009992;0;7;0;0;2;1;1;B01
201300009992;1;7;0;0;0;0;0;Z01
201300009993;0;7;0;0;2;6;2;C01
201300009993;0;32;0;0;2;4;2;D01
201300009993;0;7;0;0;2;1;4;E01
201300009993;0;7;0;0;2;1;2;A01
201300009993;0;33;0;0;2;9;2;B01
201300009994;0;7;0;0;2;0;2;A01
201300009994;0;34;0;0;2;2;2;B01
201300009995;0;32;0;0;2;1;17;A01
201300009995;0;7;0;0;2;3;15;B01
201300009996;0;7;0;0;1;0;4;A01
201300009997;0;1;0;0;2;1;1;B01
201300009997;0;34;0;0;2;3;15;A01
201300009998;0;7;0;0;1;3;0;A01
201300009999;0;7;0;0;0;3;11;A01
201300009999;0;33;0;0;2;2;2;B01
201300010000;0;2;0;0;2;1;17;A01
201300010000;0;7;0;0;2;3;1;B01
201300010001;0;1;0;0;1;1;1;A01
201300010002;0;7;0;0;2;2;19;B01
201300010002;0;7;0;0;2;3;1;C01
201300010002;0;33;0;0;2;1;17;A01
201300010003;0;10;0;0;1;1;1;A01
201300010004;0;7;0;0;2;7;2;B01
201300010004;0;30;0;0;2;8;2;A01
201300010005;0;7;0;0;1;1;1;A01
201300010006;0;7;0;0;2;2;9;A01
201300010006;0;1;0;0;2;1;1;B01
201300010007;0;30;0;0;2;8;1;B01
201300010007;0;7;0;0;2;2;15;A01
201300010008;0;7;0;0;2;0;24;B01
201300010008;0;30;0;1;0;0;2;A01
201300010009;0;7;0;0;2;3;15;A01
201300010009;0;34;0;0;2;1;2;B01
201300010010;0;17;0;8;1;5;16;A01
201300010011;0;7;0;0;1;1;14;A01
201300010012;0;7;0;0;1;1;1;A01
201300010013;0;7;0;0;1;3;2;A01
201300010014;0;34;0;0;2;1;1;B01
201300010014;0;7;0;0;2;1;15;A01
201300010015;0;14;0;0;0;3;2;B01
201300010015;0;33;0;0;0;2;2;A01
201300010016;0;10;0;0;1;4;4;A01
201300010017;0;7;0;0;9;3;22;A01
201300010017;0;1;0;1;0;0;2;B01
201300010018;0;10;0;0;2;4;15;B01
201300010018;0;31;0;0;2;1;1;A01
201300010019;0;7;0;0;2;1;1;C01
201300010019;0;7;0;0;2;2;10;A01
201300010019;0;7;0;0;2;8;0;B01
201300010020;0;30;0;0;2;1;18;A01
201300010020;0;7;0;0;2;1;2;B01
201300010021;0;7;0;0;1;2;1;A01
201300010022;0;32;0;0;2;1;1;B01
201300010022;0;7;0;0;2;3;15;A01
201300010023;0;7;0;0;1;3;1;A01
201300010024;0;7;0;0;2;3;20;A01
201300010024;0;2;0;0;2;1;17;B01
201300010025;1;10;0;0;2;1;2;Z01
201300010025;0;7;0;0;2;4;2;B01
201300010026;0;7;0;0;2;1;0;A01
201300010026;0;2;0;0;2;8;0;B01
201300010027;0;30;0;8;0;1;2;A01
201300010028;0;33;0;0;2;1;2;A01
201300010028;0;7;0;0;0;2;2;B01
201300010029;0;32;0;0;2;9;2;A01
201300010029;0;7;0;0;0;5;2;B01
201300010030;0;7;0;0;2;1;2;A01
201300010030;0;7;0;0;1;4;23;B01
201300010031;0;30;0;0;0;1;2;B01
201300010031;0;7;0;0;0;1;2;A01
201300010032;0;32;0;6;2;2;17;A01
201300010032;0;7;0;0;2;3;15;B01
201300010033;0;33;0;0;2;1;1;B01
201300010033;0;7;0;0;2;2;10;A01
201300010034;0;2;0;0;2;1;1;B01
201300010034;0;7;0;0;2;3;1;C01