num_acc;senc;catv;occutc;obs;obsm;choc;manv;num_veh
201300010034;0;7;0;0;0;8;9;A01
201300010035;0;13;0;0;1;3;1;A01
201300010036;0;2;0;0;0;9;1;B01
201300010036;0;10;0;0;0;1;1;A01
201300010037;0;7;0;0;2;8;11;A01
201300010037;0;34;0;0;2;7;1;B01
201300010038;0;33;0;0;2;1;17;B01
201300010038;0;7;0;0;2;2;15;A01
201300010039;0;7;0;0;2;3;15;A01
201300010039;0;30;0;0;2;1;1;B01
201300010040;0;7;0;0;2;4;2;B01
201300010040;0;7;0;0;2;3;2;A01
201300010041;0;32;0;0;2;1;5;A01
201300010041;0;32;0;0;2;1;1;B01
201300010042;0;7;0;0;1;3;2;A01
201300010043;0;7;0;0;1;8;9;B01
201300010044;0;33;0;0;2;4;17;B01
201300010044;0;7;0;0;2;1;1;A01
201300010045;0;32;0;0;0;2;1;A01
201300010045;0;1;0;0;2;2;0;B01
201300010046;0;34;0;0;2;1;1;B01
201300010046;0;10;0;0;2;8;19;A01
201300010047;0;30;0;0;2;2;1;B01
201300010047;0;7;0;0;2;3;15;A01
201300010048;2;7;0;0;2;3;1;Z01
201300010048;0;7;0;0;2;3;1;A01
201300010049;0;30;0;0;2;1;1;A01
201300010049;0;37;1;0;2;3;15;B01
201300010050;0;31;0;0;0;4;1;A01
201300010050;1;7;0;0;2;1;1;Z01
201300010051;0;7;0;0;2;5;12;A01
201300010051;0;33;0;0;2;1;1;B01
201300010052;0;33;0;0;2;1;1;B01
201300010052;0;13;0;0;2;1;15;A01
201300010053;0;7;0;0;2;8;2;A01
201300010053;0;34;0;0;2;2;2;B01
201300010054;0;2;0;0;0;0;0;A01
201300010055;0;30;0;0;2;7;0;A01
201300010055;0;7;0;0;2;3;15;B01
201300010056;0;7;0;0;0;1;15;A01
201300010056;0;1;0;0;0;8;1;B01
201300010057;0;7;0;0;2;3;13;A01
201300010057;0;7;0;0;2;3;1;B01
201300010058;0;33;0;0;2;1;0;A01
201300010058;0;7;0;0;2;2;15;B01
201300010059;0;7;0;0;2;3;15;A01
201300010059;0;33;0;0;2;1;1;B01
201300010060;0;7;0;0;0;4;0;B01
201300010060;0;7;0;0;2;1;1;A01
201300010061;0;7;0;0;1;1;1;A01
201300010062;0;7;0;0;2;1;1;B01
201300010062;0;34;0;0;2;1;17;A01
201300010063;0;10;0;0;0;5;1;B01
201300010063;0;30;0;0;2;1;14;A01
201300010064;0;34;0;0;2;1;1;A01
201300010064;0;7;0;0;2;3;1;B01
201300010065;0;7;0;0;1;1;1;A01
201300010066;0;34;0;0;2;0;0;A01
201300010066;0;10;0;0;2;0;1;B01
201300010067;0;7;0;0;1;2;2;A01
201300010068;0;33;0;0;2;2;1;B01
201300010068;0;7;0;0;2;3;9;A01
201300010069;0;7;0;0;1;2;1;A01
201300010070;0;10;0;0;2;1;1;B01
201300010070;0;7;0;0;2;2;15;A01
201300010071;0;7;0;14;2;3;1;B01
201300010071;0;7;0;0;2;1;19;A01
201300010072;0;7;0;0;2;3;15;A01
201300010072;0;32;0;0;2;1;0;B01
201300010073;0;7;0;0;2;2;15;B01
201300010073;0;7;0;0;2;3;1;A01
201300010074;0;10;0;0;2;1;5;A01
201300010074;0;2;0;0;2;9;1;B01
201300010075;0;30;0;0;2;1;3;A01
201300010075;0;7;0;0;2;3;15;B01
201300010076;0;7;0;0;2;1;19;A01
201300010076;0;30;0;0;2;1;1;B01
201300010077;1;7;0;0;2;3;1;Z01
201300010077;0;32;0;0;2;6;23;B01
201300010077;0;7;0;0;2;3;23;C01
201300010078;0;7;0;0;1;2;1;A01
201300010079;0;7;0;0;1;1;1;A01
201300010080;0;7;0;0;1;2;0;A01
201300010081;0;37;15;0;2;3;1;B01
201300010081;0;7;0;0;2;3;1;A01
201300010082;0;7;0;0;1;1;1;A01
201300010083;0;7;0;0;2;1;24;C01
201300010083;0;7;0;1;0;1;13;A01
201300010083;0;7;0;0;2;2;24;B01
201300010084;0;37;1;0;2;7;15;A01
201300010084;0;33;0;0;2;1;1;B01
201300010085;0;7;0;0;1;1;2;A01
201300010086;0;7;0;0;1;1;1;A01
201300010087;0;30;0;0;2;1;1;A01
201300010087;0;7;0;0;2;4;1;B01
201300010088;0;2;0;0;2;1;1;B01
201300010088;0;7;0;0;2;2;15;A01
201300010089;0;20;0;0;1;6;4;A01
201300010090;0;7;0;0;2;2;1;A01
201300010090;0;7;0;0;0;8;11;B01
201300010091;0;30;0;0;2;2;1;B01
201300010091;0;7;0;0;2;3;9;A01
201300010092;0;33;0;0;2;6;1;A01
201300010092;0;7;0;0;2;5;0;B01
201300010093;1;1;0;0;1;0;0;Z01
201300010094;0;7;0;0;2;2;15;A01
201300010094;0;33;0;0;2;8;1;B01
201300010095;0;7;0;0;2;3;1;B01
201300010095;0;7;0;0;2;9;14;A01
201300010096;0;7;0;0;2;4;23;B01
201300010096;0;30;0;0;2;1;2;A01
201300010097;0;31;0;0;2;1;2;A01
201300010097;0;7;0;0;2;3;1;C01
201300010097;0;7;0;0;2;4;2;B01
201300010098;0;7;0;0;2;7;1;B01
201300010098;0;30;0;0;2;4;13;A01
201300010099;0;34;0;0;2;1;1;B01
201300010099;0;10;0;0;2;2;15;A01
201300010100;0;7;0;0;2;3;12;A01
201300010100;0;30;0;0;2;4;1;B01
201300010101;0;7;0;0;1;3;15;A01
201300010102;0;7;0;0;2;3;13;A01
201300010102;0;7;0;0;2;1;1;B01
201300010103;0;7;0;0;2;3;1;B01
201300010103;0;7;0;0;2;1;15;A01
201300010104;0;7;0;0;2;3;15;A01
201300010104;0;31;0;0;2;8;1;B01
201300010105;0;10;0;0;2;3;1;C01
201300010105;0;33;0;0;2;2;2;A01
201300010105;0;7;0;0;2;6;2;B01
201300010106;0;7;0;0;1;1;1;A01
201300010107;0;7;0;0;1;2;1;A01
201300010108;0;33;0;0;2;1;1;B01
201300010108;0;7;0;0;2;3;9;A01
201300010109;0;7;0;0;2;1;15;A01
201300010109;0;31;0;0;2;1;1;B01
201300010110;0;7;0;0;2;1;2;A01
201300010110;0;7;0;0;2;4;23;B01
201300010111;0;7;0;0;1;1;1;A01
201300010112;0;33;0;0;2;1;1;B01
201300010112;0;7;0;0;2;2;15;A01
201300010113;0;30;0;0;2;2;15;A01
201300010113;0;7;0;0;2;3;1;B01
201300010114;0;7;0;0;1;4;4;A01
201300010115;0;7;0;0;2;1;2;A01
201300010115;0;7;0;0;2;4;2;B01
201300010116;0;10;0;0;2;1;2;A01
201300010116;0;33;0;0;2;4;23;B01
201300010117;0;7;0;0;1;2;15;A01
201300010118;0;10;0;0;1;0;1;A01
201300010119;0;7;0;0;2;2;1;B01
201300010119;0;7;0;0;2;3;9;A01
201300010120;0;7;0;0;2;1;2;A01
201300010120;0;33;0;0;2;4;2;B01
201300010121;0;33;0;0;2;1;1;B01
201300010121;0;10;0;0;2;3;10;A01
201300010122;0;7;0;0;2;1;2;A01
201300010122;0;7;0;0;2;4;2;B01
201300010123;0;31;0;0;2;0;1;A01
201300010123;1;7;0;0;2;0;15;Z01
201300010124;0;30;0;0;1;0;1;A01
201300010125;0;7;0;0;2;4;1;B01
201300010125;0;31;0;0;2;1;2;A01
201300010126;0;7;0;0;2;1;2;A01
201300010126;0;7;0;0;2;4;2;B01
201300010127;0;31;0;0;2;0;1;B01
201300010127;0;7;0;0;2;1;15;A01
201300010128;0;1;0;0;2;0;17;A01
201300010128;0;7;0;0;2;2;1;B01
201300010129;0;7;0;0;2;1;2;A01
201300010129;0;7;0;0;2;4;2;B01
201300010130;0;7;0;0;1;0;1;A01
201300010131;0;7;0;0;2;7;15;B01
201300010131;0;7;0;0;2;1;1;A01
201300010132;0;10;0;0;2;6;4;A01
201300010132;0;7;0;0;2;5;1;B01
201300010133;0;7;0;0;2;8;1;B01
201300010133;0;33;0;0;2;8;12;A01
201300010134;0;7;0;0;2;3;17;A01
201300010134;0;7;0;0;2;3;1;B01
201300010135;0;32;0;0;2;1;2;A01
201300010135;0;7;0;0;2;4;2;B01
201300010136;0;7;0;0;2;0;9;A01
201300010136;0;33;0;0;2;0;1;B01
201300010137;0;33;0;0;2;1;1;B01
201300010137;0;7;0;0;2;7;10;A01
201300010138;0;7;0;0;2;1;2;A01
201300010138;0;30;0;0;2;4;2;B01
201300010139;0;33;0;0;2;1;1;B01
201300010139;0;7;0;0;2;8;9;A01
201300010140;0;7;0;0;2;3;15;A01
201300010140;0;31;0;0;2;1;1;B01
201300010141;0;7;0;0;2;1;2;A01
201300010141;0;7;0;0;2;4;2;C01
201300010141;0;7;0;0;2;4;2;B01
201300010142;0;7;0;0;2;8;1;B01
201300010142;0;7;0;0;2;3;5;A01
201300010143;0;7;0;0;2;3;15;A01
201300010143;0;30;0;0;2;1;1;B01
201300010144;0;30;0;0;2;1;1;B01
201300010144;0;7;0;0;2;2;15;A01
201300010145;0;7;0;0;2;1;1;B01
201300010145;0;7;0;0;2;8;9;A01
201300010146;0;7;0;0;2;2;1;A01
201300010146;0;33;0;0;2;3;1;B01
201300010147;0;7;0;0;1;1;1;A01
201300010148;0;7;0;0;2;3;15;A01
201300010148;0;30;0;0;2;1;13;B01
201300010149;0;7;0;0;2;6;15;A01
201300010149;0;32;0;0;2;1;1;B01
201300010150;0;7;0;0;2;4;23;C01
201300010150;0;7;0;0;2;1;2;A01
201300010150;0;7;0;0;2;4;23;B01
201300010150;0;7;0;0;2;4;23;D01
201300010151;0;7;0;0;1;3;1;A01
201300010152;0;7;0;0;2;7;12;A01
201300010152;0;30;0;0;2;8;1;B01
201300010153;0;1;0;0;2;1;1;A01
201300010153;0;1;0;0;2;1;1;B01
201300010154;0;1;0;0;2;1;2;A01
201300010154;0;7;0;0;2;4;23;B01
201300010155;0;31;0;0;2;0;1;B01
201300010155;0;7;0;0;2;0;9;A01
201300010156;0;7;0;0;1;1;1;A01
201300010157;0;30;0;0;2;8;15;B01
201300010157;0;36;0;0;2;7;15;A01
201300010158;0;33;0;0;2;1;1;B01
201300010158;0;7;0;0;2;6;9;A01
201300010159;0;31;0;0;2;1;1;B01
201300010159;0;7;0;0;2;3;9;A01
201300010160;0;7;0;0;2;8;20;A01
201300010160;0;30;0;0;2;1;21;B01
201300010161;0;30;0;0;2;2;13;B01
201300010161;0;7;0;0;2;3;15;A01
201300010162;0;7;0;0;2;7;15;A01
201300010162;0;7;0;0;2;8;1;B01
201300010163;0;7;0;0;2;3;1;B01
201300010163;0;31;0;0;2;7;17;A01
201300010164;0;7;0;0;1;2;1;A01
201300010165;0;7;0;0;2;7;1;A01
201300010165;0;33;0;0;2;8;1;B01
201300010166;0;33;0;0;2;1;9;A01
201300010166;0;31;0;0;2;1;1;B01
201300010167;0;7;0;0;2;2;1;B01
201300010167;0;7;0;0;2;3;9;A01
201300010168;0;7;0;0;2;1;1;B01
201300010168;0;1;0;0;2;7;15;A01
201300010169;0;30;0;0;2;2;12;A01
201300010169;0;30;0;0;0;6;1;B01
201300010170;0;7;0;0;1;1;1;A01
201300010171;0;10;0;0;2;1;1;B01
201300010171;0;32;0;0;2;1;1;A01
201300010172;0;7;0;0;2;3;15;A01
201300010172;0;34;0;0;2;2;21;B01
201300010173;0;33;0;0;2;2;13;B01
201300010173;0;7;0;0;2;8;15;A01
201300010174;0;30;0;11;2;1;17;A01
201300010174;0;7;0;0;2;3;1;B01
201300010175;0;3;0;0;2;1;2;A01
201300010175;0;7;0;0;2;4;2;B01
201300010176;0;32;0;0;2;7;14;A01
201300010176;0;7;0;0;2;3;13;B01
201300010177;0;31;0;0;2;1;1;A01
201300010177;1;10;0;0;2;0;15;Z01
201300010178;0;10;0;0;2;0;9;A01
201300010178;0;32;0;0;2;0;1;B01
201300010179;0;7;0;0;2;3;15;A01
201300010179;0;30;0;0;2;2;1;B01
201300010180;0;7;0;0;2;4;2;B01
201300010180;0;32;0;0;2;1;2;A01
201300010181;0;38;45;0;2;1;2;A01
201300010181;0;7;0;0;2;4;2;B01
201300010182;0;14;0;0;2;0;9;A01
201300010182;0;1;0;0;2;0;1;B01
201300010183;0;7;0;0;2;2;15;A01
201300010183;0;32;0;0;2;1;1;B01
201300010184;0;32;0;0;2;1;1;B01
201300010184;0;14;0;0;2;1;15;A01
201300010185;0;10;0;0;2;1;2;A01
201300010185;0;7;0;0;2;4;2;B01
201300010186;0;30;0;0;2;7;17;A01
201300010186;0;7;0;0;2;3;15;B01
201300010187;0;10;0;16;0;1;1;A01
201300010188;0;31;0;0;2;1;2;A01
201300010188;0;7;0;0;2;4;2;B01
201300010189;0;7;0;0;2;3;9;A01
201300010189;0;1;0;0;2;7;1;B01
201300010190;0;7;0;0;2;1;10;A01
201300010190;0;32;0;0;2;3;1;B01
201300010191;0;32;0;0;2;1;1;B01
201300010191;0;7;0;0;2;5;12;A01
201300010192;0;30;0;0;2;1;2;A01
201300010192;0;10;0;0;2;4;2;B01
201300010193;0;7;0;0;2;1;1;B01
201300010193;0;7;0;0;2;1;1;A01
201300010194;0;30;0;0;2;1;2;A01
201300010194;0;7;0;0;2;4;2;B01
201300010195;0;30;0;0;2;1;1;B01
201300010195;0;7;0;0;2;2;15;A01
201300010196;0;7;0;3;0;1;0;A01
201300010197;0;30;0;0;2;0;23;B01
201300010197;0;7;0;0;2;3;20;A01
201300010198;0;10;0;0;2;1;16;B01
201300010198;0;7;0;0;2;2;16;A01
201300010199;0;30;0;0;2;1;1;A01
201300010199;0;30;0;0;2;3;1;B01
201300010200;0;7;0;0;2;6;15;B01
201300010200;0;33;0;0;2;1;15;A01
201300010201;0;30;0;0;0;8;1;A01
201300010202;0;7;0;0;2;1;2;A01
201300010202;0;7;0;0;2;4;23;B01
201300010203;0;10;0;0;2;3;15;A01
201300010203;0;31;0;0;2;8;1;B01
201300010204;0;7;0;0;2;2;15;A01
201300010204;0;33;0;0;2;1;1;B01
201300010205;0;33;0;0;2;1;1;A01
201300010205;0;7;0;0;2;1;1;B01
201300010206;0;7;0;0;2;1;1;B01
201300010206;0;7;0;0;2;7;5;A01
201300010207;0;33;0;0;2;7;1;B01
201300010207;0;7;0;0;2;1;15;A01
201300010208;0;99;0;0;2;7;1;B01
201300010208;0;30;0;0;2;1;1;A01
201300010209;0;32;0;0;1;1;1;A01
201300010210;0;7;0;0;1;2;1;A01
201300010211;0;7;0;0;2;2;12;A01
201300010211;0;33;0;0;2;5;1;B01
201300010212;0;7;0;0;1;2;1;A01
201300010213;0;7;0;0;1;1;1;A01
201300010214;0;30;0;0;2;2;13;B01
201300010214;0;7;0;0;2;8;15;A01
201300010215;0;7;0;0;2;3;15;A01
201300010215;0;30;0;0;2;7;1;B01
201300010216;0;7;0;0;2;4;2;B01
201300010216;0;7;0;0;2;1;2;A01
201300010217;0;32;0;0;2;4;23;B01
201300010217;0;7;0;0;2;2;2;A01
201300010218;0;33;0;0;2;4;23;B01
201300010218;0;7;0;0;2;1;2;A01
201300010219;0;2;0;0;2;1;1;A01
201300010219;0;7;0;0;2;1;15;B01
201300010220;0;32;0;0;2;7;1;B01
201300010220;0;7;0;0;2;1;9;A01
201300010221;0;3;0;1;2;5;1;B01
201300010221;0;7;0;0;2;2;9;A01
201300010222;0;7;0;0;2;2;12;A01
201300010222;0;32;0;0;2;8;1;B01
201300010223;0;10;0;0;2;4;2;A01
201300010223;1;99;0;0;0;0;0;Z01
201300010224;0;7;0;0;2;6;15;B01
201300010224;0;1;0;0;2;1;17;A01
201300010225;0;7;0;0;2;1;1;A01
201300010225;0;7;0;0;2;2;15;B01
201300010226;0;7;0;0;1;1;15;A01
201300010227;0;7;0;0;2;0;9;A01
201300010227;0;30;0;0;2;1;1;B01
201300010228;0;3;0;0;1;2;1;A01
201300010229;0;7;0;0;2;1;2;A01
201300010229;0;7;0;0;2;4;23;B01
201300010230;0;7;0;0;2;2;15;B01
201300010230;0;30;0;0;2;1;1;A01
201300010231;0;7;0;0;1;1;1;A01
201300010232;0;7;0;0;2;1;9;A01
201300010232;0;7;0;0;2;5;1;B01
201300010233;0;7;0;0;2;1;2;A01
201300010233;0;7;0;0;2;4;2;B01
201300010234;0;7;0;0;2;4;2;C01
201300010234;0;7;0;0;2;4;2;B01
201300010234;0;7;0;0;2;1;2;A01
201300010235;0;33;0;1;0;0;12;A01
201300010236;0;7;0;1;0;1;1;A01
201300010236;0;14;0;0;0;0;1;C01
201300010237;0;7;0;0;2;3;15;A01
201300010237;0;31;0;0;2;2;13;B01
201300010238;0;33;0;0;2;1;1;B01
201300010238;0;7;0;0;2;3;15;A01
201300010239;0;7;0;0;2;3;19;A01
201300010239;0;33;0;0;2;2;1;B01
201300010240;0;7;0;0;2;1;2;A01
201300010240;0;7;0;0;1;4;23;B01
201300010241;0;1;0;0;2;3;1;B01
201300010241;0;2;0;0;2;2;9;A01
201300010242;0;7;0;0;2;3;15;A01
201300010242;0;2;0;0;2;2;17;B01
201300010243;0;34;0;0;2;1;1;B01
201300010243;0;7;0;0;2;8;10;A01
201300010244;0;7;0;0;1;3;1;A01
201300010245;0;32;0;0;2;8;1;B01
201300010245;0;7;0;0;2;2;9;A01
201300010246;0;7;0;0;1;3;1;A01
201300010247;0;7;0;0;2;3;10;A01
201300010247;0;32;0;0;2;2;1;B01
201300010248;0;33;0;0;1;0;1;A01
201300010249;0;7;0;0;2;1;9;A01
201300010249;0;30;0;0;2;1;1;B01
201300010250;0;33;0;0;2;1;1;B01
201300010250;0;7;0;0;2;3;15;A01
201300010251;0;7;0;0;2;1;9;A01
201300010251;0;33;0;0;2;1;1;B01
201300010252;0;7;0;0;2;2;16;A01
201300010252;0;1;0;0;2;4;16;B01
201300010253;0;7;0;0;2;4;2;B01
201300010253;0;7;0;0;2;1;2;A01
201300010254;0;10;0;0;2;3;15;A01
201300010254;0;31;0;0;2;1;1;B01
201300010255;0;7;0;0;2;3;2;B01
201300010255;0;31;0;0;2;7;2;A01
201300010256;0;7;0;0;2;4;2;B01
201300010256;0;7;0;0;2;1;2;A01
201300010257;1;7;0;0;2;0;0;Z01
201300010257;0;2;0;0;2;3;16;A01
201300010258;0;7;0;0;2;6;11;B01
201300010258;0;2;0;0;2;2;1;A01
201300010259;0;1;0;0;1;1;1;A01
201300010260;0;2;0;0;2;2;1;B01
201300010260;0;7;0;0;2;1;9;A01
201300010261;0;7;0;0;2;3;1;B01
201300010261;0;7;0;0;2;2;15;A01
201300010262;0;7;0;0;2;7;1;A01
201300010262;1;99;0;0;0;0;0;Z01
201300010263;0;33;0;0;2;8;1;B01
201300010263;0;7;0;0;2;2;12;A01
201300010264;0;7;0;0;2;4;23;C01
201300010264;0;7;0;0;2;6;1;D01
201300010264;0;7;0;0;2;4;2;B01
201300010264;0;10;0;0;2;1;2;A01
201300010265;0;7;0;0;2;5;15;A01
201300010265;0;30;0;0;2;1;1;B01
201300010266;0;7;0;0;2;1;0;B01
201300010266;0;7;0;0;2;1;0;A01
201300010267;0;7;0;0;1;2;1;A01
201300010268;0;7;0;0;2;1;1;A01
201300010268;0;30;0;0;2;1;1;B01
201300010269;0;7;0;0;2;7;16;A01
201300010269;0;2;0;0;2;1;1;B01
201300010270;0;7;0;0;1;1;1;A01
201300010271;0;7;0;0;2;1;0;A01
201300010271;0;1;0;0;2;1;0;B01
201300010272;0;10;0;0;1;8;1;A01
201300010273;0;7;0;0;1;1;1;A01
201300010274;0;7;0;0;2;8;9;A01
201300010274;0;2;0;0;2;1;1;B01
201300010275;0;31;0;0;2;1;1;A01
201300010275;0;7;0;0;2;2;1;B01
201300010276;0;2;0;0;2;1;1;B01
201300010276;0;7;0;0;2;3;9;A01
201300010277;0;1;0;0;2;1;1;B01
201300010277;0;7;0;0;2;2;10;A01
201300010278;0;30;0;0;2;1;1;A01
201300010278;0;7;0;0;2;1;1;B01
201300010279;0;7;0;0;1;1;1;A01
201300010280;0;2;0;0;2;4;0;B01
201300010280;0;7;0;0;2;1;0;A01
201300010281;0;7;0;0;1;1;1;A01
201300010282;0;7;0;0;2;8;15;B01
201300010282;0;2;0;0;2;1;17;A01
201300010283;0;33;0;0;1;1;1;A01
201300010284;0;7;0;0;1;3;15;A01
201300010285;0;7;0;0;2;8;9;A01
201300010285;0;34;0;0;2;1;1;B01
201300010286;0;7;0;0;2;4;23;B01
201300010286;0;2;0;0;2;1;1;A01
201300010287;0;1;0;0;2;1;1;A01
201300010288;0;7;0;0;2;6;15;B01
201300010288;0;2;0;0;2;1;1;A01
201300010289;0;7;0;0;2;1;15;A01
201300010289;0;31;0;0;2;1;1;B01
201300010290;0;33;0;0;1;1;17;A01
201300010291;0;7;0;0;2;1;1;A01
201300010291;0;30;0;0;2;1;1;B01
201300010292;0;7;0;0;2;1;15;A01
201300010292;0;7;0;15;2;8;1;B01
201300010293;0;34;0;9;2;1;1;A01
201300010294;0;30;0;0;2;1;5;A01
201300010294;0;7;0;0;2;7;1;B01
201300010295;0;31;0;0;2;1;1;A01
201300010295;0;7;0;0;2;6;1;B01
201300010296;0;32;0;0;2;1;1;A01
201300010296;0;33;0;0;2;8;19;B01
201300010297;0;7;0;0;1;1;1;A01
201300010298;0;7;0;0;1;1;1;A01
201300010299;0;33;0;0;2;1;1;A01
201300010299;0;7;0;0;2;3;1;B01
201300010300;0;7;0;0;1;1;1;A01
201300010301;0;1;0;0;2;1;0;B01
201300010301;0;7;0;0;2;1;0;A01
201300010302;0;7;0;0;2;2;1;A01
201300010302;0;33;0;0;2;1;1;B01
201300010303;0;7;0;0;2;4;1;B01
201300010303;0;30;0;0;2;1;1;A01
201300010304;0;7;0;0;2;4;1;B01
201300010304;0;7;0;0;2;1;1;A01
201300010305;0;7;0;0;0;1;13;A01
201300010306;0;7;0;0;2;1;0;A01
201300010306;0;31;0;0;2;1;1;B01
201300010307;0;7;0;0;1;1;1;A01
201300010308;0;32;0;0;2;1;1;B01
201300010308;0;7;0;0;2;3;9;A01
201300010309;0;7;0;0;1;1;1;A01
201300010310;0;7;0;0;2;8;9;A01
201300010310;0;1;0;0;2;1;1;B01
201300010311;0;7;0;0;2;8;11;A01
201300010311;0;33;0;0;2;1;0;B01
201300010312;0;31;0;8;0;1;1;A01
201300010313;0;3;0;9;0;1;1;A01
201300010314;0;7;0;0;1;1;1;A01
201300010315;0;7;0;0;0;1;0;A01
201300010316;0;37;1;0;1;0;0;A01
201300010317;0;7;0;0;2;1;1;A01
201300010317;0;7;0;0;2;1;1;B01
201300010318;0;37;1;0;2;1;1;A01
201300010318;0;7;0;0;2;4;0;B01
201300010319;0;34;0;0;2;1;1;B01
201300010319;0;7;0;0;2;2;15;A01
201300010320;0;7;0;0;1;7;1;A01
201300010321;0;7;0;0;2;4;23;B01
201300010321;0;7;0;0;2;1;1;A01
201300010322;0;7;0;0;2;3;1;A01
201300010322;0;30;0;0;2;1;1;B01
201300010323;0;31;0;0;2;1;1;B01
201300010323;0;7;0;0;2;8;9;A01
201300010324;0;7;0;0;1;1;0;A01
201300010325;0;7;0;0;2;2;1;A01
201300010325;0;32;0;0;2;1;1;B01
201300010326;0;7;0;0;1;1;1;A01
201300010327;0;7;0;0;2;0;15;A01
201300010327;0;33;0;0;2;0;1;B01
201300010328;0;33;0;0;2;1;1;A01
201300010328;0;7;0;0;2;1;1;B01
201300010329;0;7;0;0;2;6;1;A01
201300010329;0;2;0;0;2;1;1;B01
201300010330;0;7;0;0;2;6;1;B01
201300010330;0;34;0;0;2;1;12;A01
201300010331;0;7;0;3;2;8;1;B01
201300010331;0;7;0;3;2;1;0;A01
201300010332;0;7;0;0;2;1;5;A01
201300010332;0;31;0;0;2;1;1;B01
201300010333;0;10;0;0;2;6;0;B01
201300010333;0;30;0;0;2;1;1;A01
201300010334;0;7;0;14;0;1;0;A01
201300010335;0;7;0;0;2;0;1;A01
201300010335;0;7;0;1;2;0;24;B01
201300010336;0;7;0;0;2;0;0;A01
201300010336;0;1;0;0;2;0;1;B01
201300010337;0;2;0;0;2;1;13;A01
201300010337;0;7;0;0;2;8;1;B01
201300010338;0;34;0;0;2;1;17;B01
201300010338;0;7;0;0;2;8;15;A01
201300010339;0;7;0;0;2;7;1;B01
201300010339;0;7;0;0;2;1;9;A01
201300010340;0;7;0;0;2;8;11;A01
201300010340;0;33;0;0;2;1;1;B01
201300010341;0;34;0;0;2;1;1;B01
201300010341;0;7;0;0;2;7;15;A01
201300010342;0;7;0;0;1;1;1;A01
201300010343;0;7;0;0;2;1;15;A01
201300010343;0;7;0;0;2;3;1;B01
201300010344;0;7;0;0;2;1;1;A01
201300010344;0;7;0;0;2;4;23;B01
201300010345;0;7;0;0;2;1;1;A01
201300010345;0;7;0;0;2;1;1;B01
201300010346;0;7;0;0;2;4;4;A01
201300010346;0;1;0;0;2;0;1;B01
201300010347;0;32;0;0;1;1;1;A01
201300010348;0;33;0;0;2;4;23;B01
201300010348;0;7;0;0;2;1;1;A01
201300010349;0;7;0;0;2;5;15;A01
201300010349;0;33;0;0;2;1;1;B01
201300010350;0;32;0;0;9;0;1;A01
201300010351;0;30;0;0;1;1;1;A01
201300010352;0;33;0;0;2;1;0;B01
201300010352;0;30;0;0;2;3;1;A01
201300010353;0;7;0;0;1;1;1;A01
201300010354;0;7;0;0;2;1;1;B01
201300010354;0;32;0;0;2;1;1;A01
201300010355;0;2;0;0;2;1;1;A01
201300010355;0;7;0;0;2;1;1;B01
201300010356;0;7;0;0;1;1;1;A01
201300010357;0;7;0;0;1;4;4;A01
201300010358;0;7;0;0;2;1;19;A01
201300010358;0;34;0;0;2;1;1;C01
201300010358;0;33;0;0;2;5;1;B01
201300010359;0;7;0;0;1;4;4;A01
201300010360;0;7;0;0;1;1;1;A01
201300010361;0;7;0;0;2;1;1;B01
201300010361;0;30;0;0;0;1;5;A01
201300010362;0;7;0;0;1;4;4;A01
201300010363;0;33;0;0;2;1;17;A01
201300010363;0;2;0;0;2;4;15;B01
201300010364;0;2;0;0;2;1;17;A01
201300010364;0;10;0;0;2;3;15;B01
201300010365;0;1;0;0;2;4;1;B01
201300010365;0;1;0;0;2;4;1;C01
201300010365;0;33;0;16;2;1;1;A01
201300010366;0;7;0;0;1;0;1;A01
201300010367;0;2;0;0;2;1;1;B01
201300010367;0;10;0;0;2;1;5;A01
201300010368;0;7;0;0;2;1;0;A01
201300010368;0;32;0;0;2;1;0;B01
201300010369;0;34;0;0;1;1;1;A01
201300010370;0;7;0;0;2;2;1;A01
201300010370;0;34;0;0;2;1;1;B01
201300010371;0;7;0;6;2;1;1;A01
201300010372;0;7;0;0;2;1;1;A01
201300010373;0;30;0;0;2;1;16;A01
201300010373;0;13;0;0;2;1;23;B01
201300010374;0;7;0;0;2;0;6;A01
201300010374;0;32;0;0;0;0;1;B01
201300010375;0;30;0;0;2;1;9;B01
201300010375;0;7;0;0;2;1;0;A01
201300010376;0;7;0;0;1;1;1;A01
201300010377;0;7;0;0;2;1;1;B01
201300010377;0;30;0;0;2;1;1;A01
201300010378;0;30;0;0;2;4;0;B01
201300010378;0;7;0;0;2;1;1;A01
201300010379;0;7;0;0;2;3;0;A01
201300010379;0;1;0;0;2;1;3;B01
201300010380;0;7;0;0;2;6;0;A01
201300010380;0;30;0;0;2;1;1;B01
201300010381;0;7;0;0;2;1;1;A01
201300010381;0;1;0;0;2;8;1;B01
201300010382;0;7;0;0;2;1;1;B01
201300010382;0;7;0;0;2;1;15;A01
201300010383;0;31;0;0;2;1;1;B01
201300010383;0;7;0;0;2;1;1;A01
201300010384;0;33;0;0;2;1;1;A01
201300010384;0;7;0;0;2;4;1;B01
201300010385;0;30;0;0;2;1;7;A01
201300010385;0;3;0;0;2;3;1;B01
201300010386;0;30;0;0;2;1;1;B01
201300010386;0;7;0;0;2;1;1;A01
201300010387;0;7;0;0;1;2;1;A01
201300010388;0;7;0;0;2;4;1;B01
201300010388;0;7;0;0;2;1;1;A01