num_acc;senc;catv;occutc;obs;obsm;choc;manv;num_veh
201300010389;0;32;0;0;2;4;1;B01
201300010389;0;7;0;0;2;4;1;C01
201300010389;0;7;0;0;2;1;1;A01
201300010390;0;30;0;0;2;1;1;B01
201300010390;0;7;0;0;2;1;1;A01
201300010391;0;7;0;0;2;3;1;B01
201300010391;0;31;0;0;2;1;0;A01
201300010392;0;32;0;0;1;1;1;A01
201300010393;0;7;0;0;1;3;1;A01
201300010394;0;7;0;0;2;8;1;B01
201300010394;0;7;0;0;2;2;1;A01
201300010394;0;31;0;0;2;1;1;C01
201300010395;0;1;0;0;2;1;1;B01
201300010395;0;7;0;0;2;1;0;A01
201300010396;0;31;0;0;2;1;0;B01
201300010396;0;7;0;0;2;3;15;A01
201300010397;0;30;0;0;2;1;1;B01
201300010397;0;7;0;0;2;1;14;A01
201300010398;0;33;0;0;2;8;18;B01
201300010398;0;7;0;0;2;5;22;A01
201300010399;0;32;0;0;2;1;2;A01
201300010399;0;10;0;0;2;4;2;B01
201300010400;0;30;0;0;1;1;1;A01
201300010401;0;32;0;0;2;1;1;B01
201300010401;0;2;0;0;2;3;9;A01
201300010402;0;7;0;0;1;1;1;A01
201300010403;0;7;0;0;2;4;1;B01
201300010403;0;7;0;0;2;1;1;A01
201300010404;0;7;0;0;2;1;5;A01
201300010404;0;7;0;0;2;1;1;B01
201300010405;0;34;0;9;1;1;1;A01
201300010406;0;30;0;0;0;0;0;A01
201300010407;0;30;0;0;2;7;17;A01
201300010407;0;7;0;0;2;8;15;B01
201300010408;0;7;0;0;0;1;1;B01
201300010408;0;7;0;0;0;1;13;A01
201300010409;0;33;0;0;0;0;0;A01
201300010410;0;30;0;0;0;1;1;A01
201300010410;0;7;0;0;0;1;1;B01
201300010411;0;7;0;0;2;0;0;A01
201300010411;1;10;0;0;2;3;0;Z01
201300010412;0;30;0;0;0;0;0;A01
201300010413;0;30;0;0;1;0;0;A01
201300010414;0;30;0;14;2;0;1;A01
201300010415;0;7;0;0;2;8;1;B01
201300010415;0;1;0;0;2;1;9;A01
201300010416;0;7;0;0;0;1;1;B01
201300010416;0;30;0;0;0;1;17;A01
201300010417;0;2;0;0;2;7;1;B01
201300010417;0;7;0;0;2;1;9;A01
201300010418;0;7;0;0;2;3;15;A01
201300010418;0;38;1;0;2;3;1;B01
201300010419;0;7;0;0;2;1;1;A01
201300010419;0;7;0;0;0;5;16;B01
201300010420;0;7;0;0;0;0;0;A01
201300010421;0;33;0;0;2;0;13;A01
201300010421;0;7;0;0;2;0;1;B01
201300010422;0;7;0;0;2;1;9;A01
201300010422;0;31;0;0;2;0;1;B01
201300010423;0;7;0;0;0;3;15;A01
201300010423;0;30;0;0;0;1;17;B01
201300010424;0;7;0;0;2;1;2;A01
201300010424;0;7;0;0;0;4;2;B01
201300010425;0;7;0;0;1;0;1;A01
201300010426;0;7;0;0;1;2;1;A01
201300010427;0;7;0;0;1;4;4;A01
201300010428;0;7;0;0;2;7;13;A01
201300010428;0;7;0;0;2;1;1;B01
201300010429;0;7;0;0;0;2;1;A01
201300010430;0;2;0;0;0;0;0;A01
201300010431;0;7;0;0;2;3;1;C01
201300010431;0;7;0;0;0;1;13;A01
201300010431;0;7;0;0;0;4;1;B01
201300010432;0;7;0;0;2;0;0;A01
201300010432;0;1;0;0;2;0;0;B01
201300010433;0;7;0;1;1;2;16;A01
201300010434;0;32;0;0;0;1;17;A01
201300010434;0;7;0;0;0;2;15;B01
201300010435;0;33;0;0;0;1;2;A01
201300010435;0;7;0;0;0;4;2;B01
201300010436;0;7;0;0;0;1;2;A01
201300010436;0;7;0;0;0;4;2;B01
201300010436;0;7;0;0;0;4;2;C01
201300010437;0;7;0;6;0;2;0;A01
201300010438;0;7;0;0;0;1;13;A01
201300010438;0;7;0;0;0;1;1;B01
201300010439;0;10;0;0;2;1;1;A01
201300010439;0;33;0;0;0;0;0;B01
201300010440;0;30;0;14;0;1;21;A01
201300010440;0;7;0;0;0;6;23;C01
201300010440;0;7;0;0;2;3;13;B01
201300010441;0;30;0;0;0;0;0;A01
201300010442;0;10;0;0;2;3;9;A01
201300010442;0;33;0;0;2;1;1;B01
201300010443;0;7;0;0;1;4;4;A01
201300010444;0;30;0;0;0;0;14;A01
201300010445;0;33;0;0;2;2;17;A01
201300010445;0;7;0;0;2;2;15;B01
201300010446;0;7;0;0;0;1;1;C01
201300010446;0;7;0;0;0;1;2;A01
201300010446;0;7;0;0;0;4;2;B01
201300010447;2;7;0;1;2;2;14;A01
201300010447;0;7;0;0;2;6;1;C01
201300010448;0;30;0;0;0;1;1;B01
201300010448;0;7;0;0;0;3;15;A01
201300010449;0;31;0;0;0;0;0;A01
201300010450;0;7;0;0;0;4;2;B01
201300010450;0;7;0;0;2;1;2;A01
201300010451;0;7;0;0;2;7;15;A01
201300010451;0;31;0;0;2;1;1;B01
201300010452;0;7;0;0;0;1;1;A01
201300010453;0;7;0;0;0;6;2;B01
201300010453;0;7;0;0;2;2;2;A01
201300010454;0;7;0;0;0;1;1;A01
201300010454;0;7;0;0;0;1;16;B01
201300010455;0;32;0;0;0;1;1;B01
201300010455;1;7;0;0;0;1;5;Z01
201300010456;0;2;0;0;2;2;1;B01
201300010456;0;7;0;0;2;8;20;A01
201300010457;0;7;0;0;2;8;1;B01
201300010457;1;13;0;0;0;8;13;Z01
201300010458;0;7;0;0;0;1;17;A01
201300010458;0;7;0;0;0;1;1;B01
201300010459;0;7;0;0;1;0;4;A01
201300010460;0;33;0;0;2;0;1;B01
201300010460;0;7;0;0;2;5;15;A01
201300010461;0;7;0;0;0;6;15;A01
201300010461;0;30;0;0;0;1;1;B01
201300010462;0;7;0;0;0;3;1;B01
201300010462;0;30;0;0;0;3;13;A01
201300010463;0;7;0;0;2;2;9;A01
201300010463;0;1;0;0;2;3;1;B01
201300010464;0;10;0;0;1;4;20;A01
201300010465;0;10;0;0;2;1;2;A01
201300010465;0;7;0;0;2;4;2;B01
201300010465;0;10;0;0;0;4;2;C01
201300010466;0;7;0;0;0;1;14;A01
201300010467;0;30;0;0;0;0;0;A01
201300010468;0;10;0;0;2;8;15;B01
201300010468;0;34;0;7;2;2;17;A01
201300010469;0;7;0;8;0;2;14;A01
201300010470;0;7;0;0;2;2;9;A01
201300010470;0;7;0;6;2;7;1;B01
201300010471;0;7;0;0;2;1;2;A01
201300010471;0;7;0;0;0;4;2;B01
201300010472;0;10;0;6;0;0;0;A01
201300010473;0;7;0;0;0;1;2;A01
201300010473;0;7;0;0;0;4;2;B01
201300010474;0;7;0;3;2;8;0;B01
201300010474;0;7;0;0;2;8;13;A01
201300010475;0;30;0;0;0;1;2;A01
201300010475;0;7;0;0;0;4;1;B01
201300010476;0;30;0;0;0;0;0;A01
201300010477;0;30;0;0;0;1;14;A01
201300010478;0;7;0;0;0;1;2;A01
201300010478;0;7;0;0;0;4;1;B01
201300010479;0;7;0;0;2;3;13;A01
201300010479;0;30;0;0;2;1;1;B01
201300010480;0;32;0;0;2;3;13;B01
201300010480;0;7;0;0;2;3;17;A01
201300010481;0;33;0;0;0;1;2;A01
201300010481;0;7;0;0;0;4;1;B01
201300010482;0;30;0;0;2;1;17;A01
201300010482;0;7;0;0;0;5;15;B01
201300010483;0;7;0;0;1;2;1;A01
201300010484;0;3;0;0;0;0;0;A01
201300010485;1;31;0;0;0;0;17;A01
201300010485;0;30;0;0;0;8;15;B01
201300010486;0;7;0;0;2;7;15;A01
201300010486;0;31;0;0;2;1;1;B01
201300010487;0;33;0;0;0;0;0;A01
201300010488;0;7;0;0;0;0;0;A01
201300010489;0;30;0;0;0;0;0;A01
201300010490;0;7;0;0;1;5;1;A01
201300010491;0;2;0;0;2;0;5;A01
201300010491;0;7;0;0;2;0;0;B01
201300010492;0;7;0;0;1;2;15;A01
201300010493;0;7;0;0;2;6;0;A01
201300010493;0;34;0;0;2;1;21;B01
201300010494;0;7;0;0;2;1;1;A01
201300010494;0;7;0;0;2;4;23;B01
201300010494;0;7;0;0;0;4;23;C01
201300010495;0;33;0;0;2;1;1;B01
201300010495;0;7;0;0;2;3;9;A01
201300010496;0;31;0;0;2;1;1;A01
201300010496;0;7;0;0;2;6;15;B01
201300010497;0;7;0;6;0;0;0;A01
201300010498;0;14;0;0;2;7;16;A01
201300010498;0;7;0;0;2;8;18;B01
201300010499;0;34;0;0;2;2;17;A01
201300010499;0;7;0;0;2;3;15;B01
201300010500;0;7;0;0;2;1;2;A01
201300010500;0;7;0;0;0;4;2;B01
201300010501;0;33;0;0;0;0;0;A01
201300010502;0;10;0;0;2;1;9;A01
201300010502;0;30;0;0;2;1;1;B01
201300010503;0;7;0;6;0;8;0;A01
201300010504;0;7;0;1;0;1;13;A01
201300010505;0;30;0;0;2;1;0;A01
201300010505;0;7;0;0;0;6;15;B01
201300010506;0;10;0;0;2;1;2;A01
201300010506;0;7;0;0;0;4;2;B01
201300010507;0;33;0;0;2;1;1;A01
201300010507;0;7;0;0;2;8;15;B01
201300010508;0;30;0;0;2;1;2;A01
201300010508;0;7;0;0;0;4;2;B01
201300010509;0;31;0;0;2;8;1;A01
201300010509;1;10;0;0;2;3;13;Z01
201300010510;0;7;0;13;0;2;14;A01
201300010511;0;7;0;13;0;2;14;A01
201300010512;0;7;0;0;2;3;15;A01
201300010512;0;33;0;0;2;1;17;B01
201300010513;0;7;0;0;2;8;15;B01
201300010513;0;32;0;0;2;1;17;A01
201300010514;0;7;0;0;2;1;2;A01
201300010514;0;7;0;0;2;4;2;B01
201300010515;2;99;0;0;2;1;13;A01
201300010515;0;7;0;0;2;1;1;B01
201300010516;0;7;0;0;1;0;0;A01
201300010517;0;7;0;1;2;3;13;A01
201300010517;0;7;0;0;2;3;1;B01
201300010518;1;10;0;0;2;0;15;Z01
201300010518;0;30;0;0;2;1;1;A01
201300010519;0;7;0;0;2;1;1;A01
201300010519;0;7;0;0;2;4;23;B01
201300010520;0;30;0;0;2;1;13;A01
201300010520;0;7;0;0;2;1;1;B01
201300010521;0;10;0;0;2;8;15;B01
201300010521;0;30;0;0;2;1;17;A01
201300010522;0;30;0;0;2;1;18;A01
201300010522;0;7;0;0;2;7;14;B01
201300010523;1;2;0;11;1;0;10;Z01
201300010524;0;30;0;0;0;0;21;A01
201300010525;0;7;0;0;2;1;1;A01
201300010525;0;7;0;0;2;4;16;B01
201300010526;0;7;0;0;1;1;1;A01
201300010527;0;33;0;0;2;1;1;A01
201300010527;0;7;0;0;2;5;15;B01
201300010528;0;7;0;0;2;3;1;B01
201300010528;0;7;0;11;2;6;11;A01
201300010529;1;7;0;0;2;1;2;Z01
201300010529;0;3;0;0;0;5;2;A01
201300010530;0;7;0;6;0;2;14;A01
201300010531;1;33;0;0;1;0;0;Z01
201300010532;0;32;0;0;0;0;0;A01
201300010533;0;7;0;0;2;0;0;A01
201300010533;0;31;0;0;2;0;17;B01
201300010534;0;7;0;0;0;4;23;C01
201300010534;0;7;0;0;2;1;1;A01
201300010534;0;7;0;0;2;4;23;B01
201300010535;0;33;0;0;0;0;0;A01
201300010536;0;30;0;0;0;0;0;A01
201300010537;0;7;0;0;1;1;1;A01
201300010538;0;7;0;0;9;1;1;A01
201300010539;0;7;0;8;0;1;21;A01
201300010540;0;30;0;0;0;0;0;A01
201300010541;0;7;0;0;2;4;23;C01
201300010541;0;7;0;0;2;1;1;A01
201300010541;0;7;0;0;2;4;23;B01
201300010542;0;33;0;0;2;1;17;A01
201300010542;0;7;0;0;2;1;1;C01
201300010542;0;7;0;0;2;3;10;B01
201300010543;0;7;0;0;0;4;2;C01
201300010543;0;7;0;0;2;4;2;B01
201300010543;0;7;0;0;2;1;2;A01
201300010544;0;7;0;0;2;1;2;A01
201300010544;0;7;0;0;0;4;2;C01
201300010544;0;7;0;0;2;4;2;B01
201300010545;0;2;0;0;0;0;0;A01
201300010546;0;7;0;0;2;1;1;A01
201300010546;0;7;0;0;2;4;23;B01
201300010546;1;7;0;0;2;4;23;Z01
201300010547;0;10;0;0;2;3;15;A01
201300010547;0;32;0;0;2;2;1;B01
201300010548;0;33;0;0;2;1;17;A01
201300010548;0;7;0;0;2;8;15;B01
201300010549;0;7;0;0;0;5;15;B01
201300010549;0;30;0;0;2;1;2;A01
201300010550;0;2;0;0;0;0;0;A01
201300010551;0;7;0;0;2;4;15;B01
201300010551;0;30;0;0;2;1;1;A01
201300010552;0;7;0;0;2;8;23;C01
201300010552;0;7;0;0;2;1;9;A01
201300010552;0;33;0;0;2;8;1;B01
201300010553;0;7;0;0;2;3;1;B01
201300010553;0;7;0;8;2;3;13;A01
201300010554;0;33;0;0;2;1;1;B01
201300010554;0;2;0;0;2;1;5;A01
201300010555;0;30;0;0;0;0;0;A01
201300010556;0;30;0;0;2;1;19;A01
201300010556;0;7;0;0;2;1;1;B01
201300010557;0;30;0;0;1;2;0;A01
201300010558;0;32;0;0;2;1;1;A01
201300010558;0;30;0;0;0;0;19;C01
201300010558;0;10;0;0;0;4;23;B01
201300010559;0;31;0;0;0;0;0;A01
201300010560;0;33;0;0;2;4;1;B01
201300010560;1;10;0;0;2;1;1;Z01
201300010561;0;32;0;0;1;0;0;A01
201300010562;0;7;0;0;2;2;1;B01
201300010562;0;10;0;0;2;8;9;A01
201300010563;0;31;0;0;0;0;0;A01
201300010564;0;7;0;0;2;1;1;A01
201300010564;0;7;0;0;2;4;23;B01
201300010565;0;30;0;0;2;8;23;A01
201300010565;0;10;0;0;2;5;21;B01
201300010566;0;30;0;0;0;0;0;A01
201300010567;0;10;0;0;1;4;4;A01
201300010568;1;7;0;0;0;4;23;Z01
201300010568;0;33;0;0;2;1;1;A01
201300010569;0;7;0;0;2;1;1;B01
201300010569;0;30;0;0;2;1;17;A01
201300010570;0;31;0;0;2;1;1;A01
201300010570;0;7;0;0;2;4;1;B01
201300010571;0;7;0;0;0;4;2;B01
201300010571;0;1;0;0;2;1;2;A01
201300010572;0;7;0;0;2;1;1;A01
201300010572;0;7;0;0;2;4;23;B01
201300010573;0;30;0;0;0;0;0;A01
201300010574;0;7;0;0;1;2;1;A01
201300010575;0;7;0;6;0;0;0;A01
201300010576;0;7;0;0;2;8;10;A01
201300010576;0;2;0;0;2;1;17;B01
201300010577;0;7;0;0;2;7;21;B01
201300010577;0;7;0;0;2;6;4;A01
201300010578;0;1;0;0;0;0;0;A01
201300010579;0;7;0;0;2;4;23;B01
201300010579;0;7;0;0;2;1;2;A01
201300010579;0;7;0;0;2;8;1;C01
201300010580;0;7;0;0;2;3;15;B01
201300010580;0;30;0;0;2;1;17;A01
201300010581;0;30;0;0;1;1;17;A01
201300010582;0;1;0;0;0;0;0;A01
201300010583;0;7;0;12;0;2;0;A01
201300010584;0;7;0;0;2;1;15;A01
201300010584;0;1;0;0;2;1;1;B01
201300010585;0;2;0;0;2;8;1;B01
201300010585;0;7;0;0;2;7;16;A01
201300010586;0;2;0;0;0;0;0;A01
201300010587;0;7;0;0;2;4;4;A01
201300010587;0;7;0;0;2;7;1;B01
201300010588;0;7;0;0;2;0;9;A01
201300010588;0;34;0;0;2;0;1;B01
201300010589;0;7;0;0;2;8;15;A01
201300010589;0;7;0;0;2;1;1;B01
201300010590;0;7;0;0;1;4;4;A01
201300010591;0;7;0;0;2;0;9;A01
201300010591;0;32;0;0;2;1;1;B01
201300010592;0;30;0;0;2;1;17;B01
201300010592;0;10;0;0;2;8;15;A01
201300010593;0;7;0;0;2;7;9;A01
201300010593;0;30;0;0;2;1;1;B01
201300010594;0;7;0;0;0;4;2;B01
201300010594;0;7;0;0;2;1;2;A01
201300010595;0;7;0;0;2;8;15;B01
201300010595;0;2;0;0;2;1;17;A01
201300010596;0;30;0;0;0;0;0;A01
201300010597;0;7;0;0;2;1;1;B01
201300010597;0;7;0;0;2;1;13;A01
201300010598;0;10;0;8;0;1;0;A01
201300010599;0;7;0;0;2;1;1;B01
201300010599;0;7;0;0;2;1;14;A01
201300010600;0;7;0;0;0;0;0;A01
201300010601;0;7;0;13;0;0;0;A01
201300010602;0;10;0;0;1;1;0;A01
201300010603;0;30;0;0;0;0;0;A01
201300010604;0;7;0;0;2;1;1;B01
201300010604;0;10;0;0;2;1;13;A01
201300010605;0;7;0;8;0;1;0;A01
201300010606;0;33;0;0;2;1;1;B01
201300010606;0;7;0;0;2;8;9;A01
201300010607;0;2;0;0;2;1;1;A01
201300010607;0;7;0;0;2;4;1;B01
201300010608;0;7;0;0;1;1;1;A01
201300010609;0;7;0;0;2;4;2;B01
201300010609;0;7;0;0;2;1;2;A01
201300010609;0;7;0;0;0;4;2;C01
201300010610;0;7;0;0;2;2;15;A01
201300010610;0;30;0;0;2;1;1;B01
201300010611;0;7;0;8;0;0;0;A01
201300010612;0;7;0;0;2;1;2;A01
201300010612;0;7;0;0;0;4;2;C01
201300010612;0;7;0;0;2;4;2;B01
201300010613;0;7;0;0;1;3;1;A01
201300010614;0;33;0;0;2;1;1;A01
201300010614;0;7;0;0;2;6;1;B01
201300010615;0;33;0;0;2;1;1;B01
201300010615;0;7;0;0;2;7;15;A01
201300010616;0;7;0;0;2;8;9;B01
201300010616;0;33;0;0;2;1;17;A01
201300010617;0;7;0;0;2;4;23;B01
201300010617;0;30;0;0;2;1;1;A01
201300010618;0;30;0;0;2;1;2;A01
201300010618;0;2;0;0;0;4;2;B01
201300010619;0;7;0;0;1;1;1;A01
201300010620;0;7;0;0;0;4;2;B01
201300010620;0;7;0;0;2;1;2;A01
201300010621;0;14;0;0;2;3;1;B01
201300010621;0;7;0;0;2;3;17;A01
201300010621;0;7;0;0;2;3;1;C01
201300010622;0;7;0;0;0;4;2;B01
201300010622;0;7;0;0;2;1;2;A01
201300010623;0;31;0;0;2;3;0;A01
201300010623;0;32;0;0;2;3;0;B01
201300010624;1;7;0;0;1;0;0;Z01
201300010625;0;7;0;0;2;3;1;C01
201300010625;0;10;0;0;2;3;13;A01
201300010625;0;7;0;0;2;3;1;B01
201300010626;0;2;0;0;0;0;0;A01
201300010627;0;7;0;0;2;4;23;B01
201300010627;0;7;0;0;2;1;1;A01
201300010628;0;7;0;0;1;3;1;A01
201300010629;0;7;0;0;2;8;0;A01
201300010629;0;1;0;0;2;7;17;B01
201300010630;0;7;0;0;0;0;0;A01
201300010631;0;7;0;8;0;0;0;A01
201300010632;0;7;0;8;0;0;0;A01
201300010633;0;7;0;13;0;2;14;A01
201300010634;0;33;0;0;2;1;1;B01
201300010634;0;10;0;0;2;7;15;A01
201300010635;0;7;0;0;1;3;1;A01
201300010636;0;7;0;0;2;6;1;B01
201300010636;0;7;0;0;2;8;1;C01
201300010636;1;10;0;0;2;3;13;Z01
201300010636;0;7;0;0;2;1;1;D01
201300010637;0;7;0;15;0;2;0;A01
201300010638;0;30;0;6;0;1;0;A01
201300010639;0;7;0;0;2;8;1;C01
201300010639;0;10;0;0;2;3;1;B01
201300010639;0;7;0;0;2;3;13;A01
201300010640;0;7;0;6;0;1;13;A01
201300010641;0;7;0;0;2;3;13;A01
201300010641;0;7;0;0;2;6;1;B01
201300010642;0;30;0;0;2;2;17;A01
201300010642;0;7;0;0;2;8;15;B01
201300010643;0;32;0;0;1;1;1;A01
201300010644;0;7;0;0;2;3;15;A01
201300010644;0;1;0;0;0;7;17;B01
201300010645;0;7;0;0;2;7;15;A01
201300010645;0;7;0;0;2;2;1;B01
201300010646;0;10;0;0;0;8;24;A01
201300010646;0;33;0;14;0;2;17;B01
201300010647;0;7;0;0;2;7;15;A01
201300010647;0;33;0;0;2;1;1;B01
201300010648;0;7;0;0;1;7;1;A01
201300010649;0;10;0;0;2;1;2;A01
201300010649;0;33;0;0;0;4;23;B01
201300010650;0;7;0;0;0;8;17;B01
201300010650;0;33;0;0;2;1;17;A01
201300010651;0;7;0;0;1;4;4;A01
201300010652;0;7;0;0;1;4;4;A01
201300010653;0;33;0;6;0;2;21;B01
201300010653;0;7;0;0;0;0;15;A01
201300010654;0;7;0;1;0;2;1;A01
201300010655;0;7;0;3;2;3;1;B01
201300010655;0;7;0;0;2;3;13;A01
201300010656;0;32;0;0;2;1;1;B01
201300010656;0;30;0;0;0;7;13;A01
201300010657;0;7;0;0;2;3;1;A01
201300010657;0;32;0;0;2;2;1;B01
201300010658;0;33;0;0;2;7;2;B01
201300010658;0;7;0;0;2;8;15;A01
201300010659;0;17;0;0;1;5;1;A01
201300010660;0;30;0;12;0;2;1;A01
201300010661;0;7;0;0;1;8;1;A01
201300010662;0;7;0;0;0;1;9;A01
201300010662;0;33;0;0;2;1;1;B01
201300010663;0;32;0;0;0;8;1;A01
201300010663;1;7;0;0;2;7;17;Z01
201300010664;0;7;0;0;0;3;15;A01
201300010664;0;33;0;0;2;7;17;B01
201300010665;0;30;0;0;0;0;1;A01
201300010665;1;7;0;0;0;7;15;Z01
201300010666;0;7;0;0;1;5;4;A01
201300010667;0;2;0;0;1;1;17;A01
201300010668;0;7;0;0;2;1;1;B01
201300010668;0;32;0;0;0;8;20;A01
201300010669;0;7;0;1;0;7;14;A01
201300010670;0;7;0;0;0;3;10;A01
201300010670;0;33;0;6;2;1;21;B01
201300010671;0;1;0;0;1;1;1;A01
201300010672;0;7;0;0;2;8;15;A01
201300010672;2;34;0;1;2;2;17;Z01
201300010673;0;3;0;0;0;3;15;B01
201300010673;0;31;0;0;2;1;17;A01
201300010673;0;33;0;0;0;1;0;C01
201300010674;0;32;0;0;2;1;1;B01
201300010674;0;7;0;0;0;1;15;A01
201300010675;0;33;0;0;2;8;1;B01
201300010675;0;10;0;0;2;3;15;A01
201300010676;0;7;0;0;1;1;1;A01
201300010677;0;7;0;6;2;2;14;A01
201300010677;0;7;0;0;0;1;1;B01
201300010678;0;7;0;0;1;7;14;A01
201300010679;0;7;0;0;0;0;23;A01
201300010679;0;33;0;0;2;1;17;B01
201300010680;0;7;0;0;1;3;1;A01
201300010681;0;3;0;6;2;2;1;A01
201300010681;0;34;0;0;2;7;17;B01
201300010681;0;10;0;0;2;3;1;C01
201300010681;0;10;0;0;2;8;1;D01
201300010682;0;33;0;12;0;7;1;A01
201300010683;0;7;0;0;2;2;19;A01
201300010683;0;2;0;0;2;1;1;B01
201300010683;0;7;0;0;2;3;23;C01
201300010684;0;7;0;0;1;1;1;A01
201300010685;0;7;0;0;0;1;13;A01
201300010685;0;7;0;0;2;1;1;B01
201300010686;0;7;0;0;0;1;1;A01
201300010686;0;32;0;0;0;1;1;B01
201300010687;0;34;0;0;2;7;1;B01
201300010687;0;7;0;0;2;8;15;A01
201300010688;0;2;0;0;0;4;1;B01
201300010688;0;7;0;0;2;1;2;A01
201300010689;0;7;0;0;0;8;15;A01
201300010689;0;1;0;0;2;1;1;B01
201300010690;0;32;0;0;2;1;1;A01
201300010690;0;2;0;0;2;1;15;B01
201300010691;0;33;0;0;2;1;1;B01
201300010691;0;7;0;0;0;3;15;A01
201300010692;0;7;0;0;1;3;15;A01
201300010693;0;33;0;8;0;2;1;A01
201300010694;0;2;0;0;0;1;1;A01
201300010695;0;7;0;0;2;3;20;A01
201300010695;0;32;0;0;2;1;17;B01
201300010696;0;7;0;0;0;2;1;A01
201300010696;0;32;0;0;2;1;1;B01
201300010697;0;32;0;10;0;1;1;A01
201300010698;0;2;0;0;2;1;1;A01
201300010698;0;2;0;0;2;1;1;B01
201300010699;0;7;0;1;2;3;13;A01
201300010699;0;34;0;0;2;1;21;B01
201300010699;0;7;0;0;0;8;0;C01
201300010700;0;33;0;0;2;3;13;A01
201300010700;0;7;0;0;2;3;1;B01
201300010701;0;32;0;10;0;3;1;A01
201300010702;0;7;0;13;0;1;14;A01
201300010703;0;7;0;0;2;3;13;A01
201300010703;0;32;0;0;2;1;1;B01
201300010704;0;7;0;0;0;3;1;B01
201300010704;0;33;0;0;2;1;1;A01
201300010705;0;2;0;0;2;1;1;B01
201300010705;0;7;0;0;2;3;15;A01
201300010706;0;7;0;0;1;1;1;A01
201300010707;0;7;0;0;1;2;16;A01
201300010708;0;7;0;0;2;4;2;B01
201300010708;0;31;0;0;2;1;2;A01
201300010709;0;7;0;0;2;1;2;A01
201300010709;0;10;0;0;2;4;2;C01
201300010709;0;7;0;0;2;4;2;B01
201300010710;2;2;0;0;2;1;2;A01
201300010710;0;33;0;0;2;0;1;B01
201300010711;0;10;0;0;2;1;0;A01
201300010711;0;7;0;0;2;4;1;B01
201300010712;0;7;0;10;2;1;1;B01
201300010712;0;7;0;0;2;1;9;A01
201300010712;0;7;0;0;2;8;24;D01
201300010712;0;7;0;0;2;8;1;C01
201300010713;0;7;0;14;2;7;15;A01
201300010713;0;7;0;0;2;1;1;B01
201300010714;0;7;0;0;1;1;16;A01
201300010715;0;7;0;0;2;2;20;A01
201300010715;0;2;0;0;2;1;18;B01
201300010716;1;7;0;0;2;0;15;Z01
201300010716;0;2;0;1;2;8;1;B01
201300010717;0;37;1;0;1;2;1;A01
201300010718;0;7;0;0;2;8;15;B01
201300010718;0;30;0;0;2;1;17;A01
201300010719;0;33;0;0;2;1;1;A01
201300010719;0;7;0;0;2;8;1;B01
201300010720;0;31;0;0;2;1;1;A01
201300010720;0;7;0;0;2;8;23;B01
201300010721;0;7;0;0;1;1;1;A01
201300010722;0;7;0;0;2;4;11;A01
201300010722;0;32;0;0;2;8;1;B01
201300010723;0;7;0;0;1;1;1;A01
201300010724;0;7;0;1;0;3;1;A01
201300010725;0;2;0;0;2;1;1;B01
201300010725;0;7;0;0;2;5;16;A01
201300010726;0;2;0;0;2;1;1;A01
201300010726;0;7;0;0;2;1;1;B01
201300010727;0;7;0;0;2;7;1;A01
201300010727;0;37;10;0;2;1;1;B01
201300010728;0;7;0;0;2;3;1;B01
201300010728;0;10;0;0;2;2;15;A01
201300010729;0;32;0;0;2;4;1;B01
201300010729;0;7;0;0;2;1;1;A01
201300010730;0;7;0;0;2;1;1;B01
201300010730;1;7;0;0;2;8;9;A01
201300010731;0;7;0;0;1;1;1;A01
201300010732;0;7;0;0;2;1;1;B01
201300010732;0;30;0;0;2;1;5;A01
201300010733;0;7;0;0;1;4;4;A01
201300010734;0;7;0;0;2;4;1;B01
201300010734;0;7;0;0;2;1;1;A01
201300010735;0;7;0;0;2;4;2;C01
201300010735;0;10;0;14;0;1;1;A01
201300010735;0;7;0;14;2;4;2;B01
201300010736;0;10;0;0;2;7;16;A01
201300010736;0;31;0;0;2;1;1;B01
201300010737;0;7;0;0;1;1;1;A01
201300010738;0;7;0;0;1;2;1;A01
201300010739;0;7;0;0;2;1;1;B01
201300010739;0;1;0;0;2;7;19;A01
201300010740;0;31;0;10;0;9;1;A01
201300010741;0;7;0;0;2;3;15;A01
201300010741;0;2;0;0;2;0;1;B01
201300010742;0;7;0;0;0;9;14;A01
201300010742;0;7;0;0;2;1;1;B01
201300010743;0;7;0;0;2;1;2;B01
201300010743;0;7;0;0;2;4;2;C01
201300010743;0;10;0;0;2;1;2;A01
201300010743;0;7;0;0;2;4;1;D01
201300010744;0;7;0;0;1;2;1;A01
201300010745;0;7;0;0;2;7;1;B01
201300010745;0;2;0;0;2;1;1;A01
201300010746;0;33;0;0;1;1;1;A01
201300010747;0;7;0;0;1;1;1;A01
201300010748;0;2;0;0;2;1;1;A01
201300010748;0;7;0;0;2;4;2;B01
201300010749;0;32;0;0;2;2;1;B01
201300010749;0;7;0;0;2;3;15;A01
201300010750;0;2;0;0;2;8;1;A01
201300010750;0;32;0;0;2;7;1;B01
201300010751;0;7;0;0;1;1;1;A01
201300010752;0;2;0;0;1;1;1;A01
201300010753;0;32;0;0;0;1;1;B01
201300010753;0;2;0;0;2;1;1;A01
201300010754;0;7;0;1;0;1;1;A01
201300010755;0;15;0;0;2;2;1;B01
201300010755;0;7;0;0;2;8;1;A01
201300010756;0;7;0;0;1;1;1;A01
201300010757;0;7;0;0;2;3;11;A01