num_acc;senc;catv;occutc;obs;obsm;choc;manv;num_veh
201300010757;0;2;0;0;2;7;1;B01
201300010758;0;33;0;0;2;1;17;B01
201300010758;0;7;0;0;2;8;10;A01
201300010759;0;31;0;0;2;1;2;B01
201300010759;0;7;0;1;2;1;1;A01
201300010760;0;7;0;0;2;4;1;B01
201300010760;0;7;0;0;0;1;1;A01
201300010761;0;33;0;0;2;1;2;A01
201300010761;0;7;0;0;0;0;23;C01
201300010761;0;7;0;0;2;4;1;B01
201300010762;0;2;0;0;1;1;0;A01
201300010763;0;32;0;0;2;1;1;A01
201300010763;0;30;0;1;2;7;1;B01
201300010764;0;31;0;1;0;1;14;A01
201300010764;0;7;0;0;0;0;16;B01
201300010765;0;7;0;0;2;1;15;A01
201300010765;0;31;0;0;2;8;1;B01
201300010766;0;7;0;0;2;3;9;A01
201300010766;0;33;0;0;2;1;1;B01
201300010767;0;31;0;0;2;8;1;B01
201300010767;0;7;0;0;2;1;1;A01
201300010768;0;37;1;0;1;7;16;A01
201300010769;0;7;0;0;2;3;1;A01
201300010769;0;7;0;0;2;1;1;B01
201300010770;1;99;0;0;1;2;0;Z01
201300010771;0;32;0;0;2;1;1;A01
201300010772;0;10;0;0;2;2;1;A01
201300010772;0;7;0;0;2;1;1;B01
201300010773;0;7;0;0;1;5;4;A01
201300010774;0;7;0;0;2;4;2;D01
201300010774;0;7;0;0;2;4;2;C01
201300010774;0;7;0;0;2;9;2;B01
201300010774;0;7;0;0;2;1;1;A01
201300010775;1;7;0;0;1;0;1;A01
201300010776;0;14;0;0;2;3;1;A01
201300010776;0;7;0;0;2;5;15;B01
201300010777;0;32;0;0;2;1;1;A01
201300010777;0;37;15;0;2;7;1;B01
201300010778;0;2;0;0;2;1;1;A01
201300010778;0;7;0;0;2;2;9;B01
201300010779;0;7;0;0;2;1;9;A01
201300010779;0;32;0;0;2;5;1;B01
201300010780;0;7;0;0;2;4;1;B01
201300010780;0;33;0;0;2;1;1;A01
201300010781;0;7;0;0;2;3;1;B01
201300010781;0;7;0;0;2;3;13;A01
201300010782;0;7;0;0;2;2;1;B01
201300010782;0;32;0;0;2;6;0;A01
201300010783;0;31;0;0;1;1;1;A01
201300010784;0;1;0;0;2;8;1;A01
201300010784;0;33;0;0;2;1;1;B01
201300010785;0;7;0;1;1;8;14;A01
201300010786;0;7;0;0;1;3;15;A01
201300010787;0;7;0;0;2;1;2;A01
201300010787;0;7;0;0;2;4;2;B01
201300010788;0;7;0;0;1;3;1;A01
201300010789;0;7;0;0;1;1;1;A01
201300010790;0;7;0;0;2;8;1;A01
201300010790;0;31;0;0;2;1;1;B01
201300010791;0;7;0;0;2;2;1;A01
201300010791;0;7;0;0;2;2;1;B01
201300010792;0;7;0;0;1;1;1;A01
201300010793;0;15;0;0;2;9;1;A01
201300010794;0;38;1;0;1;1;1;A01
201300010795;0;2;0;0;2;8;0;A01
201300010795;0;33;0;0;2;1;1;B01
201300010796;0;7;0;0;2;4;1;C01
201300010796;0;7;0;0;2;1;1;A01
201300010796;0;10;0;0;2;4;1;B01
201300010797;0;13;0;0;2;5;0;A01
201300010797;0;33;0;0;2;1;1;B01
201300010798;0;10;0;0;2;1;2;A01
201300010798;0;7;0;0;2;4;1;B01
201300010799;0;31;0;0;2;4;1;B01
201300010799;0;7;0;0;2;1;1;A01
201300010800;0;32;0;1;1;1;1;A01
201300010801;0;30;0;0;2;3;1;B01
201300010801;0;7;0;0;2;1;1;A01
201300010802;0;7;0;0;2;4;2;D01
201300010802;0;10;0;0;2;4;2;C01
201300010802;0;7;0;0;2;1;1;A01
201300010802;0;10;0;0;2;4;2;B01
201300010803;0;7;0;0;1;2;1;A01
201300010804;0;10;0;0;2;3;17;A01
201300010804;0;33;0;1;2;1;17;B01
201300010805;0;10;0;0;1;1;15;A01
201300010806;0;7;0;0;1;2;1;A01
201300010807;0;7;0;0;2;6;15;A01
201300010807;0;33;0;0;2;1;17;B01
201300010808;0;33;0;0;2;1;1;B01
201300010808;0;7;0;0;2;8;9;A01
201300010809;0;7;0;0;2;6;9;B01
201300010809;0;2;0;0;2;1;1;A01
201300010810;0;31;0;0;2;2;17;A01
201300010810;0;7;0;0;2;8;15;B01
201300010811;0;7;0;0;2;4;2;B01
201300010811;0;30;0;0;2;1;2;A01
201300010812;0;37;1;0;1;2;15;A01
201300010813;0;31;0;0;2;8;21;B01
201300010813;0;7;0;0;2;7;1;A01
201300010814;0;7;0;0;1;1;1;A01
201300010815;0;30;0;0;1;1;1;A01
201300010816;0;2;0;0;2;8;1;B01
201300010816;1;7;0;0;2;0;0;Z01
201300010817;0;7;0;1;0;1;1;A01
201300010818;0;7;0;0;1;7;1;A01
201300010819;0;40;0;0;1;0;1;A01
201300010820;0;7;0;0;1;1;0;A01
201300010821;0;31;0;0;2;7;1;B01
201300010821;1;7;0;0;2;0;16;A01
201300010822;0;2;0;0;2;1;1;B01
201300010822;0;7;0;0;2;3;19;A01
201300010823;0;7;0;0;1;4;4;A01
201300010824;0;33;0;0;2;1;1;A01
201300010824;0;7;0;0;2;1;15;B01
201300010825;0;32;0;0;2;1;9;B01
201300010825;0;7;0;0;2;3;15;A01
201300010826;0;10;0;0;1;3;15;A01
201300010827;0;7;0;0;2;3;15;A01
201300010827;0;31;0;0;2;1;1;B01
201300010828;0;10;0;0;2;2;9;A01
201300010828;0;32;0;0;2;4;1;B01
201300010829;0;7;0;0;1;1;1;A01
201300010830;0;31;0;0;2;1;17;B01
201300010830;0;7;0;0;2;3;15;A01
201300010831;0;10;0;0;2;1;9;A01
201300010831;0;32;0;0;2;7;1;B01
201300010832;0;7;0;0;2;1;1;A01
201300010832;0;7;0;0;2;4;1;C01
201300010832;0;7;0;0;2;4;1;B01
201300010833;0;7;0;0;2;4;0;B01
201300010833;0;7;0;0;2;1;1;A01
201300010834;0;10;0;0;2;1;2;A01
201300010834;0;7;0;0;2;4;1;B01
201300010835;0;7;0;0;2;2;15;A01
201300010835;0;33;0;0;2;7;1;B01
201300010836;0;7;0;0;1;2;16;A01
201300010837;0;31;0;0;2;4;2;B01
201300010837;0;32;0;0;2;4;2;C01
201300010837;0;7;0;14;0;1;1;A01
201300010838;0;32;0;0;2;1;5;B01
201300010838;0;7;0;0;2;3;9;A01
201300010839;0;30;0;0;2;9;0;A01
201300010840;0;7;0;0;1;1;1;A01
201300010841;0;7;0;0;2;1;15;A01
201300010841;0;31;0;0;2;1;1;B01
201300010842;1;7;0;0;2;1;1;A01
201300010842;0;32;0;0;2;1;1;B01
201300010843;0;33;0;0;2;1;1;A01
201300010843;0;7;0;0;2;1;1;B01
201300010844;0;33;0;0;2;8;1;B01
201300010844;0;7;0;0;2;0;9;A01
201300010845;0;7;0;0;2;5;1;B01
201300010845;0;2;0;0;2;1;3;A01
201300010846;0;7;0;0;2;4;23;B01
201300010846;0;32;0;0;2;1;1;A01
201300010847;0;7;0;0;2;5;1;B01
201300010847;0;10;0;0;2;1;1;A01
201300010848;0;7;0;0;2;0;0;B01
201300010848;0;7;0;1;2;8;1;A01
201300010849;0;7;0;0;2;1;15;A01
201300010849;0;31;0;0;2;0;1;B01
201300010850;0;7;0;0;1;2;1;A01
201300010851;0;2;0;0;2;1;1;A01
201300010851;0;7;0;0;2;4;1;B01
201300010852;0;7;0;0;2;6;15;B01
201300010852;0;7;0;0;2;2;1;A01
201300010853;0;2;0;0;2;3;1;B01
201300010853;0;7;0;0;2;2;12;A01
201300010854;0;30;0;0;2;7;1;A01
201300010854;0;10;0;0;2;6;15;B01
201300010855;0;7;0;0;1;1;15;A01
201300010856;0;7;0;0;1;1;15;A01
201300010857;0;32;0;0;2;1;17;B01
201300010857;0;7;0;0;2;3;15;A01
201300010858;0;33;0;0;2;8;1;B01
201300010858;0;2;0;0;2;7;13;A01
201300010859;0;7;0;0;2;2;15;A01
201300010859;0;34;0;0;2;1;1;B01
201300010860;0;7;0;0;2;1;1;B01
201300010860;0;32;0;0;2;8;1;A01
201300010861;0;30;0;0;2;4;1;B01
201300010861;0;7;0;0;2;1;2;A01
201300010862;0;10;0;0;2;1;2;A01
201300010862;0;31;0;0;2;9;2;B01
201300010862;0;7;0;0;2;4;1;C01
201300010863;0;13;0;0;2;7;15;B01
201300010863;0;7;0;0;2;3;1;A01
201300010864;0;7;0;0;2;3;1;B01
201300010864;0;7;0;0;2;7;1;A01
201300010865;0;7;0;0;2;3;15;A01
201300010865;0;30;0;0;2;1;17;B01
201300010866;0;30;0;0;2;1;1;B01
201300010866;0;7;0;0;2;2;16;A01
201300010867;0;1;0;0;2;1;0;A01
201300010867;0;7;0;0;2;3;15;B01
201300010868;0;10;0;0;2;1;2;A01
201300010868;0;7;0;0;2;4;1;B01
201300010869;0;7;0;1;2;5;1;B01
201300010869;0;7;0;0;2;5;24;C01
201300010869;0;7;0;0;2;1;1;A01
201300010870;0;7;0;0;2;3;15;A01
201300010870;0;37;1;0;2;2;1;B01
201300010871;0;7;0;0;1;1;1;A01
201300010872;0;30;0;0;2;1;1;B01
201300010872;0;7;0;0;2;3;15;A01
201300010873;0;32;0;0;1;5;1;A01
201300010874;0;33;0;0;2;7;17;B01
201300010874;0;7;0;0;2;3;15;A01
201300010875;0;7;0;0;2;4;2;C01
201300010875;0;7;0;14;0;1;1;A01
201300010875;0;10;0;14;2;4;2;B01
201300010876;0;10;0;0;2;2;0;B01
201300010876;0;1;0;0;2;3;13;A01
201300010877;0;7;0;0;2;6;15;A01
201300010877;0;31;0;0;2;2;0;B01
201300010878;0;7;0;0;2;8;6;B01
201300010878;0;7;0;0;2;1;1;A01
201300010879;0;2;0;0;2;2;0;A01
201300010879;0;7;0;0;2;8;1;B01
201300010880;0;7;0;0;2;2;16;B01
201300010880;0;32;0;0;2;3;1;A01
201300010881;0;7;0;0;2;1;1;A01
201300010881;0;7;0;0;2;4;2;B01
201300010882;0;7;0;0;2;7;1;A01
201300010882;0;7;0;0;2;3;1;B01
201300010883;0;30;0;0;1;1;1;A01
201300010884;0;7;0;0;2;1;1;A01
201300010884;0;7;0;0;2;4;1;B01
201300010885;0;7;0;7;0;1;1;A01
201300010886;0;7;0;0;2;2;16;B01
201300010886;0;30;0;0;2;8;1;A01
201300010887;0;2;0;0;2;1;1;B01
201300010887;0;7;0;0;2;8;10;A01
201300010888;1;30;0;0;2;1;17;A01
201300010888;0;7;0;0;2;3;15;B01
201300010889;0;7;0;0;2;3;1;A01
201300010889;0;7;0;0;2;1;1;B01
201300010890;0;1;0;0;1;1;1;A01
201300010891;0;7;0;0;2;6;15;A01
201300010891;0;33;0;0;2;1;17;B01
201300010892;0;7;0;0;1;1;1;A01
201300010893;0;7;0;0;1;1;1;A01
201300010894;0;10;0;0;2;3;0;A01
201300010894;0;7;0;0;2;2;1;B01
201300010895;1;7;0;0;1;1;1;Z01
201300010896;0;2;0;0;2;1;1;B01
201300010896;0;7;0;0;2;5;15;A01
201300010897;0;2;0;0;2;1;1;B01
201300010897;0;7;0;0;2;2;1;A01
201300010898;0;31;0;0;2;1;2;A01
201300010898;0;10;0;0;2;4;2;B01
201300010899;0;2;0;0;2;1;1;A01
201300010899;0;7;0;0;2;3;1;B01
201300010900;0;7;0;0;2;8;15;A01
201300010900;0;37;4;0;2;1;1;B01
201300010901;0;7;0;0;2;1;15;A01
201300010901;0;31;0;0;2;1;1;B01
201300010902;0;7;0;0;2;4;1;B01
201300010902;0;7;0;0;2;1;16;A01
201300010902;0;10;0;0;2;4;2;C01
201300010903;0;7;0;0;2;1;1;A01
201300010903;0;2;0;0;2;1;16;B01
201300010904;0;33;0;0;2;1;17;B01
201300010904;0;7;0;0;2;3;15;A01
201300010905;0;10;0;0;2;3;15;A01
201300010905;0;31;0;0;2;1;1;B01
201300010906;0;7;0;0;2;1;1;A01
201300010906;0;7;0;0;2;1;1;C01
201300010906;0;7;0;0;2;9;1;B01
201300010907;0;33;0;0;2;7;1;B01
201300010907;0;7;0;0;2;6;11;A01
201300010908;0;37;40;0;1;1;1;A01
201300010909;0;33;0;0;2;0;1;B01
201300010909;0;7;0;0;2;2;19;A01
201300010910;0;10;0;0;2;1;1;A01
201300010910;0;32;0;0;2;7;1;B01
201300010911;0;2;0;0;2;1;1;A01
201300010911;0;7;0;0;2;5;1;B01
201300010912;0;2;0;0;2;1;1;A01
201300010912;0;7;0;0;2;8;1;B01
201300010913;0;2;0;1;0;1;0;A01
201300010914;0;7;0;0;2;0;0;B01
201300010914;0;1;0;0;2;0;1;A01
201300010915;0;7;0;0;2;1;1;A01
201300010915;0;7;0;0;2;1;1;B01
201300010916;0;7;0;0;2;4;1;B01
201300010916;0;7;0;0;2;1;1;C01
201300010916;0;7;0;0;2;1;1;A01
201300010916;0;7;0;0;2;4;1;D01
201300010916;0;7;0;0;2;4;1;E01
201300010917;0;10;0;0;2;1;2;A01
201300010917;0;7;0;0;2;4;2;B01
201300010918;0;7;0;0;2;7;12;A01
201300010918;0;31;0;0;2;0;1;B01
201300010919;0;7;0;0;1;1;15;A01
201300010920;0;7;0;0;2;1;15;A01
201300010920;0;2;0;0;2;1;1;B01
201300010921;0;10;0;0;2;4;3;A01
201300010921;0;32;0;0;2;1;1;B01
201300010922;0;7;0;0;2;1;1;A01
201300010922;0;7;0;5;0;1;1;B01
201300010923;0;7;0;0;1;4;4;A01
201300010924;0;7;0;0;1;8;15;A01
201300010925;0;31;0;0;2;1;1;B01
201300010925;0;10;0;0;2;8;15;A01
201300010926;0;33;0;0;2;1;21;B01
201300010926;0;10;0;0;2;7;15;A01
201300010927;0;7;0;0;2;8;15;A01
201300010927;0;31;0;0;2;7;15;B01
201300010928;0;2;0;0;2;1;1;B01
201300010928;0;7;0;0;2;2;15;A01
201300010929;0;33;0;0;2;2;1;B01
201300010929;0;7;0;0;2;3;15;A01
201300010930;0;2;0;0;2;1;1;B01
201300010930;0;7;0;0;2;2;1;A01
201300010931;0;7;0;0;1;3;1;A01
201300010932;0;10;0;0;2;7;10;A01
201300010932;0;31;0;0;2;0;1;B01
201300010933;0;37;25;0;1;2;21;A01
201300010934;0;33;0;0;2;1;1;B01
201300010934;0;7;0;0;2;7;1;A01
201300010935;0;10;0;0;2;6;24;B01
201300010935;0;7;0;1;0;2;14;A01
201300010936;0;7;0;0;2;7;1;A01
201300010936;0;7;0;0;2;1;1;B01
201300010937;0;32;0;0;2;2;1;B01
201300010937;0;7;0;0;2;6;9;A01
201300010938;0;7;0;0;2;1;1;A01
201300010938;0;7;0;0;2;1;1;B01
201300010939;0;31;0;0;2;3;1;B01
201300010939;0;10;0;0;2;1;1;A01
201300010940;0;7;0;0;2;2;15;A01
201300010940;0;10;0;0;2;1;1;B01
201300010941;0;7;0;0;1;2;14;A01
201300010942;0;33;0;0;2;8;1;B01
201300010942;0;3;0;0;2;1;15;A01
201300010943;0;7;0;0;2;4;2;B01
201300010943;0;14;0;0;2;1;2;A01
201300010944;0;7;0;0;2;1;1;B01
201300010944;0;31;0;0;2;1;1;A01
201300010945;0;7;0;0;2;7;1;B01
201300010945;0;2;0;0;2;1;1;A01
201300010946;0;33;0;0;2;4;23;C01
201300010946;0;31;0;0;2;4;23;B01
201300010946;0;37;13;0;2;1;2;A01
201300010947;0;7;0;0;1;1;15;A01
201300010948;0;2;0;0;1;1;1;A01
201300010949;0;38;4;0;2;2;1;B01
201300010949;0;7;0;0;2;3;15;A01
201300010950;0;7;0;0;1;4;4;A01
201300010951;0;7;0;0;2;4;2;B01
201300010951;0;10;0;0;2;4;2;C01
201300010951;0;7;0;0;2;1;2;A01
201300010952;0;30;0;0;2;6;1;B01
201300010952;0;33;0;0;2;1;1;A01
201300010953;0;38;2;0;2;2;1;B01
201300010953;0;7;0;0;2;3;1;A01
201300010954;0;34;0;0;2;1;2;A01
201300010954;0;10;0;0;2;6;14;B01
201300010955;0;33;0;0;2;4;23;B01
201300010955;0;7;0;14;0;1;1;A01
201300010956;0;7;0;0;2;1;1;B01
201300010956;0;7;0;0;2;1;1;A01
201300010957;0;7;0;0;2;8;15;A01
201300010957;0;7;0;0;2;1;1;B01
201300010958;0;7;0;0;2;1;1;A01
201300010958;0;7;0;0;2;2;1;B01
201300010959;0;31;0;0;2;8;0;A01
201300010959;0;7;0;0;2;7;1;B01
201300010960;0;7;0;0;2;1;1;A01
201300010960;0;7;0;0;2;8;1;B01
201300010960;0;7;0;1;2;7;1;C01
201300010961;0;7;0;0;2;4;2;B01
201300010961;0;7;0;0;2;1;1;A01
201300010962;0;7;0;0;1;1;1;A01
201300010963;0;31;0;10;0;0;0;A01
201300010964;0;7;0;0;1;3;15;A01
201300010965;0;30;0;0;2;1;1;A01
201300010965;0;7;0;0;2;8;1;C01
201300010965;0;10;0;0;2;5;15;B01
201300010966;0;7;0;0;2;3;20;A01
201300010966;0;34;0;0;2;2;1;B01
201300010967;0;10;0;0;2;6;15;A01
201300010967;0;33;0;0;2;2;1;B01
201300010968;0;7;0;0;2;4;2;B01
201300010968;0;7;0;0;2;4;2;D01
201300010968;0;7;0;0;2;4;1;E01
201300010968;0;7;0;0;2;4;2;C01
201300010968;0;10;0;0;2;1;2;A01
201300010969;0;7;0;0;2;3;15;A01
201300010969;0;2;0;0;2;2;17;B01
201300010970;1;99;0;0;2;0;0;Z01
201300010970;0;7;0;0;2;1;1;B01
201300010971;0;10;0;0;2;1;1;A01
201300010971;0;7;0;0;2;1;1;B01
201300010972;0;7;0;0;2;1;1;B01
201300010972;0;7;0;0;2;5;1;A01
201300010973;0;7;0;0;2;8;10;A01
201300010973;0;32;0;0;2;1;0;B01
201300010974;0;7;0;0;1;1;0;A01
201300010975;0;7;0;0;2;4;1;C01
201300010975;0;7;0;0;2;1;2;A01
201300010975;0;7;0;0;2;4;2;B01
201300010976;0;33;0;0;2;1;1;B01
201300010976;0;7;0;0;2;3;1;A01
201300010977;0;37;20;0;2;7;1;B01
201300010977;0;13;0;0;2;8;24;C01
201300010977;0;30;0;1;2;2;3;A01
201300010978;0;32;0;0;2;1;2;A01
201300010978;0;33;0;0;2;5;2;B01
201300010979;0;7;0;0;2;1;1;A01
201300010979;0;1;0;0;2;1;1;B01
201300010980;0;7;0;0;2;8;22;A01
201300010980;0;2;0;1;0;2;1;B01
201300010981;0;10;0;0;1;1;15;A01
201300010982;0;33;0;14;0;1;1;A01
201300010982;0;7;0;0;2;1;2;B01
201300010983;0;32;0;0;2;5;1;B01
201300010983;0;7;0;0;2;1;2;A01
201300010984;0;30;0;0;2;1;1;B01
201300010984;0;7;0;0;2;3;9;A01
201300010985;0;2;0;0;2;1;17;B01
201300010985;0;7;0;0;2;8;15;A01
201300010986;0;7;0;0;2;3;1;B01
201300010986;0;7;0;0;2;1;1;A01
201300010987;0;32;0;0;2;5;1;B01
201300010987;0;7;0;0;2;6;9;A01
201300010987;0;31;0;0;2;1;1;C01
201300010988;0;37;1;0;1;5;1;A01
201300010989;0;7;0;0;2;3;13;A01
201300010989;0;2;0;0;2;1;21;B01
201300010990;0;2;0;0;2;1;1;A01
201300010990;0;7;0;0;2;5;1;B01
201300010991;0;7;0;0;2;4;2;B01
201300010991;0;7;0;14;0;1;1;A01
201300010992;0;7;0;0;2;7;15;A01
201300010992;0;33;0;0;2;1;1;B01
201300010993;0;7;0;0;2;2;1;B01
201300010993;0;2;0;0;2;7;1;A01
201300010994;0;7;0;0;2;2;13;A01
201300010994;0;30;0;0;2;1;1;B01
201300010995;0;33;0;12;0;0;0;A01
201300010996;0;37;1;0;2;6;23;B01
201300010996;0;32;0;0;2;7;1;A01
201300010997;0;37;18;0;1;2;1;A01
201300010998;0;33;0;0;2;5;0;A01
201300010998;0;10;0;0;2;6;15;B01
201300010999;0;33;0;6;0;1;1;A01
201300010999;0;7;0;0;0;0;0;B01
201300011000;0;7;0;0;2;2;1;B01
201300011000;0;33;0;0;2;8;1;A01
201300011001;0;7;0;0;2;1;1;A01
201300011001;0;1;0;0;2;0;1;B01
201300011002;0;30;0;0;2;0;0;A01
201300011003;0;7;0;0;2;1;1;A01
201300011003;0;31;0;0;2;4;1;B01
201300011004;0;7;0;0;2;1;1;B01
201300011004;0;32;0;0;2;7;1;A01
201300011005;0;7;0;0;2;2;15;B01
201300011005;0;7;0;0;2;3;1;A01
201300011006;0;7;0;0;2;3;1;B01
201300011006;0;7;0;1;0;0;17;A01
201300011007;0;7;0;0;2;7;1;B01
201300011007;0;31;0;14;2;7;1;A01
201300011008;0;2;0;0;1;1;1;A01
201300011009;0;10;0;0;1;1;16;A01
201300011010;0;31;0;0;2;1;1;B01
201300011010;0;7;0;0;2;3;9;A01
201300011010;0;30;0;0;2;1;1;C01
201300011011;0;7;0;0;2;1;9;A01
201300011011;0;31;0;0;2;1;17;B01
201300011012;0;2;0;0;2;4;23;B01
201300011012;0;2;0;0;2;1;0;A01
201300011013;0;32;0;0;2;4;1;B01
201300011013;0;7;0;0;2;4;1;C01
201300011013;0;2;0;0;2;1;1;A01
201300011014;0;32;0;0;2;1;0;A01
201300011014;0;10;0;0;2;1;1;B01
201300011015;0;7;0;0;2;1;2;B01
201300011015;0;7;0;0;2;4;1;A01
201300011015;0;7;0;0;2;1;2;C01
201300011016;0;2;0;0;2;1;0;B01
201300011016;0;7;0;0;2;7;15;A01
201300011017;0;10;0;0;2;3;15;B01
201300011017;0;7;0;0;2;1;1;A01
201300011018;0;37;1;0;2;3;1;B01
201300011018;0;7;0;0;2;2;16;A01
201300011019;0;7;0;0;1;1;1;A01
201300011020;0;7;0;0;1;1;1;A01
201300011021;0;7;0;0;2;3;1;A01
201300011021;0;7;0;0;2;3;1;B01
201300011022;0;7;0;0;2;1;1;A01
201300011022;0;37;1;0;2;6;1;B01
201300011023;0;7;0;0;2;2;12;A01
201300011023;0;32;0;0;2;8;3;B01
201300011024;0;7;0;0;1;8;1;A01
201300011025;0;7;0;0;2;4;2;B01
201300011025;0;7;0;0;2;4;1;C01
201300011025;0;7;0;0;2;1;2;A01
201300011026;0;7;0;0;1;1;1;A01
201300011027;0;2;0;0;2;1;1;A01
201300011027;0;7;0;0;2;8;1;B01
201300011028;0;31;0;0;2;6;1;B01
201300011028;0;7;0;0;2;2;1;A01
201300011029;0;30;0;0;2;1;1;A01
201300011029;0;7;0;0;2;3;15;B01
201300011030;0;7;0;0;1;3;1;A01
201300011031;0;7;0;0;2;5;2;B01
201300011031;0;32;0;0;2;1;1;A01
201300011032;0;2;0;0;2;7;1;B01
201300011032;0;7;0;0;2;3;9;A01
201300011033;0;7;0;3;2;1;2;A01
201300011033;0;7;0;0;2;4;1;B01
201300011034;0;31;0;0;2;4;3;B01
201300011034;0;7;0;0;2;2;1;A01
201300011035;0;7;0;0;2;4;1;C01
201300011035;0;7;0;0;2;4;1;B01
201300011035;0;7;0;0;2;1;1;A01
201300011036;0;1;0;14;0;2;1;B01
201300011036;0;7;0;0;2;8;22;A01
201300011037;0;32;0;0;2;1;1;B01
201300011037;0;7;0;0;2;2;10;A01
201300011038;0;31;0;0;2;1;9;A01
201300011038;0;7;0;0;2;2;1;B01
201300011039;0;7;0;0;1;1;15;A01
201300011040;0;7;0;0;2;3;15;A01
201300011040;0;33;0;1;2;7;17;B01
201300011041;0;7;0;0;2;6;15;A01
201300011041;0;37;2;0;2;1;1;B01
201300011042;0;7;0;0;2;2;16;B01
201300011042;0;31;0;0;2;1;1;A01
201300011043;0;7;0;0;2;1;1;A01
201300011043;0;7;0;0;2;2;1;B01
201300011044;0;7;0;0;2;1;1;B01
201300011044;0;7;0;0;2;5;12;A01
201300011045;0;7;0;0;1;1;1;A01
201300011046;0;33;0;0;1;0;1;A01
201300011047;0;33;0;0;1;7;21;A01
201300011048;0;7;0;0;1;2;1;A01
201300011049;0;7;0;0;1;1;15;A01
201300011050;0;31;0;0;1;2;1;A01
201300011051;0;30;0;0;2;1;1;A01
201300011051;0;7;0;0;2;3;1;B01
201300011052;0;33;0;0;2;0;21;B01
201300011052;0;7;0;0;0;0;1;A01
201300011053;0;2;0;0;2;0;2;A01
201300011053;0;7;0;0;2;4;23;B01
201300011054;0;1;0;0;2;4;15;B01
201300011054;0;7;0;0;2;1;1;A01
201300011055;0;1;0;0;2;0;1;B01
201300011055;0;2;0;0;2;1;1;A01
201300011056;0;34;0;0;2;2;17;A01
201300011056;0;7;0;0;2;1;1;B01
201300011057;0;33;0;0;2;7;1;B01
201300011057;0;10;0;0;2;8;0;A01
201300011058;0;7;0;0;2;4;2;B01
201300011058;0;7;0;0;2;1;1;A01
201300011059;0;7;0;0;2;4;1;D01
201300011059;0;7;0;0;2;4;1;C01
201300011059;0;7;0;0;2;4;1;E01
201300011059;0;7;0;0;2;1;1;A01
201300011059;0;7;0;0;2;4;1;B01
201300011060;0;7;0;0;1;1;1;A01
201300011061;0;7;0;0;1;1;1;A01
201300011062;0;7;0;0;2;8;15;A01
201300011062;0;37;17;0;2;1;1;B01
201300011063;0;31;0;0;2;0;0;B01
201300011063;0;31;0;0;2;0;0;A01
201300011064;0;7;0;0;1;3;15;A01
201300011065;0;7;0;0;1;1;15;A01
201300011066;0;33;0;0;1;0;15;A01
201300011067;0;15;0;0;2;1;1;B01
201300011067;0;10;0;0;2;8;0;A01
201300011068;0;15;0;0;2;1;2;A01
201300011068;0;7;0;0;2;4;1;B01
201300011069;0;7;0;0;1;1;1;A01
201300011070;0;31;0;0;2;4;0;B01
201300011070;0;2;0;0;2;1;1;A01
201300011071;0;2;0;0;1;1;1;A01
201300011072;0;7;0;0;1;1;1;A01
201300011073;0;32;0;0;1;1;1;A01
201300011074;0;10;0;0;2;3;1;B01
201300011074;0;37;10;0;2;3;1;A01
201300011075;0;7;0;0;2;3;1;B01
201300011075;0;2;0;0;2;1;1;A01
201300011076;0;30;0;0;2;1;1;B01
201300011076;0;7;0;0;2;3;9;A01
201300011077;0;7;0;0;2;3;9;A01
201300011077;0;7;0;0;2;1;1;B01
201300011078;0;7;0;0;1;1;15;A01
201300011079;0;7;0;0;2;1;2;A01
201300011079;0;7;0;0;2;4;2;B01
201300011079;0;7;0;0;2;4;1;C01
201300011080;0;31;0;0;1;2;16;A01
201300011081;0;37;1;0;1;3;15;A01
201300011082;0;7;0;0;2;2;15;A01
201300011082;0;32;0;0;2;1;1;B01
201300011083;0;7;0;0;2;1;2;A01
201300011083;0;7;0;0;2;4;2;B01
201300011083;0;14;0;0;2;4;2;C01
201300011084;0;1;0;0;2;8;19;A01
201300011084;0;7;0;0;2;1;1;B01
201300011085;0;7;0;1;2;1;1;B01
201300011085;0;7;0;0;2;1;10;A01
201300011086;0;7;0;0;1;1;15;A01
201300011087;0;7;0;0;2;8;1;B01
201300011087;0;7;0;0;2;2;0;A01
201300011088;0;32;0;0;0;0;0;A01
201300011089;0;2;0;1;0;0;14;B01
201300011089;0;31;0;1;0;0;14;A01
201300011090;0;7;0;0;2;1;1;A01
201300011090;0;7;0;0;2;4;1;B01
201300011091;0;31;0;0;1;1;1;A01
201300011092;0;2;0;0;0;0;21;A01
201300011092;0;14;0;0;2;1;2;C01
201300011092;0;7;0;0;2;4;1;B01
201300011093;0;7;0;0;2;8;22;A01
201300011093;0;1;0;0;2;1;1;B01
201300011094;0;7;0;0;2;1;1;A01
201300011094;0;7;0;0;2;3;1;B01
201300011095;0;7;0;0;2;1;2;A01
201300011095;0;7;0;0;2;4;1;B01
201300011096;0;7;0;0;1;1;1;A01
201300011097;0;1;0;0;2;0;1;A01
201300011097;1;7;0;0;2;0;0;Z01
201300011098;0;33;0;0;2;1;1;A01
201300011098;0;7;0;0;2;4;1;B01
201300011099;0;31;0;0;2;1;17;B01
201300011099;0;14;0;0;2;3;15;A01
201300011100;0;7;0;0;9;1;14;A01
201300011100;0;1;0;0;2;4;1;B01
201300011101;0;37;1;0;1;2;7;A01
201300011102;0;10;0;0;1;4;4;A01