num_acc;senc;catv;occutc;obs;obsm;choc;manv;num_veh
201300011103;0;7;0;1;0;2;14;A01
201300011104;0;32;0;0;2;1;1;A01
201300011104;0;7;0;0;2;7;1;B01
201300011105;0;31;0;0;2;2;1;B01
201300011105;0;7;0;0;2;8;9;A01
201300011106;0;7;0;0;2;8;11;A01
201300011106;0;15;0;0;2;2;1;B01
201300011107;0;7;0;0;1;2;15;A01
201300011108;0;33;0;0;2;2;1;A01
201300011108;0;7;0;0;2;3;0;B01
201300011109;0;32;0;3;0;1;1;A01
201300011110;0;7;0;9;0;1;13;A01
201300011111;0;31;0;0;2;1;1;A01
201300011111;0;31;0;0;2;4;1;B01
201300011111;0;7;0;0;2;4;1;C01
201300011112;0;31;0;0;2;1;1;B01
201300011112;0;7;0;0;2;7;15;A01
201300011112;0;33;0;0;2;1;2;C01
201300011113;0;7;0;0;2;1;1;B01
201300011113;0;34;0;0;2;1;5;A01
201300011114;0;33;0;0;2;3;3;A01
201300011114;0;10;0;0;2;8;9;B01
201300011115;0;10;0;0;1;1;15;A01
201300011116;0;1;0;0;2;0;1;B01
201300011116;0;7;0;0;2;2;1;A01
201300011117;0;10;0;0;1;1;1;A01
201300011118;0;1;0;0;2;0;0;B01
201300011118;0;7;0;0;2;3;1;A01
201300011119;0;7;0;0;2;4;12;A01
201300011119;0;32;0;0;2;1;1;B01
201300011120;0;7;0;0;1;1;1;A01
201300011121;0;32;0;0;2;4;1;B01
201300011121;0;31;0;0;2;1;1;A01
201300011122;0;10;0;0;2;4;4;A01
201300011122;0;33;0;0;2;1;23;B01
201300011123;0;7;0;0;1;2;1;A01
201300011124;0;7;0;0;1;1;1;A01
201300011125;0;7;0;0;2;2;1;A01
201300011125;0;7;0;0;2;8;20;B01
201300011126;0;7;0;0;2;1;1;B01
201300011126;0;10;0;0;2;2;15;A01
201300011127;0;7;0;0;2;1;2;A01
201300011127;0;7;0;0;2;4;1;B01
201300011128;0;7;0;4;0;3;0;A01
201300011129;0;7;0;0;2;1;1;A01
201300011129;0;1;0;0;2;8;0;B01
201300011130;0;7;0;0;2;6;15;B01
201300011130;0;30;0;0;2;1;1;A01
201300011131;0;31;0;0;2;1;2;A01
201300011131;0;7;0;0;2;4;1;B01
201300011132;0;32;0;0;2;1;1;B01
201300011132;0;32;0;0;2;1;1;A01
201300011133;0;7;0;0;2;7;1;B01
201300011133;0;2;0;0;2;8;18;A01
201300011134;0;33;0;0;0;9;1;A01
201300011135;0;7;0;0;2;1;1;A01
201300011135;0;7;0;0;2;4;23;B01
201300011136;0;7;0;0;1;1;1;A01
201300011137;0;7;0;0;2;5;14;A01
201300011137;0;32;0;0;2;3;1;B01
201300011138;0;33;0;0;2;1;21;B01
201300011138;0;10;0;0;2;4;10;A01
201300011139;0;10;0;0;2;1;1;B01
201300011139;0;30;0;1;2;1;16;A01
201300011140;0;7;0;0;2;1;1;B01
201300011140;0;2;0;0;2;1;16;A01
201300011141;0;7;0;0;2;1;1;B01
201300011141;0;10;0;9;2;2;1;A01
201300011142;0;31;0;0;2;1;2;A01
201300011142;0;10;0;0;2;4;2;B01
201300011143;0;7;0;0;2;3;15;A01
201300011143;0;31;0;0;2;0;0;B01
201300011144;0;10;0;1;2;1;1;C01
201300011144;0;2;0;0;2;0;1;B01
201300011144;0;7;0;0;2;2;0;A01
201300011145;0;7;0;0;1;4;23;B01
201300011145;0;34;0;0;1;1;1;A01
201300011146;0;7;0;0;2;6;15;A01
201300011146;0;32;0;0;2;1;1;B01
201300011147;0;32;0;0;0;7;0;A01
201300011148;0;14;0;0;2;1;17;B01
201300011148;0;7;0;0;2;8;1;A01
201300011149;0;34;0;0;2;1;1;B01
201300011149;0;30;0;0;2;1;13;A01
201300011150;0;7;0;0;1;1;9;A01
201300011151;0;10;0;0;2;8;1;B01
201300011151;0;7;0;0;2;2;0;A01
201300011152;0;33;0;0;2;1;2;A01
201300011152;0;2;0;0;2;4;1;B01
201300011153;0;10;0;0;1;5;4;A01
201300011154;0;31;0;0;2;1;1;B01
201300011154;0;7;0;0;2;5;15;A01
201300011155;0;7;0;0;1;4;20;A01
201300011156;0;7;0;0;2;8;1;A01
201300011156;0;2;0;0;2;7;0;B01
201300011157;0;1;0;0;2;0;7;B01
201300011157;0;37;1;0;9;2;0;A01
201300011158;0;7;0;0;2;3;0;A01
201300011158;0;7;0;0;2;3;1;B01
201300011159;0;33;0;0;2;0;0;B01
201300011159;0;2;0;0;2;8;0;A01
201300011160;0;7;0;0;2;4;2;B01
201300011160;0;7;0;0;2;1;1;A01
201300011161;0;7;0;0;1;1;1;A01
201300011162;0;10;0;0;1;4;4;A01
201300011163;0;31;0;0;2;1;1;B01
201300011163;0;7;0;0;2;7;15;A01
201300011164;0;7;0;0;2;4;2;B01
201300011164;0;32;0;0;2;1;2;A01
201300011165;0;31;0;0;2;1;2;A01
201300011165;0;7;0;0;2;4;2;B01
201300011166;0;10;0;0;2;8;15;B01
201300011166;0;33;0;0;2;2;1;A01
201300011167;0;7;0;0;2;8;15;B01
201300011167;0;2;0;0;2;2;15;A01
201300011168;0;34;0;0;2;2;0;A01
201300011168;0;32;0;0;2;2;0;B01
201300011169;0;7;0;1;2;3;9;A01
201300011169;0;13;0;0;2;2;1;B01
201300011170;0;10;0;0;1;7;1;A01
201300011171;0;2;0;0;2;8;1;B01
201300011171;0;7;0;0;2;7;1;A01
201300011172;0;33;0;0;2;9;1;B01
201300011172;0;7;0;0;2;1;5;A01
201300011173;0;7;0;0;2;1;1;A01
201300011173;0;7;0;0;2;4;1;B01
201300011174;0;32;0;0;2;2;0;A01
201300011174;0;33;0;0;2;1;1;B01
201300011175;2;7;0;0;1;1;5;A01
201300011176;0;33;0;8;0;9;1;A01
201300011177;0;3;0;0;2;3;9;A01
201300011177;0;34;0;0;2;1;1;B01
201300011178;0;33;0;14;0;1;0;B01
201300011178;0;13;0;0;2;4;0;A01
201300011179;0;2;0;0;2;7;16;A01
201300011179;0;34;0;0;2;8;1;B01
201300011180;0;7;0;14;0;1;1;A01
201300011180;0;7;0;0;2;4;2;B01
201300011181;0;7;0;6;0;0;1;A01
201300011182;0;31;0;0;2;1;9;A01
201300011182;0;33;0;0;2;1;1;B01
201300011183;0;31;0;0;2;8;0;A01
201300011183;0;7;0;0;2;7;0;B01
201300011184;0;34;0;0;2;1;1;A01
201300011184;0;7;0;0;2;6;10;B01
201300011185;0;30;0;0;2;0;1;B01
201300011185;0;7;0;0;2;0;15;A01
201300011186;0;7;0;0;2;1;9;B01
201300011186;0;32;0;0;2;7;17;A01
201300011187;0;32;0;6;2;3;1;A01
201300011187;0;7;0;1;2;1;1;B01
201300011188;0;7;0;0;2;1;15;A01
201300011188;0;33;0;0;2;8;1;B01
201300011189;0;30;0;12;0;2;14;A01
201300011189;0;7;0;0;0;0;1;B01
201300011190;0;33;0;8;0;0;1;A01
201300011191;0;7;0;0;1;2;1;A01
201300011192;0;2;0;1;0;1;1;A01
201300011192;0;7;0;0;2;4;1;B01
201300011193;0;32;0;0;1;0;1;A01
201300011194;0;31;0;9;0;1;1;A01
201300011195;0;30;0;0;2;1;1;A01
201300011195;0;7;0;1;2;3;1;B01
201300011196;0;7;0;0;2;3;15;A01
201300011196;0;31;0;0;2;7;17;B01
201300011197;0;38;1;0;1;2;1;A01
201300011198;0;7;0;0;2;3;1;B01
201300011198;0;14;0;0;0;0;0;C01
201300011198;0;2;0;1;2;1;17;A01
201300011199;0;7;0;0;2;2;1;B01
201300011199;0;30;0;0;2;1;9;A01
201300011200;0;7;0;0;2;4;1;B01
201300011200;0;7;0;0;2;1;1;A01
201300011201;0;10;0;0;1;2;1;A01
201300011202;0;7;0;0;1;1;1;A01
201300011203;0;30;0;0;2;1;2;A01
201300011203;0;7;0;0;2;5;1;B01
201300011204;0;40;10;0;1;1;1;A01
201300011205;0;7;0;0;2;3;13;B01
201300011205;0;31;0;0;2;2;1;C01
201300011205;0;7;0;0;0;0;9;A01
201300011206;0;7;0;0;2;1;15;A01
201300011206;0;7;0;0;2;8;1;B01
201300011207;0;10;0;0;1;0;15;A01
201300011208;0;7;0;0;2;1;1;A01
201300011208;0;7;0;0;2;4;2;B01
201300011209;0;3;0;13;0;0;10;A01
201300011210;0;7;0;0;2;2;15;A01
201300011210;0;2;0;0;2;1;1;B01
201300011211;0;33;0;0;2;1;1;B01
201300011211;0;10;0;0;2;2;15;A01
201300011212;0;32;0;0;2;1;1;B01
201300011212;0;7;0;0;2;1;1;A01
201300011213;0;30;0;0;2;1;0;B01
201300011213;1;7;0;0;0;0;0;Z01
201300011214;0;33;0;8;0;1;0;A01
201300011215;0;7;0;0;2;4;2;B01
201300011215;0;33;0;0;2;1;11;A01
201300011216;0;7;0;0;1;1;1;A01
201300011217;0;7;0;0;1;5;1;A01
201300011218;0;7;0;0;1;2;1;A01
201300011219;0;32;0;0;2;1;1;A01
201300011219;0;7;0;0;2;1;9;B01
201300011220;0;2;0;0;1;1;1;A01
201300011221;0;7;0;0;1;1;15;A01
201300011222;0;7;0;0;2;3;15;A01
201300011222;0;7;0;0;2;2;1;B01
201300011223;0;10;0;1;2;1;1;A01
201300011223;0;7;0;0;2;3;1;B01
201300011223;0;7;0;1;2;6;1;C01
201300011223;0;7;0;0;2;1;1;E01
201300011224;0;10;0;0;2;8;15;A01
201300011224;0;7;0;0;2;3;1;B01
201300011225;0;10;0;0;2;7;16;A01
201300011225;0;1;0;0;2;8;1;B01
201300011226;0;33;0;0;1;1;1;A01
201300011227;0;7;0;0;2;7;15;A01
201300011227;0;32;0;0;2;3;7;B01
201300011228;0;7;0;0;1;2;1;A01
201300011229;0;7;0;0;1;4;4;A01
201300011230;0;7;0;0;2;4;2;B01
201300011230;0;7;0;0;2;1;1;A01
201300011231;0;32;0;0;1;1;1;A01
201300011232;0;14;0;0;2;6;16;A01
201300011232;0;40;3;0;2;3;1;B01
201300011233;0;7;0;0;2;1;1;D01
201300011233;0;10;0;0;2;3;1;B01
201300011233;0;7;0;0;2;3;1;C01
201300011233;0;33;0;0;2;1;13;A01
201300011234;0;10;0;0;1;2;16;A01
201300011235;0;2;0;0;2;4;23;B01
201300011235;0;7;0;0;2;1;2;A01
201300011236;0;33;0;0;2;8;1;B01
201300011236;0;7;0;0;2;1;15;A01
201300011237;0;31;0;0;1;3;1;A01
201300011238;0;7;0;0;2;1;1;A01
201300011238;0;31;0;0;2;1;1;B01
201300011239;0;2;0;0;2;1;1;A01
201300011239;0;31;0;0;2;8;23;B01
201300011240;0;10;0;0;2;6;1;A01
201300011240;0;1;0;0;2;1;1;B01
201300011241;0;30;0;0;2;4;1;B01
201300011241;0;7;0;0;2;1;2;A01
201300011242;0;2;0;0;2;1;1;A01
201300011242;0;7;0;0;2;1;1;B01
201300011243;0;7;0;0;2;0;1;A01
201300011243;0;1;0;0;2;7;1;B01
201300011244;0;31;0;0;1;1;1;A01
201300011245;0;10;0;0;2;3;1;A01
201300011245;0;7;0;0;2;2;1;B01
201300011246;0;7;0;0;2;7;1;A01
201300011246;0;2;0;0;2;8;1;B01
201300011247;0;7;0;0;1;1;15;A01
201300011248;0;7;0;0;1;1;1;A01
201300011249;0;33;0;0;1;7;1;A01
201300011250;0;7;0;0;1;1;1;A01
201300011251;0;7;0;0;2;1;19;B01
201300011251;0;7;0;1;2;1;19;A01
201300011252;0;37;1;0;2;2;1;B01
201300011252;0;7;0;0;2;8;15;A01
201300011253;0;7;0;0;2;2;1;A01
201300011253;0;2;0;0;2;1;1;B01
201300011254;0;7;0;0;2;3;15;A01
201300011254;0;31;0;0;2;0;1;B01
201300011255;0;14;0;0;4;6;0;A01
201300011255;0;40;53;0;2;8;1;B01
201300011256;0;7;0;0;2;1;1;B01
201300011256;0;7;0;0;2;7;1;A01
201300011257;0;7;0;0;2;1;1;B01
201300011257;0;7;0;0;2;3;1;A01
201300011258;0;10;0;0;2;1;1;B01
201300011258;0;31;0;0;2;1;1;A01
201300011259;0;7;0;0;2;0;17;B01
201300011259;0;31;0;0;2;0;17;A01
201300011260;0;33;0;0;1;1;21;A01
201300011261;0;30;0;0;2;2;1;A01
201300011261;0;7;0;0;2;8;15;B01
201300011262;0;7;0;0;2;1;9;A01
201300011262;0;1;0;0;2;4;1;B01
201300011263;0;7;0;0;2;5;15;A01
201300011263;0;32;0;0;2;1;1;B01
201300011264;0;10;0;0;2;2;16;A01
201300011264;0;37;10;0;2;3;1;B01
201300011265;0;7;0;0;1;4;20;A01
201300011266;0;7;0;6;0;1;14;A01
201300011267;0;2;0;0;2;1;9;B01
201300011267;0;7;0;0;2;1;15;A01
201300011268;0;10;0;0;1;1;15;A01
201300011269;1;14;0;0;1;2;1;Z01
201300011270;0;7;0;0;2;1;2;A01
201300011270;0;33;0;0;2;4;1;B01
201300011271;0;7;0;0;2;7;9;A01
201300011271;0;7;0;0;2;6;1;C01
201300011271;0;33;0;0;2;8;1;B01
201300011272;0;31;0;0;2;7;1;B01
201300011272;0;10;0;0;2;1;9;A01
201300011273;0;7;0;0;1;1;1;A01
201300011274;0;7;0;0;2;4;1;B01
201300011274;0;7;0;0;2;1;1;A01
201300011275;0;7;0;0;2;8;15;A01
201300011275;0;2;0;0;2;1;17;B01
201300011276;0;2;0;0;2;7;1;A01
201300011276;0;37;17;0;2;2;1;B01
201300011277;0;7;0;0;2;3;15;A01
201300011277;0;32;0;0;2;1;1;B01
201300011278;0;37;10;0;1;7;0;A01
201300011279;0;33;0;0;1;1;1;A01
201300011280;0;7;0;0;1;7;1;A01
201300011281;0;7;0;0;2;4;0;B01
201300011281;1;7;0;0;2;0;0;Z01
201300011282;0;34;0;0;1;1;17;A01
201300011283;0;33;0;0;2;1;1;B01
201300011283;0;7;0;0;2;2;15;A01
201300011284;0;40;10;0;1;0;1;A01
201300011285;0;32;0;0;2;1;21;B01
201300011285;0;7;0;0;2;3;9;A01
201300011286;0;2;0;0;2;1;21;C01
201300011286;0;30;0;0;2;2;0;B01
201300011286;0;7;0;0;2;5;0;A01
201300011287;0;10;0;0;2;8;10;A01
201300011287;0;33;0;0;2;1;5;B01
201300011288;0;7;0;0;2;7;1;B01
201300011288;0;7;0;0;2;2;1;A01
201300011289;0;33;0;0;1;1;1;A01
201300011290;0;33;0;0;2;2;0;A01
201300011290;0;10;0;0;2;0;0;B01
201300011291;0;33;0;0;2;1;1;B01
201300011291;0;7;0;0;2;1;15;A01
201300011292;0;7;0;0;2;2;1;A01
201300011292;0;7;0;0;2;3;1;B01
201300011293;0;7;0;0;2;3;1;B01
201300011293;0;2;0;0;2;1;19;A01
201300011294;0;33;0;0;2;1;1;A01
201300011294;0;10;0;0;2;3;1;B01
201300011295;0;7;0;0;2;1;1;B01
201300011295;0;30;0;0;2;2;15;A01
201300011296;0;7;0;9;2;4;13;A01
201300011296;0;2;0;1;2;1;1;B01
201300011297;0;10;0;0;2;2;1;A01
201300011297;0;32;0;0;2;0;1;B01
201300011298;0;10;0;0;2;2;16;A01
201300011298;0;2;0;0;2;3;7;B01
201300011299;0;7;0;0;2;4;15;B01
201300011299;0;33;0;0;2;1;1;A01
201300011300;0;31;0;0;2;2;0;B01
201300011300;0;7;0;0;2;6;0;A01
201300011301;0;10;0;0;1;4;4;A01
201300011302;0;2;0;0;2;8;17;A01
201300011302;0;7;0;0;2;6;1;B01
201300011303;0;2;0;0;2;1;5;A01
201300011303;0;7;0;0;2;3;1;B01
201300011304;0;7;0;0;2;4;1;B01
201300011304;0;7;0;0;2;1;1;A01
201300011305;0;7;0;0;2;3;1;B01
201300011305;0;7;0;0;2;1;15;A01
201300011306;0;7;0;0;2;8;15;B01
201300011306;0;31;0;0;2;1;1;A01
201300011307;0;31;0;0;2;1;1;B01
201300011307;0;7;0;0;2;1;15;A01
201300011308;0;7;0;0;2;1;1;B01
201300011308;0;30;0;0;2;1;9;A01
201300011309;0;33;0;1;2;1;18;B01
201300011309;0;7;0;0;2;7;16;A01
201300011310;0;7;0;0;2;2;14;A01
201300011310;0;33;0;0;2;3;1;B01
201300011310;0;10;0;0;2;6;1;C01
201300011311;0;30;0;0;2;1;5;A01
201300011311;0;7;0;0;2;1;1;B01
201300011312;0;7;0;0;2;2;16;A01
201300011312;0;2;0;0;2;8;1;B01
201300011313;0;7;0;0;2;1;1;B01
201300011313;0;7;0;0;2;1;5;A01
201300011314;1;7;0;0;2;0;0;Z01
201300011314;0;30;0;0;0;0;0;A01
201300011314;0;7;0;0;2;8;0;B01
201300011315;0;7;0;0;2;4;4;A01
201300011315;0;34;0;0;2;1;2;B01
201300011316;0;7;0;0;1;4;4;A01
201300011317;0;32;0;0;2;7;1;A01
201300011317;0;7;0;0;2;1;1;B01
201300011318;0;32;0;0;2;4;2;B01
201300011318;0;33;0;0;2;1;1;A01
201300011319;0;7;0;0;2;4;2;B01
201300011319;0;7;0;0;2;4;1;C01
201300011319;0;7;0;0;2;1;2;A01
201300011320;0;37;1;0;2;8;1;C01
201300011320;0;31;0;0;2;1;1;A01
201300011320;0;7;0;0;2;4;1;B01
201300011321;0;1;0;0;0;0;0;A01
201300011322;0;7;0;0;2;1;1;B01
201300011322;0;1;0;0;2;1;5;A01
201300011323;0;7;0;0;2;1;1;A01
201300011323;0;7;0;0;2;3;1;B01
201300011324;0;31;0;0;2;4;3;B01
201300011324;0;33;0;0;2;1;3;A01
201300011325;0;10;0;0;2;1;15;A01
201300011325;0;31;0;0;2;1;0;B01
201300011326;0;10;0;0;2;0;0;A01
201300011326;0;7;0;1;2;1;1;B01
201300011327;0;10;0;0;2;1;1;C01
201300011327;0;7;0;0;2;1;1;A01
201300011327;0;7;0;0;2;4;1;B01
201300011328;0;7;0;0;2;4;2;C01
201300011328;0;7;0;0;2;1;2;A01
201300011328;0;7;0;0;2;4;2;B01
201300011329;0;7;0;0;2;4;2;B01
201300011329;0;2;0;0;2;1;1;A01
201300011330;0;14;0;0;2;0;1;A01
201300011330;0;1;0;0;2;0;16;B01
201300011331;0;31;0;0;2;1;1;B01
201300011331;0;7;0;0;2;4;4;A01
201300011332;0;30;0;0;2;1;2;A01
201300011332;0;10;0;0;2;4;2;B01
201300011333;0;7;0;0;1;2;21;A01
201300011334;0;33;0;0;2;0;17;A01
201300011334;0;7;0;0;2;8;15;B01
201300011335;0;7;0;0;2;4;1;B01
201300011335;0;7;0;0;2;1;11;A01
201300011336;0;7;0;0;2;2;0;B01
201300011336;0;30;0;0;2;0;0;A01
201300011337;0;7;0;0;2;1;1;A01
201300011337;0;7;0;0;2;8;1;B01
201300011338;0;7;0;0;2;1;1;A01
201300011338;0;31;0;0;2;8;1;B01
201300011339;0;30;0;0;2;3;9;A01
201300011339;0;7;0;0;2;1;1;B01
201300011340;0;7;0;0;2;1;2;A01
201300011340;0;30;0;0;2;4;2;B01
201300011341;0;7;0;0;2;4;1;B01
201300011341;0;33;0;0;2;1;1;A01
201300011342;0;33;0;0;1;1;1;A01
201300011343;0;7;0;0;2;3;9;A01
201300011343;0;33;0;0;2;1;0;B01
201300011344;0;7;0;0;2;1;1;B01
201300011344;0;30;0;0;2;9;15;A01
201300011345;0;33;0;0;2;2;17;B01
201300011345;0;7;0;0;2;8;15;A01
201300011346;0;7;0;0;2;3;1;A01
201300011346;0;7;0;0;2;8;1;B01
201300011347;0;2;0;0;2;0;12;A01
201300011347;0;2;0;0;2;0;1;B01
201300011348;0;2;0;0;2;3;1;B01
201300011348;0;10;0;0;2;2;9;A01
201300011349;0;7;0;0;1;3;15;A01
201300011350;0;7;0;0;2;7;1;B01
201300011350;0;7;0;0;2;1;0;A01
201300011351;0;7;0;0;1;3;1;A01
201300011352;0;7;0;5;0;1;14;A01
201300011353;0;7;0;0;2;4;23;B01
201300011353;0;7;0;8;2;1;2;A01
201300011354;0;31;0;0;2;7;1;B01
201300011354;0;10;0;0;2;3;0;A01
201300011355;0;31;0;0;2;2;1;B01
201300011355;0;7;0;0;2;8;15;A01
201300011356;0;32;0;0;1;1;21;A01
201300011357;0;31;0;0;2;8;0;A01
201300011357;0;7;0;0;2;2;0;B01
201300011358;0;2;0;0;1;1;1;A01
201300011359;0;7;0;1;0;2;14;A01
201300011359;0;37;1;0;2;6;24;B01
201300011360;0;7;0;0;1;3;1;A01
201300011361;0;2;0;0;2;2;1;B01
201300011361;0;7;0;0;2;3;9;A01
201300011362;0;2;0;0;2;1;13;A01
201300011362;0;37;17;0;2;3;1;B01
201300011363;0;7;0;9;0;0;15;A01
201300011364;0;7;0;0;1;4;4;A01
201300011365;0;33;0;0;2;1;1;B01
201300011365;0;7;0;0;2;1;15;A01
201300011366;0;7;0;0;2;1;1;B01
201300011366;0;7;0;0;2;3;1;C01
201300011366;0;7;0;0;2;1;0;A01
201300011367;0;7;0;0;1;1;1;A01
201300011368;0;7;0;1;0;1;6;A01
201300011369;0;7;0;0;1;3;15;A01
201300011370;0;1;0;0;1;1;0;A01
201300011371;0;14;0;0;1;1;15;A01
201300011372;0;32;0;0;2;1;1;B01
201300011372;0;7;0;0;2;6;11;A01
201300011373;0;7;0;0;2;1;5;A01
201300011373;0;7;0;0;2;1;1;B01
201300011374;0;2;0;0;2;4;2;B01
201300011374;0;7;0;14;0;1;1;A01
201300011374;0;32;0;0;2;4;2;C01
201300011375;0;7;0;0;1;8;15;A01
201300011376;0;2;0;0;1;1;1;A01
201300011377;0;30;0;0;2;1;2;A01
201300011377;0;7;0;0;2;4;2;B01
201300011378;0;7;0;0;2;7;17;A01
201300011378;0;2;0;0;2;8;15;B01
201300011379;0;33;0;0;2;7;1;B01
201300011379;0;7;0;0;2;1;1;A01
201300011380;0;7;0;0;2;1;2;A01
201300011380;0;31;0;0;2;4;2;B01
201300011381;0;7;0;0;2;8;1;B01
201300011381;0;7;0;1;2;1;5;A01
201300011382;0;7;0;0;2;1;15;B01
201300011382;0;2;0;0;2;7;17;A01
201300011383;0;33;0;0;2;3;0;A01
201300011383;0;7;0;0;2;6;1;B01
201300011384;0;7;0;0;2;4;2;B01
201300011384;0;10;0;0;2;1;2;A01
201300011385;0;7;0;0;2;3;1;A01
201300011385;0;2;0;0;2;1;1;B01
201300011386;0;33;0;11;0;1;1;A01
201300011387;0;10;0;8;1;1;1;A01
201300011388;0;10;0;0;2;1;15;A01
201300011388;0;30;0;0;2;1;1;B01
201300011389;0;2;0;0;2;1;1;A01
201300011389;0;7;0;0;2;8;1;B01
201300011390;0;7;0;0;1;4;4;A01
201300011391;0;32;0;0;2;1;1;A01
201300011391;0;7;0;0;2;8;23;C01
201300011391;0;7;0;0;2;8;23;B01
201300011392;0;7;0;0;1;2;1;A01
201300011393;0;32;0;1;2;3;1;B01
201300011393;0;7;0;0;2;2;20;A01
201300011394;0;7;0;6;0;1;0;A01
201300011395;0;99;0;0;2;0;15;A01
201300011395;0;31;0;0;2;0;17;B01
201300011396;0;34;0;0;2;1;1;B01
201300011396;0;7;0;0;2;8;1;A01
201300011397;0;40;1;0;1;2;1;A01
201300011398;0;7;0;0;1;3;15;A01
201300011399;0;32;0;0;2;3;1;B01
201300011399;0;7;0;0;2;2;1;A01
201300011400;0;7;0;0;2;1;1;B01
201300011400;0;7;0;0;2;1;10;A01
201300011401;0;7;0;0;2;4;1;B01
201300011401;0;7;0;0;2;1;2;A01
201300011402;0;33;0;0;2;8;2;A01
201300011402;0;7;0;0;2;4;2;B01
201300011403;0;32;0;0;2;3;1;B01
201300011403;0;7;0;0;2;2;1;A01
201300011404;0;31;0;0;2;4;23;B01
201300011404;0;7;0;0;2;1;2;A01
201300011405;0;2;0;0;2;1;1;A01
201300011405;0;7;0;0;2;4;1;B01
201300011406;0;30;0;0;2;6;1;B01
201300011406;0;7;0;0;2;7;0;A01
201300011407;0;7;0;0;1;1;1;A01
201300011408;0;7;0;0;2;7;1;B01
201300011408;0;7;0;0;2;1;1;A01
201300011409;0;7;0;0;1;1;16;A01
201300011410;0;2;0;0;2;1;18;A01
201300011410;0;7;0;0;2;2;16;B01
201300011411;0;7;0;0;2;1;15;A01
201300011411;0;32;0;0;2;1;1;B01
201300011412;0;7;0;6;0;1;1;A01
201300011413;0;36;0;1;0;1;0;A01
201300011414;0;32;0;0;2;1;1;B01
201300011414;0;7;0;0;2;1;0;C01
201300011414;0;7;0;0;2;8;9;A01
201300011415;0;10;0;1;1;1;15;A01
201300011416;0;37;24;0;1;5;12;A01
201300011417;0;2;0;0;2;1;1;A01
201300011417;0;7;0;0;2;5;15;B01
201300011418;0;7;0;6;0;0;1;A01
201300011419;0;7;0;0;1;1;15;A01
201300011420;0;7;0;0;2;3;1;B01
201300011420;0;7;0;0;2;3;11;A01
201300011420;0;7;0;0;2;6;0;C01
201300011421;0;31;0;0;2;1;2;A01
201300011421;0;7;0;0;2;4;15;B01
201300011422;0;10;0;0;1;4;4;A01
201300011423;0;15;0;0;1;0;16;A01
201300011424;0;7;0;0;1;2;0;A01
201300011425;0;2;0;0;2;1;1;A01
201300011425;0;7;0;0;2;3;1;B01
201300011426;0;7;0;10;0;0;0;A01
201300011427;0;7;0;0;2;3;1;B01
201300011427;0;10;0;0;2;1;15;A01
201300011428;0;7;0;0;2;4;2;C01
201300011428;0;10;0;0;2;1;1;A01
201300011428;0;10;0;0;2;4;2;B01
201300011429;0;30;0;0;0;0;0;A01
201300011430;0;7;0;0;1;2;1;A01
201300011431;0;7;0;0;1;3;15;A01
201300011432;0;2;0;0;1;0;1;A01
201300011433;0;1;0;0;1;1;1;A01
201300011434;0;31;0;0;0;0;0;A01
201300011435;0;7;0;0;2;3;1;B01
201300011435;0;2;0;0;2;1;13;A01
201300011436;0;10;0;0;2;3;13;A01
201300011436;0;7;0;6;2;3;1;B01
201300011437;0;7;0;0;2;1;0;A01
201300011437;0;7;0;0;2;1;0;B01
201300011438;0;10;0;1;2;4;2;B01
201300011438;0;7;0;0;2;1;1;A01
201300011439;0;7;0;13;0;0;1;A01
201300011440;0;7;0;0;1;1;1;A01
201300011441;0;7;0;0;2;3;15;B01
201300011441;0;30;0;0;2;1;17;A01
201300011442;0;30;0;0;2;1;7;A01
201300011442;0;7;0;0;2;3;1;B01
201300011443;0;31;0;0;2;2;9;A01
201300011443;0;7;0;0;2;6;1;B01
201300011444;0;7;0;0;2;3;11;A01
201300011444;0;33;0;1;2;2;1;B01
201300011445;0;7;0;0;2;3;9;B01
201300011445;0;14;0;0;2;1;1;A01
201300011446;0;31;0;0;2;8;9;B01
201300011446;0;10;0;0;2;2;1;A01
201300011447;0;7;0;0;2;1;1;A01
201300011447;0;31;0;0;2;4;0;B01
201300011448;0;7;0;0;2;6;23;B01
201300011448;0;7;0;7;2;2;0;A01
201300011449;0;7;0;0;2;7;14;A01
201300011449;0;33;0;0;2;1;0;B01
201300011450;0;7;0;0;2;7;1;A01
201300011450;0;7;0;0;2;1;1;B02
201300011451;0;7;0;0;2;2;17;A01
201300011451;0;33;0;0;2;1;1;B02
201300011452;0;7;0;0;2;1;1;A01
201300011452;0;2;0;0;0;4;1;B02
201300011453;0;7;0;0;1;1;13;A01
201300011454;0;7;0;0;2;8;15;B02
201300011454;0;30;0;0;2;2;17;A01
201300011455;0;7;0;6;0;1;0;A01
201300011456;0;7;0;8;0;3;1;A01
201300011457;0;30;0;0;2;1;17;A01
201300011457;0;7;0;0;2;6;15;B02
201300011458;0;33;0;0;2;3;1;C03
201300011458;0;10;0;0;0;5;1;A01
201300011458;0;10;0;0;2;1;1;B02
201300011459;0;7;0;0;1;1;1;A01
201300011460;0;1;0;0;9;1;2;B02
201300011460;0;1;0;0;5;1;1;A01
201300011461;0;40;0;0;1;1;1;A01
201300011462;0;30;0;0;2;2;17;C03
201300011462;0;7;0;0;2;3;15;A01
201300011462;0;30;0;1;2;2;17;B02
201300011463;0;7;0;0;2;2;1;A01