num_acc;senc;catv;occutc;obs;obsm;choc;manv;num_veh
201300011816;0;7;0;0;2;2;2;A01
201300011816;0;10;0;0;0;6;2;B02
201300011817;0;10;0;0;2;8;2;C03
201300011817;0;10;0;0;2;2;2;A01
201300011817;0;7;0;0;2;4;2;B02
201300011818;0;38;0;3;0;2;0;A01
201300011819;0;7;0;0;1;7;14;A01
201300011820;0;7;0;0;2;7;19;A01
201300011820;0;10;0;0;2;1;1;B02
201300011821;0;7;0;0;2;1;1;A01
201300011821;0;7;0;0;2;1;13;B02
201300011822;0;10;0;0;2;2;5;A01
201300011822;0;7;0;0;2;3;1;B02
201300011823;0;7;0;0;2;8;15;B02
201300011823;0;7;0;0;2;2;17;A01
201300011824;0;7;0;0;0;1;14;A01
201300011825;0;7;0;0;2;7;15;A01
201300011825;0;31;0;0;2;5;1;B02
201300011826;0;7;0;0;2;1;13;A01
201300011826;0;7;0;0;2;1;1;B02
201300011827;0;7;0;13;0;9;14;A01
201300011828;0;7;0;0;0;7;14;A01
201300011829;0;7;0;0;2;1;14;A01
201300011829;0;10;0;0;0;4;1;B02
201300011830;0;7;0;0;2;1;1;A01
201300011830;0;17;0;0;0;4;1;B02
201300011831;0;10;0;3;0;7;14;A01
201300011832;0;7;0;14;0;1;21;C03
201300011832;0;7;0;13;2;2;14;A01
201300011832;0;7;0;13;0;6;1;B02
201300011833;0;14;0;0;2;8;1;B02
201300011833;0;7;0;0;2;2;14;A01
201300011834;0;7;0;0;2;5;0;A01
201300011834;0;7;0;0;0;3;1;B02
201300011835;0;10;0;4;2;1;2;A01
201300011835;0;17;0;0;2;4;2;B02
201300011836;0;7;0;13;0;1;1;A01
201300011837;0;7;0;13;0;9;1;A01
201300011837;0;7;0;0;2;1;1;B02
201300011837;0;7;0;0;2;4;1;C03
201300011837;0;7;0;0;2;6;23;D04
201300011838;0;10;0;14;0;1;1;A01
201300011839;0;7;0;13;0;2;0;A01
201300011840;0;15;0;4;0;1;1;A01
201300011840;0;7;0;14;0;1;1;B02
201300011841;0;7;0;0;2;2;2;A01
201300011841;0;13;0;0;0;6;1;B02
201300011842;0;99;0;1;0;2;14;A01
201300011842;0;15;0;1;2;6;24;B02
201300011843;0;17;0;13;0;2;1;A01
201300011844;0;7;0;13;0;9;1;A01
201300011845;0;7;0;7;0;7;1;A01
201300011846;0;7;0;0;2;3;15;A01
201300011846;0;1;0;0;2;1;15;B02
201300011847;0;31;0;0;0;1;17;B02
201300011847;0;7;0;0;0;6;17;A01
201300011848;0;1;0;0;0;0;0;A01
201300011849;0;30;0;0;0;0;16;A01
201300011850;0;7;0;0;1;3;1;A01
201300011851;0;7;0;2;0;1;15;A01
201300011852;0;7;0;0;2;1;1;B02
201300011852;0;7;0;0;0;4;9;A01
201300011853;0;7;0;0;2;1;11;B02
201300011853;0;2;0;0;2;6;1;A01
201300011854;0;7;0;0;2;3;16;A01
201300011854;0;2;0;0;2;1;1;B02
201300011855;0;7;0;0;2;6;1;B02
201300011855;0;7;0;0;2;3;0;C03
201300011855;0;30;0;0;2;3;13;A01
201300011856;0;33;0;6;0;1;1;A01
201300011857;0;30;0;14;0;1;0;A01
201300011857;0;7;0;0;0;6;23;B02
201300011858;1;7;0;0;1;1;1;A01
201300011859;0;7;0;3;0;1;1;A01
201300011860;0;7;0;7;0;1;14;A01
201300011861;0;10;0;4;0;3;13;A01
201300011862;0;7;0;2;0;8;1;A01
201300011863;0;33;0;0;0;8;1;A01
201300011864;0;33;0;0;2;5;12;A01
201300011864;0;7;0;0;2;3;1;B02
201300011865;0;7;0;0;2;1;1;A01
201300011865;0;17;0;0;2;4;1;B02
201300011866;0;7;0;1;0;2;21;B02
201300011867;0;7;0;0;2;1;1;B02
201300011867;0;7;0;0;2;1;5;A01
201300011868;0;7;0;14;0;2;2;B02
201300011868;0;7;0;8;0;1;1;A01
201300011869;0;7;0;7;0;8;1;A01
201300011870;0;7;0;4;0;1;9;A01
201300011871;0;10;0;1;0;3;2;A01
201300011872;0;7;0;0;0;1;0;A01
201300011873;0;10;0;0;0;0;1;A01
201300011874;0;10;0;0;2;4;17;A01
201300011874;0;10;0;0;2;1;2;B02
201300011875;0;7;0;3;0;3;1;A01
201300011876;0;7;0;0;2;3;1;B02
201300011876;0;7;0;0;2;3;5;A01
201300011877;0;7;0;0;0;4;1;A01
201300011877;0;7;0;0;2;1;2;B02
201300011877;0;7;0;0;2;4;2;C03
201300011877;0;7;0;0;2;3;2;D04
201300011878;0;7;0;3;0;1;13;A01
201300011879;0;10;0;0;0;9;1;A01
201300011880;0;7;0;3;0;8;17;A01
201300011881;0;10;0;3;0;1;2;A01
201300011882;0;7;0;13;0;2;14;A01
201300011883;0;7;0;0;2;4;2;B02
201300011883;0;7;0;0;0;5;2;A01
201300011883;0;7;0;0;2;4;2;C03
201300011883;0;33;0;0;2;1;2;D04
201300011883;0;7;0;0;2;6;2;E05
201300011884;0;31;0;0;2;3;3;A01
201300011884;0;7;0;0;0;5;1;B02
201300011885;0;7;0;4;2;2;1;A01
201300011885;0;7;0;0;0;6;1;B02
201300011885;0;7;0;0;2;8;1;C03
201300011885;0;17;0;0;2;8;1;D04
201300011886;0;17;0;0;2;2;21;A01
201300011886;0;7;0;0;2;7;4;B02
201300011887;0;7;0;3;2;7;17;A01
201300011887;0;7;0;0;2;8;1;B02
201300011888;1;7;0;0;2;7;1;Z01
201300011888;0;7;0;0;2;2;1;B01
201300011888;0;1;0;0;2;4;1;A01
201300011889;0;30;0;0;0;0;1;A01
201300011890;0;7;0;0;2;8;1;B01
201300011890;0;7;0;0;2;1;1;A01
201300011891;0;1;0;0;1;1;0;A01
201300011892;0;7;0;0;1;3;1;A01
201300011893;0;7;0;0;2;5;1;A01
201300011893;0;30;0;0;2;3;1;B01
201300011894;0;7;0;0;2;5;16;A01
201300011894;0;1;0;0;2;1;1;B01
201300011895;0;33;0;0;2;2;2;A01
201300011895;0;10;0;0;2;3;15;B01
201300011896;0;7;0;0;2;4;1;A01
201300011896;1;7;0;0;2;1;1;B01
201300011897;0;7;0;0;1;1;1;A01
201300011898;0;7;0;0;2;1;1;A01
201300011898;0;10;0;0;2;1;1;B01
201300011899;0;7;0;0;1;2;1;A01
201300011900;0;33;0;0;2;7;1;B01
201300011900;0;7;0;0;2;2;19;A01
201300011901;0;7;0;15;0;2;1;A01
201300011902;0;7;0;0;2;7;1;B01
201300011902;0;33;0;0;2;7;1;A01
201300011903;0;7;0;3;0;2;1;A01
201300011904;0;7;0;0;2;1;1;A01
201300011904;0;7;0;0;2;1;1;B01
201300011905;0;2;0;0;2;1;1;B01
201300011905;0;7;0;0;2;5;1;A01
201300011906;0;33;0;0;2;1;1;C01
201300011906;0;7;0;0;2;8;1;B01
201300011906;0;7;0;0;2;1;13;A01
201300011907;0;7;0;0;0;1;13;A01
201300011908;0;7;0;14;0;1;17;A01
201300011909;0;7;0;3;0;7;14;A01
201300011910;0;7;0;0;2;1;14;A01
201300011910;0;15;0;0;2;4;1;B02
201300011911;0;7;0;13;0;1;14;A01
201300011912;0;33;0;0;0;1;1;A01
201300011913;0;17;0;1;0;1;1;B02
201300011913;0;7;0;0;2;1;23;A01
201300011914;0;7;0;0;0;5;1;C03
201300011914;0;7;0;0;2;4;1;B02
201300011914;0;7;0;0;2;1;1;A01
201300011915;0;7;0;0;2;1;1;B02
201300011915;0;33;0;0;2;1;13;A01
201300011916;0;7;0;0;2;2;1;B02
201300011916;0;2;0;0;2;8;19;A01
201300011917;0;7;0;0;2;3;15;B02
201300011917;0;33;0;0;2;2;17;A01
201300011918;0;7;0;0;2;3;1;B02
201300011918;0;1;0;0;2;1;13;A01
201300011919;0;1;0;0;0;0;2;A01
201300011920;0;7;0;0;2;3;15;A01
201300011920;0;1;0;0;2;1;1;B02
201300011921;1;7;0;0;1;0;0;A01
201300011922;0;7;0;0;2;4;2;B02
201300011922;0;17;0;0;2;1;2;A01
201300011923;0;7;0;13;0;2;1;A01
201300011924;0;7;0;0;2;2;1;B02
201300011924;0;1;0;0;2;1;15;A01
201300011925;0;33;0;4;0;1;13;A01
201300011926;0;2;0;0;2;1;2;A01
201300011926;0;7;0;0;0;6;20;B02
201300011927;2;10;0;0;2;2;15;B02
201300011927;0;33;0;0;2;1;1;A01
201300011928;0;33;0;0;2;1;1;B02
201300011928;0;10;0;0;2;1;15;A01
201300011929;0;31;0;0;2;7;1;B02
201300011929;0;7;0;0;2;3;9;A01
201300011930;0;2;0;8;0;1;14;A01
201300011931;0;36;0;12;0;1;14;A01
201300011932;0;7;0;0;2;2;15;A01
201300011932;0;7;0;0;2;1;1;B02
201300011933;0;33;0;0;2;1;1;A01
201300011933;0;7;0;0;2;6;15;B02
201300011934;0;7;0;0;2;1;1;B02
201300011934;0;7;0;0;2;7;19;A01
201300011935;0;7;0;0;2;7;17;A01
201300011935;0;1;0;0;2;8;1;B02
201300011936;0;7;0;0;1;2;2;A01
201300011937;0;7;0;0;0;2;1;A01
201300011937;0;7;0;0;0;3;15;B02
201300011938;0;33;0;0;0;7;17;A01
201300011939;0;7;0;0;6;2;1;A01
201300011940;0;7;0;0;2;1;1;A01
201300011940;0;7;0;0;2;1;19;B02
201300011941;0;31;0;0;0;8;1;A01
201300011942;0;7;0;0;1;2;1;A01
201300011943;0;7;0;0;2;1;1;B02
201300011943;0;33;0;0;2;4;1;A01
201300011944;0;7;0;12;0;3;1;A01
201300011945;0;17;0;1;0;2;14;A01
201300011945;0;17;0;0;0;0;23;B02
201300011946;0;33;0;3;2;6;21;A01
201300011946;0;7;0;0;2;8;1;B02
201300011946;0;7;0;0;2;4;1;C03
201300011947;0;7;0;3;0;2;14;A01
201300011948;0;10;0;0;2;2;1;A01
201300011948;0;7;0;0;0;6;12;B02
201300011949;0;7;0;0;2;4;23;D04
201300011949;0;17;0;0;2;1;21;A01
201300011949;0;7;0;0;2;4;23;C03
201300011949;0;7;0;0;2;4;0;G07
201300011949;0;7;0;0;2;4;23;E05
201300011949;0;7;0;0;2;4;23;B02
201300011949;0;7;0;0;2;4;23;F06
201300011950;0;7;0;0;2;2;2;B02
201300011950;0;7;0;0;0;6;2;A01
201300011951;0;33;0;0;0;8;1;A01
201300011952;0;7;0;0;2;7;1;B02
201300011952;0;33;0;0;2;8;1;A01
201300011953;0;15;0;0;2;6;1;A01
201300011953;0;10;0;0;2;2;1;B02
201300011954;0;7;0;0;0;4;2;B02
201300011954;0;10;0;0;2;1;1;A01
201300011955;0;7;0;3;0;2;14;A01
201300011956;0;7;0;0;1;2;1;A01
201300011957;0;7;0;0;2;6;1;C03
201300011957;0;7;0;0;2;4;1;B02
201300011957;0;7;0;0;2;8;1;D04
201300011957;0;33;0;0;2;1;1;A01
201300011958;0;7;0;3;0;1;1;A01
201300011958;0;10;0;0;2;1;2;B02
201300011959;0;7;0;0;2;8;1;E05
201300011959;0;7;0;0;2;4;1;C03
201300011959;0;7;0;0;2;4;0;D04
201300011959;0;7;0;0;2;4;1;B02
201300011959;0;7;0;0;2;1;1;A01
201300011960;0;7;0;4;0;2;14;A01
201300011961;0;7;0;0;1;1;1;A01
201300011962;0;7;0;0;9;1;1;D04
201300011962;0;7;0;0;9;1;0;C03
201300011962;0;7;0;0;9;1;1;B02
201300011962;0;7;0;0;9;1;1;E05
201300011962;0;7;0;0;9;1;1;F06
201300011962;0;7;0;0;9;1;1;A01
201300011962;0;33;0;0;9;1;1;G07
201300011963;0;7;0;0;9;1;1;D04
201300011963;0;7;0;0;0;4;1;A01
201300011963;0;7;0;0;2;1;1;B02
201300011964;0;7;0;0;2;2;3;A01
201300011964;0;7;0;0;9;1;1;C03
201300011964;0;7;0;0;2;6;1;B02
201300011964;0;7;0;0;9;1;1;D04
201300011965;0;7;0;0;1;2;1;A01
201300011966;0;7;0;0;2;1;1;A01
201300011966;0;7;0;0;2;3;1;D04
201300011966;0;7;0;0;2;4;1;B02
201300011966;0;7;0;0;2;4;1;C03
201300011967;0;7;0;3;9;3;21;B02
201300011967;0;17;0;0;9;1;2;E05
201300011967;0;7;0;0;9;1;2;F06
201300011967;0;38;0;0;9;6;2;C03
201300011967;0;15;0;3;9;3;13;A01
201300011967;0;15;0;0;2;2;21;D04
201300011967;0;7;0;0;9;1;2;G07
201300011968;0;15;0;0;2;1;2;A01
201300011968;0;15;0;0;2;4;2;B02
201300011969;0;7;0;0;2;1;21;C03
201300011969;0;7;0;0;2;6;2;F06
201300011969;0;7;0;0;2;4;2;A01
201300011969;0;7;0;0;2;1;21;D04
201300011969;0;10;0;0;2;2;2;H08
201300011969;0;10;0;0;2;6;2;I09
201300011969;0;7;0;0;2;1;2;B02
201300011969;0;10;0;0;2;3;21;G07
201300011969;0;7;0;0;2;5;2;E05
201300011970;0;7;0;0;0;4;2;A01
201300011970;0;33;0;0;2;1;2;B02
201300011971;0;7;0;0;2;1;1;A01
201300011971;0;7;0;0;2;4;1;B02
201300011972;0;10;0;4;0;1;1;C03
201300011972;0;7;0;14;0;3;1;A01
201300011972;0;7;0;0;2;4;24;B02
201300011973;0;7;0;4;0;3;15;A01
201300011974;0;17;0;0;2;2;1;B02
201300011974;0;7;0;3;2;3;17;A01
201300011975;0;10;0;0;0;1;1;A01
201300011976;0;7;0;13;0;9;1;A01
201300011977;0;7;0;3;0;7;21;A01
201300011978;0;30;0;0;0;7;1;A01
201300011978;0;7;0;0;2;1;9;B02
201300011979;0;10;0;0;0;7;15;A01
201300011979;0;1;0;0;2;1;1;B02
201300011980;0;2;0;0;2;1;17;B02
201300011980;0;7;0;0;2;6;15;A01
201300011981;0;2;0;0;2;1;3;B02
201300011981;0;3;0;0;2;3;11;A01
201300011982;0;30;0;0;0;7;1;A01
201300011983;0;33;0;0;2;1;1;B02
201300011983;0;30;0;0;2;1;13;A01
201300011984;0;30;0;14;0;1;1;A01
201300011985;0;7;0;0;2;2;17;A01
201300011985;0;7;0;0;2;2;1;B02
201300011986;0;7;0;0;0;9;1;A01
201300011987;0;7;0;0;2;3;1;A01
201300011987;0;7;0;0;2;7;19;B02
201300011988;0;7;0;0;2;1;1;B02
201300011988;0;10;0;0;2;8;19;A01
201300011989;0;7;0;0;2;2;15;A01
201300011989;0;7;0;0;2;3;0;B02
201300011990;0;33;0;14;0;0;1;A01
201300011991;0;2;0;0;2;7;1;B02
201300011991;0;7;0;0;2;2;15;A01
201300011992;0;21;0;0;2;3;1;A01
201300011992;0;31;0;0;2;3;1;B02
201300011993;0;33;0;0;2;3;1;B01
201300011993;0;7;0;0;2;8;15;A02
201300011994;0;7;0;0;2;3;13;A01
201300011994;0;7;0;0;2;3;1;B02
201300011995;0;7;0;0;2;7;13;A01
201300011995;0;10;0;0;2;1;1;B02
201300011996;0;17;0;0;1;5;1;A01
201300011997;0;1;0;0;2;6;0;B01
201300011997;0;7;0;0;2;1;19;A02
201300011998;0;7;0;13;0;2;1;A01
201300011999;0;2;0;15;0;7;1;A01
201300012000;0;30;0;0;0;0;15;A01
201300012001;0;7;0;0;2;7;19;A01
201300012001;0;7;0;0;2;1;1;B02
201300012002;0;7;0;0;2;1;1;A01
201300012002;0;21;0;0;0;4;16;B02
201300012003;0;7;0;0;2;0;13;A01
201300012003;0;7;0;0;2;2;1;B02
201300012003;0;7;0;0;2;3;1;C03
201300012004;0;7;0;6;0;3;2;A01
201300012005;0;30;0;0;0;8;1;A01
201300012006;0;7;0;6;0;3;0;A01
201300012007;0;7;0;0;2;0;0;A01
201300012007;0;2;0;0;2;5;16;B02
201300012008;0;10;0;13;0;2;1;A01
201300012009;0;30;0;0;2;1;1;B01
201300012009;0;21;0;0;2;2;15;A02
201300012010;0;2;0;6;0;1;16;A01
201300012011;0;1;0;0;2;2;1;B01
201300012011;0;7;0;0;2;3;1;A02
201300012012;0;7;0;13;0;9;1;A01
201300012013;0;7;0;0;2;3;13;A01
201300012013;0;7;0;0;2;3;1;B02
201300012014;0;1;0;0;0;0;0;A01
201300012014;0;7;0;0;2;2;2;B02
201300012015;0;33;0;0;2;1;13;A01
201300012015;0;17;0;0;2;3;1;B02
201300012016;0;7;0;0;0;8;21;A01
201300012017;0;7;0;0;2;2;1;A01
201300012017;0;33;0;0;2;3;15;B02
201300012018;0;7;0;0;2;1;15;A01
201300012018;0;1;0;0;2;1;1;B02
201300012019;0;30;0;13;0;1;13;A01
201300012020;0;7;0;0;2;5;13;A01
201300012020;0;7;0;0;2;1;1;B02
201300012021;0;2;0;0;1;1;1;A01
201300012022;0;7;0;13;0;9;1;A01
201300012023;0;7;0;0;2;3;17;A01
201300012023;0;20;0;0;2;3;1;B02
201300012024;0;7;0;0;2;8;19;A01
201300012024;0;10;0;0;2;1;1;B02
201300012025;0;21;0;0;0;8;1;B02
201300012025;0;7;0;13;0;3;17;A01
201300012026;0;10;0;0;1;7;13;A01
201300012027;0;7;0;0;2;1;13;A01
201300012027;0;7;0;0;2;1;1;B02
201300012027;0;7;0;0;2;3;2;C03
201300012027;0;7;0;0;2;7;1;D04
201300012028;0;7;0;0;0;8;19;A01
201300012028;0;7;0;0;2;1;1;B02
201300012029;0;7;0;0;0;7;1;A01
201300012029;0;10;0;0;2;1;19;B02
201300012030;0;7;0;2;0;1;1;A01
201300012031;0;7;0;0;2;3;13;A01
201300012031;0;7;0;0;2;3;1;B02
201300012032;0;17;0;0;2;1;16;A01
201300012032;0;1;0;0;2;7;1;B02
201300012033;0;7;0;2;0;7;1;A01
201300012034;0;7;0;0;2;3;1;A01
201300012034;0;7;0;0;2;3;1;B02
201300012035;0;10;0;8;0;1;1;A01
201300012036;0;7;0;13;0;3;0;A01
201300012037;0;7;0;8;0;7;13;A01
201300012038;0;7;0;4;0;3;1;A01
201300012039;0;7;0;0;2;2;17;A01
201300012039;0;7;0;0;2;8;0;B02
201300012040;0;14;0;0;2;7;17;B02
201300012040;1;7;0;0;2;8;17;A01
201300012040;0;7;0;0;2;0;17;C03
201300012041;0;7;0;0;2;2;2;A01
201300012041;0;7;0;0;2;6;2;B02
201300012042;0;7;0;0;2;6;1;B02
201300012042;0;33;0;0;2;1;21;A01
201300012043;0;33;0;3;0;1;1;A01
201300012044;0;7;0;4;0;1;19;A01
201300012044;0;7;0;0;2;1;1;B02
201300012045;0;10;0;0;2;6;1;A01
201300012045;0;33;0;0;2;5;21;B02
201300012046;0;7;0;2;0;1;1;A01
201300012047;0;17;0;3;0;3;21;A01
201300012048;1;17;0;0;2;2;12;A01
201300012048;0;7;0;4;0;6;1;B02
201300012049;0;33;0;0;0;8;1;A01
201300012050;0;31;0;3;0;8;1;A01
201300012051;0;7;0;0;2;3;13;A01
201300012051;0;7;0;0;2;3;1;B02
201300012052;0;7;0;0;2;8;17;C03
201300012052;0;7;0;3;0;1;1;B02
201300012052;0;7;0;0;2;8;5;A01
201300012053;0;10;0;0;2;1;1;B02
201300012053;0;10;0;0;2;1;1;E05
201300012053;0;7;0;0;2;4;1;A01
201300012053;0;15;0;0;0;5;13;C03
201300012053;0;7;0;0;2;4;1;D04
201300012054;0;7;0;0;1;1;2;A01
201300012055;0;7;0;0;1;0;1;A01
201300012056;0;7;0;0;2;2;21;A01
201300012056;0;33;0;0;2;1;21;B01
201300012057;0;33;0;16;0;0;0;A01
201300012058;0;7;0;14;0;1;0;A01
201300012059;0;7;0;0;1;0;1;A01
201300012060;0;30;0;0;0;4;1;A01
201300012060;0;7;0;0;2;2;2;B01
201300012061;0;7;0;0;1;1;2;A01
201300012062;0;7;0;0;2;4;23;A01
201300012062;2;7;0;14;0;1;2;B01
201300012063;0;7;0;0;2;8;13;A01
201300012063;0;14;0;0;2;3;1;B02
201300012064;0;7;0;0;2;2;2;A01
201300012064;0;3;0;0;2;4;2;B02
201300012065;0;38;1;0;2;1;2;A01
201300012065;0;14;0;0;2;4;2;B02
201300012066;0;14;0;0;2;3;1;B02
201300012066;0;10;0;0;2;3;13;A01
201300012067;0;7;0;0;1;2;21;A01
201300012068;0;7;0;0;2;1;1;A01
201300012068;0;33;0;0;2;8;19;B02
201300012069;0;7;0;0;2;3;9;A01
201300012069;0;2;0;0;2;7;1;B02
201300012070;0;15;0;1;0;1;1;A01
201300012070;0;14;0;0;2;9;23;B02
201300012071;0;7;0;0;2;3;1;A01
201300012071;0;7;0;0;2;8;15;B02
201300012072;0;7;0;0;2;1;13;A01
201300012072;0;7;0;0;2;2;21;C03
201300012072;0;10;0;0;2;3;1;B02
201300012073;0;10;0;13;0;7;13;A01
201300012074;0;7;0;1;0;7;14;A01
201300012074;0;17;0;0;2;5;24;B02
201300012075;0;7;0;0;1;3;2;A01
201300012076;0;2;0;0;2;1;17;A01
201300012076;0;7;0;0;2;6;15;B02
201300012077;0;2;0;6;0;1;13;A01
201300012078;0;7;0;0;2;1;17;A01
201300012078;0;7;0;0;2;1;1;B02
201300012078;0;7;0;0;2;8;1;C03
201300012079;0;31;0;0;0;9;13;A01
201300012080;0;33;0;16;0;9;13;A01
201300012081;0;33;0;2;0;1;14;A01
201300012082;0;7;0;0;2;3;15;A01
201300012082;0;33;0;0;2;1;1;B02
201300012083;0;14;0;0;2;3;1;C03
201300012083;0;7;0;0;2;5;23;B02
201300012083;0;33;0;0;2;1;2;A01
201300012084;0;14;0;0;2;1;13;A01
201300012084;0;7;0;0;2;3;1;D04
201300012084;0;7;0;0;2;3;1;C03
201300012084;0;14;0;0;2;6;1;B02
201300012085;0;1;0;0;2;8;19;A01
201300012085;0;7;0;0;2;1;1;B02
201300012086;0;30;0;0;2;1;13;A01
201300012086;0;7;0;0;0;3;1;B02
201300012087;0;7;0;2;0;1;14;A01
201300012088;0;7;0;11;0;1;1;A01
201300012089;0;7;0;2;0;8;17;A01
201300012090;0;10;0;0;0;8;10;A01
201300012090;0;7;0;0;2;1;1;B02
201300012090;0;7;0;0;2;1;17;C03
201300012091;0;7;0;13;0;9;1;A01
201300012092;0;7;0;4;0;1;0;A01
201300012093;0;33;0;16;0;1;0;A01
201300012094;0;7;0;0;1;2;1;A01
201300012095;2;7;0;0;0;8;23;A01
201300012095;0;7;0;1;0;1;1;B02
201300012096;0;33;0;0;0;0;12;A01
201300012097;0;7;0;13;0;1;21;C03
201300012097;0;10;0;0;2;6;23;B02
201300012097;0;15;0;1;0;2;21;A01
201300012098;0;7;0;0;0;0;14;A01
201300012099;0;10;0;0;2;1;2;A01
201300012099;0;7;0;0;2;4;2;B02
201300012100;0;14;0;0;0;7;1;A01
201300012101;0;33;0;0;2;8;17;A01
201300012101;0;14;0;0;2;6;15;B02
201300012102;0;10;0;13;0;3;13;A01
201300012103;0;7;0;2;0;6;13;A01
201300012104;0;21;0;0;0;8;10;B02
201300012104;0;33;0;0;2;0;1;A01
201300012105;0;99;0;0;2;4;2;A01
201300012105;0;7;0;0;2;2;2;B02
201300012106;0;7;0;0;2;8;19;A01
201300012106;0;37;0;0;2;3;2;B02
201300012107;0;17;0;0;2;1;2;A01
201300012107;0;17;0;0;0;4;2;B02
201300012108;0;33;0;0;2;1;2;B02
201300012108;0;10;0;0;0;7;2;A01
201300012109;0;7;0;0;2;1;14;A01
201300012109;0;7;0;0;0;3;0;B02
201300012110;0;7;0;0;0;1;10;A01
201300012110;0;1;0;0;2;1;1;B02
201300012111;0;7;0;0;1;2;1;A01
201300012112;0;7;0;0;1;2;1;A01
201300012113;0;10;0;0;0;3;9;B02
201300012113;0;1;0;0;0;2;0;A01
201300012114;0;7;0;0;1;3;17;A01
201300012115;0;33;0;0;0;0;1;A01
201300012116;0;7;0;10;0;1;0;A01
201300012117;0;7;0;0;0;3;9;A01
201300012117;0;99;0;0;2;1;1;B02
201300012118;0;33;0;0;2;1;1;A01
201300012118;0;7;0;0;2;1;1;B02
201300012119;0;33;0;0;0;8;1;A01
201300012120;0;7;0;6;0;1;1;A01
201300012121;0;7;0;3;0;7;1;A01
201300012122;0;7;0;0;1;3;15;A01
201300012123;0;34;0;0;2;1;1;A01
201300012123;0;10;0;0;2;3;15;B02
201300012124;0;37;0;13;0;1;1;A01
201300012125;0;33;0;16;0;1;1;A01
201300012126;0;7;0;0;0;0;13;A01
201300012127;0;33;0;0;2;4;2;A01
201300012127;0;33;0;0;2;1;2;B02
201300012128;0;33;0;0;0;1;1;A01
201300012129;0;14;0;0;2;6;1;B02
201300012129;0;10;0;0;2;2;17;A01
201300012130;0;17;0;0;2;6;3;A01
201300012130;0;7;0;0;2;2;1;B02
201300012131;0;7;0;0;2;4;23;B02
201300012131;0;7;0;1;1;1;17;C03
201300012131;0;7;0;0;0;4;24;A01
201300012132;0;33;0;0;0;0;1;A01
201300012133;0;13;0;3;0;1;14;A01
201300012134;0;15;0;0;0;6;23;A01
201300012134;0;7;0;1;0;2;1;B02
201300012135;0;33;0;0;0;0;16;A01
201300012136;0;7;0;13;0;9;0;A01
201300012137;0;33;0;4;0;2;1;A01
201300012138;0;15;0;0;0;6;1;B02
201300012138;0;10;0;0;2;2;1;A01
201300012139;0;7;0;0;0;1;2;A01
201300012139;0;7;0;0;0;4;2;B02
201300012140;0;7;0;0;2;7;17;B02
201300012140;0;17;0;0;2;8;13;A01
201300012141;0;10;0;0;2;7;1;C03
201300012141;0;15;0;3;2;1;6;A01
201300012141;0;7;0;0;2;1;1;B02
201300012142;0;10;0;0;0;9;1;A01
201300012143;0;7;0;0;0;4;23;A01
201300012143;0;10;0;1;0;1;2;B02
201300012143;0;7;0;3;0;6;2;C03
201300012144;0;17;0;0;2;2;1;B02
201300012144;0;7;0;0;2;6;9;A01
201300012145;0;7;0;13;0;2;14;A01
201300012146;0;7;0;3;0;3;17;A01
201300012147;0;10;0;0;2;3;1;C03
201300012147;0;7;0;0;2;1;1;B02
201300012147;0;7;0;3;0;1;13;A01
201300012148;0;7;0;13;0;1;13;A01
201300012149;0;7;0;13;0;1;14;A01
201300012150;0;10;0;3;0;3;1;A01
201300012151;0;33;0;4;0;1;1;A01
201300012152;0;17;0;0;2;2;2;A01
201300012152;0;7;0;0;2;4;2;B02
201300012153;0;17;0;3;0;2;1;A01
201300012154;0;7;0;14;0;1;1;A01
201300012155;0;7;0;13;0;1;14;A01
201300012156;0;10;0;3;0;3;11;A01
201300012157;0;7;0;13;0;2;1;A01
201300012158;0;33;0;4;0;7;14;A01
201300012159;0;7;0;13;0;2;1;A01
201300012160;0;7;0;3;0;2;1;A01
201300012161;0;33;0;3;0;2;14;A01
201300012162;0;7;0;3;0;5;14;A01
201300012163;0;7;0;13;1;3;19;A01
201300012163;0;7;0;0;0;6;24;B02
201300012164;0;7;0;0;2;8;17;A01
201300012164;0;7;0;0;2;3;16;B02
201300012165;0;21;0;0;0;8;15;B02
201300012165;0;33;0;0;2;1;1;A01
201300012166;0;7;0;3;0;2;21;A01
201300012167;0;7;0;0;2;3;17;A01
201300012167;0;7;0;0;2;3;1;B02
201300012168;0;7;0;6;0;1;14;A01
201300012169;0;33;0;6;0;1;1;A01
201300012170;0;7;0;3;0;1;1;A01
201300012170;0;7;0;0;2;1;21;B02
201300012170;0;7;0;0;2;1;21;C03
201300012170;0;7;0;0;0;6;23;D04
201300012170;0;7;0;0;2;2;23;E05
201300012170;0;7;0;0;2;2;21;F06
201300012170;0;7;0;0;2;2;21;G07
201300012170;0;7;0;0;2;7;21;H08
201300012171;0;7;0;0;2;4;0;E05
201300012171;0;7;0;0;2;4;1;C03
201300012171;0;7;0;0;2;4;1;B02
201300012171;0;7;0;0;2;4;0;D04
201300012171;0;7;0;0;2;1;12;A01
201300012172;0;7;0;3;0;2;1;A01
201300012173;0;34;0;0;9;0;1;A01
201300012174;0;10;0;6;0;3;14;A01
201300012175;0;33;0;4;0;9;1;A01
201300012176;0;7;0;0;2;7;1;A01