num_acc;senc;catv;occutc;obs;obsm;choc;manv;num_veh
201300012176;0;33;0;0;2;3;13;B02
201300012177;0;15;0;0;1;2;1;A01
201300012178;0;34;0;0;2;1;2;A01
201300012178;0;7;0;0;0;6;2;B02
201300012179;0;7;0;0;0;4;11;A01
201300012179;0;7;0;0;2;1;1;B02
201300012180;0;31;0;0;2;1;2;A01
201300012180;0;7;0;0;0;4;2;B02
201300012181;0;7;0;4;0;1;1;A01
201300012182;0;7;0;0;2;2;1;A01
201300012182;0;14;0;0;0;6;1;B02
201300012183;0;7;0;0;2;4;23;A01
201300012183;0;33;0;0;2;1;1;B02
201300012184;0;34;0;0;2;3;2;A01
201300012184;0;7;0;0;0;4;2;B02
201300012185;0;7;0;0;2;6;2;B02
201300012185;0;7;0;1;0;2;2;A01
201300012186;0;7;0;0;0;0;1;A01
201300012187;0;17;0;0;2;3;21;D04
201300012187;0;7;0;0;2;1;5;A01
201300012187;0;7;0;0;2;3;21;B02
201300012187;0;7;0;0;2;1;21;C03
201300012188;0;7;0;3;0;2;21;A01
201300012189;0;17;0;3;2;8;1;A01
201300012190;0;33;0;3;0;1;2;A01
201300012191;0;7;0;3;0;3;14;A01
201300012192;0;7;0;0;2;1;1;B02
201300012192;0;7;0;4;0;1;14;A01
201300012193;0;7;0;0;2;1;1;B02
201300012193;0;7;0;0;2;1;10;A01
201300012194;0;17;0;1;1;1;2;A01
201300012194;0;10;0;0;0;4;23;B02
201300012195;0;7;0;0;2;1;2;B02
201300012195;0;10;0;0;0;4;1;A01
201300012196;0;7;0;0;1;3;1;A01
201300012197;0;7;0;4;0;8;17;A01
201300012198;0;7;0;3;0;2;1;A01
201300012198;0;7;0;0;2;1;1;B02
201300012198;0;7;0;0;2;1;1;C03
201300012198;0;7;0;0;2;3;1;D04
201300012199;0;7;0;7;0;1;1;A01
201300012200;0;15;0;6;0;1;0;A01
201300012201;0;10;0;0;2;2;12;A01
201300012201;0;7;0;3;0;6;1;B02
201300012202;0;7;0;13;0;9;1;A01
201300012203;0;7;0;4;0;2;14;A01
201300012204;0;7;0;0;2;4;2;A01
201300012204;0;17;0;0;2;0;2;B02
201300012205;0;7;0;0;2;1;17;A01
201300012206;0;33;0;0;0;0;1;A01
201300012207;0;10;0;3;0;2;14;A01
201300012208;0;7;0;11;0;1;1;A01
201300012209;0;7;0;13;0;1;14;A01
201300012210;0;17;0;0;0;0;1;B02
201300012210;0;7;0;0;2;2;2;A01
201300012211;0;33;0;8;0;0;13;A01
201300012212;0;30;0;2;0;1;13;A01
201300012213;0;7;0;13;0;9;14;A01
201300012214;0;33;0;0;0;7;14;A01
201300012215;0;7;0;2;0;8;13;A01
201300012216;0;7;0;16;0;1;14;A01
201300012217;0;7;0;0;1;4;4;A01
201300012218;0;10;0;0;2;1;1;C03
201300012218;0;7;0;0;2;4;15;B02
201300012218;0;7;0;0;2;3;1;A01
201300012219;0;14;0;0;2;2;1;B02
201300012219;0;7;0;0;2;4;17;A01
201300012220;0;7;0;10;0;2;14;A01
201300012221;0;7;0;0;2;1;1;C03
201300012221;0;7;0;0;2;1;1;B02
201300012221;0;7;0;0;2;2;15;A01
201300012222;0;10;0;13;2;2;14;A01
201300012222;0;38;0;0;2;3;1;B02
201300012223;0;38;0;0;1;1;1;A01
201300012224;0;7;0;2;0;1;13;A01
201300012225;0;7;0;0;2;3;13;A01
201300012225;0;7;0;0;2;3;1;B02
201300012226;0;14;0;0;2;3;1;A01
201300012226;0;7;0;0;2;3;13;B02
201300012227;0;33;0;0;2;1;1;A01
201300012227;0;7;0;0;2;2;1;B02
201300012228;0;17;0;13;0;1;13;A01
201300012229;0;17;0;0;2;1;1;B02
201300012229;0;7;0;0;2;8;15;A01
201300012230;0;7;0;13;0;2;1;A01
201300012231;0;7;0;3;0;9;1;A01
201300012232;0;7;0;0;2;3;5;A01
201300012232;0;7;0;0;2;3;1;B02
201300012233;0;7;0;13;0;1;1;A01
201300012234;0;7;0;0;2;3;15;A01
201300012234;0;2;0;0;2;8;1;B02
201300012235;0;1;0;13;0;7;1;A01
201300012236;0;10;0;2;0;1;13;A01
201300012237;0;31;0;0;2;1;13;A01
201300012237;0;7;0;0;2;3;1;B02
201300012238;0;7;0;0;1;2;15;A01
201300012239;0;7;0;0;2;6;15;B02
201300012239;0;7;0;0;2;1;17;A01
201300012240;0;30;0;15;0;1;14;A01
201300012241;0;7;0;0;2;1;1;A01
201300012241;0;7;0;0;2;8;1;B02
201300012242;0;30;0;0;2;1;1;B02
201300012242;0;7;0;0;2;1;1;A01
201300012243;0;20;0;0;2;1;15;B02
201300012243;0;30;0;0;2;3;1;A01
201300012244;0;7;0;0;0;1;1;A01
201300012245;0;33;0;3;0;7;1;A01
201300012246;0;7;0;1;0;4;23;D04
201300012246;0;7;0;1;0;4;23;E05
201300012246;0;7;0;1;0;5;23;B02
201300012246;0;7;0;1;0;4;23;C03
201300012246;0;7;0;1;0;1;2;A01
201300012247;0;14;0;0;2;1;2;C03
201300012247;0;14;0;0;2;5;0;A01
201300012247;0;7;0;0;2;4;1;B02
201300012248;0;7;0;0;0;0;18;A01
201300012249;0;7;0;3;0;7;0;A01
201300012250;0;7;0;0;2;6;1;B02
201300012250;0;7;0;0;2;2;14;A01
201300012250;0;7;0;14;0;1;2;C03
201300012251;0;7;0;3;2;9;17;A01
201300012251;0;7;0;4;2;1;1;B02
201300012252;0;13;0;0;0;6;1;C03
201300012252;0;7;0;0;2;3;21;A01
201300012252;0;7;0;0;2;1;2;B02
201300012253;0;7;0;0;2;1;2;A01
201300012253;0;7;0;0;2;4;2;B02
201300012254;0;7;0;0;2;7;12;A01
201300012254;0;31;0;0;2;9;1;B02
201300012255;0;33;0;0;2;1;1;A01
201300012255;0;7;0;0;0;5;14;B02
201300012256;0;7;0;3;0;2;1;A01
201300012257;0;7;0;4;0;2;2;A01
201300012258;0;7;0;0;2;6;18;A01
201300012258;0;10;0;0;2;2;1;B02
201300012259;0;7;0;0;2;4;2;B02
201300012259;0;7;0;0;2;1;2;A01
201300012260;0;7;0;9;0;3;1;A01
201300012261;0;7;0;0;0;8;23;A01
201300012261;0;17;0;1;0;2;13;B02
201300012262;0;7;0;0;2;1;0;A01
201300012262;0;7;0;0;2;4;0;B02
201300012263;0;7;0;0;2;1;1;A01
201300012263;0;7;0;0;2;9;1;B02
201300012264;0;7;0;0;2;2;1;B02
201300012264;0;7;0;4;0;3;13;A01
201300012265;0;7;0;4;0;3;1;A01
201300012266;0;7;0;0;0;6;1;C03
201300012266;0;7;0;0;0;2;13;A01
201300012266;0;7;0;0;0;6;1;B02
201300012267;0;7;0;3;0;9;1;A01
201300012268;0;7;0;0;0;1;2;A01
201300012268;0;7;0;0;0;4;2;B02
201300012269;0;7;0;0;0;0;13;A01
201300012270;0;7;0;4;0;1;17;A01
201300012271;0;10;0;0;2;2;11;A01
201300012271;0;10;0;0;2;6;0;B02
201300012272;0;7;0;3;0;1;3;A01
201300012272;0;7;0;14;0;1;1;B02
201300012272;0;7;0;0;0;4;1;C03
201300012272;0;7;0;0;2;1;1;D04
201300012272;0;15;0;0;2;6;1;E05
201300012273;0;7;0;0;1;8;13;A01
201300012274;0;17;0;4;0;1;14;A01
201300012275;0;7;0;0;2;4;17;A01
201300012275;0;33;0;0;2;1;1;B02
201300012276;0;7;0;0;2;4;1;A01
201300012276;0;33;0;0;2;1;1;B02
201300012277;0;14;0;0;2;6;1;B02
201300012277;0;7;0;0;2;2;14;A01
201300012278;0;7;0;0;2;4;2;C03
201300012278;0;7;0;0;2;1;2;A01
201300012278;0;7;0;0;2;1;2;B02
201300012279;0;7;0;4;0;1;1;A01
201300012280;0;33;0;1;0;2;20;A01
201300012280;0;33;0;1;2;8;24;C03
201300012280;0;33;0;1;2;6;24;B02
201300012281;0;7;0;0;0;6;1;A01
201300012281;1;7;0;0;0;2;14;B02
201300012282;0;7;0;3;2;1;1;A01
201300012282;0;14;0;0;2;5;1;B02
201300012283;0;33;0;0;0;1;1;A01
201300012283;0;7;0;0;0;6;1;B02
201300012284;0;7;0;0;2;3;1;B02
201300012284;0;7;0;0;2;3;1;C03
201300012284;2;7;0;4;0;1;1;A01
201300012285;0;33;0;0;0;0;0;A01
201300012286;0;7;0;0;9;1;1;B02
201300012286;0;7;0;0;9;1;1;D04
201300012286;0;33;0;3;0;1;1;A01
201300012286;0;7;0;0;9;1;1;C03
201300012287;0;17;0;0;2;4;1;B02
201300012287;0;14;0;0;2;1;1;A01
201300012288;0;32;0;0;2;3;1;A01
201300012288;0;7;0;0;2;4;1;C03
201300012288;0;32;0;0;2;2;9;B02
201300012289;0;7;0;0;2;3;2;C03
201300012289;0;7;0;0;0;0;1;D04
201300012289;0;7;0;0;2;6;1;B02
201300012289;0;7;0;14;0;8;14;A01
201300012290;0;7;0;2;0;1;17;A01
201300012291;0;7;0;3;6;1;21;A01
201300012291;0;7;0;1;2;1;1;B02
201300012292;0;7;0;0;0;2;1;F06
201300012292;0;7;0;0;0;8;1;C03
201300012292;0;7;0;0;0;3;1;B02
201300012292;0;7;0;0;0;2;1;A01
201300012292;0;7;0;0;0;2;1;E05
201300012292;0;7;0;0;0;3;1;D04
201300012293;0;7;0;4;0;3;1;A01
201300012294;0;7;0;4;2;1;1;A01
201300012294;0;7;0;0;2;2;1;B02
201300012295;0;7;0;7;0;9;1;A01
201300012296;0;7;0;3;0;2;1;A01
201300012297;0;7;0;3;0;1;1;A01
201300012298;0;38;1;0;2;3;1;A01
201300012298;0;7;0;0;2;5;1;B02
201300012298;0;7;0;0;2;4;2;C03
201300012299;0;7;0;3;0;5;14;A01
201300012300;0;7;0;0;1;3;16;A01
201300012301;0;7;0;2;0;9;1;A01
201300012302;0;7;0;0;2;1;2;A01
201300012302;0;7;0;0;2;4;2;B02
201300012302;0;7;0;0;0;4;0;C03
201300012303;0;7;0;0;2;3;1;A01
201300012303;2;7;0;0;0;2;1;B02
201300012304;0;7;0;6;0;2;1;A01
201300012305;0;7;0;0;2;2;1;A01
201300012305;0;1;0;0;2;8;15;B02
201300012306;0;7;0;15;0;1;1;A01
201300012307;0;7;0;0;2;3;1;B02
201300012307;0;10;0;0;2;3;1;A01
201300012308;0;2;0;0;2;3;1;A01
201300012308;0;7;0;0;2;5;1;B02
201300012309;0;7;0;0;2;1;1;A01
201300012309;0;7;0;0;2;1;15;B02
201300012310;0;2;0;0;2;8;1;A01
201300012310;0;7;0;0;2;2;1;B02
201300012311;0;2;0;13;0;9;1;A01
201300012312;0;31;0;0;2;1;1;B02
201300012312;0;7;0;0;2;3;9;A01
201300012313;0;7;0;0;9;7;17;A01
201300012313;0;1;0;0;2;8;1;B02
201300012314;0;36;0;16;0;5;1;A01
201300012315;0;7;0;7;1;2;16;A01
201300012316;0;33;0;6;0;7;14;A01
201300012317;0;7;0;0;2;2;15;A01
201300012317;0;33;0;0;2;1;1;B02
201300012318;0;33;0;0;2;2;2;A01
201300012318;0;7;0;0;0;6;2;B02
201300012318;0;7;0;0;0;8;15;C03
201300012319;0;7;0;0;2;1;17;A01
201300012319;0;7;0;0;2;1;1;B02
201300012320;0;1;0;0;2;2;1;A01
201300012320;0;7;0;0;9;3;1;B02
201300012321;0;7;0;8;0;2;1;A01
201300012322;0;7;0;0;1;2;15;A01
201300012323;0;7;0;0;2;3;1;A01
201300012323;0;7;0;0;2;1;1;B02
201300012324;0;31;0;0;2;7;2;B02
201300012324;0;7;0;0;2;8;2;A01
201300012325;0;7;0;0;9;1;1;A01
201300012325;0;7;0;0;9;1;1;C03
201300012325;0;7;0;0;9;1;1;D04
201300012325;0;33;0;0;9;1;1;B02
201300012325;0;33;0;0;9;1;1;F06
201300012325;0;33;0;0;9;1;1;E05
201300012326;0;7;0;0;2;1;1;B02
201300012326;0;7;0;0;2;1;13;A01
201300012327;0;7;0;0;2;1;1;B02
201300012327;0;7;0;0;2;8;1;A01
201300012328;0;7;0;9;0;1;1;A01
201300012329;0;7;0;2;0;2;1;A01
201300012330;0;7;0;4;1;8;2;A01
201300012331;0;7;0;3;0;1;1;A01
201300012332;0;7;0;3;0;1;1;A01
201300012332;0;7;0;0;2;2;1;B02
201300012333;0;7;0;0;2;2;1;A01
201300012333;0;7;0;0;2;6;1;B02
201300012334;0;15;0;0;0;5;1;B02
201300012334;0;10;0;0;2;1;2;A01
201300012335;0;15;0;0;0;6;1;A01
201300012335;0;10;0;0;2;2;2;B02
201300012336;0;7;0;;;;;A01
201300012337;0;7;0;3;0;7;1;A01
201300012337;0;7;0;0;2;1;1;B02
201300012338;0;10;0;13;0;1;1;A01
201300012339;0;7;0;0;2;7;1;B01
201300012339;0;7;0;0;2;1;11;A01
201300012340;0;7;0;8;0;1;1;A01
201300012341;0;7;0;0;1;1;1;A01
201300012342;0;7;0;0;1;1;1;A01
201300012343;0;10;0;0;2;1;13;A01
201300012343;0;2;0;0;0;4;15;B01
201300012344;0;10;0;0;2;2;15;A01
201300012344;0;33;0;0;2;7;1;B01
201300012345;0;7;0;0;1;1;1;A01
201300012346;0;7;0;0;2;1;13;A01
201300012346;0;7;0;0;2;8;1;B01
201300012346;0;7;0;0;2;1;1;C01
201300012347;0;7;0;0;2;1;1;C01
201300012347;0;7;0;0;2;1;1;B01
201300012347;0;7;0;0;2;7;13;A01
201300012348;0;7;0;0;1;1;1;A01
201300012349;0;10;0;0;1;1;15;A01
201300012350;0;7;0;0;2;3;17;A01
201300012350;0;7;0;0;0;8;24;D01
201300012350;0;10;0;0;2;1;1;B01
201300012350;0;7;0;0;2;1;1;C01
201300012351;0;2;0;0;2;1;13;A01
201300012351;0;7;0;0;2;3;1;B01
201300012352;0;30;0;0;0;2;1;A01
201300012353;0;7;0;0;2;1;5;A01
201300012353;0;7;0;0;2;1;1;B02
201300012354;2;31;0;0;0;1;1;A01
201300012355;0;7;0;1;2;4;24;A01
201300012355;0;7;0;0;2;4;23;B02
201300012355;0;2;0;1;2;7;21;C03
201300012356;0;7;0;2;0;1;0;A01
201300012357;0;7;0;0;2;7;1;B02
201300012357;0;7;0;0;2;1;1;A01
201300012358;0;7;0;3;0;1;6;A01
201300012359;0;7;0;0;2;3;2;B02
201300012359;0;33;0;0;2;2;23;A01
201300012360;0;7;0;0;1;1;1;A01
201300012361;0;7;0;0;0;1;1;A01
201300012362;0;33;0;14;0;1;0;A01
201300012363;0;7;0;0;1;2;1;A01
201300012364;0;7;0;14;0;1;6;A01
201300012365;0;10;0;0;1;4;4;A01
201300012366;0;7;0;6;1;1;10;A01
201300012367;0;33;0;0;2;1;1;B01
201300012367;0;7;0;0;9;3;0;A01
201300012368;0;7;0;3;2;4;2;C03
201300012368;0;10;0;3;2;1;1;A01
201300012368;0;7;0;0;2;8;1;B02
201300012369;0;10;0;0;2;1;2;A01
201300012369;0;17;0;0;2;4;2;B02
201300012370;0;7;0;3;2;1;1;A01
201300012370;0;17;0;0;2;2;1;C03
201300012370;0;7;0;0;2;3;1;B02
201300012371;0;7;0;3;0;1;1;A01
201300012372;0;14;0;0;2;4;23;C03
201300012372;0;15;0;0;2;1;2;A01
201300012372;0;15;0;0;2;4;23;B02
201300012373;0;33;0;0;2;8;1;A01
201300012373;0;7;0;0;2;0;14;B02
201300012374;0;7;0;5;0;1;11;A01
201300012374;0;7;0;0;2;1;2;B02
201300012375;0;7;0;0;2;1;2;B02
201300012375;0;7;0;0;0;4;1;A01
201300012375;0;7;0;0;2;1;2;C03
201300012375;0;7;0;0;2;1;2;D04
201300012376;0;7;0;13;0;9;19;A01
201300012377;0;7;0;0;2;3;2;D04
201300012377;0;7;0;0;2;1;2;E05
201300012377;0;15;0;3;2;3;6;A01
201300012377;0;10;0;0;0;5;2;C03
201300012377;0;7;0;0;2;3;1;B02
201300012378;0;33;0;0;2;1;2;A01
201300012378;0;33;0;0;0;4;2;B02
201300012379;0;10;0;0;2;1;2;A01
201300012379;0;7;0;0;2;4;23;B02
201300012380;0;7;0;0;2;2;17;A01
201300012380;0;15;0;0;2;6;1;B02
201300012381;0;7;0;0;0;9;1;A01
201300012382;0;14;0;0;2;1;2;A01
201300012382;0;14;0;0;0;4;2;B02
201300012383;0;10;0;13;0;3;17;A01
201300012384;0;7;0;4;0;3;17;A01
201300012385;0;33;0;0;0;7;1;A01
201300012386;0;31;0;5;0;1;0;A01
201300012387;0;7;0;2;0;1;1;A01
201300012388;0;33;0;0;0;8;1;A01
201300012389;0;33;0;0;2;7;1;A01
201300012389;0;7;0;0;2;3;19;B02
201300012390;0;31;0;2;0;3;1;A01
201300012391;0;7;0;0;0;1;2;B02
201300012391;0;7;0;0;0;4;23;A01
201300012392;0;10;0;0;0;1;14;A01
201300012393;0;7;0;3;0;1;1;A01
201300012394;0;7;0;1;0;4;2;C03
201300012394;0;10;0;1;2;4;23;B02
201300012394;0;7;0;3;0;1;17;A01
201300012395;0;7;0;16;0;0;14;A01
201300012396;0;7;0;0;2;4;0;B02
201300012396;0;7;0;0;2;1;2;A01
201300012397;0;7;0;0;2;2;14;A01
201300012397;0;7;0;0;0;6;1;B02
201300012397;0;7;0;0;2;3;21;C03
201300012398;0;7;0;0;0;8;23;A01
201300012398;0;15;0;0;2;2;1;B02
201300012399;2;7;0;0;2;7;12;A01
201300012399;0;7;0;4;2;3;1;B02
201300012400;0;7;0;3;0;2;14;A01
201300012401;0;33;0;0;9;8;21;A01
201300012402;0;7;0;6;0;1;14;A01
201300012403;0;7;0;13;0;7;1;A01
201300012404;0;15;0;0;0;6;1;A01
201300012405;0;7;0;0;2;8;24;A01
201300012405;1;14;0;1;0;7;1;B02
201300012406;0;7;0;0;2;4;1;A01
201300012406;0;7;0;0;2;1;1;B02
201300012407;0;7;0;;2;1;1;A02
201300012407;0;7;0;;2;4;23;A01
201300012408;0;7;0;0;2;1;2;C03
201300012408;0;7;0;0;0;4;1;A01
201300012408;0;7;0;0;2;1;2;B02
201300012409;0;7;0;0;2;4;1;A01
201300012410;0;7;0;13;0;2;21;A01
201300012411;0;7;0;13;0;7;1;A01
201300012412;0;7;0;0;0;1;2;A01
201300012412;0;7;0;0;0;4;2;B02
201300012413;0;7;0;3;0;1;1;A01
201300012414;0;7;0;13;0;1;14;A01
201300012415;0;7;0;0;1;0;1;A01
201300012416;0;7;0;3;2;1;9;B02
201300012416;0;7;0;3;0;2;0;A01
201300012417;0;10;0;0;2;3;17;A01
201300012417;0;15;0;0;0;6;1;B02
201300012418;0;7;0;3;0;6;11;A01
201300012419;0;7;0;3;0;3;17;A01
201300012419;0;7;0;1;2;3;17;B02
201300012419;0;7;0;1;0;3;17;C03
201300012420;0;7;0;3;0;9;14;A01
201300012421;0;10;0;0;2;1;2;A01
201300012421;0;15;0;0;2;5;2;B02
201300012422;0;36;0;3;0;2;2;A01
201300012423;0;7;0;0;0;1;2;A01
201300012423;0;33;0;0;2;4;2;B02
201300012423;0;7;0;0;0;4;2;C03
201300012424;0;14;0;3;0;2;0;A01
201300012425;0;7;0;0;2;7;1;A01
201300012425;0;7;0;0;2;3;9;B02
201300012426;0;7;0;0;2;1;2;A01
201300012427;0;7;0;16;0;1;0;A01
201300012428;0;7;0;0;9;8;15;A01
201300012428;0;1;0;0;2;1;2;B02
201300012429;0;33;0;1;0;1;1;A01
201300012429;0;7;0;0;2;1;23;B02
201300012430;0;10;0;0;2;1;1;B02
201300012430;0;17;0;0;0;4;1;A01
201300012431;0;7;0;0;2;3;15;A01
201300012431;0;2;0;0;2;1;0;B02
201300012432;0;7;0;0;2;3;1;A01
201300012432;0;33;0;0;2;1;1;B02
201300012433;0;7;0;0;2;1;1;A01
201300012433;0;1;0;0;2;7;1;B02
201300012434;0;7;0;0;1;1;1;A01
201300012435;0;1;0;0;2;3;19;A01
201300012435;0;7;0;0;2;1;1;B02
201300012436;0;7;0;0;2;0;1;A01
201300012436;0;37;0;0;0;0;15;B02
201300012437;0;7;0;0;2;1;1;B02
201300012437;0;7;0;0;2;1;13;A01
201300012438;0;31;0;0;0;0;1;A01
201300012439;0;31;0;0;2;2;1;A01
201300012439;0;7;0;0;2;6;1;B02
201300012440;0;2;0;0;2;1;1;A01
201300012440;0;7;0;0;2;3;9;B02
201300012441;0;7;0;0;2;3;1;B02
201300012441;0;33;0;0;2;5;17;A01
201300012442;0;7;0;4;0;2;1;A01
201300012443;0;33;0;0;0;3;17;A01
201300012443;0;33;0;0;0;1;5;B02
201300012444;0;7;0;0;2;7;1;A01
201300012444;0;7;0;0;2;2;1;B02
201300012445;0;33;0;0;2;2;2;A01
201300012445;0;7;0;0;2;3;2;B02
201300012446;0;10;0;0;0;7;15;B02
201300012446;0;33;0;0;2;1;1;A01
201300012447;0;7;0;4;2;1;23;A01
201300012447;0;7;0;0;2;1;1;B02
201300012448;0;7;0;0;2;0;15;A01
201300012448;0;30;0;0;2;0;15;B02
201300012449;0;7;0;0;2;6;17;A01
201300012449;0;7;0;0;2;2;17;B02
201300012450;0;7;0;0;0;4;15;A01
201300012450;0;7;0;0;2;8;5;C03
201300012450;0;7;0;0;2;1;21;B02
201300012451;0;7;0;0;2;1;1;A01
201300012451;0;7;0;0;2;8;19;B02
201300012452;0;33;0;0;2;1;1;A01
201300012452;0;7;0;0;2;1;15;B02
201300012453;0;14;0;0;2;3;21;A01
201300012453;0;7;0;0;2;8;1;B02
201300012454;0;7;0;0;1;2;1;A01
201300012455;0;7;0;0;2;1;15;A01
201300012455;0;31;0;0;2;1;1;B02
201300012456;0;7;0;2;0;2;14;A01
201300012457;0;2;0;0;2;4;2;B02
201300012457;0;7;0;0;2;2;2;A01
201300012458;0;7;0;0;1;2;1;A01
201300012459;0;7;0;9;1;3;13;A01
201300012460;0;30;0;16;0;9;13;A01
201300012461;0;7;0;13;0;2;14;A01
201300012462;0;10;0;13;0;9;1;A01
201300012463;0;7;0;3;0;3;13;A01
201300012464;0;33;0;0;2;1;1;B02
201300012464;0;33;0;0;0;7;1;A01
201300012465;0;15;0;0;2;6;1;B02
201300012465;0;7;0;0;2;1;14;A01
201300012466;0;7;0;7;0;1;2;A01
201300012467;0;7;0;2;0;5;0;A01
201300012468;0;17;0;0;0;7;2;B02
201300012468;0;7;0;0;2;3;14;A01
201300012469;0;33;0;0;0;0;1;A01
201300012470;0;7;0;3;0;6;1;A01
201300012470;0;15;0;0;2;2;17;B02
201300012471;0;7;0;0;2;1;2;A01
201300012471;0;7;0;0;2;4;2;B02
201300012472;0;7;0;3;0;5;23;A01
201300012472;0;7;0;0;2;3;2;B02
201300012473;0;7;0;4;0;3;13;A01
201300012474;0;33;0;0;0;2;3;A01
201300012475;0;7;0;0;0;4;23;A01
201300012475;0;14;0;1;0;1;1;B02
201300012476;0;7;0;4;0;1;1;A01
201300012477;0;7;0;0;2;3;1;B02
201300012477;0;7;0;0;2;8;15;A01
201300012478;0;7;0;0;2;4;15;A01
201300012478;0;10;0;0;2;3;2;B02
201300012479;0;7;0;0;1;3;1;A01
201300012480;0;7;0;0;2;5;1;A01
201300012480;0;7;0;0;2;1;9;B02
201300012481;0;7;0;0;1;1;1;A01
201300012482;0;33;0;5;0;8;13;A01
201300012483;0;36;0;0;0;0;1;A01
201300012484;0;7;0;0;2;9;13;A01
201300012484;0;7;0;0;2;3;1;B02
201300012484;0;7;0;0;2;3;1;C03
201300012485;0;7;0;0;2;5;17;A01
201300012485;0;31;0;0;2;3;1;B02
201300012486;0;33;0;2;0;1;1;A01
201300012487;0;34;0;0;0;7;1;A01
201300012488;0;7;0;13;0;9;13;A01
201300012489;0;7;0;0;2;2;1;A01
201300012489;0;7;0;0;2;7;13;B02
201300012490;0;2;0;0;2;6;9;B02
201300012490;0;7;0;0;2;2;1;A01
201300012491;0;30;0;0;0;0;1;A01
201300012492;0;10;0;0;2;3;15;B02
201300012492;0;30;0;0;2;1;17;A01
201300012493;0;37;0;0;1;2;7;A01
201300012494;0;7;0;0;1;3;1;A01
201300012495;0;33;0;0;0;8;1;A01
201300012496;0;7;0;0;2;3;1;A01
201300012496;0;30;0;0;2;1;1;B02
201300012497;0;7;0;0;1;3;1;A01
201300012498;0;7;0;0;2;1;19;A01
201300012498;0;10;0;0;2;1;1;B02
201300012498;0;7;0;0;2;1;1;C03
201300012499;0;7;0;0;0;6;0;A01
201300012499;0;33;0;0;0;1;0;B02
201300012499;0;7;0;0;0;0;0;C03
201300012500;0;15;0;0;2;4;2;B01
201300012500;0;7;0;0;2;1;2;A01
201300012501;0;14;0;0;0;6;1;B02
201300012501;0;7;0;5;2;2;17;A01
201300012502;0;7;0;4;0;3;21;A01
201300012503;0;7;0;3;0;9;1;A01
201300012504;0;7;0;13;0;3;14;A01
201300012505;0;7;0;0;2;3;5;A01
201300012505;0;7;0;0;2;3;11;B02
201300012506;0;33;0;0;2;1;2;A01
201300012506;0;7;0;0;2;4;2;B02
201300012507;0;7;0;0;2;8;2;B02
201300012507;0;7;0;0;2;1;2;C03
201300012507;0;7;0;0;2;2;2;A01
201300012508;0;7;0;0;0;8;1;A01
201300012508;0;7;0;0;2;1;1;B02
201300012509;0;7;0;0;0;8;9;A01
201300012509;0;1;0;0;0;1;1;B02
201300012510;0;7;0;0;1;1;1;A01
201300012511;0;7;0;0;0;1;1;B02
201300012511;0;7;0;0;0;4;23;A01
201300012512;0;7;0;0;0;6;15;B02
201300012512;0;10;0;0;0;1;1;A01
201300012513;0;33;0;0;2;1;1;B02
201300012513;0;7;0;0;2;2;15;A01
201300012514;0;7;0;0;2;1;1;B02
201300012514;0;7;0;0;2;7;13;A01
201300012515;0;7;0;0;0;3;9;A01
201300012515;0;33;0;0;0;1;1;B02
201300012516;0;7;0;0;0;0;1;A01
201300012517;0;7;0;0;2;2;1;B01
201300012517;0;1;0;0;2;3;19;A02
201300012518;0;7;0;16;0;1;1;A01
201300012519;0;33;0;0;2;1;1;A01
201300012519;0;7;0;0;2;5;1;B02
201300012520;0;33;0;0;2;1;1;B02
201300012520;0;33;0;0;2;1;1;A01
201300012521;0;10;0;13;0;1;1;A01
201300012522;0;7;0;13;0;1;1;A01
201300012523;0;7;0;0;2;1;1;B02
201300012523;0;7;0;0;2;1;17;A01
201300012524;0;7;0;14;0;7;1;A01
201300012525;0;7;0;0;2;2;13;A01
201300012525;0;1;0;0;2;1;1;B02
201300012526;0;7;0;0;2;8;1;A01
201300012526;0;1;0;0;2;1;19;B02
201300012527;0;7;0;3;0;7;21;A01
201300012528;0;7;0;0;2;1;1;B02
201300012528;0;7;0;0;2;7;19;A01
201300012529;0;1;0;0;2;1;9;A01
201300012529;0;7;0;0;2;7;1;B02
201300012530;0;7;0;0;2;2;15;A01
201300012530;0;33;0;0;2;1;1;B02
201300012531;0;7;0;0;2;4;11;B02
201300012531;0;31;0;0;2;1;1;A01
201300012532;0;10;0;0;1;8;1;A01
201300012533;0;7;0;0;2;1;13;A01
201300012533;0;14;0;0;2;3;1;B02
201300012534;0;30;0;11;0;1;1;A01
201300012535;0;10;0;0;1;8;15;A01
201300012536;0;1;0;0;0;5;1;B02
201300012536;0;7;0;0;2;2;9;A01
201300012537;0;7;0;0;2;2;13;A01
201300012537;0;32;0;0;2;1;1;B02
201300012538;0;31;0;0;0;2;1;A01
201300012539;0;7;0;0;1;1;1;A01
201300012540;0;2;0;0;2;7;17;B02
201300012540;0;10;0;0;2;3;15;A01
201300012541;0;7;0;6;0;3;20;A01
201300012542;0;7;0;0;1;2;1;A01
201300012543;0;7;0;0;2;1;6;A01
201300012543;0;7;0;0;2;1;1;B02
201300012544;0;7;0;0;2;1;15;A01
201300012544;0;32;0;0;0;8;1;B02
201300012545;0;7;0;0;2;3;1;A01
201300012545;0;7;0;0;2;3;1;B02
201300012546;0;7;0;0;1;5;1;A01
201300012547;0;32;0;0;2;3;1;A01
201300012547;0;7;0;0;2;2;12;B02