num_acc;senc;catv;occutc;obs;obsm;choc;manv;num_veh
201300012548;0;7;0;0;1;3;1;A01
201300012549;0;30;0;16;0;8;1;A01
201300012550;0;3;0;0;2;9;1;A01
201300012551;0;31;0;2;0;1;14;A01
201300012552;0;31;0;0;2;1;1;B02
201300012552;0;7;0;0;2;3;15;A01
201300012553;0;10;0;0;0;0;24;C03
201300012553;0;7;0;0;0;0;16;B02
201300012553;0;30;0;16;0;7;1;A01
201300012554;0;7;0;0;2;2;9;A01
201300012554;0;1;0;0;2;7;1;B02
201300012555;0;7;0;13;0;9;17;A01
201300012556;0;7;0;13;0;1;1;A01
201300012557;0;31;0;0;2;8;1;B02
201300012557;0;10;0;0;2;1;15;A01
201300012558;0;2;0;0;2;7;1;B02
201300012558;0;7;0;0;2;1;9;A01
201300012559;0;7;0;0;0;7;6;B02
201300012559;0;7;0;0;0;2;1;A01
201300012560;0;7;0;0;0;1;13;A01
201300012560;0;21;0;0;0;1;1;B02
201300012561;0;37;6;0;2;3;1;A01
201300012561;0;10;0;0;2;3;1;B02
201300012562;0;31;0;0;2;7;1;B02
201300012562;0;7;0;0;2;8;9;A01
201300012563;0;7;0;0;1;3;1;A01
201300012564;0;7;0;9;2;1;1;A01
201300012564;0;7;0;0;2;1;1;B02
201300012564;0;7;0;0;2;8;1;C03
201300012565;0;31;0;3;0;0;1;A01
201300012566;0;7;0;0;2;1;1;A01
201300012566;0;7;0;0;2;3;1;B02
201300012567;0;7;0;9;0;1;1;A01
201300012568;0;7;0;6;0;1;0;A01
201300012569;0;7;0;2;0;1;13;A01
201300012570;0;10;0;0;2;1;1;A01
201300012570;0;7;0;0;0;4;23;B02
201300012571;0;33;0;0;2;1;1;B02
201300012571;0;7;0;0;2;6;9;A01
201300012572;0;33;0;12;0;8;15;A01
201300012573;0;7;0;0;0;0;6;A01
201300012574;0;30;0;0;2;3;1;A01
201300012574;0;7;0;0;2;3;15;B02
201300012575;0;7;0;13;0;1;1;A01
201300012576;0;7;0;0;2;3;19;A01
201300012576;0;7;0;0;2;1;1;B02
201300012577;0;33;0;0;2;0;1;A01
201300012577;0;7;0;0;2;1;13;B02
201300012578;0;7;0;0;9;3;11;A01
201300012578;0;1;0;0;2;1;1;B02
201300012579;0;7;0;0;2;3;15;B02
201300012579;0;33;0;0;2;3;1;A01
201300012580;0;30;0;0;2;1;1;A01
201300012580;0;7;0;0;2;2;15;B02
201300012581;0;33;0;0;2;1;1;A01
201300012581;0;7;0;0;2;1;1;B02
201300012582;0;7;0;0;2;1;5;A01
201300012582;0;7;0;0;2;1;1;B02
201300012583;0;7;0;2;0;3;1;A01
201300012584;0;7;0;0;2;3;1;B02
201300012584;2;7;0;0;2;3;5;A01
201300012585;0;7;0;13;0;1;1;A01
201300012586;0;33;0;2;0;1;14;A01
201300012587;0;7;0;0;2;1;1;A01
201300012587;0;32;0;0;2;3;23;B02
201300012588;0;7;0;0;2;1;15;A01
201300012588;0;33;0;0;2;8;1;B02
201300012589;0;7;0;6;0;1;2;A01
201300012590;0;33;0;3;0;1;2;A01
201300012591;0;7;0;0;2;1;1;B02
201300012591;0;7;0;4;2;5;1;C03
201300012591;0;14;0;3;2;8;1;A01
201300012592;0;14;0;2;0;1;14;A01
201300012593;0;17;0;6;0;1;14;A01
201300012594;0;7;0;3;0;2;14;A01
201300012595;0;21;0;0;2;7;15;A01
201300012595;0;33;0;0;2;1;1;B02
201300012595;0;33;0;16;0;9;1;C03
201300012596;0;7;0;0;0;6;1;A01
201300012596;0;7;0;0;2;2;2;B02
201300012597;0;37;17;0;2;3;1;B02
201300012597;0;7;0;0;2;3;13;A01
201300012598;0;7;0;2;0;8;21;A01
201300012599;0;2;0;7;0;1;14;A01
201300012600;0;17;0;0;2;1;21;B02
201300012600;0;7;0;0;2;1;13;A01
201300012601;0;38;0;14;0;3;2;A02
201300012601;0;7;0;14;0;4;23;B01
201300012602;0;31;0;0;0;2;15;A01
201300012603;0;7;0;14;0;2;1;A01
201300012604;0;33;0;12;0;1;1;A01
201300012605;0;31;0;6;0;1;0;A01
201300012606;0;7;0;4;0;3;1;A01
201300012607;0;7;0;0;2;6;2;C03
201300012607;0;7;0;0;2;4;2;B02
201300012607;0;7;0;0;2;1;2;A01
201300012608;0;17;0;0;2;3;1;A01
201300012608;0;7;0;0;2;8;15;B02
201300012609;0;33;0;0;2;1;2;B02
201300012609;0;7;0;0;0;6;2;A01
201300012610;0;7;0;0;0;1;17;B02
201300012610;0;2;0;0;0;8;10;A01
201300012611;0;33;0;0;2;1;1;A01
201300012612;0;7;0;0;2;6;5;B02
201300012612;0;7;0;0;2;3;13;A01
201300012612;0;14;0;0;2;3;1;C03
201300012613;0;7;0;0;2;5;12;A01
201300012613;0;31;0;0;2;3;1;B02
201300012614;0;39;67;0;4;2;1;B02
201300012614;0;38;17;0;4;5;13;A01
201300012615;0;7;0;0;2;3;1;A01
201300012615;0;7;0;0;2;3;1;B02
201300012616;0;7;0;10;0;9;17;A01
201300012617;0;2;0;0;2;1;5;B02
201300012617;0;7;0;0;2;1;1;A01
201300012618;0;7;0;13;0;1;13;A01
201300012619;0;7;0;0;2;1;1;B02
201300012619;0;7;0;0;2;1;1;C03
201300012619;0;7;0;0;2;1;13;A01
201300012620;0;7;0;0;2;3;1;B02
201300012620;0;33;0;0;2;2;1;A01
201300012621;0;7;0;0;1;3;1;A01
201300012622;0;7;0;6;0;1;1;A01
201300012623;0;7;0;2;0;3;1;A01
201300012624;0;7;0;0;2;3;1;B02
201300012624;0;7;0;0;2;3;1;A01
201300012625;0;7;0;0;2;5;15;A01
201300012625;0;1;0;0;2;1;1;B02
201300012626;0;33;0;0;0;8;15;A01
201300012627;0;33;0;13;0;0;1;A01
201300012628;0;7;0;0;9;8;13;A01
201300012628;0;1;0;0;2;1;1;B02
201300012629;0;33;0;0;1;3;1;A01
201300012630;0;7;0;0;2;3;15;B02
201300012630;0;33;0;0;2;1;1;A01
201300012631;0;33;0;0;2;7;1;B02
201300012631;0;33;0;0;2;8;15;A01
201300012631;0;33;0;0;2;1;1;C03
201300012632;0;7;0;0;2;3;1;A01
201300012633;0;7;0;0;9;2;2;A01
201300012633;0;1;0;0;2;4;2;B02
201300012634;0;33;0;0;2;1;1;B02
201300012634;0;7;0;0;2;5;15;A01
201300012635;0;33;0;0;2;1;17;A01
201300012635;0;7;0;0;2;3;15;B02
201300012636;0;7;0;1;1;1;20;A01
201300012637;0;7;0;13;0;1;1;A01
201300012638;0;7;0;11;0;2;0;A01
201300012639;0;10;0;0;0;8;1;C03
201300012639;0;7;0;4;0;1;1;A01
201300012639;0;7;0;4;0;1;1;D04
201300012639;0;7;0;4;0;1;1;B02
201300012640;0;17;0;0;2;1;2;A01
201300012640;0;17;0;0;0;4;2;C03
201300012641;0;7;0;0;2;1;2;A01
201300012641;0;17;0;0;2;0;2;B02
201300012642;0;7;0;0;2;3;21;A01
201300012642;0;17;0;0;2;3;1;B02
201300012643;0;7;0;0;2;3;2;A01
201300012643;0;16;0;0;2;5;2;B02
201300012644;0;7;0;0;1;1;1;A01
201300012645;0;7;0;0;2;3;1;C03
201300012645;0;7;0;0;2;3;1;B02
201300012645;0;14;0;0;2;3;1;D04
201300012645;0;7;0;0;2;0;5;A01
201300012646;0;7;0;0;0;3;0;A01
201300012646;0;33;0;0;0;2;0;B02
201300012647;0;7;0;0;2;1;5;A01
201300012647;0;7;0;0;2;1;1;B02
201300012648;0;7;0;0;0;1;0;B02
201300012648;0;7;0;0;0;7;0;A01
201300012649;0;7;0;0;2;2;17;A01
201300012649;0;7;0;0;0;6;1;B02
201300012650;0;33;0;0;6;1;1;A01
201300012651;0;7;0;11;2;3;18;A01
201300012651;0;7;0;0;2;2;1;B02
201300012652;0;7;0;4;5;3;1;A01
201300012653;0;33;0;3;0;3;13;A01
201300012654;0;7;0;13;0;2;14;A01
201300012655;0;7;0;0;2;3;5;A01
201300012655;0;7;0;0;2;3;1;B02
201300012656;0;7;0;5;0;3;1;A01
201300012657;0;17;0;0;0;6;2;A01
201300012657;0;10;0;0;2;2;1;B02
201300012658;0;7;0;3;0;1;14;A01
201300012659;0;7;0;3;0;3;17;A01
201300012660;0;10;0;4;0;3;1;A01
201300012661;0;7;0;0;2;3;1;B02
201300012661;0;7;0;0;2;2;17;A01
201300012662;0;17;0;3;0;8;13;A01
201300012663;0;7;0;13;0;1;14;A01
201300012664;0;7;0;0;0;2;12;A01
201300012664;0;33;0;0;0;8;1;B02
201300012665;0;14;0;1;0;1;2;F06
201300012665;0;7;0;0;0;4;23;H08
201300012665;0;7;0;0;0;7;23;G07
201300012665;0;7;0;0;0;6;24;D04
201300012665;0;7;0;0;0;5;20;C03
201300012665;0;7;0;0;0;5;20;I09
201300012665;0;7;0;0;0;6;23;E05
201300012665;0;7;0;0;0;4;23;A01
201300012665;0;7;0;0;0;4;20;B02
201300012666;0;7;0;13;0;1;14;A01
201300012667;0;7;0;0;2;3;5;A01
201300012667;0;7;0;0;2;3;17;B02
201300012668;0;7;0;13;0;2;1;A01
201300012669;0;7;0;0;2;3;1;B02
201300012669;0;7;0;0;2;3;13;A01
201300012670;0;7;0;0;9;1;1;B02
201300012670;0;33;0;0;2;7;13;A01
201300012671;0;7;0;0;0;0;2;A01
201300012672;0;7;0;0;2;1;1;B02
201300012672;0;7;0;0;2;3;10;A01
201300012673;0;7;0;2;0;9;17;A01
201300012674;0;14;0;0;1;1;1;A01
201300012674;1;99;0;0;1;1;1;B02
201300012675;0;7;0;6;0;1;13;A01
201300012676;0;7;0;0;2;1;1;A01
201300012676;0;30;0;0;2;7;1;B02
201300012677;0;7;0;14;0;2;1;B02
201300012677;0;7;0;14;0;4;21;E05
201300012677;0;7;0;14;0;4;21;C03
201300012677;0;7;0;3;0;2;17;A01
201300012677;0;7;0;14;0;1;21;D04
201300012677;0;7;0;0;0;1;0;F06
201300012678;0;33;0;0;0;1;1;A01
201300012679;0;7;0;6;0;2;1;A01
201300012680;0;7;0;0;2;1;1;A01
201300012680;0;7;0;0;2;6;1;C03
201300012680;0;7;0;0;2;4;13;B02
201300012681;0;14;0;5;0;1;1;A01
201300012682;0;7;0;3;0;9;17;A01
201300012683;0;7;0;0;2;1;2;A01
201300012683;0;17;0;0;0;4;2;B02
201300012684;0;7;0;0;2;1;17;A01
201300012684;0;7;0;0;0;8;15;B02
201300012685;0;7;0;0;0;9;17;A01
201300012686;0;7;0;0;0;3;1;B02
201300012686;0;7;0;0;0;3;1;A01
201300012687;0;7;0;0;0;4;15;B02
201300012688;0;10;0;0;2;1;1;B02
201300012688;0;30;0;0;2;1;5;A01
201300012689;0;10;0;0;0;3;1;A01
201300012690;0;7;0;2;0;2;1;A01
201300012691;0;33;0;0;2;3;17;A01
201300012691;0;7;0;0;2;3;1;B02
201300012692;0;31;0;0;2;1;1;A01
201300012692;0;7;0;0;2;3;19;B02
201300012693;0;10;0;0;2;7;6;A01
201300012693;0;10;0;0;2;1;1;B02
201300012694;0;7;0;0;2;7;19;A01
201300012694;0;7;0;0;2;1;1;B02
201300012695;0;7;0;0;1;2;1;A01
201300012696;0;7;0;0;1;3;1;A01
201300012697;0;33;0;0;2;1;1;B02
201300012697;0;7;0;0;2;8;19;A01
201300012698;0;33;0;0;2;3;1;A01
201300012698;0;33;0;0;;3;1;B02
201300012699;0;33;0;0;2;1;13;A01
201300012699;0;33;0;0;2;1;1;B02
201300012700;0;10;0;0;2;7;10;A01
201300012700;0;33;0;0;2;8;1;B02
201300012701;0;14;0;0;2;4;2;A01
201300012701;0;7;0;0;2;1;2;C03
201300012702;0;10;0;4;0;1;1;A01
201300012703;0;7;0;0;2;1;1;A01
201300012703;0;17;0;0;0;4;1;B02
201300012704;0;7;0;3;0;1;1;A01
201300012705;0;7;0;0;0;6;1;B02
201300012705;0;33;0;0;2;1;1;A01
201300012706;0;7;0;4;2;3;5;A01
201300012706;0;10;0;0;2;3;1;B02
201300012707;0;7;0;0;2;2;1;A01
201300012707;0;14;0;0;2;6;1;B02
201300012707;0;10;0;0;2;6;1;C03
201300012707;0;7;0;0;2;1;1;D04
201300012707;0;7;0;0;2;5;1;E05
201300012707;0;10;0;0;2;6;1;F06
201300012707;0;14;0;0;2;5;1;G07
201300012708;0;14;0;0;2;8;9;A01
201300012708;0;17;0;0;2;7;1;C03
201300012709;0;10;0;0;0;6;1;A01
201300012709;0;10;0;0;2;2;1;B02
201300012710;0;1;0;0;2;4;1;B02
201300012710;0;7;0;0;9;1;1;A01
201300012711;0;7;0;0;2;1;2;A01
201300012711;0;10;0;0;2;5;1;B02
201300012711;0;7;0;0;0;4;0;C03
201300012712;0;7;0;13;0;1;16;A01
201300012713;0;7;0;5;2;3;1;A01
201300012713;0;7;0;0;2;3;1;B02
201300012714;0;17;0;13;0;8;14;A01
201300012715;0;7;0;5;0;9;21;A01
201300012716;0;10;0;0;2;1;2;A01
201300012716;0;17;0;0;0;0;2;B02
201300012717;0;7;0;3;0;4;2;A01
201300012717;0;14;0;0;2;1;2;B02
201300012717;0;10;0;14;0;1;2;C03
201300012718;0;31;0;0;0;8;1;A01
201300012719;0;10;0;5;0;1;1;A01
201300012720;0;10;0;0;2;2;17;A01
201300012720;0;17;0;0;0;6;1;B02
201300012721;0;7;0;4;0;2;21;A01
201300012722;0;14;0;0;0;8;9;A01
201300012723;0;17;0;0;0;4;20;A01
201300012723;0;10;0;0;2;1;1;B02
201300012724;0;14;0;3;0;7;1;A01
201300012724;0;7;0;0;2;3;1;B02
201300012725;0;17;0;14;0;1;1;A01
201300012725;0;17;0;14;0;4;23;B02
201300012725;0;7;0;14;0;4;23;C03
201300012725;0;7;0;14;0;6;23;D04
201300012725;0;7;0;14;0;4;23;E05
201300012725;0;7;0;0;0;5;23;F06
201300012726;0;7;0;1;;1;1;A01
201300012726;0;17;0;0;0;6;23;B03
201300012727;0;15;0;0;2;1;2;A01
201300012727;0;15;0;0;2;4;2;B02
201300012728;0;7;0;0;2;1;2;A01
201300012728;0;7;0;0;2;4;2;B02
201300012729;0;17;0;1;0;2;2;B02
201300012729;0;15;0;0;2;6;3;D04
201300012730;0;33;0;13;0;1;1;A01
201300012731;0;7;0;2;2;8;1;A01
201300012731;0;7;0;0;2;2;19;B02
201300012732;0;33;0;0;0;0;1;A01
201300012733;0;10;0;0;0;7;1;B02
201300012733;0;10;0;0;2;1;1;A01
201300012734;0;7;0;0;2;1;1;A01
201300012734;0;33;0;0;2;1;13;B02
201300012735;0;7;0;13;0;2;1;A01
201300012736;0;7;0;2;0;1;1;A01
201300012737;0;2;0;0;2;1;17;A01
201300012737;0;7;0;0;2;8;1;B01
201300012738;0;7;0;0;1;2;1;A01
201300012739;0;7;0;1;2;1;1;A01
201300012739;0;7;0;0;2;1;1;B01
201300012740;0;7;0;0;1;1;15;A01
201300012741;0;7;0;0;0;4;2;D01
201300012741;0;7;0;0;0;1;2;A01
201300012741;0;7;0;0;0;4;2;B01
201300012741;0;7;0;0;0;4;2;C01
201300012742;0;30;0;0;0;8;1;B01
201300012742;0;7;0;0;2;1;15;A01
201300012743;0;7;0;0;1;2;15;A01
201300012744;0;7;0;0;1;8;0;A01
201300012745;0;7;0;0;1;1;1;A01
201300012746;0;7;0;0;0;3;15;B01
201300012746;0;2;0;0;2;1;17;A01
201300012747;0;7;0;0;0;1;1;A01
201300012747;0;10;0;0;0;1;15;B01
201300012748;0;7;0;0;2;3;1;B01
201300012748;0;7;0;0;2;6;15;A01
201300012749;0;7;0;0;0;4;2;B01
201300012749;0;7;0;0;0;4;2;C01
201300012749;0;13;0;0;0;1;2;A01
201300012750;0;7;0;0;1;7;1;A01
201300012751;0;7;0;0;0;9;17;A01
201300012752;0;7;0;0;0;4;23;B01
201300012752;0;7;0;0;2;1;1;A01
201300012753;0;7;0;0;2;3;15;B01
201300012753;0;2;0;0;2;1;17;A01
201300012754;0;7;0;0;0;7;18;A01
201300012754;0;10;0;4;0;3;1;B01
201300012755;0;7;0;0;1;2;16;A01
201300012756;0;7;0;0;1;2;1;A01
201300012757;0;7;0;0;2;7;1;B01
201300012757;0;7;0;0;0;3;9;A01
201300012758;0;7;0;0;1;3;1;A01
201300012759;0;7;0;0;1;4;4;A01
201300012760;0;7;0;0;1;2;1;A01
201300012761;0;10;0;0;2;1;1;A01
201300012761;0;7;0;0;0;4;1;B01
201300012762;0;7;0;11;0;9;1;A01
201300012763;0;7;0;0;0;6;15;B01
201300012763;0;32;0;0;2;1;1;A01
201300012764;0;1;0;0;1;1;1;A01
201300012765;0;38;1;1;1;5;1;A01
201300012766;1;7;0;0;2;3;1;A01
201300012766;0;33;0;0;2;7;1;B01
201300012767;0;7;0;0;0;8;1;C01
201300012767;0;7;0;0;2;8;1;B01
201300012767;0;7;0;0;2;1;1;A01
201300012768;0;7;0;0;2;5;15;A01
201300012768;0;2;0;0;2;1;1;B01
201300012769;0;1;0;0;0;6;1;B01
201300012769;0;7;0;0;2;3;1;A01
201300012770;0;7;0;0;1;3;1;A01
201300012771;0;30;0;0;0;4;15;B01
201300012771;0;7;0;0;2;1;2;A01
201300012772;0;31;0;0;2;1;1;B01
201300012772;0;7;0;0;2;3;15;A01
201300012773;0;7;0;0;1;1;1;A01
201300012774;0;7;0;0;2;1;13;A01
201300012774;0;7;0;0;0;1;1;B01
201300012775;0;7;0;0;2;1;1;A01
201300012775;0;1;0;0;0;4;1;B01
201300012776;0;7;0;0;0;8;15;B01
201300012776;0;7;0;0;2;1;17;A01
201300012777;0;7;0;0;1;1;19;A01
201300012778;0;7;0;14;1;7;1;A01
201300012779;0;30;0;0;2;1;1;B01
201300012779;0;7;0;0;2;3;9;A01
201300012780;0;7;0;0;2;2;19;A01
201300012780;0;30;0;0;2;1;1;B01
201300012781;0;7;0;0;0;2;15;A01
201300012781;0;32;0;0;2;1;1;B01
201300012782;0;7;0;0;1;2;1;A01
201300012783;0;7;0;0;2;1;1;A01
201300012783;0;7;0;0;0;4;23;B01
201300012783;0;7;0;0;0;4;23;C01
201300012784;0;7;0;0;2;2;1;A01
201300012784;0;7;0;0;2;1;1;B01
201300012785;0;7;0;0;2;2;16;A01
201300012785;0;1;0;0;2;1;1;B01
201300012786;0;7;0;0;2;2;9;A01
201300012786;0;1;0;0;2;1;1;B01
201300012787;0;33;0;1;0;0;1;A01
201300012788;0;7;0;0;1;1;15;A01
201300012789;2;7;0;0;1;2;16;A01
201300012790;0;30;0;0;2;3;15;B01
201300012790;0;7;0;0;0;5;17;A01
201300012791;0;1;0;0;2;1;1;A01
201300012791;0;7;0;0;2;5;1;B01
201300012792;0;7;0;0;1;3;0;A01
201300012793;0;7;0;0;2;4;2;B01
201300012793;0;7;0;0;2;1;2;A01
201300012794;0;7;0;8;0;1;1;A01
201300012795;0;2;0;0;0;0;21;A01
201300012796;0;7;0;0;1;1;1;A01
201300012797;0;10;0;0;1;1;1;A01
201300012798;0;7;0;0;2;3;15;A01
201300012798;0;2;0;0;2;3;1;B01
201300012799;0;7;0;0;1;1;1;A01
201300012800;0;1;0;0;2;6;1;B01
201300012800;0;7;0;0;2;2;1;A01
201300012801;0;2;0;0;1;1;1;A01
201300012802;0;33;0;0;0;1;1;B01
201300012802;0;7;0;0;2;5;15;A01
201300012803;0;7;0;0;0;1;15;A01
201300012803;0;7;0;0;0;1;1;B01
201300012804;0;7;0;0;1;1;1;A01
201300012805;0;7;0;0;1;8;15;A01
201300012806;0;1;0;0;2;4;1;B01
201300012806;0;7;0;0;2;1;2;A01
201300012807;0;7;0;0;2;3;1;B02
201300012807;0;7;0;0;2;2;13;A01
201300012808;0;7;0;0;2;8;1;B02
201300012808;0;33;0;0;2;2;16;A01
201300012809;0;7;0;0;2;3;23;C03
201300012809;0;7;0;0;2;1;15;A01
201300012809;0;7;0;0;2;3;1;B02
201300012810;0;33;0;0;0;6;2;B02
201300012810;0;7;0;0;0;2;2;A01
201300012811;0;38;0;6;0;3;13;A01
201300012812;0;7;0;0;2;3;13;A01
201300012812;0;7;0;0;2;3;1;B02
201300012812;0;7;0;0;2;2;1;C03
201300012813;0;7;0;0;2;1;1;A01
201300012813;0;7;0;0;2;4;15;B02
201300012813;0;7;0;0;2;3;1;C03
201300012814;0;7;0;0;2;4;2;B02
201300012814;0;7;0;0;2;1;2;C03
201300012814;0;7;0;0;0;4;23;A01
201300012815;0;34;0;0;2;1;1;A01
201300012815;0;10;0;0;2;7;15;B02
201300012816;0;7;0;0;0;1;2;B02
201300012816;0;7;0;0;0;4;2;A01
201300012817;0;33;0;0;2;1;2;B02
201300012817;0;7;0;0;0;5;16;A01
201300012818;0;7;0;0;1;7;1;A01
201300012819;0;7;0;0;2;3;1;A01
201300012819;0;7;0;0;2;7;1;B02
201300012820;0;7;0;0;2;5;2;C03
201300012820;0;30;0;0;2;1;2;B02
201300012820;0;7;0;0;2;1;2;A01
201300012821;0;30;0;0;2;3;9;A01
201300012821;0;10;0;0;2;2;1;B02
201300012822;0;7;0;0;1;1;15;A01
201300012823;0;7;0;2;0;2;0;A01
201300012824;0;31;0;0;2;8;1;B02
201300012824;0;7;0;0;2;3;15;A01
201300012825;0;36;0;1;0;2;2;A01
201300012826;0;7;0;0;2;1;13;A01
201300012826;0;7;0;0;2;1;1;B02
201300012827;0;10;0;0;2;7;24;B02
201300012827;0;10;0;1;0;6;4;A01
201300012828;0;10;0;13;2;2;21;B02
201300012828;0;7;0;0;2;3;1;A01
201300012829;0;10;0;0;2;8;1;B02
201300012829;0;30;0;0;2;8;1;A01
201300012830;0;1;0;13;0;2;1;A01
201300012831;0;31;0;0;2;6;15;A01
201300012831;0;33;0;0;2;1;17;B02
201300012832;0;7;0;0;2;2;1;B02
201300012832;0;33;0;0;2;2;13;A01
201300012833;0;7;0;0;2;6;2;A01
201300012833;0;2;0;0;2;1;2;B02
201300012834;0;34;0;0;2;1;1;C03
201300012834;0;7;0;0;2;1;15;A01
201300012834;0;7;0;0;2;3;1;B02
201300012835;0;33;0;0;6;1;0;A01
201300012836;0;7;0;0;2;3;5;A01
201300012836;0;7;0;0;2;3;5;B02
201300012837;0;7;0;0;1;2;2;A01
201300012838;0;7;0;0;2;3;1;A01
201300012838;0;7;0;0;2;2;1;C03
201300012838;0;15;0;0;0;6;1;B02
201300012839;0;7;0;0;2;1;21;A01
201300012840;0;7;0;3;2;2;11;A01
201300012841;0;7;0;3;0;3;1;A01
201300012842;0;34;0;3;0;0;0;A01
201300012843;0;33;0;0;0;1;1;A01
201300012844;0;7;0;0;2;1;1;A01
201300012844;0;7;0;14;0;1;21;C03
201300012844;0;7;0;14;0;1;21;D04
201300012844;0;7;0;0;2;1;5;B02
201300012845;0;7;0;3;0;2;14;A01
201300012846;0;7;0;1;0;4;2;C03
201300012846;0;7;0;0;2;1;2;D04
201300012846;0;7;0;3;2;1;2;B02
201300012846;0;7;0;0;0;1;2;A01
201300012847;0;7;0;3;0;3;13;A01
201300012848;0;15;0;1;1;1;1;A01
201300012849;0;7;0;13;2;1;1;A01
201300012849;0;7;0;0;0;5;1;B02
201300012850;0;7;0;0;2;3;21;A01
201300012850;0;7;0;0;2;2;19;B02
201300012851;0;7;0;0;1;2;17;B02
201300012852;0;7;0;13;0;1;13;A01
201300012853;0;7;0;7;2;7;13;A01
201300012853;0;7;0;0;2;2;21;B02
201300012854;0;7;0;0;2;1;2;A01
201300012854;0;14;0;0;0;4;2;B02
201300012855;0;31;0;0;2;1;1;B02
201300012855;0;7;0;0;2;3;16;A01
201300012856;0;7;0;0;2;3;13;A01
201300012856;0;7;0;0;2;3;1;B02
201300012857;0;33;0;0;0;9;13;A01
201300012858;0;17;0;0;0;0;1;B02
201300012858;0;31;0;0;2;1;13;A01
201300012859;0;7;0;0;2;3;17;A01
201300012859;0;15;0;0;2;3;1;B02
201300012860;0;7;0;0;1;1;21;A01
201300012861;0;7;0;2;0;8;13;A01
201300012862;0;14;0;0;2;4;1;B02
201300012862;0;10;0;0;2;1;14;A01
201300012863;0;7;0;0;2;8;13;A01
201300012863;0;7;0;0;2;7;17;B02
201300012864;0;7;0;0;2;7;1;A01
201300012864;0;7;0;0;2;1;1;B02
201300012865;0;7;0;0;2;4;2;B02
201300012865;0;37;0;0;2;1;13;A01
201300012865;0;7;0;0;2;1;5;C03
201300012866;0;33;0;1;0;2;24;A01
201300012867;0;38;0;0;2;2;2;A01
201300012867;0;7;0;0;0;6;1;B02
201300012868;0;30;0;0;2;7;19;A01
201300012868;0;7;0;12;2;3;1;B02
201300012869;0;7;0;0;2;8;1;A01
201300012869;0;7;0;0;2;8;1;B02
201300012870;0;10;0;0;2;3;0;B02
201300012870;0;7;0;0;2;7;1;A01
201300012871;0;7;0;0;2;3;5;A01
201300012871;0;7;0;0;2;3;18;B02
201300012872;0;7;0;3;0;1;14;A01
201300012873;0;7;0;0;0;2;13;A01
201300012874;0;7;0;4;0;1;13;A01
201300012875;0;7;0;3;0;9;1;A01
201300012876;0;7;0;3;0;1;1;A01
201300012876;0;7;0;0;2;1;2;B02
201300012876;0;7;0;14;0;8;1;C03
201300012877;0;7;0;3;2;2;17;A01
201300012877;0;17;0;0;2;6;1;B02
201300012878;0;7;0;6;0;3;14;A01
201300012879;0;7;0;0;2;2;17;A01
201300012879;0;17;0;0;0;0;2;B02
201300012880;0;7;0;6;0;2;1;A01
201300012881;0;7;0;2;0;3;1;A01
201300012882;0;7;0;13;0;1;1;A01
201300012883;0;14;0;0;2;3;2;B02
201300012883;0;7;0;0;2;3;2;A01
201300012884;0;7;0;0;2;1;15;A01
201300012884;0;10;0;0;2;1;1;B02
201300012884;0;7;0;0;2;1;23;C03
201300012885;0;7;0;0;1;1;13;A01
201300012886;0;15;0;0;2;3;2;A01
201300012886;0;7;0;0;2;6;15;B02
201300012886;0;15;0;0;2;8;1;C03
201300012886;0;7;0;0;2;3;1;D04
201300012887;0;7;0;0;2;8;16;A01
201300012887;0;33;0;0;2;3;1;B02
201300012888;0;33;0;11;0;1;1;A01
201300012889;0;38;43;3;0;2;1;A01
201300012890;0;7;0;14;0;1;1;A01
201300012891;0;7;0;4;0;3;1;A01
201300012892;0;17;0;3;0;3;13;A01
201300012893;0;7;0;13;0;1;14;A01
201300012894;0;7;0;3;0;9;1;A01
201300012895;0;31;0;0;0;1;1;B02
201300012895;0;7;0;0;0;3;10;A01
201300012896;0;7;0;13;0;3;13;A01
201300012897;0;7;0;0;2;2;2;A01
201300012897;0;7;0;0;2;3;23;B02
201300012898;0;10;0;0;2;2;1;A01
201300012898;0;7;0;0;2;4;15;B02
201300012899;0;33;0;0;2;1;1;B02
201300012899;0;7;0;0;2;5;15;A01
201300012900;0;7;0;0;0;1;1;A01
201300012901;0;7;0;0;0;0;1;A01
201300012902;0;15;0;;0;4;0;B02
201300012903;0;7;0;0;2;2;15;A01
201300012903;0;33;0;0;2;1;1;B02
201300012904;0;2;0;0;2;7;1;A01
201300012904;0;10;0;0;2;3;1;B02
201300012905;0;33;0;0;0;8;0;A01
201300012906;0;7;0;0;1;3;1;A01
201300012907;0;7;0;0;2;1;1;B01
201300012907;0;3;0;0;2;3;19;A01
201300012908;0;7;0;13;0;1;0;A01
201300012909;0;7;0;0;2;1;1;A01
201300012909;0;7;0;0;2;4;1;B01
201300012910;0;33;0;0;2;1;13;A01
201300012910;0;7;0;0;2;4;17;B01
201300012911;0;33;0;0;2;1;1;B01
201300012911;0;7;0;0;2;8;15;A01
201300012912;0;30;0;0;1;7;1;A01
201300012913;0;7;0;0;2;1;1;A01
201300012913;0;7;0;0;2;1;1;B01
201300012914;0;33;0;0;2;8;17;B01
201300012914;0;7;0;0;2;8;15;A01
201300012915;0;33;0;0;2;1;13;A01