num_acc;senc;catv;occutc;obs;obsm;choc;manv;num_veh
201300012915;0;7;0;0;2;2;1;B01
201300012916;0;7;0;0;2;1;1;A01
201300012916;0;7;0;0;1;1;1;B01
201300012917;0;7;0;0;2;7;1;B01
201300012917;0;14;0;0;2;0;1;A01
201300012918;0;7;0;5;0;1;14;A01
201300012919;0;7;0;0;2;8;13;B01
201300012919;0;7;0;0;2;7;0;A01
201300012920;0;1;0;0;2;4;2;B01
201300012920;0;10;0;0;2;4;2;A01
201300012921;0;7;0;0;1;8;1;A01
201300012922;0;10;0;1;1;6;1;A01
201300012923;0;33;0;0;9;0;1;A01
201300012924;0;7;0;0;1;8;1;A01
201300012925;0;33;0;0;2;1;1;B01
201300012925;0;7;0;0;2;6;10;A01
201300012926;0;7;0;0;2;3;0;B01
201300012926;0;2;0;0;2;7;19;A01
201300012927;0;7;0;0;2;3;1;B01
201300012927;0;7;0;3;2;1;13;A01
201300012928;0;7;0;0;0;0;1;A01
201300012929;0;30;0;0;2;7;1;B01
201300012929;0;7;0;0;2;3;15;A01
201300012930;1;7;0;0;1;0;1;A01
201300012931;0;7;0;0;2;1;1;A01
201300012931;0;30;0;0;2;4;1;B01
201300012932;0;7;0;0;0;0;1;A01
201300012933;0;7;0;0;2;4;1;B01
201300012933;0;7;0;0;2;1;1;A01
201300012934;0;7;0;0;1;1;1;A01
201300012935;0;7;0;0;2;1;13;A01
201300012935;0;7;0;0;2;1;1;C01
201300012935;0;7;0;0;2;7;1;B01
201300012936;0;2;0;0;2;1;0;A01
201300012936;0;7;0;0;2;1;1;B01
201300012937;0;7;0;0;0;0;0;A01
201300012938;0;7;0;0;0;0;0;A01
201300012939;0;7;0;0;0;0;1;A01
201300012940;0;7;0;3;0;0;0;A01
201300012941;0;7;0;0;0;0;1;A01
201300012942;0;7;0;0;1;1;0;A01
201300012943;0;7;0;0;1;0;1;A01
201300012944;0;7;0;0;1;0;4;A01
201300012945;0;7;0;16;0;0;1;A01
201300012946;0;7;0;0;1;0;1;A01
201300012947;0;7;0;0;2;1;1;A01
201300012947;1;7;0;0;2;1;1;Z01
201300012947;0;7;0;0;2;4;1;B01
201300012948;0;7;0;0;1;0;1;A01
201300012949;0;30;0;0;2;1;1;B01
201300012949;0;7;0;0;2;8;1;A01
201300012950;0;7;0;0;9;7;15;A01
201300012950;0;33;0;0;2;1;1;B01
201300012951;0;33;0;0;0;0;1;A01
201300012952;0;7;0;0;1;0;1;A01
201300012953;0;7;0;0;0;0;15;A01
201300012954;0;7;0;0;0;4;1;B01
201300012954;0;7;0;0;2;2;1;A01
201300012955;0;7;0;0;2;7;0;A01
201300012955;0;7;0;0;2;0;1;B01
201300012956;0;7;0;0;1;0;0;A01
201300012957;0;7;0;0;1;0;0;A01
201300012958;0;7;0;0;2;0;1;A01
201300012958;0;30;0;0;2;7;1;B01
201300012959;0;7;0;0;2;4;1;B01
201300012959;0;7;0;0;2;1;0;A01
201300012960;0;7;0;0;2;1;1;B01
201300012960;0;7;0;0;2;4;15;A01
201300012960;0;7;0;0;2;1;1;C01
201300012961;0;1;0;0;1;7;1;A01
201300012962;0;7;0;0;2;1;1;A01
201300012962;0;7;0;0;2;4;1;B01
201300012963;1;99;0;0;1;0;0;Z01
201300012964;0;30;0;0;2;8;1;B01
201300012964;0;7;0;0;2;1;10;A01
201300012965;0;7;0;3;0;1;1;A01
201300012966;0;7;0;0;2;1;1;A01
201300012966;0;7;0;0;2;4;1;B01
201300012967;0;7;0;0;1;7;1;A01
201300012968;0;7;0;0;2;4;1;B01
201300012968;0;32;0;0;2;1;1;A01
201300012969;0;7;0;0;2;0;1;B01
201300012969;0;30;0;0;2;1;1;A01
201300012970;0;7;0;0;2;1;1;A01
201300012970;0;7;0;0;2;4;1;B01
201300012971;0;1;0;0;1;7;1;A01
201300012972;0;7;0;0;2;4;1;B01
201300012972;0;7;0;0;0;1;1;C01
201300012972;0;7;0;0;2;1;1;A01
201300012973;0;7;0;0;2;1;0;A01
201300012973;0;33;0;0;2;4;1;B01
201300012974;0;7;0;0;0;1;1;B01
201300012974;0;7;0;0;2;4;0;A01
201300012975;0;7;0;0;2;1;0;A01
201300012975;0;7;0;0;2;7;1;B01
201300012976;0;33;0;0;0;0;0;A01
201300012977;0;33;0;0;0;0;1;B01
201300012977;0;13;0;2;0;1;1;A01
201300012978;0;7;0;0;2;0;1;B01
201300012978;0;13;0;0;2;7;0;A01
201300012979;0;2;0;0;2;0;0;A01
201300012979;0;7;0;0;2;7;1;B01
201300012980;0;7;0;0;2;1;1;A01
201300012980;0;7;0;0;2;4;0;C01
201300012980;0;7;0;0;2;4;1;B01
201300012981;0;7;0;13;0;0;0;A01
201300012982;0;7;0;0;1;0;1;A01
201300012983;0;33;0;16;0;8;0;A01
201300012984;0;7;0;13;0;0;0;A01
201300012985;0;1;0;8;0;1;0;A01
201300012986;0;7;0;0;1;1;1;A01
201300012987;0;7;0;0;2;0;1;B01
201300012987;0;7;0;0;2;1;1;A01
201300012988;0;7;0;6;0;0;0;A01
201300012989;0;7;0;0;1;1;1;A01
201300012990;0;7;0;0;2;0;0;A01
201300012990;0;7;0;0;2;0;0;B01
201300012991;0;30;0;0;0;0;0;A01
201300012992;0;7;0;0;2;0;0;B01
201300012992;0;7;0;0;2;1;0;A01
201300012993;0;7;0;0;2;4;1;A01
201300012993;0;7;0;0;2;4;1;B01
201300012994;0;7;0;0;2;1;1;A01
201300012994;0;1;0;0;2;4;1;B01
201300012995;0;30;0;0;0;0;0;A01
201300012996;0;7;0;6;0;1;0;A01
201300012997;0;7;0;0;1;0;0;A01
201300012998;0;7;0;0;0;0;1;A01
201300012999;1;7;0;0;2;0;0;A01
201300012999;0;1;0;0;2;0;0;B01
201300013000;0;7;0;0;2;4;0;B01
201300013000;0;7;0;0;2;1;0;A01
201300013001;0;7;0;0;1;0;0;A01
201300013002;0;7;0;9;0;1;1;A01
201300013003;0;33;0;0;2;0;0;B01
201300013003;0;7;0;0;2;0;0;A01
201300013004;0;7;0;0;2;0;1;B01
201300013004;0;7;0;0;2;4;1;C01
201300013004;0;7;0;0;2;1;0;A01
201300013005;0;2;0;0;2;1;1;A01
201300013005;0;7;0;0;0;0;0;B01
201300013006;0;30;0;0;2;0;1;A01
201300013006;1;34;0;0;2;0;0;Z01
201300013007;0;33;0;0;2;0;0;B01
201300013007;0;7;0;0;2;7;0;A01
201300013008;1;7;0;0;2;0;0;Z01
201300013008;0;33;0;0;2;4;1;B01
201300013009;0;7;0;0;2;1;13;B01
201300013009;0;10;0;0;2;1;1;A01
201300013010;0;7;0;0;0;0;0;A01
201300013011;0;7;0;0;0;0;0;A01
201300013012;0;7;0;1;0;7;1;A01
201300013012;0;7;0;1;2;0;1;B01
201300013013;0;7;0;0;0;1;0;A01
201300013014;0;7;0;0;0;1;1;A01
201300013015;0;7;0;0;0;0;1;B01
201300013015;0;32;0;1;0;0;0;A01
201300013016;0;7;0;0;2;0;0;B01
201300013016;0;30;0;0;2;0;1;A01
201300013017;0;32;0;0;2;0;1;A01
201300013017;0;7;0;0;2;4;0;B01
201300013018;0;7;0;0;1;0;1;A01
201300013019;0;7;0;0;2;0;1;A01
201300013019;0;7;0;0;0;0;1;B01
201300013020;0;7;0;0;2;0;1;B01
201300013020;0;7;0;0;2;0;1;A01
201300013021;0;7;0;0;0;9;0;A01
201300013022;0;7;0;0;2;0;0;B01
201300013022;0;7;0;0;2;0;1;A01
201300013023;0;7;0;0;0;6;0;B01
201300013023;0;7;0;0;0;4;1;A01
201300013024;0;34;0;0;0;0;0;A01
201300013025;1;34;0;0;1;0;0;A01
201300013026;0;33;0;0;2;1;1;B01
201300013026;0;7;0;0;2;0;1;A01
201300013027;0;7;0;0;2;1;1;B01
201300013027;0;33;0;0;2;1;1;A01
201300013028;0;7;0;0;1;1;1;A01
201300013029;0;33;0;0;0;1;1;A01
201300013030;0;1;0;12;0;0;0;A01
201300013031;0;7;0;0;2;0;0;B01
201300013031;0;10;0;1;0;0;0;A01
201300013032;0;7;0;0;2;1;1;B01
201300013032;0;7;0;0;2;1;1;A01
201300013033;0;7;0;0;2;0;1;B01
201300013033;0;7;0;0;2;0;14;A01
201300013034;0;32;0;0;0;0;1;A01
201300013035;0;7;0;0;2;4;1;B01
201300013035;0;2;0;0;2;1;0;A01
201300013036;0;7;0;0;0;0;0;A01
201300013037;0;33;0;0;0;0;0;A01
201300013038;0;32;0;0;2;0;1;A01
201300013038;0;7;0;0;0;6;0;B01
201300013039;0;7;0;0;1;0;0;A01
201300013040;0;7;0;0;2;8;1;B01
201300013040;0;7;0;0;2;1;1;A01
201300013041;0;7;0;0;2;4;1;B01
201300013041;0;10;0;0;2;1;1;A01
201300013042;0;2;0;0;2;7;0;A01
201300013042;0;7;0;0;0;0;1;B01
201300013043;0;7;0;0;2;7;10;A01
201300013043;0;33;0;0;2;7;17;B01
201300013044;0;7;0;0;2;1;1;B01
201300013044;0;15;0;0;2;4;1;A01
201300013045;0;7;0;0;2;1;0;A01
201300013045;0;7;0;0;2;7;1;B01
201300013046;0;2;0;0;0;0;1;A01
201300013047;0;7;0;0;1;7;15;A01
201300013048;0;7;0;0;2;1;1;A01
201300013048;0;7;0;0;2;4;1;B01
201300013049;0;7;0;0;1;1;1;A01
201300013050;0;7;0;0;2;0;0;B01
201300013050;0;7;0;0;2;7;0;A01
201300013051;0;30;0;0;2;1;1;A01
201300013051;0;7;0;0;2;1;0;B01
201300013052;0;33;0;0;0;0;0;A01
201300013053;0;7;0;0;2;4;0;B01
201300013053;0;7;0;0;2;1;0;A01
201300013054;1;7;0;0;1;0;0;Z01
201300013055;0;7;0;0;2;8;0;B01
201300013055;0;7;0;0;2;1;0;A01
201300013056;0;7;0;0;1;4;4;A01
201300013057;0;7;0;0;2;0;1;B01
201300013057;0;7;0;0;2;0;0;A01
201300013058;0;7;0;0;1;1;1;A01
201300013059;0;13;0;0;2;1;1;B01
201300013059;0;7;0;0;2;1;1;A01
201300013060;0;34;0;0;2;8;0;B01
201300013060;0;7;0;0;2;7;1;A01
201300013061;1;7;0;0;2;7;16;A01
201300013061;0;2;0;0;2;7;1;B01
201300013062;0;7;0;0;2;1;1;A01
201300013062;0;2;0;0;2;1;1;B01
201300013063;0;33;0;0;0;0;1;A01
201300013064;0;7;0;0;2;1;1;A01
201300013064;0;7;0;0;2;4;1;B01
201300013064;0;7;0;0;2;1;1;C01
201300013065;0;34;0;0;2;1;1;B01
201300013065;0;7;0;0;2;7;1;A01
201300013066;0;7;0;0;2;1;10;A01
201300013066;0;33;0;0;2;1;0;B01
201300013067;0;7;0;9;0;1;0;A01
201300013068;0;7;0;0;1;8;1;A01
201300013069;0;7;0;0;1;7;1;A01
201300013070;0;2;0;0;2;3;0;B01
201300013070;0;7;0;0;2;3;15;A01
201300013071;0;2;0;0;2;7;1;B01
201300013071;0;7;0;0;2;3;1;A01
201300013072;0;7;0;0;2;7;19;A01
201300013072;0;33;0;0;2;1;1;B01
201300013073;0;17;0;0;0;4;23;B02
201300013073;0;15;0;0;2;1;2;A01
201300013073;0;7;0;0;9;1;1;C03
201300013074;0;1;0;0;2;3;13;B02
201300013074;0;14;0;11;2;2;1;A01
201300013075;0;10;0;0;2;1;2;B02
201300013075;0;7;0;6;0;4;23;A01
201300013076;0;38;7;0;0;6;15;B02
201300013076;0;33;0;0;2;2;21;A01
201300013077;0;7;0;0;1;1;0;A01
201300013078;0;10;0;0;2;3;2;A01
201300013078;0;10;0;0;2;3;2;B02
201300013079;0;7;0;0;0;0;0;A01
201300013079;0;7;0;5;0;4;0;B02
201300013080;0;10;0;0;0;0;0;C03
201300013080;0;10;0;0;0;4;23;B02
201300013080;0;10;0;1;0;1;1;A01
201300013081;0;7;0;0;0;4;2;A01
201300013081;0;7;0;0;2;1;2;B02
201300013081;0;7;0;14;0;1;2;C03
201300013081;0;7;0;14;0;3;2;D04
201300013082;0;7;0;13;0;2;0;A01
201300013083;0;10;0;16;0;9;14;A01
201300013084;0;7;0;0;2;1;1;A01
201300013084;0;7;0;0;2;8;1;B01
201300013085;0;30;0;0;2;1;1;A01
201300013085;0;7;0;0;2;4;1;B01
201300013085;0;7;0;0;2;0;0;C01
201300013086;0;7;0;0;1;0;1;A01
201300013087;0;7;0;0;1;2;1;A01
201300013088;0;7;0;0;2;0;0;B01
201300013088;0;7;0;0;0;0;0;A01
201300013089;0;1;0;0;2;1;1;B01
201300013089;0;7;0;0;2;3;15;A01
201300013090;0;33;0;0;0;4;23;B01
201300013090;1;7;0;14;0;1;1;A01
201300013091;0;7;0;0;0;3;23;B01
201300013091;0;7;0;14;0;2;14;A01
201300013092;0;7;0;0;2;2;1;A01
201300013092;0;1;0;0;2;7;19;B01
201300013093;0;30;0;0;2;1;0;B01
201300013093;0;7;0;0;2;1;1;A01
201300013094;0;7;0;0;2;1;2;A01
201300013094;0;7;0;0;0;4;2;B01
201300013095;0;7;0;0;0;7;1;B01
201300013095;0;7;0;0;2;1;1;A01
201300013096;0;30;0;0;2;1;1;B01
201300013096;0;7;0;0;2;4;4;A01
201300013097;0;7;0;0;2;8;1;B01
201300013097;0;7;0;0;2;1;1;A01
201300013098;0;7;0;0;1;1;1;A01
201300013099;0;34;0;0;0;0;0;A01
201300013100;0;7;0;0;0;4;23;B01
201300013100;0;7;0;14;0;1;1;A01
201300013101;0;7;0;0;2;1;1;A01
201300013101;0;7;0;0;0;4;15;B01
201300013102;0;7;0;0;1;4;4;A01
201300013103;1;10;0;0;2;0;13;A01
201300013103;0;7;0;0;2;5;17;B01
201300013104;0;33;0;6;0;1;1;A01
201300013105;0;7;0;0;1;1;1;A01
201300013106;0;1;0;0;2;7;1;A01
201300013106;0;7;0;0;2;1;1;B01
201300013107;0;7;0;0;1;4;4;A01
201300013108;0;15;0;0;2;2;1;B01
201300013108;0;7;0;0;2;8;15;A01
201300013109;0;10;0;0;2;1;2;A01
201300013109;0;10;0;0;0;4;1;B01
201300013110;0;33;0;1;0;7;16;A01
201300013111;0;7;0;8;0;1;1;A01
201300013112;0;7;0;13;0;9;1;A01
201300013113;0;7;0;0;1;2;1;A01
201300013114;0;7;0;0;2;0;1;B01
201300013114;0;7;0;12;2;0;1;A01
201300013115;0;7;0;0;1;0;0;A01
201300013116;1;7;0;14;0;1;1;A01
201300013116;0;7;0;14;0;4;23;B01
201300013117;0;7;0;0;2;0;0;A01
201300013117;0;1;0;0;2;0;0;B01
201300013118;0;7;0;0;1;0;1;A01
201300013119;0;33;0;0;2;1;1;A01
201300013119;1;7;0;0;2;1;1;B01
201300013120;0;10;0;4;0;0;1;A01
201300013121;0;7;0;0;2;1;1;A01
201300013121;0;7;0;0;2;4;2;B01
201300013122;0;7;0;0;2;3;1;A01
201300013122;0;7;0;0;2;3;1;B01
201300013123;0;7;0;0;2;3;1;B01
201300013123;0;33;0;0;2;0;1;A01
201300013124;0;7;0;0;2;0;1;A01
201300013124;0;1;0;0;0;1;1;B01
201300013125;0;34;0;0;2;1;1;B01
201300013125;0;7;0;0;2;8;11;A01
201300013126;0;7;0;0;0;1;0;A01
201300013127;0;1;0;0;2;1;15;B01
201300013127;0;7;0;0;2;3;9;A01
201300013128;0;7;0;0;1;3;15;A01
201300013129;0;7;0;1;0;1;1;A01
201300013130;1;99;0;0;0;0;0;A01
201300013130;0;31;0;0;0;0;0;B01
201300013131;0;7;0;0;0;4;1;C01
201300013131;0;7;0;0;2;9;2;B01
201300013131;0;7;0;0;2;1;2;A01
201300013132;0;1;0;0;2;8;1;B01
201300013132;0;7;0;0;2;1;1;A01
201300013133;0;7;0;0;2;8;23;B01
201300013133;0;3;0;0;2;1;13;A01
201300013134;0;33;0;1;0;9;0;A01
201300013135;0;7;0;0;2;0;0;B01
201300013135;0;7;0;0;2;0;0;A01
201300013136;0;7;0;0;2;4;12;B01
201300013136;0;7;0;0;2;1;1;A01
201300013137;0;7;0;0;2;6;1;B01
201300013137;0;30;0;0;2;7;15;A01
201300013138;0;7;0;0;2;4;23;B01
201300013138;0;7;0;0;2;1;1;A01
201300013139;0;7;0;0;2;1;17;A01
201300013139;0;33;0;0;2;1;1;B01
201300013140;0;7;0;0;2;8;1;B01
201300013140;0;10;0;0;2;1;21;A01
201300013141;0;7;0;0;1;0;1;A01
201300013142;0;7;0;0;2;1;0;B01
201300013142;0;30;0;0;2;1;0;A01
201300013143;0;7;0;0;2;7;12;A01
201300013143;0;30;0;0;2;3;0;B01
201300013144;0;2;0;0;2;1;1;A01
201300013144;0;7;0;0;2;6;1;B01
201300013145;0;33;0;0;2;1;1;A01
201300013145;0;7;0;0;2;2;16;B01
201300013146;1;31;0;0;1;1;1;A01
201300013147;0;7;0;0;1;1;1;A01
201300013148;0;7;0;0;2;1;1;A01
201300013148;0;7;0;0;2;4;1;B01
201300013149;0;7;0;0;2;1;1;A01
201300013149;0;7;0;0;2;1;1;B01
201300013150;0;7;0;0;1;1;1;A01
201300013151;0;33;0;0;0;0;21;A01
201300013152;0;7;0;0;1;3;1;A01
201300013153;0;7;0;2;0;1;1;A01
201300013154;0;7;0;0;1;1;1;A01
201300013155;0;10;0;0;0;0;1;A01
201300013156;0;7;0;0;2;2;13;A01
201300013156;0;7;0;0;2;1;1;B01
201300013157;0;7;0;0;1;4;20;A01
201300013158;0;30;0;0;0;0;0;A01
201300013159;0;32;0;0;2;1;2;A01
201300013159;0;7;0;0;2;4;2;B01
201300013160;0;7;0;0;1;0;1;A01
201300013161;0;7;0;0;2;3;15;B01
201300013161;0;7;0;0;2;2;1;A01
201300013162;0;7;0;0;2;1;2;A01
201300013162;0;7;0;0;2;4;2;C01
201300013162;0;7;0;0;2;4;2;B01
201300013163;0;31;0;0;2;7;1;A01
201300013163;0;7;0;0;2;8;1;B01
201300013164;0;7;0;0;1;1;1;A01
201300013165;0;30;0;0;0;1;21;A01
201300013166;0;30;0;0;1;1;1;A01
201300013167;0;1;0;0;0;0;1;A01
201300013168;0;32;0;0;2;3;0;B01
201300013168;0;7;0;0;2;5;0;A01
201300013169;0;7;0;0;1;1;1;A01
201300013170;0;7;0;0;2;1;1;B01
201300013170;0;14;0;0;2;3;9;A01
201300013171;0;34;0;0;5;0;1;A01
201300013172;0;30;0;0;2;1;1;A01
201300013172;0;7;0;0;2;3;15;B01
201300013173;0;7;0;0;2;4;1;B01
201300013173;0;7;0;0;2;1;1;A01
201300013173;0;7;0;0;2;4;1;C01
201300013174;0;13;0;0;1;7;1;A01
201300013175;0;30;0;0;0;0;21;A01
201300013176;0;33;0;0;0;8;21;A01
201300013177;0;7;0;0;2;2;10;A01
201300013177;0;7;0;0;2;1;1;B01
201300013178;0;7;0;0;2;1;1;B01
201300013178;0;1;0;0;2;0;10;A01
201300013179;0;7;0;0;1;3;1;A01
201300013180;0;7;0;0;2;3;15;A01
201300013180;0;7;0;0;2;3;1;B01
201300013181;0;7;0;0;2;2;1;A01
201300013181;0;7;0;0;2;3;1;B01
201300013182;0;7;0;0;2;1;1;A01
201300013182;0;7;0;0;2;4;1;B01
201300013183;0;7;0;0;2;2;15;B01
201300013183;0;7;0;0;2;1;1;A01
201300013184;0;7;0;0;0;5;2;B01
201300013184;0;7;0;14;0;1;12;A01
201300013185;0;2;0;0;2;1;0;B01
201300013186;0;7;0;0;2;1;1;B01
201300013186;0;2;0;0;0;1;9;A01
201300013187;1;7;0;0;2;1;9;A01
201300013187;0;7;0;0;2;1;1;B01
201300013188;0;7;0;0;2;7;15;A01
201300013188;0;1;0;0;2;1;1;B01
201300013189;0;7;0;0;2;1;1;A01
201300013189;0;7;0;0;0;4;1;B01
201300013190;0;7;0;0;2;6;15;B01
201300013190;0;2;0;0;2;1;17;A01
201300013191;0;7;0;0;2;1;1;B01
201300013191;0;33;0;0;2;7;1;A01
201300013192;0;7;0;0;2;7;14;A01
201300013192;0;7;0;0;2;8;1;B01
201300013193;0;7;0;0;2;4;2;B01
201300013193;0;7;0;0;2;1;2;A01
201300013194;0;7;0;0;2;5;4;A01
201300013194;0;2;0;0;2;0;1;B01
201300013195;0;7;0;0;2;1;13;A01
201300013195;0;7;0;0;2;1;1;B01
201300013196;0;7;0;0;2;9;1;C01
201300013196;0;7;0;0;0;4;1;D01
201300013196;0;7;0;0;2;9;1;B01
201300013196;0;10;0;0;2;1;1;A01
201300013197;0;2;0;0;0;0;0;A01
201300013198;0;7;0;0;0;0;0;A01
201300013198;0;7;0;0;0;0;0;B01
201300013199;0;7;0;0;2;1;1;A01
201300013199;0;7;0;0;2;1;1;B01
201300013200;0;33;0;0;2;0;0;B01
201300013200;0;7;0;0;2;0;0;A01
201300013201;1;7;0;0;1;1;0;T01
201300013202;0;7;0;0;2;2;0;B01
201300013202;0;7;0;0;2;2;0;A01
201300013203;0;7;0;0;0;4;20;B01
201300013203;0;7;0;0;2;1;0;A01
201300013204;0;7;0;0;0;4;0;B01
201300013204;0;33;0;0;2;1;1;C01
201300013204;0;7;0;0;0;4;11;A01
201300013205;0;1;0;0;0;1;0;A01
201300013205;0;7;0;0;0;0;0;B01
201300013206;0;7;0;0;0;1;0;C01
201300013206;0;7;0;0;0;4;0;A01
201300013206;0;7;0;0;0;9;0;B01
201300013207;0;7;0;0;0;0;23;B01
201300013207;0;7;0;0;0;0;0;A01
201300013208;0;31;0;0;2;3;9;B01
201300013208;0;7;0;0;2;2;16;A01
201300013209;0;7;0;0;2;1;1;A01
201300013209;0;32;0;0;2;4;1;B01
201300013210;0;7;0;0;2;1;1;A01
201300013210;0;7;0;0;2;4;1;B01
201300013211;0;14;0;9;0;1;1;A01
201300013212;0;7;0;0;2;2;20;A01
201300013212;0;1;0;0;2;0;1;B01
201300013213;0;30;0;0;2;1;1;B01
201300013213;0;7;0;0;2;3;9;A01
201300013214;0;7;0;0;2;4;4;A01
201300013214;0;31;0;0;2;1;1;B01
201300013215;1;7;0;0;1;0;0;A01
201300013216;0;7;0;0;2;7;1;B01
201300013216;0;7;0;0;2;1;9;A01
201300013217;0;30;0;0;2;0;1;B01
201300013217;0;7;0;0;2;0;1;A01
201300013218;0;7;0;0;2;1;2;A01
201300013218;0;7;0;0;0;4;2;B01
201300013219;0;7;0;0;1;0;1;A01
201300013220;0;30;0;0;1;1;1;A01
201300013221;0;7;0;0;2;7;20;A01
201300013221;0;33;0;0;2;1;1;B01
201300013222;0;30;0;0;2;8;1;B01
201300013222;0;7;0;0;2;8;1;A01
201300013223;0;32;0;0;0;0;0;A01
201300013224;0;7;0;0;0;4;1;B01
201300013224;0;7;0;0;2;1;1;A01
201300013225;0;7;0;1;0;4;4;A01
201300013225;0;7;0;0;2;7;24;B01
201300013226;1;7;0;0;1;1;1;A01
201300013227;0;7;0;0;2;3;15;B01
201300013227;0;7;0;0;2;2;16;A01
201300013228;0;7;0;0;2;8;1;B01
201300013228;0;7;0;0;2;1;1;A01
201300013229;0;7;0;0;2;3;1;A01
201300013229;0;7;0;0;2;7;1;B01
201300013230;0;7;0;8;0;3;21;A01
201300013230;0;7;0;0;2;1;1;B02
201300013231;0;7;0;4;0;3;13;A01
201300013232;0;7;0;4;0;3;1;A01
201300013233;0;7;0;0;1;2;1;A01
201300013234;0;7;0;0;2;3;13;A01
201300013234;0;7;0;0;2;3;1;B02
201300013235;0;10;0;0;1;2;1;A01
201300013236;0;33;0;0;0;0;1;A01
201300013237;0;7;0;0;2;4;2;B02
201300013237;0;7;0;0;2;1;2;A01
201300013238;0;7;0;1;0;2;1;A01
201300013239;0;7;0;0;2;2;21;A01
201300013239;0;32;0;0;0;6;1;B02
201300013240;0;10;0;0;2;6;12;C03
201300013240;0;15;0;0;2;1;2;D04
201300013240;0;7;0;3;0;7;21;B02
201300013240;0;7;0;0;2;4;2;F06
201300013240;0;17;0;0;0;0;1;A01
201300013240;0;7;0;0;2;4;2;E05
201300013241;0;7;0;0;2;3;13;A01
201300013241;0;7;0;0;2;2;1;B02
201300013242;0;10;0;0;0;9;17;A01
201300013243;0;7;0;0;2;3;1;B02
201300013243;0;7;0;0;2;3;1;A01
201300013244;0;7;0;0;2;1;2;A01
201300013244;0;7;0;0;0;5;23;B02
201300013245;0;7;0;3;0;9;14;A01
201300013246;0;7;0;0;6;1;0;D04
201300013246;0;7;0;0;6;1;0;C03
201300013246;0;33;0;0;6;1;1;A01
201300013246;0;7;0;0;6;1;1;B02
201300013247;0;7;0;0;0;4;24;A01
201300013247;0;7;0;1;0;1;2;B02
201300013248;0;17;0;0;0;0;17;B02
201300013248;0;7;0;0;2;1;17;A01
201300013249;0;7;0;0;2;4;23;A01
201300013249;0;10;0;0;2;1;1;B02
201300013250;0;33;0;0;0;0;1;A01
201300013251;0;33;0;0;0;8;12;A01
201300013252;0;33;0;3;0;9;1;A01
201300013253;0;7;0;0;0;8;1;B02
201300013253;0;33;0;0;2;8;17;A01
201300013254;0;7;0;0;1;6;4;A01
201300013255;0;7;0;0;0;9;1;A01
201300013256;0;34;0;0;2;1;2;A01
201300013256;0;7;0;0;2;3;1;B02
201300013257;0;7;0;15;0;0;1;A01
201300013258;0;14;0;3;0;1;1;A01
201300013259;0;7;0;0;0;0;0;A01
201300013260;0;7;0;4;0;3;1;A01
201300013261;0;7;0;7;0;1;1;A01
201300013262;0;7;0;0;0;0;24;B02
201300013262;0;7;0;0;1;3;21;A01
201300013263;0;7;0;8;0;2;1;A01
201300013264;0;7;0;4;0;1;21;A01
201300013265;0;7;0;0;9;1;1;B02
201300013265;0;7;0;0;9;0;1;A01
201300013266;0;10;0;14;1;1;2;A01
201300013267;0;7;0;3;0;1;1;A01
201300013268;0;7;0;0;6;1;1;A01
201300013269;2;7;0;0;2;8;11;A01
201300013269;0;7;0;0;2;7;1;B02
201300013270;0;7;0;3;0;3;17;A01
201300013271;0;17;0;0;0;5;2;B02
201300013271;0;10;0;0;2;3;2;A01
201300013272;0;7;0;0;2;2;17;A01
201300013272;0;7;0;0;0;3;1;B02
201300013273;0;10;0;3;2;5;13;A01
201300013273;0;10;0;4;2;3;18;B02
201300013274;0;7;0;13;0;1;1;A01
201300013275;0;2;0;0;2;8;19;B01
201300013275;0;7;0;0;2;3;19;A01
201300013276;0;33;0;6;0;8;0;A01
201300013277;0;7;0;0;9;1;1;B01
201300013277;0;1;0;0;2;1;0;A01
201300013278;0;1;0;0;2;7;11;A01
201300013278;0;33;0;0;2;1;1;B01
201300013279;0;13;0;0;1;2;1;A01
201300013280;0;7;0;0;2;3;0;B01
201300013280;0;30;0;0;2;1;5;A01
201300013281;0;2;0;0;2;1;1;B01
201300013281;0;7;0;0;2;1;15;A01
201300013282;0;7;0;0;2;1;13;A01
201300013282;0;7;0;0;2;3;1;B01
201300013283;0;7;0;0;2;1;15;A01
201300013283;0;37;1;6;2;1;21;B01
201300013284;0;7;0;3;0;9;20;A01
201300013285;0;30;0;0;0;0;0;A01
201300013286;0;7;0;0;1;2;1;A01
201300013287;0;7;0;0;1;2;0;A01
201300013288;0;2;0;0;2;7;1;B01
201300013288;0;7;0;0;2;3;9;A01
201300013289;0;2;0;0;2;1;3;A01
201300013289;0;7;0;0;2;3;9;B01
201300013290;0;7;0;1;0;2;13;B01
201300013290;0;7;0;0;0;8;23;A01
201300013291;0;7;0;0;1;4;4;A01
201300013292;0;10;0;0;1;4;0;A01
201300013293;0;31;0;0;2;1;1;B01
201300013293;0;7;0;0;2;3;9;A01
201300013294;0;7;0;0;1;2;1;A01
201300013295;0;7;0;0;0;3;0;B01
201300013295;0;7;0;0;0;3;0;A01
201300013296;0;7;0;0;1;7;2;A01
201300013297;0;7;0;0;2;1;2;B01
201300013297;0;7;0;11;2;1;6;A01
201300013298;0;7;0;0;1;7;1;A01
201300013299;0;7;0;0;2;1;2;A01
201300013299;0;7;0;3;2;4;2;C01
201300013299;0;7;0;0;2;4;2;B01
201300013300;0;7;0;13;0;3;5;A01
201300013301;0;33;0;0;2;1;2;A01
201300013301;0;7;0;0;9;6;2;B01
201300013302;0;7;0;0;0;1;1;A01