num_acc;senc;catv;occutc;obs;obsm;choc;manv;num_veh
201300013303;0;7;0;0;2;2;2;B01
201300013303;0;7;0;0;2;1;2;A01
201300013304;0;7;0;9;0;3;6;A01
201300013305;0;7;0;8;0;5;1;A01
201300013306;0;7;0;0;2;2;10;A01
201300013306;0;7;0;0;2;1;1;B01
201300013307;0;7;0;0;0;0;9;A01
201300013307;0;33;0;0;2;0;1;B01
201300013308;0;7;0;2;2;3;9;A01
201300013308;0;15;0;0;2;7;2;B01
201300013309;0;32;0;13;0;3;0;A01
201300013310;0;7;0;0;1;2;1;A01
201300013311;0;7;0;0;0;0;0;A01
201300013312;0;7;0;0;2;1;2;A01
201300013312;0;7;0;0;2;4;2;B01
201300013313;0;10;0;0;2;1;5;A01
201300013313;0;7;0;0;2;3;5;B01
201300013314;0;10;0;0;2;1;1;A01
201300013314;0;7;0;0;2;4;1;B01
201300013314;0;7;0;0;0;4;1;C01
201300013315;0;30;0;0;2;1;1;A01
201300013315;0;7;0;0;2;4;2;B01
201300013316;0;7;0;0;2;2;9;A01
201300013316;0;2;0;0;2;1;1;B01
201300013317;0;14;0;0;2;3;1;C01
201300013317;0;33;0;0;2;1;2;A01
201300013317;0;7;0;0;0;5;1;B01
201300013318;0;7;0;0;2;2;15;A01
201300013318;0;7;0;0;2;3;1;B01
201300013319;0;37;1;0;1;2;2;A01
201300013320;0;30;0;0;2;1;2;A01
201300013320;0;7;0;0;0;0;1;B01
201300013321;0;7;0;0;2;3;1;A01
201300013321;0;30;0;0;2;1;1;B01
201300013322;0;7;0;0;1;1;2;A01
201300013322;0;7;0;0;1;4;2;B01
201300013323;0;7;0;13;0;1;1;A01
201300013324;0;31;0;9;0;1;1;A01
201300013325;0;7;0;1;2;3;1;B01
201300013325;0;7;0;0;2;3;5;A01
201300013326;0;7;0;0;2;3;5;A01
201300013326;0;7;0;0;2;3;1;B01
201300013327;0;7;0;0;1;1;1;A01
201300013328;0;7;0;2;0;1;14;A01
201300013329;0;10;0;0;1;6;4;A01
201300013330;0;7;0;0;2;4;2;C01
201300013330;0;10;0;0;2;1;2;A01
201300013330;0;7;0;0;2;4;2;B01
201300013331;0;30;0;0;0;1;1;A01
201300013332;0;7;0;0;2;1;0;A01
201300013332;0;7;0;0;2;1;0;B01
201300013333;0;7;0;0;2;7;13;A01
201300013333;0;7;0;0;2;1;1;B01
201300013334;0;30;0;0;0;7;0;A01
201300013335;0;10;0;0;1;2;0;A01
201300013336;0;2;0;12;2;8;0;B01
201300013336;0;10;0;0;9;7;1;A01
201300013337;0;2;0;0;2;1;1;B01
201300013337;0;10;0;0;2;3;10;A01
201300013338;0;30;0;14;0;1;1;A01
201300013339;0;7;0;0;2;3;1;B01
201300013339;0;7;0;0;2;3;5;A01
201300013340;0;7;0;0;2;3;5;A01
201300013340;0;7;0;0;2;3;1;B01
201300013341;0;7;0;0;2;1;9;A01
201300013341;0;31;0;0;2;1;1;B01
201300013342;0;7;0;0;1;1;1;A01
201300013343;0;7;0;0;2;4;2;B01
201300013343;0;7;0;0;2;1;2;A01
201300013344;0;7;0;0;2;1;1;C01
201300013344;0;7;0;0;2;2;1;B01
201300013344;0;7;0;0;2;3;16;A01
201300013345;0;7;0;0;1;1;1;A01
201300013346;0;7;0;0;2;1;15;A01
201300013346;0;7;0;0;2;1;1;B01
201300013347;0;7;0;0;2;4;2;C01
201300013347;0;7;0;0;2;4;2;B01
201300013347;0;7;0;0;2;1;2;A01
201300013348;0;7;0;8;0;1;1;A01
201300013349;0;7;0;0;2;1;2;A01
201300013349;0;7;0;0;2;4;2;B01
201300013350;0;7;0;12;1;2;1;A01
201300013351;0;7;0;0;0;6;2;B02
201300013351;0;17;0;0;2;2;2;A01
201300013352;0;7;0;0;2;1;2;C03
201300013352;0;17;0;0;0;4;1;A01
201300013353;0;33;0;3;0;9;14;A01
201300013354;0;7;0;0;2;2;2;A01
201300013354;0;17;0;0;0;6;1;B02
201300013355;0;7;0;13;0;2;14;A01
201300013356;0;7;0;0;2;8;10;A01
201300013356;0;2;0;0;2;1;1;B02
201300013357;0;36;0;13;0;7;14;A01
201300013358;0;7;0;0;2;3;1;B02
201300013358;0;7;0;0;2;2;13;A01
201300013359;0;17;0;13;0;2;1;A01
201300013360;0;10;0;3;0;1;1;A01
201300013361;0;7;0;3;0;8;13;A01
201300013362;0;10;0;3;1;2;1;B02
201300013362;0;10;0;3;0;2;1;A01
201300013363;0;7;0;13;0;1;1;A01
201300013364;0;10;0;0;2;1;2;A01
201300013364;0;10;0;3;0;4;1;B02
201300013365;0;7;0;3;2;1;1;A01
201300013365;0;7;0;0;2;7;1;B02
201300013366;0;7;0;0;2;4;2;B02
201300013366;0;14;0;0;2;1;2;A01
201300013367;0;7;0;4;0;1;13;A01
201300013368;0;7;0;4;0;3;21;A01
201300013369;0;7;0;0;2;2;3;A01
201300013369;0;7;0;3;0;6;1;B02
201300013370;0;7;0;0;2;5;17;A01
201300013370;0;10;0;0;2;3;1;B02
201300013371;0;10;0;13;2;2;17;A01
201300013371;0;14;0;0;2;6;1;B02
201300013372;0;7;0;0;2;1;13;A01
201300013372;0;17;0;0;2;1;1;B02
201300013373;0;7;0;13;0;1;0;A01
201300013374;0;7;0;13;0;3;1;A01
201300013375;0;7;0;4;0;3;1;A01
201300013376;0;17;0;0;2;5;9;B02
201300013376;0;10;0;0;2;1;14;A01
201300013377;0;7;0;3;2;1;2;A01
201300013377;0;15;0;0;2;4;2;B02
201300013378;0;7;0;0;2;1;19;A01
201300013378;0;33;0;0;2;1;1;B01
201300013379;0;7;0;0;2;7;12;A01
201300013379;0;7;0;3;2;8;2;B01
201300013380;0;7;0;0;1;1;1;A01
201300013381;0;30;0;1;0;2;12;B01
201300013381;0;10;0;0;2;0;1;A01
201300013382;0;7;0;0;1;3;0;A01
201300013383;0;32;0;0;2;1;11;A01
201300013383;0;7;0;0;2;2;2;B01
201300013384;0;7;0;0;2;2;15;A01
201300013384;0;30;0;0;2;1;2;B01
201300013385;0;7;0;0;1;1;0;A01
201300013386;0;7;0;0;2;1;1;B01
201300013386;0;7;0;0;2;7;13;A01
201300013387;0;33;0;15;0;0;2;A01
201300013388;0;7;0;11;0;1;0;A01
201300013388;0;7;0;14;0;1;1;B01
201300013389;0;7;0;0;1;1;2;A01
201300013390;0;2;0;0;2;2;1;B01
201300013390;0;7;0;0;2;3;9;A01
201300013391;2;7;0;9;0;1;2;A01
201300013392;0;7;0;0;2;4;2;C01
201300013392;0;7;0;0;2;4;2;B01
201300013392;0;7;0;0;2;1;2;A01
201300013393;0;31;0;0;2;1;1;A01
201300013393;0;7;0;0;2;8;1;B01
201300013394;0;30;0;0;2;1;1;A01
201300013394;0;7;0;0;0;4;0;B01
201300013395;0;7;0;0;0;0;0;B01
201300013395;0;2;0;0;0;0;0;A01
201300013396;0;7;0;0;2;1;1;B01
201300013396;0;7;0;0;2;8;15;A01
201300013397;0;31;0;0;2;3;2;B01
201300013397;0;7;0;0;2;1;15;A01
201300013398;0;7;0;0;2;2;23;B01
201300013398;0;7;0;0;2;4;4;A01
201300013399;0;7;0;0;0;7;2;B01
201300013399;0;7;0;0;2;1;2;A01
201300013400;0;7;0;8;0;1;1;A01
201300013401;1;34;0;0;1;1;0;A01
201300013402;0;33;0;0;2;1;1;B01
201300013402;0;10;0;0;2;3;13;A01
201300013403;0;7;0;0;2;1;2;A01
201300013403;0;7;0;0;2;4;1;B01
201300013403;0;7;0;0;0;4;2;C01
201300013404;0;7;0;2;0;2;2;A01
201300013405;0;7;0;0;9;2;1;A01
201300013406;0;2;0;0;2;2;15;B01
201300013406;0;2;0;1;2;1;15;A01
201300013407;0;32;0;0;2;3;7;B01
201300013407;0;10;0;0;2;2;12;A01
201300013408;0;7;0;5;2;1;2;A01
201300013408;0;99;0;0;2;5;2;B01
201300013409;0;7;0;0;1;1;1;A01
201300013410;0;7;0;2;2;4;23;B01
201300013410;0;7;0;1;0;4;0;A01
201300013411;0;7;0;0;2;3;5;A01
201300013411;0;7;0;0;2;3;1;B01
201300013412;0;7;0;0;2;5;15;A01
201300013412;0;33;0;0;2;1;1;B01
201300013413;0;10;0;0;0;0;0;A01
201300013414;0;7;0;0;1;1;1;A01
201300013415;0;7;0;0;1;1;1;A01
201300013416;1;30;0;0;2;0;0;Z01
201300013416;0;7;0;0;9;8;15;A01
201300013417;0;7;0;4;2;4;1;B01
201300013417;2;7;0;0;2;1;1;A01
201300013418;0;33;0;8;2;1;1;B01
201300013418;1;7;0;0;2;0;0;A01
201300013419;0;7;0;1;0;2;1;A01
201300013420;0;7;0;0;2;8;9;B01
201300013420;0;7;0;0;2;2;2;A01
201300013421;0;7;0;0;2;2;9;A01
201300013421;0;33;0;0;2;1;1;B01
201300013422;0;33;0;8;0;1;1;A01
201300013423;0;33;0;0;0;0;0;A01
201300013424;0;33;0;0;2;2;17;B01
201300013424;0;7;0;0;2;3;15;A01
201300013425;0;7;0;0;2;9;2;B01
201300013425;0;7;0;0;2;1;2;A01
201300013425;0;7;0;0;2;4;2;C01
201300013426;0;7;0;0;1;1;1;A01
201300013427;0;2;0;0;1;0;1;A01
201300013428;0;33;0;0;2;1;13;A01
201300013428;0;7;0;0;2;3;1;B01
201300013429;0;7;0;12;0;2;1;A01
201300013430;0;7;0;0;2;1;15;A01
201300013430;0;7;0;0;2;1;1;B01
201300013431;0;31;0;0;2;1;9;B01
201300013431;0;7;0;0;2;3;9;A01
201300013432;0;30;0;8;0;0;0;A01
201300013433;0;33;0;0;2;1;1;B01
201300013433;0;7;0;0;2;2;16;A01
201300013434;0;7;0;0;1;2;2;A01
201300013435;0;32;0;0;2;8;1;B01
201300013435;0;7;0;0;2;2;12;A01
201300013436;0;7;0;4;0;3;0;A01
201300013437;0;7;0;0;2;3;9;A01
201300013437;0;33;0;0;2;1;1;B01
201300013438;0;7;0;0;2;1;2;B01
201300013438;0;7;0;0;2;1;15;A01
201300013439;0;10;0;0;2;2;9;A01
201300013439;0;33;0;0;2;3;1;B01
201300013440;0;7;0;0;2;1;1;B01
201300013440;0;7;0;0;2;9;0;A01
201300013441;0;33;0;0;2;7;1;B01
201300013441;0;7;0;0;2;3;10;A01
201300013442;0;7;0;0;1;8;1;A01
201300013443;0;10;0;0;1;1;1;A01
201300013444;0;7;0;0;2;8;15;B01
201300013444;0;33;0;0;2;9;17;A01
201300013445;0;10;0;0;1;3;1;A01
201300013446;0;7;0;0;2;4;1;A01
201300013446;0;7;0;0;2;4;12;B01
201300013447;0;7;0;0;2;1;2;A01
201300013447;0;7;0;0;0;4;2;B01
201300013448;0;32;0;0;0;4;2;B01
201300013448;1;7;0;0;2;4;2;A01
201300013449;0;31;0;0;2;9;2;B01
201300013449;0;7;0;0;2;4;2;C01
201300013449;0;7;0;0;2;1;2;A01
201300013450;1;30;0;8;0;0;1;A01
201300013451;0;32;0;0;0;1;1;A01
201300013451;0;99;0;0;0;6;0;B01
201300013452;0;37;12;0;2;3;2;A01
201300013452;0;7;0;0;0;5;2;B01
201300013453;0;7;0;0;2;1;1;B01
201300013453;0;7;0;0;2;1;13;A01
201300013454;0;7;0;0;2;3;1;B01
201300013454;0;7;0;0;2;1;15;A01
201300013455;0;10;0;0;0;4;0;A01
201300013455;0;33;0;0;2;1;0;B01
201300013456;0;34;0;0;2;1;13;A01
201300013456;0;7;0;0;2;1;15;B01
201300013457;0;7;0;0;1;4;9;A01
201300013458;0;7;0;0;2;1;1;A01
201300013458;0;7;0;13;2;4;1;C01
201300013458;0;7;0;2;2;4;1;B01
201300013459;0;7;0;0;2;1;2;B01
201300013459;0;7;0;0;0;9;2;A01
201300013460;0;10;0;0;1;7;2;A01
201300013461;0;33;0;0;2;1;2;A01
201300013461;0;7;0;0;2;8;15;B01
201300013462;0;7;0;0;2;3;1;B01
201300013462;0;7;0;0;2;1;15;A01
201300013463;0;7;0;6;0;1;16;A01
201300013464;0;7;0;0;2;6;15;A01
201300013464;0;33;0;0;2;1;2;B01
201300013465;0;7;0;14;0;3;1;C01
201300013465;0;33;0;3;0;1;21;A01
201300013466;0;7;0;15;0;1;1;A01
201300013467;0;7;0;0;1;1;0;A01
201300013468;0;7;0;0;0;1;1;A01
201300013469;0;7;0;0;1;1;1;A01
201300013470;0;33;0;0;0;0;1;B01
201300013470;0;7;0;0;2;1;15;A01
201300013471;0;7;0;3;0;1;1;A01
201300013472;0;7;0;0;1;1;1;A01
201300013473;0;7;0;0;2;4;23;B01
201300013473;0;7;0;0;2;1;14;A01
201300013474;0;7;0;2;0;1;0;A01
201300013475;0;7;0;8;0;2;1;A01
201300013476;0;7;0;0;2;8;11;B01
201300013476;0;34;0;0;2;1;17;A01
201300013477;0;7;0;0;1;5;4;A01
201300013478;0;7;0;0;0;7;1;A01
201300013479;0;7;0;15;0;1;1;A01
201300013480;0;7;0;0;2;1;1;A01
201300013480;0;7;0;0;2;5;1;B01
201300013481;0;7;0;3;2;1;1;C01
201300013481;0;33;0;0;2;4;1;B01
201300013481;0;7;0;0;2;4;1;F02
201300013481;0;7;0;0;2;4;1;D01
201300013481;0;7;0;0;2;4;1;E01
201300013481;0;7;0;0;2;1;1;A01
201300013482;0;7;0;0;1;4;4;A01
201300013483;1;7;0;0;2;1;1;A01
201300013483;0;1;0;0;2;8;15;B01
201300013484;0;7;0;0;1;1;1;A01
201300013485;0;1;0;0;2;1;15;A01
201300013485;0;7;0;0;2;1;15;B01
201300013486;0;7;0;0;2;1;9;A01
201300013486;0;99;0;0;2;4;24;B01
201300013487;0;33;0;3;0;8;1;A01
201300013488;0;31;0;0;2;1;1;A01
201300013488;0;7;0;0;0;5;15;B01
201300013489;0;7;0;0;2;1;1;B01
201300013489;0;7;0;0;2;1;1;A01
201300013490;0;7;0;0;1;1;1;A01
201300013491;0;30;0;0;2;8;1;B01
201300013491;0;7;0;0;2;8;10;A01
201300013492;0;7;0;0;2;8;1;B01
201300013492;0;7;0;0;2;1;13;A01
201300013492;0;7;0;0;2;1;1;C01
201300013493;0;7;0;0;1;1;1;A01
201300013494;0;30;0;1;2;8;17;A01
201300013494;0;7;0;0;2;3;1;B01
201300013495;1;99;0;0;1;0;0;Z01
201300013496;0;30;0;0;2;1;1;B01
201300013496;2;7;0;0;2;1;15;A01
201300013497;0;2;0;0;2;7;0;B01
201300013497;0;10;0;0;2;3;9;A01
201300013498;0;7;0;0;1;5;4;A01
201300013499;0;30;0;0;0;1;0;A01
201300013500;0;33;0;0;0;0;0;A01
201300013501;0;7;0;0;2;1;1;B01
201300013501;0;7;0;0;2;1;13;A01
201300013502;0;7;0;0;2;3;15;A01
201300013502;0;32;0;0;2;1;17;B01
201300013503;0;7;0;0;2;1;5;A01
201300013503;0;7;0;0;2;8;1;B01
201300013504;0;2;0;0;2;1;1;B01
201300013504;0;7;0;0;2;3;15;A01
201300013505;0;7;0;0;2;1;1;A01
201300013505;0;7;0;0;2;1;1;B01
201300013506;0;7;0;2;0;1;1;A01
201300013507;0;37;1;0;1;2;1;A01
201300013508;0;7;0;0;2;3;15;B01
201300013508;0;34;0;0;2;7;17;A01
201300013509;0;33;0;11;0;1;17;A01
201300013510;0;33;0;13;0;1;1;A01
201300013511;0;7;0;0;2;1;2;B01
201300013511;0;7;0;0;2;8;15;A01
201300013512;0;7;0;8;0;9;2;A01
201300013513;0;7;0;0;2;1;13;A01
201300013513;0;7;0;0;2;1;1;B01
201300013514;0;7;0;0;2;1;15;A01
201300013514;0;33;0;0;2;1;1;B01
201300013515;0;30;0;1;1;1;1;A01
201300013515;0;14;0;0;2;3;4;B01
201300013516;0;32;0;0;2;0;16;B01
201300013516;0;7;0;0;2;3;2;A01
201300013517;0;7;0;1;2;2;15;A01
201300013517;0;7;0;0;2;3;1;B01
201300013518;0;10;0;0;2;3;1;A01
201300013518;0;7;0;0;2;3;1;C01
201300013518;0;7;0;0;2;8;1;B01
201300013519;0;7;0;0;2;3;10;A01
201300013519;0;30;0;0;2;1;17;B01
201300013520;0;10;0;0;2;1;1;B01
201300013520;0;7;0;0;2;1;9;A01
201300013520;0;7;0;0;2;3;2;C01
201300013521;0;7;0;0;2;4;23;B01
201300013521;0;7;0;0;2;1;1;A01
201300013522;0;7;0;0;2;4;2;B01
201300013522;0;2;0;0;2;1;2;A01
201300013523;0;7;0;0;2;1;2;A01
201300013523;0;7;0;0;1;4;2;B01
201300013524;0;10;0;0;2;2;15;A01
201300013524;0;33;0;0;2;5;1;B01
201300013525;0;7;0;0;2;4;1;B01
201300013525;0;7;0;0;2;1;1;A01
201300013526;0;7;0;0;0;0;0;C01
201300013526;0;7;0;0;2;3;13;A01
201300013526;0;7;0;0;2;6;1;B01
201300013527;0;30;0;0;2;1;2;B01
201300013527;0;7;0;0;2;3;2;A01
201300013528;0;7;0;0;2;3;15;A01
201300013528;0;7;0;0;2;2;1;B01
201300013529;0;7;0;0;0;4;2;A01
201300013529;0;7;0;0;2;1;2;B01
201300013530;0;32;0;0;0;2;17;B01
201300013530;0;7;0;0;2;3;13;A01
201300013531;0;7;0;0;1;1;0;A01
201300013532;0;33;0;0;0;6;1;A01
201300013533;0;7;0;0;2;4;2;B01
201300013533;0;7;0;0;2;1;2;A01
201300013534;0;7;0;0;2;1;15;A01
201300013534;0;2;0;0;2;2;23;B01
201300013535;0;7;0;0;2;1;2;A01
201300013535;0;7;0;0;2;4;23;B01
201300013536;0;33;0;0;2;1;1;B01
201300013536;0;7;0;0;2;8;13;A01
201300013537;0;7;0;0;1;4;4;A01
201300013538;0;7;0;0;2;3;15;A01
201300013538;0;7;0;0;2;2;1;B01
201300013539;0;7;0;13;0;3;1;A01
201300013540;0;7;0;0;2;2;2;B01
201300013540;0;7;0;0;2;3;10;A01
201300013541;0;7;0;0;0;4;2;C01
201300013541;0;7;0;1;0;4;2;B01
201300013541;0;7;0;1;0;1;2;A01
201300013542;0;7;0;0;2;3;15;A01
201300013542;0;33;0;0;2;1;1;B01
201300013543;0;7;0;0;2;6;10;A01
201300013543;0;32;0;0;2;1;1;B01
201300013544;0;7;0;0;2;1;1;B01
201300013544;0;7;0;0;2;1;19;A01
201300013545;0;15;0;0;2;8;0;A01
201300013545;0;7;0;0;0;3;1;B01
201300013546;0;7;0;0;0;4;2;C01
201300013546;0;7;0;0;0;4;2;D01
201300013546;0;7;0;0;0;4;2;B01
201300013546;0;7;0;0;0;1;2;A01
201300013547;0;7;0;0;2;4;2;B01
201300013547;0;7;0;0;2;1;2;A01
201300013548;0;34;0;0;2;1;17;A01
201300013548;0;7;0;0;2;3;15;B01
201300013549;0;7;0;0;2;1;1;B01
201300013549;0;7;0;0;2;8;19;A01
201300013550;0;7;0;0;2;7;1;B01
201300013550;0;7;0;0;2;2;15;A01
201300013551;0;7;0;0;2;6;15;A01
201300013551;0;7;0;0;2;1;2;B01
201300013552;0;10;0;0;0;4;2;B01
201300013552;0;10;0;0;2;1;2;A01
201300013553;0;30;0;0;2;8;21;B01
201300013553;1;10;0;0;0;0;20;Y01
201300013554;0;7;0;0;2;2;1;B01
201300013554;0;7;0;0;2;3;9;A01
201300013555;0;34;0;0;2;7;19;B01
201300013555;0;7;0;0;2;7;0;A01
201300013556;0;2;0;0;2;2;16;A01
201300013556;0;7;0;0;2;3;16;B01
201300013557;0;10;0;0;2;6;19;B01
201300013557;0;7;0;0;2;1;15;A01
201300013558;0;33;0;0;0;0;2;A01
201300013559;0;7;0;0;2;5;2;B01
201300013559;0;32;0;0;2;1;2;A01
201300013560;0;7;0;0;2;3;16;B01
201300013560;0;7;0;0;2;1;1;A01
201300013561;0;33;0;0;2;9;1;B01
201300013561;0;7;0;0;2;2;11;A01
201300013562;0;7;0;0;9;8;9;A01
201300013562;0;1;0;0;2;0;0;B01
201300013562;0;1;0;0;2;1;0;C01
201300013563;0;7;0;0;2;6;9;B01
201300013563;0;7;0;0;2;1;1;A01
201300013564;0;7;0;0;2;3;13;A01
201300013564;0;32;0;0;2;2;17;B01
201300013565;0;7;0;0;2;6;1;B01
201300013565;0;7;0;0;2;3;1;A01
201300013566;0;7;0;0;2;8;15;A01
201300013566;0;32;0;0;2;1;1;B01
201300013567;0;33;0;0;1;1;1;A01
201300013567;0;7;0;0;2;7;15;B01
201300013568;0;2;0;0;0;8;0;A01
201300013569;0;33;0;0;2;1;1;A01
201300013569;0;7;0;0;2;1;15;B01
201300013570;0;7;0;0;2;3;1;A01
201300013570;0;7;0;0;2;7;1;B01
201300013571;0;33;0;0;2;1;1;B01
201300013571;0;7;0;0;2;7;10;A01
201300013572;0;7;0;0;0;4;2;C01
201300013572;0;7;0;0;2;1;2;A01
201300013572;0;7;0;0;2;4;2;B01
201300013573;0;32;0;0;2;1;1;B01
201300013573;0;7;0;0;2;3;0;A01
201300013574;0;7;0;0;2;8;15;B01
201300013574;0;31;0;0;2;2;17;A01
201300013575;0;7;0;0;0;3;15;B01
201300013575;0;30;0;0;2;1;17;A01
201300013576;0;7;0;0;2;8;10;A01
201300013576;0;31;0;0;2;1;1;B01
201300013577;0;30;0;0;2;7;1;A01
201300013577;0;7;0;0;2;1;15;B01
201300013578;0;33;0;0;2;1;2;B01
201300013578;0;7;0;4;2;8;15;A01
201300013579;0;7;0;0;2;1;2;A01
201300013579;0;7;0;0;0;4;2;B01
201300013580;0;34;0;0;2;1;0;B01
201300013580;0;7;0;0;2;1;9;A01
201300013581;0;7;0;0;2;7;1;B01
201300013581;0;7;0;0;2;3;1;A01
201300013582;0;7;0;1;2;6;4;A01
201300013582;0;7;0;0;2;8;2;B01
201300013582;0;7;0;0;2;3;2;C01
201300013583;0;7;0;0;2;3;19;A01
201300013583;0;7;0;0;2;8;1;B01
201300013584;0;34;0;0;2;0;2;B01
201300013584;0;7;0;0;0;4;15;A01
201300013585;0;33;0;0;2;1;17;B01
201300013585;0;7;0;0;2;3;15;A01
201300013586;0;7;0;0;2;1;13;A01
201300013586;0;7;0;0;2;1;1;B01
201300013587;0;30;0;0;2;1;0;A01
201300013587;0;7;0;0;2;4;2;B01
201300013588;0;10;0;0;2;1;2;A01
201300013588;0;7;0;0;0;4;2;B01
201300013589;0;33;0;0;0;1;1;A01
201300013590;1;99;0;0;0;0;0;Z01
201300013590;0;32;0;0;0;8;21;B01
201300013591;0;32;0;0;2;1;17;B01
201300013591;0;7;0;0;2;6;13;A01
201300013591;0;10;0;0;2;1;1;C01
201300013592;0;13;0;0;0;4;2;B01
201300013592;0;10;0;0;0;4;2;C01
201300013592;0;10;0;0;0;1;2;A01
201300013593;0;7;0;0;2;2;0;A01
201300013593;0;7;0;0;2;1;1;B01
201300013594;0;7;0;0;0;8;11;A01
201300013594;0;14;0;0;0;1;1;B01
201300013595;0;7;0;0;2;6;2;B01
201300013595;0;7;0;0;2;1;2;A01
201300013596;0;7;0;0;2;1;2;B01
201300013596;0;2;0;0;2;1;5;A01
201300013597;0;7;0;0;1;0;0;A01
201300013598;0;7;0;0;0;4;2;B01
201300013598;0;7;0;0;0;1;2;A01
201300013599;0;7;0;0;0;4;15;B01
201300013599;0;31;0;0;2;1;2;A01
201300013600;0;20;0;0;0;0;2;A01
201300013601;0;7;0;0;2;5;1;A01
201300013601;0;10;0;0;2;1;1;B01
201300013602;0;30;0;0;2;0;0;B01
201300013602;0;7;0;0;2;1;0;A01
201300013603;0;7;0;0;2;8;9;A01
201300013603;0;30;0;0;2;1;1;B01
201300013604;0;7;0;0;2;8;0;A01
201300013604;0;30;0;0;2;1;0;B01
201300013605;0;30;0;0;1;2;1;A01
201300013606;0;7;0;0;0;4;2;B01
201300013606;0;7;0;0;2;1;2;A01
201300013607;0;1;0;0;0;1;1;A01
201300013608;0;7;0;8;0;3;1;A01
201300013609;0;7;0;0;2;8;20;A01
201300013609;0;7;0;0;2;1;2;B01
201300013610;0;32;0;0;2;1;2;B01
201300013610;0;7;0;0;2;3;15;A01
201300013611;0;7;0;6;0;1;2;A01
201300013612;0;7;0;0;2;3;1;A01
201300013612;0;7;0;0;2;3;1;B01
201300013613;0;7;0;2;0;1;1;A01
201300013614;0;7;0;0;2;3;1;B01
201300013614;0;7;0;0;2;2;6;A01
201300013615;0;1;0;0;2;7;1;B01
201300013615;0;7;0;0;9;1;16;A01
201300013616;0;7;0;8;0;1;1;A01
201300013617;0;31;0;0;0;2;1;A01
201300013618;0;7;0;0;2;4;2;B01
201300013618;0;7;0;0;2;1;2;A01
201300013619;0;7;0;14;0;1;2;A01
201300013619;0;7;0;0;0;4;23;B01
201300013620;0;30;0;0;2;1;2;A01
201300013620;0;7;0;0;0;4;2;B01
201300013621;0;33;0;0;0;0;1;B01
201300013621;0;10;0;0;0;0;19;A01
201300013622;0;10;0;0;0;0;15;A01
201300013622;0;7;0;0;2;7;21;C01
201300013622;0;7;0;0;2;1;23;D01
201300013622;0;33;0;0;2;1;21;B01
201300013623;0;7;0;0;1;2;17;A01
201300013624;0;7;0;0;0;0;15;A01
201300013624;0;7;0;8;0;1;1;B01
201300013625;0;33;0;0;2;1;1;A01
201300013625;1;7;0;0;2;6;10;Z01
201300013626;0;7;0;0;1;2;1;A01
201300013627;0;30;0;0;2;2;2;A01
201300013627;0;30;0;0;2;8;2;B01
201300013628;0;7;0;0;1;3;0;A01
201300013629;0;7;0;0;2;8;0;B01
201300013629;0;7;0;0;2;1;0;A01
201300013630;0;10;0;0;2;1;1;B01
201300013630;0;2;0;0;2;1;5;A01
201300013631;0;7;0;0;2;1;1;A01
201300013631;0;7;0;0;2;4;23;B01
201300013632;0;7;0;0;2;2;23;B01
201300013632;0;34;0;0;2;0;1;A01
201300013633;0;7;0;0;2;1;1;B01
201300013633;0;7;0;0;2;4;1;C01
201300013633;0;7;0;0;2;1;1;A01
201300013634;0;7;0;0;2;3;9;A01
201300013634;0;7;0;0;2;2;1;B01
201300013635;0;10;0;0;2;3;19;A01
201300013635;0;7;0;0;2;1;1;B01
201300013636;0;36;0;0;2;8;0;A01
201300013636;0;7;0;0;2;8;1;B01
201300013637;0;7;0;0;2;4;0;B01
201300013637;0;7;0;0;2;1;2;A01
201300013638;0;7;0;0;1;5;4;A01
201300013639;0;2;0;0;2;1;1;B01
201300013639;0;10;0;0;2;2;1;A01
201300013640;0;7;0;0;2;6;23;B01
201300013640;0;10;0;0;2;2;2;A01
201300013641;0;33;0;0;2;7;1;A01
201300013641;0;7;0;0;2;8;1;B01
201300013642;0;7;0;0;0;4;1;B01
201300013642;0;7;0;0;2;1;1;A01
201300013643;0;30;0;0;2;1;19;A01
201300013643;0;7;0;0;2;2;1;B01
201300013644;0;7;0;0;0;4;2;B01
201300013644;0;7;0;0;2;1;2;A01
201300013645;0;33;0;0;2;1;17;B01
201300013645;0;7;0;0;2;5;15;A01
201300013646;0;32;0;0;0;7;0;A01
201300013647;0;7;0;0;1;3;17;A01
201300013648;0;10;0;0;0;0;17;A01
201300013648;0;34;0;0;2;0;17;B01
201300013649;0;7;0;0;2;5;17;A01
201300013649;0;30;0;0;2;3;9;B01
201300013650;0;1;0;0;2;2;1;B01
201300013650;0;7;0;0;2;1;9;A01
201300013651;0;7;0;0;2;3;5;A01
201300013651;0;32;0;0;2;3;1;B01
201300013652;0;34;0;0;2;1;17;A01
201300013652;0;7;0;0;2;3;10;B01
201300013653;0;7;0;0;1;1;1;B01
201300013654;0;2;0;0;2;1;0;A01
201300013654;0;7;0;0;2;3;0;B01
201300013655;0;7;0;0;2;3;15;A01
201300013655;0;34;0;0;2;7;0;B01
201300013656;0;7;0;0;0;0;10;A01
201300013656;0;32;0;0;0;1;0;B01
201300013657;0;7;0;0;0;6;0;B01
201300013657;0;7;0;0;2;1;2;A01
201300013658;0;7;0;0;2;7;14;A01
201300013658;0;31;0;4;2;7;1;B01
201300013659;0;7;0;0;2;1;2;A01
201300013659;0;7;0;0;2;4;2;B01
201300013659;0;7;0;0;2;4;2;C01