num_acc;senc;catv;occutc;obs;obsm;choc;manv;num_veh
201300013660;0;7;0;0;2;3;13;A01
201300013660;0;10;0;0;2;3;1;B01
201300013661;0;7;0;0;2;1;2;A01
201300013661;0;7;0;0;0;4;2;B01
201300013662;0;7;0;0;2;8;15;A01
201300013662;0;33;0;0;2;2;17;B01
201300013663;0;7;0;0;2;1;2;A01
201300013663;0;7;0;0;2;4;2;B01
201300013664;0;7;0;0;2;3;1;B01
201300013664;0;7;0;0;2;3;1;A01
201300013665;0;33;0;11;0;1;0;A01
201300013666;0;7;0;0;2;3;15;B01
201300013666;0;30;0;0;2;1;17;A01
201300013667;0;2;0;0;1;1;1;A01
201300013668;0;2;0;0;1;1;1;A01
201300013669;0;7;0;0;2;2;1;B01
201300013669;1;7;0;0;2;3;18;A01
201300013670;0;32;0;0;2;1;1;B01
201300013670;0;7;0;0;2;3;19;A01
201300013671;0;10;0;16;0;1;1;A01
201300013672;0;33;0;0;2;4;2;B01
201300013672;0;7;0;0;2;2;2;A01
201300013673;0;3;0;0;1;1;5;A01
201300013674;0;33;0;0;2;1;2;A01
201300013674;0;7;0;0;2;8;23;B01
201300013675;0;7;0;0;2;6;15;A01
201300013675;0;2;0;0;2;1;1;B01
201300013676;0;7;0;0;1;1;1;A01
201300013677;0;7;0;0;2;6;1;B01
201300013677;0;33;0;0;2;7;2;A01
201300013678;0;7;0;5;0;1;1;A01
201300013679;0;7;0;0;2;3;15;A01
201300013679;0;7;0;0;2;3;1;B01
201300013680;0;7;0;0;2;1;2;A01
201300013680;0;7;0;0;2;4;2;B01
201300013681;0;33;0;0;2;7;1;B01
201300013681;0;7;0;0;2;3;15;A01
201300013682;0;10;0;0;2;3;15;A01
201300013682;0;7;0;0;2;6;15;B01
201300013683;0;7;0;0;2;4;2;B01
201300013683;0;7;0;0;2;1;2;A01
201300013684;0;7;0;0;2;3;13;A01
201300013684;0;7;0;0;2;3;1;C01
201300013684;0;7;0;0;2;8;1;B01
201300013685;0;7;0;6;0;1;1;A01
201300013686;0;34;0;0;2;1;0;B01
201300013686;0;7;0;0;2;8;0;A01
201300013687;0;7;0;0;2;3;13;B01
201300013687;0;33;0;0;2;7;17;A01
201300013688;0;30;0;0;2;7;1;B01
201300013688;0;7;0;0;2;1;9;A01
201300013689;0;7;0;0;2;3;5;A01
201300013689;0;7;0;0;2;3;21;B01
201300013690;0;7;0;0;0;3;1;B01
201300013690;0;7;0;0;2;1;13;A01
201300013691;0;7;0;0;0;5;17;A01
201300013691;0;30;0;0;0;3;15;B01
201300013692;0;30;0;0;2;8;0;B01
201300013692;1;7;0;0;0;;;Z01
201300013693;0;7;0;0;1;2;17;A01
201300013694;0;7;0;0;2;2;15;A01
201300013694;0;30;0;12;2;1;0;B01
201300013695;0;7;0;0;2;1;1;A01
201300013695;0;15;0;0;2;8;0;B01
201300013696;1;7;0;0;2;4;2;Z01
201300013696;0;2;0;0;2;1;2;A01
201300013697;0;32;0;0;2;1;1;B01
201300013697;0;7;0;0;2;2;19;A01
201300013698;0;33;0;0;2;8;19;A01
201300013698;0;7;0;0;2;8;1;C01
201300013698;0;7;0;0;2;8;1;B01
201300013698;0;7;0;0;2;3;1;D01
201300013699;0;7;0;0;2;4;9;A01
201300013699;0;33;0;0;2;1;1;B01
201300013700;0;32;0;0;2;7;1;B01
201300013700;0;7;0;0;2;1;19;A01
201300013701;0;7;0;0;2;2;1;B01
201300013701;0;7;0;0;2;2;5;A01
201300013702;0;33;0;0;0;1;15;A01
201300013702;0;7;0;0;2;4;15;B01
201300013703;0;7;0;0;1;1;1;A01
201300013704;0;7;0;0;2;8;1;B01
201300013704;0;7;0;0;2;1;1;C01
201300013704;1;7;0;9;2;3;19;A01
201300013705;0;7;0;0;2;1;1;B01
201300013705;0;7;0;0;2;1;5;A01
201300013706;0;7;0;0;1;8;0;A01
201300013707;0;1;0;0;2;2;1;B01
201300013707;0;7;0;0;9;3;1;A01
201300013708;0;7;0;0;1;1;0;A01
201300013709;0;7;0;0;2;8;15;B01
201300013709;0;33;0;0;2;1;17;A01
201300013710;0;10;0;6;0;5;19;A01
201300013710;0;32;0;0;2;1;1;B01
201300013711;0;7;0;0;0;8;21;B01
201300013711;0;33;0;0;2;2;17;A01
201300013712;0;7;0;0;2;1;15;A01
201300013712;0;34;0;0;2;1;1;B01
201300013713;0;2;0;0;0;1;1;B01
201300013713;0;7;0;0;0;3;15;A01
201300013714;0;30;0;16;0;0;1;A01
201300013715;0;2;0;0;2;1;1;B01
201300013715;0;7;0;0;2;3;15;A01
201300013716;0;7;0;0;1;2;16;A01
201300013717;0;7;0;0;2;1;5;B01
201300013717;0;7;0;0;2;1;2;C01
201300013717;0;33;0;0;2;1;5;A01
201300013718;0;7;0;0;2;3;15;A01
201300013718;0;30;0;6;2;8;1;B01
201300013719;0;7;0;0;2;3;1;B01
201300013719;0;7;0;0;2;3;13;A01
201300013720;0;31;0;0;2;1;1;B01
201300013720;0;7;0;0;2;3;15;A01
201300013721;0;7;0;0;1;8;1;A01
201300013722;0;7;0;0;0;9;18;A01
201300013723;0;7;0;0;2;1;1;B01
201300013723;0;7;0;2;2;7;13;A01
201300013724;0;10;0;0;0;1;13;A01
201300013725;0;7;0;0;2;4;1;B01
201300013725;0;7;0;0;2;1;13;A01
201300013725;0;7;0;0;2;1;1;C01
201300013725;0;7;0;0;2;1;1;D01
201300013726;0;7;0;0;1;3;1;A01
201300013727;0;33;0;0;1;0;0;A01
201300013728;0;7;0;0;1;1;0;A01
201300013729;0;7;0;0;1;2;0;A01
201300013730;0;7;0;0;2;4;2;B01
201300013730;0;7;0;0;0;4;2;C01
201300013730;2;7;0;0;2;1;2;A01
201300013731;0;7;0;0;0;3;1;A01
201300013731;0;7;0;0;0;3;1;B01
201300013732;0;37;1;0;2;1;0;C01
201300013732;0;7;0;0;0;9;1;B01
201300013732;0;7;0;0;2;1;0;A01
201300013733;0;7;0;0;0;8;9;A01
201300013733;0;2;0;0;2;1;1;B01
201300013734;0;7;0;0;2;3;11;A01
201300013734;0;7;0;0;2;6;1;B01
201300013735;0;30;0;0;2;3;15;B01
201300013735;0;30;0;0;0;1;1;A01
201300013736;0;2;0;0;2;1;5;A01
201300013736;0;7;0;0;2;1;1;B01
201300013737;0;31;0;0;2;1;1;A01
201300013737;0;7;0;0;2;7;1;B01
201300013738;0;30;0;0;0;8;1;B01
201300013738;0;7;0;0;0;1;1;A01
201300013739;0;7;0;0;2;4;2;B01
201300013739;0;7;0;0;2;1;2;A01
201300013739;0;7;0;0;2;4;2;C01
201300013740;0;33;0;11;0;1;0;A01
201300013741;0;7;0;0;0;1;0;A01
201300013741;0;7;0;0;0;4;0;B01
201300013742;0;7;0;0;0;1;1;B01
201300013742;0;7;0;0;0;7;6;A01
201300013743;0;7;0;0;0;0;1;B01
201300013743;0;7;0;0;2;3;2;A01
201300013744;0;33;0;0;0;1;1;B01
201300013744;0;1;0;0;0;6;1;A01
201300013745;0;30;0;0;2;1;2;A01
201300013745;0;7;0;0;2;4;2;B01
201300013746;0;7;0;0;2;3;16;B01
201300013746;0;7;0;0;2;7;19;A01
201300013747;0;7;0;0;2;3;9;A01
201300013747;0;32;0;0;2;1;2;B01
201300013748;0;7;0;0;2;4;0;A01
201300013748;0;33;0;0;2;1;2;B01
201300013749;0;33;0;0;0;7;17;B01
201300013749;0;7;0;0;0;3;15;A01
201300013750;0;7;0;6;2;1;1;A01
201300013750;0;7;0;0;2;3;1;B01
201300013751;0;7;0;0;2;8;15;B01
201300013751;0;33;0;0;2;6;2;A01
201300013752;0;7;0;0;1;2;11;A01
201300013753;0;34;0;0;2;1;1;B01
201300013753;0;7;0;0;2;8;11;A01
201300013754;0;7;0;0;1;3;1;A01
201300013755;0;7;0;0;0;3;9;A01
201300013755;0;10;0;0;0;7;1;B01
201300013756;0;7;0;0;0;5;20;A01
201300013756;0;7;0;0;2;3;2;B01
201300013757;0;7;0;0;2;1;11;A01
201300013757;0;7;0;0;2;1;2;B01
201300013758;0;32;0;0;2;1;17;B01
201300013758;0;7;0;0;2;6;15;A01
201300013759;0;7;0;2;0;1;2;A01
201300013760;0;7;0;0;2;1;15;A01
201300013760;0;33;0;0;2;1;16;B01
201300013761;0;7;0;0;0;2;14;A01
201300013761;0;1;0;0;0;8;2;B01
201300013762;0;7;0;0;0;6;1;B01
201300013762;0;34;0;0;2;1;2;A01
201300013763;0;13;0;0;2;0;0;C01
201300013763;0;7;0;0;2;0;0;A01
201300013763;0;15;0;0;2;0;0;B01
201300013764;0;7;0;0;1;3;5;A01
201300013765;0;7;0;0;2;4;23;B01
201300013765;0;7;0;0;2;1;2;A01
201300013766;0;34;0;0;2;1;9;A01
201300013766;0;7;0;0;2;5;9;B01
201300013767;0;7;0;0;0;8;15;B01
201300013767;0;10;0;0;2;2;17;A01
201300013768;0;7;0;0;2;1;0;A01
201300013768;0;10;0;0;2;3;0;B01
201300013769;0;7;0;0;1;1;0;A01
201300013770;0;33;0;0;2;1;1;A01
201300013770;0;7;0;1;2;5;15;B01
201300013771;0;7;0;0;2;3;0;A01
201300013771;0;34;0;0;2;2;1;B01
201300013772;0;31;0;0;2;1;17;A01
201300013772;0;3;0;0;2;1;0;B01
201300013773;0;1;0;0;0;1;1;B01
201300013773;0;7;0;0;0;3;9;A01
201300013774;0;7;0;0;1;8;0;A01
201300013775;0;2;0;0;2;1;2;C01
201300013775;0;2;0;0;2;1;2;A01
201300013775;0;7;0;0;0;4;2;B01
201300013776;0;7;0;0;0;4;2;B01
201300013776;1;7;0;0;0;0;0;Z01
201300013777;0;7;0;0;2;2;0;B01
201300013777;1;99;0;0;0;0;0;A01
201300013778;1;7;0;0;0;2;1;A01
201300013778;0;7;0;0;0;2;9;B01
201300013779;0;7;0;0;0;4;2;B01
201300013779;0;30;0;0;0;1;2;A01
201300013780;0;7;0;0;1;2;2;A01
201300013781;0;32;0;0;0;1;1;B01
201300013781;0;7;0;0;0;2;15;A01
201300013782;1;7;0;0;1;1;1;A01
201300013783;0;7;0;0;2;3;15;A01
201300013783;0;2;0;0;2;1;1;B01
201300013784;0;7;0;0;2;1;1;B01
201300013784;0;7;0;0;2;2;1;A01
201300013785;0;33;0;0;2;1;1;A01
201300013785;0;7;0;0;2;3;1;B01
201300013786;0;7;0;0;1;3;1;A01
201300013787;0;7;0;0;0;4;23;C01
201300013787;0;7;0;0;2;4;23;B01
201300013787;0;7;0;0;2;1;0;A01
201300013788;0;7;0;0;2;4;2;B01
201300013788;0;7;0;0;2;1;0;A01
201300013789;0;30;0;0;1;1;1;A01
201300013790;0;7;0;0;2;1;2;A01
201300013790;0;7;0;0;2;4;2;C01
201300013790;0;7;0;0;2;4;2;B01
201300013791;0;14;0;14;0;0;1;A01
201300013792;0;30;0;0;2;7;17;A01
201300013792;0;7;0;0;2;8;15;B01
201300013793;0;7;0;0;2;3;15;A01
201300013793;0;34;0;0;2;2;17;B01
201300013794;0;7;0;14;0;2;2;A01
201300013795;0;33;0;0;2;1;1;B01
201300013795;0;7;0;0;0;8;11;A01
201300013796;0;7;0;0;1;6;1;A01
201300013797;0;7;0;6;0;1;0;A01
201300013798;0;2;0;0;2;1;1;B01
201300013798;0;7;0;0;2;3;1;A01
201300013799;0;32;0;0;2;2;0;B01
201300013799;0;7;0;0;2;0;0;A01
201300013800;0;34;0;0;1;1;1;A01
201300013800;0;7;0;0;2;1;1;B01
201300013801;0;34;0;0;2;1;1;B01
201300013801;0;7;0;0;2;3;9;A01
201300013802;0;33;0;0;2;0;9;B01
201300013802;0;7;0;0;2;0;0;A01
201300013803;0;32;0;0;2;1;1;A01
201300013803;0;7;0;0;2;4;1;B01
201300013804;1;99;0;0;1;0;0;Z01
201300013805;0;7;0;0;2;3;15;B01
201300013805;0;30;0;0;2;7;1;A01
201300013806;0;7;0;0;2;2;15;A01
201300013806;0;32;0;0;2;1;1;B01
201300013807;1;7;0;0;2;0;1;Z01
201300013807;0;34;0;0;2;2;1;B01
201300013808;0;34;0;0;1;1;2;A01
201300013809;0;7;0;0;9;8;0;A01
201300013809;0;32;0;0;2;1;0;B01
201300013810;0;99;0;0;1;2;1;A01
201300013811;0;7;0;0;0;2;9;A01
201300013811;0;34;0;0;2;8;2;B01
201300013812;0;7;0;0;9;8;1;B01
201300013812;0;2;0;0;2;1;1;A01
201300013813;0;7;0;0;2;8;1;B01
201300013813;0;32;0;0;2;7;3;A01
201300013814;1;33;0;0;2;5;0;A01
201300013814;1;7;0;0;2;2;0;Z01
201300013815;0;7;0;13;0;1;1;A01
201300013816;0;37;50;0;2;2;9;A01
201300013816;0;7;0;0;0;4;1;B01
201300013817;0;7;0;0;2;1;0;A01
201300013817;0;7;0;0;2;4;0;B01
201300013818;0;32;0;0;2;1;2;A01
201300013818;1;7;0;0;2;5;1;Z01
201300013819;2;32;0;0;2;1;1;A01
201300013819;0;7;0;0;2;2;15;B01
201300013820;1;7;0;0;2;1;2;Z01
201300013820;0;7;0;0;2;4;23;B01
201300013821;1;3;0;0;1;4;4;Z01
201300013822;0;7;0;0;2;4;1;B01
201300013822;0;7;0;0;2;1;17;A01
201300013822;0;7;0;0;2;3;1;D01
201300013822;0;7;0;0;2;1;1;C01
201300013823;0;7;0;1;0;1;1;A01
201300013824;0;7;0;0;2;3;15;B01
201300013824;0;32;0;0;2;1;17;A01
201300013825;0;7;0;0;1;2;1;A01
201300013826;0;7;0;0;1;1;1;A01
201300013827;0;7;0;0;2;3;15;A01
201300013827;0;30;0;0;2;3;1;B01
201300013828;1;7;0;0;2;5;15;Z01
201300013828;0;30;0;0;2;1;1;A01
201300013829;0;7;0;10;0;3;13;A01
201300013830;0;33;0;0;2;1;1;B01
201300013830;0;10;0;0;2;2;15;A01
201300013831;0;7;0;0;2;1;2;A01
201300013831;0;7;0;0;2;4;2;B01
201300013831;0;7;0;0;2;4;2;C01
201300013832;0;7;0;0;2;7;22;B01
201300013832;0;30;0;1;0;7;0;A01
201300013833;0;7;0;0;2;4;2;C01
201300013833;0;7;0;0;2;1;2;B01
201300013833;0;7;0;0;2;4;2;D01
201300013833;0;7;0;0;2;1;2;A01
201300013834;0;10;0;0;2;1;2;A01
201300013834;0;7;0;0;0;4;2;B01
201300013835;0;7;0;0;2;3;3;B01
201300013835;0;1;0;0;2;1;2;A01
201300013836;0;7;0;0;2;4;2;B01
201300013836;0;7;0;0;2;1;12;A01
201300013837;0;33;0;0;2;1;1;B01
201300013837;0;7;0;0;2;3;1;A01
201300013838;0;7;0;0;1;2;0;A01
201300013839;0;7;0;0;1;1;0;A01
201300013840;0;7;0;0;2;3;9;A01
201300013840;0;99;0;0;2;1;1;B01
201300013841;0;7;0;0;1;1;1;A01
201300013842;0;1;0;0;2;3;9;B01
201300013842;1;7;0;0;2;2;0;Z01
201300013843;0;7;0;0;2;7;1;A01
201300013843;0;7;0;0;2;1;15;B01
201300013844;0;7;0;0;2;5;16;B01
201300013844;0;33;0;0;2;1;1;A01
201300013845;0;7;0;0;2;0;1;A01
201300013845;0;32;0;0;2;1;1;B01
201300013846;0;30;0;0;2;1;1;B01
201300013846;0;7;0;0;2;2;0;A01
201300013847;0;7;0;0;2;3;9;A01
201300013847;0;34;0;0;2;1;2;B01
201300013848;0;7;0;3;1;1;0;A01
201300013849;0;20;0;0;0;0;0;A01
201300013849;0;7;0;14;9;2;1;B01
201300013850;0;7;0;0;2;2;1;A01
201300013850;0;7;0;0;2;3;23;B01
201300013851;0;33;0;0;2;7;0;A01
201300013851;0;20;0;0;2;1;0;B01
201300013852;0;33;0;0;0;7;1;A01
201300013853;0;7;0;0;2;1;2;A01
201300013853;0;7;0;0;2;4;2;B01
201300013854;0;7;0;0;0;1;0;A01
201300013855;0;7;0;0;2;4;1;B01
201300013855;0;7;0;0;2;2;1;A01
201300013856;0;33;0;0;0;4;23;B01
201300013856;0;7;0;1;0;3;2;A01
201300013857;0;33;0;0;0;3;1;A01
201300013858;0;7;0;0;2;0;15;A01
201300013858;0;30;0;0;2;3;1;B01
201300013859;0;7;0;0;1;7;13;A01
201300013860;0;7;0;0;1;1;2;A01
201300013861;0;37;20;1;1;3;2;A01
201300013861;0;7;0;0;0;5;2;B01
201300013862;0;7;0;0;2;4;2;A01
201300013862;0;7;0;0;2;4;2;B01
201300013863;0;31;0;0;2;1;1;A01
201300013863;0;7;0;0;2;3;9;B01
201300013864;0;34;0;0;2;1;1;B01
201300013864;0;7;0;0;2;1;1;A01
201300013865;0;7;0;11;0;1;16;A01
201300013866;0;7;0;0;2;1;1;A01
201300013866;0;7;0;0;0;4;23;B01
201300013867;0;7;0;0;2;3;15;A01
201300013867;0;32;0;0;2;7;1;B01
201300013868;0;7;0;0;2;1;9;A01
201300013868;0;33;0;0;2;7;1;B01
201300013869;0;30;0;0;2;6;5;A01
201300013869;0;34;0;0;2;1;0;B01
201300013870;1;7;0;0;2;2;0;Z01
201300013870;0;7;0;0;2;0;2;A01
201300013871;0;7;0;0;2;5;1;B01
201300013871;0;7;0;0;2;1;0;A01
201300013872;0;7;0;0;2;2;2;B01
201300013872;0;7;0;0;0;3;23;C01
201300013872;0;10;0;0;0;8;10;A01
201300013873;0;34;0;0;2;4;0;B01
201300013873;1;7;0;0;2;1;0;A01
201300013874;0;7;0;0;9;8;13;A01
201300013874;0;1;0;0;2;1;2;B01
201300013875;0;33;0;0;0;1;1;B01
201300013875;0;7;0;0;0;8;1;A01
201300013876;0;7;0;1;1;7;0;A01
201300013877;0;7;0;1;0;1;1;A01
201300013878;2;7;0;0;2;1;19;A01
201300013878;0;7;0;8;2;5;1;B01
201300013879;0;7;0;0;2;1;10;A01
201300013879;0;33;0;0;2;1;1;B01
201300013880;1;99;0;0;1;3;0;Z01
201300013881;1;99;0;0;1;0;0;Z01
201300013882;0;7;0;0;2;2;10;A01
201300013882;0;34;0;0;2;1;1;B01
201300013883;0;7;0;0;2;4;2;B01
201300013883;0;7;0;0;2;1;2;A01
201300013884;0;31;0;0;2;1;2;B01
201300013884;0;7;0;0;2;3;1;A01
201300013885;0;7;0;0;2;5;1;B01
201300013885;1;7;0;0;2;0;0;Z01
201300013886;0;33;0;0;0;8;17;A01
201300013887;0;2;0;0;0;0;2;A01
201300013888;0;7;0;0;2;6;11;A01
201300013888;0;33;0;0;2;1;1;B01
201300013889;0;7;0;0;1;1;0;A01
201300013890;0;34;0;0;2;2;1;B01
201300013890;1;7;0;0;2;6;4;Z01
201300013891;0;7;0;0;0;3;15;A01
201300013891;0;2;0;0;0;1;1;B01
201300013892;0;32;0;0;1;1;3;A01
201300013893;0;7;0;0;2;1;1;A01
201300013893;0;7;0;6;0;4;1;B01
201300013894;0;2;0;0;1;0;0;A01
201300013895;0;7;0;0;2;0;1;B01
201300013895;1;99;0;0;2;2;0;Z01
201300013896;0;7;0;0;2;2;15;A01
201300013896;1;3;0;0;2;5;1;B01
201300013897;0;7;0;0;2;1;2;A01
201300013897;0;7;0;0;2;4;2;B01
201300013898;0;7;0;0;1;1;19;A01
201300013899;1;7;0;0;2;0;0;Z01
201300013899;0;7;0;0;2;7;1;B01
201300013900;0;7;0;0;1;0;0;A01
201300013901;0;34;0;0;2;7;0;B01
201300013901;0;37;4;0;2;8;0;A01
201300013901;0;7;0;0;2;4;2;C01
201300013902;1;33;0;0;9;1;1;Z01
201300013902;0;1;0;0;9;1;1;B01
201300013903;0;7;0;0;2;6;9;A01
201300013903;0;31;0;0;2;1;2;B01
201300013904;0;7;0;0;1;8;1;B01
201300013904;0;7;0;0;1;3;16;A01
201300013905;0;7;0;0;2;1;1;A01
201300013905;0;7;0;0;2;4;1;B01
201300013906;0;7;0;0;2;4;23;B01
201300013906;0;7;0;0;2;1;1;A01
201300013907;0;31;0;0;2;1;1;B01
201300013907;0;7;0;0;0;2;9;A01
201300013908;0;32;0;0;1;0;0;A01
201300013909;0;7;0;0;1;1;1;A01
201300013910;0;2;0;12;0;1;14;A01
201300013911;0;7;0;0;2;2;0;A01
201300013911;0;13;0;0;0;6;1;B01
201300013912;0;7;0;0;1;1;1;A01
201300013913;0;7;0;0;2;8;1;B01
201300013913;0;15;0;0;2;6;15;A01
201300013914;0;30;0;0;0;0;1;A01
201300013915;0;7;0;9;0;1;1;A01
201300013916;0;30;0;0;2;1;17;A01
201300013916;0;7;0;0;2;3;15;B01
201300013917;0;30;0;0;0;0;17;A01
201300013917;0;7;0;0;0;0;15;B01
201300013918;0;34;0;11;0;1;0;A01
201300013919;0;7;0;0;2;8;2;B01
201300013919;0;7;0;0;2;1;2;A01
201300013920;0;30;0;0;2;7;17;A01
201300013920;0;7;0;0;2;8;15;B01
201300013921;0;7;0;0;2;1;2;A01
201300013921;0;7;0;0;2;4;2;B01
201300013922;0;7;0;0;2;1;1;A01
201300013922;0;7;0;0;1;4;1;B01
201300013923;0;10;0;0;2;1;2;A01
201300013923;0;7;0;0;2;4;23;B01
201300013924;0;7;0;0;2;4;0;B01
201300013924;0;7;0;0;2;1;1;A01
201300013925;0;7;0;0;2;1;2;A01
201300013925;0;7;0;0;2;4;2;B01
201300013926;0;7;0;0;2;3;1;A01
201300013926;0;33;0;0;2;1;1;B01
201300013927;0;7;0;8;0;1;1;A01
201300013928;0;32;0;8;0;7;1;A01
201300013929;0;7;0;0;2;3;15;A01
201300013929;0;30;0;0;2;7;17;B01
201300013930;0;7;0;0;2;4;2;B01
201300013930;0;7;0;0;2;1;2;A01
201300013931;0;32;0;0;2;1;0;B01
201300013931;0;7;0;0;2;2;0;A01
201300013932;0;31;0;0;2;0;1;B01
201300013932;0;7;0;0;2;0;9;A01
201300013933;0;33;0;0;2;1;2;A01
201300013933;0;7;0;0;2;6;2;B01
201300013934;0;7;0;0;2;3;1;B01
201300013934;0;7;0;0;2;2;19;A01
201300013935;0;7;0;0;0;8;20;A01
201300013935;0;1;0;0;2;1;1;B01
201300013936;0;7;0;0;2;4;1;A01
201300013936;1;7;0;0;2;1;1;Z01
201300013937;0;7;0;0;0;9;14;A01
201300013938;1;7;0;0;2;0;0;Z01
201300013938;0;30;0;0;2;0;1;B01
201300013939;0;7;0;0;2;3;1;B01
201300013939;0;7;0;0;2;3;13;A01
201300013940;0;7;0;0;2;4;23;C01
201300013940;0;7;0;0;2;9;23;B01
201300013940;1;7;0;0;2;1;2;Z01
201300013941;0;33;0;0;2;2;1;B01
201300013941;0;7;0;0;2;3;15;A01
201300013942;0;7;0;0;0;4;23;A01
201300013942;0;7;0;0;2;1;2;B01
201300013943;0;7;0;0;1;2;1;A01
201300013944;0;7;0;0;1;1;2;A01
201300013945;0;3;0;0;0;4;1;B01
201300013945;0;7;0;0;0;1;1;A01
201300013946;0;7;0;0;2;1;2;A01
201300013946;0;7;0;0;2;4;2;B01
201300013947;0;7;0;4;0;3;0;A01
201300013948;0;31;0;0;2;1;17;A01
201300013948;0;7;0;0;2;3;1;B01
201300013949;0;7;0;0;2;4;23;B01
201300013949;1;7;0;0;2;1;1;Z01
201300013950;0;7;0;0;1;2;16;A01
201300013951;0;34;0;0;2;1;17;A01
201300013951;0;33;0;0;2;1;1;B01
201300013952;0;37;4;0;2;2;1;A01
201300013952;0;17;0;0;2;3;15;B01
201300013953;0;7;0;0;2;1;2;A01
201300013953;0;31;0;0;2;1;1;B01
201300013954;0;30;0;0;2;1;2;A01
201300013954;0;7;0;0;0;8;15;B01
201300013955;0;7;0;0;1;1;19;A01
201300013956;0;7;0;0;2;3;13;A01
201300013956;0;7;0;0;2;3;1;B01
201300013957;1;7;0;0;1;1;1;Z01
201300013958;0;2;0;0;2;0;1;B01
201300013958;1;7;0;0;2;0;10;Z01
201300013959;1;7;0;0;2;0;1;Z01
201300013959;0;7;0;0;2;0;1;B01
201300013960;0;31;0;0;2;7;17;B01
201300013960;1;13;0;0;2;6;13;Z01
201300013961;1;7;0;0;2;1;1;Z01
201300013961;0;7;0;0;2;4;23;B01
201300013962;0;34;0;0;2;2;1;B01
201300013962;0;7;0;0;2;3;19;A01
201300013963;0;7;0;0;0;7;23;B01
201300013963;1;32;0;0;2;1;18;A01
201300013964;0;32;0;0;2;8;1;B01
201300013964;0;7;0;0;2;2;12;A01
201300013965;1;32;0;0;1;1;0;Z01
201300013966;0;30;0;0;0;8;2;A01
201300013966;0;30;0;0;2;0;2;B01
201300013966;0;7;0;0;0;0;0;C01
201300013967;0;7;0;0;0;2;19;A01
201300013967;0;2;0;0;2;1;19;B01
201300013968;0;34;0;0;2;4;2;B01
201300013968;1;7;0;0;2;1;0;Z01
201300013969;0;7;0;0;2;7;16;B01
201300013969;0;30;0;0;2;3;2;A01
201300013970;1;99;0;0;2;0;0;Z01
201300013970;0;7;0;0;2;1;1;B01
201300013970;0;30;0;0;2;1;1;A01
201300013971;1;30;0;0;1;1;1;Z01
201300013972;1;7;0;0;1;1;5;Z01
201300013973;1;7;0;0;1;1;1;Z01
201300013974;0;7;0;0;2;3;15;A01
201300013974;0;33;0;0;2;2;1;B01
201300013975;1;7;0;0;1;1;0;Z01
201300013976;0;7;0;0;2;8;19;A01
201300013976;0;7;0;0;2;1;1;B01
201300013977;0;7;0;0;1;0;0;A01
201300013978;0;7;0;0;2;7;15;A01
201300013978;0;33;0;0;2;2;1;B01
201300013979;0;30;0;0;2;1;1;B01
201300013979;0;7;0;0;0;0;0;A01
201300013980;0;1;0;0;2;1;1;B01
201300013980;0;7;0;0;2;3;23;A01
201300013981;0;33;0;15;0;2;0;A01
201300013982;1;7;0;0;1;1;1;A01
201300013983;0;34;0;0;2;2;17;A01
201300013983;0;10;0;0;2;6;15;B01
201300013984;0;7;0;0;1;3;15;A01
201300013985;0;7;0;0;2;3;1;B01
201300013985;0;7;0;0;2;5;15;A01
201300013986;0;7;0;0;1;1;0;A01
201300013987;0;7;0;0;1;1;2;A01
201300013988;0;7;0;0;2;8;15;A01
201300013988;0;32;0;0;2;2;17;B01
201300013989;0;7;0;0;2;8;2;B01
201300013989;0;13;0;0;2;7;12;A01
201300013990;0;34;0;0;2;1;1;A01
201300013990;0;7;0;0;2;4;1;B01
201300013991;0;33;0;0;2;1;1;B01
201300013991;0;7;0;0;2;3;19;A01
201300013992;0;7;0;0;2;3;1;A01
201300013992;0;7;0;0;2;5;12;B01
201300013993;0;7;0;13;0;2;1;A01
201300013994;0;7;0;0;2;4;23;B01
201300013994;0;7;0;0;2;1;1;A01
201300013994;0;7;0;0;2;4;23;C01
201300013994;0;7;0;0;2;4;23;D01
201300013995;0;7;0;0;0;4;2;B01
201300013995;0;10;0;0;0;1;2;A01
201300013996;0;7;0;0;1;8;1;A01
201300013997;0;33;0;0;2;1;5;A01
201300013997;0;30;0;0;2;1;1;B01
201300013998;0;7;0;0;2;4;1;B01
201300013998;0;7;0;0;2;1;1;A01
201300013999;0;7;0;0;2;1;1;A01
201300013999;0;7;0;0;2;6;1;B01
201300014000;0;7;0;0;2;3;0;A01
201300014000;0;30;0;0;2;1;0;B01
201300014001;0;7;0;8;0;1;0;A01
201300014001;0;30;0;8;0;1;1;B01
201300014002;1;7;0;0;2;0;0;Z01
201300014002;0;2;0;0;2;0;1;B01
201300014003;0;7;0;0;2;6;2;C01
201300014003;0;7;0;0;2;2;9;A01
201300014003;0;7;0;0;2;6;0;B01
201300014004;0;7;0;0;2;3;15;A01
201300014004;0;32;0;0;2;1;0;B01
201300014005;1;7;0;0;1;0;1;A01
201300014006;0;7;0;0;2;2;15;A01
201300014006;0;33;0;0;2;1;1;B01
201300014007;0;7;0;2;0;2;14;A01
201300014008;0;7;0;0;2;4;0;A01
201300014008;0;7;0;0;0;1;0;B01
201300014009;0;7;0;0;2;3;2;A01
201300014009;0;7;0;0;2;5;2;B01
201300014010;1;7;0;0;1;0;0;Z01
201300014011;0;7;0;1;1;1;21;A01
201300014012;0;32;0;0;2;1;21;B01
201300014012;0;10;0;0;2;0;16;A01
201300014012;0;10;0;0;2;1;5;C01