num_acc;senc;catv;occutc;obs;obsm;choc;manv;num_veh
201300014013;0;30;0;0;2;2;1;A01
201300014013;0;7;0;0;2;3;15;B01
201300014014;0;7;0;0;0;5;2;B01
201300014014;0;37;8;0;2;3;21;A01
201300014015;1;7;0;0;1;1;1;Z01
201300014016;0;7;0;0;2;1;9;B01
201300014016;0;7;0;0;2;3;9;A01
201300014017;0;7;0;0;2;1;2;A01
201300014017;0;7;0;0;0;4;2;B01
201300014018;1;34;0;0;2;0;1;Z01
201300014018;0;7;0;0;2;0;1;B01
201300014019;0;7;0;0;2;3;1;B01
201300014019;0;33;0;0;2;7;17;A01
201300014020;0;1;0;0;2;0;1;A01
201300014020;1;7;0;0;0;0;0;Z01
201300014021;0;7;0;0;1;3;1;A01
201300014022;0;7;0;0;2;1;2;A01
201300014022;0;7;0;0;2;4;2;B01
201300014022;0;7;0;0;0;4;2;C01
201300014023;0;7;0;0;2;6;0;A01
201300014023;0;7;0;0;2;2;1;B01
201300014024;0;7;0;0;2;2;0;A01
201300014024;0;32;0;0;2;4;3;B01
201300014025;0;34;0;0;0;0;0;A01
201300014026;0;7;0;0;1;5;4;A01
201300014027;0;7;0;0;2;8;15;B01
201300014027;0;32;0;0;2;1;17;A01
201300014028;0;7;0;0;2;1;9;A01
201300014028;0;33;0;0;2;7;1;B01
201300014029;0;7;0;0;2;8;15;A01
201300014029;0;31;0;0;2;1;17;B01
201300014030;0;14;0;0;0;1;0;A01
201300014030;0;7;0;0;0;4;0;B01
201300014031;0;7;0;1;0;1;15;A01
201300014032;1;7;0;0;2;0;0;Z01
201300014032;0;30;0;0;2;0;0;A01
201300014033;0;33;0;13;0;1;2;A01
201300014034;0;7;0;0;2;8;9;A01
201300014034;0;31;0;0;2;1;2;B01
201300014035;0;7;0;0;2;7;1;B01
201300014035;0;33;0;0;2;7;1;C01
201300014035;1;99;0;0;0;0;0;Z01
201300014036;0;7;0;0;0;4;1;B01
201300014036;0;7;0;0;2;1;1;A01
201300014037;0;32;0;0;2;0;0;B01
201300014037;1;10;0;0;2;0;0;Z01
201300014038;0;7;0;0;2;4;23;B01
201300014038;1;7;0;0;2;1;1;Z01
201300014039;0;7;0;0;0;7;2;C01
201300014039;0;7;0;0;2;7;2;B01
201300014039;0;7;0;0;2;4;4;A01
201300014040;0;7;0;0;2;4;23;B01
201300014040;1;7;0;0;2;1;1;Z01
201300014041;0;33;0;0;0;9;1;A01
201300014042;0;7;0;0;1;2;0;A01
201300014043;0;7;0;0;2;4;23;B01
201300014043;0;32;0;0;2;1;1;A01
201300014044;0;7;0;0;2;2;15;A01
201300014044;0;7;0;0;2;3;1;B01
201300014045;0;32;0;0;2;7;1;B01
201300014045;0;7;0;0;2;3;9;A01
201300014046;0;7;0;0;2;1;21;A01
201300014046;0;7;0;0;2;8;23;B01
201300014047;0;7;0;0;2;0;15;B01
201300014047;0;30;0;0;2;1;17;A01
201300014048;0;7;0;0;2;4;1;B01
201300014048;1;7;0;0;2;1;1;Z01
201300014049;0;33;0;0;2;1;1;A01
201300014049;0;7;0;0;2;2;1;B01
201300014050;0;33;0;0;2;7;1;B01
201300014050;0;7;0;0;2;8;10;A01
201300014051;0;13;0;0;2;7;12;A01
201300014051;0;7;0;0;2;8;2;B01
201300014052;0;7;0;0;0;4;23;B01
201300014052;0;7;0;0;2;3;15;A01
201300014053;0;34;0;0;0;1;17;A01
201300014053;0;7;0;0;0;3;9;B01
201300014054;0;7;0;0;2;2;9;A01
201300014054;0;30;0;0;2;1;1;B01
201300014055;0;10;0;0;2;3;2;A01
201300014055;0;7;0;0;2;3;2;B01
201300014056;0;7;0;0;1;2;17;A01
201300014057;0;7;0;0;0;3;15;A01
201300014057;0;30;0;0;2;2;1;B01
201300014058;0;7;0;8;0;1;1;A01
201300014059;1;37;0;0;1;0;1;Z01
201300014060;1;33;0;0;1;0;0;Z01
201300014061;1;30;0;0;1;1;2;Z01
201300014062;0;32;0;0;0;4;2;B01
201300014062;0;7;0;0;2;1;0;A01
201300014063;0;13;0;0;1;6;1;A01
201300014064;0;7;0;0;2;1;15;A01
201300014064;0;7;0;0;2;2;0;B01
201300014065;0;7;0;0;2;6;15;A01
201300014065;0;7;0;0;2;3;1;B01
201300014066;0;7;0;0;2;2;1;B01
201300014066;0;32;0;0;2;1;1;A01
201300014067;0;7;0;0;1;2;1;A01
201300014068;0;2;0;0;2;4;2;B01
201300014068;0;34;0;0;2;1;2;A01
201300014069;0;7;0;0;1;2;2;A01
201300014070;0;10;0;0;2;6;15;B01
201300014070;0;33;0;0;2;1;17;A01
201300014071;0;33;0;0;2;0;0;B01
201300014071;0;2;0;0;2;0;0;A01
201300014072;0;7;0;0;2;0;15;A01
201300014072;0;34;0;0;2;0;17;B01
201300014073;0;40;0;0;1;1;1;B01
201300014074;0;7;0;0;2;1;1;B01
201300014074;0;7;0;1;2;8;9;A01
201300014075;0;33;0;0;2;1;2;A01
201300014075;0;7;0;0;0;4;2;B01
201300014076;0;7;0;0;2;3;1;C01
201300014076;0;10;0;0;2;3;15;B01
201300014076;0;30;0;0;2;2;17;A01
201300014077;0;2;0;0;2;1;1;B01
201300014077;0;7;0;0;2;2;15;A01
201300014078;0;7;0;0;1;2;0;A01
201300014079;0;7;0;0;2;8;11;A01
201300014079;0;34;0;0;2;7;1;B01
201300014080;0;7;0;0;1;2;1;A01
201300014081;0;7;0;1;0;3;16;A01
201300014082;0;7;0;0;2;3;15;A01
201300014082;0;33;0;0;2;1;21;B01
201300014083;1;7;0;0;1;1;1;Z01
201300014084;0;7;0;0;2;1;15;A01
201300014084;0;33;0;0;2;1;1;B01
201300014085;0;7;0;0;0;4;1;D01
201300014085;0;7;0;0;2;4;1;C01
201300014085;0;7;0;0;2;4;1;B01
201300014085;0;7;0;0;2;1;1;A01
201300014086;0;31;0;0;1;1;1;A01
201300014087;0;34;0;0;0;7;1;A01
201300014088;0;33;0;0;2;7;1;B01
201300014088;0;33;0;0;2;4;21;C01
201300014088;2;7;0;0;2;8;20;A01
201300014089;1;7;0;0;1;2;1;A01
201300014090;0;33;0;0;2;8;1;B01
201300014090;0;7;0;0;0;0;12;A01
201300014091;0;33;0;0;2;1;1;A01
201300014091;0;7;0;0;2;3;15;B01
201300014092;0;7;0;0;2;2;9;A01
201300014092;0;33;0;0;2;1;2;B01
201300014093;0;7;0;0;0;8;0;A01
201300014094;0;7;0;0;0;8;15;B01
201300014094;0;32;0;0;2;1;17;A01
201300014095;0;7;0;0;2;4;1;B01
201300014095;1;7;0;0;2;1;1;Z01
201300014096;0;33;0;0;2;5;20;B01
201300014096;0;37;10;0;2;2;1;A01
201300014097;0;2;0;0;2;1;1;B01
201300014097;0;7;0;0;2;2;15;A01
201300014098;0;7;0;0;2;2;1;B01
201300014098;0;7;0;0;2;5;15;A01
201300014099;0;7;0;0;2;2;15;A01
201300014099;0;7;0;9;2;1;21;B01
201300014100;0;30;0;0;2;1;1;A01
201300014100;0;7;0;0;2;1;15;B01
201300014101;1;7;0;0;2;0;17;Z01
201300014101;0;7;0;0;2;1;1;B01
201300014102;0;7;0;0;2;1;15;B01
201300014102;0;31;0;0;2;1;18;A01
201300014103;0;7;0;0;0;4;2;B01
201300014103;0;7;0;0;2;1;2;A01
201300014104;0;7;0;0;1;2;1;A01
201300014105;0;2;0;0;2;3;1;A01
201300014105;1;7;0;1;0;0;0;Z01
201300014106;0;30;0;0;2;7;1;C01
201300014106;1;99;0;0;2;0;13;Z01
201300014106;0;30;0;0;2;7;1;B01
201300014107;0;7;0;0;2;6;2;B01
201300014107;0;34;0;0;2;2;2;A01
201300014108;0;32;0;0;1;1;5;A01
201300014109;0;2;0;0;2;2;1;A01
201300014109;1;7;0;0;2;1;19;Z01
201300014110;1;31;0;0;1;0;1;Z01
201300014111;0;7;0;0;2;3;1;A01
201300014111;0;30;0;0;2;5;2;B01
201300014112;0;3;0;0;2;4;2;B01
201300014112;0;7;0;0;2;4;2;C01
201300014112;0;7;0;0;2;1;2;A01
201300014113;0;7;0;0;2;1;0;A01
201300014113;0;7;0;0;2;3;19;B01
201300014114;0;33;0;0;2;1;1;A01
201300014114;0;7;0;0;0;4;15;B01
201300014115;0;7;0;0;2;8;2;A01
201300014115;0;30;0;0;2;1;2;B01
201300014116;0;7;0;0;2;8;15;A01
201300014116;0;30;0;0;2;7;9;B01
201300014117;0;7;0;0;1;2;0;A01
201300014118;1;7;0;0;1;1;1;Z01
201300014119;0;7;0;0;1;1;1;A01
201300014120;0;34;0;0;2;1;1;B01
201300014120;0;7;0;0;2;5;10;A01
201300014121;0;7;0;0;2;1;2;A01
201300014121;0;7;0;0;0;4;2;B01
201300014122;0;7;0;0;1;6;4;A01
201300014123;0;32;0;6;0;1;1;A01
201300014124;0;7;0;0;2;2;15;A01
201300014124;0;31;0;0;2;1;1;B01
201300014125;0;34;0;0;2;0;1;B01
201300014125;1;7;0;0;2;0;1;Z01
201300014126;1;7;0;0;1;0;1;Z01
201300014127;0;7;0;0;2;3;1;A01
201300014127;0;33;0;0;2;3;2;B01
201300014128;1;7;0;0;1;1;17;Z01
201300014129;0;7;0;0;1;4;20;A01
201300014130;1;7;0;0;2;1;1;Z01
201300014130;0;7;0;0;2;4;0;B01
201300014131;1;7;0;0;1;1;17;Z01
201300014132;1;99;0;0;1;1;1;Z01
201300014133;0;32;0;0;2;2;0;B01
201300014133;0;7;0;0;2;2;9;A01
201300014134;0;10;0;8;0;2;14;A01
201300014135;0;7;0;0;2;2;23;B01
201300014135;0;30;0;0;2;1;21;A01
201300014136;0;7;0;0;0;4;0;B01
201300014136;1;10;0;0;0;1;0;Z01
201300014137;0;7;0;0;2;8;15;A01
201300014137;0;30;0;0;2;1;1;B01
201300014138;0;7;0;0;2;6;24;B01
201300014138;0;7;0;1;2;3;2;A01
201300014139;1;7;0;0;0;0;0;Z01
201300014139;0;30;0;0;0;2;0;B01
201300014140;0;7;0;0;4;7;16;B01
201300014140;0;32;0;0;2;8;1;A01
201300014141;0;34;0;0;9;1;2;A01
201300014142;0;7;0;0;0;5;23;C01
201300014142;0;7;0;14;0;7;1;A01
201300014142;0;7;0;0;0;1;1;B01
201300014143;0;7;0;0;2;2;2;A01
201300014143;0;7;0;0;0;6;2;B01
201300014144;0;7;0;0;0;4;1;B01
201300014144;0;30;0;0;0;1;1;A01
201300014145;0;37;1;0;1;0;16;A01
201300014146;0;7;0;1;0;5;14;B01
201300014146;0;32;0;0;0;8;1;A01
201300014147;0;7;0;0;2;7;15;A01
201300014147;0;32;0;0;2;0;2;B01
201300014148;1;7;0;0;1;0;0;Z01
201300014149;1;7;0;0;1;1;0;Z01
201300014150;0;7;0;0;2;3;15;A01
201300014150;0;2;0;0;2;2;2;B01
201300014151;2;7;0;0;2;1;2;Z01
201300014151;0;7;0;0;0;4;2;A01
201300014152;0;32;0;0;2;1;1;A01
201300014152;0;10;0;0;2;3;20;B01
201300014153;0;7;0;0;2;2;0;A01
201300014153;1;7;0;;0;2;;B01
201300014154;0;7;0;8;0;2;1;A01
201300014155;1;99;0;0;0;0;0;A01
201300014155;0;99;0;0;0;0;0;B01
201300014156;0;7;0;0;1;0;0;A01
201300014157;0;33;0;1;0;1;1;A01
201300014158;0;7;0;0;1;4;4;A01
201300014159;0;10;0;0;2;1;1;A01
201300014159;0;10;0;0;2;1;1;B01
201300014159;0;14;0;0;0;4;1;C01
201300014160;0;7;0;0;0;1;16;B01
201300014160;0;32;0;0;2;1;5;A01
201300014161;0;30;0;0;2;2;1;B01
201300014161;0;7;0;0;2;2;1;A01
201300014162;0;33;0;1;2;2;1;B01
201300014162;0;7;0;0;2;3;0;A01
201300014163;0;7;0;0;2;6;1;A01
201300014163;0;7;0;0;2;3;1;B01
201300014164;0;7;0;0;2;1;1;A01
201300014164;0;7;0;0;2;4;23;C01
201300014164;0;7;0;0;2;4;23;B01
201300014165;0;7;0;0;2;1;1;A01
201300014165;0;7;0;14;0;4;23;B01
201300014165;0;7;0;0;9;4;23;C01
201300014165;0;7;0;0;2;4;23;D01
201300014166;0;7;0;0;1;3;14;A01
201300014167;0;7;0;0;2;7;1;A01
201300014167;0;7;0;0;2;1;1;B01
201300014168;0;7;0;0;2;3;2;B01
201300014168;0;7;0;0;2;2;2;A01
201300014169;0;7;0;0;2;4;2;B01
201300014169;0;7;0;0;2;1;2;A01
201300014170;0;7;0;0;0;6;2;B01
201300014170;0;32;0;0;2;1;2;A01
201300014171;0;32;0;0;2;1;1;B01
201300014171;0;7;0;0;2;5;1;A01
201300014172;0;34;0;0;0;0;1;A01
201300014173;0;7;0;8;2;7;15;B01
201300014173;0;7;0;0;2;1;15;A01
201300014174;0;7;0;0;2;3;15;B01
201300014174;0;34;0;0;2;1;17;A01
201300014175;1;7;0;0;0;2;10;Z01
201300014175;0;32;0;0;2;1;21;A01
201300014176;0;7;0;0;0;0;0;A01
201300014177;1;7;0;0;2;1;1;Z01
201300014177;0;10;0;0;2;4;2;A01
201300014178;1;7;0;0;2;0;1;Z01
201300014178;0;7;0;0;2;3;16;B01
201300014179;0;7;0;12;0;3;6;A01
201300014180;0;7;0;13;1;1;0;A01
201300014181;0;7;0;0;2;1;19;A01
201300014181;0;30;0;0;2;1;2;B01
201300014182;0;7;0;0;1;2;1;A01
201300014183;0;10;0;0;0;7;0;B01
201300014183;0;10;0;0;0;3;0;A01
201300014184;0;32;0;0;2;7;2;B01
201300014184;0;7;0;0;2;1;9;A01
201300014185;0;31;0;0;2;1;1;B01
201300014185;0;7;0;0;2;3;15;A01
201300014186;0;7;0;0;1;2;1;A01
201300014187;0;32;0;0;2;2;17;A01
201300014187;0;7;0;0;2;2;9;B01
201300014188;0;30;0;0;2;8;2;B01
201300014188;0;7;0;0;2;2;15;A01
201300014189;1;10;0;0;0;;;Z01
201300014189;0;7;0;0;0;8;1;A01
201300014190;0;34;0;0;1;1;1;A01
201300014191;0;7;0;0;2;5;1;B01
201300014191;0;7;0;0;2;1;15;A01
201300014192;0;2;0;0;2;1;1;A01
201300014192;0;7;0;0;2;3;15;B01
201300014193;0;7;0;0;2;1;24;F01
201300014193;0;7;0;0;2;1;13;A01
201300014193;0;7;0;0;2;3;15;B01
201300014194;0;7;0;0;1;6;4;A01
201300014195;0;2;0;0;1;0;0;A01
201300014196;0;32;0;0;2;2;1;A01
201300014196;0;7;0;0;2;5;15;B01
201300014197;1;7;0;0;2;0;13;Z01
201300014197;0;34;0;0;2;0;1;B01
201300014198;0;7;0;0;2;7;15;A01
201300014198;0;7;0;0;2;1;1;B01
201300014199;0;7;0;0;2;3;1;A01
201300014199;0;7;0;0;2;7;1;B01
201300014200;0;2;0;0;2;1;1;B01
201300014200;0;7;0;0;2;1;1;A01
201300014201;0;7;0;0;2;3;9;A01
201300014201;0;34;0;0;2;1;1;B01
201300014202;1;2;0;12;0;9;0;A01
201300014203;0;7;0;0;2;1;5;A01
201300014203;0;7;0;0;2;1;0;B01
201300014204;0;7;0;0;2;3;10;A01
201300014204;0;34;0;0;2;2;17;B01
201300014205;0;34;0;1;0;1;1;B01
201300014205;0;7;0;0;2;3;0;A01
201300014206;0;7;0;0;2;7;1;B01
201300014206;0;7;0;0;2;2;1;A01
201300014207;0;33;0;0;0;7;1;A01
201300014207;0;7;0;0;0;8;1;B01
201300014208;0;32;0;0;2;0;0;B01
201300014208;0;7;0;0;2;0;0;A01
201300014209;0;7;0;0;1;1;1;A01
201300014210;0;7;0;0;2;2;0;B01
201300014210;0;2;0;0;2;1;0;A01
201300014211;0;1;0;0;2;0;2;B01
201300014211;0;7;0;0;9;0;2;A01
201300014212;0;30;0;0;0;6;17;A01
201300014212;0;7;0;0;2;6;1;B01
201300014213;0;7;0;5;0;0;1;A01
201300014214;0;34;0;0;2;1;1;B01
201300014214;0;7;0;0;2;4;19;A01
201300014215;0;7;0;0;2;8;15;A01
201300014215;0;33;0;0;2;2;1;B01
201300014216;0;33;0;0;2;1;17;A01
201300014216;0;7;0;0;0;3;15;B01
201300014217;0;7;0;0;2;5;22;A01
201300014217;0;30;0;0;2;1;1;B01
201300014218;0;30;0;0;2;1;17;B01
201300014218;0;7;0;0;2;2;15;A01
201300014219;0;7;0;0;1;4;4;A01
201300014220;0;32;0;0;0;1;23;B01
201300014220;0;7;0;0;2;4;4;A01
201300014221;0;2;0;0;2;1;1;B01
201300014221;0;7;0;1;2;2;11;A01
201300014222;0;7;0;0;2;1;0;A01
201300014222;0;7;0;0;2;4;0;B01
201300014223;0;7;0;0;2;1;0;A01
201300014223;0;7;0;0;2;2;0;B01
201300014224;0;7;0;0;0;3;9;A01
201300014224;0;33;0;0;2;1;2;B01
201300014225;0;7;0;0;2;1;15;B01
201300014225;0;33;0;0;2;1;0;A01
201300014226;0;7;0;0;2;5;15;A01
201300014226;1;33;0;0;2;2;1;B01
201300014227;1;7;0;0;2;3;18;Z01
201300014227;0;2;0;0;2;2;15;B01
201300014228;0;37;1;0;1;1;1;A01
201300014229;1;7;0;0;1;0;1;Z01
201300014230;0;2;0;0;2;0;1;B01
201300014230;1;7;0;0;2;0;1;Z01
201300014231;1;7;0;0;1;6;1;Z01
201300014232;0;7;0;0;2;1;1;B01
201300014232;0;7;0;0;2;3;13;A01
201300014233;0;30;0;0;2;8;18;A01
201300014233;0;7;0;0;2;7;1;B01
201300014234;0;7;0;0;2;1;1;A01
201300014234;0;7;0;0;2;8;1;B01
201300014235;0;7;0;0;2;7;1;A01
201300014235;0;1;0;0;2;1;0;B01
201300014236;0;31;0;0;2;1;1;A01
201300014236;1;7;0;0;2;6;10;Z01
201300014237;0;7;0;0;2;3;13;A01
201300014237;0;7;0;0;2;3;15;B01
201300014238;0;7;0;0;0;0;0;B01
201300014238;0;7;0;0;0;0;0;A01
201300014239;0;31;0;0;1;1;1;A01
201300014240;0;7;0;0;2;7;1;B01
201300014240;0;7;0;0;2;3;1;A01
201300014241;0;7;0;0;2;3;1;B01
201300014241;0;7;0;0;2;2;1;A01
201300014242;0;7;0;0;2;1;5;A01
201300014242;0;7;0;0;2;1;1;B01
201300014243;0;7;0;0;2;3;6;A01
201300014243;0;32;0;0;2;8;1;B01
201300014244;0;37;1;0;1;1;1;A01
201300014245;0;32;0;0;2;1;1;B01
201300014245;0;7;0;0;2;7;16;A01
201300014246;0;7;0;0;2;1;1;B01
201300014246;0;7;0;0;2;2;1;A01
201300014247;0;7;0;0;2;4;1;C01
201300014247;0;7;0;0;2;1;1;A01
201300014247;0;7;0;0;0;4;1;D01
201300014247;0;7;0;0;2;4;1;B01
201300014248;0;7;0;0;1;2;2;A01
201300014249;0;32;0;0;2;5;12;B01
201300014249;0;7;0;0;2;3;1;A01
201300014250;0;32;0;0;2;3;2;B01
201300014250;0;7;0;0;2;0;15;A01
201300014251;1;30;0;0;1;1;1;Z01
201300014252;0;33;0;0;1;6;1;A01
201300014253;0;7;0;0;0;6;2;B01
201300014253;0;7;0;0;2;2;2;A01
201300014254;0;7;0;6;0;3;0;A01
201300014255;0;2;0;0;1;1;1;A01
201300014256;0;7;0;0;2;1;2;A01
201300014256;0;7;0;0;2;4;2;C01
201300014256;0;7;0;0;2;4;2;B01
201300014257;0;31;0;0;2;4;2;B01
201300014257;0;32;0;0;2;1;2;A01
201300014258;0;34;0;0;1;1;1;A01
201300014259;0;33;0;0;0;3;0;A01
201300014260;0;7;0;0;1;3;1;A01
201300014261;0;7;0;0;2;8;13;A01
201300014261;0;30;0;0;2;1;2;B01
201300014262;1;34;0;0;1;0;1;Z01
201300014263;1;7;0;0;1;1;1;Z01
201300014264;1;7;0;0;2;1;2;Z01
201300014264;0;7;0;0;2;4;1;B01
201300014265;1;7;0;0;0;0;14;Z01
201300014265;0;7;0;4;0;7;21;B01
201300014266;0;7;0;0;1;5;4;A01
201300014267;0;2;0;0;2;2;9;A01
201300014267;0;7;0;0;2;1;1;B01
201300014268;0;30;0;0;2;8;1;A01
201300014268;1;20;0;0;2;7;14;Z01
201300014269;0;37;0;0;1;1;0;A01
201300014270;1;7;0;0;1;1;0;Z01
201300014271;0;7;0;0;2;4;23;B01
201300014271;1;7;0;0;2;1;1;Z01
201300014272;1;33;0;0;1;0;0;Z01
201300014273;1;7;0;0;1;0;4;Z01
201300014274;0;2;0;0;1;1;1;A01
201300014275;0;7;0;2;0;1;0;A01
201300014276;0;7;0;0;2;1;1;A01
201300014276;0;7;0;0;2;4;1;B01
201300014277;0;7;0;0;2;1;15;B01
201300014277;0;2;0;0;2;1;1;A01
201300014278;1;31;0;0;0;0;0;Z01
201300014278;0;7;0;8;2;5;1;B01
201300014279;0;7;0;0;2;3;0;A01
201300014279;0;30;0;15;2;1;1;B01
201300014280;0;7;0;0;2;4;2;B01
201300014280;0;7;0;0;2;4;2;C01
201300014280;0;7;0;0;2;1;2;A01
201300014281;0;7;0;0;2;4;1;B01
201300014281;0;7;0;0;2;1;0;A01
201300014282;0;7;0;0;0;4;0;C01
201300014282;0;7;0;0;2;4;1;B01
201300014282;0;15;0;0;2;0;9;A01
201300014283;0;30;0;0;1;1;0;A01
201300014283;0;7;0;0;2;4;0;B01
201300014284;0;30;0;0;2;2;1;A01
201300014284;0;7;0;0;2;2;1;B01
201300014285;0;7;0;0;2;7;1;A01
201300014285;0;7;0;0;2;8;1;B01
201300014286;0;7;0;0;1;2;0;A01
201300014287;0;33;0;0;1;1;1;A01
201300014288;0;30;0;0;2;7;14;A01
201300014289;0;7;0;5;2;1;0;A01
201300014290;0;7;0;0;1;1;1;A01
201300014291;0;7;0;0;2;4;23;B01
201300014291;0;7;0;0;2;1;2;A01
201300014292;0;7;0;6;0;1;14;A01
201300014293;0;7;0;0;0;6;2;B01
201300014293;0;30;0;0;2;1;2;A01
201300014294;0;30;0;0;0;0;1;A01
201300014295;0;37;1;0;2;5;1;B01
201300014295;0;7;0;0;2;1;9;A01
201300014296;0;37;1;0;1;1;0;A01
201300014297;0;7;0;0;1;7;1;A01
201300014298;0;30;0;0;2;1;1;B01
201300014298;0;7;0;0;2;3;1;A01
201300014299;0;7;0;0;2;3;9;A01
201300014299;0;32;0;0;2;1;17;B01
201300014300;0;33;0;0;2;1;1;B01
201300014300;0;7;0;0;2;5;9;A01
201300014300;0;7;0;0;2;8;0;C01
201300014301;0;7;0;0;2;1;15;A01
201300014301;0;7;0;0;0;4;23;B01
201300014302;0;7;0;0;2;3;11;A01
201300014302;0;31;0;0;2;1;17;B01
201300014303;1;7;0;0;1;1;1;Z01
201300014304;0;33;0;1;2;7;17;A01
201300014304;0;7;0;0;2;3;15;B01
201300014305;0;7;0;0;2;5;1;B01
201300014305;0;7;0;0;2;1;1;A01
201300014306;0;34;0;0;2;2;1;B01
201300014306;0;7;0;0;2;1;15;A01
201300014307;0;30;0;0;2;8;1;B01
201300014307;1;30;0;0;2;0;17;Y01
201300014308;0;7;0;0;2;6;15;B01
201300014308;0;7;0;0;2;3;1;A01
201300014309;0;7;0;0;1;0;1;A01
201300014310;1;7;0;0;2;2;11;Z01
201300014310;0;32;0;0;2;1;1;B01
201300014311;0;7;0;0;2;4;2;B01
201300014311;0;7;0;0;2;4;2;C01
201300014311;0;7;0;0;2;1;2;A01
201300014312;0;7;0;0;2;1;0;B01
201300014312;0;7;0;0;2;4;0;C01
201300014312;0;7;0;0;2;1;0;A01
201300014313;0;7;0;0;2;8;19;A01
201300014313;0;7;0;0;2;1;1;B01
201300014314;0;7;0;0;2;1;2;A01
201300014314;0;7;0;0;2;4;2;B01
201300014315;0;7;0;0;1;1;1;A01
201300014316;1;7;0;0;2;0;0;Z01
201300014316;0;33;0;0;0;0;0;C01
201300014316;0;7;0;0;2;5;1;B01
201300014317;0;30;0;0;1;2;2;A01
201300014318;0;7;0;15;0;1;17;A01
201300014319;0;7;0;0;2;1;2;A01
201300014319;1;7;0;0;2;4;2;Z01
201300014320;0;10;0;0;1;1;0;A01
201300014321;0;32;0;0;2;0;0;B01
201300014321;1;7;0;0;2;0;0;Z01
201300014322;0;7;0;0;2;5;1;C01
201300014322;0;37;11;1;2;2;1;B01
201300014322;1;34;0;0;2;7;12;A01
201300014323;0;7;0;0;2;3;0;A01
201300014323;0;2;0;0;2;1;1;B01
201300014324;0;30;0;0;2;7;1;B01
201300014324;0;7;0;0;2;2;15;A01
201300014325;0;7;0;1;2;3;0;B01
201300014325;0;7;0;0;2;1;0;A01
201300014326;0;7;0;0;2;3;1;A01
201300014326;0;7;0;0;2;1;15;B01
201300014327;0;7;0;0;2;8;9;A01
201300014327;0;7;0;0;2;3;2;B01
201300014328;0;7;0;0;1;1;16;A01
201300014329;0;37;1;0;1;7;1;A01
201300014330;0;37;1;0;2;3;1;B01
201300014330;0;7;0;0;2;2;9;A01
201300014331;0;7;0;0;0;4;2;B01
201300014331;0;34;0;0;0;1;2;A01
201300014332;1;30;0;0;1;1;5;Z01
201300014333;0;30;0;0;0;7;1;A01
201300014334;1;7;0;0;1;1;1;Z01
201300014335;0;7;0;0;2;4;23;B01
201300014336;1;7;0;0;2;1;1;Z01
201300014336;0;7;0;0;2;4;0;B01
201300014337;0;30;0;0;2;1;1;B01
201300014337;1;7;0;0;0;0;0;Z01
201300014338;1;7;0;0;2;1;1;Z01
201300014338;0;7;0;0;2;7;1;B01
201300014339;0;7;0;0;0;5;2;B01
201300014339;0;7;0;0;2;9;2;A01
201300014339;2;7;0;0;4;1;2;Z01
201300014340;0;7;0;0;2;6;1;C01
201300014340;1;7;0;0;2;0;0;Z01
201300014340;0;7;0;0;2;3;1;B01
201300014340;0;7;0;0;2;6;1;D01
201300014340;0;7;0;0;2;8;1;A01
201300014341;0;7;0;0;2;4;1;A01
201300014341;0;7;0;0;2;1;1;B01
201300014342;0;7;0;0;0;4;24;B01
201300014342;0;7;0;1;0;1;1;A01
201300014343;0;30;0;0;2;8;1;A01
201300014343;1;10;0;0;2;7;14;Z01
201300014344;0;10;0;0;1;0;0;A01
201300014345;0;40;0;0;2;3;1;B01
201300014345;0;7;0;0;4;2;16;A01
201300014346;0;7;0;0;2;1;1;B01
201300014346;0;7;0;0;2;1;13;A01
201300014347;0;33;0;1;2;7;17;A01
201300014347;0;7;0;0;2;3;15;B01
201300014348;0;7;0;0;2;1;2;A01
201300014348;0;7;0;0;0;4;1;B01
201300014349;0;7;0;14;0;1;1;A01
201300014350;0;7;0;0;0;4;2;B01
201300014350;0;10;0;0;0;1;2;A01
201300014351;0;30;0;0;0;7;1;A01
201300014352;0;31;0;0;2;1;17;B01
201300014352;0;10;0;0;2;3;15;A01
201300014353;0;7;0;0;2;6;13;B01
201300014353;0;30;0;0;2;1;2;A01
201300014354;0;37;1;0;1;2;1;A01
201300014355;0;31;0;0;2;0;0;A01
201300014356;0;30;0;0;2;3;1;B01
201300014356;0;32;0;0;2;3;1;A01
201300014357;1;30;0;0;1;1;16;Z01
201300014358;0;30;0;0;2;1;1;B01
201300014358;0;7;0;1;0;3;10;A01
201300014359;0;7;0;0;2;2;2;A01
201300014359;0;30;0;0;2;3;2;B01
201300014360;0;7;0;0;2;4;2;B01
201300014360;0;7;0;0;2;1;2;A01
201300014361;0;33;0;6;0;7;1;A01
201300014362;0;15;0;0;2;2;2;A01
201300014362;0;7;0;0;2;3;0;B01
201300014363;1;7;0;0;1;1;0;Z01
201300014364;0;7;0;0;2;3;15;B01
201300014364;0;32;0;0;2;7;17;A01
201300014365;1;99;0;0;1;0;0;Z01
201300014366;0;7;0;0;2;0;0;A01
201300014366;0;7;0;0;2;1;0;B01
201300014367;0;7;0;0;1;0;0;A01
201300014368;0;30;0;0;1;1;0;A01
201300014369;0;7;0;0;0;4;2;B01
201300014369;0;10;0;0;2;1;2;A01
201300014370;0;7;0;0;2;4;23;B01
201300014370;0;33;0;0;2;1;1;A01
201300014371;0;33;0;0;2;1;0;A01
201300014371;0;7;0;0;2;2;0;B01
201300014372;1;7;0;0;2;0;5;Z01
201300014372;0;31;0;0;2;0;1;B01
201300014373;1;7;0;0;1;0;1;Z01