num_acc;senc;catv;occutc;obs;obsm;choc;manv;num_veh
201300014736;0;7;0;7;2;7;19;A01
201300014737;0;7;0;0;1;1;0;A01
201300014738;0;34;0;0;2;5;0;B01
201300014738;0;7;0;0;2;3;0;A01
201300014739;0;7;0;0;2;4;0;B01
201300014739;0;7;0;0;2;1;0;A01
201300014740;0;7;0;0;2;2;1;A01
201300014740;0;7;0;0;2;1;15;B01
201300014741;0;99;0;0;0;3;1;A01
201300014742;0;7;0;0;2;3;1;C01
201300014742;0;32;0;0;2;5;1;B01
201300014742;0;7;0;0;2;3;0;A01
201300014743;0;7;0;0;0;1;2;A01
201300014743;0;33;0;0;0;9;2;B01
201300014743;0;7;0;0;0;4;2;C01
201300014744;1;7;0;0;1;0;0;Z01
201300014745;0;7;0;0;2;1;1;A01
201300014745;0;7;0;0;2;0;20;B01
201300014746;0;7;0;1;2;1;1;A01
201300014746;0;7;0;0;0;7;1;B01
201300014747;0;7;0;0;1;1;1;A01
201300014748;0;7;0;0;2;4;2;B01
201300014748;0;7;0;0;2;1;2;A01
201300014749;1;99;0;0;0;0;0;Z01
201300014749;0;7;0;0;2;2;2;A01
201300014750;0;38;1;0;1;5;16;A01
201300014751;0;13;0;0;2;2;9;A01
201300014751;0;7;0;0;2;6;1;B01
201300014752;0;7;0;0;2;1;0;A01
201300014752;0;7;0;0;2;4;0;B01
201300014753;0;7;0;0;2;1;0;C01
201300014753;0;33;0;0;2;2;21;A01
201300014753;0;7;0;0;2;6;0;B01
201300014754;0;2;0;0;2;1;5;A01
201300014754;0;7;0;0;2;2;0;B01
201300014755;0;7;0;0;2;2;0;B01
201300014755;0;2;0;0;2;7;9;A01
201300014756;0;32;0;0;2;1;17;B01
201300014756;0;7;0;0;2;3;10;A01
201300014757;0;7;0;0;2;8;1;B01
201300014757;0;30;0;0;2;1;1;A01
201300014758;0;7;0;0;2;3;19;A01
201300014758;0;7;0;0;2;1;1;B01
201300014759;0;7;0;0;2;1;9;B01
201300014759;0;7;0;0;2;6;4;A01
201300014760;0;31;0;0;0;0;0;B01
201300014760;0;10;0;0;0;0;0;A01
201300014761;0;7;0;0;2;1;2;A01
201300014761;0;7;0;0;2;4;1;B01
201300014762;0;7;0;0;2;1;1;A01
201300014762;0;7;0;0;2;4;1;B01
201300014763;0;37;1;0;2;3;1;B01
201300014763;0;33;0;0;2;3;13;A01
201300014764;0;33;0;0;2;1;2;B01
201300014764;0;7;0;0;2;6;2;A01
201300014765;0;7;0;0;2;2;9;A01
201300014765;0;2;0;0;2;8;1;B01
201300014766;0;7;0;0;2;2;2;A01
201300014766;0;7;0;0;2;4;20;B01
201300014767;0;30;0;1;2;8;2;B01
201300014767;0;7;0;0;2;7;14;A01
201300014768;0;7;0;0;1;1;2;A01
201300014769;0;7;0;0;2;4;1;B01
201300014769;0;7;0;0;2;1;1;A01
201300014770;0;7;0;2;2;2;1;B01
201300014770;0;7;0;0;2;3;9;A01
201300014771;0;3;0;15;0;5;1;A01
201300014772;0;7;0;0;2;1;2;B01
201300014772;0;7;0;0;2;4;2;A01
201300014772;1;7;0;0;2;0;2;Z01
201300014773;0;7;0;0;2;3;0;B01
201300014773;0;7;0;0;2;3;0;A01
201300014774;0;7;0;0;2;8;15;A01
201300014774;0;31;0;0;2;7;17;B01
201300014775;0;7;0;0;2;1;1;B01
201300014775;0;7;0;0;2;2;11;A01
201300014776;0;7;0;0;2;3;15;B01
201300014776;0;33;0;8;2;3;2;A01
201300014777;0;7;0;0;2;1;1;B01
201300014777;1;7;0;0;2;8;1;Z01
201300014778;0;7;0;0;2;2;15;A01
201300014778;0;2;0;0;2;7;1;B01
201300014779;0;7;0;0;2;4;0;A01
201300014779;0;34;0;0;2;1;1;B01
201300014780;0;30;0;0;0;8;19;A01
201300014780;0;7;0;0;0;1;1;B01
201300014781;0;7;0;0;0;0;2;B01
201300014781;0;34;0;11;0;3;2;A01
201300014782;0;37;30;0;2;3;2;B01
201300014782;1;7;0;0;2;7;17;Z01
201300014783;0;7;0;12;0;9;20;A01
201300014784;0;34;0;0;2;1;2;A01
201300014784;0;7;0;0;2;7;23;C01
201300014784;0;7;0;0;2;8;23;B01
201300014785;0;7;0;0;1;1;15;A01
201300014786;0;31;0;0;2;1;2;B01
201300014786;0;34;0;0;2;1;2;C01
201300014786;0;13;0;0;2;4;2;A01
201300014787;0;7;0;0;2;8;15;A01
201300014787;0;34;0;0;2;1;2;B01
201300014788;0;7;0;1;0;3;1;A01
201300014789;0;7;0;0;2;1;2;A01
201300014789;0;7;0;0;2;4;2;B01
201300014790;0;7;0;0;2;7;5;A01
201300014791;0;7;0;0;1;1;2;A01
201300014792;0;7;0;0;1;2;1;A01
201300014793;0;7;0;0;2;2;1;A01
201300014793;0;7;0;0;2;5;10;B01
201300014794;0;7;0;1;2;1;1;B01
201300014794;0;7;0;0;0;0;0;A01
201300014795;0;7;0;0;2;2;15;A01
201300014795;0;7;0;0;2;3;1;B01
201300014796;0;7;0;0;2;4;2;C01
201300014796;0;7;0;0;2;4;2;B01
201300014796;0;7;0;0;2;1;2;A01
201300014797;0;7;0;0;1;3;0;A01
201300014798;0;7;0;0;2;8;15;A01
201300014798;0;34;0;0;2;1;17;B01
201300014799;0;31;0;0;1;1;11;A01
201300014800;0;7;0;1;0;8;0;A01
201300014800;0;7;0;8;9;8;11;C01
201300014801;0;7;0;0;0;0;15;A01
201300014801;0;33;0;0;2;7;2;B01
201300014802;0;30;0;0;0;7;1;B01
201300014802;1;30;0;0;2;1;0;Z01
201300014803;0;7;0;0;2;2;0;B01
201300014803;0;31;0;0;2;1;1;A01
201300014804;0;7;0;0;2;4;2;C01
201300014804;0;7;0;0;2;4;2;B01
201300014804;0;7;0;0;2;1;2;A01
201300014805;1;30;0;0;1;0;0;Z01
201300014806;0;7;0;1;2;5;2;A01
201300014806;0;7;0;0;2;1;2;B01
201300014807;0;99;0;0;2;1;2;A01
201300014807;0;7;0;0;2;4;2;B01
201300014808;0;7;0;0;2;6;0;B01
201300014808;2;7;0;0;2;0;0;A01
201300014809;0;7;0;0;2;1;1;A01
201300014809;0;7;0;0;2;3;1;B01
201300014810;0;33;0;5;2;3;0;A01
201300014810;0;33;0;0;2;3;0;B01
201300014811;0;7;0;0;2;1;1;B01
201300014811;0;2;0;0;2;3;1;A01
201300014812;0;7;0;0;2;1;2;A01
201300014812;0;7;0;0;0;4;23;B01
201300014813;0;10;0;0;2;2;2;B01
201300014813;0;7;0;0;2;7;17;A01
201300014814;0;7;0;0;0;0;0;B01
201300014814;0;7;0;0;0;0;0;A01
201300014814;1;7;0;0;0;0;0;Z01
201300014815;2;7;0;0;2;1;13;A01
201300014815;0;7;0;0;2;1;1;B01
201300014816;0;7;0;0;2;6;23;B01
201300014816;0;7;0;10;4;3;14;A01
201300014817;2;7;0;0;2;2;17;Z01
201300014817;0;7;0;0;2;8;13;A01
201300014818;0;34;0;0;2;8;17;B01
201300014818;0;7;0;0;2;2;0;C01
201300014819;0;7;0;0;0;4;1;B01
201300014819;0;7;0;0;2;1;2;A01
201300014820;0;30;0;0;1;0;0;A01
201300014821;0;7;0;0;2;3;1;A01
201300014821;0;7;0;0;2;3;1;B01
201300014822;0;33;0;0;2;1;1;B01
201300014822;0;7;0;0;2;1;15;A01
201300014823;0;34;0;0;2;1;1;B01
201300014823;0;7;0;0;2;8;15;A01
201300014824;0;7;0;6;2;1;2;A01
201300014825;0;3;0;0;2;8;16;B01
201300014825;0;33;0;0;2;1;1;A01
201300014826;0;7;0;0;1;3;1;A01
201300014827;0;7;0;0;1;2;0;A01
201300014828;0;7;0;0;2;8;1;D01
201300014828;0;7;0;0;2;8;1;C01
201300014828;0;7;0;0;2;1;0;A01
201300014828;0;32;0;0;2;1;23;B01
201300014829;0;7;0;0;0;4;0;C01
201300014829;0;7;0;0;2;4;0;B01
201300014829;0;10;0;0;2;2;0;A01
201300014830;0;7;0;0;0;2;15;A01
201300014830;0;7;0;0;2;8;0;B01
201300014831;0;7;0;0;0;0;0;A01
201300014831;0;32;0;0;0;0;0;B01
201300014832;0;7;0;0;1;2;0;A01
201300014833;0;7;0;0;1;4;4;A01
201300014834;0;2;0;0;2;2;1;A01
201300014834;0;31;0;0;2;2;1;B01
201300014835;0;2;0;1;0;0;0;A01
201300014835;0;37;1;0;2;5;0;B01
201300014836;0;7;0;1;0;6;2;B01
201300014836;0;37;1;0;2;1;2;A01
201300014837;0;31;0;0;2;3;17;A01
201300014837;0;7;0;0;0;3;1;B01
201300014838;0;7;0;0;0;0;22;B01
201300014838;0;7;0;0;0;8;1;A01
201300014839;0;7;0;0;0;4;23;B01
201300014839;0;10;0;0;2;1;1;A01
201300014840;0;7;0;0;2;8;23;A01
201300014840;0;34;0;0;2;1;1;B01
201300014841;0;32;0;0;2;1;21;B01
201300014841;0;10;0;0;2;3;9;A01
201300014842;0;7;0;0;1;1;1;A01
201300014843;0;32;0;0;0;8;1;A01
201300014844;0;31;0;0;0;0;16;A01
201300014845;0;7;0;0;1;3;0;A01
201300014846;0;7;0;0;2;1;1;B01
201300014846;0;30;0;0;2;1;0;A01
201300014847;0;7;0;0;2;6;10;A01
201300014847;0;7;0;0;2;2;1;B01
201300014848;0;7;0;0;2;3;10;A01
201300014848;0;33;0;0;2;1;0;B01
201300014849;0;30;0;1;0;1;15;A01
201300014850;0;7;0;0;2;6;15;A01
201300014850;0;7;0;0;2;2;1;B01
201300014851;0;30;0;0;2;4;23;B01
201300014851;0;7;0;0;2;1;1;A01
201300014852;0;7;0;0;2;3;1;B01
201300014852;0;33;0;0;2;1;5;A01
201300014853;0;7;0;0;1;2;15;A01
201300014854;0;7;0;0;1;3;1;A01
201300014855;0;30;0;2;1;8;17;A01
201300014856;0;7;0;0;2;7;1;B01
201300014856;0;7;0;0;2;1;1;A01
201300014857;0;3;0;13;0;0;14;A01
201300014858;0;7;0;0;2;3;15;A01
201300014858;0;32;0;0;2;1;1;B01
201300014859;0;31;0;0;2;3;0;A01
201300014859;0;7;0;0;2;2;0;B01
201300014860;0;20;0;0;2;3;1;B01
201300014860;0;7;0;1;2;2;1;A01
201300014861;0;7;0;0;2;3;15;A01
201300014861;0;32;0;0;2;1;1;B01
201300014862;0;1;0;1;1;1;1;A01
201300014863;1;30;0;0;1;0;0;Z01
201300014864;0;7;0;0;0;4;2;B01
201300014865;1;7;0;0;2;1;1;Z01
201300014865;0;7;0;0;2;4;23;A01
201300014866;0;7;0;8;0;2;1;A01
201300014867;0;31;0;0;0;0;1;A01
201300014868;0;7;0;0;2;2;11;A01
201300014868;0;7;0;0;2;1;1;B01
201300014869;0;7;0;0;2;1;1;A01
201300014869;0;7;0;0;2;1;1;C01
201300014869;0;7;0;0;0;4;23;B01
201300014870;0;7;0;0;2;4;2;C01
201300014870;0;7;0;0;2;4;2;E01
201300014870;0;7;0;0;2;4;2;B01
201300014870;0;7;0;0;2;1;2;A01
201300014870;0;10;0;0;2;4;2;D01
201300014871;0;34;0;8;0;1;1;A01
201300014872;0;37;15;0;1;0;0;A01
201300014873;1;1;0;0;1;1;5;Z01
201300014874;0;7;0;0;2;4;24;E01
201300014874;0;7;0;0;2;4;24;C01
201300014874;0;7;0;1;2;1;2;A01
201300014874;0;7;0;0;2;7;1;D01
201300014874;0;7;0;0;2;4;0;B01
201300014875;0;7;0;0;0;6;2;B01
201300014875;0;33;0;0;2;1;1;A01
201300014876;0;2;0;0;2;1;2;A01
201300014876;0;7;0;0;2;6;2;B01
201300014877;0;33;0;0;2;1;2;B01
201300014877;0;7;0;0;2;2;1;A01
201300014878;0;32;0;11;0;1;1;A01
201300014879;0;7;0;0;2;1;0;A01
201300014879;0;7;0;0;2;1;1;D01
201300014879;0;7;0;0;2;1;1;C01
201300014879;0;7;0;0;2;4;1;B01
201300014880;1;7;0;0;1;4;4;Z01
201300014881;0;7;0;0;2;4;4;A01
201300014881;0;7;0;0;2;1;1;B01
201300014882;0;33;0;0;0;7;0;A01
201300014883;0;7;0;15;0;1;0;A01
201300014884;0;7;0;0;2;1;1;A01
201300014884;0;7;0;0;2;2;23;C01
201300014884;0;7;0;0;2;5;23;B01
201300014885;0;7;0;0;2;3;24;A01
201300014885;0;37;1;1;0;7;0;B01
201300014886;0;7;0;0;2;1;2;A01
201300014886;0;7;0;0;2;4;2;B01
201300014887;0;7;0;0;2;0;0;B01
201300014887;0;7;0;0;2;0;0;A01
201300014888;0;7;0;0;2;3;11;A01
201300014888;0;7;0;0;2;1;1;B01
201300014889;0;34;0;11;0;3;17;A01
201300014890;0;33;0;0;2;1;1;B01
201300014890;0;7;0;0;2;3;10;A01
201300014891;0;7;0;0;9;3;10;A01
201300014891;0;1;0;0;2;1;17;B01
201300014892;0;7;0;0;0;1;2;B01
201300014892;0;7;0;0;2;1;2;A01
201300014892;0;7;0;0;2;4;2;C01
201300014893;0;7;0;0;1;3;1;A01
201300014894;0;30;0;0;2;8;1;B01
201300014894;0;30;0;0;2;1;9;A01
201300014895;0;7;0;0;2;1;1;B01
201300014895;0;7;0;0;2;1;5;A01
201300014896;0;7;0;0;2;4;2;B01
201300014896;0;7;0;0;2;1;2;A01
201300014897;0;37;7;0;1;1;1;A01
201300014898;0;7;0;0;0;7;13;A01
201300014898;0;33;0;0;0;8;1;B01
201300014899;0;7;0;0;0;3;1;B01
201300014899;0;7;0;0;0;5;1;C01
201300014899;0;7;0;0;0;1;1;A01
201300014900;0;32;0;0;2;1;2;A01
201300014900;1;99;0;0;0;0;0;Z01
201300014901;0;37;1;0;1;4;4;A01
201300014902;0;7;0;0;0;7;15;B01
201300014902;0;32;0;0;2;1;0;A01
201300014903;0;7;0;0;2;5;15;B01
201300014903;0;33;0;0;2;8;1;A01
201300014904;0;7;0;0;1;0;0;A01
201300014905;0;32;0;0;2;1;1;A01
201300014905;0;7;0;1;2;6;1;B01
201300014906;1;10;0;0;1;5;1;Z01
201300014907;0;32;0;0;2;1;2;A01
201300014907;0;7;0;0;2;4;23;B01
201300014908;0;7;0;0;1;3;1;A01
201300014909;0;7;0;0;1;1;0;A01
201300014910;0;33;0;0;2;8;16;B01
201300014910;0;7;0;0;2;2;15;A01
201300014911;0;7;0;0;0;4;2;B01
201300014911;0;7;0;0;2;1;2;A01
201300014912;0;10;0;0;1;7;2;A01
201300014913;0;33;0;0;2;1;15;A01
201300014913;0;32;0;0;2;9;1;B01
201300014914;0;7;0;0;1;4;20;A01
201300014915;0;37;7;0;2;1;2;A01
201300014915;1;32;0;0;2;4;2;Z01
201300014916;0;7;0;0;2;4;2;B01
201300014916;0;7;0;0;2;1;2;A01
201300014916;0;7;0;0;2;4;2;C01
201300014917;1;7;0;0;1;0;0;Z01
201300014918;0;7;0;0;0;2;0;A01
201300014919;0;7;0;0;2;1;15;A01
201300014919;0;7;0;0;2;3;1;B01
201300014920;0;7;0;0;2;1;9;A01
201300014920;0;30;0;0;2;1;1;B01
201300014921;0;33;0;0;2;3;0;A01
201300014921;0;7;0;0;2;7;0;B01
201300014922;0;30;0;0;0;7;1;A01
201300014923;0;32;0;0;0;0;1;A01
201300014924;0;32;0;0;2;1;2;A01
201300014924;0;7;0;0;2;4;14;B01
201300014925;0;32;0;0;1;0;0;A01
201300014926;0;7;0;0;0;0;2;C01
201300014926;0;7;0;0;2;5;2;B01
201300014926;0;7;0;0;2;3;1;A01
201300014927;0;7;0;0;0;4;1;B01
201300014927;0;7;0;0;2;1;1;A01
201300014928;0;7;0;0;2;4;2;B01
201300014928;0;7;0;0;2;1;2;A01
201300014929;0;33;0;0;0;0;1;A01
201300014930;0;7;0;0;2;3;1;A01
201300014930;0;32;0;9;2;8;17;B01
201300014931;0;7;0;13;0;2;2;A01
201300014932;0;1;0;0;0;0;0;A01
201300014933;0;7;0;0;2;3;0;A01
201300014933;0;7;0;0;2;6;0;B01
201300014934;0;7;0;0;2;8;1;B01
201300014934;0;7;0;0;2;3;13;A01
201300014935;0;7;0;0;1;2;1;A01
201300014936;0;1;0;0;2;1;2;B01
201300014936;0;7;0;0;9;2;11;A01
201300014937;0;7;0;0;2;1;1;A01
201300014937;0;7;0;0;2;4;2;B01
201300014938;0;30;0;0;1;1;1;A01
201300014939;0;7;0;0;2;8;15;A01
201300014939;0;7;0;0;2;1;2;B01
201300014940;0;31;0;0;1;1;1;A01
201300014941;0;7;0;0;1;1;1;A01
201300014942;0;30;0;0;2;7;1;B01
201300014942;0;10;0;0;2;3;13;A01
201300014943;0;7;0;0;2;2;12;A01
201300014943;0;30;0;0;2;8;1;B01
201300014944;0;7;0;0;0;8;15;B01
201300014944;0;2;0;0;0;5;17;A01
201300014945;1;2;0;0;1;8;7;Z01
201300014946;0;10;0;0;2;2;19;B01
201300014946;0;30;0;0;2;1;0;A01
201300014947;0;1;0;0;2;8;18;B01
201300014947;0;7;0;0;9;7;22;A01
201300014948;0;7;0;0;1;1;16;A01
201300014949;0;33;0;0;0;2;23;A01
201300014949;0;32;0;0;2;1;1;B01
201300014950;0;32;0;0;2;2;1;B01
201300014950;0;7;0;0;2;1;10;A01
201300014951;0;7;0;0;2;1;2;A01
201300014951;0;7;0;0;0;4;2;C01
201300014951;0;7;0;0;2;4;2;B01
201300014952;0;33;0;0;0;1;0;A01
201300014953;0;7;0;0;2;0;0;A01
201300014953;0;7;0;0;2;0;0;B01
201300014954;0;7;0;0;2;3;2;A01
201300014954;0;2;0;0;2;1;2;B01
201300014955;0;7;0;0;0;2;0;A01
201300014955;0;7;0;0;0;1;0;B01
201300014956;0;7;0;0;0;1;2;A01
201300014956;0;7;0;0;0;4;2;B01
201300014957;0;31;0;0;2;2;21;A01
201300014957;0;7;0;0;2;3;2;B01
201300014958;1;7;0;0;1;0;0;Z01
201300014959;0;32;0;0;2;2;3;A01
201300014959;0;7;0;0;2;3;2;B01
201300014960;0;7;0;0;1;1;15;A01
201300014961;0;7;0;0;2;3;1;A01
201300014961;0;7;0;0;2;3;1;B01
201300014962;0;34;0;0;0;1;0;A01
201300014962;0;7;0;0;0;6;0;B01
201300014963;1;33;0;0;0;0;1;A01
201300014963;0;7;0;0;2;2;1;B01
201300014964;0;7;0;0;1;0;4;A01
201300014965;0;31;0;0;0;1;0;B01
201300014965;0;7;0;0;0;3;0;A01
201300014966;0;7;0;0;2;6;23;B01
201300014966;0;7;0;1;0;2;2;A01
201300014967;0;32;0;12;0;0;15;A01
201300014968;0;7;0;0;2;1;2;A01
201300014968;0;7;0;0;0;4;1;B01
201300014969;1;7;0;10;2;1;1;Z01
201300014969;0;7;0;0;2;3;1;A01
201300014970;0;7;0;0;2;1;11;A01
201300014970;0;7;0;0;2;3;1;B01
201300014971;0;7;0;0;1;1;1;A01
201300014972;0;34;0;0;2;1;1;B01
201300014972;0;7;0;0;2;2;17;A01
201300014973;0;34;0;0;2;1;1;B01
201300014973;0;7;0;0;2;8;1;A01
201300014974;0;30;0;0;2;1;2;B01
201300014974;0;7;0;0;2;4;2;A01
201300014975;0;30;0;0;1;1;0;A01
201300014976;1;34;0;0;1;1;13;Z01
201300014977;1;30;0;0;1;0;0;Z01
201300014978;0;7;0;0;9;1;0;A01
201300014978;0;2;0;0;2;0;5;B01
201300014979;0;1;0;0;2;1;9;B01
201300014979;0;7;0;0;2;8;1;A01
201300014980;0;34;0;0;2;2;1;B01
201300014980;0;10;0;0;2;1;19;A01
201300014981;0;32;0;1;0;1;1;B01
201300014981;0;7;0;0;2;3;24;A01
201300014982;0;33;0;0;2;2;2;A01
201300014982;0;10;0;0;2;6;2;B01
201300014983;0;30;0;0;1;8;2;A01
201300014984;0;33;0;14;0;1;1;A01
201300014985;0;2;0;0;2;4;0;B01
201300014985;0;7;0;0;9;2;1;A01
201300014986;0;30;0;0;2;2;2;A01
201300014986;0;33;0;0;2;1;1;B01
201300014987;0;7;0;0;2;1;1;B01
201300014987;0;7;0;0;2;1;13;A01
201300014988;0;34;0;0;2;8;23;B01
201300014988;0;7;0;1;0;3;9;A01
201300014989;0;30;0;0;2;7;1;B01
201300014989;1;7;0;0;2;0;0;Z01
201300014990;0;37;0;0;2;1;1;A01
201300014990;0;7;0;0;2;4;23;B01
201300014991;0;30;0;0;2;1;21;B01
201300014991;0;7;0;0;2;3;10;A01
201300014992;0;10;0;0;1;4;4;A01
201300014993;0;30;0;0;2;8;10;A01
201300014993;0;7;0;0;2;2;1;B01
201300014994;0;1;0;0;2;1;2;A01
201300014994;0;7;0;0;2;4;2;B01
201300014995;0;32;0;0;0;0;0;A01
201300014996;0;32;0;0;2;4;2;B01
201300014996;0;7;0;0;2;1;2;A01
201300014997;0;33;0;0;2;8;24;B01
201300014997;0;30;0;1;0;1;1;A01
201300014998;0;30;0;0;1;1;1;A01
201300014999;0;7;0;0;0;7;0;B01
201300014999;0;7;0;0;0;8;2;A01
201300015000;1;7;0;0;1;2;0;Z01
201300015001;0;2;0;0;2;3;17;A01
201300015001;0;32;0;0;2;3;1;B01
201300015002;0;7;0;0;2;1;2;A01
201300015002;0;10;0;0;2;4;2;B01
201300015002;0;7;0;0;2;4;2;C01
201300015003;0;7;0;0;0;0;0;C01
201300015003;0;7;0;0;0;0;0;B01
201300015003;0;7;0;0;0;0;0;A01
201300015004;0;1;0;0;0;4;1;A01
201300015004;1;30;0;0;2;2;2;Z01
201300015005;0;7;0;0;2;1;17;A01
201300015005;0;30;0;0;2;8;15;B01
201300015006;1;33;0;0;0;0;1;Z01
201300015007;0;32;0;0;2;4;1;A01
201300015007;1;7;0;0;2;1;2;Z01
201300015008;1;7;0;0;2;3;20;Z01
201300015008;0;34;0;0;2;2;1;A01
201300015009;0;10;0;0;2;4;23;B01
201300015009;0;32;0;0;2;2;2;A01
201300015010;0;7;0;0;2;4;23;B01
201300015010;1;10;0;0;2;1;1;Z01
201300015011;0;7;0;0;2;2;1;A01
201300015011;0;7;0;1;2;4;24;C01
201300015011;0;7;0;0;2;8;2;B01
201300015012;0;31;0;0;2;7;2;A01
201300015012;1;7;0;0;0;0;14;Z01
201300015013;0;7;0;0;2;8;13;B01
201300015013;0;30;0;0;2;0;1;A01
201300015014;1;33;0;0;2;1;2;Z01
201300015014;0;7;0;0;2;4;23;B01
201300015015;0;7;0;0;2;4;22;B01
201300015015;1;7;0;0;2;1;1;Z01
201300015016;1;7;0;0;2;8;1;Z01
201300015016;0;30;0;0;2;7;1;B01
201300015017;0;7;0;0;0;2;1;A01
201300015017;0;7;0;0;0;1;0;B01
201300015018;0;7;0;0;1;2;0;A01
201300015019;0;7;0;0;1;1;15;A01
201300015020;0;33;0;0;2;1;2;A01
201300015020;0;7;0;0;2;3;1;B01
201300015021;0;7;0;0;1;1;18;Z01
201300015022;1;10;0;0;1;0;1;Z01
201300015023;0;2;0;0;0;0;0;A01
201300015024;0;7;0;0;2;2;20;A01
201300015024;0;1;0;0;4;1;21;B01
201300015025;0;7;0;0;2;4;4;B01
201300015025;0;7;0;0;4;3;15;A01
201300015026;0;34;0;0;2;1;17;B01
201300015026;0;7;0;0;2;3;11;A01
201300015027;0;7;0;0;1;1;1;A01
201300015028;0;7;0;0;1;4;4;A01
201300015029;0;32;0;0;0;0;0;B01
201300015029;0;7;0;0;0;0;0;A01
201300015030;0;7;0;0;2;1;2;A01
201300015030;0;7;0;0;2;4;2;B01
201300015031;0;7;0;0;2;1;1;A01
201300015031;0;7;0;0;2;8;1;B01
201300015032;0;7;0;0;1;4;0;A01
201300015033;0;30;0;0;0;1;15;A01
201300015033;0;7;0;0;0;1;1;B01
201300015034;0;7;0;0;2;1;9;A01
201300015034;0;34;0;0;2;1;0;B01
201300015035;0;7;0;0;1;5;0;A01
201300015036;0;33;0;0;1;7;1;A01
201300015037;0;7;0;0;1;1;0;A01
201300015038;0;32;0;0;2;8;1;B01
201300015038;0;7;0;0;2;5;1;A01
201300015039;0;33;0;0;2;0;1;B01
201300015039;0;7;0;0;2;0;6;A01
201300015039;0;7;0;0;2;0;1;C01
201300015040;0;7;0;0;2;8;15;B01
201300015040;0;7;0;0;2;1;1;A01
201300015041;0;7;0;0;1;1;0;A01
201300015042;0;32;0;0;2;1;0;B01
201300015042;0;7;0;0;2;1;0;A01
201300015043;0;7;0;0;2;8;15;B01
201300015043;0;33;0;0;2;1;2;A01
201300015044;0;7;0;0;2;1;1;A01
201300015044;0;3;0;0;2;4;1;B01
201300015044;0;7;0;0;2;4;1;C01
201300015045;0;31;0;0;2;4;0;B01
201300015045;0;7;0;0;0;1;0;A01
201300015046;0;7;0;0;9;3;15;A01
201300015046;0;1;0;0;2;4;1;B01
201300015047;0;34;0;0;2;0;1;B01
201300015047;0;7;0;0;2;3;0;A01
201300015048;0;7;0;0;2;3;9;A01
201300015048;0;34;0;0;2;2;1;B01
201300015049;0;7;0;0;1;3;15;A01
201300015050;0;7;0;0;2;1;15;A01
201300015050;0;30;0;0;2;7;1;B01
201300015051;0;7;0;0;2;1;2;A01
201300015051;0;7;0;0;2;5;23;B01
201300015052;0;33;0;0;1;1;1;A01
201300015053;0;7;0;0;1;1;9;A01
201300015054;0;7;0;0;1;2;1;A01
201300015055;0;7;0;0;2;1;1;A01
201300015055;0;2;0;0;0;8;1;B01
201300015056;0;7;0;0;0;2;10;A01
201300015056;0;34;0;1;2;6;1;B01
201300015057;0;14;0;6;1;3;1;A01
201300015058;0;7;0;0;0;3;0;A01
201300015059;0;15;0;0;2;2;15;B01
201300015059;0;7;0;0;2;1;1;A01
201300015060;0;7;0;0;2;6;1;A01
201300015060;0;32;0;0;2;1;2;B01
201300015061;1;7;0;0;2;8;10;Z01
201300015061;0;33;0;0;2;3;17;A01
201300015062;0;7;0;0;1;3;1;A01
201300015063;0;30;0;0;0;7;2;A01
201300015064;0;33;0;0;2;1;1;B01
201300015064;0;7;0;0;2;3;5;A01
201300015065;0;33;0;0;2;8;15;B01
201300015065;0;7;0;0;2;1;9;A01
201300015066;0;37;140;0;1;2;13;A01
201300015067;0;32;0;0;2;8;1;B01
201300015067;0;7;0;0;2;1;19;A01
201300015068;0;7;0;0;2;3;0;A01
201300015068;0;32;0;0;2;7;17;B01
201300015069;0;14;0;0;1;1;2;A01
201300015069;0;32;0;0;2;8;0;B01
201300015070;0;7;0;0;2;1;1;A01
201300015070;0;7;0;0;2;4;1;B01
201300015071;0;7;0;0;2;8;15;B01
201300015071;0;31;0;0;2;1;1;A01
201300015072;0;7;0;0;2;4;23;B01
201300015072;0;7;0;0;2;1;1;A01
201300015073;0;7;0;0;2;5;13;A01
201300015073;0;7;0;0;2;3;1;B01
201300015074;0;7;0;0;2;1;1;B01
201300015074;0;7;0;0;2;1;13;A01
201300015075;0;7;0;0;1;1;1;A01
201300015076;0;7;0;0;2;1;1;A01
201300015076;0;7;0;0;2;3;1;B01
201300015077;0;7;0;0;2;6;9;A01
201300015077;0;30;0;0;2;1;1;B01
201300015078;0;33;0;0;0;1;0;A01
201300015078;0;7;0;0;0;8;9;B01
201300015079;0;7;0;0;2;8;0;A01
201300015079;0;7;0;0;2;3;0;B01
201300015080;1;7;0;0;1;1;1;Z01
201300015081;0;7;0;0;2;9;2;B01
201300015081;0;7;0;0;2;4;2;D01
201300015081;0;7;0;0;2;9;2;C01
201300015081;0;7;0;0;2;1;2;A01
201300015082;0;7;0;0;2;1;0;A01
201300015082;0;33;0;0;2;3;0;B01
201300015083;0;7;0;0;1;1;0;A01
201300015083;0;7;0;0;1;3;1;B01
201300015084;0;10;0;0;2;8;2;B01
201300015084;0;7;0;0;2;7;2;A01
201300015085;0;7;0;0;0;6;2;C01
201300015085;0;7;0;0;2;4;2;B01
201300015085;0;7;0;0;2;1;2;A01
201300015086;1;7;0;0;1;5;0;Z01
201300015087;0;7;0;0;2;1;1;A01
201300015087;0;10;0;0;2;4;1;B01
201300015088;0;7;0;0;2;2;1;A01
201300015088;0;7;0;0;2;1;1;B01
201300015089;0;7;0;0;2;3;6;A01
201300015089;0;33;0;0;2;1;17;B01
201300015090;0;7;0;0;0;6;2;B01