num_acc;senc;catv;occutc;obs;obsm;choc;manv;num_veh
201300015090;0;32;0;0;2;1;2;A01
201300015091;0;33;0;0;2;1;1;B01
201300015091;0;7;0;0;2;3;19;A01
201300015092;1;7;0;0;2;1;1;Z01
201300015092;0;7;0;0;2;0;1;B01
201300015092;0;7;0;7;2;7;16;A01
201300015093;0;7;0;0;1;1;0;A01
201300015094;0;10;0;0;2;1;1;A01
201300015094;0;10;0;0;2;8;1;B01
201300015095;0;7;0;0;2;3;13;A01
201300015095;0;30;0;0;2;2;17;B01
201300015096;0;7;0;0;2;1;1;B01
201300015096;1;7;0;0;2;7;0;Z01
201300015097;0;7;0;0;2;1;2;C01
201300015097;0;7;0;0;2;1;2;A01
201300015097;0;7;0;0;2;4;2;B01
201300015098;0;7;0;0;1;1;1;A01
201300015099;0;32;0;0;2;7;17;A01
201300015099;0;7;0;0;2;3;1;B01
201300015100;0;7;0;6;0;0;1;A01
201300015101;0;7;0;0;2;6;2;B01
201300015101;0;31;0;0;2;1;3;A01
201300015102;0;7;0;0;1;1;1;A01
201300015103;0;33;0;0;2;1;1;B01
201300015103;0;7;0;0;2;3;9;A01
201300015104;0;7;0;0;2;1;1;A01
201300015104;0;7;0;0;2;3;9;B01
201300015105;0;7;0;0;2;8;13;B01
201300015105;0;30;0;0;2;1;17;A01
201300015106;0;33;0;0;2;1;1;B01
201300015106;0;7;0;0;2;8;10;A01
201300015107;0;34;0;0;0;0;0;A01
201300015108;1;7;0;0;0;0;0;Z01
201300015108;0;33;0;14;2;2;1;A01
201300015109;0;2;0;0;2;1;0;B01
201300015109;0;7;0;0;2;3;0;A01
201300015110;0;32;0;0;2;2;17;B01
201300015110;0;7;0;0;2;6;15;A01
201300015111;0;37;1;1;2;1;2;A01
201300015111;0;7;0;0;2;4;7;B01
201300015112;0;7;0;0;2;4;2;B01
201300015112;0;7;0;0;2;1;2;A01
201300015113;0;7;0;0;2;1;2;A01
201300015113;0;7;0;0;2;4;2;B01
201300015114;0;34;0;0;2;1;1;A01
201300015114;0;7;0;0;2;3;16;B01
201300015114;0;7;0;0;2;4;23;C01
201300015115;0;32;0;0;2;1;1;A01
201300015115;0;32;0;0;2;7;1;B01
201300015116;0;7;0;0;2;3;17;B01
201300015116;0;32;0;0;2;1;17;A01
201300015117;0;7;0;0;2;4;2;B01
201300015117;0;7;0;0;2;1;2;A01
201300015118;0;7;0;0;2;8;15;B01
201300015118;0;33;0;0;2;1;1;A01
201300015119;0;32;0;0;2;1;13;A01
201300015119;0;7;0;0;2;8;1;B01
201300015120;0;34;0;0;1;9;1;A01
201300015121;0;32;0;0;0;8;2;A01
201300015122;0;7;0;0;1;2;1;A01
201300015123;0;7;0;0;0;3;0;B01
201300015123;0;7;0;0;0;3;11;A01
201300015124;0;10;0;0;2;1;15;A01
201300015124;0;10;0;0;2;7;1;B01
201300015125;0;33;0;0;2;1;0;A01
201300015125;0;7;0;0;0;5;0;B01
201300015126;0;7;0;0;0;2;2;B01
201300015126;0;32;0;0;2;6;1;A01
201300015127;0;7;0;0;2;9;2;B01
201300015127;0;7;0;0;2;1;2;A01
201300015127;0;7;0;0;2;4;15;C01
201300015128;0;7;0;0;2;3;1;B01
201300015128;0;2;0;0;2;0;17;A01
201300015129;0;7;0;0;2;8;1;A01
201300015129;0;7;0;0;2;6;1;C01
201300015129;0;7;0;0;2;1;1;B01
201300015130;0;7;0;0;1;3;1;A01
201300015131;0;7;0;0;2;6;15;A01
201300015131;0;34;0;0;2;1;1;B01
201300015132;0;7;0;0;0;0;1;A01
201300015133;0;7;0;4;0;1;1;A01
201300015134;0;2;0;12;0;7;1;A01
201300015135;0;7;0;0;0;7;1;B01
201300015135;0;30;0;0;2;3;1;A01
201300015136;0;2;0;0;2;1;1;B01
201300015136;0;7;0;0;2;3;11;A01
201300015137;1;34;0;0;0;0;0;Z01
201300015137;0;30;0;0;0;8;15;A01
201300015138;0;7;0;0;2;1;2;A01
201300015138;0;7;0;0;2;4;2;B01
201300015139;0;7;0;0;2;3;17;A01
201300015139;0;7;0;0;2;3;1;B01
201300015140;0;33;0;0;2;8;2;B01
201300015140;0;7;0;0;2;5;2;A01
201300015141;0;7;0;0;2;1;2;B01
201300015141;0;7;0;0;2;3;2;C01
201300015141;0;7;0;0;0;1;11;A01
201300015141;0;7;0;0;2;1;2;D01
201300015142;0;33;0;0;2;2;1;B01
201300015142;0;7;0;0;2;4;11;A01
201300015143;0;7;0;0;1;1;2;A01
201300015144;0;32;0;0;0;0;0;A01
201300015145;0;7;0;0;2;5;1;B01
201300015145;0;32;0;0;2;1;1;A01
201300015146;0;7;0;8;0;1;15;A01
201300015147;0;7;0;0;0;4;2;B01
201300015147;0;7;0;0;2;1;2;A01
201300015148;0;10;0;0;2;4;1;B01
201300015148;0;14;0;0;2;1;21;A01
201300015149;0;7;0;0;2;5;12;A01
201300015149;0;34;0;0;2;1;1;B01
201300015150;0;30;0;0;2;6;2;A01
201300015150;0;7;0;0;2;6;15;B01
201300015151;1;7;0;0;1;1;0;Z01
201300015152;1;99;0;0;0;0;0;Z01
201300015152;0;7;0;12;0;5;1;A01
201300015153;0;33;0;0;0;4;1;B01
201300015153;0;7;0;0;0;1;9;A01
201300015154;0;14;0;0;2;0;17;A01
201300015154;0;7;0;0;2;8;0;B01
201300015155;0;34;0;0;2;8;15;A01
201300015155;0;32;0;0;2;1;1;B01
201300015156;0;7;0;0;0;6;0;B01
201300015156;0;2;0;0;2;1;0;A01
201300015157;0;2;0;0;0;0;0;A01
201300015157;0;10;0;0;0;0;1;B01
201300015158;1;7;0;0;0;0;2;Z01
201300015158;0;1;0;0;0;8;2;A01
201300015159;0;33;0;0;2;8;1;B01
201300015159;0;7;0;0;2;1;9;A01
201300015160;0;31;0;0;1;3;1;A01
201300015161;0;30;0;0;2;4;2;A01
201300015161;0;7;0;0;2;4;1;B01
201300015162;0;7;0;0;1;8;1;A01
201300015163;0;10;0;0;1;6;4;A01
201300015164;0;7;0;0;2;7;2;B01
201300015164;0;32;0;0;2;8;2;A01
201300015165;0;7;0;0;2;4;2;B01
201300015165;0;7;0;0;2;1;2;A01
201300015166;0;32;0;0;0;0;0;A01
201300015167;0;33;0;0;1;1;0;A01
201300015168;1;7;0;0;2;1;2;Z01
201300015168;0;32;0;0;0;4;23;B01
201300015169;0;7;0;0;2;4;2;B01
201300015169;0;7;0;0;2;1;2;A01
201300015169;0;7;0;0;2;9;2;C01
201300015170;0;30;0;0;2;1;1;B01
201300015170;0;7;0;0;2;3;15;A01
201300015171;2;30;0;0;1;1;0;A01
201300015172;0;10;0;0;2;7;1;B01
201300015172;0;7;0;0;2;8;1;A01
201300015173;0;33;0;0;0;1;1;B01
201300015173;0;7;0;0;0;2;15;A01
201300015174;0;34;0;0;0;0;1;A01
201300015175;0;3;0;4;2;2;1;A01
201300015175;0;7;0;0;2;1;2;B01
201300015176;0;7;0;0;2;2;12;A01
201300015176;0;32;0;0;2;3;1;B01
201300015177;0;7;0;0;2;8;1;B01
201300015177;0;7;0;0;2;0;1;A01
201300015178;0;32;0;0;0;0;1;A01
201300015179;0;32;0;0;2;8;0;B01
201300015179;0;3;0;0;2;7;0;A01
201300015180;0;7;0;0;1;7;0;A01
201300015181;0;7;0;0;0;4;2;C01
201300015181;0;7;0;0;2;1;2;B01
201300015181;0;7;0;0;2;1;2;A01
201300015182;0;7;0;0;2;3;15;A01
201300015182;0;33;0;0;2;8;1;B01
201300015183;0;33;0;0;1;2;21;A01
201300015184;0;7;0;0;2;4;2;C01
201300015184;0;7;0;0;2;1;2;A01
201300015184;0;7;0;0;2;1;2;B01
201300015185;0;7;0;0;2;8;15;B01
201300015185;0;2;0;0;2;3;3;A01
201300015186;0;30;0;0;2;1;1;B01
201300015186;0;7;0;0;2;2;19;A01
201300015187;0;33;0;0;2;9;1;A01
201300015187;0;7;0;0;2;6;19;B01
201300015188;0;7;0;0;2;3;1;A01
201300015188;0;1;0;0;2;8;15;B01
201300015189;0;37;1;0;0;3;7;A01
201300015189;1;7;0;1;2;1;0;Z01
201300015190;0;32;0;0;2;1;1;B01
201300015190;0;7;0;0;2;7;15;A01
201300015191;0;7;0;0;2;3;15;A01
201300015191;0;33;0;0;2;1;1;B01
201300015192;0;33;0;0;1;1;17;A01
201300015193;0;34;0;0;2;0;1;B01
201300015193;0;30;0;0;2;1;1;C01
201300015193;0;7;0;0;2;7;15;A01
201300015194;0;2;0;0;0;0;0;A01
201300015195;0;7;0;0;2;3;1;B01
201300015195;0;7;0;0;2;3;9;A01
201300015196;0;7;0;0;0;0;0;B01
201300015196;0;7;0;0;2;1;0;A01
201300015197;0;30;0;0;0;1;21;A01
201300015198;0;2;0;0;1;1;2;A01
201300015199;0;7;0;0;2;1;5;A01
201300015199;0;7;0;1;2;3;0;B01
201300015200;0;7;0;0;2;4;23;C01
201300015200;0;10;0;0;2;4;23;B01
201300015200;0;14;0;0;2;1;2;A01
201300015200;0;7;0;0;2;4;23;D01
201300015201;0;7;0;8;0;7;0;A01
201300015202;0;7;0;0;1;3;1;A01
201300015203;0;37;3;0;1;5;10;A01
201300015204;0;10;0;0;0;0;23;E01
201300015204;0;7;0;1;2;7;22;B01
201300015204;0;30;0;1;2;1;7;A01
201300015205;0;33;0;0;2;1;1;B01
201300015205;0;7;0;0;2;1;1;A01
201300015206;0;7;0;0;2;1;0;B01
201300015206;0;7;0;0;2;1;5;A01
201300015207;0;33;0;0;2;8;2;A01
201300015207;0;7;0;0;2;6;2;B01
201300015208;0;7;0;0;2;2;2;A01
201300015208;0;33;0;0;2;4;23;B01
201300015209;1;7;0;0;2;0;10;Z01
201300015209;0;33;0;0;2;3;1;A01
201300015210;0;7;0;6;0;2;2;A01
201300015211;0;7;0;0;2;3;1;B01
201300015211;0;7;0;0;2;1;1;A01
201300015212;0;2;0;0;2;3;21;B01
201300015212;0;10;0;0;0;5;4;A01
201300015213;0;33;0;0;2;1;2;B01
201300015213;0;7;0;0;2;3;15;A01
201300015214;0;32;0;0;2;1;1;A01
201300015214;0;7;0;0;2;3;1;B01
201300015215;0;30;0;0;0;8;21;A01
201300015216;0;30;0;0;2;1;1;A01
201300015216;0;7;0;0;2;3;15;B01
201300015217;0;30;0;0;0;0;21;A01
201300015218;0;30;0;0;0;0;7;A01
201300015219;0;7;0;0;0;4;2;B01
201300015219;0;7;0;0;2;1;2;A01
201300015220;0;7;0;0;2;3;1;B01
201300015220;0;7;0;0;2;3;1;A01
201300015221;0;7;0;16;0;9;16;A01
201300015222;0;7;0;0;1;1;0;A01
201300015223;0;7;0;0;2;1;2;A01
201300015223;0;7;0;0;2;4;2;B01
201300015224;0;32;0;0;2;0;1;A01
201300015225;0;7;0;0;2;0;1;B01
201300015225;1;7;0;0;0;0;0;Z01
201300015226;0;34;0;0;2;2;1;B01
201300015226;0;7;0;0;2;3;10;A01
201300015227;0;7;0;0;2;2;9;B01
201300015227;0;30;0;0;2;1;3;A01
201300015228;0;7;0;0;0;1;0;B01
201300015228;0;7;0;0;2;4;0;A01
201300015229;0;30;0;0;2;4;1;B01
201300015229;0;7;0;0;2;1;1;A01
201300015230;0;7;0;0;2;3;2;A01
201300015230;0;1;0;0;2;4;2;B01
201300015231;0;7;0;0;2;1;1;A01
201300015231;0;7;0;0;2;1;1;B01
201300015232;1;33;0;0;2;8;1;B01
201300015232;0;7;0;0;2;2;10;A01
201300015233;0;7;0;0;2;3;15;A01
201300015233;0;2;0;0;2;1;0;B01
201300015234;0;37;1;0;2;3;2;B01
201300015234;0;7;0;0;2;3;13;A01
201300015235;0;7;0;0;0;1;2;A01
201300015235;0;7;0;0;0;0;2;C01
201300015235;0;7;0;0;0;4;2;B01
201300015236;0;7;0;0;2;8;23;A01
201300015236;1;33;0;0;1;0;0;Z01
201300015237;0;7;0;0;2;2;15;A01
201300015237;0;34;0;0;2;1;1;B01
201300015238;0;7;0;0;2;4;2;B01
201300015238;0;7;0;0;2;1;2;A01
201300015239;0;7;0;0;9;3;1;A01
201300015239;0;1;0;0;0;0;1;B01
201300015240;0;7;0;0;1;1;1;A01
201300015241;0;10;0;0;2;1;1;B01
201300015241;0;7;0;1;2;1;5;A01
201300015242;0;32;0;0;2;0;0;A01
201300015242;0;7;0;0;2;0;0;B01
201300015243;0;10;0;0;1;4;4;A01
201300015244;0;7;0;0;2;1;0;B01
201300015244;0;7;0;0;2;2;5;A01
201300015245;0;7;0;15;1;7;1;A01
201300015246;0;7;0;0;2;4;0;B01
201300015246;0;10;0;0;2;1;0;A01
201300015247;0;37;1;0;1;1;1;A01
201300015248;1;34;0;0;1;1;0;Z01
201300015249;0;7;0;0;2;3;2;A01
201300015249;0;7;0;0;0;4;23;B01
201300015250;0;3;0;12;0;9;0;A01
201300015251;0;7;0;0;2;3;9;A01
201300015251;0;7;0;0;2;7;1;B01
201300015252;0;7;0;0;2;1;2;A01
201300015252;0;7;0;0;2;4;2;B01
201300015252;1;7;0;0;2;4;2;Z01
201300015252;1;7;0;0;2;1;2;X01
201300015253;0;7;0;0;1;1;1;A01
201300015254;0;7;0;6;0;9;1;A01
201300015255;0;34;0;0;2;1;17;B01
201300015255;0;7;0;0;2;3;20;A01
201300015256;0;32;0;0;2;1;5;A01
201300015256;0;3;0;0;2;8;15;B01
201300015257;0;7;0;0;2;4;2;B01
201300015257;0;37;7;0;2;1;2;A01
201300015258;0;2;0;0;1;1;1;A01
201300015259;0;7;0;2;0;2;21;A01
201300015260;0;34;0;0;2;1;2;A01
201300015260;0;7;0;0;2;8;15;B01
201300015261;0;7;0;0;2;8;15;A01
201300015261;0;30;0;0;2;7;21;B01
201300015262;0;30;0;12;0;0;1;A01
201300015263;0;7;0;0;2;6;0;B01
201300015263;0;33;0;0;2;1;0;A01
201300015264;0;30;0;0;0;8;2;A01
201300015265;0;13;0;0;2;6;24;B01
201300015265;0;31;0;1;0;1;2;A01
201300015266;0;7;0;0;2;2;0;A01
201300015266;0;7;0;1;2;3;0;B01
201300015267;0;10;0;0;1;7;1;A01
201300015268;0;7;0;0;2;2;0;B01
201300015268;0;34;0;0;2;2;0;A01
201300015269;0;7;0;0;0;1;0;A01
201300015269;0;7;0;0;0;4;0;C01
201300015269;0;7;0;0;0;4;1;B01
201300015270;0;7;0;0;0;0;0;B01
201300015270;0;7;0;0;0;0;0;A01
201300015270;0;32;0;0;0;0;0;C01
201300015271;0;33;0;0;1;1;1;A01
201300015272;0;37;1;0;1;2;2;A01
201300015273;0;7;0;0;2;2;2;A01
201300015273;0;30;0;0;0;8;2;B01
201300015274;0;1;0;0;2;3;11;B01
201300015274;0;2;0;0;2;2;2;A01
201300015275;0;7;0;0;2;1;2;A01
201300015275;0;31;0;0;0;7;15;B01
201300015276;0;10;0;0;1;2;2;A01
201300015277;0;7;0;0;1;2;1;A01
201300015278;0;34;0;0;2;1;1;B01
201300015278;0;7;0;0;2;5;15;A01
201300015279;1;7;0;0;4;3;3;Z01
201300015279;0;33;0;0;2;1;1;B01
201300015280;0;30;0;0;0;7;21;A01
201300015281;0;7;0;0;0;1;0;A01
201300015281;0;30;0;0;0;0;0;B01
201300015282;0;7;0;0;2;1;21;A01
201300015282;0;7;0;8;2;4;1;B01
201300015283;0;7;0;1;2;1;13;A01
201300015283;0;34;0;0;2;1;0;B01
201300015284;0;2;0;0;2;0;21;A01
201300015285;0;30;0;0;2;3;2;A01
201300015285;0;7;0;0;0;4;2;B01
201300015286;0;7;0;0;1;8;2;A01
201300015287;0;33;0;0;2;3;1;B01
201300015287;0;7;0;0;2;1;15;A01
201300015288;0;7;0;0;2;0;13;A01
201300015288;0;34;0;0;2;8;2;B01
201300015289;0;7;0;0;1;2;1;A01
201300015290;0;7;0;1;0;3;1;A01
201300015291;0;32;0;0;2;2;2;A01
201300015291;0;7;0;0;2;4;1;B01
201300015292;0;2;0;0;0;0;0;A01
201300015293;0;7;0;0;2;3;1;A01
201300015293;0;7;0;0;2;2;1;B01
201300015294;0;34;0;0;2;1;1;A01
201300015294;1;30;0;0;0;0;0;Z01
201300015295;0;32;0;0;2;2;14;A01
201300015295;0;7;0;0;2;3;23;B01
201300015296;0;37;20;0;1;1;0;A01
201300015297;0;7;0;0;2;8;1;B01
201300015297;0;34;0;0;2;1;5;A01
201300015298;0;7;0;0;1;1;16;A01
201300015299;1;7;0;0;1;1;17;Z01
201300015300;0;10;0;0;2;3;10;A01
201300015300;0;32;0;0;2;2;2;B01
201300015301;0;7;0;0;1;1;9;A01
201300015302;0;7;0;0;0;3;5;A01
201300015302;0;33;0;0;4;7;21;B01
201300015303;0;7;0;0;2;4;23;B01
201300015303;1;7;0;0;2;1;1;Z01
201300015304;0;7;0;0;2;2;9;A01
201300015304;0;33;0;0;2;3;1;B01
201300015305;0;7;0;0;1;3;0;A01
201300015306;0;34;0;0;0;1;0;A01
201300015307;1;7;0;0;1;7;0;Z01
201300015308;0;34;0;0;1;3;0;A01
201300015309;0;7;0;0;2;8;2;B01
201300015309;0;32;0;0;2;8;2;A01
201300015310;0;7;0;0;0;0;9;A01
201300015310;0;32;0;0;0;0;2;B01
201300015311;0;7;0;0;2;4;2;B01
201300015311;0;7;0;0;2;1;2;A01
201300015312;1;7;0;0;2;0;1;Z01
201300015312;0;7;0;0;2;0;1;B01
201300015313;0;7;0;0;2;7;0;B01
201300015313;0;33;0;0;2;1;0;A01
201300015314;0;7;0;0;2;1;0;B01
201300015314;0;7;0;0;2;1;5;A01
201300015315;0;7;0;11;0;2;1;A01
201300015316;0;31;0;0;0;0;1;A01
201300015317;0;7;0;0;2;4;2;B01
201300015317;0;7;0;0;2;1;2;A01
201300015318;0;32;0;0;2;8;1;A01
201300015318;0;7;0;0;2;1;1;B01
201300015319;0;7;0;0;2;7;1;B01
201300015319;0;7;0;0;2;1;0;A01
201300015320;0;7;0;16;2;3;9;A01
201300015320;0;33;0;0;2;1;2;B01
201300015321;0;7;0;0;2;1;15;A01
201300015321;0;7;0;0;2;3;1;B01
201300015322;0;32;0;0;0;8;1;A01
201300015323;0;32;0;0;2;1;2;A01
201300015323;0;7;0;0;0;3;15;B01
201300015324;1;7;0;0;1;1;19;Z01
201300015325;0;7;0;16;0;3;9;B01
201300015325;2;33;0;0;0;0;1;A01
201300015326;0;7;0;0;1;7;1;A01
201300015327;0;7;0;0;2;2;17;A01
201300015327;0;7;0;0;2;3;15;B01
201300015328;0;7;0;0;1;1;1;A01
201300015329;0;7;0;0;2;1;2;A01
201300015329;0;7;0;0;2;4;23;B01
201300015330;0;7;0;0;2;1;1;B01
201300015330;0;33;0;0;2;5;13;A01
201300015331;0;7;0;0;1;4;4;A01
201300015332;0;7;0;13;0;2;0;A01
201300015333;0;2;0;0;2;1;2;A01
201300015333;0;7;0;0;2;1;15;B01
201300015334;1;7;0;0;1;0;0;Z01
201300015335;0;7;0;0;2;1;2;B01
201300015335;0;7;0;0;2;2;11;A01
201300015336;0;30;0;0;1;3;1;A01
201300015337;0;32;0;0;1;1;1;A01
201300015338;0;30;0;0;2;1;1;B01
201300015338;0;7;0;0;2;1;15;A01
201300015339;0;33;0;0;2;1;1;B01
201300015339;0;7;0;0;2;7;15;A01
201300015340;0;7;0;0;2;3;15;A01
201300015340;0;7;0;0;2;2;1;B01
201300015341;0;7;0;0;1;0;0;A01
201300015342;1;7;0;0;1;0;4;Z01
201300015343;0;7;0;0;9;3;9;A01
201300015343;0;1;0;0;2;1;2;B01
201300015344;0;7;0;0;0;4;2;A01
201300015344;0;7;0;0;2;1;2;C01
201300015344;0;7;0;0;2;1;2;B01
201300015345;0;34;0;12;2;8;1;B01
201300015345;0;7;0;0;2;2;9;A01
201300015346;0;33;0;0;2;3;23;C01
201300015346;0;14;0;0;2;3;23;D01
201300015346;0;10;0;0;2;4;2;A01
201300015346;0;2;0;0;2;4;2;B01
201300015347;0;30;0;0;2;8;23;B01
201300015347;0;31;0;0;2;1;17;A01
201300015348;1;30;0;0;1;1;1;Z01
201300015349;0;2;0;0;2;8;1;B01
201300015349;0;30;0;0;2;1;5;A01
201300015350;1;34;0;0;1;1;1;Z01
201300015351;0;7;0;0;1;1;0;A01
201300015352;0;32;0;0;2;1;1;A01
201300015352;1;7;0;0;2;0;10;Z01
201300015353;1;7;0;0;2;1;1;Z01
201300015353;0;7;0;0;0;4;1;B01
201300015354;0;33;0;0;2;1;2;B01
201300015354;0;7;0;0;2;7;9;A01
201300015355;0;7;0;0;0;4;1;A01
201300015355;1;7;0;0;2;1;1;Z01
201300015356;0;30;0;0;2;2;15;A01
201300015356;0;7;0;0;2;3;15;B01
201300015357;0;7;0;0;2;4;1;B01
201300015357;0;30;0;0;2;1;2;A01
201300015358;0;13;0;0;2;6;0;A01
201300015358;0;33;0;0;2;7;0;B01
201300015359;0;7;0;0;9;3;1;B01
201300015359;0;33;0;0;2;3;1;A01
201300015360;0;31;0;0;2;1;2;B01
201300015360;0;7;0;0;0;3;1;A01
201300015361;0;31;0;0;2;4;2;B01
201300015361;0;7;0;0;2;1;2;A01
201300015362;0;7;0;0;2;7;1;C01
201300015362;0;7;0;0;2;1;1;A01
201300015362;0;33;0;0;2;4;1;B01
201300015363;0;10;0;0;0;1;9;A01
201300015363;0;31;0;0;0;5;1;B01
201300015364;0;3;0;0;0;3;0;A01
201300015364;0;7;0;0;2;3;1;B01
201300015365;0;3;0;12;2;6;9;A01
201300015365;0;3;0;0;0;2;1;B01
201300015366;0;7;0;0;2;1;1;A01
201300015366;0;7;0;0;0;4;2;B01
201300015367;0;7;0;0;0;0;0;A01
201300015367;0;7;0;0;0;0;0;B01
201300015368;0;31;0;0;2;2;15;A01
201300015368;0;7;0;0;2;3;1;B01
201300015369;0;7;0;0;2;3;15;A01
201300015369;0;33;0;0;2;3;1;B01
201300015370;0;7;0;0;1;4;4;A01
201300015371;0;7;0;0;2;3;1;B01
201300015371;0;7;0;0;2;3;13;A01
201300015371;0;7;0;0;2;3;1;C01
201300015372;0;30;0;0;2;0;1;B01
201300015372;0;7;0;0;2;7;15;A01
201300015373;0;7;0;0;1;1;0;A01
201300015374;0;7;0;0;1;3;15;A01
201300015375;0;7;0;0;2;1;2;A01
201300015375;0;30;0;0;0;4;2;B01
201300015376;0;7;0;0;1;3;1;A01
201300015377;0;7;0;0;2;1;1;A01
201300015377;0;7;0;0;2;4;1;B01
201300015377;0;7;0;0;2;4;1;C01
201300015378;0;7;0;0;1;1;9;A01
201300015379;1;7;0;0;0;6;0;Z01
201300015379;0;7;0;0;2;3;0;A01
201300015380;0;7;0;0;2;4;2;C01
201300015380;0;10;0;0;2;1;2;A01
201300015380;0;10;0;0;2;4;1;B01
201300015381;0;7;0;0;2;6;9;A01
201300015381;0;30;0;0;2;2;1;B01
201300015382;0;7;0;0;0;7;2;B01
201300015382;0;7;0;0;2;1;19;A01
201300015383;1;10;0;0;2;8;11;Z01
201300015383;0;31;0;0;2;7;1;A01
201300015384;0;30;0;0;2;4;2;B01
201300015384;0;7;0;0;2;1;2;A01
201300015384;0;7;0;0;2;6;2;C01
201300015385;0;30;0;0;0;0;1;B01
201300015385;0;30;0;0;0;0;1;A01
201300015386;0;7;0;0;2;1;2;A01
201300015386;0;7;0;0;2;4;2;B01
201300015387;0;33;0;0;2;8;1;B01
201300015387;0;7;0;0;2;2;15;A01
201300015388;0;32;0;0;2;0;2;A01
201300015388;0;7;0;0;2;0;2;B01
201300015389;0;7;0;0;2;6;23;B01
201300015389;0;7;0;0;2;1;17;A01
201300015390;0;32;0;14;0;0;0;A01
201300015391;0;7;0;0;2;4;23;B01
201300015391;1;7;0;0;2;0;1;Z01
201300015392;1;7;0;0;1;0;0;Z01
201300015393;0;7;0;0;2;0;0;B01
201300015393;2;7;0;0;2;0;0;Z01
201300015394;0;37;1;0;2;1;2;A01
201300015394;0;7;0;0;2;4;2;B01
201300015395;0;33;0;0;2;1;1;B01
201300015395;0;7;0;0;2;7;9;A01
201300015396;0;7;0;0;1;3;2;A01
201300015397;0;7;0;0;2;1;0;A01
201300015397;0;7;0;0;2;7;0;B01
201300015398;0;7;0;0;2;4;4;A01
201300015398;0;32;0;0;2;4;4;B01
201300015399;0;7;0;0;2;8;15;B01
201300015399;0;30;0;0;2;8;11;A01
201300015400;0;7;0;0;2;2;15;A01
201300015400;0;32;0;0;2;1;0;B01
201300015401;0;32;0;0;1;7;1;A01
201300015402;0;7;0;0;1;4;4;A01
201300015403;0;30;0;0;2;2;0;A01
201300015403;0;7;0;0;2;3;15;B01
201300015404;0;7;0;0;1;1;1;A01
201300015405;0;32;0;0;2;1;20;B01
201300015405;0;7;0;0;2;3;21;A01
201300015406;0;33;0;0;0;7;1;B01
201300015406;0;7;0;0;0;3;10;A01
201300015407;0;7;0;1;0;2;2;A01
201300015407;0;10;0;0;2;6;0;B01
201300015408;0;32;0;0;0;3;0;A01
201300015409;0;7;0;8;0;2;1;A01
201300015410;0;7;0;0;0;4;4;A01
201300015410;0;30;0;0;2;1;1;B01
201300015411;0;7;0;0;0;3;16;A01
201300015411;0;7;0;0;2;1;2;B01
201300015412;0;7;0;0;1;7;21;A01
201300015413;0;32;0;14;0;1;1;A01
201300015414;0;7;0;0;1;2;1;A01
201300015415;0;7;0;8;0;1;0;A01
201300015416;0;30;0;0;2;3;1;A01
201300015416;0;7;0;0;2;1;1;B01
201300015417;0;7;0;0;0;4;23;C01
201300015417;1;7;0;0;2;1;1;A01
201300015417;0;7;0;0;2;4;1;B01
201300015418;0;33;0;0;0;0;2;A01
201300015419;0;7;0;0;0;4;9;A01
201300015419;0;7;0;0;2;1;15;B01
201300015420;0;33;0;0;2;1;2;B01
201300015420;0;7;0;0;0;3;10;A01
201300015421;0;7;0;0;1;1;0;A01
201300015422;0;7;0;0;1;4;4;A01
201300015423;0;7;0;0;0;3;15;B01
201300015423;0;30;0;0;2;1;17;A01
201300015424;0;32;0;0;2;1;1;B01
201300015424;0;7;0;0;0;8;15;A01
201300015425;1;7;0;0;2;0;0;Z01
201300015425;0;30;0;0;2;0;0;B01
201300015426;0;7;0;0;2;1;1;B01
201300015426;2;33;0;0;2;1;1;A01
201300015427;0;33;0;0;0;5;0;B01
201300015427;0;7;0;0;0;3;0;A01
201300015428;0;10;0;0;2;1;2;A01
201300015428;0;10;0;0;2;4;2;B01
201300015429;0;7;0;0;2;8;1;B01
201300015429;0;7;0;0;2;3;13;A01
201300015430;0;7;0;0;2;3;0;B01
201300015430;0;7;0;0;2;5;4;A01
201300015431;0;7;0;0;2;5;23;B01
201300015431;0;34;0;0;2;5;18;A01
201300015431;0;7;0;0;2;7;23;C01
201300015432;0;7;0;0;2;1;0;A01
201300015432;0;32;0;0;2;2;0;B01
201300015433;0;7;0;0;2;2;19;B01
201300015433;0;2;0;0;2;1;16;A01
201300015434;0;32;0;0;2;0;0;B01
201300015434;0;7;0;0;2;3;15;A01
201300015435;0;7;0;0;2;1;15;A01
201300015435;0;32;0;0;2;0;0;B01
201300015436;0;7;0;0;1;3;1;A01
201300015437;0;7;0;0;2;1;15;A01
201300015437;0;2;0;0;0;8;1;B01
201300015438;0;7;0;0;1;2;1;A01
201300015439;0;7;0;0;2;2;16;B01
201300015439;0;33;0;0;2;5;1;A01
201300015440;0;30;0;0;2;2;2;B01
201300015440;0;7;0;0;9;2;0;A01
201300015441;1;7;0;0;2;2;16;Z01
201300015441;0;32;0;0;0;6;1;A01
201300015442;2;30;0;14;2;5;0;A01
201300015442;0;1;0;0;9;5;11;B01
201300015443;0;7;0;0;2;3;13;A01
201300015443;0;34;0;0;2;5;17;B01
201300015444;0;37;1;0;1;6;1;A01
201300015445;0;7;0;0;2;6;15;B01
201300015445;0;2;0;0;0;0;17;A01
201300015446;0;7;0;0;2;2;15;A01
201300015446;0;7;0;0;2;1;1;B01
201300015447;0;7;0;7;2;1;11;A01
201300015447;0;7;0;0;2;1;1;B01