num_acc;senc;catv;occutc;obs;obsm;choc;manv;num_veh
201300015448;0;7;0;0;1;4;4;A01
201300015449;0;32;0;0;2;9;15;B01
201300015449;0;7;0;0;2;3;15;A01
201300015450;0;7;0;0;0;0;1;B01
201300015450;0;7;0;0;0;1;1;A01
201300015451;0;30;0;0;2;3;1;A01
201300015451;0;7;0;0;2;3;1;B01
201300015452;0;7;0;0;2;4;2;C01
201300015452;0;7;0;0;2;1;2;A01
201300015452;0;7;0;0;2;4;2;B01
201300015453;0;32;0;0;2;1;1;B01
201300015453;0;7;0;0;2;8;10;A01
201300015454;0;7;0;0;0;3;2;B01
201300015454;0;30;0;0;0;2;2;A01
201300015455;0;33;0;0;0;1;1;A01
201300015455;0;7;0;0;0;8;0;B01
201300015456;0;34;0;11;0;8;2;A01
201300015457;0;7;0;0;1;1;1;A01
201300015458;0;7;0;0;0;1;1;B01
201300015458;0;7;0;0;0;3;15;A01
201300015459;0;7;0;0;0;9;1;A01
201300015460;0;30;0;16;0;8;1;A01
201300015461;0;32;0;8;0;1;1;A01
201300015462;0;34;0;5;0;1;2;A01
201300015463;0;7;0;0;2;8;17;A01
201300015463;0;2;0;1;2;1;17;B01
201300015464;0;30;0;0;2;7;2;B01
201300015464;1;99;0;0;0;0;0;Z01
201300015465;0;7;0;0;0;0;0;A01
201300015466;0;7;0;0;1;6;1;A01
201300015467;0;7;0;15;0;1;13;A01
201300015468;0;7;0;0;1;1;20;A01
201300015469;0;7;0;0;2;2;0;B01
201300015469;0;7;0;0;2;0;11;A01
201300015470;0;7;0;0;2;4;0;E01
201300015470;0;2;0;0;2;9;0;C01
201300015470;2;7;0;0;0;1;0;A01
201300015470;0;7;0;0;2;5;0;D01
201300015470;0;33;0;0;2;8;0;B01
201300015471;0;7;0;0;2;2;2;A01
201300015471;0;7;0;0;0;6;2;B01
201300015472;0;7;0;0;0;4;2;B01
201300015472;1;7;0;0;2;1;2;Z01
201300015473;0;37;1;0;2;2;1;B01
201300015473;0;30;0;0;2;3;0;A01
201300015474;0;7;0;0;2;2;2;A01
201300015474;0;7;0;0;2;6;23;B01
201300015475;0;37;1;1;0;3;16;A01
201300015476;0;7;0;0;2;1;1;B01
201300015476;1;7;0;0;2;2;15;Z01
201300015477;1;7;0;0;2;0;1;Z01
201300015477;0;7;0;0;0;0;1;B01
201300015478;1;32;0;0;2;0;12;Z01
201300015478;0;32;0;0;2;0;1;B01
201300015479;0;7;0;0;2;3;10;A01
201300015479;0;34;0;0;2;1;17;B01
201300015480;1;14;0;0;1;0;0;A01
201300015481;0;30;0;0;1;3;1;A01
201300015482;1;30;0;0;1;0;2;Z01
201300015483;1;7;0;0;0;0;15;Z01
201300015483;0;32;0;0;0;7;2;B01
201300015484;0;7;0;0;2;1;1;A01
201300015484;0;7;0;0;2;4;1;B01
201300015485;0;32;0;0;2;1;1;B01
201300015485;0;7;0;0;0;3;1;A01
201300015486;0;34;0;0;2;1;1;B01
201300015486;0;7;0;0;2;8;15;A01
201300015487;0;7;0;0;1;2;1;A01
201300015488;0;7;0;0;1;3;1;A01
201300015489;0;15;0;0;2;3;1;A01
201300015489;0;33;0;0;2;4;2;B01
201300015490;0;7;0;0;2;5;15;A01
201300015490;0;7;0;0;2;0;1;B01
201300015491;0;7;0;0;0;4;2;B01
201300015491;0;7;0;0;2;1;2;A01
201300015492;0;20;0;0;0;4;2;B01
201300015492;0;10;0;0;2;1;2;A01
201300015493;0;7;0;0;2;1;2;A01
201300015493;0;7;0;0;2;4;1;B01
201300015494;0;32;0;0;2;2;0;B01
201300015494;0;30;0;0;0;1;0;A01
201300015495;1;7;0;0;1;0;0;Z01
201300015496;0;32;0;0;1;1;1;A01
201300015497;0;33;0;0;2;2;1;B01
201300015497;0;7;0;0;2;1;9;A01
201300015498;0;32;0;0;0;1;1;A01
201300015499;0;7;0;0;0;9;1;A01
201300015500;0;32;0;0;2;2;17;B01
201300015500;0;7;0;0;2;8;15;A01
201300015501;0;7;0;0;0;0;15;B01
201300015501;0;33;0;0;2;8;17;A01
201300015502;0;7;0;0;2;3;15;A01
201300015502;0;31;0;0;2;5;17;B01
201300015503;0;34;0;0;1;3;1;A01
201300015504;0;14;0;0;2;1;1;A01
201300015504;0;7;0;0;0;4;1;B01
201300015505;0;7;0;0;1;2;1;A01
201300015506;1;37;0;0;1;7;1;Z01
201300015507;1;7;0;0;2;1;1;Z01
201300015507;0;7;0;0;2;4;24;B01
201300015508;1;7;0;0;1;1;1;Z01
201300015509;1;7;0;0;1;2;1;Z01
201300015510;0;32;0;0;1;0;1;A01
201300015511;0;32;0;14;0;1;2;A01
201300015512;0;7;0;0;2;5;1;B01
201300015512;0;7;0;0;2;8;9;A01
201300015513;0;7;0;0;2;8;9;A01
201300015513;0;33;0;0;2;1;2;B01
201300015514;0;33;0;0;2;1;1;B01
201300015514;0;10;0;0;2;8;15;A01
201300015515;0;32;0;0;2;1;1;B01
201300015515;0;7;0;0;2;3;9;A01
201300015516;0;10;0;0;1;3;4;A01
201300015517;0;7;0;0;2;9;1;B01
201300015517;0;7;0;0;2;4;2;C01
201300015517;0;7;0;0;2;1;1;A01
201300015518;0;7;0;0;2;4;2;B01
201300015518;0;7;0;0;2;1;2;A01
201300015519;0;32;0;0;1;1;1;A01
201300015520;0;34;0;0;0;0;1;A01
201300015521;0;30;0;0;2;1;17;A01
201300015521;0;7;0;0;9;6;15;B01
201300015522;0;7;0;0;0;5;15;B01
201300015522;0;7;0;0;2;3;2;A01
201300015523;0;7;0;0;2;7;15;A01
201300015523;0;7;0;0;2;1;2;B01
201300015523;0;7;0;1;2;3;24;C01
201300015524;0;7;0;0;2;1;2;B01
201300015524;0;14;0;0;0;5;2;A01
201300015525;0;7;0;0;2;3;15;A01
201300015525;0;7;0;0;2;7;1;B01
201300015526;2;2;0;0;1;2;0;Z01
201300015527;0;7;0;0;1;3;1;A01
201300015528;0;32;0;1;0;2;1;A01
201300015528;0;7;0;0;0;0;1;B01
201300015529;0;7;0;0;2;2;1;A01
201300015529;0;7;0;0;2;3;1;B01
201300015530;0;30;0;0;2;1;1;B01
201300015530;0;30;0;0;2;1;1;A01
201300015531;0;33;0;0;2;1;2;A01
201300015531;1;7;0;0;2;4;1;Z01
201300015532;0;33;0;0;2;4;0;B01
201300015532;0;2;0;0;2;1;2;A01
201300015533;1;10;0;0;2;0;0;Z01
201300015533;0;30;0;0;2;0;0;A01
201300015534;0;34;0;0;1;1;1;A01
201300015535;0;7;0;0;1;3;15;A01
201300015536;0;34;0;8;0;0;1;A01
201300015537;0;7;0;0;2;1;2;A01
201300015537;0;7;0;0;0;4;1;B01
201300015538;0;7;0;0;2;2;15;A01
201300015538;0;7;0;0;2;3;1;B01
201300015539;2;3;0;0;1;1;0;A01
201300015540;0;7;0;0;2;4;2;B01
201300015540;0;7;0;0;2;1;2;A01
201300015541;0;34;0;0;2;1;17;B01
201300015541;0;7;0;0;0;3;19;A01
201300015542;0;7;0;0;2;1;1;B01
201300015542;0;7;0;6;2;9;13;A01
201300015543;0;7;0;1;0;6;0;D01
201300015543;0;33;0;1;0;3;0;C01
201300015543;2;7;0;1;0;1;0;Z01
201300015544;0;32;0;0;1;1;1;A01
201300015545;1;7;0;0;2;0;15;Z01
201300015545;0;7;0;0;2;1;1;B01
201300015546;0;7;0;0;2;4;23;B01
201300015546;1;7;0;0;2;1;1;Z01
201300015547;1;7;0;0;2;1;1;Z01
201300015547;0;7;0;0;2;4;0;B01
201300015548;1;7;0;0;2;4;4;Z01
201300015548;0;99;0;0;2;1;1;B01
201300015549;0;3;0;0;1;1;2;A01
201300015550;0;7;0;0;2;4;23;B01
201300015550;0;10;0;0;2;1;0;A01
201300015551;0;33;0;0;2;1;1;B01
201300015551;0;7;0;0;2;4;1;A01
201300015552;0;7;0;0;2;1;2;A01
201300015552;0;7;0;0;2;4;2;B01
201300015553;0;2;0;0;2;1;1;A01
201300015553;0;1;0;0;0;8;19;B01
201300015554;0;7;0;0;2;5;15;B01
201300015554;0;30;0;0;2;1;1;A01
201300015555;0;7;0;0;0;3;15;B01
201300015555;0;30;0;0;0;7;2;A01
201300015556;0;7;0;0;1;7;1;A01
201300015557;0;7;0;0;1;2;1;A01
201300015558;0;7;0;0;0;4;2;C01
201300015558;0;30;0;0;2;1;1;B01
201300015558;0;30;0;0;2;1;2;A01
201300015559;0;7;0;0;2;9;1;B01
201300015559;0;7;0;0;0;4;1;A01
201300015559;0;7;0;0;2;1;1;C01
201300015560;0;7;0;0;2;8;1;A01
201300015560;0;7;0;0;2;1;0;B01
201300015561;0;7;0;0;2;1;1;A01
201300015561;0;7;0;0;2;7;1;B01
201300015562;0;34;0;0;2;5;9;A01
201300015562;0;7;0;0;2;8;1;B01
201300015563;0;7;0;0;2;2;13;A01
201300015563;0;7;0;0;2;3;1;B01
201300015564;0;7;0;0;1;8;23;A01
201300015565;0;1;0;0;1;1;1;A01
201300015566;0;7;0;0;1;1;1;A01
201300015567;0;7;0;1;2;7;0;A01
201300015567;0;7;0;0;2;1;0;B01
201300015568;0;7;0;0;1;1;2;A01
201300015569;0;33;0;0;2;1;2;A01
201300015569;0;33;0;0;2;5;16;B01
201300015570;0;7;0;0;2;1;0;C01
201300015570;0;7;0;0;2;3;0;A01
201300015570;0;7;0;0;2;3;1;B01
201300015571;0;7;0;0;2;4;2;B01
201300015571;0;7;0;0;2;2;2;A01
201300015572;0;31;0;0;0;2;16;A01
201300015573;0;30;0;0;2;1;13;B01
201300015573;0;7;0;0;2;3;10;A01
201300015574;0;7;0;0;1;0;0;A01
201300015575;0;31;0;0;2;7;0;B01
201300015575;0;3;0;0;2;8;0;A01
201300015576;0;31;0;0;2;1;13;A01
201300015576;0;33;0;0;2;3;1;B01
201300015577;1;30;0;0;1;0;1;Z01
201300015578;0;7;0;0;2;3;9;A01
201300015578;1;7;0;0;2;3;0;B01
201300015579;0;33;0;8;0;7;1;A01
201300015580;0;7;0;0;2;2;1;A01
201300015580;0;34;0;0;2;1;1;B01
201300015581;0;7;0;1;0;3;1;A01
201300015582;0;10;0;0;1;0;5;A01
201300015583;0;7;0;0;2;7;2;B01
201300015583;0;33;0;0;2;8;2;A01
201300015584;0;10;0;0;1;5;0;A01
201300015585;0;30;0;0;2;1;1;A01
201300015585;1;99;0;0;0;0;0;Z01
201300015586;1;32;0;0;1;0;1;Z01
201300015587;0;30;0;0;2;0;1;A01
201300015588;0;7;0;0;2;3;0;B01
201300015588;0;38;1;0;2;8;1;A01
201300015589;0;7;0;0;2;8;2;B01
201300015589;0;7;0;1;2;1;2;A01
201300015590;0;7;0;0;2;2;15;B01
201300015590;0;31;0;0;2;1;17;A01
201300015591;0;10;0;0;1;1;0;A01
201300015592;0;7;0;0;2;3;2;B01
201300015592;0;17;0;0;2;5;12;A01
201300015593;0;7;0;1;2;3;10;A01
201300015593;0;2;0;0;2;1;3;B01
201300015594;1;7;0;0;1;0;0;Z01
201300015595;0;34;0;8;0;0;0;A01
201300015596;0;38;0;0;1;1;0;A01
201300015597;0;37;0;0;1;2;0;A01
201300015598;0;7;0;0;2;3;5;A01
201300015598;0;7;0;0;2;2;21;D01
201300015598;0;7;0;0;2;1;1;C01
201300015598;0;7;0;0;2;3;1;B01
201300015598;0;7;0;1;2;8;1;E01
201300015599;0;7;0;0;2;3;9;B01
201300015599;0;7;0;0;2;1;1;A01
201300015600;2;2;0;0;1;8;9;A01
201300015601;0;7;0;0;1;2;1;A01
201300015602;1;7;0;0;2;1;1;Z01
201300015602;0;2;0;0;2;4;1;B01
201300015603;0;7;0;0;2;0;1;B01
201300015603;1;7;0;0;2;7;17;Z01
201300015604;0;7;0;0;2;4;1;B01
201300015604;1;33;0;0;2;1;1;Z01
201300015605;1;10;0;0;2;0;0;Z01
201300015605;0;1;0;0;2;0;0;B01
201300015606;0;7;0;0;2;1;0;B01
201300015606;0;7;0;8;1;1;1;A01
201300015607;0;7;0;0;1;4;4;A01
201300015608;1;7;0;0;0;8;24;Z01
201300015608;0;1;0;1;0;7;17;B01
201300015609;0;7;0;0;2;1;1;A01
201300015609;1;7;0;0;2;1;0;Z01
201300015610;0;7;0;0;1;1;1;A01
201300015611;0;33;0;1;2;3;9;B01
201300015611;0;7;0;0;2;2;0;A01
201300015612;0;7;0;0;2;3;0;B01
201300015612;0;30;0;0;2;7;1;A01
201300015613;0;37;0;0;1;2;1;A01
201300015614;0;7;0;0;1;3;17;A01
201300015615;0;7;0;0;0;4;2;B01
201300015615;0;10;0;0;2;1;2;A01
201300015616;0;7;0;0;2;6;15;B01
201300015616;0;33;0;0;2;1;2;A01
201300015617;0;7;0;6;0;2;1;A01
201300015618;0;30;0;0;2;5;9;B01
201300015618;0;7;0;0;2;3;9;A01
201300015619;0;7;0;0;0;8;1;A01
201300015619;0;33;0;0;0;1;2;B01
201300015620;0;7;0;0;1;1;1;A01
201300015621;0;33;0;0;2;1;1;B01
201300015621;0;7;0;0;2;2;19;A01
201300015622;0;32;0;0;0;0;0;B01
201300015622;0;7;0;0;0;1;0;A01
201300015623;0;7;0;6;1;1;1;A01
201300015624;0;7;0;0;2;2;2;A01
201300015624;0;7;0;0;2;6;2;B01
201300015625;0;33;0;0;1;7;1;A01
201300015626;0;7;0;0;0;3;15;B01
201300015626;0;2;0;0;2;1;17;A01
201300015627;0;7;0;0;1;3;15;A01
201300015628;1;2;0;0;1;1;1;Z01
201300015629;0;3;0;0;2;3;9;B01
201300015629;0;30;0;1;2;3;0;A01
201300015630;0;33;0;0;1;1;11;A01
201300015631;0;30;0;1;0;0;0;A01
201300015632;0;7;0;0;0;9;2;A01
201300015633;0;7;0;0;2;1;15;A01
201300015633;0;33;0;0;2;1;1;B01
201300015634;0;7;0;0;1;3;1;A01
201300015635;0;7;0;0;2;3;9;A01
201300015635;0;2;0;0;2;1;2;B01
201300015636;0;31;0;0;0;0;2;A01
201300015637;0;7;0;0;2;1;1;B01
201300015637;0;7;0;0;2;7;15;A01
201300015638;0;7;0;0;2;0;1;A01
201300015638;2;7;0;6;2;1;0;Z01
201300015639;0;7;0;0;0;2;16;B01
201300015639;0;7;0;0;0;3;11;A01
201300015640;0;3;0;0;2;8;15;B01
201300015640;0;33;0;2;2;1;1;A01
201300015641;0;32;0;0;2;1;1;B01
201300015641;0;32;0;0;2;6;2;A01
201300015642;0;32;0;0;2;1;1;B01
201300015642;0;7;0;0;2;8;10;A01
201300015643;0;7;0;0;2;1;2;A01
201300015643;0;7;0;0;2;4;2;B01
201300015644;0;7;0;0;2;7;16;A01
201300015644;0;7;0;0;2;3;11;B01
201300015645;0;34;0;0;2;1;18;A01
201300015645;0;7;0;0;2;1;9;B01
201300015646;0;7;0;3;2;3;13;A01
201300015646;0;7;0;0;2;1;2;B01
201300015647;0;32;0;0;0;2;2;A01
201300015647;0;7;0;0;2;3;2;B01
201300015648;0;7;0;0;2;3;1;B01
201300015648;0;7;0;0;2;2;15;A01
201300015649;0;7;0;0;0;1;1;A01
201300015649;0;7;0;0;0;4;23;B01
201300015650;0;32;0;0;2;1;9;A01
201300015650;0;37;1;0;2;5;1;B01
201300015651;0;34;0;0;2;1;21;B01
201300015651;0;7;0;0;2;2;21;A01
201300015652;0;7;0;0;2;1;1;B01
201300015652;0;30;0;0;2;7;9;A01
201300015653;0;7;0;0;1;3;0;A01
201300015654;0;7;0;0;1;1;1;A01
201300015655;0;33;0;0;2;1;1;A01
201300015655;0;7;0;0;0;5;15;B01
201300015656;1;33;0;0;2;0;17;Z01
201300015656;0;30;0;0;2;0;17;B01
201300015657;1;7;0;0;2;1;9;Z01
201300015657;0;30;0;0;2;3;2;A01
201300015658;0;13;0;0;2;3;13;B01
201300015658;0;7;0;0;2;2;1;A01
201300015659;1;10;0;0;2;4;4;Z01
201300015659;0;34;0;0;2;0;1;B01
201300015660;1;2;0;0;2;0;0;Z01
201300015660;0;2;0;0;2;0;1;B01
201300015661;1;7;0;0;2;3;12;Z01
201300015661;0;7;0;0;2;6;1;B01
201300015662;1;7;0;0;2;1;5;Z01
201300015662;0;34;0;0;2;1;1;B01
201300015663;0;33;0;0;1;1;15;A01
201300015664;0;7;0;0;2;1;1;A01
201300015664;0;33;0;0;2;9;16;B01
201300015665;0;7;0;0;1;1;1;A01
201300015666;0;7;0;0;2;7;15;A01
201300015666;0;7;0;0;2;1;1;B01
201300015667;1;2;0;0;2;0;15;Z01
201300015667;0;7;0;0;9;2;1;B01
201300015668;0;7;0;0;1;1;1;A01
201300015669;0;30;0;1;0;1;14;A01
201300015670;0;32;0;0;2;4;2;B01
201300015670;0;7;0;0;2;1;2;A01
201300015671;0;32;0;0;2;1;1;B01
201300015671;0;7;0;0;2;2;1;A01
201300015672;0;10;0;0;2;2;1;A01
201300015672;0;7;0;0;2;3;1;B01
201300015673;0;30;0;0;2;7;17;A01
201300015673;1;7;0;0;2;1;1;Z01
201300015673;0;10;0;0;2;6;23;B01
201300015674;0;7;0;0;2;2;15;A01
201300015674;0;32;0;0;2;1;1;B01
201300015675;0;7;0;0;2;8;15;A01
201300015675;0;33;0;0;2;1;17;B01
201300015676;0;32;0;0;0;8;1;A01
201300015677;0;33;0;0;2;1;1;B01
201300015677;0;34;0;0;2;8;1;A01
201300015678;0;7;0;0;1;7;0;A01
201300015679;1;7;0;0;1;1;1;Z01
201300015680;0;7;0;0;2;7;12;A01
201300015680;0;32;0;0;2;8;1;B01
201300015681;0;32;0;0;2;0;1;B01
201300015681;0;10;0;0;2;8;12;A01
201300015682;0;32;0;0;2;1;1;B01
201300015682;0;7;0;0;2;5;15;A01
201300015683;0;10;0;0;1;2;16;A01
201300015684;0;7;0;0;2;3;2;B01
201300015684;0;7;0;0;2;2;15;A01
201300015685;0;7;0;0;1;3;4;A01
201300015686;0;7;0;0;0;4;20;B01
201300015686;0;30;0;0;2;1;1;A01
201300015687;0;34;0;0;0;8;2;A01
201300015688;0;7;0;0;0;4;2;B01
201300015688;0;33;0;0;2;1;2;A01
201300015689;0;30;0;0;2;1;17;A01
201300015689;0;32;0;0;2;1;1;B01
201300015690;1;32;0;0;1;1;0;Z01
201300015691;0;7;0;0;1;1;15;A01
201300015692;0;32;0;0;2;7;1;B01
201300015692;0;7;0;0;2;6;15;A01
201300015693;0;7;0;0;2;3;15;A01
201300015693;0;10;0;0;2;1;1;B01
201300015694;0;1;0;0;2;1;0;A01
201300015695;0;7;0;0;0;5;15;A01
201300015695;0;32;0;0;0;1;1;B01
201300015696;0;7;0;0;2;7;16;A01
201300015696;0;32;0;0;2;1;1;B01
201300015697;0;32;0;3;0;3;1;A01
201300015698;0;33;0;0;0;4;1;B01
201300015698;0;13;0;1;0;1;2;A01
201300015699;0;7;0;0;1;3;1;A01
201300015700;0;7;0;0;2;4;1;B01
201300015700;0;7;0;0;2;1;11;A01
201300015701;0;7;0;0;1;1;0;A01
201300015702;0;7;0;0;2;1;2;A01
201300015702;0;7;0;0;2;4;2;B01
201300015703;0;7;0;0;1;7;2;A01
201300015704;1;7;0;0;1;1;15;Z01
201300015705;1;34;0;0;1;0;0;Z01
201300015706;0;33;0;0;2;7;1;B01
201300015706;1;7;0;0;2;6;11;Z01
201300015707;0;34;0;0;2;1;1;B01
201300015707;0;7;0;0;2;3;10;A01
201300015708;0;30;0;0;2;1;2;A01
201300015708;0;7;0;0;0;6;2;B01
201300015709;0;7;0;0;2;3;11;A01
201300015709;0;30;0;0;0;7;1;B01
201300015710;0;1;0;12;0;0;0;A01
201300015711;0;7;0;0;0;3;15;A01
201300015711;0;30;0;0;0;1;17;B01
201300015712;0;34;0;0;0;8;0;B01
201300015712;0;7;0;0;0;3;0;A01
201300015713;0;7;0;6;0;2;1;A01
201300015714;0;7;0;0;0;2;2;A01
201300015714;0;30;0;0;0;0;2;B01
201300015715;0;34;0;0;2;1;17;A01
201300015715;0;7;0;0;0;6;15;B01
201300015716;0;40;0;0;2;2;1;B01
201300015716;0;7;0;0;4;3;10;A01
201300015717;0;2;0;0;2;0;0;A01
201300015718;1;10;0;0;2;0;1;Z01
201300015718;0;1;0;0;2;0;1;B01
201300015719;0;7;0;0;0;2;2;B01
201300015719;0;32;0;1;2;0;2;A01
201300015720;0;2;0;0;2;4;1;B01
201300015720;0;7;0;0;2;1;1;A01
201300015721;0;38;1;0;2;4;0;A01
201300015721;0;30;0;0;2;1;1;B01
201300015722;0;34;0;0;2;1;1;B01
201300015722;0;7;0;0;2;3;15;A01
201300015723;0;32;0;0;2;3;1;B01
201300015723;0;7;0;0;2;8;17;A01
201300015724;0;7;0;0;2;4;1;B01
201300015724;0;7;0;0;2;1;1;A01
201300015725;0;7;0;0;2;4;1;B01
201300015725;0;34;0;0;2;1;0;A01
201300015726;0;7;0;0;1;1;0;A01
201300015727;0;7;0;0;2;4;1;B01
201300015727;0;7;0;0;2;1;1;A01
201300015728;0;30;0;0;1;8;1;A01
201300015729;0;7;0;0;2;3;19;A01
201300015729;0;34;0;0;2;1;1;B01
201300015730;0;7;0;0;0;3;10;A01
201300015730;0;33;0;0;0;1;17;B01
201300015731;0;30;0;0;2;1;0;B01
201300015731;0;7;0;0;0;3;10;A01
201300015732;0;31;0;0;0;0;0;A01
201300015733;0;7;0;0;2;3;1;A01
201300015733;0;7;0;0;2;8;15;B01
201300015734;0;33;0;0;6;1;1;A01
201300015735;0;31;0;0;1;1;2;A01
201300015736;0;30;0;0;2;1;1;B01
201300015736;0;7;0;0;2;3;9;A01
201300015737;1;7;0;0;1;2;1;Z01
201300015738;1;7;0;0;1;0;1;Z01
201300015739;1;7;0;0;1;0;1;Z01
201300015740;0;34;0;0;2;1;0;B01
201300015740;0;7;0;0;2;3;0;A01
201300015741;0;33;0;0;2;7;2;B01
201300015741;0;7;0;0;0;1;19;A01
201300015742;0;33;0;0;0;0;1;B01
201300015742;0;7;0;0;0;0;16;A01
201300015743;0;34;0;0;0;8;1;A01
201300015744;0;7;0;0;2;8;10;A01
201300015744;0;30;0;0;2;1;17;B01
201300015745;0;7;0;0;2;1;5;B01
201300015745;0;7;0;0;2;1;5;A01
201300015746;0;7;0;0;2;1;0;A01
201300015746;0;7;0;0;2;1;0;B01
201300015747;0;7;0;0;0;2;0;B01
201300015747;0;32;0;1;0;1;0;A01
201300015748;0;7;0;0;2;6;15;B01
201300015748;0;7;0;0;2;2;15;A01
201300015749;0;33;0;0;2;1;1;B01
201300015749;0;10;0;0;2;2;1;A01
201300015750;0;7;0;0;2;1;1;B01
201300015750;2;7;0;0;2;1;1;A01
201300015751;0;7;0;0;1;1;2;A01
201300015752;0;2;0;0;0;0;1;A01
201300015753;0;7;0;0;0;4;13;B01
201300015753;1;7;0;0;2;1;0;Z01
201300015754;1;2;0;0;1;1;1;Z01
201300015755;0;10;0;0;1;4;4;A01
201300015756;0;30;0;8;0;1;17;B01
201300015756;0;7;0;15;0;3;15;A01
201300015757;0;7;0;0;2;3;1;B01
201300015757;0;7;0;0;2;3;17;A01
201300015758;0;7;0;0;2;2;16;A01
201300015758;0;1;0;0;2;3;18;B01
201300015759;0;7;0;0;2;1;2;A01
201300015759;0;7;0;0;2;4;23;B01
201300015760;0;7;0;0;1;3;0;A01
201300015761;0;32;0;1;0;1;2;A01
201300015762;0;7;0;0;0;8;2;A01
201300015762;0;17;0;0;0;2;2;B01
201300015763;2;7;0;1;0;1;1;A01
201300015764;0;30;0;0;2;1;17;B01
201300015764;0;7;0;0;2;2;17;A01
201300015765;0;10;0;6;0;1;0;A01
201300015766;0;7;0;0;2;2;1;A01
201300015766;0;32;0;0;1;4;2;B01
201300015767;0;7;0;0;2;1;9;A01
201300015767;0;33;0;0;2;1;1;B01
201300015768;0;7;0;0;2;7;5;A01
201300015768;0;7;0;0;2;3;16;B01
201300015769;0;2;0;0;2;8;1;B01
201300015769;1;7;0;0;0;0;15;Z01
201300015770;0;7;0;8;0;1;15;A01
201300015771;0;34;0;0;2;8;1;B01
201300015771;0;7;0;0;2;6;23;C01
201300015771;0;7;0;0;2;3;13;A01
201300015772;0;30;0;0;2;1;1;B01
201300015772;0;7;0;0;2;7;10;A01
201300015773;0;7;0;0;2;8;9;A01
201300015773;0;7;0;0;2;1;0;B01
201300015774;0;32;0;0;2;7;17;B01
201300015774;0;10;0;0;2;1;9;A01
201300015775;0;7;0;0;2;6;0;B01
201300015775;0;7;0;1;0;2;0;A01
201300015776;0;7;0;0;0;3;1;A01
201300015776;0;33;0;0;0;8;1;B01
201300015777;0;2;0;0;1;1;0;A01
201300015778;0;32;0;0;0;0;1;B01
201300015778;1;7;0;0;2;0;1;Z01
201300015779;0;7;0;0;0;3;20;B01
201300015779;0;2;0;0;2;1;17;A01
201300015780;0;7;0;0;2;3;15;A01
201300015780;0;30;0;0;2;1;1;B01
201300015781;0;7;0;0;2;7;0;A01
201300015781;0;7;0;0;2;8;0;B01
201300015782;0;7;0;0;1;8;2;A01
201300015783;0;7;0;0;2;1;15;B01
201300015783;0;30;0;0;2;1;1;A01
201300015784;0;32;0;0;2;1;17;A01
201300015784;0;7;0;0;2;6;1;B01
201300015785;0;32;0;0;2;7;0;A01
201300015785;0;7;0;0;2;3;0;B01
201300015786;0;30;0;0;2;8;2;B01
201300015786;0;38;1;0;2;7;2;A01
201300015787;0;99;0;0;2;3;1;B01
201300015787;0;30;0;0;2;1;0;A01
201300015788;0;7;0;0;2;7;15;A01
201300015788;0;33;0;0;2;1;1;B01
201300015789;0;7;0;1;1;1;14;A01
201300015790;0;33;0;0;2;2;2;B01
201300015790;0;7;0;0;2;3;2;A01
201300015791;0;32;0;0;1;1;17;A01
201300015792;0;30;0;8;0;1;1;A01
201300015793;0;7;0;12;1;7;1;A01
201300015794;0;38;15;0;2;2;1;B01
201300015794;0;7;0;8;2;5;16;A01
201300015795;0;7;0;0;2;3;1;B01
201300015795;0;7;0;6;2;1;1;A01
201300015796;0;1;0;0;2;0;0;B01
201300015796;0;33;0;0;2;0;1;A01
201300015797;0;7;0;0;2;8;21;B01
201300015797;0;33;0;0;2;1;1;A01
201300015798;1;7;0;0;2;3;9;A01
201300015798;0;7;0;0;2;2;1;B01
201300015799;0;34;0;1;0;1;1;A01
201300015800;0;7;0;0;2;3;0;A01
201300015800;0;7;0;0;2;9;0;B01
201300015801;0;33;0;4;0;1;13;A01
201300015802;0;7;0;0;1;7;15;A01
201300015803;0;7;0;0;0;0;15;B01
201300015803;0;32;0;0;2;8;1;A01
201300015804;0;2;0;0;2;3;1;B01
201300015804;0;7;0;0;2;1;15;A01
201300015805;0;7;0;0;0;4;2;D01
201300015805;0;7;0;0;0;4;2;B01
201300015805;0;7;0;0;0;4;2;C01
201300015805;0;7;0;0;0;1;2;A01
201300015806;0;33;0;0;2;1;1;A01
201300015806;0;7;0;0;2;3;9;B01
201300015807;0;7;0;0;2;8;1;B01
201300015807;0;34;0;0;2;2;13;A01
201300015808;0;30;0;0;0;7;0;A01
201300015809;0;7;0;0;2;0;10;A01
201300015809;0;33;0;0;0;0;1;B01
201300015810;0;7;0;6;0;0;0;A01
201300015811;0;31;0;1;0;2;2;A01
201300015811;0;37;7;0;0;6;23;B01
201300015812;0;30;0;0;2;2;1;B01
201300015812;0;7;0;0;2;2;5;A01
201300015813;0;7;0;0;2;7;19;B01
201300015813;0;7;0;0;2;1;2;A01
201300015814;0;7;0;1;9;3;2;B01
201300015815;0;33;0;0;2;2;2;A01
201300015815;0;7;0;0;2;6;2;B01
201300015816;0;7;0;0;2;2;15;B01
201300015816;0;30;0;0;2;1;1;A01
201300015817;0;30;0;0;2;1;17;A01
201300015817;0;7;0;0;2;3;19;B01
201300015818;0;7;0;0;2;1;2;A01
201300015818;0;7;0;0;0;4;1;B01
201300015819;0;32;0;0;2;1;1;A01
201300015819;0;7;0;0;2;6;1;B01
201300015820;0;33;0;0;2;7;2;B01
201300015820;0;7;0;0;2;7;2;A01
201300015821;0;31;0;0;2;1;0;B01