num_acc;senc;catv;occutc;obs;obsm;choc;manv;num_veh
201300015821;0;7;0;0;2;2;11;A01
201300015822;0;30;0;0;1;7;1;A01
201300015823;0;7;0;0;2;1;1;A01
201300015823;0;7;0;0;2;4;1;B01
201300015823;0;7;0;0;0;5;1;C01
201300015824;0;7;0;0;2;3;15;A01
201300015824;0;32;0;1;2;1;17;B01
201300015825;0;7;0;0;2;1;1;B01
201300015825;2;7;0;0;2;1;1;A01
201300015826;1;7;0;0;1;4;4;A01
201300015827;0;7;0;0;2;6;15;A01
201300015827;0;33;0;0;2;1;1;B01
201300015828;0;7;0;0;1;0;1;A01
201300015829;0;15;0;0;2;4;2;B01
201300015829;0;7;0;0;2;1;2;A01
201300015830;0;7;0;0;0;4;23;B01
201300015830;0;7;0;0;2;1;2;A01
201300015831;0;33;0;0;2;7;17;B01
201300015831;0;7;0;0;2;3;13;A01
201300015832;0;7;0;0;2;4;23;A01
201300015832;1;7;0;0;2;4;2;Z01
201300015833;0;7;0;0;2;1;21;B01
201300015833;0;7;0;15;2;9;0;A01
201300015834;0;30;0;0;0;0;0;A01
201300015835;0;34;0;0;2;2;9;B01
201300015835;0;7;0;0;2;0;1;A01
201300015836;0;30;0;0;0;0;1;A01
201300015837;0;30;0;0;1;1;1;A01
201300015838;0;34;0;0;2;6;2;B01
201300015838;0;7;0;0;2;6;13;A01
201300015839;0;33;0;0;2;1;18;A01
201300015839;0;32;0;0;0;9;0;B01
201300015840;0;34;0;0;;0;21;A01
201300015841;0;7;0;0;2;6;15;A01
201300015841;0;2;0;0;2;1;0;B01
201300015842;0;7;0;0;0;8;3;B01
201300015842;0;34;0;0;0;2;3;A01
201300015843;0;7;0;0;1;3;1;A01
201300015844;0;7;0;0;2;4;2;A01
201300015844;0;7;0;0;2;9;2;B01
201300015844;0;7;0;0;2;1;2;C01
201300015845;0;7;0;12;0;2;1;A01
201300015846;0;30;0;0;2;0;0;C01
201300015846;0;7;0;0;2;1;0;A01
201300015846;0;30;0;0;2;0;1;B01
201300015847;0;7;0;0;0;1;0;A01
201300015847;0;7;0;0;0;3;0;B01
201300015848;0;7;0;0;2;2;2;A01
201300015848;0;33;0;0;2;4;2;B01
201300015849;0;7;0;0;2;3;9;B01
201300015849;0;7;0;0;2;2;1;A01
201300015850;0;7;0;0;2;4;1;C01
201300015850;0;7;0;0;2;2;1;A01
201300015850;0;7;0;0;2;4;1;B01
201300015851;0;7;0;1;0;1;1;A01
201300015852;0;31;0;0;0;4;1;B01
201300015852;0;15;0;0;2;1;2;A01
201300015853;0;7;0;1;0;9;13;A01
201300015854;0;7;0;0;1;1;1;A01
201300015855;0;33;0;0;2;1;17;B01
201300015855;0;7;0;0;2;3;15;A01
201300015856;0;32;0;0;2;1;1;B01
201300015856;0;7;0;0;2;3;15;A01
201300015857;0;7;0;0;0;1;1;B01
201300015857;0;7;0;0;0;1;1;C01
201300015857;0;7;0;0;2;1;5;A01
201300015858;0;7;0;6;0;1;1;A01
201300015858;0;7;0;0;9;1;1;B01
201300015859;0;7;0;0;2;8;1;C01
201300015859;0;33;0;0;2;3;17;A01
201300015859;0;7;0;0;2;3;1;B01
201300015860;0;7;0;0;0;0;9;A01
201300015860;0;33;0;0;2;0;9;B01
201300015861;0;7;0;0;;0;0;A01
201300015861;0;10;0;0;2;1;2;B01
201300015862;1;99;0;0;2;1;2;Z01
201300015862;0;1;0;0;2;4;2;B01
201300015863;1;2;0;0;1;0;0;Z01
201300015864;0;7;0;0;1;3;21;A01
201300015865;0;30;0;0;2;2;1;A01
201300015865;1;99;0;0;0;0;0;Z01
201300015866;0;7;0;0;1;1;1;A01
201300015867;1;7;0;0;2;1;1;Z01
201300015867;0;1;0;0;2;4;1;B01
201300015868;1;7;0;0;2;1;1;Z01
201300015868;0;7;0;0;2;0;1;B01
201300015869;0;30;0;0;2;1;2;A01
201300015870;0;7;0;0;2;3;9;A01
201300015870;0;33;0;0;2;1;0;B01
201300015871;0;1;0;0;2;1;0;B01
201300015871;0;7;0;0;2;5;15;A01
201300015872;0;7;0;0;2;1;1;A01
201300015872;0;7;0;0;0;4;1;B01
201300015873;0;7;0;6;0;1;0;A01
201300015874;1;7;0;0;1;1;1;Z01
201300015875;0;7;0;0;1;1;0;A01
201300015876;0;7;0;0;1;3;17;A01
201300015877;0;7;0;0;2;3;14;B01
201300015877;0;2;0;8;2;1;18;A01
201300015878;0;7;0;0;2;3;1;B01
201300015878;0;7;0;0;2;5;9;A01
201300015879;1;7;0;0;0;0;0;Z01
201300015879;0;3;0;0;2;8;1;B01
201300015880;0;7;0;1;0;1;0;A01
201300015881;0;7;0;0;2;3;15;A01
201300015881;0;34;0;0;2;1;1;B01
201300015882;0;7;0;0;2;1;19;B01
201300015882;0;34;0;0;2;2;1;A01
201300015883;0;7;0;0;2;6;15;B01
201300015883;0;2;0;0;2;1;1;A01
201300015884;0;33;0;0;2;0;16;B01
201300015884;0;7;0;0;2;0;12;A01
201300015885;1;7;0;0;1;1;0;Z01
201300015886;0;33;0;0;0;7;2;B01
201300015887;0;33;0;0;1;1;21;A01
201300015888;0;34;0;0;2;2;17;B01
201300015888;0;7;0;0;2;3;10;A01
201300015889;0;36;0;0;9;1;0;A01
201300015889;0;1;0;0;0;0;0;B01
201300015889;0;1;0;0;0;1;0;C01
201300015890;0;33;0;0;0;2;10;A01
201300015890;0;33;0;0;0;2;0;B01
201300015891;0;7;0;0;2;5;9;A01
201300015891;0;30;0;0;2;1;1;B01
201300015892;0;7;0;0;1;1;1;A01
201300015893;0;7;0;0;2;4;4;A01
201300015893;0;2;0;0;2;1;23;B01
201300015894;0;34;0;9;0;0;2;A01
201300015895;0;7;0;0;2;2;15;B01
201300015895;0;33;0;0;2;1;2;A01
201300015896;1;7;0;0;2;1;0;Z01
201300015896;0;30;0;0;2;6;1;B01
201300015897;0;7;0;0;2;7;1;A01
201300015897;0;30;0;0;2;8;1;B01
201300015898;0;7;0;0;0;3;2;B01
201300015898;0;32;0;0;0;2;2;A01
201300015899;0;7;0;0;2;8;1;A01
201300015899;0;7;0;0;2;1;1;B01
201300015900;0;7;0;0;2;1;1;B01
201300015900;1;7;0;0;2;1;5;Z01
201300015901;0;7;0;0;2;1;2;B01
201300015901;0;10;0;0;2;3;9;A01
201300015902;0;7;0;0;2;1;15;A01
201300015902;0;7;0;0;2;3;1;B01
201300015903;1;7;0;0;1;0;0;Z01
201300015904;0;7;0;0;2;1;1;A01
201300015904;0;7;0;0;2;4;1;B01
201300015905;0;7;0;0;1;3;1;A01
201300015906;0;7;0;0;2;2;11;A01
201300015906;0;38;6;0;2;6;1;B01
201300015907;0;7;0;0;1;2;2;A01
201300015908;1;7;0;0;1;1;1;Z01
201300015909;0;7;0;0;2;3;13;A01
201300015909;0;33;0;0;2;1;2;B01
201300015910;0;1;0;0;2;2;1;A01
201300015910;1;7;0;0;2;3;1;Z01
201300015911;0;7;0;0;2;1;1;B01
201300015911;0;37;10;0;2;8;1;A01
201300015912;0;32;0;0;2;1;17;B01
201300015912;0;32;0;0;2;3;9;A01
201300015913;0;32;0;0;2;1;1;B01
201300015913;0;7;0;0;2;3;15;A01
201300015914;0;7;0;0;2;2;15;A01
201300015914;0;30;0;0;2;3;21;B01
201300015915;1;7;0;0;1;1;2;Z01
201300015916;1;30;0;0;1;1;1;Z01
201300015917;0;30;0;0;2;7;1;B01
201300015917;1;7;0;0;2;1;0;Z01
201300015918;0;37;3;0;2;2;1;B01
201300015918;0;10;0;0;2;8;19;A01
201300015919;2;7;0;1;0;9;0;A01
201300015920;0;7;0;0;1;4;4;A01
201300015921;0;7;0;0;2;5;2;A01
201300015921;0;7;0;0;2;1;2;B01
201300015922;0;30;0;0;2;1;1;B01
201300015922;1;7;0;0;9;4;13;Z01
201300015923;0;7;0;0;2;2;15;A01
201300015923;0;30;0;0;2;1;1;B01
201300015924;0;7;0;0;2;1;0;B01
201300015924;0;13;0;0;2;5;0;A01
201300015925;0;30;0;0;0;0;0;A01
201300015926;0;7;0;0;2;3;21;A01
201300015926;0;10;0;0;2;3;1;B01
201300015927;0;7;0;0;2;1;15;B01
201300015927;0;33;0;0;2;2;17;A01
201300015928;0;32;0;0;2;1;1;A01
201300015928;0;7;0;0;2;2;0;B01
201300015929;1;7;0;0;1;0;0;Z01
201300015930;0;33;0;0;0;0;0;B01
201300015930;0;7;0;0;2;7;15;A01
201300015931;0;7;0;0;2;1;2;A01
201300015931;2;7;0;0;2;4;4;Z01
201300015932;0;7;0;0;2;1;9;A01
201300015932;0;37;80;0;2;7;7;B01
201300015933;0;7;0;1;0;1;1;B01
201300015933;0;14;0;0;0;4;0;A01
201300015934;0;30;0;0;1;1;2;A01
201300015935;0;2;0;0;2;0;1;B01
201300015935;0;7;0;0;2;2;1;A01
201300015936;0;32;0;0;0;0;0;A01
201300015937;0;2;0;0;0;0;0;A01
201300015938;1;7;0;0;2;4;23;Z01
201300015938;0;7;0;0;2;4;23;B01
201300015938;0;7;0;0;2;1;1;A01
201300015939;0;7;0;0;2;3;15;A01
201300015939;0;7;0;0;2;1;1;B01
201300015940;0;7;0;0;1;7;0;A01
201300015941;0;7;0;0;2;8;22;A01
201300015941;0;33;0;1;0;2;22;B01
201300015942;0;7;0;0;2;3;1;B01
201300015942;0;7;0;0;2;1;1;A01
201300015943;0;37;3;0;2;2;1;B01
201300015943;0;7;0;0;2;3;10;A01
201300015944;0;7;0;0;0;3;0;A01
201300015944;0;33;0;0;0;0;0;B01
201300015945;0;34;0;1;0;1;2;A01
201300015946;0;7;0;0;1;1;1;A01
201300015947;0;7;0;0;1;2;1;B01
201300015948;0;32;0;0;2;1;1;B01
201300015948;0;10;0;0;2;8;10;A01
201300015949;0;33;0;0;2;1;1;B01
201300015949;0;7;0;0;2;3;10;A01
201300015950;2;30;0;0;2;0;18;Z01
201300015950;0;7;0;0;0;2;16;A01
201300015951;0;32;0;0;0;0;16;A01
201300015952;0;32;0;0;2;2;1;B01
201300015952;0;3;0;0;2;3;20;A01
201300015953;0;33;0;0;1;1;1;A01
201300015954;0;7;0;1;0;2;1;B01
201300015955;0;7;0;0;2;3;11;A01
201300015955;0;33;0;0;2;1;21;B01
201300015956;0;32;0;0;0;7;0;A01
201300015957;0;2;0;0;0;1;2;B01
201300015957;0;7;0;0;0;4;2;A01
201300015958;0;34;0;0;2;4;2;B01
201300015958;2;7;0;0;2;1;2;A01
201300015959;0;34;0;0;0;0;0;A01
201300015960;0;7;0;0;0;4;2;B01
201300015960;0;7;0;0;2;1;2;A01
201300015961;0;7;0;0;1;1;1;A01
201300015962;0;7;0;0;2;1;2;A01
201300015962;0;7;0;0;2;4;2;B01
201300015963;1;99;0;8;1;1;0;Z01
201300015964;0;7;0;0;0;1;0;A01
201300015964;0;7;0;0;0;4;0;B01
201300015965;0;7;0;0;2;1;2;A01
201300015965;0;7;0;0;2;4;0;C01
201300015965;0;10;0;0;2;4;0;B01
201300015966;0;7;0;0;1;3;2;A01
201300015967;0;7;0;0;2;1;9;B01
201300015967;0;33;0;0;2;1;1;A01
201300015968;0;7;0;0;2;1;2;A01
201300015968;0;7;0;0;0;4;2;B01
201300015969;0;7;0;0;2;4;1;A01
201300015969;0;7;0;0;0;4;0;B01
201300015970;0;32;0;0;2;7;3;A01
201300015970;0;7;0;0;2;3;15;B01
201300015971;0;2;0;0;2;8;18;B01
201300015971;0;7;0;0;2;5;16;A01
201300015972;0;32;0;11;0;1;17;A01
201300015972;0;10;0;0;2;6;2;B01
201300015973;0;7;0;0;2;3;9;A01
201300015973;0;32;0;0;2;1;21;B01
201300015974;0;30;0;0;2;1;1;A01
201300015974;0;7;0;0;0;3;1;B01
201300015975;0;32;0;0;2;2;21;B01
201300015975;0;10;0;0;2;3;9;A01
201300015976;0;34;0;0;1;1;17;A01
201300015977;0;7;0;0;1;7;1;A01
201300015978;0;7;0;0;2;1;1;B01
201300015978;0;7;0;15;2;3;1;A01
201300015979;0;7;0;0;2;3;16;A01
201300015979;0;32;0;0;2;3;1;B01
201300015980;0;7;0;0;2;4;2;B01
201300015980;0;7;0;0;2;1;2;A01
201300015980;0;7;0;0;0;4;2;C01
201300015981;0;7;0;0;2;1;1;A01
201300015981;0;7;0;0;0;4;1;B01
201300015982;0;7;0;0;2;1;2;A01
201300015982;0;7;0;0;0;4;1;B01
201300015983;0;7;0;0;0;0;15;A01
201300015983;0;7;0;0;2;3;1;B01
201300015984;0;7;0;0;1;1;1;A01
201300015985;0;7;0;0;2;1;2;A01
201300015985;0;7;0;0;2;4;2;B01
201300015985;0;7;0;0;2;4;0;C01
201300015986;0;7;0;0;2;3;15;B01
201300015986;0;32;0;0;2;2;17;A01
201300015987;0;7;0;6;0;1;1;A01
201300015988;0;32;0;0;2;2;19;A01
201300015988;0;33;0;0;2;1;1;B01
201300015989;1;99;0;0;0;0;0;Z01
201300015989;0;7;0;15;0;3;1;A01
201300015990;0;30;0;0;0;1;2;A01
201300015990;0;7;0;0;0;4;2;B01
201300015991;0;33;0;0;2;1;1;B01
201300015991;0;10;0;0;2;3;9;A01
201300015992;0;7;0;0;0;0;2;B01
201300015992;0;31;0;0;2;0;2;A01
201300015993;0;7;0;0;2;6;11;B01
201300015993;2;7;0;0;2;9;0;C01
201300015993;0;7;0;0;0;0;4;A01
201300015994;0;33;0;0;1;1;1;A01
201300015995;0;7;0;0;0;2;9;A01
201300015995;0;32;0;0;0;1;1;B01
201300015996;0;7;0;0;2;0;1;B01
201300015996;0;30;0;0;2;0;1;A01
201300015997;0;7;0;0;0;1;1;B01
201300015997;0;10;0;0;2;3;0;C01
201300015997;0;33;0;0;0;0;2;A01
201300015998;0;7;0;0;2;1;2;A01
201300015998;0;31;0;0;2;4;23;B01
201300015999;0;1;0;0;2;1;7;A01
201300015999;0;7;0;0;9;2;2;B01
201300016000;0;40;0;0;1;2;1;A01
201300016001;0;31;0;0;2;1;1;A01
201300016001;0;7;0;0;2;2;15;B01
201300016002;0;33;0;0;0;1;1;A01
201300016003;0;7;0;0;1;3;11;A01
201300016004;0;7;0;0;2;6;10;A01
201300016004;0;7;0;0;2;2;1;B01
201300016005;0;30;0;0;2;1;17;A01
201300016005;0;7;0;0;2;3;19;B01
201300016006;0;7;0;0;2;7;1;A01
201300016006;0;30;0;0;2;1;1;B01
201300016007;0;7;0;0;1;1;1;A01
201300016008;0;7;0;0;1;8;1;A01
201300016009;1;34;0;0;1;0;0;Z01
201300016010;0;7;0;0;2;3;15;B01
201300016010;0;33;0;0;2;1;1;A01
201300016011;1;7;0;0;2;1;0;Z01
201300016011;0;7;0;0;0;4;0;B01
201300016011;0;7;0;0;0;4;0;A01
201300016012;0;7;0;0;0;8;1;B01
201300016012;0;30;0;0;2;1;1;A01
201300016013;0;7;0;0;2;6;1;B01
201300016013;0;7;0;0;2;6;1;C01
201300016013;0;7;0;9;2;1;3;A01
201300016014;1;99;0;0;2;1;3;A01
201300016014;0;7;0;0;2;2;21;B01
201300016015;0;7;0;0;2;1;2;A01
201300016015;0;7;0;0;2;4;2;B01
201300016016;0;7;0;0;2;1;15;A01
201300016016;0;33;0;0;2;1;1;B01
201300016017;0;7;0;0;2;2;16;A01
201300016017;0;37;1;0;2;3;7;B01
201300016018;0;99;0;0;2;7;1;B01
201300016018;0;7;0;0;2;1;1;A01
201300016019;0;10;0;0;2;8;1;A01
201300016019;1;10;0;0;2;8;13;Z01
201300016020;0;7;0;0;1;3;15;A01
201300016021;0;7;0;15;0;1;0;A01
201300016022;0;7;0;0;1;0;0;A01
201300016023;0;2;0;0;2;6;1;A01
201300016024;0;7;0;0;2;1;1;A01
201300016024;0;7;0;0;2;4;23;C01
201300016024;0;7;0;0;2;4;23;B01
201300016025;0;7;0;1;0;3;2;B01
201300016025;0;34;0;0;2;7;17;A01
201300016026;0;7;0;0;1;1;15;A01
201300016027;0;10;0;8;2;1;1;A01
201300016027;0;7;0;0;2;6;1;B01
201300016028;0;33;0;0;2;2;1;B01
201300016028;0;10;0;0;0;8;10;A01
201300016029;0;7;0;0;1;1;1;A01
201300016030;0;7;0;0;2;1;6;A01
201300016030;0;7;0;0;2;1;1;B01
201300016031;0;32;0;14;0;1;1;A01
201300016032;0;10;0;0;1;1;16;A01
201300016033;0;7;0;0;1;3;1;A01
201300016034;0;7;0;0;1;3;15;A01
201300016035;0;33;0;0;1;1;1;A01
201300016036;0;30;0;0;0;7;17;A01
201300016037;0;7;0;0;2;1;1;B01
201300016037;0;7;0;0;2;7;0;A01
201300016038;0;7;0;1;0;1;5;A01
201300016039;1;7;0;0;2;1;5;Z01
201300016039;0;33;0;0;2;1;1;B01
201300016040;0;30;0;8;0;0;0;A01
201300016041;1;30;0;0;1;1;1;Z01
201300016042;1;33;0;0;1;1;1;Z01
201300016043;1;7;0;0;2;1;9;Z01
201300016043;0;7;0;0;2;8;1;B01
201300016044;0;7;0;9;0;1;21;A01
201300016045;0;33;0;0;2;1;1;B01
201300016045;1;7;0;0;2;4;15;Z01
201300016046;1;34;0;0;2;0;0;Z01
201300016046;0;2;0;0;2;0;0;B01
201300016047;1;7;0;0;2;8;11;Z01
201300016047;0;34;0;0;2;7;1;B01
201300016048;1;7;0;0;1;1;1;Z01
201300016049;0;7;0;0;2;8;15;B01
201300016049;0;2;0;0;2;8;1;A01
201300016050;0;7;0;0;2;2;22;B01
201300016050;0;30;0;0;2;6;18;A01
201300016051;2;7;0;0;1;0;4;Z01
201300016052;0;7;0;0;2;1;1;A01
201300016052;0;7;0;0;2;6;1;B01
201300016053;0;7;0;0;2;1;1;B01
201300016053;0;7;0;0;2;3;19;A01
201300016054;0;34;0;0;1;1;3;A01
201300016055;0;7;0;0;2;8;1;B01
201300016055;0;15;0;0;2;2;12;A01
201300016056;0;7;0;0;2;4;1;B01
201300016056;0;10;0;0;2;1;1;A01
201300016057;0;7;0;0;2;7;15;A01
201300016057;0;32;0;0;2;1;1;B01
201300016058;1;7;0;0;9;2;2;Z01
201300016058;0;1;0;0;2;3;2;B01
201300016059;0;7;0;0;1;3;1;A01
201300016060;0;34;0;0;2;7;1;B01
201300016060;0;7;0;0;2;1;19;A01
201300016061;0;7;0;0;2;9;2;B01
201300016061;0;7;0;0;2;3;11;A01
201300016061;0;7;0;0;2;4;2;C01
201300016062;0;32;0;0;2;6;2;A01
201300016062;0;7;0;0;2;2;16;B01
201300016063;1;32;0;0;1;0;0;Z01
201300016064;0;7;0;11;0;1;1;A01
201300016065;0;2;0;0;2;0;1;B01
201300016065;1;7;0;0;2;1;10;Z01
201300016066;0;7;0;0;0;4;23;B01
201300016066;0;7;0;0;2;1;1;A01
201300016067;0;7;0;0;2;4;2;C01
201300016067;0;7;0;0;2;4;2;B01
201300016067;0;10;0;0;2;1;2;A01
201300016068;0;7;0;0;1;4;4;A01
201300016069;0;30;0;0;0;8;1;A01
201300016070;0;32;0;0;2;1;1;B01
201300016070;0;7;0;0;2;3;15;A01
201300016071;0;30;0;0;1;1;1;A01
201300016072;1;7;0;0;2;5;1;Z01
201300016072;0;2;0;0;2;1;1;A01
201300016073;1;7;0;0;2;0;2;Z01
201300016073;0;7;0;0;0;5;23;A01
201300016074;0;7;0;0;2;6;15;B01
201300016074;0;34;0;0;2;1;17;A01
201300016075;0;7;0;0;2;3;9;A01
201300016075;0;33;0;0;2;1;1;B01
201300016076;0;30;0;0;2;3;1;A01
201300016076;0;30;0;0;2;1;5;B01
201300016077;0;7;0;0;2;6;1;B01
201300016077;0;7;0;0;2;1;1;A01
201300016078;0;7;0;0;2;4;0;B01
201300016078;0;7;0;0;2;1;0;A01
201300016079;0;33;0;0;2;2;1;B01
201300016079;1;7;0;0;2;6;17;Z01
201300016080;0;7;0;0;0;1;9;B01
201300016080;0;32;0;0;2;0;2;A01
201300016081;0;7;0;6;0;0;0;A01
201300016082;0;7;0;0;1;1;15;A01
201300016083;1;7;0;0;1;0;0;Z01
201300016084;0;7;0;0;2;3;1;B01
201300016084;0;34;0;0;2;1;15;A01
201300016085;0;1;0;1;0;1;1;B01
201300016085;0;7;0;0;2;8;22;A01
201300016086;0;7;0;0;1;1;0;A01
201300016087;0;34;0;0;2;1;2;B01
201300016087;0;7;0;0;2;3;11;A01
201300016088;0;7;0;0;2;3;15;B01
201300016088;0;7;0;0;2;3;1;A01
201300016089;0;7;0;0;1;0;1;A01
201300016090;0;7;0;0;2;3;2;B01
201300016090;0;7;0;0;0;4;10;A01
201300016091;0;7;0;0;2;1;2;A01
201300016091;0;7;0;0;2;0;2;B01
201300016092;0;7;0;0;2;1;1;B01
201300016092;0;34;0;0;2;7;1;A01
201300016093;0;7;0;0;2;4;13;B01
201300016093;0;33;0;0;2;1;17;A01
201300016094;0;7;0;8;9;1;1;A01
201300016095;0;7;0;0;1;3;1;A01
201300016096;0;10;0;0;1;6;1;A01
201300016097;0;30;0;0;0;3;1;A01
201300016098;1;7;0;0;2;1;17;Z01
201300016098;0;7;0;0;2;8;15;A01
201300016099;0;7;0;0;1;2;15;A01
201300016100;0;31;0;0;0;7;0;A01
201300016101;0;7;0;0;2;1;15;A01
201300016101;0;7;0;0;2;2;1;B01
201300016102;0;7;0;0;2;5;16;A01
201300016102;0;7;0;0;2;3;1;B01
201300016103;0;33;0;0;2;5;1;B01
201300016103;0;7;0;0;2;1;15;A01
201300016104;0;7;0;0;2;1;2;A01
201300016104;0;7;0;0;2;4;23;C01
201300016104;0;7;0;0;2;4;23;B01
201300016105;0;33;0;0;2;7;2;B01
201300016105;0;7;0;0;2;0;3;A01
201300016106;0;7;0;0;2;6;18;A01
201300016106;0;15;0;0;2;7;1;B01
201300016107;0;7;0;0;2;3;2;A01
201300016107;0;7;0;0;2;2;2;B01
201300016108;0;7;0;0;2;0;0;B01
201300016108;0;33;0;0;2;0;0;A01
201300016109;0;7;0;0;2;1;15;A01
201300016109;0;7;0;0;2;9;2;B01
201300016109;0;7;0;0;2;3;2;C01
201300016110;0;7;0;0;2;7;16;B01
201300016110;0;20;0;0;2;1;1;A01
201300016111;0;30;0;0;0;0;1;A01
201300016112;0;7;0;0;2;0;0;B01
201300016112;0;30;0;0;2;0;0;A01
201300016113;0;37;0;0;2;8;9;A01
201300016113;0;7;0;0;2;5;9;B01
201300016114;0;30;0;0;2;1;21;A01
201300016114;0;7;0;0;2;5;9;B01
201300016115;0;30;0;0;2;3;15;A01
201300016115;0;1;0;0;2;1;1;B01
201300016116;0;7;0;0;2;1;0;A01
201300016116;0;7;0;0;2;1;0;B01
201300016117;0;7;0;0;2;2;15;A01
201300016117;0;33;0;0;2;1;1;B01
201300016118;0;7;0;0;0;2;22;A01
201300016118;0;34;0;1;0;3;18;B01
201300016119;0;7;0;0;2;7;19;B01
201300016119;0;32;0;0;2;1;17;A01
201300016120;0;14;0;0;2;8;24;B01
201300016120;0;7;0;1;0;7;2;A01
201300016121;0;30;0;0;1;1;1;A01
201300016122;0;7;0;0;2;6;15;A01
201300016122;0;30;0;0;2;1;1;B01
201300016123;0;7;0;0;2;1;1;B01
201300016123;0;7;0;0;0;4;1;A01
201300016123;0;7;0;0;2;1;1;C01
201300016124;0;32;0;0;2;1;1;B01
201300016124;0;7;0;1;2;1;1;A01
201300016125;0;7;0;0;1;0;1;A01
201300016126;0;7;0;0;0;2;15;A01
201300016126;0;2;0;0;0;1;1;B01
201300016127;0;7;0;0;2;1;9;A01
201300016127;0;33;0;0;2;7;1;B01
201300016128;0;33;0;0;0;0;0;A01
201300016129;0;7;0;0;2;8;1;C01
201300016129;0;2;0;0;2;1;3;A01
201300016129;0;7;0;0;2;3;1;B01
201300016130;0;2;0;0;2;1;1;A01
201300016130;0;7;0;0;0;4;1;B01
201300016131;0;31;0;0;2;1;1;B01
201300016131;0;7;0;0;2;7;10;A01
201300016132;0;7;0;0;0;8;0;A01
201300016132;0;33;0;0;2;8;0;B01
201300016133;0;7;0;0;2;4;2;B01
201300016133;0;7;0;0;2;1;2;A01
201300016134;0;7;0;0;2;1;2;A01
201300016134;0;7;0;0;2;4;2;B01
201300016135;0;7;0;12;1;1;1;A01
201300016136;0;7;0;0;2;3;13;B01
201300016136;0;32;0;0;2;5;17;A01
201300016137;0;7;0;0;1;1;0;A01
201300016138;0;7;0;0;2;2;16;A01
201300016138;0;34;0;0;2;8;16;B01
201300016139;0;7;0;0;2;2;16;A01
201300016139;0;7;0;0;2;6;16;B01
201300016140;0;31;0;0;2;2;2;A01
201300016140;0;7;0;0;2;3;11;B01
201300016141;0;2;0;0;0;0;0;A01
201300016142;0;7;0;1;2;2;15;A01
201300016142;0;30;0;0;2;0;2;B01
201300016143;0;37;1;0;2;4;2;C01
201300016143;0;7;0;14;0;1;2;A01
201300016143;0;7;0;1;0;1;2;B01
201300016144;1;7;0;0;1;0;0;Z01
201300016145;0;7;0;1;0;9;0;A01
201300016146;0;7;0;0;2;3;15;A01
201300016146;0;33;0;0;2;1;1;B01
201300016147;0;32;0;0;0;0;21;B01
201300016147;1;7;0;0;0;0;16;Z01
201300016148;0;32;0;0;2;1;1;B01
201300016148;0;7;0;0;2;2;15;A01
201300016149;0;7;0;0;2;3;9;A01
201300016149;0;15;0;0;2;2;1;B01
201300016150;0;7;0;0;1;2;1;A01
201300016151;0;7;0;0;0;3;0;A01
201300016152;0;7;0;0;1;1;15;A01
201300016153;0;33;0;0;2;7;17;B01
201300016153;0;7;0;0;2;3;13;A01
201300016154;0;32;0;0;2;1;1;B01
201300016154;0;10;0;0;2;2;15;A01
201300016155;0;33;0;0;2;3;2;A01
201300016155;0;7;0;0;0;6;2;B01
201300016156;0;7;0;0;1;2;0;A01
201300016157;0;33;0;0;0;1;17;A01
201300016157;0;7;0;0;0;0;0;B01
201300016158;1;7;0;0;1;4;0;A01
201300016159;0;7;0;0;1;1;0;A01
201300016160;0;30;0;0;2;1;1;B01
201300016160;0;7;0;0;2;8;10;A01
201300016161;0;33;0;15;0;3;0;A01
201300016162;0;2;0;0;2;1;13;A01
201300016162;0;7;0;0;2;8;0;B01
201300016163;0;32;0;0;2;2;1;B01
201300016163;0;7;0;0;2;8;10;A01
201300016164;0;2;0;0;0;0;0;A01
201300016164;0;7;0;0;0;3;11;B01
201300016165;0;7;0;0;1;1;1;A01
201300016166;0;34;0;0;1;3;1;A01
201300016167;0;34;0;0;0;0;0;A01
201300016168;0;7;0;0;2;1;2;A01
201300016168;0;7;0;0;0;6;2;B01
201300016169;0;7;0;0;2;1;1;A01
201300016169;0;30;0;0;2;7;16;B01
201300016170;0;31;0;1;2;2;1;A01
201300016170;0;7;0;0;2;8;1;B01
201300016171;0;40;0;0;1;1;1;A01
201300016172;0;32;0;0;2;1;0;B01
201300016172;1;30;0;0;2;6;9;A01
201300016173;0;7;0;0;2;4;1;B01
201300016173;0;30;0;0;2;1;1;A01
201300016174;0;10;0;9;0;1;1;A01
201300016175;0;7;0;0;9;5;1;B01
201300016175;0;2;0;0;2;3;1;A01
201300016176;0;7;0;0;2;4;2;B01
201300016176;0;7;0;0;2;1;2;A01
201300016177;0;7;0;0;2;4;2;B01
201300016177;0;7;0;0;2;1;2;A01
201300016178;0;32;0;0;2;1;1;B01
201300016178;0;7;0;0;2;3;15;A01
201300016179;0;7;0;0;0;0;0;A01
201300016180;0;7;0;9;0;1;2;A01
201300016181;0;7;0;0;1;2;1;A01
201300016182;0;7;0;0;2;3;15;B01
201300016182;0;30;0;0;2;3;8;A01
201300016183;0;17;0;0;2;8;1;A01
201300016183;0;7;0;0;2;8;2;B01
201300016184;0;7;0;0;2;7;2;B01
201300016184;0;7;0;0;1;7;2;A01
201300016185;0;31;0;15;0;1;2;A01
201300016186;0;7;0;0;2;2;1;B01
201300016186;0;7;0;0;2;6;9;A01
201300016187;0;7;0;14;0;7;1;A01
201300016188;0;33;0;0;2;1;18;A01
201300016188;0;7;0;0;2;1;1;B01
201300016189;0;17;0;0;2;6;11;A01