num_acc;senc;catv;occutc;obs;obsm;choc;manv;num_veh
201300016557;0;7;0;0;2;2;1;B01
201300016557;0;7;0;0;2;1;9;A01
201300016558;0;7;0;0;2;1;2;A01
201300016558;0;7;0;0;0;4;2;C01
201300016558;0;7;0;0;2;4;2;B01
201300016559;0;7;0;0;2;2;1;A01
201300016559;0;7;0;0;2;7;1;B01
201300016560;0;7;0;0;2;4;2;B01
201300016560;0;7;0;0;0;4;2;C01
201300016560;0;7;0;0;2;1;2;A01
201300016561;1;7;0;0;2;3;2;B01
201300016561;0;32;0;0;2;1;3;A01
201300016562;0;7;0;0;2;2;2;A01
201300016562;0;7;0;0;2;3;2;B01
201300016563;0;7;0;0;2;3;15;B01
201300016563;0;2;0;0;2;7;17;A01
201300016564;0;7;0;0;2;3;9;A01
201300016564;0;33;0;0;2;2;17;B01
201300016565;0;7;0;0;2;3;10;A01
201300016565;0;33;0;0;2;1;1;B01
201300016566;0;7;0;0;2;3;15;A01
201300016566;0;32;0;0;2;1;0;B01
201300016567;0;7;0;0;2;3;10;A01
201300016567;0;7;0;0;2;1;1;B01
201300016568;0;7;0;8;0;7;1;A01
201300016569;0;7;0;0;2;4;1;C01
201300016569;0;7;0;0;2;1;1;A01
201300016569;0;7;0;0;2;4;1;B01
201300016569;0;7;0;0;2;4;1;D01
201300016570;0;7;0;0;2;1;2;A01
201300016570;0;7;0;0;0;4;0;B01
201300016571;0;7;0;0;2;3;1;A01
201300016571;0;7;0;0;2;3;1;B01
201300016572;0;7;0;0;1;3;1;A01
201300016573;0;7;0;0;2;3;0;B01
201300016573;0;7;0;0;2;3;0;A01
201300016574;0;7;0;0;2;3;1;B01
201300016574;0;7;0;0;2;2;15;A01
201300016575;0;30;0;0;0;8;16;A01
201300016576;0;7;0;3;0;8;0;A01
201300016577;0;7;0;10;2;3;15;A01
201300016577;0;7;0;0;2;2;1;B01
201300016578;0;7;0;4;0;3;1;A01
201300016579;0;7;0;0;0;4;2;B01
201300016579;0;7;0;0;2;2;2;A01
201300016580;0;7;0;0;1;2;1;A01
201300016581;0;7;0;0;1;1;21;A01
201300016582;0;10;0;0;0;0;0;A01
201300016583;0;7;0;10;0;1;1;A01
201300016584;0;7;0;0;2;1;1;A01
201300016584;0;7;0;0;2;4;23;B02
201300016585;0;7;0;0;0;9;17;A01
201300016586;0;7;0;0;2;5;16;A01
201300016586;0;7;0;0;2;3;1;B02
201300016587;0;7;0;0;2;1;2;A01
201300016587;0;7;0;0;2;4;2;B02
201300016587;0;7;0;0;2;1;2;C03
201300016587;0;17;0;0;2;4;2;D04
201300016588;0;7;0;0;2;1;2;A01
201300016588;0;10;0;0;0;4;2;B02
201300016589;0;7;0;0;2;1;2;A01
201300016589;0;14;0;0;2;6;2;B02
201300016590;0;7;0;0;2;1;2;A01
201300016590;0;7;0;0;2;4;2;B02
201300016590;0;7;0;0;2;4;2;C03
201300016591;0;10;0;4;0;8;1;A01
201300016592;0;17;0;0;2;8;13;A01
201300016592;0;7;0;0;0;8;17;C03
201300016593;0;7;0;3;0;1;1;A01
201300016594;0;10;0;0;2;1;1;A01
201300016594;0;15;0;0;2;4;2;B02
201300016595;0;7;0;0;2;1;1;A01
201300016595;0;7;0;0;2;4;1;B02
201300016596;0;7;0;4;0;8;1;A01
201300016597;0;7;0;0;2;1;1;A01
201300016597;0;7;0;0;2;6;1;B02
201300016598;0;7;0;0;0;6;24;B02
201300016598;0;7;0;1;1;2;2;A01
201300016599;0;38;0;0;1;1;1;A01
201300016600;0;33;0;0;2;1;2;A01
201300016600;0;7;0;0;0;6;1;B02
201300016601;0;7;0;0;0;2;1;A01
201300016601;0;7;0;7;0;3;21;B02
201300016602;0;10;0;0;2;2;3;A01
201300016602;0;7;0;0;0;6;1;B02
201300016603;0;10;0;16;0;3;1;A01
201300016604;0;7;0;3;0;8;13;A01
201300016605;0;17;0;0;2;4;2;B02
201300016605;0;7;0;0;2;1;2;A01
201300016606;0;7;0;0;2;2;17;B02
201300016606;0;7;0;0;2;6;1;A01
201300016607;0;14;0;0;2;3;1;B02
201300016607;0;7;0;0;2;3;1;A01
201300016608;0;7;0;3;0;2;1;A01
201300016609;0;10;0;13;0;2;1;A01
201300016610;0;14;0;0;0;4;2;B02
201300016610;0;10;0;0;0;1;2;A01
201300016611;0;7;0;0;2;3;9;B02
201300016611;0;31;0;0;2;1;1;A01
201300016612;0;10;0;0;2;1;2;C03
201300016612;0;7;0;0;2;1;1;A01
201300016612;0;7;0;0;2;8;1;D04
201300016612;0;7;0;0;2;3;1;B02
201300016613;0;14;0;13;0;3;1;A01
201300016614;0;33;0;14;0;8;1;A01
201300016615;0;7;0;0;2;1;13;A01
201300016615;0;7;0;0;2;1;1;B02
201300016616;0;33;0;0;6;7;1;A01
201300016617;0;1;0;0;2;3;1;A01
201300016617;0;7;0;0;2;3;15;B02
201300016618;0;33;0;0;2;1;1;A01
201300016618;0;7;0;0;2;3;19;B02
201300016619;0;7;0;0;1;2;1;A01
201300016620;0;7;0;0;2;3;15;B02
201300016620;0;31;0;0;2;7;17;A01
201300016621;0;33;0;16;0;1;1;A01
201300016622;0;7;0;0;1;2;1;A01
201300016623;0;7;0;0;2;1;1;C03
201300016623;0;7;0;0;2;3;11;A01
201300016623;0;7;0;0;2;3;1;B02
201300016624;0;7;0;0;1;1;1;A01
201300016625;0;7;0;13;0;2;1;A01
201300016626;0;7;0;0;2;5;21;A01
201300016626;0;7;0;0;2;1;2;B02
201300016627;0;7;0;0;2;1;1;A01
201300016627;0;17;0;0;2;4;1;B02
201300016628;0;7;0;4;2;2;1;A01
201300016628;0;14;0;0;0;6;2;B02
201300016629;0;7;0;3;0;2;14;A01
201300016630;0;7;0;13;0;1;1;A01
201300016631;0;7;0;0;1;2;1;A01
201300016632;0;7;0;2;0;2;13;A01
201300016633;0;30;0;14;0;1;1;A01
201300016634;0;7;0;2;0;1;13;A01
201300016635;0;7;0;4;0;3;1;A01
201300016636;0;10;0;0;2;3;20;A01
201300016636;0;30;0;0;2;1;1;B02
201300016637;0;7;0;0;1;2;1;A01
201300016638;0;30;0;0;2;8;9;A01
201300016638;0;7;0;0;2;3;1;B02
201300016639;0;7;0;0;1;4;4;A01
201300016640;0;10;0;0;2;3;9;A01
201300016640;0;7;0;0;2;5;1;B02
201300016641;0;31;0;0;2;1;1;A01
201300016642;0;17;0;1;0;2;2;B02
201300016643;0;7;0;13;0;3;19;A01
201300016644;0;7;0;16;0;0;0;A01
201300016645;0;2;0;0;2;1;1;A01
201300016645;0;7;0;0;2;8;15;B02
201300016646;0;1;0;0;2;1;13;A01
201300016646;0;7;0;0;2;3;1;B02
201300016647;0;10;0;0;2;3;1;A01
201300016647;0;2;0;0;2;1;13;B02
201300016648;0;36;0;8;0;1;1;A01
201300016649;0;7;0;0;2;1;13;A01
201300016649;0;7;0;0;2;1;2;B02
201300016650;0;7;0;0;0;1;21;A01
201300016650;0;10;0;0;0;1;0;B02
201300016651;0;7;0;13;0;3;13;A01
201300016652;0;10;0;0;1;2;1;A01
201300016653;0;7;0;0;2;7;10;A01
201300016653;0;1;0;0;2;1;1;B01
201300016654;0;7;0;0;0;1;0;A01
201300016655;0;7;0;0;1;3;1;A01
201300016656;0;10;0;0;1;5;1;A01
201300016657;0;7;0;0;2;1;1;A01
201300016657;0;7;0;0;2;1;1;B01
201300016658;0;7;0;0;1;2;1;A01
201300016659;0;7;0;0;0;5;1;B01
201300016659;0;36;0;0;2;1;3;A01
201300016660;0;7;0;0;2;1;1;B01
201300016660;2;7;0;0;2;8;10;A01
201300016661;0;7;0;1;0;1;14;A01
201300016661;0;7;0;0;2;6;24;B01
201300016662;0;40;0;0;2;2;1;B01
201300016662;0;10;0;0;2;2;15;A01
201300016663;0;7;0;0;1;3;1;A01
201300016664;0;7;0;13;2;4;1;B01
201300016664;0;17;0;0;2;2;1;A01
201300016665;0;7;0;0;1;4;20;A01
201300016666;0;37;3;0;1;2;1;A01
201300016667;0;2;0;0;2;1;1;A01
201300016667;0;7;0;0;2;8;1;B01
201300016668;0;7;0;3;0;1;14;A01
201300016669;0;33;0;0;2;1;3;A01
201300016669;0;17;0;0;0;5;1;B01
201300016670;0;2;0;0;2;1;1;A01
201300016670;0;7;0;0;2;3;1;B01
201300016671;0;7;0;0;2;3;15;A01
201300016671;0;32;0;1;2;8;1;B01
201300016672;0;32;0;0;2;3;5;A01
201300016672;0;7;0;0;2;8;21;B01
201300016673;0;7;0;0;0;3;1;A01
201300016673;0;1;0;0;2;1;1;B01
201300016674;0;7;0;16;0;1;13;A01
201300016675;0;1;0;0;2;1;1;A01
201300016675;1;7;0;0;2;5;14;Z01
201300016676;0;7;0;8;0;7;13;A01
201300016677;0;7;0;0;1;1;15;A01
201300016678;0;7;0;15;0;1;13;A01
201300016679;0;7;0;0;1;2;1;A01
201300016680;0;7;0;8;0;1;1;A01
201300016681;0;2;0;0;2;2;17;A01
201300016681;0;7;0;0;2;4;2;B01
201300016682;0;7;0;3;2;1;13;A01
201300016682;0;10;0;0;2;2;1;B01
201300016682;0;7;0;14;0;1;1;C01
201300016683;0;2;0;0;2;1;1;B01
201300016683;0;7;0;0;2;3;15;A02
201300016684;0;7;0;0;1;3;1;A01
201300016685;0;7;0;0;2;4;11;A01
201300016685;0;7;0;0;2;1;1;B01
201300016686;0;30;0;0;2;8;1;B01
201300016686;1;7;0;0;2;2;15;Z01
201300016687;0;7;0;3;2;3;13;A01
201300016687;0;7;0;0;2;1;1;B01
201300016688;0;7;0;1;0;2;14;A01
201300016689;0;30;0;1;0;1;1;A01
201300016690;0;10;0;0;1;8;1;A01
201300016691;0;7;0;0;1;2;1;A01
201300016692;0;30;0;14;0;1;1;A01
201300016693;0;7;0;0;2;4;23;B01
201300016693;0;7;0;0;2;1;1;A01
201300016694;0;7;0;0;2;1;1;C01
201300016694;0;7;0;0;2;1;1;B01
201300016694;0;7;0;0;2;6;11;A01
201300016695;0;7;0;0;2;7;15;A01
201300016695;0;2;0;0;2;1;1;B01
201300016696;0;2;0;11;0;1;17;A01
201300016697;0;7;0;9;0;1;14;A01
201300016698;0;2;0;7;0;1;13;A01
201300016699;0;7;0;0;2;8;24;B01
201300016699;0;2;0;1;0;7;14;A01
201300016700;0;7;0;9;0;1;13;A01
201300016701;0;7;0;0;2;1;5;A01
201300016701;0;7;0;0;2;1;1;B01
201300016702;0;10;0;0;2;6;1;B01
201300016702;0;2;0;0;2;1;9;A01
201300016703;0;7;0;2;0;6;13;A01
201300016704;0;7;0;0;2;2;15;A01
201300016704;0;33;0;0;2;8;1;B01
201300016705;0;7;0;0;1;2;1;A01
201300016706;0;7;0;0;2;4;23;B01
201300016706;0;2;0;0;2;1;2;A01
201300016707;0;2;0;0;2;4;0;B01
201300016707;1;7;0;0;2;2;0;Z01
201300016708;0;33;0;0;2;1;3;A01
201300016708;0;10;0;0;2;5;1;B01
201300016709;0;7;0;0;2;3;15;A01
201300016709;0;31;0;0;2;1;1;B01
201300016710;0;7;0;0;2;1;15;B01
201300016710;0;2;0;0;2;1;1;A01
201300016711;0;7;0;0;0;0;13;A01
201300016712;0;33;0;0;0;0;1;A01
201300016713;0;7;0;0;2;8;13;A01
201300016713;0;33;0;0;2;1;1;B01
201300016714;0;7;0;0;1;1;1;A01
201300016715;0;7;0;0;2;2;1;A01
201300016715;0;1;0;0;2;1;19;B01
201300016716;0;7;0;0;1;7;17;A01
201300016717;0;33;0;0;2;1;1;B01
201300016717;0;7;0;0;2;2;15;A01
201300016718;0;3;0;6;0;1;15;A01
201300016719;0;33;0;0;2;1;1;B01
201300016719;0;7;0;0;2;8;10;A01
201300016720;0;7;0;13;0;0;1;A01
201300016721;0;30;0;12;0;7;1;A01
201300016722;0;30;0;14;0;1;1;A01
201300016723;0;7;0;1;0;0;1;A01
201300016724;0;2;0;12;0;0;14;A01
201300016725;0;7;0;0;2;8;11;A01
201300016725;0;33;0;0;2;2;1;B01
201300016726;0;40;0;0;1;2;1;A01
201300016727;1;99;0;0;9;1;17;Z01
201300016727;0;1;0;0;2;8;15;A01
201300016728;0;7;0;0;2;2;1;A01
201300016728;0;1;0;0;2;1;1;B01
201300016729;0;33;0;0;2;1;2;A01
201300016729;0;7;0;0;2;4;2;B01
201300016730;0;7;0;0;2;4;1;C01
201300016730;0;33;0;0;2;1;3;A01
201300016730;0;7;0;0;0;6;1;B01
201300016731;0;7;0;0;2;1;15;A01
201300016731;0;30;0;0;2;1;1;B01
201300016732;0;7;0;0;2;3;15;A01
201300016732;0;33;0;0;2;1;1;B01
201300016733;0;7;0;0;2;3;23;B01
201300016733;0;21;0;0;2;3;15;A01
201300016734;0;33;0;0;2;1;2;A01
201300016734;0;7;0;0;0;4;2;B01
201300016735;0;7;0;0;1;4;4;A01
201300016736;0;7;0;0;2;4;2;B01
201300016736;0;10;0;0;2;1;2;A01
201300016737;0;2;0;16;0;1;14;A01
201300016738;0;7;0;0;2;3;15;A01
201300016738;0;33;0;0;2;1;17;B01
201300016739;0;2;0;0;2;1;0;A01
201300016739;0;7;0;0;0;4;1;B01
201300016740;0;10;0;0;2;8;1;A01
201300016740;0;7;0;0;2;1;1;B01
201300016740;0;7;0;0;2;1;23;C01
201300016741;0;1;0;1;0;1;1;B01
201300016741;0;7;0;0;2;8;22;A01
201300016742;0;7;0;0;1;2;1;A01
201300016743;0;7;0;0;2;3;1;B01
201300016743;0;7;0;0;2;2;15;A01
201300016744;0;7;0;0;2;1;1;B01
201300016744;0;7;0;0;2;1;1;A01
201300016745;0;7;0;0;2;1;1;A01
201300016745;0;7;0;0;2;4;1;B01
201300016746;0;7;0;0;2;2;15;A01
201300016746;0;32;0;0;2;1;1;B01
201300016747;0;7;0;0;1;2;1;A01
201300016748;0;7;0;0;1;3;15;A01
201300016749;0;7;0;0;1;3;1;A01
201300016750;0;7;0;0;1;1;1;A01
201300016751;0;7;0;0;1;2;1;A01
201300016752;0;7;0;0;2;1;0;B01
201300016752;0;7;0;0;2;4;4;A01
201300016753;0;7;0;0;1;1;2;A01
201300016754;0;7;0;0;2;3;13;A01
201300016754;0;2;0;0;2;1;1;B01
201300016755;0;34;0;0;2;1;1;B01
201300016755;0;7;0;0;2;3;15;A01
201300016756;0;7;0;0;1;4;4;A01
201300016757;0;31;0;11;0;1;1;A01
201300016758;0;7;0;0;1;1;1;A01
201300016759;0;7;0;0;2;3;15;A01
201300016759;0;2;0;0;2;1;5;B01
201300016759;0;7;0;0;2;6;24;C01
201300016760;0;7;0;6;0;9;1;A01
201300016761;0;7;0;0;2;1;1;B02
201300016761;0;7;0;0;2;1;13;A01
201300016762;0;7;0;0;2;8;19;B01
201300016762;0;10;0;0;2;1;1;A01
201300016763;0;35;0;0;1;1;1;A01
201300016764;0;7;0;0;0;8;19;A01
201300016764;0;31;0;0;2;7;21;B01
201300016765;0;7;0;14;0;1;2;A01
201300016765;0;7;0;0;0;4;23;B01
201300016766;0;1;0;0;0;1;2;B01
201300016766;0;7;0;0;0;5;2;A01
201300016767;0;7;0;0;1;3;4;A01
201300016768;0;2;0;0;2;1;1;B01
201300016768;0;7;0;0;2;3;1;A01
201300016769;0;1;0;0;2;7;1;B01
201300016769;0;7;0;0;2;1;15;A01
201300016770;0;7;0;3;0;3;1;A01
201300016771;1;7;0;0;1;0;16;A01
201300016772;0;1;0;15;0;1;0;A01
201300016773;0;10;0;0;2;3;5;C01
201300016773;0;7;0;0;0;4;1;A01
201300016773;0;7;0;0;2;1;2;B01
201300016774;0;1;0;0;2;7;0;A01
201300016774;0;7;0;0;9;3;16;B01
201300016775;0;7;0;0;2;5;15;A01
201300016775;0;2;0;0;2;1;1;B01
201300016776;0;7;0;0;1;7;16;B01
201300016777;0;7;0;0;2;1;1;B02
201300016777;0;7;0;0;2;0;1;C03
201300016777;0;7;0;0;2;1;5;A01
201300016778;0;3;0;0;2;3;15;A01
201300016778;0;7;0;0;2;1;1;B02
201300016779;0;31;0;0;2;1;5;A01
201300016779;0;10;0;0;2;2;2;B02
201300016780;0;33;0;0;2;5;17;A01
201300016780;0;7;0;0;2;3;1;B02
201300016781;0;7;0;0;2;2;15;A01
201300016781;0;31;0;0;2;3;1;B02
201300016782;0;7;0;0;0;8;19;A01
201300016782;0;33;0;0;2;3;1;B02
201300016783;0;7;0;0;2;6;15;B02
201300016783;0;33;0;0;2;1;17;A01
201300016784;0;7;0;0;1;1;1;A01
201300016785;0;7;0;0;2;3;13;A01
201300016785;0;17;0;0;2;3;1;B02
201300016786;0;1;0;0;2;8;0;B02
201300016786;0;7;0;0;9;1;19;A01
201300016787;0;7;0;0;2;1;2;A01
201300016787;0;7;0;0;2;4;2;C03
201300016787;0;7;0;0;2;4;2;B02
201300016788;0;7;0;0;2;3;1;A01
201300016788;0;1;0;0;2;4;2;B02
201300016789;0;7;0;0;2;1;1;A01
201300016789;0;7;0;0;2;3;9;B02
201300016790;0;7;0;0;0;1;17;A01
201300016791;0;33;0;0;2;7;1;A01
201300016791;0;7;0;0;2;3;9;B02
201300016792;0;7;0;0;2;3;1;B02
201300016792;0;7;0;0;2;3;13;A01
201300016793;0;7;0;0;2;3;1;A01
201300016793;0;33;0;0;2;1;17;B02
201300016794;0;7;0;0;2;3;1;B02
201300016794;0;7;0;0;2;3;13;A01
201300016795;0;7;0;13;0;3;1;A01
201300016796;1;30;0;1;2;0;1;A01
201300016797;0;33;0;0;2;1;1;B02
201300016797;0;7;0;0;2;1;13;A01
201300016798;0;33;0;0;2;7;1;A01
201300016798;0;7;0;0;2;1;19;B02
201300016799;0;7;0;0;1;1;15;A01
201300016800;0;7;0;0;2;1;21;B02
201300016800;0;7;0;0;2;4;13;A01
201300016801;0;33;0;2;0;1;21;A01
201300016802;0;7;0;0;1;2;2;A01
201300016803;0;7;0;2;0;1;0;A01
201300016804;0;7;0;6;0;0;1;A01
201300016805;0;7;0;0;0;9;1;A01
201300016806;0;33;0;0;2;2;17;A01
201300016806;0;7;0;0;2;8;17;B02
201300016807;0;10;0;0;0;2;1;A01
201300016808;0;7;0;13;0;3;13;A01
201300016809;0;7;0;0;0;5;19;B02
201300016809;0;33;0;0;2;1;1;A01
201300016810;0;7;0;8;0;7;1;A01
201300016811;0;7;0;15;2;5;1;B01
201300016811;0;36;0;0;2;1;1;A01
201300016812;0;2;0;8;0;1;14;A01
201300016813;0;31;0;0;0;7;1;A01
201300016814;0;3;0;8;0;3;1;A01
201300016815;0;7;0;0;2;5;23;B01
201300016815;0;33;0;0;2;1;2;A01
201300016816;0;33;0;0;2;0;1;A01
201300016816;1;7;0;0;0;0;15;B01
201300016817;0;7;0;2;0;1;14;A01
201300016818;0;30;0;0;0;1;9;A01
201300016819;0;7;0;0;2;2;1;A01
201300016819;0;1;0;0;2;1;1;B01
201300016820;0;2;0;0;0;7;1;A01
201300016821;0;30;0;0;2;2;1;B01
201300016821;0;7;0;0;2;3;9;A01
201300016822;0;31;0;0;2;1;13;B01
201300016822;0;13;0;0;2;3;1;A01
201300016823;0;7;0;0;2;0;10;C01
201300016823;0;7;0;0;2;4;2;B01
201300016823;0;33;0;0;2;1;2;A01
201300016824;0;7;0;0;2;4;23;C01
201300016824;0;7;0;0;2;1;1;A01
201300016824;0;7;0;0;2;4;23;B01
201300016825;0;2;0;0;1;0;0;A01
201300016826;0;1;0;0;0;1;19;B01
201300016826;0;7;0;12;0;2;1;A01
201300016827;0;33;0;13;0;1;1;A01
201300016828;0;7;0;0;2;1;2;B01
201300016828;0;7;0;0;2;3;2;A01
201300016828;0;10;0;0;2;3;2;C01
201300016829;0;7;0;0;2;5;2;B01
201300016829;0;2;0;12;2;1;2;A01
201300016830;0;2;0;0;0;8;15;A01
201300016831;0;7;0;1;1;3;1;A01
201300016832;0;7;0;0;2;6;1;A01
201300016832;0;30;0;0;2;6;1;B01
201300016833;0;7;0;0;1;4;4;A01
201300016834;0;33;0;0;0;8;15;A01
201300016835;0;7;0;0;2;1;1;A01
201300016835;0;7;0;0;2;1;1;B02
201300016836;0;7;0;6;0;9;1;A01
201300016837;0;7;0;0;2;1;1;A01
201300016837;0;7;0;0;2;1;1;B02
201300016838;0;10;0;2;0;1;1;A01
201300016839;0;7;0;2;0;3;1;A01
201300016840;0;33;0;0;2;3;1;A01
201300016841;0;13;0;6;0;1;1;A01
201300016842;0;15;0;0;2;3;1;A01
201300016842;0;15;0;0;2;8;1;B02
201300016843;0;7;0;0;1;3;1;A01
201300016844;0;99;0;0;2;3;15;B02
201300016844;0;7;0;0;2;2;13;A01
201300016845;0;7;0;2;0;7;1;A01
201300016846;0;33;0;0;5;1;1;A01
201300016847;0;31;0;13;0;1;1;A01
201300016848;0;10;0;15;0;1;1;A01
201300016849;0;7;0;0;1;0;21;A01
201300016850;0;7;0;0;1;4;20;A01
201300016851;2;7;0;0;2;1;13;A01
201300016851;0;7;0;0;2;1;1;B02
201300016852;0;7;0;0;2;3;15;A01
201300016852;0;33;0;0;2;1;1;B02
201300016853;2;7;0;1;0;1;1;A01
201300016854;0;33;0;0;2;7;21;B02
201300016854;0;7;0;0;2;2;15;A01
201300016855;0;7;0;0;2;3;1;A01
201300016855;0;30;0;0;2;1;15;B02
201300016856;0;13;0;2;0;3;1;A01
201300016857;0;7;0;0;2;7;13;A01
201300016857;0;7;0;0;2;1;1;B02
201300016858;0;10;0;0;2;3;19;B02
201300016858;0;10;0;0;2;1;1;A01
201300016859;0;7;0;0;2;3;15;B02
201300016859;0;30;0;0;2;1;17;A01
201300016860;0;10;0;16;0;1;19;A01
201300016861;0;7;0;1;0;1;19;A01
201300016862;0;10;0;13;0;1;1;A01
201300016863;0;10;0;1;1;1;1;A01
201300016864;0;7;0;0;2;1;1;B02
201300016864;0;7;0;0;2;1;1;A01
201300016865;0;10;0;2;0;2;1;A01
201300016866;0;32;0;0;2;2;1;A01
201300016866;0;7;0;0;2;3;1;B02
201300016867;0;30;0;0;2;2;15;A01
201300016867;0;7;0;0;2;3;1;B02
201300016868;0;7;0;13;0;3;13;A01
201300016869;0;7;0;6;0;2;1;A01
201300016870;0;7;0;0;2;3;13;A01
201300016870;0;7;0;0;2;3;1;B02
201300016871;0;7;0;0;2;1;0;A01
201300016871;0;3;0;0;2;1;0;B02
201300016872;0;7;0;0;0;9;15;A01
201300016872;0;7;0;0;2;2;1;B02
201300016873;0;17;0;0;2;6;1;B02
201300016873;0;2;0;0;2;3;13;A01
201300016874;1;99;0;0;2;0;2;Z01
201300016874;0;1;0;0;2;4;2;B02
201300016875;0;7;0;0;1;1;15;A01
201300016876;0;7;0;0;2;3;1;A01
201300016876;0;7;0;0;2;3;1;B01
201300016877;0;10;0;0;1;2;1;A01
201300016878;0;7;0;8;0;1;1;A01
201300016879;0;2;0;12;2;1;1;A01
201300016879;0;7;0;0;2;1;1;B01
201300016880;0;10;0;0;1;5;20;A01
201300016881;0;15;0;15;0;2;1;A01
201300016882;0;7;0;0;1;2;1;A01
201300016883;0;7;0;0;1;1;1;A01
201300016884;0;7;0;0;2;3;1;B01
201300016884;0;7;0;0;2;2;1;A01
201300016885;0;7;0;0;1;1;1;A01
201300016886;0;33;0;0;1;1;1;A01
201300016887;0;7;0;0;2;3;15;A01
201300016887;0;7;0;0;2;1;1;B01
201300016888;0;7;0;0;2;1;1;B01
201300016888;0;7;0;0;2;6;15;A01
201300016889;0;7;0;13;0;9;1;A01
201300016890;1;7;0;0;2;2;2;A01
201300016890;0;7;0;0;2;6;1;B01
201300016891;0;7;0;0;1;1;16;A01
201300016892;0;7;0;0;2;1;13;A01
201300016892;0;7;0;0;2;1;1;B01
201300016893;0;2;0;0;2;1;1;B01
201300016893;0;7;0;0;2;2;1;C01
201300016893;0;7;0;0;2;8;16;A01
201300016894;0;7;0;0;1;1;16;A01
201300016895;0;2;0;6;0;1;0;A01
201300016896;0;30;0;0;0;0;1;A01
201300016897;0;30;0;0;0;0;1;A01
201300016898;0;7;0;0;1;1;1;A01
201300016899;1;99;0;0;1;1;0;A01
201300016900;0;7;0;1;2;1;2;A01
201300016900;0;7;0;6;2;4;2;B01
201300016901;0;30;0;1;0;1;1;A01
201300016902;0;7;0;8;0;8;1;A01
201300016903;0;7;0;0;2;2;19;B01
201300016903;0;7;0;0;2;1;1;A01
201300016904;0;7;0;0;1;1;1;A01
201300016905;0;7;0;0;2;7;17;A01
201300016905;0;1;0;0;2;3;1;B01
201300016905;0;1;0;0;2;8;1;C01
201300016906;0;7;0;0;1;4;4;A01
201300016907;0;10;0;0;2;1;2;A01
201300016907;0;33;0;0;2;4;23;B01
201300016907;0;7;0;0;2;4;23;C01
201300016908;0;7;0;2;0;1;1;A01
201300016909;0;10;0;0;2;2;20;B02
201300016909;0;7;0;0;2;4;24;C03
201300016909;0;30;0;1;2;1;18;A01
201300016910;0;7;0;0;1;1;1;A01
201300016911;0;33;0;8;0;8;1;A01
201300016912;0;33;0;13;0;8;14;A01
201300016913;0;38;49;0;2;8;1;B01
201300016913;0;7;0;0;2;8;13;A01
201300016914;0;7;0;0;2;3;15;B01
201300016914;0;7;0;0;2;8;1;A01
201300016915;0;7;0;0;1;1;20;A01
201300016916;0;7;0;0;2;1;19;A01
201300016916;0;33;0;0;2;7;1;B01
201300016917;0;7;0;0;2;1;2;A01
201300016917;0;7;0;15;2;4;2;B01
201300016918;0;7;0;2;0;1;1;A01
201300016919;0;33;0;16;0;0;1;A01
201300016920;0;7;0;1;2;3;1;B01
201300016920;0;7;0;0;2;1;5;A01
201300016921;0;7;0;16;0;9;1;A01
201300016922;0;7;0;8;0;1;1;A01
201300016923;0;2;0;0;2;1;1;B01
201300016923;0;7;0;0;2;8;1;A01
201300016924;0;7;0;0;1;1;1;A01
201300016925;0;7;0;0;2;8;1;B01
201300016925;0;30;0;0;2;1;15;A01
201300016926;0;7;0;0;2;6;4;A01
201300016926;0;7;0;0;2;3;1;B01
201300016927;0;7;0;0;1;1;1;A01
201300016928;0;10;0;0;2;1;2;A01
201300016928;0;31;0;0;2;4;23;B01
201300016928;0;10;0;0;2;6;2;C01
201300016929;0;7;0;1;1;2;1;A01
201300016930;0;33;0;0;2;1;1;A01
201300016930;0;7;0;0;2;6;23;B01
201300016931;0;33;0;0;2;1;1;B01
201300016931;0;7;0;0;2;7;1;A01
201300016932;0;2;0;0;2;2;5;A01
201300016932;0;1;0;0;2;0;19;B01
201300016933;0;30;0;0;0;5;1;A01
201300016934;0;7;0;0;2;6;15;A01
201300016934;0;33;0;0;2;1;1;B01
201300016935;0;2;0;16;0;0;1;A01
201300016936;0;30;0;0;0;0;1;A01
201300016937;0;7;0;0;1;1;15;A01
201300016938;0;30;0;0;0;0;1;A01
201300016939;0;7;0;0;2;7;1;A01
201300016939;0;10;0;0;2;1;1;B02
201300016940;0;7;0;0;0;3;15;A01
201300016940;0;33;0;15;2;1;17;B02
201300016941;0;7;0;2;0;1;13;A01
201300016942;0;33;0;0;2;1;1;A01
201300016942;0;7;0;0;2;3;5;B02
201300016943;0;7;0;13;0;1;14;A01
201300016944;0;2;0;0;0;0;15;A01
201300016945;0;7;0;0;0;1;1;A01
201300016945;0;33;0;0;0;1;1;B02
201300016946;0;1;0;0;2;1;0;A01
201300016946;0;7;0;0;9;1;1;B02
201300016947;0;7;0;0;2;6;15;A01
201300016947;0;2;0;0;2;2;1;A02
201300016947;0;7;0;0;2;1;1;A03
201300016948;0;33;0;0;0;1;21;A01
201300016948;0;7;0;0;0;6;15;B02
201300016949;0;7;0;0;0;0;16;B02
201300016949;0;7;0;0;0;8;1;A01
201300016950;0;10;0;0;2;1;1;A01
201300016950;0;1;0;0;2;8;19;B02
201300016951;0;10;0;0;2;9;13;A01
201300016951;0;7;0;0;2;1;1;B02
201300016952;0;10;0;0;2;1;19;A01
201300016952;0;7;0;0;2;7;1;B02