num_acc;senc;catv;occutc;obs;obsm;choc;manv;num_veh
201300016953;0;10;0;3;0;2;1;A01
201300016954;0;3;0;0;2;1;23;C03
201300016954;0;7;0;0;2;9;13;A01
201300016954;0;7;0;0;2;1;21;B02
201300016955;0;14;0;0;2;8;13;A01
201300016955;0;7;0;0;2;1;1;C03
201300016955;0;7;0;0;2;8;1;B02
201300016955;0;10;0;0;2;1;1;D04
201300016956;0;7;0;8;0;1;5;A01
201300016957;0;7;0;0;0;1;11;A01
201300016958;0;7;0;0;2;3;14;B02
201300016958;0;2;0;0;2;1;13;A01
201300016959;0;7;0;2;0;3;2;A01
201300016960;0;3;0;0;1;2;1;A01
201300016961;0;33;0;2;0;7;21;A01
201300016962;0;7;0;2;0;7;13;A01
201300016963;0;7;0;0;2;7;15;A01
201300016963;0;7;0;0;2;1;1;B02
201300016964;0;7;0;2;0;7;0;A01
201300016965;0;10;0;16;0;1;1;A01
201300016966;0;7;0;0;2;8;15;A01
201300016966;0;2;0;0;2;1;1;B02
201300016967;0;7;0;13;0;1;1;A01
201300016968;0;31;0;13;0;1;1;A01
201300016969;0;7;0;0;1;1;9;A01
201300016970;0;17;0;0;2;1;19;A01
201300016970;0;7;0;0;0;8;1;B02
201300016971;0;2;0;0;0;3;1;B02
201300016971;0;7;0;0;0;3;1;A01
201300016972;0;7;0;2;0;1;1;A01
201300016973;0;30;0;0;0;1;1;A01
201300016974;0;7;0;0;0;0;1;A01
201300016975;0;30;0;0;2;1;1;B02
201300016975;0;7;0;0;2;1;1;A01
201300016976;0;10;0;0;1;1;15;A01
201300016977;0;7;0;0;2;1;17;C03
201300016977;0;7;0;0;2;6;1;B02
201300016977;0;7;0;0;2;7;17;A01
201300016978;0;7;0;0;2;3;13;A01
201300016978;0;7;0;0;2;3;1;B02
201300016978;0;10;0;0;2;1;1;C03
201300016979;0;7;0;2;0;7;1;A01
201300016980;0;33;0;0;0;0;1;A01
201300016981;0;10;0;0;0;9;1;A01
201300016982;0;7;0;13;0;1;1;A01
201300016983;0;34;0;16;0;8;14;A01
201300016984;0;7;0;0;2;2;1;A01
201300016984;0;7;0;0;2;1;1;B02
201300016985;0;33;0;8;0;1;1;A01
201300016986;0;7;0;0;0;4;1;B02
201300016986;0;10;0;0;0;1;1;A01
201300016987;0;7;0;0;2;1;17;A01
201300016987;0;7;0;0;2;6;10;B02
201300016988;0;17;0;13;0;7;15;A01
201300016989;0;7;0;0;2;3;1;B02
201300016989;0;7;0;13;2;3;1;A01
201300016990;0;14;0;0;2;3;1;B02
201300016990;0;7;0;0;2;3;14;A01
201300016991;0;7;0;0;2;1;13;A01
201300016991;0;7;0;0;2;1;1;B02
201300016992;0;7;0;6;0;1;19;A01
201300016993;0;33;0;0;2;7;1;A01
201300016993;0;7;0;0;2;1;15;B02
201300016994;0;7;0;0;0;8;15;B02
201300016994;0;7;0;0;2;1;17;A01
201300016995;0;7;0;0;1;3;1;A01
201300016996;0;7;0;0;9;1;1;C03
201300016996;0;7;0;0;0;5;15;A01
201300016996;0;33;0;0;2;1;13;B02
201300016997;0;33;0;0;2;1;1;B02
201300016997;0;7;0;0;2;3;19;A01
201300016998;0;7;0;16;0;0;1;A01
201300016999;0;14;0;0;2;2;2;A01
201300016999;0;1;0;0;2;4;2;B02
201300017000;0;7;0;8;0;7;1;A01
201300017001;0;7;0;6;0;1;14;A01
201300017002;0;14;0;0;1;4;20;A01
201300017003;0;7;0;0;2;3;1;A01
201300017003;0;7;0;0;2;2;16;B02
201300017004;0;7;0;6;2;4;16;B02
201300017004;0;10;0;0;2;2;2;A01
201300017005;0;10;0;2;0;1;14;A01
201300017006;0;31;0;8;0;3;1;A01
201300017007;0;33;0;0;2;2;1;B02
201300017007;0;21;0;0;0;5;15;A01
201300017008;0;33;0;0;2;0;17;B02
201300017008;0;10;0;0;2;0;13;A01
201300017009;0;3;0;0;2;1;1;A01
201300017009;0;21;0;0;2;1;1;B02
201300017010;0;7;0;8;0;2;16;A01
201300017011;0;7;0;0;2;1;17;B02
201300017011;0;7;0;0;2;1;1;A01
201300017012;0;7;0;0;1;1;17;A01
201300017013;0;7;0;0;2;3;9;A01
201300017013;0;30;0;0;2;1;1;B02
201300017014;0;7;0;0;2;2;21;B02
201300017014;0;7;0;0;2;2;13;A01
201300017015;0;7;0;0;2;3;1;D04
201300017015;0;15;0;0;0;0;21;C03
201300017015;0;7;0;0;2;1;1;E05
201300017015;0;15;0;0;0;3;1;B02
201300017015;0;7;0;0;2;1;17;A01
201300017016;0;7;0;0;2;3;9;A01
201300017016;0;33;0;0;2;1;1;B02
201300017017;0;7;0;0;2;2;1;A01
201300017017;0;7;0;0;2;3;9;B02
201300017018;0;33;0;0;2;1;1;A01
201300017018;0;7;0;0;2;2;9;B02
201300017019;0;7;0;13;0;1;21;A01
201300017020;0;33;0;0;2;8;13;B02
201300017020;0;7;0;0;2;1;1;A01
201300017021;0;31;0;0;2;0;13;A01
201300017021;0;21;0;0;2;8;1;B02
201300017022;0;7;0;0;2;8;19;A01
201300017022;0;33;0;0;2;1;1;B02
201300017023;0;33;0;8;0;1;1;A01
201300017024;0;7;0;0;0;2;0;B02
201300017024;0;7;0;0;0;6;0;A01
201300017025;0;7;0;0;2;2;1;B02
201300017025;0;31;0;0;2;1;1;A01
201300017026;0;7;0;0;2;1;1;A01
201300017026;0;7;0;0;2;3;23;B02
201300017026;0;7;0;0;2;1;0;C03
201300017027;0;7;0;0;2;2;19;A01
201300017027;0;33;0;0;2;7;21;B02
201300017028;0;33;0;0;2;1;1;B02
201300017028;0;7;0;0;2;3;13;A01
201300017029;0;7;0;16;0;3;16;A01
201300017030;0;7;0;0;2;1;1;B02
201300017030;0;7;0;0;2;1;17;A01
201300017031;0;7;0;0;0;1;5;A01
201300017031;0;7;0;0;2;1;1;B02
201300017032;0;7;0;0;2;4;4;A01
201300017032;0;2;0;0;2;1;1;B02
201300017033;0;1;0;0;2;8;1;A01
201300017033;0;7;0;0;2;8;0;B02
201300017034;0;7;0;0;2;7;1;A01
201300017034;0;7;0;0;2;1;1;B02
201300017035;0;7;0;2;0;2;21;A01
201300017036;0;7;0;0;2;1;2;A01
201300017036;0;7;0;3;0;4;23;B02
201300017037;0;7;0;0;2;3;1;A01
201300017037;0;7;0;0;2;1;1;B02
201300017038;0;7;0;13;0;8;1;A01
201300017039;0;14;0;0;2;3;13;A01
201300017039;0;7;0;0;2;3;1;B02
201300017040;0;7;0;0;2;1;1;A01
201300017040;0;7;0;0;2;7;19;B02
201300017041;0;7;0;0;0;1;16;A01
201300017042;0;7;0;0;1;5;4;A01
201300017043;0;7;0;0;2;3;1;B02
201300017043;0;7;0;0;2;2;0;A01
201300017044;0;14;0;0;0;0;1;A01
201300017045;0;7;0;15;2;2;17;A01
201300017045;0;7;0;0;0;3;15;B02
201300017046;0;10;0;13;0;1;13;A01
201300017047;0;7;0;13;0;0;1;A01
201300017048;0;7;0;0;2;1;1;A01
201300017048;0;7;0;0;2;1;1;B02
201300017049;0;7;0;6;2;1;13;A01
201300017049;0;7;0;0;2;3;1;B02
201300017050;0;7;0;13;2;2;17;A01
201300017050;0;7;0;13;0;8;15;B02
201300017051;0;7;0;8;0;2;1;A01
201300017052;0;7;0;0;2;1;15;A01
201300017052;0;7;0;0;2;0;1;B02
201300017052;0;7;0;0;2;0;0;C03
201300017053;0;10;0;0;2;1;1;A01
201300017053;0;14;0;0;2;8;15;B02
201300017054;0;7;0;0;2;2;1;D04
201300017054;0;33;0;0;2;1;1;B02
201300017054;0;7;0;0;2;5;15;A01
201300017054;0;7;0;0;2;3;1;C03
201300017055;0;7;0;0;1;5;1;A01
201300017056;0;33;0;3;0;1;14;A01
201300017057;0;7;0;13;0;9;1;A01
201300017058;0;10;0;0;2;1;19;A01
201300017058;0;33;0;0;2;7;1;B02
201300017059;0;30;0;0;2;1;18;A01
201300017059;0;7;0;0;2;2;16;B02
201300017060;0;7;0;0;2;1;1;A01
201300017060;0;7;0;0;0;6;9;B02
201300017061;0;7;0;16;0;0;14;A01
201300017062;0;21;0;0;0;9;14;A01
201300017063;0;10;0;0;2;2;1;A01
201300017063;0;7;0;0;0;1;1;B02
201300017064;0;7;0;0;2;2;1;A01
201300017064;0;33;0;0;2;4;16;B02
201300017065;0;7;0;0;2;3;13;A01
201300017065;0;7;0;0;2;3;1;B02
201300017066;0;7;0;3;0;7;1;A01
201300017067;0;7;0;6;0;8;1;A01
201300017068;0;7;0;2;0;1;13;A01
201300017069;0;7;0;0;0;7;0;A01
201300017069;0;7;0;0;0;3;0;B02
201300017070;0;10;0;0;2;3;1;A01
201300017070;0;10;0;0;2;3;1;B02
201300017071;0;30;0;0;1;1;1;A01
201300017072;0;10;0;2;0;1;1;A01
201300017073;0;7;0;0;2;1;1;B02
201300017073;0;7;0;0;2;7;19;A01
201300017074;0;7;0;0;0;9;17;A01
201300017075;0;7;0;6;0;1;1;A01
201300017076;0;33;0;0;2;1;1;B02
201300017076;0;10;0;0;2;3;15;A01
201300017077;0;7;0;2;0;8;0;A01
201300017078;0;14;0;0;1;2;20;A01
201300017079;0;7;0;0;1;1;1;A01
201300017080;0;10;0;0;0;3;15;A01
201300017080;0;31;0;0;2;1;1;B02
201300017081;0;7;0;0;2;2;15;A01
201300017081;0;10;0;0;2;1;1;B02
201300017082;0;7;0;0;2;2;20;A01
201300017082;0;2;0;0;0;1;1;B02
201300017083;0;7;0;2;0;1;1;A01
201300017084;0;7;0;8;0;3;1;A01
201300017085;0;7;0;2;0;8;1;A01
201300017086;0;7;0;0;2;3;16;B02
201300017086;0;7;0;0;2;1;1;A01
201300017087;0;7;0;0;2;1;1;A01
201300017087;0;7;0;0;2;1;1;B02
201300017088;0;33;0;8;0;0;0;A01
201300017089;0;7;0;0;9;7;1;A01
201300017089;0;1;0;0;2;1;19;B02
201300017090;0;7;0;0;1;2;1;A01
201300017091;0;33;0;0;0;0;1;A01
201300017092;0;10;0;2;0;8;13;A01
201300017093;0;7;0;13;0;1;1;A01
201300017094;0;7;0;0;2;3;13;A01
201300017094;0;7;0;0;2;3;14;B02
201300017095;0;7;0;0;0;9;1;A01
201300017096;0;7;0;0;2;2;15;A01
201300017096;0;7;0;0;2;1;1;B02
201300017096;0;10;0;0;2;3;23;C03
201300017097;0;7;0;0;2;3;0;A01
201300017097;0;7;0;0;2;3;0;B02
201300017098;0;15;0;0;2;3;1;B02
201300017098;0;7;0;0;9;1;1;D04
201300017098;0;7;0;0;2;1;1;C03
201300017098;0;7;0;0;0;3;13;A01
201300017099;0;7;0;0;2;6;15;A01
201300017099;0;15;0;0;2;2;1;B02
201300017100;0;7;0;1;0;4;4;A01
201300017100;0;33;0;0;2;2;23;B02
201300017101;0;7;0;0;2;1;1;A01
201300017101;0;7;0;0;2;8;1;B02
201300017101;0;7;0;0;2;1;1;C03
201300017102;0;31;0;15;0;7;13;A01
201300017103;0;33;0;0;6;1;1;A01
201300017104;0;10;0;0;2;3;13;A01
201300017104;0;7;0;0;2;3;1;B02
201300017105;0;7;0;0;2;2;1;B02
201300017105;0;31;0;0;2;1;16;A01
201300017106;0;33;0;0;0;0;21;A01
201300017107;0;15;0;0;2;3;1;B02
201300017107;0;7;0;0;2;3;19;A01
201300017108;0;7;0;2;0;1;1;A01
201300017109;0;10;0;0;2;3;13;A01
201300017109;0;2;0;0;2;1;1;B02
201300017110;0;15;0;0;2;3;1;B02
201300017110;0;7;0;0;2;3;13;A01
201300017111;0;7;0;0;9;2;1;A01
201300017111;0;1;0;0;2;8;1;B02
201300017112;0;7;0;0;0;1;13;A01
201300017113;0;7;0;6;0;7;1;A01
201300017114;0;7;0;0;2;1;2;A01
201300017114;0;7;0;0;0;4;2;B02
201300017115;0;7;0;2;0;1;1;A01
201300017116;0;30;0;0;2;1;1;B02
201300017116;0;7;0;0;2;2;17;A01
201300017117;0;7;0;2;2;8;1;B02
201300017117;0;7;0;2;2;1;13;A01
201300017118;0;7;0;7;0;9;14;A01
201300017119;0;7;0;0;2;6;9;A01
201300017119;0;7;0;0;2;2;21;B02
201300017120;0;7;0;16;0;0;0;A01
201300017121;0;7;0;2;0;3;14;A01
201300017122;0;7;0;0;0;0;13;A01
201300017123;0;7;0;0;0;4;1;A01
201300017124;0;7;0;0;2;3;13;A01
201300017124;0;7;0;0;2;3;1;B02
201300017125;0;7;0;0;2;1;1;B02
201300017125;0;33;0;0;2;8;9;A01
201300017126;0;10;0;13;0;3;0;A01
201300017127;0;7;0;0;2;1;13;A01
201300017127;0;2;0;0;2;1;13;B02
201300017128;0;7;0;0;2;8;15;A01
201300017128;0;15;0;0;2;3;1;B02
201300017129;0;33;0;8;0;1;1;A01
201300017130;0;21;0;0;2;3;15;A01
201300017130;0;31;0;0;2;1;1;B02
201300017131;0;7;0;0;2;1;1;A01
201300017131;0;7;0;0;2;8;1;B02
201300017132;0;7;0;13;0;1;15;A01
201300017133;0;10;0;0;2;1;13;A01
201300017133;0;17;0;0;2;1;1;B02
201300017134;0;7;0;13;0;0;1;A01
201300017134;0;7;0;13;0;0;1;B02
201300017135;0;7;0;6;0;7;14;A01
201300017136;0;33;0;11;0;1;1;A01
201300017137;0;7;0;0;2;2;20;A01
201300017137;0;31;0;0;2;1;1;B02
201300017138;0;7;0;0;2;2;1;A01
201300017138;0;21;0;0;0;0;15;B02
201300017139;0;7;0;0;2;3;13;A01
201300017139;0;14;0;0;2;3;1;B02
201300017139;0;7;0;0;9;1;1;C03
201300017140;0;30;0;0;2;6;9;A01
201300017140;0;7;0;0;2;2;9;B02
201300017141;0;7;0;0;2;1;1;B02
201300017141;0;30;0;0;2;3;15;A01
201300017142;0;7;0;0;2;1;13;A01
201300017142;0;15;0;0;2;1;1;B02
201300017143;0;10;0;6;0;1;1;A01
201300017144;0;7;0;0;2;1;1;A01
201300017144;0;7;0;0;2;3;1;B02
201300017145;0;7;0;13;0;2;1;A01
201300017146;0;30;0;0;2;1;1;A01
201300017146;0;10;0;0;2;3;1;B02
201300017147;0;7;0;0;2;3;1;A01
201300017147;0;7;0;0;2;3;13;B02
201300017148;0;7;0;0;1;1;1;A01
201300017149;0;7;0;0;2;3;9;A01
201300017149;0;7;0;0;2;1;1;B02
201300017150;0;33;0;0;2;1;17;B02
201300017150;0;7;0;0;2;8;10;A01
201300017151;0;7;0;6;0;1;1;A01
201300017152;0;7;0;0;9;7;1;A01
201300017152;0;1;0;0;2;8;1;B02
201300017153;0;7;0;0;2;7;21;B02
201300017153;0;7;0;0;2;8;1;C03
201300017153;0;7;0;0;2;2;5;A01
201300017154;0;7;0;0;0;9;1;A01
201300017155;0;10;0;0;2;1;1;A01
201300017155;0;10;0;0;2;8;19;B02
201300017156;0;1;0;0;2;3;13;A01
201300017156;0;7;0;0;2;3;1;B02
201300017157;0;7;0;0;2;1;1;B02
201300017157;0;7;0;0;2;1;13;A01
201300017158;0;7;0;0;2;6;1;B02
201300017158;0;7;0;0;2;3;5;A01
201300017159;0;33;0;13;0;8;14;A01
201300017160;0;7;0;0;2;3;0;B02
201300017160;0;7;0;0;2;3;13;A01
201300017161;0;33;0;0;0;1;1;A01
201300017162;0;7;0;0;0;1;1;B02
201300017162;0;7;0;0;0;1;0;A01
201300017163;0;7;0;13;0;1;1;A01
201300017164;0;33;0;2;0;1;0;A01
201300017165;0;1;0;0;0;4;0;A01
201300017166;0;33;0;7;0;1;1;A01
201300017167;0;7;0;13;0;7;1;A01
201300017168;0;2;0;0;2;5;17;A01
201300017168;0;7;0;0;2;1;15;B02
201300017169;0;7;0;0;0;1;9;A01
201300017169;0;33;0;0;2;7;21;B02
201300017170;0;7;0;12;0;1;1;A01
201300017171;0;7;0;0;1;2;1;A01
201300017172;0;7;0;0;1;1;1;A01
201300017173;0;7;0;0;2;3;13;A01
201300017173;0;7;0;0;2;3;1;B02
201300017174;0;1;0;0;2;1;1;B02
201300017174;0;7;0;0;2;1;19;A01
201300017175;0;10;0;13;0;1;1;A01
201300017176;0;33;0;0;2;7;17;A01
201300017176;0;10;0;0;2;8;1;B02
201300017177;0;7;0;0;2;1;13;A01
201300017177;0;7;0;0;2;1;1;B02
201300017178;0;7;0;0;0;1;19;A01
201300017179;0;7;0;13;0;1;1;A01
201300017180;0;33;0;13;0;1;1;A01
201300017181;0;33;0;0;2;1;1;A01
201300017181;0;33;0;0;2;4;1;B02
201300017182;0;7;0;2;2;1;13;A01
201300017182;0;7;0;0;2;1;1;B02
201300017183;0;2;0;0;2;1;1;A01
201300017183;0;7;0;0;2;3;15;B02
201300017184;0;33;0;8;0;1;13;A01
201300017185;0;33;0;1;0;7;1;A01
201300017186;0;31;0;0;2;1;13;A01
201300017186;0;10;0;0;2;3;1;B02
201300017187;0;7;0;2;6;1;21;A01
201300017188;0;7;0;8;0;8;1;A01
201300017189;0;7;0;2;0;1;13;A01
201300017190;0;13;0;0;2;3;15;A01
201300017190;0;10;0;0;2;2;17;B02
201300017191;0;7;0;3;0;8;1;A01
201300017192;0;7;0;0;2;2;1;A01
201300017192;0;7;0;0;2;3;19;B02
201300017193;0;7;0;13;0;1;13;A01
201300017194;0;33;0;0;2;1;1;B02
201300017194;0;7;0;0;2;6;19;A01
201300017195;0;7;0;13;0;1;1;A01
201300017196;0;2;0;0;2;8;13;A01
201300017196;0;7;0;0;2;3;1;B02
201300017197;0;7;0;8;0;8;14;A01
201300017198;0;7;0;13;0;1;1;A01
201300017199;0;2;0;13;0;1;1;A01
201300017200;0;7;0;10;0;1;13;A01
201300017201;0;7;0;2;0;1;14;A01
201300017202;0;10;0;1;0;2;1;A01
201300017202;0;13;0;0;2;6;23;B02
201300017203;0;7;0;0;2;1;21;A01
201300017203;0;1;0;0;2;1;13;B02
201300017204;0;7;0;0;0;5;1;A01
201300017204;0;2;0;0;2;1;19;B02
201300017205;0;7;0;0;2;3;1;A01
201300017205;0;17;0;0;2;3;1;B02
201300017206;0;7;0;13;0;8;1;A01
201300017207;0;7;0;0;2;3;13;A01
201300017207;0;7;0;0;2;8;1;B02
201300017208;0;7;0;0;1;2;1;A01
201300017209;0;7;0;13;0;6;1;A01
201300017210;0;7;0;0;0;1;1;A01
201300017211;0;10;0;0;2;3;21;B02
201300017211;0;14;0;0;2;3;13;A01
201300017212;0;33;0;13;0;2;1;A01
201300017213;0;1;0;0;5;0;1;A01
201300017214;0;17;0;0;2;3;21;B02
201300017214;0;7;0;0;2;3;13;A01
201300017215;0;7;0;0;2;8;1;A01
201300017215;0;10;0;0;2;3;13;B02
201300017216;0;7;0;1;0;2;13;A01
201300017217;0;10;0;0;0;0;1;A01
201300017217;0;7;0;0;9;1;1;B02
201300017218;0;7;0;0;1;3;1;A01
201300017219;0;7;0;0;1;2;16;A01
201300017220;0;7;0;0;2;1;13;A01
201300017220;0;7;0;0;2;1;1;B02
201300017221;0;1;0;0;2;1;1;B02
201300017221;0;7;0;0;2;8;15;A01
201300017222;0;10;0;0;0;0;14;A01
201300017223;0;7;0;13;0;9;1;A01
201300017224;0;30;0;0;2;1;1;B02
201300017224;0;7;0;0;2;2;13;A01
201300017225;0;30;0;0;0;1;1;A01
201300017226;0;3;0;0;2;3;19;A01
201300017226;0;10;0;0;2;1;1;B02
201300017227;0;30;0;0;2;1;1;A01
201300017227;0;7;0;0;2;2;1;B02
201300017228;0;33;0;16;0;1;0;A01
201300017229;0;7;0;8;0;3;1;A01
201300017230;0;2;0;0;0;0;1;A01
201300017231;0;7;0;0;1;2;1;A01
201300017232;0;7;0;0;1;2;1;A01
201300017233;0;7;0;0;0;2;1;B02
201300017233;0;1;0;0;2;1;19;A01
201300017234;0;7;0;0;2;2;19;A01
201300017234;0;10;0;0;2;6;1;B02
201300017235;0;10;0;0;2;2;15;A01
201300017235;0;2;0;0;2;1;0;B02
201300017236;0;1;0;0;2;4;1;B02
201300017236;0;7;0;0;2;2;1;A01
201300017237;0;7;0;0;2;1;21;C03
201300017237;0;10;0;0;2;1;1;B02
201300017237;0;7;0;0;2;1;13;A01
201300017238;0;7;0;0;2;1;14;A01
201300017238;0;7;0;0;2;3;1;B02
201300017239;0;36;0;2;0;0;13;A01
201300017240;0;7;0;7;0;1;0;A01
201300017241;0;7;0;0;1;1;1;A01
201300017242;0;7;0;13;0;9;0;A01
201300017243;0;36;0;16;0;9;21;A01
201300017244;0;7;0;2;0;7;2;A01
201300017245;0;7;0;0;0;9;1;A01
201300017246;0;7;0;3;0;1;17;A01
201300017247;0;7;0;0;1;2;1;A01
201300017248;0;33;0;15;0;1;1;A01
201300017249;0;7;0;2;0;3;1;A01
201300017250;0;7;0;0;2;7;1;B02
201300017250;0;10;0;0;2;1;1;A01
201300017251;0;7;0;13;0;9;1;A01
201300017252;0;7;0;0;2;1;13;A01
201300017252;0;7;0;0;2;8;14;B02
201300017252;0;15;0;0;2;1;21;C03
201300017253;0;33;0;0;2;1;17;B01
201300017253;0;7;0;0;2;1;15;A02
201300017254;0;2;0;0;9;1;1;A01
201300017255;0;10;0;0;2;3;15;A01
201300017255;0;33;0;1;2;8;1;B01
201300017256;0;7;0;0;2;1;1;B02
201300017256;0;7;0;0;2;3;15;A01
201300017257;0;10;0;0;2;2;15;A01
201300017257;0;7;0;0;2;3;1;B02
201300017258;0;10;0;3;2;3;13;A01
201300017258;0;15;0;0;2;3;1;B01
201300017258;0;15;0;0;2;1;2;C01
201300017258;0;7;0;0;0;0;21;D01
201300017259;0;7;0;0;1;5;4;A01
201300017260;0;7;0;0;2;1;15;A01
201300017260;0;7;0;0;2;1;1;B01
201300017261;0;7;0;0;2;3;1;B02
201300017261;0;2;0;0;2;1;13;A01
201300017262;0;33;0;0;2;1;1;B01
201300017262;0;7;0;0;2;2;19;A02
201300017263;0;7;0;1;1;2;20;A01
201300017264;0;7;0;13;0;2;1;A01
201300017265;0;10;0;13;0;3;1;A01
201300017266;0;7;0;2;0;1;1;A01
201300017267;0;7;0;0;2;1;1;B01
201300017267;0;14;0;0;2;8;15;A01
201300017268;0;33;0;0;2;1;1;B01
201300017268;0;7;0;0;2;2;19;A01
201300017269;0;7;0;16;0;9;1;A01
201300017270;0;7;0;13;0;9;1;A01
201300017271;0;33;0;0;0;8;17;A01
201300017271;0;7;0;0;2;8;1;B02
201300017271;0;33;0;0;2;8;1;C03
201300017272;0;10;0;0;2;3;1;A01
201300017272;0;7;0;3;2;7;1;B02
201300017273;0;7;0;0;2;8;19;A01
201300017273;0;7;0;0;2;1;1;B02
201300017274;0;7;0;8;0;8;13;A01
201300017275;0;1;0;0;2;8;13;B02
201300017275;0;7;0;0;2;2;17;A01
201300017276;0;7;0;8;0;1;1;A01
201300017277;0;7;0;0;2;1;13;A01
201300017277;0;7;0;0;2;1;1;B02
201300017278;0;34;0;0;0;8;1;A01
201300017279;0;7;0;0;0;9;1;A01
201300017280;0;7;0;0;2;7;15;A01
201300017280;0;10;0;0;2;1;1;B02
201300017281;0;7;0;0;2;1;15;A01
201300017281;0;7;0;0;0;1;1;B02
201300017282;0;33;0;0;0;8;1;A01
201300017283;0;7;0;16;0;3;1;A01
201300017284;0;7;0;6;0;2;1;A01
201300017285;0;7;0;13;2;0;1;A01
201300017286;0;7;0;8;0;8;1;A01
201300017287;0;7;0;0;1;4;20;A01
201300017288;0;33;0;1;0;1;1;A01
201300017289;0;10;0;0;2;8;1;B02
201300017289;0;33;0;0;2;1;13;A01
201300017290;0;14;0;0;0;9;1;A01
201300017291;0;7;0;2;0;3;0;A01
201300017292;0;7;0;0;2;1;17;A01
201300017292;0;7;0;0;2;1;1;B02
201300017293;0;7;0;0;2;3;1;B02
201300017293;0;33;0;0;2;3;17;A01
201300017294;0;30;0;16;0;0;1;A01
201300017295;0;7;0;0;2;3;1;B02
201300017295;0;7;0;0;2;3;1;A01
201300017296;0;7;0;0;2;5;9;A01
201300017296;0;30;0;0;2;3;1;B02
201300017297;0;7;0;12;0;1;1;A01
201300017298;0;7;0;0;1;1;1;A01
201300017299;0;1;0;0;1;2;5;A01
201300017300;0;33;0;16;0;7;1;A01
201300017301;0;7;0;8;0;9;1;A01
201300017302;0;7;0;2;0;1;1;A01
201300017303;0;7;0;0;2;1;13;A01
201300017303;0;13;0;0;2;1;1;B02
201300017304;0;7;0;0;1;7;1;A01
201300017305;1;7;0;0;1;2;14;A01
201300017306;0;1;0;0;2;2;1;A01
201300017306;0;7;0;0;2;1;1;B02
201300017307;0;7;0;0;0;2;1;B02
201300017307;0;7;0;0;0;7;15;A01
201300017308;0;7;0;13;0;2;14;A01
201300017309;0;14;0;0;2;2;19;A01
201300017309;0;7;0;0;2;8;1;B02
201300017310;0;7;0;13;0;1;1;A01
201300017311;0;10;0;13;0;1;21;A01
201300017312;0;10;0;2;0;1;1;A01
201300017313;0;7;0;0;2;3;1;B02
201300017313;0;7;0;0;2;3;1;A01
201300017314;0;10;0;0;2;3;21;B02
201300017314;0;7;0;0;2;3;13;A01
201300017315;0;7;0;2;0;3;14;A01
201300017316;0;7;0;13;0;3;13;A01
201300017317;0;7;0;0;2;2;13;A01
201300017317;0;7;0;0;2;2;1;B02
201300017318;0;14;0;0;2;2;1;B02
201300017318;0;7;0;0;2;3;15;A01
201300017319;0;14;0;0;2;3;15;B02
201300017319;0;7;0;0;2;1;1;A01
201300017320;0;33;0;0;2;1;1;A01
201300017320;0;7;0;0;2;8;15;B02
201300017321;0;7;0;0;0;6;10;A01
201300017321;0;10;0;0;2;3;1;B02
201300017322;0;10;0;0;2;2;15;B02
201300017322;0;15;0;0;2;1;1;A01
201300017323;0;7;0;2;0;3;13;A01
201300017324;0;7;0;0;2;6;1;B02
201300017324;0;7;0;0;2;1;21;A01
201300017324;0;7;0;0;2;3;1;C03
201300017325;0;7;0;13;0;3;1;A01
201300017326;0;7;0;0;2;3;1;B02
201300017326;0;7;0;0;2;3;13;A01
201300017327;0;7;0;0;0;4;23;A01
201300017327;0;7;0;1;0;1;1;B02
201300017328;0;10;0;6;0;9;1;A01
201300017329;0;21;0;0;4;8;1;A01
201300017330;0;7;0;0;1;2;1;A01
201300017331;0;7;0;0;1;8;24;A01
201300017332;0;7;0;0;2;1;1;B02
201300017332;0;7;0;0;2;7;1;A01
201300017333;0;1;0;1;0;1;1;B02
201300017333;0;7;0;0;0;6;24;A01
201300017334;0;7;0;0;9;2;17;A01
201300017334;0;1;0;0;2;8;15;B02
201300017335;0;7;0;13;0;9;17;A01
201300017336;0;7;0;10;0;2;1;A01
201300017337;0;33;0;7;0;1;1;A01
201300017338;0;33;0;0;0;7;1;A01
201300017339;0;32;0;0;6;1;1;A01
201300017340;0;7;0;16;0;2;14;A01
201300017341;0;7;0;0;2;1;15;A01
201300017341;0;10;0;0;2;3;1;B02
201300017342;0;7;0;0;1;1;1;A01
201300017343;0;7;0;15;2;3;1;B02
201300017343;0;7;0;15;2;3;13;A01
201300017344;0;7;0;;1;1;1;A01
201300017345;0;30;0;12;0;2;21;A01
201300017346;0;37;1;0;0;6;17;A01
201300017346;0;2;0;0;0;1;13;B02
201300017347;0;30;0;0;2;1;17;B02
201300017347;0;7;0;0;2;6;15;A01
201300017348;0;1;0;0;0;4;1;B02
201300017348;1;7;0;0;2;1;2;A01
201300017349;0;7;0;0;0;9;1;A01
201300017350;0;33;0;0;2;1;1;B02
201300017350;0;7;0;0;2;2;1;A01
201300017351;0;2;0;0;2;1;1;B02
201300017351;0;7;0;0;2;8;19;A01
201300017352;0;7;0;0;2;7;13;A01
201300017352;0;7;0;0;2;1;1;B02
201300017353;0;7;0;6;0;1;1;A01
201300017354;0;7;0;16;0;1;1;A01
201300017355;0;7;0;0;1;1;1;A01
201300017356;0;7;0;2;0;1;14;A01