num_acc;senc;catv;occutc;obs;obsm;choc;manv;num_veh
201300017357;0;7;0;0;2;3;15;A01
201300017357;0;10;0;0;2;1;1;B02
201300017358;0;7;0;0;1;1;1;A01
201300017359;0;7;0;0;2;4;1;A01
201300017359;0;33;0;0;2;1;1;B02
201300017360;0;7;0;1;0;1;2;A01
201300017360;0;7;0;1;0;9;23;B02
201300017360;0;7;0;0;2;4;23;C02
201300017361;0;7;0;0;2;1;1;A01
201300017361;0;1;0;0;2;3;9;B02
201300017362;0;33;0;0;0;0;1;A01
201300017363;0;7;0;2;0;1;13;A01
201300017364;0;33;0;16;0;8;1;A01
201300017365;0;7;0;0;2;7;1;A01
201300017365;0;7;0;0;2;1;1;B02
201300017366;0;7;0;0;2;1;13;A01
201300017366;0;7;0;0;2;1;1;B02
201300017367;0;1;0;0;9;3;19;B02
201300017367;0;1;0;0;9;1;0;A01
201300017368;0;1;0;0;0;0;1;A01
201300017369;0;33;0;0;2;2;17;A01
201300017369;0;7;0;0;2;1;1;B02
201300017370;0;7;0;0;1;3;1;A01
201300017371;0;7;0;9;0;8;1;A01
201300017372;0;7;0;0;2;8;1;B01
201300017372;0;13;0;0;0;1;15;A01
201300017373;0;7;0;6;0;3;1;A01
201300017374;0;7;0;0;2;3;19;B02
201300017374;0;2;0;0;2;1;1;A02
201300017375;0;7;0;0;2;5;19;A01
201300017375;0;10;0;0;2;2;1;B02
201300017376;0;7;0;8;0;2;14;A01
201300017377;0;7;0;0;2;1;1;A01
201300017377;0;7;0;0;2;9;23;B02
201300017377;0;7;0;0;0;4;23;C03
201300017378;0;7;0;6;0;2;1;A01
201300017379;0;33;0;0;1;1;17;A01
201300017380;0;7;0;0;2;0;13;A01
201300017380;0;1;0;0;2;0;1;B02
201300017381;0;30;0;16;0;5;1;A01
201300017382;0;7;0;0;2;1;1;A01
201300017382;0;7;0;0;2;1;3;B02
201300017383;0;33;0;0;2;1;13;A01
201300017383;0;10;0;0;2;3;1;B02
201300017384;0;7;0;2;0;8;1;A01
201300017385;0;17;0;0;2;3;1;B02
201300017385;0;10;0;0;2;3;1;A01
201300017385;0;7;0;0;2;3;1;C03
201300017386;0;7;0;0;1;1;1;A01
201300017387;0;33;0;16;0;0;1;A01
201300017388;0;7;0;0;1;3;1;A01
201300017389;0;21;0;0;2;4;2;B02
201300017389;0;7;0;0;2;1;2;A01
201300017390;0;2;0;0;2;1;5;A01
201300017390;0;7;0;0;2;2;1;B02
201300017391;0;7;0;15;0;2;1;A01
201300017392;0;7;0;0;1;8;1;A01
201300017393;0;33;0;0;0;7;0;A01
201300017394;0;7;0;13;0;1;1;A01
201300017395;0;14;0;0;2;1;1;B02
201300017395;0;7;0;0;2;7;13;A01
201300017396;0;33;0;3;0;7;1;A01
201300017397;0;36;0;13;0;1;1;A01
201300017398;0;7;0;0;2;1;1;A01
201300017398;0;20;0;0;2;8;1;B02
201300017399;0;7;0;0;1;1;1;A01
201300017400;0;31;0;15;0;0;1;A01
201300017400;0;7;0;0;0;0;15;B02
201300017401;0;7;0;0;2;1;1;A01
201300017401;0;7;0;0;2;7;19;B02
201300017402;0;7;0;0;2;3;1;A01
201300017402;0;7;0;0;2;3;1;B02
201300017403;0;33;0;0;2;1;18;A01
201300017403;0;7;0;0;2;7;16;B02
201300017404;0;7;0;0;0;7;1;B02
201300017404;0;1;0;0;2;1;19;A01
201300017405;0;7;0;0;2;4;1;B02
201300017405;0;36;0;0;2;1;1;A01
201300017406;0;7;0;0;2;3;1;B02
201300017406;0;7;0;0;2;3;17;A01
201300017407;0;7;0;0;1;8;1;A01
201300017408;0;7;0;0;2;3;13;A01
201300017408;0;7;0;16;0;1;21;C03
201300017408;0;7;0;0;2;9;1;B02
201300017409;0;7;0;0;1;2;1;A01
201300017410;0;7;0;0;2;8;1;B02
201300017410;0;7;0;0;2;2;1;A01
201300017411;0;1;0;0;2;1;13;A01
201300017411;0;7;0;0;2;1;1;B02
201300017412;0;33;0;0;2;1;1;B02
201300017412;0;7;0;0;2;7;15;A01
201300017413;0;33;0;13;0;2;1;A01
201300017414;0;7;0;2;0;2;1;A01
201300017415;0;7;0;13;0;2;1;A01
201300017416;0;33;0;0;2;1;1;B02
201300017416;0;7;0;0;2;5;1;A01
201300017417;0;7;0;8;0;1;13;A01
201300017418;0;7;0;0;2;1;1;B02
201300017418;0;7;0;0;2;7;1;A01
201300017419;0;10;0;0;2;1;13;A01
201300017419;0;7;0;0;2;1;1;B02
201300017420;0;33;0;0;6;1;1;A01
201300017421;0;33;0;2;0;1;1;A01
201300017422;0;7;0;0;2;8;17;A01
201300017422;0;14;0;0;2;3;1;B02
201300017422;0;10;0;0;2;1;1;C03
201300017423;0;17;0;0;2;1;2;A01
201300017423;0;17;0;0;0;4;23;B02
201300017424;0;7;0;0;1;2;1;A01
201300017425;0;7;0;1;0;2;14;A01
201300017426;0;30;0;6;1;1;1;A01
201300017427;0;7;0;0;2;1;17;A01
201300017427;0;7;0;0;2;3;21;B02
201300017428;0;7;0;0;2;1;1;B02
201300017428;0;7;0;0;2;7;17;A01
201300017429;0;33;0;0;6;1;1;A01
201300017430;0;7;0;13;0;1;1;B02
201300017430;0;7;0;8;0;7;1;A01
201300017431;0;15;0;0;2;3;13;A01
201300017431;0;15;0;0;2;3;21;B02
201300017432;0;7;0;0;2;3;13;A01
201300017432;0;7;0;0;2;3;1;B02
201300017433;0;2;0;0;2;1;1;B02
201300017433;0;7;0;0;2;5;4;A01
201300017434;0;7;0;4;0;3;1;A01
201300017435;0;7;0;0;2;1;13;A01
201300017435;0;7;0;0;2;1;1;B02
201300017436;0;7;0;0;2;2;15;B02
201300017436;0;7;0;0;2;1;1;A01
201300017437;0;7;0;0;0;3;13;A01
201300017437;0;7;0;0;0;7;23;B02
201300017438;0;7;0;0;2;1;13;A01
201300017438;0;7;0;0;2;1;1;B02
201300017439;0;7;0;0;2;1;1;B02
201300017439;0;7;0;0;2;1;13;A01
201300017440;0;7;0;0;2;1;1;A01
201300017440;0;7;0;0;2;7;1;B02
201300017441;0;7;0;2;0;4;1;A01
201300017442;0;7;0;8;0;0;1;A01
201300017443;0;33;0;3;0;0;1;A01
201300017444;0;7;0;0;1;2;19;A01
201300017445;0;7;0;2;0;7;14;A01
201300017446;0;33;0;13;0;1;17;A01
201300017447;0;33;0;12;0;1;1;A01
201300017448;0;7;0;13;0;1;1;A01
201300017449;0;10;0;13;0;3;13;A01
201300017450;0;1;0;0;2;1;1;B02
201300017450;0;7;0;0;2;8;0;A01
201300017451;0;7;0;2;0;3;1;A01
201300017452;0;33;0;16;0;8;21;C03
201300017452;0;33;0;0;2;1;1;B02
201300017452;0;30;0;0;2;8;19;A01
201300017453;0;7;0;0;9;2;2;A01
201300017453;0;1;0;0;2;4;1;B02
201300017454;0;7;0;15;0;2;15;A01
201300017455;0;14;0;0;2;2;21;B02
201300017455;0;7;0;0;2;3;5;A01
201300017456;0;33;0;9;0;1;1;A01
201300017457;0;36;0;2;0;2;0;A01
201300017458;0;7;0;6;0;1;1;A01
201300017459;0;7;0;0;1;2;21;A01
201300017460;0;7;0;0;1;3;1;A01
201300017461;0;7;0;2;0;1;1;A01
201300017462;0;7;0;0;2;1;13;A01
201300017462;0;15;0;0;2;1;1;B02
201300017463;0;30;0;0;0;2;13;A01
201300017464;0;14;0;0;2;3;21;B02
201300017464;0;7;0;0;2;7;13;A01
201300017465;0;10;0;0;2;1;21;B02
201300017465;0;7;0;0;2;1;17;A01
201300017466;0;7;0;0;2;7;6;B02
201300017466;0;7;0;0;2;1;1;A01
201300017467;0;7;0;8;0;7;14;A01
201300017468;0;2;0;0;1;1;1;A01
201300017469;0;7;0;0;2;1;1;B02
201300017469;0;7;0;0;2;8;1;D04
201300017469;0;7;0;0;2;8;1;C03
201300017469;0;7;0;0;2;1;13;A01
201300017470;0;7;0;6;0;1;14;A01
201300017471;0;7;0;0;1;1;1;A01
201300017472;0;7;0;0;0;1;1;B02
201300017472;0;7;0;0;0;3;1;A01
201300017473;0;7;0;0;2;1;1;B02
201300017473;0;7;0;0;2;1;13;A01
201300017474;0;7;0;4;0;1;1;A01
201300017475;0;7;0;0;2;3;1;B02
201300017475;0;7;0;0;2;3;13;A01
201300017476;0;7;0;0;0;9;14;A01
201300017477;0;7;0;13;0;9;1;A01
201300017478;0;10;0;0;2;3;9;A01
201300017478;0;7;0;0;2;3;1;B02
201300017479;0;7;0;0;1;1;1;A01
201300017480;0;7;0;0;1;1;1;A01
201300017481;0;33;0;0;0;0;1;A01
201300017482;0;36;0;12;0;1;15;A01
201300017483;0;2;0;0;2;9;1;B02
201300017483;0;7;0;0;2;8;1;A01
201300017484;0;7;0;0;2;7;1;B02
201300017484;0;10;0;0;2;3;1;A01
201300017485;0;17;0;0;0;8;1;A01
201300017486;0;30;0;0;2;1;13;A01
201300017486;0;7;0;0;2;1;1;B02
201300017487;0;7;0;0;1;1;15;A01
201300017488;0;7;0;2;0;1;15;A01
201300017489;0;7;0;0;2;1;1;A01
201300017489;0;7;0;0;0;4;15;B02
201300017490;0;30;0;0;0;3;21;A01
201300017491;0;33;0;15;0;1;21;B02
201300017491;0;7;0;0;0;0;19;A01
201300017492;0;33;0;0;0;1;1;A01
201300017493;0;2;0;2;0;7;1;A01
201300017494;0;7;0;0;2;2;17;A01
201300017494;0;1;0;0;2;6;1;B02
201300017495;0;7;0;0;1;1;15;A01
201300017496;0;10;0;0;2;2;1;A01
201300017496;0;7;0;0;2;7;1;B02
201300017497;0;7;0;4;0;8;0;A01
201300017498;0;2;0;8;0;7;1;A01
201300017499;0;33;0;0;0;1;1;A01
201300017500;0;7;0;13;0;9;5;A01
201300017501;0;33;0;0;2;1;1;B02
201300017501;0;17;0;0;2;2;10;A01
201300017502;0;7;0;13;0;1;1;A01
201300017503;0;7;0;0;2;1;1;B02
201300017503;0;7;0;0;2;3;9;A01
201300017504;0;7;0;0;2;1;1;A01
201300017504;0;7;0;0;2;2;15;B02
201300017505;0;32;0;0;2;1;1;B02
201300017505;0;7;0;0;2;2;15;A01
201300017506;0;10;0;6;0;3;1;A01
201300017507;0;30;0;6;0;1;1;A01
201300017508;0;31;0;0;2;1;1;A01
201300017508;0;7;0;0;0;5;4;B02
201300017509;0;7;0;0;2;3;13;A01
201300017509;0;7;0;0;2;3;1;B02
201300017510;0;33;0;0;2;2;13;A01
201300017510;0;7;0;0;2;2;1;B02
201300017511;0;7;0;0;2;1;5;A01
201300017511;0;7;0;0;2;3;1;B02
201300017511;0;7;0;0;2;3;1;C03
201300017512;0;7;0;6;0;1;1;A01
201300017513;0;30;0;0;0;0;0;A01
201300017514;0;7;0;3;2;2;1;A01
201300017514;0;7;0;0;2;3;1;B02
201300017515;0;7;0;2;0;1;1;A01
201300017516;0;7;0;0;2;5;13;A01
201300017516;0;10;0;0;2;2;1;B02
201300017517;0;7;0;0;2;3;0;B02
201300017517;0;33;0;0;2;3;17;A01
201300017518;0;33;0;16;0;1;1;A01
201300017519;0;1;0;0;2;4;2;B02
201300017519;1;99;0;0;2;0;0;A01
201300017520;0;7;0;2;0;1;13;A01
201300017521;0;99;0;0;2;1;13;A01
201300017521;0;33;0;0;2;3;1;B02
201300017522;0;7;0;0;2;7;1;A01
201300017522;0;38;10;0;2;1;1;B02
201300017523;0;7;0;2;0;1;0;A01
201300017524;0;7;0;0;2;1;1;A01
201300017524;0;7;0;0;2;1;1;B02
201300017525;1;7;0;0;1;3;1;A01
201300017526;0;7;0;0;1;3;1;A01
201300017527;0;7;0;0;1;2;2;A01
201300017528;0;7;0;0;1;1;1;A01
201300017529;0;7;0;0;2;3;13;A01
201300017529;0;10;0;0;2;3;1;B02
201300017530;0;10;0;13;0;2;1;A01
201300017531;0;30;0;0;0;1;14;A01
201300017532;0;7;0;0;1;4;4;A01
201300017533;0;21;0;0;2;3;1;B01
201300017533;0;33;0;0;2;1;17;A01
201300017534;0;7;0;13;0;3;13;A01
201300017535;0;31;0;15;0;1;1;A01
201300017536;0;21;0;0;2;8;15;B01
201300017536;0;7;0;0;2;1;17;A01
201300017537;0;7;0;0;2;3;19;A01
201300017537;0;2;0;0;2;1;1;B01
201300017538;0;7;0;6;0;1;1;A01
201300017539;0;7;0;0;2;1;1;B01
201300017539;0;7;0;0;2;8;15;A01
201300017540;0;7;0;0;2;1;5;A01
201300017540;0;10;0;0;2;1;1;B01
201300017541;0;14;0;0;1;6;1;A01
201300017542;0;30;0;2;0;1;14;A01
201300017543;0;7;0;0;1;1;1;A01
201300017544;0;33;0;0;0;7;10;A01
201300017545;0;10;0;0;2;7;19;A01
201300017545;0;34;0;0;2;1;1;B01
201300017546;0;33;0;13;0;7;14;A01
201300017547;0;10;0;0;2;1;2;A01
201300017547;0;2;0;0;2;7;2;B01
201300017548;0;7;0;0;2;3;1;B01
201300017548;0;7;0;0;2;7;15;A01
201300017549;0;7;0;0;2;1;1;A01
201300017549;0;7;0;0;2;1;15;B01
201300017550;0;7;0;0;2;3;1;B01
201300017550;0;7;0;0;2;2;19;A01
201300017551;0;7;0;0;9;2;19;A01
201300017551;0;1;0;0;2;1;1;B01
201300017552;0;7;0;0;2;3;15;A01
201300017552;0;30;0;0;2;1;1;B01
201300017553;0;7;0;0;2;2;15;B01
201300017553;0;7;0;0;2;7;1;A01
201300017554;0;7;0;13;0;1;14;A01
201300017555;0;7;0;0;2;1;2;A01
201300017555;0;33;0;0;0;4;2;B01
201300017556;0;7;0;0;1;8;1;A01
201300017557;0;7;0;0;2;2;1;B01
201300017557;0;7;0;0;2;2;11;A01
201300017558;0;7;0;0;2;1;5;A01
201300017558;0;7;0;0;2;1;1;B02
201300017559;0;7;0;8;0;3;17;A01
201300017560;0;7;0;0;0;6;23;A01
201300017560;0;38;45;0;2;2;1;B02
201300017561;0;7;0;0;2;7;15;A01
201300017561;0;2;0;0;2;1;1;B02
201300017562;0;7;0;8;0;2;1;A01
201300017563;0;7;0;0;0;0;13;A01
201300017564;0;2;0;0;1;1;1;A01
201300017565;0;7;0;0;2;1;0;B02
201300017565;0;7;0;0;2;3;1;A01
201300017566;0;7;0;8;0;3;1;A01
201300017567;0;7;0;0;2;6;20;B02
201300017567;0;7;0;1;0;2;1;A01
201300017568;0;7;0;0;2;3;13;A01
201300017568;0;10;0;0;2;3;1;B02
201300017569;0;7;0;0;2;7;15;A01
201300017569;0;31;0;0;2;1;1;B02
201300017570;0;7;0;8;0;1;14;A01
201300017571;0;33;0;0;2;3;1;A01
201300017571;1;7;0;0;2;3;0;B02
201300017572;0;30;0;0;0;1;0;A01
201300017572;0;7;0;0;0;1;0;B02
201300017573;0;33;0;0;2;1;1;A01
201300017573;0;7;0;0;0;6;19;B02
201300017574;0;7;0;0;0;6;6;A01
201300017574;0;32;0;0;2;1;1;B02
201300017575;0;7;0;0;2;1;1;B01
201300017575;0;7;0;0;2;6;19;A01
201300017576;0;7;0;15;0;1;13;A01
201300017577;0;7;0;8;0;8;1;A01
201300017578;0;3;0;0;2;1;15;A01
201300017578;0;33;0;0;2;7;13;B01
201300017579;0;31;0;7;0;1;1;A01
201300017580;0;7;0;2;0;8;1;A01
201300017581;0;10;0;0;5;1;1;A01
201300017582;0;7;0;2;0;1;14;A01
201300017583;0;31;0;1;0;1;1;A01
201300017584;0;21;0;0;2;3;15;A01
201300017584;0;7;0;0;2;5;17;B02
201300017585;0;17;0;0;1;6;24;B02
201300017585;0;7;0;1;0;5;17;A01
201300017586;0;7;0;0;0;1;2;A01
201300017587;0;7;0;0;2;3;1;A01
201300017587;0;7;0;0;2;3;1;B02
201300017588;0;7;0;1;2;3;13;A01
201300017588;0;17;0;0;2;3;1;B02
201300017589;0;7;0;15;2;3;1;A01
201300017589;0;7;0;0;2;6;15;B01
201300017590;0;30;0;0;2;1;1;B02
201300017590;0;2;0;0;2;1;9;A01
201300017591;0;7;0;0;2;8;1;B02
201300017591;0;7;0;0;2;2;13;A01
201300017592;0;7;0;13;0;9;13;A01
201300017593;1;7;0;0;1;2;16;A01
201300017594;0;7;0;0;2;3;13;A01
201300017594;0;7;0;0;2;9;17;B02
201300017594;0;20;0;0;2;6;1;C03
201300017595;0;7;0;2;0;2;1;A01
201300017596;0;32;0;0;2;1;13;A01
201300017596;0;7;0;0;2;1;1;B02
201300017597;0;33;0;0;0;7;17;A01
201300017598;0;33;0;0;0;9;19;A01
201300017598;0;7;0;0;0;7;1;B02
201300017599;0;7;0;0;2;3;1;B02
201300017599;0;33;0;0;2;3;13;A01
201300017600;0;7;0;6;0;1;1;A01
201300017601;0;33;0;0;2;1;2;A01
201300017601;0;33;0;0;0;4;23;B02
201300017602;0;7;0;1;0;4;1;A01
201300017602;0;7;0;0;0;8;24;B02
201300017603;0;7;0;3;2;8;13;A01
201300017603;0;1;0;0;2;8;1;B02
201300017604;0;33;0;13;0;1;1;A01
201300017605;0;33;0;0;2;3;13;A01
201300017605;0;7;0;0;2;3;1;B02
201300017606;0;7;0;2;0;1;13;A01
201300017607;0;7;0;0;1;3;1;A01
201300017608;0;7;0;0;2;6;1;B02
201300017608;0;33;0;0;2;1;1;A01
201300017609;0;7;0;14;0;1;1;A01
201300017609;0;17;0;0;0;4;23;B02
201300017610;0;33;0;0;2;1;17;B02
201300017610;0;7;0;0;2;8;15;A01
201300017611;0;33;0;1;0;0;1;A01
201300017612;0;7;0;13;0;9;1;A01
201300017613;0;7;0;6;0;1;1;A01
201300017614;0;7;0;0;2;1;2;B02
201300017614;0;7;0;0;2;4;1;A01
201300017615;0;1;0;0;2;8;13;B02
201300017615;0;7;0;0;2;7;17;A01
201300017616;0;7;0;6;0;2;1;A01
201300017617;0;7;0;0;1;2;17;A01
201300017618;0;1;0;0;2;6;19;A01
201300017618;0;7;0;0;2;3;1;B02
201300017619;0;7;0;13;0;1;1;A01
201300017620;0;7;0;0;2;1;1;B02
201300017620;0;33;0;0;2;3;13;A01
201300017621;0;10;0;0;2;3;1;A01
201300017621;0;33;0;0;2;1;13;B02
201300017622;0;10;0;13;0;2;0;A01
201300017623;0;7;0;0;2;5;15;B02
201300017623;0;30;0;0;2;1;2;A01
201300017624;0;7;0;0;2;3;1;A01
201300017624;0;7;0;0;2;3;1;B02
201300017625;0;7;0;0;0;1;1;B02
201300017625;0;7;0;0;0;7;1;A01
201300017626;0;7;0;0;2;1;23;B02
201300017626;0;7;0;0;0;6;15;C03
201300017626;0;33;0;0;2;1;1;A01
201300017627;0;10;0;6;0;2;1;A01
201300017628;0;33;0;0;0;8;1;A01
201300017629;0;7;0;0;1;1;1;A01
201300017630;0;2;0;0;2;8;15;A01
201300017630;0;7;0;0;2;1;1;B02
201300017631;0;30;0;3;0;1;14;A01
201300017632;0;30;0;0;2;7;1;A01
201300017633;0;30;0;0;1;1;1;A01
201300017634;0;7;0;0;2;7;19;A01
201300017634;0;15;0;0;2;3;23;B02
201300017634;0;7;0;0;2;1;1;C03
201300017635;0;15;0;0;2;3;1;B02
201300017635;0;7;0;0;2;3;13;A01
201300017636;0;7;0;0;1;3;21;A01
201300017637;0;7;0;0;2;3;13;A01
201300017637;0;7;0;0;2;3;21;B02
201300017638;0;30;0;0;2;1;1;A01
201300017638;0;7;0;0;2;3;15;B02
201300017639;0;30;0;6;0;1;1;A01
201300017640;2;7;0;13;0;3;13;A01
201300017641;0;7;0;6;0;1;1;A01
201300017642;0;7;0;0;2;8;1;B02
201300017642;0;33;0;0;2;2;1;A01
201300017643;0;7;0;0;0;7;0;B02
201300017643;0;33;0;0;2;1;1;A01
201300017644;0;33;0;8;0;1;1;A01
201300017645;0;1;0;0;2;1;19;B02
201300017645;0;7;0;0;2;3;1;A01
201300017646;0;33;0;0;2;8;1;A01
201300017646;0;7;0;0;2;8;15;B02
201300017647;0;7;0;0;1;2;1;A01
201300017648;0;7;0;6;0;1;0;A01
201300017649;0;7;0;0;1;1;15;A01
201300017650;0;33;0;15;0;0;16;A01
201300017651;0;7;0;2;0;1;1;A01
201300017652;0;31;0;2;0;2;2;A01
201300017653;0;7;0;0;0;1;1;A01
201300017654;0;7;0;2;0;5;1;A01
201300017655;0;7;0;13;0;1;1;A01
201300017656;0;33;0;0;2;8;1;A01
201300017656;0;7;0;0;2;1;15;B02
201300017657;0;14;0;0;1;4;4;A01
201300017658;0;7;0;0;2;9;1;A01
201300017658;2;7;0;0;2;7;17;B01
201300017659;0;7;0;0;2;8;11;A01
201300017659;0;30;0;0;2;1;1;B01
201300017660;0;7;0;0;2;1;15;A01
201300017660;0;1;0;0;2;8;1;B02
201300017661;0;31;0;0;0;1;17;A01
201300017661;0;7;0;0;0;2;9;B02
201300017662;0;33;0;11;0;1;1;A01
201300017663;0;7;0;0;1;1;16;A01
201300017664;0;1;0;0;2;1;1;B01
201300017664;0;7;0;0;2;6;23;A01
201300017665;0;7;0;2;0;1;21;A01
201300017666;0;7;0;0;1;0;2;A01
201300017667;0;7;0;0;0;9;1;A01
201300017668;0;7;0;9;0;1;1;A01
201300017669;0;7;0;6;0;1;1;A01
201300017670;0;30;0;0;2;1;18;B01
201300017670;0;7;0;0;2;2;14;A01
201300017671;0;7;0;0;2;1;1;B01
201300017671;0;7;0;0;2;8;9;A01
201300017672;0;7;0;0;2;3;9;A01
201300017672;0;2;0;0;2;1;1;B01
201300017673;0;7;0;0;1;8;1;A01
201300017674;0;7;0;0;1;1;1;A01
201300017675;0;31;0;0;2;1;9;A01
201300017675;0;7;0;0;2;6;1;B01
201300017676;0;7;0;13;2;8;1;A01
201300017677;0;30;0;16;0;7;1;A01
201300017678;0;7;0;0;2;4;23;B01
201300017678;0;31;0;0;2;4;23;C01
201300017678;0;7;0;0;2;1;1;A01
201300017678;0;7;0;0;2;4;23;D01
201300017679;0;7;0;0;2;1;1;A01
201300017679;0;7;0;0;2;4;23;B01
201300017680;0;1;0;0;1;1;1;A01
201300017681;0;7;0;5;2;8;1;A01
201300017681;0;7;0;0;2;1;1;B01
201300017682;0;7;0;2;0;1;1;A01
201300017683;0;7;0;0;1;1;18;A01
201300017684;0;7;0;15;0;9;1;A01
201300017685;0;7;0;0;1;1;1;A01
201300017686;0;7;0;13;0;7;1;A01
201300017687;0;10;0;0;2;4;1;C01
201300017687;0;7;0;0;2;4;1;B01
201300017687;0;10;0;0;2;1;1;A01
201300017688;0;7;0;0;2;2;1;A01
201300017688;0;7;0;0;2;6;1;B01
201300017689;0;7;0;1;0;1;1;A01
201300017690;0;33;0;0;2;3;13;A01
201300017690;0;7;0;0;2;3;1;B02
201300017691;0;7;0;0;2;3;13;A01
201300017691;0;15;0;0;2;3;1;B02
201300017692;0;33;0;3;0;1;1;A01
201300017693;0;7;0;0;1;1;1;A01
201300017694;0;7;0;0;2;8;13;A01
201300017694;0;14;0;0;2;3;1;B02
201300017694;0;7;0;0;2;8;2;C03
201300017695;0;2;0;0;2;1;13;A01
201300017695;0;7;0;0;2;1;1;B02
201300017696;0;7;0;0;2;8;22;A01
201300017696;0;7;0;0;2;3;1;C03
201300017696;0;33;0;1;2;5;17;B02
201300017697;0;10;0;0;2;1;17;A01
201300017697;0;7;0;0;2;4;15;B02
201300017698;0;10;0;16;0;9;14;A01
201300017699;0;33;0;13;0;1;14;A01
201300017700;0;10;0;13;0;2;14;A01
201300017701;0;7;0;0;2;2;6;A01
201300017701;0;30;0;0;2;1;1;B02
201300017702;0;32;0;0;0;0;1;A01
201300017703;0;10;0;2;0;2;14;A01
201300017704;0;7;0;2;0;4;1;A01
201300017705;0;7;0;0;2;1;1;B02
201300017705;0;7;0;0;2;1;15;A01
201300017706;0;31;0;0;2;1;1;A01
201300017706;0;7;0;0;2;2;15;B02
201300017707;0;7;0;0;2;1;1;B02
201300017707;0;7;0;0;2;1;1;A01
201300017708;0;33;0;0;0;8;1;A01
201300017709;0;7;0;0;2;3;1;A01
201300017709;0;7;0;0;2;3;1;B02
201300017710;0;7;0;2;0;7;1;A01
201300017711;0;7;0;0;2;1;1;A01
201300017711;0;7;0;0;2;7;21;B02
201300017712;0;7;0;0;0;1;1;A01
201300017713;0;7;0;2;0;2;1;A01
201300017714;0;14;0;16;0;9;21;A01
201300017715;0;7;0;0;2;3;1;A01
201300017715;0;21;0;0;2;3;1;B02
201300017716;0;7;0;2;0;1;16;A01
201300017717;0;7;0;13;0;1;1;A01
201300017718;0;7;0;6;0;1;1;A01
201300017719;0;7;0;15;1;5;1;A01
201300017720;0;7;0;0;2;3;10;A01
201300017720;0;33;0;0;2;1;2;B02
201300017721;0;33;0;0;0;5;1;A01
201300017721;1;7;0;0;2;0;19;B02
201300017722;0;10;0;0;2;3;13;A01
201300017722;0;31;0;0;2;2;1;B02
201300017723;0;7;0;0;2;1;13;A01
201300017723;0;15;0;0;2;1;1;B02
201300017724;0;7;0;0;2;8;19;A01
201300017724;0;7;0;0;2;1;2;B02
201300017725;0;10;0;13;0;9;1;A01
201300017726;0;10;0;0;2;4;4;A01
201300017726;0;31;0;0;2;1;1;B02
201300017727;0;33;0;0;0;2;1;A01
201300017728;0;7;0;6;0;2;1;A01
201300017729;0;33;0;0;0;7;1;A01
201300017730;0;7;0;0;2;1;15;A01
201300017730;0;7;0;0;2;3;1;B02
201300017731;0;10;0;6;0;5;0;B02
201300017731;0;15;0;0;2;3;1;A01
201300017732;0;7;0;0;1;3;1;B02
201300017732;0;7;0;0;1;2;1;A01
201300017733;0;7;0;16;0;1;0;A01
201300017734;0;7;0;0;1;1;1;A01
201300017735;0;7;0;0;1;2;1;A01
201300017736;0;2;0;0;2;1;0;A01
201300017736;0;7;0;0;2;2;0;B02
201300017737;0;34;0;13;0;2;1;A01
201300017738;0;7;0;2;0;1;1;A01
201300017739;0;7;0;0;0;2;19;A01
201300017739;0;7;0;0;2;1;1;B02
201300017739;0;7;0;0;0;8;23;C03
201300017740;0;33;0;0;2;2;17;A01
201300017740;0;7;0;0;2;2;1;B02
201300017741;0;7;0;0;1;2;15;A01
201300017742;0;7;0;0;5;2;0;A01
201300017743;0;33;0;0;2;6;10;A01
201300017743;0;33;0;0;2;1;2;B02
201300017744;0;7;0;0;0;8;1;B02
201300017744;0;2;0;0;2;2;9;A01
201300017745;0;7;0;0;2;3;1;B02
201300017745;0;7;0;0;2;2;19;A01
201300017746;0;7;0;0;1;2;1;A01
201300017747;0;7;0;0;2;1;15;A01
201300017747;0;7;0;0;2;3;1;B02
201300017748;0;30;0;0;0;0;0;A01
201300017749;0;7;0;1;0;1;14;A01
201300017750;0;7;0;1;0;2;1;A01
201300017751;0;7;0;12;0;7;15;A01
201300017752;0;2;0;0;0;7;1;A01
201300017753;0;7;0;16;0;9;1;A01
201300017754;0;99;0;0;0;5;19;B02
201300017754;0;30;0;0;2;1;1;A01
201300017755;0;7;0;0;1;1;1;A01
201300017756;0;7;0;0;2;1;0;A01
201300017756;0;33;0;0;2;7;0;B02
201300017757;0;7;0;13;0;3;1;A01
201300017758;0;7;0;0;2;3;13;A01
201300017758;0;7;0;0;2;3;1;B02
201300017758;0;7;0;0;2;1;1;C03
201300017759;0;7;0;0;2;3;19;A01
201300017759;0;7;0;0;2;2;1;B01
201300017760;0;7;0;0;2;3;1;B02
201300017760;0;7;0;0;2;3;1;C03
201300017760;0;7;0;0;2;3;13;A01
201300017761;0;7;0;0;2;6;17;A01
201300017761;0;13;0;0;2;3;1;B02
201300017762;0;14;0;13;0;7;14;A01
201300017763;0;7;0;13;0;3;13;A01
201300017764;0;7;0;0;2;1;1;A01
201300017764;0;7;0;0;2;7;1;B02
201300017765;0;33;0;6;0;1;1;A01
201300017766;0;10;0;13;0;2;0;A01
201300017767;0;7;0;0;1;1;1;A01
201300017768;0;7;0;13;0;9;14;A01
201300017769;0;7;0;0;2;2;2;B01