num_acc;senc;catv;occutc;obs;obsm;choc;manv;num_veh
201300017769;0;7;0;0;2;2;13;A01
201300017770;0;7;0;0;0;8;1;A01
201300017771;0;7;0;0;0;7;14;A01
201300017771;0;7;0;0;0;1;1;B02
201300017772;0;31;0;8;0;0;0;A01
201300017773;0;7;0;8;0;8;14;A01
201300017774;0;15;0;0;1;8;1;A01
201300017775;0;7;0;0;2;3;1;A01
201300017775;0;15;0;0;0;0;0;C03
201300017775;0;14;0;0;2;5;1;B02
201300017776;0;7;0;0;2;1;17;A01
201300017776;0;7;0;0;2;1;1;B02
201300017777;0;10;0;0;2;1;13;A01
201300017777;0;10;0;0;2;3;1;B01
201300017778;0;33;0;0;2;7;1;B02
201300017778;0;7;0;0;2;1;15;A01
201300017779;0;7;0;2;0;1;13;A01
201300017780;0;7;0;2;0;2;1;A01
201300017781;0;7;0;0;1;3;5;A01
201300017782;0;7;0;0;2;3;1;B02
201300017782;0;7;0;0;2;1;13;A01
201300017783;0;7;0;0;2;1;1;B02
201300017783;0;7;0;0;1;4;1;A01
201300017784;0;7;0;0;2;8;17;A01
201300017784;0;33;0;0;2;7;17;B02
201300017785;0;7;0;2;0;9;13;A01
201300017786;0;7;0;0;1;1;15;A01
201300017787;0;7;0;0;2;1;1;A01
201300017787;0;7;0;0;2;1;1;B02
201300017787;0;7;0;0;2;1;1;C03
201300017788;0;7;0;3;0;2;14;A01
201300017789;0;7;0;10;0;3;1;A01
201300017790;0;33;0;0;2;1;13;A01
201300017790;0;7;0;0;2;3;1;B02
201300017791;0;33;0;8;0;1;1;A01
201300017792;0;7;0;0;2;2;21;A01
201300017792;0;7;0;0;2;3;10;B02
201300017793;0;7;0;13;0;1;1;A01
201300017794;0;2;0;0;2;1;10;A01
201300017794;0;2;0;0;2;1;2;B02
201300017795;0;15;0;0;2;6;1;B02
201300017795;0;7;0;0;2;3;13;A01
201300017796;0;7;0;0;2;4;2;B02
201300017796;0;33;0;0;2;1;2;A01
201300017797;0;7;0;0;2;1;11;A01
201300017797;0;7;0;0;2;1;21;B02
201300017798;0;1;0;0;2;5;1;B01
201300017798;0;13;0;0;2;1;9;A01
201300017799;0;33;0;13;0;8;13;A01
201300017800;0;2;0;0;2;1;1;A01
201300017800;0;7;0;0;0;8;1;B02
201300017801;0;1;0;0;2;8;1;B01
201300017801;0;7;0;0;2;1;15;A01
201300017802;0;33;0;0;2;2;17;A01
201300017802;0;7;0;0;2;3;15;B01
201300017803;0;7;0;13;0;1;14;A01
201300017804;0;7;0;0;2;3;16;B02
201300017804;0;7;0;0;2;3;15;A01
201300017805;0;30;0;0;2;1;0;B02
201300017805;0;7;0;0;9;2;0;A01
201300017806;0;10;0;0;2;1;1;B02
201300017806;0;7;0;0;2;3;19;A01
201300017807;0;7;0;0;2;1;1;B02
201300017807;0;7;0;0;2;7;15;A01
201300017808;0;7;0;0;1;3;1;A01
201300017809;0;7;0;16;0;1;14;A01
201300017810;0;7;0;0;2;2;1;A01
201300017810;0;14;0;0;2;8;9;B02
201300017811;0;7;0;0;2;3;19;B02
201300017811;0;15;0;0;2;2;1;A01
201300017812;0;10;0;0;1;4;20;A01
201300017813;0;7;0;15;0;1;1;A01
201300017814;0;7;0;13;0;1;1;A01
201300017815;0;33;0;6;0;3;1;A01
201300017816;0;7;0;0;1;4;4;A01
201300017817;0;33;0;16;0;1;1;A01
201300017818;0;7;0;1;0;9;1;A01
201300017819;0;14;0;0;2;2;1;B02
201300017819;0;10;0;0;2;1;13;A01
201300017820;0;7;0;0;2;1;13;A01
201300017820;0;15;0;0;2;1;1;B02
201300017821;0;33;0;3;0;8;17;A01
201300017822;0;7;0;0;2;3;2;A01
201300017822;0;17;0;0;0;5;2;B02
201300017823;0;7;0;0;0;1;0;C03
201300017823;0;7;0;0;0;3;0;B02
201300017823;0;7;0;0;0;3;0;A01
201300017824;0;7;0;0;0;3;1;A01
201300017824;0;7;0;0;0;8;1;B02
201300017825;0;7;0;0;2;1;1;B02
201300017825;0;7;0;0;2;7;13;A01
201300017826;0;7;0;1;0;1;2;A01
201300017826;0;15;0;0;2;4;24;B02
201300017827;0;7;0;0;1;2;1;A01
201300017828;0;7;0;2;0;1;14;A01
201300017829;0;34;0;0;1;1;1;A01
201300017830;0;7;0;0;1;2;15;A01
201300017831;0;7;0;8;0;2;1;A01
201300017832;0;10;0;13;0;1;5;A01
201300017833;0;7;0;0;2;2;1;A01
201300017833;0;7;0;0;2;3;15;B02
201300017834;0;7;0;0;2;1;1;B02
201300017834;0;7;0;0;2;1;1;A01
201300017835;0;7;0;0;2;2;1;A01
201300017835;0;10;0;0;2;5;19;B02
201300017836;0;33;0;14;0;9;1;A01
201300017837;0;7;0;15;0;1;1;A01
201300017838;0;7;0;13;0;9;13;A01
201300017839;0;7;0;0;2;7;1;A01
201300017839;0;1;0;0;2;1;19;B02
201300017840;0;7;0;0;2;8;15;A01
201300017840;0;33;0;0;2;1;1;B02
201300017841;0;7;0;0;2;1;15;A01
201300017841;0;7;0;0;2;1;1;B02
201300017842;0;33;0;16;0;7;16;A01
201300017843;0;7;0;0;2;2;13;A01
201300017843;0;7;0;0;2;3;1;B02
201300017844;0;7;0;2;0;1;1;A01
201300017845;0;7;0;2;0;1;1;A01
201300017846;0;14;0;0;1;1;1;A01
201300017847;0;1;0;0;0;0;0;A01
201300017848;0;7;0;0;0;9;1;A01
201300017849;0;7;0;0;2;7;17;A01
201300017849;0;10;0;0;2;8;1;B02
201300017850;0;2;0;1;0;1;1;B02
201300017850;0;7;0;0;0;6;23;A01
201300017851;0;7;0;0;2;2;15;A01
201300017851;0;33;0;0;2;1;1;B02
201300017852;0;7;0;2;0;1;13;A01
201300017853;0;7;0;16;0;1;13;A01
201300017854;0;2;0;9;0;1;14;A01
201300017855;0;33;0;0;2;1;1;B02
201300017855;0;10;0;0;2;2;19;A01
201300017856;0;7;0;0;2;3;1;A01
201300017856;0;33;0;0;2;1;1;B02
201300017857;0;31;0;6;0;1;14;A01
201300017858;0;7;0;0;0;0;23;A01
201300017858;0;7;0;0;2;3;17;B02
201300017858;0;33;0;12;2;5;1;C03
201300017859;0;7;0;0;2;3;1;B02
201300017859;0;7;0;0;2;2;15;A01
201300017860;0;17;0;6;2;3;13;A01
201300017861;0;2;0;0;2;1;2;A01
201300017861;0;7;0;0;2;6;20;B02
201300017862;0;7;0;1;0;9;14;A01
201300017863;0;7;0;0;2;3;1;B02
201300017863;0;7;0;0;2;3;13;A01
201300017864;0;7;0;0;2;7;15;A01
201300017864;0;7;0;0;2;1;16;B02
201300017865;0;7;0;0;2;1;1;B02
201300017865;0;7;0;0;2;7;1;A01
201300017866;0;7;0;13;0;1;14;A01
201300017867;0;7;0;0;2;8;1;B02
201300017867;0;33;0;0;2;1;19;A01
201300017868;0;1;0;0;0;1;1;A01
201300017869;0;7;0;0;1;3;1;A01
201300017870;0;33;0;0;2;8;1;A01
201300017870;0;7;0;0;2;1;23;B02
201300017871;0;15;0;0;2;4;1;A01
201300017871;0;15;0;0;0;4;1;B02
201300017871;0;15;0;0;2;1;1;C03
201300017872;0;33;0;16;0;2;13;A01
201300017873;0;30;0;0;0;7;1;A01
201300017874;0;33;0;3;0;1;13;A01
201300017875;0;7;0;2;0;3;13;A01
201300017876;0;7;0;0;0;9;14;A01
201300017877;0;7;0;2;0;9;14;A01
201300017878;0;17;0;6;0;1;13;A01
201300017879;0;31;0;16;0;3;13;A01
201300017880;0;15;0;0;2;3;17;A01
201300017880;0;33;0;0;2;8;10;B02
201300017881;0;7;0;13;0;3;1;A01
201300017882;0;10;0;13;0;9;13;A01
201300017883;0;7;0;0;2;1;1;B02
201300017883;0;10;0;0;2;1;19;A01
201300017884;0;7;0;0;2;2;1;B02
201300017884;0;31;0;0;2;1;13;A01
201300017885;0;7;0;11;0;3;1;A01
201300017886;0;10;0;0;2;2;15;A01
201300017886;0;2;0;0;2;1;1;B02
201300017887;0;99;0;0;0;6;24;B02
201300017887;0;7;0;1;0;2;1;A01
201300017888;0;7;0;0;2;2;1;A01
201300017888;0;33;0;0;2;1;0;B02
201300017889;0;7;0;0;2;1;1;B02
201300017889;0;7;0;0;2;1;13;A01
201300017890;0;33;0;0;0;0;1;A01
201300017891;0;33;0;0;2;1;1;A01
201300017891;0;7;0;0;2;1;1;B02
201300017892;0;14;0;0;2;1;1;B02
201300017892;0;7;0;0;2;2;13;A01
201300017893;0;7;0;0;2;3;1;B02
201300017893;0;7;0;0;2;3;13;A01
201300017894;0;7;0;0;9;7;1;B02
201300017894;0;1;0;0;2;8;19;A01
201300017895;0;7;0;0;2;4;23;A01
201300017895;0;33;0;0;2;1;1;B02
201300017896;0;7;0;0;2;7;17;A01
201300017896;0;7;0;0;2;8;11;C03
201300017896;0;7;0;0;2;3;1;B02
201300017897;0;7;0;2;0;8;0;A01
201300017898;0;7;0;6;0;8;16;A01
201300017899;0;10;0;0;1;1;1;A01
201300017900;0;7;0;0;2;2;19;A01
201300017900;0;33;0;0;2;1;1;B02
201300017901;0;7;0;4;0;1;0;A01
201300017902;0;1;0;14;0;0;1;A01
201300017903;0;7;0;0;2;2;11;A01
201300017903;0;2;0;0;2;1;1;B02
201300017904;0;7;0;0;2;2;9;A01
201300017904;0;33;0;0;2;1;1;B02
201300017905;0;7;0;1;1;2;1;A01
201300017906;0;7;0;0;2;2;15;B02
201300017906;0;31;0;0;2;1;1;A01
201300017907;0;3;0;0;0;3;13;A01
201300017907;0;7;0;0;0;3;1;B02
201300017908;0;7;0;0;1;1;15;A01
201300017909;0;7;0;13;0;3;13;A01
201300017910;1;7;0;0;1;7;1;A01
201300017911;0;33;0;3;0;9;17;A01
201300017912;0;30;0;0;2;1;1;B02
201300017912;0;7;0;0;0;8;19;A01
201300017913;0;33;0;0;2;1;1;B02
201300017913;0;7;0;0;2;5;15;A01
201300017914;0;30;0;0;0;1;1;A01
201300017914;0;7;0;0;0;4;16;B02
201300017915;0;2;0;0;0;6;1;B02
201300017915;0;7;0;0;2;2;1;A01
201300017916;0;7;0;15;0;2;1;A01
201300017917;0;33;0;0;2;8;17;A01
201300017917;0;7;0;0;2;3;1;B02
201300017918;0;7;0;0;2;1;1;A01
201300017918;0;7;0;0;2;4;1;B02
201300017919;0;7;0;13;0;2;1;A01
201300017920;0;7;0;0;2;3;13;A01
201300017920;0;7;0;0;2;3;1;B02
201300017921;0;7;0;0;2;2;15;A01
201300017921;0;7;0;0;2;3;1;B02
201300017922;0;7;0;0;2;4;23;C03
201300017922;0;7;0;14;0;1;1;A01
201300017922;0;7;0;0;2;6;23;B02
201300017923;0;7;0;2;0;7;0;A01
201300017924;0;7;0;0;2;6;10;A01
201300017924;0;33;0;0;2;1;1;B02
201300017925;0;33;0;0;2;1;1;A01
201300017925;0;7;0;0;2;6;1;B02
201300017926;0;2;0;0;2;6;15;A01
201300017926;0;2;0;0;2;2;13;B02
201300017927;0;33;0;0;0;7;0;A01
201300017928;0;7;0;0;2;3;1;A01
201300017928;0;7;0;0;2;1;15;B02
201300017929;0;7;0;0;2;1;13;A01
201300017929;0;7;0;0;2;1;1;B02
201300017930;0;7;0;0;0;3;0;B02
201300017930;0;7;0;0;0;1;0;A01
201300017931;0;7;0;0;2;1;1;B02
201300017931;0;7;0;0;2;6;15;A01
201300017932;0;7;0;0;2;3;13;A01
201300017932;0;15;0;0;2;3;1;B02
201300017933;0;7;0;2;0;3;1;A01
201300017934;0;32;0;0;2;1;1;B02
201300017934;0;7;0;0;2;3;15;A01
201300017935;0;10;0;0;2;9;19;B02
201300017935;0;7;0;0;2;2;1;A01
201300017936;0;7;0;0;1;3;15;A01
201300017937;0;10;0;1;0;2;1;A01
201300017938;0;7;0;0;2;1;15;A01
201300017938;0;33;0;0;2;1;1;B02
201300017939;0;7;0;0;2;3;1;B02
201300017939;0;7;0;0;2;7;19;A01
201300017940;0;7;0;0;1;3;1;A01
201300017940;0;7;0;0;1;3;1;B02
201300017941;0;7;0;0;2;8;1;B02
201300017941;0;2;0;0;2;1;19;A01
201300017942;0;7;0;0;2;3;1;A01
201300017942;0;7;0;0;2;1;15;B02
201300017943;0;7;0;5;2;2;17;A01
201300017943;0;7;0;0;2;2;1;B02
201300017944;0;7;0;2;0;2;14;A01
201300017945;0;7;0;2;0;1;1;A01
201300017946;0;7;0;0;0;7;1;A01
201300017946;0;7;0;0;0;1;19;B02
201300017947;0;7;0;0;2;3;1;A01
201300017947;0;2;0;0;2;1;1;B02
201300017948;0;10;0;0;2;2;17;B02
201300017948;0;1;0;0;2;1;13;A01
201300017949;0;7;0;0;1;1;1;A01
201300017950;0;7;0;0;2;4;23;A01
201300017950;0;37;10;1;0;1;1;B02
201300017951;0;7;0;0;0;3;13;A01
201300017951;0;7;0;0;0;3;1;B02
201300017952;0;33;0;0;0;3;5;A01
201300017952;0;7;0;0;0;3;1;B02
201300017953;0;7;0;0;2;3;15;A01
201300017953;0;7;0;0;2;1;1;B02
201300017954;0;7;0;0;2;3;15;A01
201300017954;0;31;0;0;2;1;1;B02
201300017955;0;7;0;0;0;6;2;A01
201300017955;0;7;0;0;2;1;5;C03
201300017955;0;7;0;0;2;1;1;B02
201300017956;0;7;0;13;0;1;14;A01
201300017957;0;33;0;0;2;7;17;A01
201300017957;0;31;0;0;2;6;15;B02
201300017958;0;7;0;0;2;3;13;A01
201300017958;0;7;0;0;2;1;1;B02
201300017959;0;14;0;0;2;2;16;A01
201300017959;0;30;0;0;2;3;18;B02
201300017960;0;7;0;3;0;8;1;A01
201300017961;0;10;0;2;0;0;0;A01
201300017962;0;7;0;0;2;2;15;A01
201300017962;0;2;0;0;2;1;1;B02
201300017963;0;10;0;2;0;1;1;A01
201300017964;0;7;0;0;1;2;1;A01
201300017965;0;7;0;0;1;2;1;A01
201300017966;0;7;0;0;2;3;1;A01
201300017966;0;33;0;0;2;9;15;B02
201300017967;0;7;0;0;2;3;1;A01
201300017967;0;7;0;0;2;3;1;B02
201300017968;0;33;0;0;0;1;1;A01
201300017969;0;31;0;0;2;1;17;A01
201300017969;0;7;0;0;2;3;1;B02
201300017970;0;14;0;0;2;2;1;B02
201300017970;0;33;0;0;2;1;1;A01
201300017971;2;7;0;6;0;1;1;A01
201300017972;0;7;0;0;1;5;4;A01
201300017973;0;7;0;0;2;3;19;A01
201300017973;0;33;0;0;2;1;1;B02
201300017974;0;7;0;0;2;1;15;A01
201300017974;0;31;0;0;2;1;1;B02
201300017975;0;7;0;3;0;2;1;A01
201300017976;0;33;0;8;0;1;1;A01
201300017977;0;7;0;0;2;1;0;B02
201300017977;0;10;0;0;2;1;0;A01
201300017978;0;14;0;0;2;1;1;B02
201300017978;0;7;0;0;2;1;1;A01
201300017979;0;33;0;3;0;1;1;A01
201300017980;0;7;0;3;0;1;16;A01
201300017981;0;30;0;0;2;4;1;B02
201300017981;0;7;0;0;2;1;1;A01
201300017982;0;10;0;0;2;3;1;B02
201300017982;0;10;0;0;2;3;1;A01
201300017983;0;7;0;8;0;1;1;A01
201300017984;0;10;0;0;0;3;15;A01
201300017984;0;30;0;0;0;7;17;B02
201300017985;0;10;0;0;1;2;1;A01
201300017986;0;7;0;15;0;1;1;A01
201300017987;0;33;0;0;2;1;1;A01
201300017987;0;7;0;0;0;8;9;B02
201300017988;0;7;0;0;2;3;0;A01
201300017988;0;7;0;0;2;3;13;B02
201300017989;0;1;0;0;2;3;1;B02
201300017989;0;7;0;0;9;3;13;A01
201300017990;0;33;0;0;2;1;5;A01
201300017990;0;7;0;0;2;8;15;B02
201300017991;0;7;0;13;0;2;1;A01
201300017992;0;7;0;0;2;1;1;B02
201300017992;0;33;0;0;2;1;13;A01
201300017993;0;7;0;0;2;1;1;B02
201300017993;0;33;0;0;2;1;1;A01
201300017994;0;7;0;0;2;5;15;A01
201300017994;0;1;0;0;2;1;1;B02
201300017995;0;10;0;0;2;4;15;A01
201300017995;0;15;0;0;2;1;1;B02
201300017996;0;33;0;0;6;1;1;A01
201300017997;0;33;0;0;0;1;2;A01
201300017998;0;7;0;12;0;3;13;A01
201300017999;0;7;0;0;2;1;1;B01
201300017999;0;7;0;0;2;8;19;A01
201300018000;0;7;0;13;0;1;1;A01
201300018001;0;7;0;13;0;9;15;A01
201300018002;0;7;0;14;0;2;1;A01
201300018003;0;14;0;0;2;3;1;A01
201300018003;0;2;0;0;2;1;1;B02
201300018004;0;7;0;0;2;2;2;B02
201300018004;0;7;0;0;0;4;23;A01
201300018005;0;7;0;0;2;2;17;B02
201300018005;0;30;0;0;0;3;15;A01
201300018006;1;99;0;0;2;0;0;Z01
201300018006;0;1;0;0;0;4;0;B02
201300018007;0;7;0;0;2;3;1;B02
201300018007;0;7;0;0;2;3;13;A01
201300018008;0;7;0;0;2;1;1;A01
201300018008;0;7;0;0;2;4;1;B02
201300018009;0;7;0;8;0;8;14;A01
201300018010;1;99;0;0;2;0;0;Z01
201300018010;0;2;0;0;2;8;9;B02
201300018011;0;30;0;0;0;0;14;A01
201300018012;0;7;0;0;2;8;1;B02
201300018012;0;31;0;0;2;3;17;A01
201300018012;0;7;0;0;2;3;1;C03
201300018013;0;7;0;0;1;3;11;A01
201300018014;0;7;0;0;0;3;0;C03
201300018014;0;7;0;0;0;1;0;A01
201300018014;0;7;0;0;0;1;0;B02
201300018015;0;7;0;0;2;3;16;A01
201300018015;0;33;0;0;2;1;1;B02
201300018016;0;7;0;0;1;3;21;A01
201300018017;0;30;0;0;2;1;1;B02
201300018017;0;10;0;0;9;2;1;A01
201300018018;0;7;0;13;0;3;1;A01
201300018019;0;7;0;0;1;5;4;A01
201300018020;0;30;0;14;0;1;1;A01
201300018021;0;33;0;0;2;8;1;A01
201300018021;0;7;0;0;2;7;15;B02
201300018022;0;7;0;13;0;1;1;A01
201300018023;0;15;0;0;1;2;1;A01
201300018024;0;10;0;0;2;1;1;B02
201300018024;0;7;0;0;2;2;1;A01
201300018025;0;7;0;0;1;2;1;A01
201300018026;0;14;0;0;2;2;16;A01
201300018026;0;14;0;0;2;8;1;B02
201300018027;0;33;0;0;2;1;17;B02
201300018027;0;7;0;0;2;1;15;A01
201300018028;0;7;0;0;1;1;1;A01
201300018029;0;7;0;0;2;1;1;B02
201300018029;0;14;0;0;2;7;1;A01
201300018030;0;7;0;0;0;1;15;A01
201300018030;0;33;0;0;0;1;1;B02
201300018031;0;33;0;0;2;1;1;B02
201300018031;0;10;0;0;2;6;19;A01
201300018032;0;15;0;0;2;3;1;B02
201300018032;0;7;0;0;2;3;13;A01
201300018033;0;7;0;2;0;1;1;A01
201300018034;0;10;0;2;0;2;1;A01
201300018035;0;7;0;0;2;2;15;A01
201300018035;0;2;0;0;2;3;1;B02
201300018036;0;2;0;13;0;1;1;A01
201300018037;0;7;0;13;0;2;16;A01
201300018038;0;33;0;0;2;1;1;B02
201300018038;0;7;0;0;2;8;19;A01
201300018039;0;7;0;8;0;2;1;A01
201300018040;0;10;0;0;2;1;1;C03
201300018040;0;7;0;0;2;3;1;B02
201300018040;0;7;0;0;2;1;13;A01
201300018041;0;7;0;13;0;1;0;A01
201300018042;0;7;0;0;9;1;1;A01
201300018043;0;1;0;0;0;0;1;A01
201300018044;0;7;0;0;2;8;19;A01
201300018044;0;30;0;0;2;0;1;B02
201300018045;0;30;0;0;2;1;2;A01
201300018045;0;10;0;0;0;4;23;B02
201300018046;0;7;0;0;2;3;15;A01
201300018046;0;7;0;0;2;3;1;B02
201300018047;0;1;0;0;0;6;13;B02
201300018047;0;7;0;0;9;2;21;A01
201300018048;0;7;0;0;0;1;0;A01
201300018049;0;14;0;0;2;3;1;A01
201300018049;0;7;0;0;2;3;1;B02
201300018050;0;7;0;0;2;1;1;B02
201300018050;0;10;0;0;2;1;5;A01
201300018051;0;7;0;0;2;8;15;A01
201300018051;0;30;0;0;2;1;1;B02
201300018052;0;7;0;0;2;0;17;A01
201300018052;0;7;0;0;2;8;15;B02
201300018053;0;7;0;0;1;5;14;A01
201300018054;0;10;0;0;2;1;1;A01
201300018054;0;33;0;0;2;1;1;B02
201300018055;0;2;0;0;2;1;1;B02
201300018055;0;7;0;0;2;3;15;A01
201300018056;0;2;0;0;2;1;1;B02
201300018056;0;7;0;0;2;2;15;A01
201300018057;0;10;0;0;2;8;15;A01
201300018057;0;30;0;0;2;1;23;B02
201300018058;0;7;0;0;2;1;1;B02
201300018058;0;7;0;0;2;8;17;A01
201300018059;0;7;0;0;2;2;13;A01
201300018059;0;1;0;0;2;6;15;B02
201300018060;0;33;0;13;0;1;17;A01
201300018061;0;33;0;0;2;1;2;A01
201300018061;0;33;0;0;2;1;2;B02
201300018061;0;7;0;0;0;4;11;C03
201300018062;0;10;0;13;0;2;15;A01
201300018063;0;33;0;9;0;7;13;A01
201300018064;0;15;0;0;0;4;1;C03
201300018064;0;17;0;0;2;6;1;B02
201300018064;0;10;0;0;2;3;1;A01
201300018065;0;7;0;0;2;1;13;A01
201300018065;0;33;0;0;2;1;1;B02
201300018066;0;21;0;16;0;0;1;A01
201300018067;0;31;0;13;0;7;1;A01
201300018068;0;7;0;0;1;1;1;A01
201300018069;0;7;0;0;2;3;17;A01
201300018069;0;7;0;0;2;3;1;B02
201300018070;0;7;0;2;0;8;14;A01
201300018071;0;10;0;6;0;1;1;A01
201300018072;0;30;0;0;2;1;1;A01
201300018072;0;7;0;0;2;7;15;B02
201300018073;0;10;0;0;2;3;1;B02
201300018073;0;7;0;0;2;3;13;A01
201300018074;0;10;0;0;2;3;1;B02
201300018074;0;7;0;0;2;3;13;A01
201300018075;0;1;0;0;2;4;1;B02
201300018075;0;10;0;0;2;1;1;A01
201300018076;0;33;0;0;2;1;1;A01
201300018076;0;21;0;0;2;7;19;B02
201300018077;0;7;0;2;0;1;13;A01
201300018078;0;7;0;5;0;1;14;A01
201300018079;0;10;0;2;0;3;1;A01
201300018080;0;7;0;2;0;1;1;A01
201300018081;0;7;0;0;2;1;1;B02
201300018081;0;7;0;0;2;1;13;A01
201300018082;0;7;0;0;2;1;1;C03
201300018082;0;7;0;0;2;9;1;B02
201300018082;0;7;0;0;0;0;2;D04
201300018082;0;33;0;0;2;1;13;A01
201300018083;0;31;0;0;0;4;0;B02
201300018083;0;7;0;0;2;2;2;A01
201300018084;0;7;0;5;0;1;1;A01
201300018085;0;38;21;0;0;8;1;A01
201300018086;0;7;0;0;2;3;1;A01
201300018086;0;7;0;0;2;1;13;B02
201300018087;0;7;0;2;0;8;1;A01
201300018088;0;1;0;0;2;6;1;B02
201300018088;0;10;0;0;2;2;17;A01
201300018089;0;7;0;0;2;3;13;A01
201300018089;0;7;0;0;2;1;1;C03
201300018089;0;13;0;0;2;8;1;B02
201300018090;0;10;0;2;0;7;2;A01
201300018091;0;7;0;0;2;3;1;B02
201300018091;0;7;0;0;2;3;13;A01
201300018092;0;7;0;0;2;1;19;B02
201300018092;0;30;0;0;2;7;1;A01
201300018093;0;7;0;0;1;3;2;A01
201300018094;0;17;0;0;2;4;1;B02
201300018094;0;7;0;0;2;1;1;A01
201300018095;0;7;0;2;0;1;0;A01
201300018096;0;7;0;6;0;1;1;A01
201300018097;0;7;0;0;2;1;1;B02
201300018097;0;7;0;0;2;1;15;A01
201300018098;0;7;0;0;2;3;1;A01
201300018098;0;21;0;0;2;5;15;B02
201300018099;0;30;0;0;2;1;17;A01
201300018099;0;21;0;0;0;2;15;B02
201300018100;0;7;0;2;0;1;1;A01
201300018101;0;7;0;0;2;3;5;A01
201300018101;0;7;0;0;2;3;1;B02
201300018102;0;7;0;0;2;3;1;B02
201300018102;0;7;0;0;2;1;17;A01
201300018102;0;7;0;0;2;1;1;C03
201300018103;0;7;0;0;2;3;1;B02
201300018103;0;10;0;0;2;3;1;A01
201300018104;0;10;0;0;2;3;1;A01
201300018104;0;33;0;0;2;1;17;B02
201300018105;0;7;0;0;9;2;1;A01
201300018105;0;1;0;0;2;8;15;B02
201300018106;0;1;0;0;2;1;19;A01
201300018106;0;7;0;0;2;2;1;B02
201300018107;0;33;0;0;2;7;15;B02
201300018107;0;7;0;0;2;2;1;A01
201300018108;0;33;0;0;2;7;17;A01
201300018108;0;10;0;0;2;6;13;B02
201300018109;0;7;0;0;1;1;1;A01
201300018110;0;7;0;0;2;7;13;A01
201300018110;0;7;0;0;2;1;1;B02
201300018111;0;7;0;0;2;6;13;A01
201300018111;0;7;0;0;2;1;1;B02
201300018112;0;2;0;0;2;1;15;B02
201300018112;0;10;0;0;2;2;1;A01
201300018113;0;7;0;0;2;1;21;A01
201300018113;0;7;0;0;2;1;1;B02
201300018114;0;7;0;0;2;2;15;A01
201300018114;0;33;0;0;2;7;17;B02
201300018115;0;10;0;0;2;7;15;A01
201300018115;0;7;0;0;2;1;1;B02
201300018116;0;7;0;0;2;3;1;B02
201300018116;0;7;0;0;2;3;13;A01
201300018117;0;10;0;0;2;1;19;B02
201300018117;0;7;0;0;2;6;1;A01
201300018118;0;7;0;0;2;3;1;A01
201300018118;0;10;0;0;2;3;13;B02
201300018119;0;14;0;0;2;3;1;A01
201300018119;0;1;0;0;2;1;13;B02
201300018120;0;31;0;14;0;1;6;A01
201300018121;0;30;0;0;2;1;1;A01
201300018121;0;7;0;0;2;3;15;B02
201300018122;0;7;0;13;0;3;1;A01
201300018123;0;7;0;0;1;1;1;A01
201300018124;0;7;0;0;1;2;2;A01
201300018125;0;7;0;0;2;2;15;A01
201300018125;0;2;0;0;2;1;1;B02
201300018126;0;7;0;8;0;3;17;A01
201300018127;0;14;0;0;1;2;16;A01
201300018128;0;7;0;0;2;3;1;A01
201300018128;0;1;0;0;2;1;13;B02
201300018129;0;7;0;0;0;0;1;A01
201300018130;0;33;0;0;2;7;1;A01
201300018130;0;30;0;0;2;8;13;B02
201300018131;0;33;0;13;0;8;1;A01
201300018132;0;33;0;5;0;0;1;A01
201300018133;0;7;0;0;2;1;17;A01
201300018133;0;7;0;0;2;1;1;B02
201300018134;0;7;0;0;2;3;1;B02
201300018134;0;33;0;0;2;1;13;A01
201300018135;0;33;0;0;2;1;1;B02
201300018135;0;7;0;0;2;1;1;A01
201300018136;0;33;0;3;0;2;0;A01
201300018137;0;30;0;0;2;1;1;A01
201300018137;0;7;0;0;2;3;15;B02
201300018138;0;7;0;2;0;7;13;A01
201300018139;0;33;0;0;2;1;1;B02
201300018139;0;10;0;0;2;2;1;A01
201300018140;0;7;0;6;0;2;1;A01
201300018141;0;7;0;10;0;7;1;A01
201300018142;0;7;0;11;0;1;1;A01
201300018143;0;33;0;0;0;7;16;A01
201300018144;0;31;0;10;0;7;1;A01
201300018145;0;30;0;8;0;1;1;A01
201300018146;0;1;0;0;2;8;19;B02
201300018146;0;7;0;0;2;1;1;A01
201300018147;0;10;0;0;2;3;1;B02
201300018147;0;10;0;0;2;3;13;A01
201300018148;0;10;0;0;2;5;16;A01
201300018148;0;1;0;0;2;3;1;B02
201300018149;0;10;0;0;2;4;2;A01
201300018149;0;10;0;0;2;1;2;B02
201300018150;0;10;0;2;0;1;0;A01
201300018151;0;7;0;0;2;1;1;A01
201300018151;0;20;0;0;2;4;1;B02
201300018152;0;7;0;13;0;1;1;A01
201300018153;0;7;0;2;0;3;1;A01
201300018154;0;33;0;0;0;7;1;A01
201300018155;0;33;0;13;0;9;16;A01
201300018156;0;7;0;0;2;7;14;A01
201300018156;0;1;0;0;0;0;0;B02
201300018157;0;7;0;0;1;3;1;A01
201300018158;0;7;0;8;0;2;1;A01
201300018159;0;7;0;13;0;9;1;A01
201300018160;0;31;0;0;2;1;1;B02
201300018160;0;7;0;0;2;3;1;A01
201300018161;1;7;0;0;1;1;1;A01