num_acc;senc;catv;occutc;obs;obsm;choc;manv;num_veh
201300018162;0;7;0;0;1;1;1;A01
201300018163;0;7;0;0;1;2;16;A01
201300018164;0;7;0;0;1;3;15;A01
201300018165;0;7;0;0;2;1;20;A01
201300018165;0;2;0;0;2;7;1;B01
201300018166;0;7;0;0;1;1;1;A01
201300018167;0;7;0;0;0;9;1;A01
201300018168;0;33;0;1;0;2;15;A01
201300018169;0;7;0;0;2;2;9;A01
201300018169;0;1;0;0;2;3;1;B01
201300018170;0;33;0;0;2;1;1;B01
201300018170;0;7;0;0;2;2;15;A01
201300018171;0;2;0;0;2;7;15;A01
201300018171;0;7;0;0;2;2;1;B01
201300018172;0;7;0;0;2;8;17;A01
201300018172;0;17;0;0;2;1;1;B01
201300018173;0;7;0;13;0;1;1;A01
201300018174;0;7;0;2;0;3;1;A01
201300018175;0;7;0;0;0;1;13;A01
201300018175;0;7;0;0;0;9;1;B02
201300018176;0;33;0;14;0;1;16;A01
201300018177;0;34;0;12;2;1;1;A01
201300018177;0;7;0;0;0;4;23;B02
201300018178;0;7;0;16;0;9;1;A01
201300018179;0;7;0;0;2;2;2;A01
201300018179;0;1;0;0;0;4;2;B02
201300018180;0;7;0;0;2;8;19;A01
201300018180;0;7;0;0;2;2;1;B02
201300018181;0;7;0;0;2;3;0;B02
201300018181;0;30;0;0;2;1;9;A01
201300018182;0;33;0;3;0;7;1;A01
201300018183;0;33;0;0;2;1;1;B02
201300018183;0;7;0;0;2;1;15;A01
201300018184;0;7;0;2;0;3;13;A01
201300018185;0;10;0;0;1;6;1;A01
201300018186;0;30;0;0;2;1;1;B02
201300018186;0;7;0;0;2;2;15;A01
201300018187;0;7;0;0;2;3;21;B02
201300018187;0;7;0;0;2;3;13;A01
201300018188;0;7;0;0;0;3;19;A01
201300018188;0;33;0;0;0;1;1;B02
201300018189;0;7;0;0;0;0;0;A01
201300018190;0;7;0;3;2;1;0;C03
201300018190;0;7;0;3;2;1;13;A01
201300018190;0;7;0;3;2;3;21;B02
201300018191;0;7;0;0;1;2;1;A01
201300018192;0;7;0;0;2;2;15;A01
201300018192;0;7;0;0;2;2;1;B02
201300018193;0;7;0;6;0;7;1;A01
201300018194;0;7;0;0;2;3;1;B02
201300018194;0;7;0;0;2;3;6;A01
201300018195;0;7;0;0;2;7;19;A01
201300018195;0;7;0;0;2;1;1;B02
201300018196;0;30;0;16;0;9;0;A01
201300018197;0;7;0;2;0;8;1;A01
201300018198;0;1;0;0;5;1;1;A01
201300018199;0;7;0;2;0;3;13;A01
201300018200;0;7;0;1;0;3;14;A01
201300018200;0;14;0;0;0;5;24;B02
201300018201;0;7;0;3;0;1;1;A01
201300018202;0;7;0;7;0;2;0;A01
201300018203;0;7;0;0;1;3;15;A01
201300018204;0;7;0;0;2;1;1;A01
201300018204;0;7;0;0;2;2;19;B02
201300018205;0;7;0;0;1;0;0;A01
201300018206;0;7;0;0;2;1;1;A01
201300018206;0;1;0;0;2;4;16;C03
201300018206;0;1;0;0;2;8;16;B02
201300018207;0;30;0;0;2;1;15;A01
201300018207;0;7;0;0;2;8;1;B02
201300018208;0;7;0;0;2;1;13;A01
201300018208;0;15;0;0;2;1;1;B02
201300018209;0;2;0;0;2;1;21;A01
201300018209;0;7;0;0;2;1;1;B02
201300018210;0;1;0;0;2;1;15;B02
201300018210;0;31;0;0;2;7;1;A01
201300018211;0;7;0;13;0;1;1;A01
201300018212;0;7;0;0;2;1;1;B02
201300018212;0;3;0;0;2;7;13;A01
201300018213;0;7;0;2;0;1;1;A01
201300018214;0;30;0;1;0;1;1;A01
201300018214;0;7;0;0;0;4;23;B02
201300018215;0;7;0;0;2;1;1;B02
201300018215;0;7;0;6;2;5;19;A01
201300018216;0;7;0;6;0;1;13;A01
201300018217;0;7;0;0;2;1;23;C03
201300018217;0;7;0;0;2;1;1;B02
201300018217;0;7;0;0;2;2;15;A01
201300018218;0;33;0;2;0;9;1;A01
201300018219;0;7;0;0;2;1;1;B02
201300018219;0;7;0;0;2;1;11;A01
201300018219;0;15;0;0;2;8;1;C03
201300018220;0;7;0;0;2;6;1;A01
201300018220;0;7;0;0;2;1;1;B02
201300018221;0;7;0;0;2;2;1;B02
201300018221;0;1;0;0;2;1;18;A01
201300018222;0;10;0;0;2;8;1;A01
201300018222;0;7;0;0;2;8;1;B02
201300018223;0;17;0;0;2;6;1;A01
201300018223;0;7;0;2;0;1;1;C03
201300018223;0;17;0;0;2;3;1;B02
201300018224;0;7;0;8;2;7;1;A01
201300018224;0;7;0;0;2;2;1;B02
201300018225;0;7;0;13;0;9;1;A01
201300018226;0;7;0;0;1;8;1;A01
201300018227;0;33;0;12;5;1;1;A01
201300018228;0;7;0;13;0;1;14;A01
201300018229;0;7;0;0;2;2;2;A01
201300018229;0;1;0;0;2;4;2;B02
201300018230;0;14;0;0;1;2;5;A01
201300018231;0;7;0;0;2;2;19;A01
201300018231;0;7;0;0;2;3;1;B02
201300018232;0;30;0;11;0;1;1;A01
201300018233;0;7;0;2;0;1;1;A01
201300018234;0;7;0;0;2;3;15;B02
201300018234;0;7;0;0;2;2;17;A01
201300018235;0;33;0;0;6;1;2;A01
201300018236;0;7;0;0;1;3;1;A01
201300018236;0;7;0;0;2;1;1;B02
201300018237;0;30;0;0;2;8;15;B02
201300018237;0;7;0;0;9;2;17;A01
201300018238;0;30;0;0;0;8;1;A01
201300018239;0;33;0;0;2;1;17;A01
201300018239;0;7;0;0;2;8;15;B02
201300018240;0;2;0;0;2;1;1;A01
201300018240;0;7;0;0;2;3;1;B02
201300018241;0;7;0;1;0;1;14;A01
201300018242;0;7;0;13;0;1;13;A01
201300018243;0;7;0;0;9;1;9;A01
201300018243;0;1;0;0;2;8;1;B02
201300018244;0;33;0;0;2;1;13;A01
201300018244;0;7;0;0;2;3;1;B02
201300018245;0;7;0;2;0;9;1;A01
201300018246;0;7;0;16;0;9;17;A01
201300018247;0;7;0;0;2;3;15;A01
201300018247;0;31;0;0;2;1;1;B02
201300018248;0;7;0;0;2;3;1;A01
201300018248;0;7;0;0;2;1;19;B02
201300018249;0;10;0;0;0;0;1;A01
201300018250;0;7;0;6;0;1;1;A01
201300018251;0;7;0;0;0;2;13;A01
201300018251;0;7;0;0;0;6;1;B02
201300018252;0;7;0;8;0;9;14;A01
201300018253;0;7;0;0;2;3;20;A01
201300018253;0;2;0;0;2;5;17;B02
201300018254;0;7;0;15;0;9;1;A01
201300018255;0;7;0;0;2;2;2;A01
201300018255;0;1;0;0;2;4;1;B02
201300018256;0;32;0;12;0;3;1;A01
201300018257;0;7;0;0;2;3;15;A01
201300018257;0;33;0;0;2;1;1;B02
201300018258;0;33;0;0;2;7;17;A01
201300018258;0;21;0;0;2;8;15;B02
201300018259;0;7;0;0;2;7;13;A01
201300018259;0;7;0;0;2;1;1;B02
201300018260;0;31;0;0;0;0;1;A01
201300018260;0;7;0;0;0;0;19;B02
201300018261;0;7;0;0;0;1;17;A01
201300018262;0;7;0;0;1;2;16;A01
201300018263;0;7;0;0;6;0;1;A01
201300018264;0;36;0;13;0;0;16;A01
201300018265;0;7;0;0;2;3;1;B02
201300018265;0;7;0;0;2;3;13;A01
201300018266;0;7;0;13;0;3;13;A01
201300018267;0;36;0;1;0;2;1;A01
201300018268;0;7;0;0;2;1;1;B02
201300018268;0;17;0;0;2;8;20;A01
201300018269;0;7;0;0;2;2;1;B02
201300018269;0;7;0;0;2;1;1;A01
201300018270;0;7;0;0;2;3;1;A01
201300018270;0;7;0;0;2;3;1;B02
201300018271;0;10;0;2;0;3;1;A01
201300018272;0;7;0;0;2;1;1;B02
201300018272;0;7;0;0;2;1;13;A01
201300018273;0;2;0;0;2;8;1;B02
201300018273;0;7;0;0;2;3;1;A01
201300018274;0;7;0;0;2;1;1;B02
201300018274;0;7;0;0;2;8;16;A01
201300018275;0;7;0;0;2;1;1;B02
201300018275;0;7;0;0;2;7;1;A01
201300018276;0;7;0;0;2;3;13;A01
201300018276;0;7;0;0;2;3;1;B02
201300018277;0;7;0;0;2;3;1;A01
201300018277;0;10;0;0;2;3;1;B02
201300018278;0;10;0;0;0;0;1;A01
201300018279;0;7;0;0;2;1;1;B02
201300018279;0;21;0;0;2;1;5;A01
201300018280;0;7;0;0;2;4;1;B02
201300018280;0;10;0;0;2;1;1;A01
201300018280;0;10;0;0;0;4;1;C03
201300018281;0;7;0;0;1;1;1;A01
201300018282;0;14;0;0;2;1;2;A01
201300018282;0;30;0;0;0;4;2;B02
201300018283;0;7;0;0;2;8;1;B02
201300018283;0;14;0;0;2;3;1;A01
201300018284;0;7;0;0;2;3;0;B02
201300018284;0;7;0;0;2;3;0;A01
201300018285;0;17;0;0;2;3;1;B02
201300018285;0;7;0;0;2;3;13;A01
201300018286;0;7;0;0;2;1;19;B02
201300018286;0;10;0;0;2;8;1;A01
201300018287;0;7;0;0;2;1;13;A01
201300018287;0;7;0;0;2;1;1;B02
201300018288;0;7;0;0;2;1;13;C03
201300018288;0;7;0;0;2;1;1;A01
201300018288;0;7;0;0;2;1;1;B02
201300018289;0;7;0;13;0;1;13;A01
201300018290;0;36;0;13;0;7;1;A01
201300018291;0;33;0;0;2;1;1;B02
201300018291;0;3;0;0;2;3;13;A01
201300018292;0;1;0;0;0;6;19;A01
201300018292;0;33;0;0;2;1;1;B02
201300018293;0;33;0;0;0;0;1;A01
201300018294;0;7;0;0;0;4;23;A01
201300018294;0;7;0;0;2;4;2;B02
201300018294;0;10;0;0;2;1;2;C03
201300018295;0;7;0;0;2;1;1;A01
201300018295;0;7;0;0;2;8;16;B02
201300018296;0;7;0;8;0;5;1;A01
201300018297;0;33;0;0;2;1;1;B02
201300018297;0;7;0;0;2;2;0;A01
201300018298;0;14;0;0;2;3;1;A01
201300018298;0;17;0;0;0;5;0;B02
201300018299;0;7;0;2;0;1;1;A01
201300018300;0;7;0;0;2;1;2;A01
201300018300;0;7;0;0;2;4;15;B02
201300018301;0;7;0;0;1;3;1;A01
201300018302;0;7;0;0;1;1;1;A01
201300018303;0;2;0;0;0;1;1;A01
201300018304;0;30;0;13;0;7;14;A01
201300018305;0;7;0;13;0;2;14;A01
201300018306;0;7;0;13;0;9;1;A01
201300018307;0;7;0;0;1;3;1;A01
201300018308;0;30;0;9;0;8;1;A01
201300018309;0;33;0;0;2;1;13;A01
201300018309;0;7;0;0;2;3;1;B02
201300018310;0;33;0;0;2;1;1;B02
201300018310;0;7;0;0;2;2;9;A01
201300018311;0;7;0;0;0;2;0;A01
201300018311;0;1;0;0;0;1;1;B02
201300018312;0;1;0;0;2;4;1;B02
201300018312;0;7;0;0;2;2;1;A01
201300018313;0;7;0;0;1;3;1;A01
201300018314;0;7;0;0;2;3;15;A01
201300018314;0;7;0;0;2;2;1;B02
201300018315;0;7;0;6;0;2;14;A01
201300018316;0;7;0;0;0;8;15;B02
201300018316;0;33;0;0;2;1;17;A01
201300018317;0;33;0;0;0;0;1;A01
201300018318;0;7;0;0;2;6;1;B02
201300018318;0;7;0;0;2;6;1;A01
201300018319;0;7;0;0;2;7;13;B02
201300018319;0;21;0;0;2;1;1;A01
201300018320;0;2;0;0;2;3;19;A01
201300018320;0;7;0;0;2;2;1;B02
201300018321;0;7;0;0;2;2;15;A01
201300018321;0;1;0;0;2;1;1;B02
201300018322;0;7;0;2;0;1;1;A01
201300018323;0;7;0;0;2;3;1;B02
201300018323;0;7;0;0;2;3;13;A01
201300018324;0;10;0;2;0;2;1;A01
201300018325;0;7;0;0;2;2;1;B02
201300018325;0;10;0;0;2;1;15;A01
201300018326;0;7;0;0;2;1;1;B02
201300018326;0;3;0;0;2;8;15;A01
201300018327;0;7;0;0;2;1;15;A01
201300018327;0;7;0;0;2;1;1;B02
201300018328;0;33;0;0;6;0;1;A01
201300018329;0;30;0;1;0;7;2;A01
201300018329;0;7;0;0;0;0;23;C03
201300018329;0;7;0;1;0;2;15;B02
201300018330;0;14;0;0;2;3;1;A01
201300018330;0;10;0;0;2;3;13;B02
201300018331;0;7;0;0;2;1;1;A01
201300018331;0;7;0;0;2;3;1;B02
201300018331;0;7;0;0;2;1;1;C03
201300018332;0;7;0;0;2;1;1;A01
201300018332;0;33;0;0;0;4;1;B02
201300018333;0;7;0;0;2;3;1;B02
201300018333;0;7;0;0;2;2;17;A01
201300018334;0;7;0;0;2;1;13;A01
201300018334;0;7;0;0;2;3;1;B02
201300018335;0;31;0;16;0;0;1;A01
201300018336;0;7;0;13;0;1;1;A01
201300018337;0;7;0;6;0;1;19;A01
201300018338;0;33;0;0;0;1;1;A01
201300018339;0;7;0;0;0;1;1;A01
201300018340;0;7;0;0;2;1;13;A01
201300018340;0;10;0;0;2;1;1;B02
201300018341;0;7;0;0;2;3;1;A01
201300018341;0;7;0;0;2;3;1;B02
201300018342;0;7;0;0;2;7;15;C03
201300018342;0;7;0;0;2;1;23;B02
201300018342;0;7;0;0;2;1;1;A01
201300018343;0;15;0;0;2;3;21;B02
201300018343;0;7;0;0;2;3;13;A01
201300018344;0;33;0;0;2;8;17;A01
201300018344;0;10;0;0;2;3;1;B02
201300018345;0;7;0;0;2;1;1;B02
201300018345;0;7;0;0;2;7;15;A01
201300018346;0;7;0;0;2;3;19;A01
201300018346;0;7;0;0;2;2;1;B02
201300018347;0;7;0;0;2;2;2;A01
201300018348;0;10;0;0;9;0;0;A01
201300018348;0;7;0;15;0;1;21;B02
201300018348;0;7;0;0;9;3;1;C03
201300018349;0;7;0;0;2;2;1;A01
201300018349;0;7;0;0;2;3;19;B02
201300018350;0;7;0;0;1;2;1;A01
201300018351;0;10;0;6;0;7;13;A01
201300018352;0;33;0;0;0;0;1;A01
201300018353;0;2;0;13;0;1;1;A01
201300018354;0;33;0;0;0;0;15;A01
201300018355;0;7;0;0;0;0;15;A01
201300018355;0;33;0;13;0;8;21;B02
201300018356;0;7;0;0;2;1;2;A01
201300018356;0;7;0;0;0;4;15;B02
201300018357;0;7;0;0;2;1;13;A01
201300018357;0;7;0;0;2;1;1;B02
201300018358;0;7;0;0;1;2;1;A01
201300018359;0;30;0;3;0;2;1;A01
201300018360;0;33;0;0;2;1;1;A01
201300018360;0;7;0;0;0;3;19;B02
201300018361;0;7;0;0;2;1;1;B02
201300018361;0;7;0;0;2;3;19;A01
201300018362;0;7;0;0;2;3;13;A01
201300018362;0;15;0;0;2;3;1;B02
201300018363;0;33;0;0;0;7;16;A01
201300018364;0;33;0;0;2;4;1;A01
201300018364;0;33;0;0;2;4;1;B02
201300018365;0;7;0;0;0;2;1;A01
201300018365;0;7;0;0;2;8;1;B02
201300018366;0;30;0;0;2;1;2;A01
201300018366;0;1;0;0;0;4;2;B02
201300018367;0;7;0;0;2;1;1;A01
201300018367;0;17;0;0;2;4;1;B02
201300018368;0;10;0;6;0;3;13;A01
201300018369;0;30;0;0;2;8;1;B02
201300018370;0;10;0;0;0;4;1;B02
201300018370;0;33;0;0;2;1;1;A01
201300018371;0;7;0;0;2;1;1;B02
201300018371;0;7;0;0;2;1;1;A01
201300018372;0;10;0;13;0;0;1;A01
201300018373;0;30;0;0;0;6;14;A01
201300018373;0;7;0;0;0;3;9;B02
201300018374;0;33;0;14;0;9;1;A01
201300018375;0;7;0;0;9;3;17;A01
201300018375;0;10;0;0;2;3;1;C03
201300018375;0;17;0;0;2;3;21;B02
201300018376;0;7;0;13;0;1;1;A01
201300018377;0;7;0;13;0;2;2;A01
201300018378;0;7;0;0;0;1;1;B02
201300018378;0;7;0;0;0;2;3;A01
201300018379;0;7;0;0;0;3;1;A01
201300018380;0;7;0;0;2;1;1;A01
201300018380;0;2;0;0;2;1;5;B02
201300018381;0;7;0;0;2;8;9;A01
201300018381;0;7;0;0;2;1;1;B02
201300018382;0;36;0;0;2;1;10;A01
201300018382;0;7;0;0;2;1;1;B02
201300018383;0;7;0;8;0;3;0;A01
201300018384;0;7;0;0;2;1;15;A01
201300018384;0;7;0;0;2;1;1;B02
201300018385;0;1;0;0;2;8;1;B02
201300018385;0;10;0;0;2;7;17;A01
201300018386;0;30;0;0;0;0;0;A01
201300018387;0;7;0;0;2;3;13;A01
201300018387;0;15;0;0;2;3;1;B02
201300018388;0;3;0;0;2;1;1;B02
201300018388;0;10;0;0;2;8;15;A01
201300018389;0;7;0;0;2;5;13;A01
201300018389;0;10;0;0;2;1;1;B02
201300018390;0;7;0;0;2;1;13;A01
201300018390;0;14;0;0;2;1;1;B02
201300018391;0;7;0;13;0;2;14;A01
201300018392;0;7;0;13;0;1;1;A01
201300018393;0;7;0;0;0;1;2;A01
201300018394;0;7;0;0;2;7;10;A01
201300018394;0;33;0;6;2;1;2;B02
201300018395;0;1;0;0;2;8;2;B02
201300018395;0;7;0;0;2;7;17;A01
201300018396;0;33;0;8;0;7;0;A01
201300018397;0;14;0;0;2;1;13;A01
201300018397;0;2;0;0;2;1;13;B02
201300018398;0;33;0;8;0;1;1;A01
201300018399;0;7;0;0;2;3;1;B02
201300018399;0;7;0;0;2;3;17;A01
201300018399;0;15;0;0;2;8;1;C03
201300018400;0;14;0;0;2;2;17;A01
201300018400;0;1;0;0;2;3;13;B02
201300018401;0;7;0;0;2;2;17;A01
201300018401;0;1;0;0;2;4;2;B02
201300018402;0;33;0;0;6;1;1;A01
201300018403;0;36;0;8;0;1;1;A01
201300018404;0;33;0;2;0;1;1;A01
201300018405;0;7;0;14;0;1;2;A01
201300018405;0;7;0;0;0;4;15;B02
201300018406;0;7;0;0;2;3;1;B02
201300018406;0;7;0;0;2;2;1;A01
201300018407;0;7;0;8;0;1;0;A01
201300018408;0;7;0;2;0;1;1;A01
201300018409;0;7;0;13;0;1;14;A01
201300018410;0;7;0;0;2;4;15;C03
201300018410;0;7;0;0;2;2;2;A01
201300018410;0;7;0;0;2;1;1;B02
201300018411;0;7;0;0;1;1;1;A01
201300018412;0;7;0;0;2;1;13;A01
201300018412;0;7;0;0;2;1;1;B02
201300018413;0;7;0;13;0;3;1;A01
201300018414;0;7;0;0;5;1;0;A01
201300018415;0;7;0;0;2;1;2;B02
201300018415;0;7;0;0;2;1;15;A01
201300018416;0;2;0;4;0;1;1;A01
201300018417;0;7;0;0;2;3;1;B02
201300018417;0;7;0;0;2;3;13;A01
201300018418;0;15;0;0;2;1;1;B02
201300018418;0;7;0;0;2;1;13;A01
201300018419;0;7;0;0;2;3;1;B02
201300018419;0;7;0;0;2;3;13;A01
201300018420;0;7;0;13;0;1;1;A01
201300018421;0;7;0;0;2;7;2;A01
201300018421;0;1;0;0;2;6;0;B02
201300018422;0;7;0;0;1;2;1;A01
201300018423;0;30;0;0;0;8;1;B02
201300018423;0;7;0;0;0;2;15;A01
201300018424;0;7;0;0;2;3;1;B02
201300018424;0;7;0;0;2;3;13;A01
201300018425;0;30;0;0;2;1;15;A01
201300018425;0;7;0;0;2;2;15;B02
201300018426;0;7;0;2;0;8;14;A01
201300018427;0;2;0;1;0;1;1;A01
201300018428;0;7;0;0;2;2;12;A01
201300018428;0;33;0;0;2;8;0;B02
201300018429;0;7;0;0;2;8;9;A01
201300018429;0;33;0;0;2;1;1;B02
201300018430;0;7;0;0;2;3;1;B02
201300018430;0;7;0;0;2;3;1;A01
201300018431;0;33;0;0;0;8;1;A01
201300018432;0;33;0;13;0;9;1;A01
201300018433;0;31;0;0;0;1;1;A01
201300018434;0;13;0;0;2;4;4;B02
201300018434;0;30;0;0;2;1;1;A01
201300018435;0;7;0;0;0;1;1;B02
201300018435;0;7;0;0;0;1;1;A01
201300018436;0;7;0;8;0;1;1;A01
201300018437;0;33;0;0;0;1;1;B02
201300018437;0;7;0;0;0;5;15;A01
201300018438;0;7;0;0;2;1;1;A01
201300018438;0;7;0;0;2;1;1;B02
201300018439;0;7;0;0;2;2;15;A01
201300018439;0;7;0;0;2;3;1;B02
201300018440;0;30;0;8;0;3;13;A01
201300018441;0;7;0;1;0;1;14;B02
201300018441;0;7;0;0;0;6;24;A01
201300018442;0;30;0;8;0;1;0;A01
201300018443;0;7;0;2;0;9;1;A01
201300018444;0;7;0;0;0;9;1;A01
201300018445;0;7;0;0;2;2;1;A01
201300018445;0;2;0;0;2;1;16;B02
201300018446;0;7;0;0;0;8;1;A01
201300018447;0;7;0;0;2;3;3;A01
201300018447;0;7;0;0;2;2;1;B02
201300018448;0;33;0;0;2;1;13;A01
201300018448;0;7;0;0;2;3;1;B02
201300018449;0;7;0;0;2;8;5;A01
201300018449;0;33;0;0;2;8;1;B02
201300018450;0;7;0;2;0;1;1;A01
201300018451;0;33;0;0;2;0;17;A01
201300018451;0;7;0;0;2;8;15;B02
201300018452;0;7;0;0;1;1;16;A01
201300018453;0;7;0;0;2;3;1;B02
201300018453;0;7;0;0;2;3;19;A01
201300018454;0;7;0;1;0;2;1;A01
201300018454;0;7;0;0;2;2;24;B02
201300018455;2;7;0;0;2;1;13;A01
201300018455;0;7;0;0;2;1;1;B02
201300018456;0;17;0;0;2;8;1;C03
201300018456;0;7;0;0;2;2;17;B02
201300018456;0;7;0;0;2;2;1;A01
201300018457;0;7;0;2;0;8;1;A01
201300018458;0;10;0;0;2;8;11;A01
201300018458;0;33;0;0;2;2;11;B02
201300018459;0;10;0;0;1;1;1;A01
201300018460;0;7;0;8;0;8;13;A01
201300018461;0;7;0;0;2;7;5;A01
201300018461;0;7;0;0;2;1;1;B02
201300018462;0;21;0;6;0;7;1;A01
201300018463;0;10;0;0;1;7;1;A01
201300018464;0;14;0;0;2;7;16;B02
201300018464;0;2;0;0;2;1;18;A01
201300018465;0;7;0;0;2;3;19;A01
201300018465;0;7;0;0;2;1;0;B02
201300018466;0;17;0;0;2;1;1;B02
201300018466;0;31;0;0;2;7;21;A01
201300018467;0;7;0;0;2;8;19;A01
201300018467;0;7;0;0;2;1;1;B02
201300018468;0;21;0;0;2;1;15;A01
201300018468;0;31;0;0;2;8;1;B02
201300018469;0;7;0;0;1;8;13;A01
201300018470;0;10;0;0;0;0;17;A01
201300018470;0;7;0;13;0;1;1;B02
201300018471;0;7;0;13;0;9;14;A01
201300018472;0;7;0;1;2;8;10;A01
201300018472;0;7;0;0;2;1;1;B02
201300018473;0;7;0;8;0;1;0;A01
201300018474;0;10;0;0;0;1;1;A01
201300018474;0;33;0;0;2;1;5;B02
201300018475;0;33;0;0;2;6;19;B02
201300018475;0;33;0;0;2;1;1;A01
201300018476;0;7;0;12;0;2;1;A01
201300018477;0;7;0;0;1;1;1;A01
201300018478;0;37;0;0;1;3;1;A01
201300018479;0;7;0;6;0;1;1;A01
201300018480;0;21;0;0;1;2;1;A01
201300018481;0;10;0;6;0;1;1;A01
201300018482;0;7;0;0;2;2;1;B02
201300018482;0;7;0;13;2;7;15;A01
201300018483;0;7;0;2;0;3;1;A01
201300018484;0;7;0;0;2;1;1;A01
201300018484;0;30;0;0;2;1;13;B02
201300018485;0;7;0;8;0;9;1;A01
201300018486;0;7;0;2;0;9;1;A01
201300018487;0;7;0;0;2;2;13;A01
201300018487;0;7;0;0;2;3;1;B02
201300018488;2;7;0;0;1;1;1;A01
201300018489;0;7;0;0;2;1;13;A01
201300018489;0;7;0;0;2;3;1;B02
201300018489;0;7;0;0;2;1;1;C03
201300018490;0;10;0;0;2;2;15;A01
201300018490;0;7;0;0;2;1;1;B02
201300018491;0;1;0;0;2;1;16;B02
201300018491;0;7;0;0;2;3;17;A01
201300018492;0;7;0;0;2;8;19;A01
201300018492;0;7;0;0;2;1;1;B02
201300018493;0;7;0;13;0;1;1;A01
201300018494;0;7;0;13;0;1;1;A01
201300018495;0;38;0;0;2;8;16;A01
201300018495;0;33;0;0;2;1;1;B02
201300018496;0;10;0;13;0;9;1;A01
201300018497;0;7;0;0;2;3;1;B02
201300018497;0;7;0;0;2;0;13;A01
201300018498;0;17;0;0;2;8;1;A01
201300018498;0;38;1;0;2;8;1;B02
201300018498;0;7;0;0;2;8;1;C03
201300018499;0;10;0;0;2;1;1;A01
201300018499;0;7;0;0;2;4;16;B02
201300018499;0;7;0;0;2;3;1;C03
201300018500;1;33;0;0;2;1;5;A01
201300018500;0;7;0;0;2;3;1;B02
201300018501;0;7;0;0;2;3;2;A01
201300018501;0;7;0;0;2;4;2;B02
201300018502;0;10;0;13;0;2;1;A01
201300018503;0;7;0;2;0;7;1;A01
201300018504;0;7;0;2;0;8;14;A01
201300018505;0;7;0;0;0;2;1;A01
201300018506;0;33;0;0;0;1;1;A01
201300018507;0;36;0;0;0;0;1;A01
201300018508;0;2;0;15;0;1;15;A01
201300018509;0;7;0;2;0;1;0;A01
201300018510;0;7;0;0;0;3;0;A01
201300018510;0;33;0;0;0;1;13;B02
201300018511;0;33;0;0;0;1;1;A01
201300018512;0;7;0;0;1;3;1;A01
201300018513;0;7;0;13;2;3;13;A01
201300018513;0;7;0;13;2;1;1;B02
201300018514;0;30;0;15;0;1;1;A01
201300018515;0;7;0;2;0;8;1;A01
201300018516;0;7;0;0;0;5;0;B02
201300018516;0;7;0;0;0;2;1;A01
201300018517;0;30;0;0;2;1;1;A01
201300018517;0;7;0;0;2;2;1;B02
201300018518;0;36;0;0;0;1;1;A01
201300018519;0;7;0;16;0;9;1;A01
201300018520;0;2;0;0;2;1;2;A01
201300018520;0;21;0;0;2;6;2;B02
201300018521;0;7;0;0;2;1;13;A01
201300018521;0;7;0;0;2;1;1;B02
201300018522;0;7;0;0;2;2;1;A01
201300018522;0;7;0;5;2;3;1;B02
201300018523;0;7;0;13;0;1;1;A01
201300018524;0;7;0;2;0;1;1;A01
201300018525;0;7;0;0;1;1;1;A01
201300018526;0;7;0;2;0;1;1;A01
201300018527;0;7;0;0;2;8;17;A01
201300018527;0;33;0;0;2;8;5;B02
201300018528;0;7;0;0;2;1;15;A01
201300018528;0;7;0;0;2;3;1;B02
201300018529;0;7;0;2;2;2;17;A01
201300018529;0;7;0;0;2;3;15;B02
201300018530;0;7;0;8;0;8;1;A01
201300018531;0;7;0;0;0;0;19;C03
201300018531;0;7;0;11;2;1;1;A01
201300018531;0;7;0;0;0;1;1;B02
201300018532;0;7;0;0;1;3;15;A01
201300018533;0;7;0;0;2;3;1;B02
201300018533;0;7;0;0;2;3;16;A01
201300018534;0;10;0;16;2;8;13;A01
201300018534;0;7;0;0;2;8;1;B02
201300018535;0;7;0;2;0;1;1;A01
201300018536;0;7;0;0;2;7;17;A01
201300018536;0;1;0;0;2;8;1;B02
201300018537;0;7;0;0;2;7;19;B02
201300018537;0;7;0;0;2;1;1;A01
201300018538;0;7;0;0;0;1;19;B02
201300018538;0;14;0;0;0;7;1;A01
201300018539;0;33;0;15;0;9;1;A01
201300018540;0;33;0;7;0;1;1;A01
201300018541;0;7;0;0;2;1;1;A01
201300018541;0;33;0;0;2;4;1;B02
201300018541;0;7;0;0;2;3;15;C03
201300018542;0;10;0;0;1;2;15;A01
201300018543;0;10;0;0;2;7;2;A01
201300018543;0;1;0;0;0;4;2;B02
201300018544;0;7;0;0;2;3;13;A01
201300018544;0;30;0;0;2;3;1;B02
201300018545;0;10;0;13;0;2;1;A01
201300018546;0;7;0;0;2;3;9;A01
201300018546;0;1;0;0;2;1;1;B02
201300018547;0;1;0;0;2;0;16;A01
201300018547;0;10;0;0;0;5;1;B02
201300018548;0;33;0;8;0;1;1;A01
201300018549;0;7;0;0;2;7;0;A01
201300018549;0;7;0;0;2;1;0;B02
201300018550;0;31;0;0;2;1;1;A01
201300018550;0;10;0;0;2;5;19;B02
201300018551;0;7;0;1;0;1;1;A01
201300018552;0;7;0;0;2;1;5;A01
201300018552;0;10;0;0;2;1;1;B02
201300018553;0;7;0;0;2;3;1;A01
201300018553;0;7;0;0;2;1;15;B02
201300018554;0;7;0;0;2;3;15;A01
201300018554;0;30;0;0;2;1;1;B02
201300018555;0;7;0;0;2;8;13;A01