num_acc;senc;catv;occutc;obs;obsm;choc;manv;num_veh
201300018555;0;7;0;0;2;1;1;B02
201300018556;0;33;0;7;0;7;1;A01
201300018557;0;7;0;0;9;7;15;A01
201300018557;0;1;0;0;2;8;1;B02
201300018558;0;33;0;0;2;7;21;A01
201300018558;0;7;0;0;2;3;15;B02
201300018559;0;7;0;1;0;7;14;A01
201300018559;0;7;0;0;0;6;23;B02
201300018560;0;30;0;0;0;1;1;A01
201300018561;0;33;0;13;0;8;1;A01
201300018562;0;7;0;0;2;1;15;A01
201300018562;0;33;0;0;2;7;1;B02
201300018563;0;7;0;0;2;1;1;A01
201300018563;0;7;0;0;2;1;1;B02
201300018564;0;33;0;0;2;1;1;B02
201300018564;0;7;0;0;2;6;19;A01
201300018565;0;7;0;2;0;8;1;A01
201300018566;0;33;0;2;0;2;14;A01
201300018567;0;7;0;8;2;2;19;A01
201300018567;0;7;0;0;2;1;1;B02
201300018567;0;7;0;0;2;1;23;C03
201300018568;0;7;0;0;2;3;15;A01
201300018568;0;2;0;0;2;1;1;B02
201300018569;0;33;0;14;0;1;1;A01
201300018570;0;7;0;0;1;3;15;A01
201300018571;0;7;0;0;2;2;1;A01
201300018571;0;33;0;0;2;6;10;B02
201300018572;0;2;0;0;2;1;1;A01
201300018572;0;10;0;0;2;6;1;B02
201300018573;0;7;0;6;0;2;1;A01
201300018574;0;7;0;2;0;3;1;A01
201300018575;0;7;0;0;2;1;1;A01
201300018575;0;7;0;0;2;1;1;C03
201300018575;0;7;0;0;0;4;15;B02
201300018576;0;7;0;13;0;1;16;A01
201300018577;0;10;0;0;1;2;1;A01
201300018578;0;15;0;0;2;3;1;B02
201300018578;0;15;0;0;2;3;13;A01
201300018579;0;7;0;0;2;1;13;A01
201300018579;0;7;0;0;2;3;2;B02
201300018580;0;10;0;0;9;0;1;A01
201300018580;0;1;0;0;0;0;1;B02
201300018581;0;7;0;0;2;1;11;A01
201300018581;0;7;0;0;2;1;1;B02
201300018582;0;32;0;0;1;1;1;A01
201300018583;0;33;0;0;2;1;1;B02
201300018583;0;7;0;0;2;1;15;A01
201300018584;0;7;0;0;2;3;1;B02
201300018584;0;7;0;0;2;1;1;A01
201300018585;0;36;0;0;0;0;1;A01
201300018586;0;7;0;13;0;9;14;A01
201300018587;0;7;0;0;1;2;1;A01
201300018588;0;2;0;0;5;1;1;A01
201300018589;0;10;0;8;0;1;17;A01
201300018589;0;7;0;0;9;3;1;B02
201300018590;0;7;0;0;6;8;21;A01
201300018591;0;10;0;0;0;0;1;A01
201300018591;0;7;0;0;2;3;1;C03
201300018592;0;7;0;0;2;3;13;A01
201300018592;0;7;0;0;2;3;1;B02
201300018593;0;7;0;10;0;1;1;A01
201300018594;0;33;0;0;2;1;1;B02
201300018594;0;10;0;0;2;6;15;A01
201300018595;0;7;0;10;0;1;1;A01
201300018596;0;7;0;13;0;2;1;A01
201300018597;0;7;0;0;2;3;1;A01
201300018597;0;7;0;0;2;3;1;B02
201300018598;0;7;0;0;2;5;15;A01
201300018598;0;33;0;0;2;1;1;B02
201300018599;0;7;0;8;0;8;14;A01
201300018600;0;7;0;2;0;1;1;A01
201300018601;0;10;0;0;0;2;0;A01
201300018601;0;2;0;0;0;3;0;B02
201300018602;0;33;0;8;0;9;1;A01
201300018603;0;7;0;0;2;1;1;B02
201300018603;0;7;0;0;2;1;5;A01
201300018604;0;32;0;0;2;1;13;A01
201300018604;0;7;0;0;2;3;1;B02
201300018605;0;7;0;8;0;1;1;A01
201300018606;0;7;0;2;0;1;1;A01
201300018607;0;33;0;0;0;1;0;A01
201300018608;0;7;0;0;2;3;2;B02
201300018608;0;7;0;0;2;1;2;A01
201300018609;0;1;0;0;2;6;15;B02
201300018609;0;7;0;0;2;2;1;A01
201300018610;0;7;0;0;1;1;1;A01
201300018611;0;1;0;0;1;1;0;A01
201300018612;0;21;0;0;2;1;16;A01
201300018612;0;7;0;0;2;3;1;B02
201300018613;0;1;0;14;0;0;1;A01
201300018614;0;10;0;0;0;0;2;A01
201300018615;0;1;0;0;0;7;6;B02
201300018615;0;10;0;0;0;3;6;A01
201300018616;0;15;0;0;0;8;1;C03
201300018616;0;7;0;14;0;1;17;A01
201300018616;0;15;0;0;0;6;23;B02
201300018617;0;7;0;3;0;9;2;A01
201300018618;0;16;0;1;0;1;2;A01
201300018618;0;14;0;0;2;6;23;C03
201300018619;0;10;0;3;2;4;1;A01
201300018619;0;10;0;0;2;1;2;B02
201300018620;0;7;0;3;2;6;1;B02
201300018620;0;7;0;3;2;6;17;A01
201300018621;0;15;0;0;2;4;1;B02
201300018621;0;7;0;0;2;1;2;A01
201300018622;0;7;0;0;2;3;1;B02
201300018622;0;7;0;0;2;3;13;A01
201300018623;0;7;0;0;2;4;23;A01
201300018623;0;7;0;0;2;4;23;B02
201300018623;0;7;0;0;2;1;1;C03
201300018623;0;7;0;0;2;1;1;D04
201300018624;0;33;0;12;0;8;15;A01
201300018625;0;7;0;8;0;2;1;A01
201300018626;0;7;0;2;0;1;13;A01
201300018627;0;7;0;0;2;1;1;B02
201300018627;0;7;0;0;2;3;1;C03
201300018627;0;7;0;0;2;1;13;A01
201300018628;0;7;0;0;2;3;1;A01
201300018628;0;20;0;0;2;1;15;B02
201300018629;0;7;0;0;2;1;1;C03
201300018629;0;7;0;0;2;8;1;B02
201300018629;0;7;0;0;2;2;5;A01
201300018630;0;7;0;0;2;6;17;A01
201300018630;0;33;0;0;2;7;17;B02
201300018631;0;33;0;0;2;1;1;B02
201300018631;0;7;0;0;2;8;9;A01
201300018632;0;33;0;0;2;1;17;A01
201300018632;0;7;0;0;2;8;15;C03
201300018632;0;33;0;0;2;1;17;B02
201300018633;0;7;0;13;0;1;1;A01
201300018634;0;7;0;0;2;3;1;C03
201300018634;0;7;0;0;2;1;13;A01
201300018634;0;7;0;0;2;3;1;B02
201300018635;0;37;1;0;1;2;15;A01
201300018636;0;7;0;0;2;1;0;B02
201300018636;0;7;0;0;2;8;19;A01
201300018637;0;7;0;0;2;3;13;A01
201300018637;0;7;0;0;2;3;1;B02
201300018638;0;7;0;13;0;2;16;A01
201300018639;0;33;0;0;2;1;1;B02
201300018639;0;7;0;0;2;2;15;A01
201300018640;0;7;0;2;0;8;13;A01
201300018641;0;7;0;0;2;1;1;B02
201300018641;0;7;0;0;2;1;15;A01
201300018642;0;10;0;0;2;7;1;B02
201300018642;0;21;0;0;2;1;19;A01
201300018643;0;7;0;2;0;7;13;A01
201300018644;0;7;0;0;0;8;9;A01
201300018644;0;31;0;0;2;1;1;B02
201300018645;0;30;0;0;2;8;1;B02
201300018645;0;7;0;0;2;8;13;A01
201300018646;0;7;0;;;;;A01
201300018646;0;3;0;0;2;3;1;B01
201300018647;0;7;0;2;0;3;1;A01
201300018648;0;33;0;0;2;1;1;A01
201300018648;0;7;0;0;2;8;1;B02
201300018649;0;2;0;0;2;3;1;B02
201300018649;0;7;0;0;2;5;9;A01
201300018650;0;7;0;0;2;1;1;B02
201300018650;0;7;0;0;2;1;1;A01
201300018651;0;10;0;0;2;3;1;B02
201300018651;0;10;0;0;2;2;1;A01
201300018652;0;7;0;0;2;3;9;A01
201300018652;0;31;0;0;2;9;1;B02
201300018653;0;31;0;16;0;2;1;A01
201300018654;0;7;0;0;2;1;15;B02
201300018654;0;7;0;0;2;1;1;A01
201300018655;0;7;0;0;2;1;1;A01
201300018655;0;2;0;0;2;4;1;B02
201300018656;0;7;0;0;2;1;1;A01
201300018656;0;7;0;0;2;8;19;B02
201300018657;0;7;0;0;2;8;15;B02
201300018657;0;33;0;0;2;1;13;A01
201300018658;0;7;0;0;2;4;1;B02
201300018658;0;7;0;0;2;1;1;A01
201300018659;0;34;0;0;2;2;17;A01
201300018659;0;7;0;0;2;3;15;B02
201300018660;0;7;0;0;2;2;1;A01
201300018660;0;30;0;0;2;4;1;B02
201300018661;0;10;0;0;2;3;13;A01
201300018661;0;7;0;0;2;1;1;B02
201300018662;0;7;0;0;2;1;1;C03
201300018662;0;7;0;0;2;1;1;B02
201300018662;0;7;0;0;2;1;13;A01
201300018663;0;33;0;0;2;1;1;B02
201300018663;0;7;0;0;2;7;19;A01
201300018664;0;7;0;0;2;1;11;A01
201300018664;0;33;0;0;2;1;1;B02
201300018665;0;7;0;0;2;1;1;C03
201300018665;0;7;0;0;2;3;13;A01
201300018665;0;7;0;0;2;1;1;B02
201300018665;0;7;0;0;2;8;1;D04
201300018666;0;7;0;0;2;3;15;B02
201300018666;0;7;0;0;2;3;1;A01
201300018667;0;7;0;0;2;1;1;B02
201300018667;0;7;0;0;2;1;13;A01
201300018668;0;7;0;0;2;3;1;B02
201300018668;0;7;0;0;2;1;1;C03
201300018668;0;7;0;0;2;1;1;D04
201300018668;0;7;0;0;2;7;1;E05
201300018668;0;10;0;0;2;1;13;A01
201300018669;0;7;0;2;0;9;1;A01
201300018670;0;33;0;15;0;5;1;A01
201300018671;0;7;0;3;0;1;1;A01
201300018671;0;7;0;0;2;1;1;B02
201300018672;0;33;0;8;0;1;1;A01
201300018673;0;31;0;2;0;3;14;A01
201300018674;0;7;0;0;2;3;1;B02
201300018674;0;7;0;0;2;8;1;A01
201300018675;0;30;0;16;0;7;1;A01
201300018676;0;7;0;0;1;2;1;A01
201300018677;0;10;0;0;2;1;19;B02
201300018677;0;33;0;0;2;8;21;A01
201300018678;0;7;0;2;0;3;1;A01
201300018679;0;7;0;2;0;2;0;A01
201300018680;0;30;0;0;2;2;1;B02
201300018680;0;7;0;0;2;3;16;A01
201300018681;0;31;0;0;2;1;2;A01
201300018681;0;7;0;0;2;4;23;B02
201300018681;0;7;0;0;2;4;23;C03
201300018682;0;7;0;2;0;5;14;A01
201300018683;0;35;0;0;0;0;0;A01
201300018684;0;7;0;0;2;2;15;A01
201300018684;0;7;0;0;2;1;1;B02
201300018685;0;33;0;0;2;1;17;A01
201300018685;0;7;0;0;2;8;15;B02
201300018686;0;7;0;0;2;1;1;B02
201300018686;0;33;0;0;2;1;13;A01
201300018687;0;33;0;0;2;1;2;A01
201300018687;0;7;0;0;0;2;2;B02
201300018688;0;7;0;1;0;3;9;A01
201300018688;0;30;0;0;2;2;1;B02
201300018689;0;31;0;0;0;8;1;A01
201300018690;0;33;0;0;2;1;1;B02
201300018690;0;7;0;0;2;3;9;A01
201300018691;0;7;0;0;2;3;1;B02
201300018691;0;7;0;0;2;2;1;A01
201300018692;0;7;0;0;2;1;1;A01
201300018692;0;7;0;0;2;1;1;B02
201300018693;0;7;0;0;2;1;17;A01
201300018693;0;7;0;0;2;8;1;B02
201300018694;0;7;0;0;1;2;1;A01
201300018695;0;7;0;0;2;1;1;B02
201300018695;0;7;0;1;2;1;1;A01
201300018696;0;30;0;0;0;1;1;A01
201300018697;0;1;0;0;0;1;1;A01
201300018698;0;7;0;0;2;1;1;B02
201300018698;0;7;0;0;2;7;19;A01
201300018699;0;30;0;0;2;3;1;B02
201300018699;0;7;0;0;2;8;17;A01
201300018700;0;30;0;1;0;1;1;A01
201300018701;0;7;0;0;2;1;1;A01
201300018701;0;7;0;0;2;1;1;B02
201300018702;0;10;0;0;1;1;1;A01
201300018703;0;10;0;13;0;3;17;A01
201300018704;0;7;0;0;0;7;19;B02
201300018704;0;14;0;0;2;1;1;A01
201300018705;0;7;0;0;2;2;21;A01
201300018705;0;7;0;0;0;6;1;B02
201300018706;0;7;0;0;2;1;1;A01
201300018706;0;7;0;0;2;3;16;B02
201300018707;0;33;0;0;0;0;1;A01
201300018708;0;7;0;0;2;2;17;B02
201300018708;0;7;0;0;2;3;15;A01
201300018709;0;7;0;0;0;0;1;A01
201300018710;0;33;0;0;2;1;1;A01
201300018710;0;7;0;0;2;2;19;B02
201300018711;0;7;0;0;2;1;1;A01
201300018711;0;7;0;0;2;8;19;B02
201300018712;0;7;0;0;1;3;1;A01
201300018713;0;7;0;0;2;2;1;A01
201300018713;0;1;0;0;2;4;1;B02
201300018714;0;7;0;0;2;2;14;A01
201300018714;0;1;0;0;2;8;2;B02
201300018715;0;33;0;0;2;1;5;A01
201300018715;0;7;0;0;2;4;19;B02
201300018716;0;7;0;2;0;1;1;A01
201300018717;0;33;0;3;0;2;1;A01
201300018718;0;10;0;0;2;1;17;A01
201300018718;0;7;0;0;2;1;1;B02
201300018719;0;7;0;0;2;1;1;B02
201300018719;0;7;0;0;0;7;19;A01
201300018720;0;7;0;1;2;2;19;A01
201300018720;0;7;0;0;2;1;1;B02
201300018720;0;7;0;0;2;1;23;C03
201300018721;0;7;0;0;2;7;17;A01
201300018721;0;7;0;0;2;1;5;B02
201300018722;0;10;0;2;0;3;1;A01
201300018723;0;7;0;0;2;1;1;A01
201300018723;0;1;0;0;0;4;1;B02
201300018724;1;7;0;0;1;1;1;A01
201300018725;0;7;0;13;0;1;1;A01
201300018726;0;10;0;0;1;2;1;B01
201300018727;0;33;0;0;0;1;1;A01
201300018728;0;7;0;0;2;3;1;B02
201300018728;0;7;0;0;2;3;5;A01
201300018728;0;7;0;0;2;1;1;C03
201300018729;0;7;0;0;2;6;1;A01
201300018729;0;7;0;0;2;1;1;B02
201300018730;2;7;0;0;2;3;19;B02
201300018730;0;7;0;0;2;2;1;A01
201300018731;0;10;0;0;0;9;1;A01
201300018732;0;7;0;0;2;6;17;A01
201300018732;0;33;0;0;2;2;17;B02
201300018733;0;14;0;0;2;1;1;B02
201300018733;0;7;0;0;2;1;1;A01
201300018734;0;7;0;0;2;3;0;A01
201300018734;0;7;0;0;2;1;1;B02
201300018735;0;7;0;2;0;3;1;A01
201300018736;0;30;0;0;2;1;1;A01
201300018736;0;14;0;0;9;4;23;B02
201300018737;0;7;0;0;2;1;1;A01
201300018737;0;7;0;0;2;1;1;B02
201300018738;0;7;0;0;0;9;1;A01
201300018739;0;21;0;0;2;3;15;B02
201300018739;0;7;0;15;2;2;17;A01
201300018740;0;10;0;0;2;2;19;A01
201300018740;0;3;0;0;2;8;1;B02
201300018741;0;7;0;0;0;0;17;A01
201300018742;0;7;0;2;0;1;1;A01
201300018743;0;7;0;13;0;1;1;A01
201300018744;0;7;0;2;0;1;1;A01
201300018745;0;7;0;0;2;1;2;A01
201300018745;0;7;0;0;2;4;0;B02
201300018746;0;15;0;0;0;8;1;A01
201300018747;0;33;0;0;2;1;1;B02
201300018747;0;7;0;0;2;1;13;A01
201300018748;0;7;0;0;1;1;0;A01
201300018749;0;7;0;0;1;1;1;A01
201300018750;0;7;0;6;0;1;1;A01
201300018751;0;15;0;0;2;3;1;B02
201300018751;0;7;0;0;2;9;13;A01
201300018752;0;30;0;16;0;7;1;A01
201300018753;0;7;0;0;0;3;15;B02
201300018753;0;33;0;0;2;1;17;A01
201300018754;0;17;0;0;2;3;0;A01
201300018754;0;17;0;0;2;8;13;B02
201300018755;0;7;0;0;2;1;13;A01
201300018755;0;7;0;0;2;3;1;B02
201300018756;0;7;0;16;0;9;13;A01
201300018757;0;2;0;0;2;1;19;A01
201300018757;0;7;0;0;2;2;1;B02
201300018758;0;36;0;0;0;0;1;A01
201300018759;0;7;0;0;2;1;15;B02
201300018759;0;7;0;0;2;1;16;A01
201300018760;0;1;0;0;2;1;19;A01
201300018760;0;7;0;0;2;2;1;B02
201300018761;0;30;0;0;2;1;1;B02
201300018761;0;7;0;0;2;7;19;A01
201300018762;0;2;0;0;2;1;1;B02
201300018762;0;7;0;0;0;6;1;A01
201300018763;0;7;0;0;2;0;0;C03
201300018763;0;7;0;1;2;2;17;A01
201300018763;0;7;0;0;2;1;1;B02
201300018764;0;1;0;0;2;1;13;A01
201300018764;0;7;0;0;2;1;1;B02
201300018765;1;17;0;0;1;7;1;A01
201300018766;0;7;0;0;2;8;1;A01
201300018766;0;17;0;0;2;1;1;B02
201300018767;0;7;0;0;4;6;19;A01
201300018767;0;39;1;0;2;1;1;B02
201300018768;0;7;0;0;0;1;2;A01
201300018768;0;1;0;0;0;4;2;B02
201300018769;0;7;0;0;1;2;19;A01
201300018770;0;7;0;0;1;2;19;A01
201300018771;0;7;0;0;2;8;1;B02
201300018771;0;7;0;0;2;1;1;A01
201300018772;0;7;0;0;1;2;19;A01
201300018773;0;7;0;0;1;7;1;A01
201300018774;0;7;0;1;1;2;1;A01
201300018775;0;2;0;9;0;2;13;A01
201300018776;0;7;0;0;0;3;15;B02
201300018776;0;14;0;0;2;2;1;A01
201300018777;0;7;0;0;2;7;1;A01
201300018777;0;30;0;0;2;8;19;B02
201300018778;0;7;0;0;2;1;17;A01
201300018778;0;10;0;0;2;3;21;B02
201300018779;0;7;0;0;2;1;1;B02
201300018779;0;17;0;0;2;8;10;A01
201300018780;0;7;0;0;2;3;1;B02
201300018780;0;7;0;0;2;3;1;A01
201300018781;0;7;0;3;0;1;14;A01
201300018782;0;17;0;3;0;1;14;A01
201300018783;0;7;0;0;0;9;1;A01
201300018784;0;7;0;3;0;1;13;A01
201300018785;0;7;0;4;0;2;0;A01
201300018786;0;10;0;0;1;6;4;A01
201300018787;0;10;0;0;2;3;1;B02
201300018787;0;7;0;0;2;3;13;A01
201300018788;0;33;0;0;2;1;1;A01
201300018788;0;7;0;0;2;2;15;B02
201300018788;0;7;0;8;2;1;21;C03
201300018789;0;33;0;0;0;3;1;A01
201300018790;0;7;0;13;0;1;15;A01
201300018791;0;7;0;0;2;3;1;B02
201300018791;0;7;0;0;2;3;13;A01
201300018792;0;33;0;0;2;1;17;A01
201300018792;0;7;0;0;0;3;1;B02
201300018793;0;7;0;0;1;2;1;A01
201300018794;0;14;0;0;2;3;0;B02
201300018794;0;7;0;0;2;7;13;A01
201300018794;0;7;0;0;2;1;0;C03
201300018795;0;10;0;0;2;3;16;A01
201300018795;0;7;0;0;2;3;17;B02
201300018796;0;7;0;0;2;1;1;B02
201300018796;0;7;0;0;2;3;13;A01
201300018797;0;2;0;0;2;4;2;B02
201300018797;0;10;0;0;2;1;2;A01
201300018798;0;7;0;0;2;1;1;B02
201300018798;0;7;0;0;2;3;1;A01
201300018799;0;7;0;0;0;1;1;B02
201300018799;0;33;0;0;2;1;1;A01
201300018800;0;7;0;14;0;1;18;A01
201300018801;0;7;0;13;0;1;13;A01
201300018802;0;7;0;13;0;2;1;A01
201300018803;0;10;0;0;2;3;19;A01
201300018803;0;7;0;0;2;2;1;B02
201300018804;0;7;0;0;2;3;1;A01
201300018804;0;10;0;0;2;8;0;B02
201300018805;0;7;0;0;0;9;13;A01
201300018806;0;7;0;0;2;7;19;A01
201300018806;0;7;0;0;2;1;1;B02
201300018807;0;31;0;0;2;2;1;A01
201300018807;0;7;0;0;2;7;19;B02
201300018808;0;7;0;8;2;1;17;A01
201300018808;0;7;0;0;2;3;15;B02
201300018809;0;33;0;0;2;6;2;A01
201300018809;0;33;0;0;2;2;2;B02
201300018810;0;7;0;0;0;3;15;A01
201300018810;0;31;0;0;2;1;17;B02
201300018811;0;31;0;0;0;1;1;A01
201300018812;0;7;0;0;2;8;13;A01
201300018812;0;7;0;0;2;1;1;B02
201300018813;0;7;0;0;2;3;13;A01
201300018813;0;7;0;0;2;3;1;B02
201300018814;0;7;0;13;0;9;1;A01
201300018815;0;33;0;0;0;8;1;A01
201300018816;0;30;0;0;2;1;2;A01
201300018816;0;7;0;0;0;5;2;B02
201300018817;0;7;0;0;2;1;1;A01
201300018817;0;17;0;0;2;8;15;B02
201300018818;0;33;0;3;0;8;17;A01
201300018819;0;7;0;0;5;1;1;A01
201300018820;0;7;0;2;0;0;0;A01
201300018821;0;7;0;0;5;3;2;A01
201300018822;0;7;0;6;0;1;13;A01
201300018823;0;7;0;0;9;8;19;A01
201300018823;0;1;0;0;2;1;1;B02
201300018824;0;14;0;0;2;3;1;B02
201300018824;0;7;0;0;2;1;1;A01
201300018825;0;7;0;0;9;1;1;A01
201300018825;0;1;0;0;0;3;15;B02
201300018826;0;7;0;0;2;4;1;B02
201300018826;0;10;0;0;2;1;1;A01
201300018827;0;7;0;0;2;1;15;A01
201300018827;0;33;0;0;2;1;1;B02
201300018828;0;7;0;0;2;1;1;B02
201300018828;0;7;0;0;2;2;15;A01
201300018829;0;14;0;0;2;3;1;A01
201300018829;0;7;0;0;2;5;15;B02
201300018829;0;7;0;3;2;5;1;C03
201300018829;0;10;0;3;2;2;1;D04
201300018830;0;7;0;0;2;1;1;B02
201300018830;0;1;0;0;2;7;19;A01
201300018831;0;7;0;0;1;1;1;A01
201300018832;0;7;0;0;2;3;1;A01
201300018832;0;7;0;0;2;3;13;B02
201300018833;0;30;0;0;2;1;1;A01
201300018833;0;7;0;0;2;1;1;B02
201300018834;0;7;0;0;2;1;1;C03
201300018834;0;10;0;0;2;1;1;A01
201300018834;0;7;0;0;2;4;15;B02
201300018835;0;7;0;0;2;3;1;A01
201300018835;0;10;0;0;2;6;1;B02
201300018836;0;7;0;0;2;1;13;A01
201300018836;0;10;0;0;2;1;1;B02
201300018837;0;7;0;0;0;4;23;B02
201300018837;0;7;0;0;2;1;2;A01
201300018838;0;7;0;2;0;2;1;A01
201300018839;0;7;0;13;0;9;1;A01
201300018840;0;7;0;0;2;5;15;A01
201300018840;0;33;0;0;2;1;1;B02
201300018841;0;7;0;0;2;1;13;A01
201300018841;0;7;0;0;2;1;1;B02
201300018842;0;33;0;3;0;1;1;B02
201300018842;0;33;0;3;0;1;1;A01
201300018843;0;3;0;0;2;4;1;B02
201300018843;0;7;0;0;2;2;13;A01
201300018844;0;7;0;0;2;3;17;A01
201300018844;0;7;0;0;2;3;1;B02
201300018845;0;7;0;8;0;2;1;A01
201300018846;0;7;0;8;0;1;13;A01
201300018847;0;21;0;0;0;6;15;C03
201300018847;0;7;0;0;2;1;0;B02
201300018847;0;7;0;0;2;3;1;A01
201300018848;0;10;0;13;0;2;1;A01
201300018849;0;7;0;2;0;3;1;A01
201300018850;0;7;0;6;0;1;1;A01
201300018851;0;7;0;6;0;2;1;A01
201300018852;0;31;0;0;2;1;0;A01
201300018852;0;7;0;0;2;2;11;B02
201300018853;0;7;0;0;2;4;10;B02
201300018853;0;15;0;0;2;2;1;A01
201300018854;0;7;0;0;2;2;19;B02
201300018854;0;7;0;0;2;8;23;C03
201300018854;0;31;0;0;2;1;1;A01
201300018855;0;33;0;16;0;0;1;A01
201300018856;0;7;0;0;2;2;15;A01
201300018856;0;2;0;0;2;7;1;B02
201300018857;0;7;0;2;0;9;1;A01
201300018858;0;7;0;0;2;1;1;B02
201300018858;0;10;0;0;2;2;15;A01
201300018859;0;7;0;13;0;1;13;A01
201300018860;0;7;0;0;2;1;1;A01
201300018860;0;1;0;0;2;8;19;B02
201300018861;0;7;0;0;2;3;1;B02
201300018861;0;2;0;0;2;1;13;A01
201300018862;0;7;0;0;2;1;1;B02
201300018862;0;7;0;0;2;1;13;A01
201300018863;0;7;0;8;2;7;17;A01
201300018863;0;10;0;0;2;8;15;B02
201300018864;0;7;0;0;2;1;17;A01
201300018864;0;7;0;0;2;6;15;B02
201300018865;0;7;0;0;2;1;5;A01
201300018865;0;7;0;0;2;1;1;B02
201300018866;0;7;0;0;9;3;1;B02
201300018866;0;1;0;0;2;8;13;A01
201300018867;0;7;0;6;0;3;1;A01
201300018868;0;33;0;8;0;2;1;A01
201300018869;0;7;0;0;2;1;15;B02
201300018869;0;30;0;0;2;1;1;A01
201300018870;0;7;0;0;0;8;1;B02
201300018870;0;1;0;0;2;8;1;A01
201300018871;0;7;0;0;1;2;1;A01
201300018872;0;7;0;0;0;9;1;A01
201300018873;0;10;0;0;2;3;1;B02
201300018873;0;7;0;13;2;3;5;A01
201300018874;0;21;0;6;0;1;1;A01
201300018875;0;7;0;14;2;8;1;A01
201300018875;0;7;0;0;2;1;1;B02
201300018876;0;10;0;1;0;3;1;A01
201300018876;0;17;0;0;2;5;0;B02
201300018877;0;7;0;0;2;1;2;A01
201300018877;0;17;0;0;0;4;1;B02
201300018878;0;7;0;0;2;1;19;A01
201300018878;0;2;0;0;2;7;1;B02
201300018879;0;2;0;0;2;7;14;B02
201300018879;0;2;0;1;2;1;1;A01
201300018880;0;7;0;0;0;1;1;B02
201300018880;0;7;0;0;2;1;5;A01
201300018881;0;2;0;0;2;7;14;B02
201300018881;0;7;0;0;9;7;13;A01
201300018882;0;21;0;0;0;8;14;A01
201300018883;0;7;0;0;2;7;1;B02
201300018883;0;7;0;0;2;1;1;A01
201300018884;0;7;0;0;2;7;13;A01
201300018884;0;15;0;0;2;1;1;B02
201300018885;0;2;0;0;2;1;1;B02
201300018885;0;10;0;0;2;3;15;A01
201300018886;0;10;0;0;2;1;1;C03
201300018886;0;17;0;0;2;0;1;A01
201300018887;0;17;0;0;0;1;14;A01
201300018887;0;17;0;0;0;5;13;B02
201300018887;0;17;0;0;2;3;13;C03
201300018888;0;7;0;0;2;3;1;B02
201300018888;0;7;0;0;2;3;13;A01
201300018889;0;7;0;0;1;1;1;A01
201300018890;0;32;0;0;0;0;0;A01
201300018891;0;7;0;0;1;2;1;A01
201300018892;0;7;0;15;0;2;1;A01
201300018893;0;10;0;0;0;4;15;A01
201300018893;0;14;0;0;0;1;1;B02
201300018893;0;20;0;0;0;1;0;C03
201300018894;0;7;0;4;0;3;17;A01
201300018895;0;7;0;2;0;7;1;A01
201300018896;0;7;0;0;2;1;13;B02
201300018896;0;7;0;0;2;1;0;A01
201300018897;0;7;0;0;2;8;15;A01
201300018897;0;33;0;0;2;1;17;B02
201300018898;0;7;0;2;0;8;13;A01
201300018899;0;33;0;0;2;1;2;B02
201300018899;0;7;0;0;2;4;15;A01
201300018900;0;7;0;0;2;7;1;A01
201300018900;0;7;0;0;2;1;19;B02
201300018901;0;7;0;0;1;2;1;A01
201300018902;0;7;0;0;2;1;13;A01
201300018902;0;7;0;0;2;1;1;B02
201300018902;0;7;0;0;2;1;1;C03
201300018903;0;10;0;0;1;6;4;A01
201300018904;0;7;0;0;2;1;1;A01
201300018904;0;7;0;0;2;1;1;B02
201300018905;0;7;0;0;2;1;1;B02
201300018905;0;7;0;0;2;1;1;A01
201300018906;0;7;0;13;0;3;1;A01
201300018907;0;7;0;6;0;2;14;A01
201300018908;0;7;0;0;0;3;1;A01
201300018908;0;7;0;0;0;3;1;B02
201300018909;0;33;0;0;2;1;13;A01
201300018909;0;7;0;0;2;3;1;B02
201300018910;0;17;0;2;0;2;1;A01
201300018911;0;33;0;0;2;3;17;A01
201300018911;0;7;0;0;0;3;1;B02
201300018912;0;7;0;0;2;1;2;A01
201300018912;0;7;0;0;0;4;2;C03
201300018912;0;7;0;0;0;4;2;B02
201300018913;0;1;0;0;2;4;1;A01
201300018913;0;7;0;0;0;3;1;B02
201300018914;0;7;0;2;0;1;14;A01
201300018915;0;7;0;0;1;2;1;A01
201300018916;0;7;0;0;2;9;17;A01
201300018916;0;7;0;0;2;1;1;C03
201300018916;0;7;0;0;2;8;1;B02
201300018917;0;7;0;2;0;1;1;A01
201300018918;0;10;0;16;0;0;1;A01
201300018919;0;10;0;0;2;7;1;A01
201300018919;0;2;0;0;2;1;13;B02
201300018920;0;7;0;10;0;1;13;A01
201300018921;0;7;0;2;0;2;13;A01
201300018922;0;33;0;0;0;0;1;A01
201300018922;0;7;0;0;9;1;1;B02
201300018923;0;7;0;0;2;3;0;A01
201300018923;0;7;0;0;2;3;1;C03
201300018923;0;99;0;0;2;8;1;D04
201300018923;0;7;0;0;2;8;0;B02
201300018924;0;7;0;1;1;2;1;A01
201300018925;0;14;0;0;0;5;17;A01
201300018925;0;33;0;0;2;2;1;B02
201300018926;0;7;0;0;2;1;2;B01
201300018926;0;7;0;0;2;8;19;A02
201300018927;0;7;0;0;2;1;13;A01
201300018927;0;7;0;0;2;1;0;B02
201300018928;0;7;0;0;2;3;13;A01
201300018928;0;10;0;0;2;8;21;B02