num_acc;senc;catv;occutc;obs;obsm;choc;manv;num_veh
201300018929;0;7;0;0;2;1;1;A01
201300018929;0;7;0;0;2;4;23;B02
201300018929;0;17;0;0;0;0;23;C03
201300018930;0;7;0;0;2;2;17;A01
201300018930;0;7;0;0;2;2;2;B02
201300018931;0;7;0;0;2;1;1;A01
201300018931;0;7;0;0;2;7;19;B02
201300018931;0;7;0;0;2;1;23;C03
201300018932;0;7;0;0;2;3;15;A01
201300018932;0;33;0;0;2;1;1;B02
201300018933;0;7;0;0;9;7;1;A01
201300018933;0;1;0;0;0;1;1;B02
201300018934;0;7;0;0;2;1;1;B02
201300018934;0;7;0;0;2;7;1;C03
201300018934;0;7;0;0;2;2;16;A01
201300018935;0;7;0;14;0;0;1;A01
201300018936;0;7;0;0;2;3;13;A01
201300018936;0;17;0;2;2;3;1;B02
201300018937;0;21;0;0;2;6;15;B02
201300018937;0;7;0;0;2;3;1;A01
201300018938;0;30;0;0;2;1;1;B02
201300018938;0;7;0;0;2;2;9;A01
201300018939;0;10;0;0;2;6;15;A01
201300018939;0;33;0;0;2;1;17;B02
201300018940;0;7;0;9;1;3;1;A01
201300018941;0;7;0;0;1;2;1;A01
201300018942;0;7;0;0;1;2;1;A01
201300018943;0;1;0;0;2;1;9;A01
201300018943;0;7;0;0;2;2;1;B02
201300018944;0;10;0;0;1;1;1;A01
201300018945;0;7;0;0;2;1;1;A01
201300018945;0;10;0;0;2;4;1;B02
201300018946;0;7;0;8;0;8;1;A01
201300018947;0;7;0;1;0;2;14;A01
201300018948;0;7;0;0;2;7;17;A01
201300018948;0;7;0;0;2;1;1;B02
201300018949;0;7;0;0;6;1;13;A01
201300018949;0;7;0;0;2;1;1;B02
201300018950;0;7;0;6;0;1;1;A01
201300018951;0;31;0;6;0;1;14;A01
201300018952;0;7;0;0;1;3;16;A01
201300018953;0;7;0;0;0;1;13;A01
201300018953;0;7;0;0;0;1;1;B02
201300018954;0;30;0;0;4;4;16;A01
201300018954;0;39;0;0;2;3;1;B02
201300018955;0;7;0;0;2;1;13;A01
201300018955;0;14;0;0;2;3;21;B02
201300018955;0;7;0;0;2;1;1;C03
201300018955;0;7;0;0;2;1;1;D04
201300018955;0;7;0;0;2;7;21;E05
201300018956;0;7;0;0;2;3;13;A01
201300018956;0;7;0;0;2;3;1;B02
201300018957;0;2;0;0;2;1;1;A01
201300018957;0;7;0;0;2;3;15;B02
201300018958;0;14;0;0;2;1;1;A01
201300018958;0;7;0;0;2;4;1;B02
201300018958;0;10;0;0;2;4;1;C03
201300018959;0;7;0;0;2;1;13;A01
201300018959;0;7;0;0;2;3;1;B02
201300018960;0;7;0;0;1;3;1;A01
201300018961;0;7;0;6;0;9;1;A01
201300018962;0;30;0;12;0;9;1;A01
201300018963;0;7;0;0;2;1;1;A01
201300018963;0;7;0;0;2;3;15;B02
201300018964;0;7;0;0;2;2;1;B02
201300018964;0;7;0;0;2;5;13;A01
201300018965;0;7;0;0;2;3;13;A01
201300018965;0;7;0;0;2;3;1;B02
201300018966;0;7;0;0;2;8;10;A01
201300018966;0;7;0;0;2;1;1;B02
201300018967;0;30;0;0;2;1;2;A01
201300018968;0;7;0;0;0;0;15;A01
201300018969;0;7;0;0;1;0;21;A01
201300018969;0;10;0;0;0;0;4;B02
201300018970;0;7;0;0;2;1;5;A01
201300018970;0;14;0;0;2;1;1;B02
201300018971;0;30;0;0;9;1;1;A01
201300018971;0;1;0;0;2;1;1;B02
201300018972;0;33;0;0;9;1;2;A01
201300018972;0;1;0;0;0;8;10;B02
201300018973;0;7;0;0;2;1;15;B02
201300018973;0;30;0;0;2;1;1;A01
201300018974;0;36;0;0;0;2;1;A01
201300018974;0;33;0;0;0;1;1;B02
201300018975;0;33;0;6;0;0;23;A01
201300018976;0;33;0;0;2;3;13;A01
201300018976;0;7;0;0;2;6;2;C03
201300018976;0;7;0;0;2;3;1;B02
201300018977;0;1;0;0;2;7;19;B02
201300018977;0;7;0;0;2;1;1;A01
201300018978;0;7;0;2;0;8;1;A01
201300018979;0;7;0;0;0;0;13;A01
201300018979;0;7;0;0;2;3;1;C03
201300018979;0;7;0;0;2;3;21;B02
201300018980;0;7;0;0;2;2;13;A01
201300018980;0;7;0;0;2;2;1;B02
201300018981;0;7;0;0;2;1;1;B02
201300018981;0;7;0;0;2;7;0;A01
201300018982;0;10;0;0;0;6;10;A01
201300018982;0;33;0;0;2;1;1;B02
201300018983;0;15;0;0;2;1;1;A01
201300018983;0;7;0;0;2;8;19;B02
201300018984;0;7;0;2;0;3;1;A01
201300018985;0;33;0;0;0;8;1;A01
201300018986;0;7;0;0;9;2;1;A01
201300018986;0;1;0;0;2;1;19;B02
201300018987;0;30;0;0;2;1;13;A01
201300018987;0;10;0;0;2;1;1;B02
201300018988;0;7;0;0;0;2;15;A01
201300018988;0;7;0;12;0;1;1;B02
201300018989;0;7;0;0;2;3;1;A01
201300018989;0;17;0;0;2;3;1;B02
201300018990;0;7;0;0;1;3;19;A01
201300018991;0;30;0;0;2;1;1;B02
201300018991;0;7;0;0;2;1;1;A01
201300018992;0;7;0;13;0;1;0;A01
201300018993;0;1;0;0;2;9;1;B02
201300018993;0;15;0;0;2;7;1;A01
201300018994;0;7;0;0;2;8;1;B02
201300018994;0;7;0;0;2;3;1;A01
201300018995;0;7;0;0;2;3;1;B02
201300018995;0;7;0;0;2;3;13;A01
201300018996;0;7;0;0;2;2;1;A01
201300018996;0;7;0;0;2;7;19;B02
201300018997;0;14;0;0;9;2;2;A01
201300018997;0;1;0;0;2;4;2;B02
201300018998;0;7;0;0;1;2;1;A01
201300018999;0;7;0;0;2;2;15;A01
201300018999;0;7;0;0;2;3;1;B02
201300019000;0;2;0;0;2;0;1;A01
201300019001;0;30;0;9;0;1;1;A01
201300019002;0;2;0;0;2;2;1;B02
201300019002;0;7;0;0;2;3;19;A01
201300019003;0;33;0;0;2;1;1;A01
201300019003;0;1;0;0;2;4;1;B02
201300019004;0;7;0;0;2;3;13;A01
201300019004;0;7;0;0;2;3;1;B02
201300019005;0;1;0;0;5;7;1;A01
201300019006;0;30;0;0;2;1;13;A01
201300019006;0;7;0;0;2;3;1;B02
201300019007;0;15;0;0;2;2;15;A01
201300019007;0;1;0;0;2;1;1;B02
201300019008;0;7;0;0;2;3;13;A01
201300019008;0;7;0;0;2;3;1;B02
201300019009;0;15;0;0;2;3;1;B02
201300019009;0;10;0;0;2;3;13;A01
201300019010;0;7;0;0;2;3;1;C03
201300019010;0;7;0;4;0;2;15;A01
201300019010;0;7;0;0;2;1;1;B02
201300019011;0;7;0;3;0;1;11;A01
201300019012;0;2;0;4;0;0;14;A01
201300019013;0;7;0;0;1;1;1;A01
201300019014;0;7;0;0;2;1;1;B02
201300019014;0;7;0;0;2;1;17;A01
201300019015;0;7;0;0;1;8;1;A01
201300019016;0;7;0;13;0;1;17;A01
201300019017;0;10;0;0;1;2;1;A01
201300019018;0;7;0;0;2;3;9;A01
201300019018;0;1;0;0;2;1;1;B02
201300019019;0;1;0;0;2;1;1;B02
201300019019;0;7;0;0;2;3;9;A01
201300019020;0;7;0;0;1;2;2;A01
201300019021;0;7;0;6;0;9;13;A01
201300019022;0;10;0;0;2;5;17;A01
201300019022;0;33;0;0;2;8;1;B02
201300019023;0;7;0;0;2;1;1;A01
201300019023;0;7;0;0;2;3;1;B02
201300019023;0;7;0;0;2;1;1;C03
201300019023;0;7;0;0;2;3;1;D04
201300019024;0;7;0;0;1;1;1;A01
201300019025;0;7;0;0;2;3;16;B02
201300019025;0;99;0;0;2;7;19;A01
201300019026;0;7;0;6;0;2;1;A01
201300019027;0;7;0;13;0;1;17;A01
201300019028;0;7;0;16;0;0;13;A01
201300019029;0;7;0;0;2;3;1;B02
201300019029;0;7;0;3;2;2;1;A01
201300019030;0;7;0;0;0;7;0;A01
201300019031;0;7;0;0;1;1;1;A01
201300019032;0;7;0;0;2;3;17;A01
201300019032;0;7;0;0;2;3;1;B02
201300019033;0;7;0;0;0;3;19;A01
201300019033;0;7;0;0;2;1;1;B02
201300019034;0;14;0;13;0;1;1;A01
201300019035;0;7;0;8;0;2;0;A01
201300019036;0;30;0;0;2;1;1;A01
201300019036;0;7;0;0;2;2;1;B02
201300019037;0;7;0;2;0;1;0;A01
201300019038;0;10;0;2;0;1;1;A01
201300019039;0;7;0;0;2;2;1;A01
201300019039;0;7;0;0;2;8;15;B02
201300019040;0;31;0;13;0;1;16;A01
201300019041;0;7;0;0;2;1;1;A01
201300019041;0;1;0;0;2;3;15;B02
201300019042;0;7;0;0;2;3;16;A01
201300019042;0;1;0;0;2;1;1;B02
201300019043;0;7;0;2;0;1;1;A01
201300019044;0;7;0;1;0;1;1;A01
201300019045;0;7;0;13;0;1;13;A01
201300019046;0;7;0;0;2;8;19;A01
201300019046;0;15;0;0;2;1;1;B02
201300019047;0;7;0;0;1;1;1;A01
201300019048;0;7;0;6;2;8;15;A01
201300019048;0;7;0;0;2;1;1;B02
201300019049;0;7;0;0;2;1;13;A01
201300019049;0;10;0;0;2;1;1;B02
201300019050;0;33;0;0;2;3;1;B02
201300019050;0;7;0;0;2;3;1;A01
201300019051;0;7;0;0;2;3;1;B02
201300019051;0;7;0;0;2;3;13;A01
201300019051;0;7;0;0;2;1;1;C03
201300019052;0;10;0;6;0;1;1;A01
201300019053;0;30;0;0;2;1;1;A01
201300019053;0;7;0;0;2;5;15;B02
201300019054;0;7;0;0;2;3;19;A01
201300019054;0;7;0;0;2;3;1;B02
201300019055;0;33;0;0;2;1;13;A01
201300019055;0;7;0;0;2;1;1;B02
201300019056;0;7;0;0;2;4;1;C03
201300019056;0;33;0;0;2;4;1;B02
201300019056;0;7;0;0;2;1;1;A01
201300019057;0;7;0;0;2;2;15;A01
201300019057;0;31;0;0;2;1;1;B02
201300019058;0;7;0;0;2;3;13;A01
201300019058;0;7;0;0;2;3;1;B02
201300019059;0;7;0;0;2;7;15;A01
201300019059;0;7;0;0;2;1;1;B02
201300019060;0;7;0;0;2;3;1;B02
201300019060;0;7;0;0;2;3;1;A01
201300019061;0;7;0;13;0;9;1;A01
201300019062;0;10;0;0;2;1;1;A01
201300019062;0;7;0;0;2;4;23;B02
201300019062;0;7;0;0;2;4;23;C03
201300019062;0;7;0;0;2;4;23;D04
201300019063;0;7;0;6;0;2;1;A01
201300019064;0;10;0;0;2;2;1;B02
201300019064;0;10;0;0;2;4;1;C03
201300019064;0;7;0;0;2;2;13;A01
201300019064;0;7;0;0;2;1;1;D04
201300019065;0;7;0;0;2;3;1;A01
201300019065;0;7;0;0;2;5;1;B02
201300019066;0;7;0;0;2;7;1;D04
201300019066;0;33;0;0;2;1;1;A01
201300019066;0;7;0;0;2;8;1;C03
201300019066;0;7;0;0;2;4;2;B02
201300019067;0;33;0;4;9;1;17;A01
201300019068;0;7;0;1;1;3;17;A01
201300019069;0;7;0;0;1;1;1;A01
201300019070;0;33;0;0;2;4;1;A01
201300019070;0;7;0;0;2;1;9;B02
201300019071;0;7;0;3;0;2;14;A01
201300019072;0;31;0;0;2;1;1;B02
201300019072;0;7;0;0;0;7;15;A01
201300019073;0;36;0;2;0;1;1;A01
201300019074;0;7;0;0;2;1;1;B02
201300019074;0;7;0;0;2;3;15;A01
201300019075;0;7;0;13;0;9;1;A01
201300019076;0;7;0;0;2;2;15;A01
201300019076;0;7;0;0;2;1;1;B02
201300019076;0;7;0;0;2;1;23;C03
201300019077;0;7;0;0;2;1;1;B02
201300019077;0;7;0;0;2;1;13;A01
201300019078;0;1;0;0;2;4;1;B02
201300019078;0;10;0;0;2;2;1;A01
201300019079;0;7;0;6;0;1;19;A01
201300019080;0;10;0;0;2;3;15;A01
201300019080;0;33;0;0;2;1;1;B02
201300019081;0;7;0;0;2;3;21;B02
201300019082;0;2;0;0;2;1;1;B02
201300019082;0;17;0;0;2;3;1;A01
201300019083;0;7;0;0;2;7;24;B02
201300019083;0;7;0;3;2;1;2;A01
201300019083;0;7;0;0;2;1;21;C03
201300019084;0;31;0;0;2;1;1;B02
201300019084;0;7;0;0;2;2;15;A01
201300019085;0;7;0;0;2;6;2;B02
201300019085;0;33;0;0;2;1;2;A01
201300019086;0;7;0;2;0;9;1;A01
201300019087;0;7;0;0;1;4;4;A01
201300019088;1;7;0;0;1;2;1;A01
201300019089;0;14;0;2;0;3;14;A01
201300019090;0;7;0;3;0;1;1;A01
201300019091;0;7;0;0;1;1;1;A01
201300019092;0;7;0;0;2;7;15;A01
201300019092;0;30;0;0;2;1;1;B02
201300019093;0;7;0;13;0;9;1;A01
201300019094;0;10;0;2;0;1;0;A01
201300019095;0;10;0;0;2;4;15;B02
201300019095;0;33;0;0;2;1;1;A01
201300019096;0;7;0;0;2;3;9;A01
201300019096;0;2;0;0;2;2;1;B02
201300019097;0;7;0;0;0;1;1;A01
201300019097;0;33;0;0;0;1;1;B02
201300019098;0;7;0;0;9;2;1;A01
201300019098;0;1;0;0;2;8;1;B02
201300019099;0;7;0;6;0;3;1;A01
201300019100;0;7;0;0;1;2;1;A01
201300019101;0;7;0;13;0;3;13;A01
201300019102;0;7;0;0;2;2;13;A01
201300019102;0;15;0;0;2;1;1;B02
201300019103;0;7;0;2;0;1;1;A01
201300019104;0;7;0;0;2;1;1;B02
201300019104;0;7;0;0;2;3;19;A01
201300019105;0;10;0;0;2;2;15;A01
201300019105;0;33;0;0;2;1;1;B02
201300019106;2;7;0;2;0;9;1;A01
201300019107;0;7;0;0;1;3;1;A01
201300019108;0;7;0;0;2;7;1;B02
201300019108;0;30;0;0;2;1;9;A01
201300019109;0;7;0;0;2;1;1;B02
201300019109;0;7;0;0;2;7;13;A01
201300019110;0;7;0;0;2;1;1;B02
201300019110;0;2;0;0;2;1;11;A01
201300019111;2;7;0;0;2;3;1;A01
201300019111;0;7;0;0;2;3;1;B02
201300019112;0;7;0;13;0;1;1;A01
201300019113;0;33;0;0;2;1;1;B02
201300019113;0;7;0;0;2;5;15;A01
201300019114;0;32;0;15;0;1;0;A01
201300019115;0;7;0;8;0;7;1;A01
201300019116;0;10;0;2;0;2;13;A01
201300019117;0;35;0;0;0;0;1;A01
201300019118;0;7;0;13;0;1;13;A01
201300019119;0;33;0;0;0;7;1;A01
201300019119;0;7;0;0;0;2;1;B02
201300019120;0;7;0;6;0;1;1;A01
201300019121;0;7;0;16;0;9;19;A01
201300019122;1;7;0;1;1;3;17;A01
201300019123;0;30;0;0;2;1;0;A01
201300019123;0;7;0;0;2;2;1;B02
201300019124;0;38;0;0;2;8;19;A01
201300019124;0;7;0;0;2;1;1;B02
201300019125;0;1;0;0;2;1;5;A01
201300019125;0;7;0;0;2;5;15;B02
201300019126;0;1;0;0;2;4;13;B02
201300019126;0;15;0;0;2;3;1;A01
201300019127;0;7;0;2;0;8;1;A01
201300019128;0;33;0;13;0;1;2;A01
201300019129;0;33;0;1;0;1;14;A01
201300019130;0;10;0;6;0;1;0;A01
201300019131;0;33;0;0;0;0;1;A01
201300019132;0;14;0;0;0;0;1;A01
201300019133;0;7;0;0;2;2;1;A01
201300019133;0;1;0;0;2;1;15;B02
201300019134;0;7;0;6;0;7;1;A01
201300019135;0;33;0;6;0;1;1;A01
201300019136;0;7;0;0;2;3;1;A01
201300019136;0;33;0;0;2;5;12;B02
201300019137;0;3;0;0;2;4;23;B02
201300019137;0;10;0;0;2;1;1;A01
201300019138;0;10;0;0;2;3;1;A01
201300019138;0;10;0;0;2;3;13;B02
201300019139;0;33;0;0;0;7;1;A01
201300019140;0;1;0;0;2;1;1;B02
201300019140;0;13;0;0;2;2;15;A01
201300019141;0;7;0;0;1;2;1;A01
201300019142;0;30;0;16;0;9;0;A01
201300019143;0;7;0;2;0;2;14;A01
201300019144;0;7;0;0;2;9;1;B02
201300019144;0;7;0;0;2;3;1;A01
201300019145;0;1;0;0;2;8;19;A01
201300019145;0;7;0;0;2;2;1;B02
201300019146;0;10;0;0;2;1;1;A01
201300019146;0;7;0;0;2;1;13;B02
201300019147;0;7;0;0;2;1;1;A01
201300019147;0;7;0;0;2;3;19;B02
201300019148;0;7;0;13;0;1;14;A01
201300019149;0;7;0;7;0;9;14;A01
201300019150;0;17;0;0;0;6;1;B02
201300019150;0;1;0;0;2;1;19;A01
201300019151;0;7;0;0;2;8;15;B02
201300019151;0;14;0;0;2;1;1;A01
201300019152;0;7;0;0;0;4;23;A01
201300019152;0;7;0;1;0;1;1;B02
201300019153;0;7;0;2;0;1;1;A01
201300019154;0;7;0;13;0;8;1;A01
201300019155;0;10;0;0;2;1;13;A01
201300019155;0;10;0;0;2;1;1;B02
201300019156;0;7;0;0;1;3;1;A01
201300019157;0;7;0;0;1;1;1;A01
201300019158;0;7;0;13;0;1;1;A01
201300019159;0;14;0;0;2;2;15;A01
201300019159;0;33;0;0;2;1;1;B02
201300019160;0;10;0;0;2;3;1;B02
201300019160;0;10;0;0;2;3;1;A01
201300019161;0;7;0;2;0;3;14;A01
201300019162;0;7;0;0;0;8;1;A01
201300019163;0;7;0;0;2;3;1;A01
201300019163;0;33;0;0;2;1;1;B02
201300019164;0;31;0;13;0;1;1;A01
201300019165;0;33;0;0;2;1;1;C03
201300019165;0;7;0;0;2;8;23;A01
201300019165;0;7;0;0;2;8;1;B02
201300019166;0;31;0;0;2;1;17;A01
201300019166;0;7;0;0;2;6;15;B02
201300019167;0;1;0;0;2;1;1;B02
201300019167;0;7;0;0;2;3;9;A01
201300019168;0;33;0;0;2;1;2;B02
201300019168;0;7;0;0;2;3;15;A01
201300019169;0;7;0;0;2;1;23;C03
201300019169;0;33;0;0;2;2;1;B02
201300019169;0;7;0;0;2;5;15;A01
201300019170;2;7;0;0;2;1;19;A01
201300019170;0;33;0;0;2;1;1;B02
201300019171;0;31;0;0;2;8;1;B02
201300019171;0;7;0;0;2;1;0;A01
201300019172;0;7;0;0;2;3;1;B02
201300019172;0;10;0;0;2;3;1;A01
201300019173;0;33;0;8;0;1;1;A01
201300019174;0;10;0;3;0;0;14;A01
201300019175;0;7;0;0;2;5;15;A01
201300019175;0;7;0;0;2;2;1;B02
201300019176;0;7;0;0;2;1;13;A01
201300019176;0;7;0;0;2;3;1;B02
201300019177;0;7;0;0;1;1;1;A01
201300019178;0;30;0;0;4;7;19;A01
201300019178;0;39;0;0;2;3;1;B02
201300019179;0;7;0;0;2;3;13;A01
201300019179;0;7;0;0;2;3;1;B02
201300019180;0;7;0;0;0;8;14;A01
201300019180;0;33;0;0;2;1;17;B02
201300019181;0;1;0;16;9;0;0;A01
201300019181;0;1;0;0;9;0;0;B02
201300019182;0;7;0;0;2;3;13;A01
201300019182;0;15;0;0;2;3;1;B02
201300019183;0;7;0;8;0;2;14;A01
201300019184;0;7;0;0;1;5;1;A01
201300019185;0;7;0;0;2;1;2;A01
201300019185;0;1;0;0;2;5;2;B02
201300019186;0;7;0;0;2;3;11;A01
201300019186;0;2;0;0;2;2;17;B02
201300019187;0;33;0;0;2;1;17;A01
201300019187;0;17;0;0;2;0;1;B02
201300019188;0;7;0;0;1;3;15;A01
201300019189;0;7;0;0;2;8;1;C03
201300019189;0;31;0;0;2;3;3;B02
201300019189;0;33;0;0;2;3;3;A01
201300019190;0;7;0;0;1;2;1;A01
201300019191;0;7;0;0;2;3;1;A01
201300019191;0;7;0;0;2;3;17;B02
201300019192;0;7;0;2;0;3;1;A01
201300019193;0;2;0;0;2;1;1;A01
201300019193;0;10;0;0;2;3;15;B02
201300019194;0;30;0;0;2;7;15;A01
201300019194;0;7;0;0;2;1;1;B02
201300019195;0;34;0;0;1;1;1;A01
201300019196;0;7;0;2;0;1;14;A01
201300019197;0;7;0;8;0;1;13;A01
201300019198;0;17;0;0;2;3;1;A01
201300019198;0;7;0;0;2;1;13;B02
201300019199;0;17;0;0;0;7;17;A01
201300019200;0;7;0;0;2;2;15;A01
201300019200;0;33;0;0;2;7;1;B02
201300019201;0;33;0;0;2;1;1;B02
201300019201;0;7;0;0;2;3;19;A01
201300019202;0;30;0;0;2;2;2;B02
201300019202;0;7;0;0;2;3;15;A01
201300019203;0;7;0;2;0;1;1;A01
201300019204;0;33;0;0;2;8;15;B02
201300019204;0;7;0;0;2;2;15;A01
201300019205;0;7;0;8;0;1;16;A01
201300019206;0;33;0;0;2;1;1;B02
201300019206;0;7;0;0;2;7;15;A01
201300019207;0;7;0;0;2;3;1;A01
201300019207;0;7;0;0;2;7;16;B02
201300019208;0;7;0;0;1;1;1;A01
201300019209;0;7;0;8;0;2;0;A01
201300019210;0;33;0;0;2;0;1;B02
201300019210;0;7;0;0;2;3;16;A01
201300019211;0;30;0;0;2;1;1;A01
201300019211;0;7;0;0;2;3;1;B02
201300019212;0;21;0;0;2;4;1;B02
201300019212;0;7;0;0;2;1;1;A01
201300019213;0;15;0;1;0;1;14;A01
201300019213;0;15;0;0;0;4;24;B02
201300019214;0;10;0;4;0;1;1;A01
201300019215;0;7;0;13;0;2;1;A01
201300019216;0;7;0;0;2;3;15;A01
201300019216;0;1;0;0;2;1;1;B02
201300019217;0;7;0;13;0;2;14;A01
201300019218;0;7;0;0;2;3;1;A01
201300019218;0;31;0;0;2;3;19;B02
201300019219;0;7;0;0;1;4;20;A01
201300019220;0;7;0;13;0;9;1;A01
201300019221;0;30;0;2;0;1;1;A01
201300019222;0;10;0;0;2;3;13;A01
201300019222;0;7;0;0;2;3;1;B02
201300019223;0;2;0;0;2;1;1;A01
201300019223;0;7;0;0;2;1;17;B02
201300019224;0;7;0;2;0;7;14;A01
201300019225;0;7;0;0;2;8;21;B02
201300019225;0;7;0;0;2;3;13;A01
201300019225;0;7;0;0;2;1;21;C03
201300019226;0;7;0;0;2;1;2;A01
201300019226;0;1;0;0;2;4;2;B02
201300019227;0;7;0;0;2;1;15;A01
201300019227;0;1;0;0;2;8;19;B02
201300019228;0;33;0;0;2;1;1;A01
201300019228;0;10;0;0;2;3;1;B02
201300019229;0;10;0;0;1;1;20;A01
201300019230;0;17;0;0;2;1;2;A01
201300019230;0;7;0;0;2;4;23;B01
201300019231;0;7;0;0;2;1;13;A01
201300019231;0;7;0;0;2;1;1;B01
201300019232;0;2;0;15;4;2;1;A01
201300019232;0;39;80;0;2;1;1;B01
201300019233;0;7;0;15;2;1;1;A01
201300019233;0;7;0;0;2;7;20;B01
201300019234;0;7;0;0;2;1;13;A01
201300019234;0;7;0;0;2;1;1;B01
201300019235;0;15;0;0;2;4;23;A01
201300019235;0;15;0;14;2;2;1;B01
201300019235;0;7;0;14;0;2;21;C01
201300019235;0;7;0;14;2;1;1;D01
201300019236;0;7;0;0;1;1;15;A01
201300019237;0;7;0;1;1;3;1;A01
201300019238;1;32;0;0;1;0;0;A01
201300019239;0;33;0;0;2;1;17;A01
201300019239;0;7;0;0;2;8;15;B01
201300019240;0;7;0;0;2;4;23;A01
201300019240;0;7;0;0;2;1;1;B01
201300019241;0;7;0;0;2;1;1;A01
201300019241;0;7;0;0;2;4;1;B01
201300019242;0;7;0;0;2;4;23;A01
201300019242;0;30;0;0;2;1;1;B01
201300019243;0;7;0;0;2;4;4;A01
201300019243;0;7;0;0;2;1;1;B01
201300019244;0;7;0;8;2;1;1;A01
201300019244;2;7;0;0;2;1;13;Z01
201300019245;0;2;0;0;2;1;17;A01
201300019245;0;7;0;0;2;6;15;B01
201300019246;0;7;0;0;2;1;15;A01
201300019246;0;7;0;0;2;1;1;B01
201300019247;0;7;0;0;2;4;23;A01
201300019247;0;7;0;0;2;1;1;B01
201300019248;0;2;0;9;0;1;14;A01
201300019249;0;7;0;0;1;1;1;A01
201300019250;0;32;0;0;2;7;17;A01
201300019250;0;7;0;0;2;8;15;B01
201300019251;0;7;0;0;2;2;1;A01
201300019251;0;7;0;0;2;1;15;B01
201300019252;0;7;0;0;2;5;1;A01
201300019252;0;7;0;0;2;1;1;B01
201300019253;0;31;0;13;0;1;13;A01
201300019254;0;30;0;0;2;1;1;A01
201300019254;0;7;0;0;2;4;23;B01
201300019255;0;7;0;0;2;7;17;A01
201300019255;0;30;0;0;2;8;1;B01
201300019256;0;7;0;0;2;8;15;B01
201300019256;0;33;0;1;0;7;1;A01
201300019257;0;7;0;0;2;1;17;A01
201300019257;0;33;0;0;2;1;1;B01
201300019258;0;10;0;6;0;2;21;A01
201300019258;0;7;0;0;2;0;1;B01
201300019259;0;17;0;15;2;2;14;A01
201300019259;0;16;0;3;2;6;23;B01
201300019260;0;2;0;0;2;1;16;B01
201300019260;0;7;0;0;2;2;1;A01
201300019261;0;10;0;8;0;1;14;A01
201300019262;0;30;0;12;0;1;1;A01
201300019263;0;7;0;0;2;4;23;A01
201300019263;0;7;0;0;2;1;1;B01
201300019264;0;7;0;0;2;1;1;A01
201300019264;0;7;0;0;2;4;1;B01
201300019264;0;7;0;0;2;4;1;C01
201300019265;0;7;0;13;0;1;1;A01
201300019266;0;7;0;3;0;1;13;A01
201300019267;0;7;0;0;2;1;1;B01
201300019267;0;7;0;0;2;3;16;A01
201300019268;0;7;0;0;1;1;1;A01
201300019269;0;33;0;0;2;2;9;A01
201300019269;0;7;0;0;2;6;1;B01
201300019270;0;7;0;0;2;2;1;A01
201300019270;0;7;0;0;2;1;16;B01
201300019271;0;2;0;0;2;1;1;A01
201300019271;0;7;0;0;2;6;20;B01
201300019272;0;2;0;0;2;1;6;A01
201300019272;0;7;0;0;2;2;1;B01
201300019273;0;7;0;0;1;1;1;A01
201300019274;0;30;0;1;2;1;1;A01
201300019274;0;7;0;0;2;6;15;B01
201300019275;0;7;0;0;1;1;1;A01
201300019276;0;30;0;8;0;1;1;A01
201300019277;0;10;0;0;1;2;1;A01
201300019278;0;7;0;0;2;2;1;A01
201300019278;0;2;0;0;2;1;1;B01
201300019279;0;35;0;2;0;0;1;A01
201300019280;0;7;0;0;9;1;1;A01
201300019281;0;7;0;0;2;4;15;A01
201300019281;0;1;0;0;2;1;1;B01
201300019282;0;2;0;8;0;1;14;A01
201300019283;0;30;0;0;2;1;1;A01
201300019283;0;7;0;0;2;4;23;B01
201300019284;0;7;0;0;2;4;16;A01
201300019284;0;7;0;0;2;1;1;B01
201300019285;0;7;0;0;2;4;16;A01
201300019285;0;7;0;0;2;1;1;B01
201300019286;0;7;0;1;0;2;14;A01
201300019287;0;7;0;0;1;4;4;A01
201300019288;0;10;0;0;1;8;1;A01
201300019289;0;7;0;0;2;4;1;A01
201300019289;0;7;0;0;2;4;1;B01
201300019289;0;10;0;0;2;4;1;C01
201300019290;0;7;0;0;2;4;23;B01
201300019290;0;1;0;0;2;1;2;A01
201300019291;0;33;0;9;0;1;1;A01
201300019292;0;17;0;3;2;1;6;A01
201300019292;0;7;0;0;2;1;1;B01
201300019293;0;7;0;0;1;1;1;A01
201300019294;0;7;0;0;2;1;1;A01
201300019294;0;7;0;0;2;4;16;B01
201300019295;0;7;0;0;1;8;1;A01
201300019296;0;7;0;0;2;1;15;A01
201300019296;0;7;0;0;2;1;1;B01
201300019296;0;7;0;0;2;1;16;C01
201300019297;0;7;0;0;2;1;13;A01
201300019297;0;7;0;0;2;1;1;B01
201300019298;0;7;0;0;2;3;10;A01
201300019298;0;1;0;0;2;1;2;B01
201300019299;0;30;0;12;0;1;14;A01
201300019300;0;30;0;0;1;1;1;A01
201300019300;0;7;0;0;2;3;1;B01
201300019301;0;7;0;0;1;1;1;A01
201300019302;0;7;0;6;0;1;14;A01
201300019303;0;7;0;0;2;4;1;A01
201300019303;0;10;0;0;2;1;1;B01
201300019304;0;2;0;14;0;1;1;A01
201300019305;0;10;0;0;1;1;1;A01
201300019306;0;7;0;0;2;4;15;A01
201300019306;0;33;0;0;2;3;1;B01
201300019307;0;7;0;0;1;1;1;A01
201300019308;0;13;0;0;2;6;15;A01