num_acc;senc;catv;occutc;obs;obsm;choc;manv;num_veh
201300019308;0;32;0;0;2;3;17;B01
201300019309;0;7;0;0;2;1;13;A01
201300019309;0;15;0;0;2;1;1;B01
201300019310;0;7;0;0;2;1;1;A01
201300019310;0;1;0;0;2;4;9;B01
201300019311;1;7;0;0;1;1;1;A01
201300019312;0;7;0;0;2;3;15;A01
201300019312;0;1;0;0;2;5;16;B01
201300019313;0;7;0;0;2;8;1;B01
201300019313;0;30;0;0;2;1;1;A01
201300019314;0;10;0;0;2;5;17;A01
201300019314;0;1;0;0;2;8;1;B01
201300019315;0;31;0;0;2;8;2;A01
201300019315;0;7;0;0;2;2;2;B01
201300019316;0;32;0;6;0;1;1;A01
201300019317;0;10;0;6;0;1;1;A01
201300019318;0;7;0;0;2;1;2;A01
201300019318;0;10;0;0;2;4;23;B01
201300019319;0;7;0;8;0;1;1;A01
201300019320;0;7;0;0;1;1;1;A01
201300019321;0;7;0;0;2;2;15;A01
201300019321;0;30;0;0;2;1;1;B01
201300019322;0;7;0;6;0;1;1;A01
201300019323;0;7;0;8;0;1;1;A01
201300019324;0;7;0;0;2;2;2;A01
201300019324;0;1;0;0;0;6;2;B02
201300019325;0;7;0;0;2;1;2;A01
201300019325;0;21;0;0;0;4;2;B02
201300019326;0;7;0;0;0;2;17;B02
201300019326;0;7;0;0;0;3;15;A01
201300019327;0;7;0;0;2;1;1;A01
201300019327;0;7;0;0;0;4;1;B02
201300019328;0;7;0;0;0;2;1;B02
201300019328;0;7;0;0;0;1;1;A01
201300019329;0;7;0;13;0;3;13;A01
201300019330;0;30;0;0;0;1;1;A01
201300019331;0;14;0;0;1;7;2;A01
201300019332;0;7;0;0;1;2;17;A01
201300019333;0;10;0;0;2;1;2;A01
201300019333;0;7;0;0;2;4;2;B01
201300019334;0;2;0;0;2;8;1;B01
201300019334;0;7;0;0;0;5;1;A01
201300019335;0;2;0;0;2;7;1;B01
201300019335;0;7;0;0;2;8;9;A01
201300019336;0;1;0;0;1;1;0;A01
201300019337;0;7;0;0;0;0;1;A01
201300019338;0;7;0;13;0;1;0;A01
201300019339;0;2;0;1;0;1;1;A01
201300019339;0;7;0;0;2;6;1;B01
201300019340;0;7;0;0;2;1;2;B01
201300019340;0;7;0;0;0;4;1;A01
201300019341;0;2;0;0;0;7;1;A01
201300019342;0;7;0;0;1;1;1;A01
201300019343;0;1;0;0;2;8;1;B01
201300019343;0;7;0;0;2;1;1;A01
201300019344;0;2;0;0;0;7;1;A01
201300019345;0;7;0;0;2;4;2;B01
201300019345;0;7;0;0;2;4;2;C01
201300019345;0;7;0;0;2;1;2;A01
201300019346;0;7;0;0;2;1;2;A01
201300019346;0;7;0;0;2;4;2;B01
201300019347;0;1;0;0;2;7;1;B01
201300019347;0;10;0;0;2;1;9;A01
201300019348;0;3;0;0;2;1;1;B01
201300019348;0;7;0;0;2;7;10;A01
201300019349;0;30;0;0;0;7;0;A01
201300019349;0;7;0;0;0;1;1;B01
201300019350;0;1;0;0;2;8;1;B01
201300019350;0;7;0;0;2;2;1;A01
201300019351;0;2;0;0;2;1;1;B01
201300019351;0;7;0;0;2;6;15;A01
201300019352;0;7;0;0;2;7;21;A01
201300019352;0;30;0;0;2;1;15;B01
201300019353;0;30;0;0;0;7;1;A01
201300019354;0;2;0;0;5;7;1;A01
201300019355;0;7;0;0;0;1;1;A01
201300019355;0;7;0;0;0;1;1;B01
201300019356;0;7;0;0;1;2;1;A01
201300019357;0;10;0;0;1;2;16;A01
201300019358;0;7;0;0;0;1;1;A01
201300019358;0;1;0;0;2;7;1;B01
201300019359;0;7;0;0;0;1;1;A01
201300019359;0;1;0;0;2;1;0;B01
201300019360;0;7;0;0;1;1;1;A01
201300019361;0;2;0;0;0;8;0;A01
201300019362;0;7;0;2;0;1;0;A01
201300019363;0;7;0;0;0;8;15;A01
201300019363;0;33;0;0;2;1;17;B01
201300019364;0;7;0;0;0;1;0;A01
201300019364;0;7;0;0;0;8;1;B01
201300019365;0;7;0;0;2;3;1;B01
201300019365;0;7;0;0;2;1;0;A01
201300019366;0;7;0;0;0;9;0;A01
201300019367;0;30;0;0;0;0;0;A01
201300019368;0;2;0;0;0;0;0;A01
201300019369;0;33;0;0;2;1;2;A01
201300019369;0;7;0;0;2;5;15;B01
201300019370;0;30;0;0;2;1;0;B01
201300019370;0;7;0;0;2;1;0;A01
201300019371;0;7;0;0;2;2;0;B01
201300019371;0;7;0;0;2;1;0;A01
201300019372;0;10;0;0;2;3;15;A01
201300019372;0;30;0;0;2;1;17;B01
201300019373;0;1;0;0;2;7;0;B01
201300019373;0;7;0;0;2;3;0;A01
201300019374;0;33;0;0;0;4;1;A01
201300019374;1;7;0;0;2;1;2;Z01
201300019375;0;30;0;0;2;1;2;A01
201300019375;0;7;0;0;2;5;1;B01
201300019376;0;7;0;0;2;4;2;B01
201300019376;0;7;0;0;2;1;2;A01
201300019377;0;7;0;0;0;4;2;A01
201300019377;0;7;0;0;2;4;2;B01
201300019377;0;7;0;0;2;1;2;C01
201300019378;0;30;0;0;2;3;13;A01
201300019378;0;7;0;0;2;8;1;B01
201300019379;0;7;0;0;9;7;0;A01
201300019379;0;1;0;0;2;8;0;B01
201300019380;0;7;0;0;0;7;0;A01
201300019380;0;37;1;0;2;1;0;B01
201300019381;0;7;0;0;9;1;0;A01
201300019381;0;1;0;0;2;8;1;B01
201300019382;0;10;0;0;2;1;2;A01
201300019382;0;7;0;0;0;5;2;B01
201300019383;0;10;0;0;1;1;0;A01
201300019384;0;30;0;0;2;1;15;A01
201300019384;0;31;0;0;0;8;1;B01
201300019385;0;7;0;0;2;4;2;B01
201300019385;0;7;0;0;2;1;2;A01
201300019386;0;30;0;0;2;7;13;A01
201300019386;0;7;0;0;2;8;1;B01
201300019387;0;7;0;0;1;1;1;A01
201300019388;0;10;0;0;2;6;1;A01
201300019388;0;10;0;0;2;3;1;B01
201300019389;0;7;0;0;2;3;0;B01
201300019389;0;7;0;0;2;3;1;C01
201300019389;0;7;0;0;2;2;1;A01
201300019390;0;7;0;2;0;1;1;A01
201300019391;0;7;0;0;2;3;9;A01
201300019391;0;1;0;1;2;7;1;B01
201300019392;0;2;0;0;2;3;1;B01
201300019392;0;7;0;0;2;2;15;A01
201300019393;0;33;0;0;2;1;2;A01
201300019393;0;7;0;0;2;4;1;B01
201300019394;0;7;0;0;2;1;9;A01
201300019394;0;1;0;0;2;7;1;B01
201300019395;0;7;0;0;2;1;1;B01
201300019395;0;7;0;0;2;1;1;A01
201300019396;0;7;0;0;2;1;2;A01
201300019396;0;7;0;0;2;4;1;B01
201300019397;0;33;0;0;2;1;2;A01
201300019397;0;7;0;0;2;4;1;B01
201300019398;0;7;0;0;2;2;15;B01
201300019398;0;1;0;0;2;1;1;A01
201300019399;0;7;0;0;2;6;15;A01
201300019399;0;7;0;0;2;3;1;B01
201300019400;0;1;0;0;2;1;1;B01
201300019400;0;7;0;0;2;1;1;A01
201300019401;0;7;0;0;1;1;1;A01
201300019402;0;33;0;0;0;8;1;A01
201300019403;0;7;0;0;2;1;2;C01
201300019403;0;7;0;0;2;4;1;B01
201300019403;0;7;0;0;2;1;2;A01
201300019403;0;7;0;0;2;4;2;E01
201300019403;0;7;0;0;2;4;1;D01
201300019404;0;7;0;8;0;3;0;A01
201300019405;0;7;0;0;2;1;1;B01
201300019405;0;7;0;0;2;2;1;A01
201300019406;0;7;0;0;2;1;16;A01
201300019406;0;2;0;0;2;1;1;B01
201300019407;0;7;0;0;2;4;2;B01
201300019407;0;7;0;0;2;1;2;A01
201300019408;0;7;0;0;2;1;1;B01
201300019408;0;10;0;0;2;3;0;A01
201300019409;0;1;0;0;0;7;0;B01
201300019409;0;7;0;0;0;0;0;A01
201300019410;1;7;0;0;0;0;17;Z01
201300019410;0;1;0;0;2;8;2;B01
201300019411;0;7;0;0;2;4;23;B01
201300019411;0;7;0;0;2;1;2;A01
201300019411;0;10;0;0;2;4;23;C01
201300019412;0;7;0;0;2;2;9;B01
201300019412;0;2;0;0;2;8;1;A01
201300019413;0;7;0;0;2;7;15;A01
201300019413;0;32;0;0;2;1;1;B01
201300019414;0;30;0;0;2;1;2;A01
201300019414;0;7;0;0;2;4;1;B01
201300019415;0;7;0;6;0;1;0;A01
201300019416;0;7;0;0;1;3;1;A01
201300019417;0;1;0;0;2;8;0;B01
201300019417;0;7;0;0;2;2;16;A01
201300019418;0;1;0;0;2;8;1;B01
201300019418;0;7;0;0;2;1;9;A01
201300019419;0;7;0;0;1;1;1;A01
201300019420;0;2;0;0;2;8;1;A01
201300019420;0;7;0;0;2;1;1;B01
201300019421;0;33;0;2;0;1;0;A01
201300019422;0;7;0;0;1;4;4;A01
201300019423;0;7;0;0;2;3;18;A01
201300019423;0;14;0;0;2;2;1;B01
201300019424;0;1;0;0;0;0;0;B01
201300019424;0;7;0;0;0;0;0;A01
201300019425;0;7;0;0;2;2;15;A01
201300019425;0;30;0;0;2;1;1;B01
201300019426;0;7;0;3;0;1;13;A01
201300019427;0;31;0;3;0;0;1;A01
201300019428;0;2;0;0;2;1;1;B01
201300019428;0;7;0;0;2;3;15;A01
201300019429;0;7;0;0;2;0;15;A01
201300019429;0;7;0;0;2;0;2;B01
201300019430;0;7;0;0;1;1;1;A01
201300019431;0;7;0;0;0;0;0;A01
201300019431;0;7;0;0;0;2;0;B01
201300019432;0;7;0;0;2;1;1;A01
201300019432;0;1;0;0;2;1;15;B01
201300019433;0;7;0;0;1;1;0;A01
201300019434;0;30;0;0;2;1;9;A01
201300019434;0;7;0;0;2;2;1;B01
201300019435;0;7;0;0;1;0;0;A01
201300019436;0;2;0;0;0;0;1;A01
201300019437;0;7;0;0;2;1;0;B01
201300019437;0;7;0;0;2;2;0;A01
201300019438;0;32;0;0;2;4;9;B01
201300019438;0;7;0;0;2;1;9;A01
201300019439;0;30;0;0;0;0;0;A01
201300019439;0;7;0;0;0;0;0;B01
201300019440;0;7;0;6;0;1;1;A01
201300019441;0;33;0;0;2;7;1;B01
201300019441;0;7;0;0;2;1;0;A01
201300019442;0;2;0;0;0;1;1;A01
201300019443;0;7;0;0;2;1;1;A01
201300019443;0;30;0;0;2;4;1;B01
201300019444;0;30;0;0;0;0;0;B01
201300019444;0;7;0;0;0;0;0;A01
201300019445;0;30;0;0;2;1;1;A01
201300019445;0;7;0;0;2;4;9;B01
201300019446;0;7;0;0;1;1;1;A01
201300019447;0;7;0;15;0;1;1;A01
201300019448;0;7;0;0;2;1;19;A01
201300019448;0;7;0;0;2;3;1;B01
201300019449;0;7;0;0;0;0;0;A01
201300019449;0;7;0;0;0;0;0;B01
201300019450;0;7;0;0;1;1;1;A01
201300019451;0;7;0;0;2;4;1;B01
201300019451;0;7;0;0;2;1;1;A01
201300019452;0;30;0;0;2;4;1;A01
201300019452;0;10;0;0;2;1;1;B01
201300019453;0;37;1;0;0;0;0;A01
201300019453;0;30;0;0;0;0;0;B01
201300019454;0;30;0;0;0;1;0;A01
201300019455;0;30;0;16;0;0;1;A01
201300019456;0;7;0;0;1;2;16;A01
201300019457;0;7;0;0;0;0;0;A01
201300019457;0;32;0;0;0;0;0;B01
201300019458;0;7;0;0;2;7;14;A01
201300019458;0;7;0;0;2;8;1;B01
201300019459;0;32;0;0;2;3;0;B01
201300019459;0;7;0;0;0;1;0;A01
201300019460;0;7;0;0;2;1;0;A01
201300019460;0;33;0;0;2;0;0;B01
201300019461;0;7;0;13;0;0;9;A01
201300019462;0;7;0;3;0;2;14;A01
201300019463;0;7;0;14;0;1;0;A01
201300019464;0;30;0;0;0;7;0;A01
201300019465;0;2;0;0;1;1;13;A01
201300019466;0;7;0;0;0;0;0;A01
201300019466;0;7;0;0;0;0;0;B01
201300019467;0;33;0;0;2;1;1;A01
201300019467;1;7;0;0;2;8;10;Z01
201300019468;0;7;0;0;2;3;24;C01
201300019468;0;7;0;0;2;1;1;B01
201300019468;0;7;0;0;2;2;1;A01
201300019469;0;7;0;0;0;0;0;B01
201300019469;0;7;0;0;0;0;0;A01
201300019470;0;1;0;0;2;1;1;B01
201300019470;0;7;0;0;2;2;16;A01
201300019471;0;7;0;0;0;0;0;A01
201300019471;0;1;0;0;0;0;0;B01
201300019472;0;33;0;1;0;1;13;A01
201300019473;0;7;0;0;2;8;13;A01
201300019473;0;31;0;0;2;7;17;B01
201300019474;0;7;0;0;0;0;0;A01
201300019475;0;13;0;0;2;0;0;B01
201300019475;0;33;0;0;0;0;0;A01
201300019476;0;7;0;0;1;1;1;A01
201300019477;0;1;0;0;0;3;0;A01
201300019477;0;7;0;0;0;0;0;B01
201300019478;0;7;0;2;0;1;1;A01
201300019479;0;31;0;0;2;0;0;B01
201300019479;0;7;0;0;2;3;0;D01
201300019479;0;7;0;0;2;5;0;C01
201300019479;0;13;0;0;2;4;0;A01
201300019480;0;7;0;0;2;0;0;A01
201300019480;0;30;0;0;2;0;0;B01
201300019481;0;7;0;0;2;4;1;B01
201300019481;0;7;0;0;2;1;1;A01
201300019482;0;7;0;4;0;3;1;A01
201300019483;0;33;0;0;5;0;0;A01
201300019484;0;1;0;0;2;3;1;B01
201300019484;0;7;0;0;2;2;12;A01
201300019485;1;99;0;0;1;1;1;A01
201300019486;1;30;0;0;1;0;0;A01
201300019487;0;7;0;2;0;1;0;A01
201300019488;0;33;0;0;2;0;1;B01
201300019488;0;1;0;0;2;1;9;A01
201300019489;0;7;0;0;2;1;0;A01
201300019489;0;33;0;0;2;1;0;B01
201300019490;0;1;0;0;2;2;1;B01
201300019490;0;7;0;0;2;1;16;A01
201300019491;0;7;0;0;1;1;1;A01
201300019492;0;30;0;0;2;0;0;A01
201300019492;0;7;0;0;2;0;0;B01
201300019493;0;30;0;0;0;0;0;B01
201300019493;0;7;0;0;0;0;0;A01
201300019494;0;7;0;0;1;1;1;A01
201300019495;0;7;0;0;1;1;1;A01
201300019496;0;2;0;0;0;0;1;A01
201300019497;1;99;0;0;2;0;0;B01
201300019497;0;1;0;0;2;0;1;A01
201300019498;0;33;0;0;0;8;1;A01
201300019499;0;7;0;0;9;0;12;A01
201300019499;0;1;0;0;2;0;0;B01
201300019500;0;7;0;0;0;9;0;A01
201300019501;0;7;0;0;2;4;1;B01
201300019501;0;30;0;0;2;1;1;A01
201300019502;0;2;0;0;2;2;0;B01
201300019502;0;7;0;0;2;0;9;A01
201300019503;1;7;0;0;2;2;1;A01
201300019503;0;2;0;0;2;3;1;B01
201300019504;0;1;0;0;0;0;1;B01
201300019504;0;7;0;0;2;0;1;A01
201300019505;0;7;0;0;2;0;9;A01
201300019505;0;1;0;0;2;0;9;B01
201300019506;0;7;0;0;1;0;0;A01
201300019507;0;1;0;0;0;1;1;B01
201300019507;0;7;0;0;0;3;1;A01
201300019508;0;7;0;0;2;4;1;A01
201300019508;1;99;0;0;0;0;0;B01
201300019509;0;37;1;0;0;8;15;A01
201300019509;0;2;0;0;2;2;1;B01
201300019510;1;99;0;0;0;0;0;A01
201300019510;0;1;0;0;2;0;21;B01
201300019511;0;2;0;0;0;0;0;B01
201300019511;0;7;0;0;0;3;0;A01
201300019512;0;7;0;13;0;7;14;A01
201300019513;0;7;0;0;2;4;1;A01
201300019513;0;7;0;0;2;1;1;B01
201300019514;0;7;0;0;2;1;1;B01
201300019514;0;7;0;0;0;0;10;A01
201300019515;0;7;0;0;1;0;0;A01
201300019516;0;30;0;0;2;2;0;B01
201300019516;0;7;0;0;0;2;9;A01
201300019517;0;33;0;12;0;1;1;A01
201300019518;2;7;0;1;0;0;2;A01
201300019519;0;7;0;0;2;1;1;B01
201300019519;0;7;0;0;2;1;1;A01
201300019520;1;7;0;0;1;1;0;A01
201300019521;1;7;0;0;2;0;15;Z01
201300019521;0;30;0;0;2;8;1;A01
201300019522;0;30;0;0;0;0;0;A01
201300019522;0;7;0;0;0;0;0;B01
201300019523;0;2;0;0;1;1;17;A01
201300019524;0;7;0;0;2;2;16;A01
201300019524;0;2;0;0;2;2;18;B01
201300019525;0;7;0;1;0;1;1;A01
201300019526;0;2;0;0;2;1;2;A01
201300019526;0;7;0;0;2;8;11;B01
201300019527;0;7;0;0;1;0;0;A01
201300019528;0;7;0;0;2;2;1;A01
201300019528;0;30;0;0;2;3;1;B01
201300019529;0;10;0;0;2;1;1;B01
201300019529;1;7;0;0;2;1;1;A01
201300019530;0;7;0;0;1;2;0;A01
201300019531;0;7;0;0;2;2;1;B01
201300019531;0;7;0;0;2;2;1;A01
201300019532;0;7;0;0;2;1;0;A01
201300019532;0;7;0;0;2;3;0;B01
201300019533;0;2;0;0;2;1;9;A01
201300019533;0;7;0;0;2;7;0;B01
201300019534;0;31;0;0;2;1;1;B01
201300019534;0;7;0;0;2;6;15;A01
201300019535;0;34;0;0;2;1;0;A01
201300019535;0;7;0;0;9;6;4;B01
201300019536;0;33;0;0;2;1;2;A01
201300019536;0;7;0;0;0;4;0;B01
201300019537;0;7;0;3;0;0;0;A01
201300019538;0;7;0;0;2;4;0;B01
201300019538;0;7;0;0;0;1;0;A01
201300019539;0;7;0;0;1;1;0;A01
201300019540;0;7;0;0;0;7;10;A01
201300019540;0;33;0;0;2;1;0;B01
201300019541;0;7;0;0;0;6;2;A01
201300019541;0;34;0;0;2;1;2;B01
201300019542;0;7;0;8;0;1;0;A01
201300019543;0;7;0;0;0;0;0;A01
201300019544;0;1;0;0;2;1;2;A01
201300019544;0;7;0;0;0;4;0;B01
201300019545;0;7;0;0;0;4;0;C01
201300019545;0;7;0;0;0;4;0;B01
201300019545;0;7;0;1;0;1;1;A01
201300019546;0;7;0;0;2;1;0;A01
201300019546;0;7;0;0;2;3;0;B01
201300019547;0;1;0;0;2;8;1;B01
201300019547;0;7;0;0;2;1;15;A01
201300019548;0;7;0;0;1;3;1;A01
201300019549;0;7;0;0;0;8;15;B01
201300019549;0;32;0;0;0;1;0;A01
201300019550;0;32;0;0;0;7;0;A01
201300019550;0;7;0;0;0;3;0;B01
201300019551;0;7;0;0;0;1;0;A01
201300019552;0;20;0;0;0;4;0;B01
201300019552;0;7;0;0;2;1;0;A01
201300019553;0;30;0;0;0;1;0;B01
201300019553;0;7;0;0;0;8;0;A01
201300019554;1;7;0;0;1;1;0;Z01
201300019555;0;7;0;1;0;1;1;A01
201300019556;1;7;0;0;0;6;15;Z01
201300019556;0;32;0;0;2;1;1;B01
201300019557;0;7;0;0;0;5;15;B01
201300019557;0;32;0;0;2;1;1;A01
201300019558;0;7;0;0;0;1;0;A01
201300019559;0;7;0;0;1;3;0;A01
201300019560;0;33;0;0;0;0;0;A01
201300019561;0;7;0;0;2;1;0;B01
201300019561;0;7;0;0;2;2;0;A01
201300019562;0;33;0;0;0;0;1;A01
201300019563;0;7;0;0;2;2;10;A01
201300019563;0;33;0;0;2;2;2;B01
201300019564;0;7;0;0;1;1;0;A01
201300019565;0;7;0;0;2;0;0;B01
201300019565;0;7;0;0;2;1;0;A01
201300019566;0;7;0;1;2;1;0;A01
201300019566;0;7;0;0;2;4;0;B01
201300019567;0;30;0;0;2;7;0;B01
201300019568;0;7;0;0;2;0;0;B01
201300019568;0;7;0;0;2;1;2;A01
201300019568;0;7;0;0;2;4;2;C01
201300019569;0;7;0;16;0;1;0;A01
201300019570;0;30;0;5;0;0;0;A01
201300019571;0;32;0;0;2;4;2;B01
201300019571;0;7;0;0;9;1;2;A01
201300019572;0;7;0;2;0;9;0;A01
201300019573;0;7;0;0;0;0;0;A01
201300019574;0;7;0;0;2;1;0;B01
201300019574;1;7;0;0;0;4;0;Z01
201300019575;0;7;0;0;0;4;0;A01
201300019575;0;7;0;0;2;1;0;D01
201300019575;0;7;0;0;2;1;0;C01
201300019575;0;7;0;0;2;1;0;B01
201300019576;0;7;0;1;2;1;2;A01
201300019576;0;7;0;0;0;0;0;C01
201300019576;0;7;0;0;0;0;0;B01
201300019577;0;7;0;0;1;4;20;A01
201300019578;1;7;0;0;0;0;0;Z01
201300019578;0;1;0;0;2;8;0;A01
201300019579;0;3;0;0;1;0;0;A01
201300019580;0;33;0;7;0;0;0;A01
201300019581;1;10;0;0;1;0;0;Z01
201300019582;0;7;0;15;0;9;0;A01
201300019583;0;7;0;0;2;0;0;B01
201300019583;0;33;0;0;2;0;0;A01
201300019584;0;7;0;0;1;1;0;A01
201300019585;0;7;0;0;2;3;0;C01
201300019585;0;7;0;0;0;6;2;B01
201300019585;0;33;0;0;2;8;17;A01
201300019586;0;7;0;0;1;1;1;A01
201300019587;0;7;0;2;0;1;0;A01
201300019588;0;7;0;0;2;1;2;B01
201300019588;0;7;0;0;1;3;0;A01
201300019589;0;7;0;0;0;3;15;A01
201300019589;0;1;0;0;2;1;0;Y01
201300019590;0;30;0;0;2;1;0;A01
201300019590;0;7;0;0;0;0;0;B01
201300019591;0;2;0;12;0;0;1;A01
201300019592;0;30;0;0;2;7;17;A01
201300019592;0;7;0;0;2;8;0;B01
201300019593;0;7;0;0;0;8;15;B01
201300019593;0;33;0;0;2;4;17;A01
201300019594;0;7;0;0;0;0;0;A01
201300019595;0;32;0;0;1;1;0;A01
201300019596;0;7;0;0;2;1;2;A01
201300019596;0;7;0;0;2;6;0;B01
201300019597;0;30;0;0;2;0;5;A01
201300019597;1;7;0;0;2;1;5;Z01
201300019598;0;7;0;0;1;1;0;A01
201300019599;0;7;0;0;2;3;15;A01
201300019599;0;2;0;0;2;1;0;B01
201300019600;0;7;0;0;1;1;1;A01
201300019600;0;7;0;0;2;1;0;B01
201300019600;0;7;0;0;2;1;0;C01
201300019601;0;33;0;0;1;1;0;A01
201300019602;0;7;0;0;1;1;0;A01
201300019603;0;7;0;12;0;0;0;A01
201300019604;0;7;0;0;2;0;0;B01
201300019604;0;7;0;0;0;3;0;A01
201300019605;0;33;0;0;2;7;0;B01
201300019605;0;7;0;0;0;1;15;A01
201300019606;0;7;0;0;2;1;1;A01
201300019606;0;7;0;0;0;4;1;B01
201300019607;0;1;0;0;2;1;1;A01
201300019607;0;7;0;0;0;4;1;B01
201300019608;0;7;0;0;1;0;1;A01
201300019609;0;7;0;0;2;8;9;B01
201300019609;0;7;0;0;2;1;9;A01
201300019610;0;33;0;0;2;1;1;B01
201300019610;0;7;0;0;2;0;15;A01
201300019611;0;2;0;0;2;0;0;B01
201300019611;0;7;0;0;2;0;0;A01
201300019612;0;2;0;0;2;0;0;A01
201300019612;0;7;0;0;2;0;0;B01
201300019613;0;7;0;0;1;1;1;A01
201300019614;0;7;0;0;2;8;0;B01
201300019614;0;7;0;0;2;1;1;A01
201300019615;0;30;0;0;2;1;1;B01
201300019615;0;7;0;0;2;8;15;A01
201300019616;0;7;0;0;0;8;1;B01
201300019616;0;30;0;0;2;1;0;A01
201300019617;0;30;0;0;2;1;2;A01
201300019617;0;13;0;0;0;4;2;B01
201300019618;0;7;0;0;2;4;2;B01
201300019618;0;7;0;0;2;1;2;A01
201300019619;0;33;0;0;0;1;1;A01
201300019619;0;13;0;0;0;4;15;B01
201300019620;0;7;0;0;0;0;0;A01
201300019620;0;7;0;0;0;0;0;B01
201300019621;0;7;0;0;0;0;0;A01
201300019621;0;1;0;1;0;0;0;B01
201300019622;0;7;0;0;0;2;0;A01
201300019622;0;7;0;0;0;6;0;B01
201300019623;0;7;0;0;0;3;13;A01
201300019623;0;7;0;0;0;8;1;B02
201300019623;0;7;0;0;0;3;1;C03
201300019624;0;7;0;0;2;3;1;A01
201300019624;0;20;0;0;2;3;1;B02
201300019625;0;7;0;4;0;1;1;A01
201300019626;0;7;0;4;0;3;1;A01
201300019627;0;7;0;4;0;3;2;A01
201300019628;0;33;0;0;2;1;13;A01
201300019628;0;15;0;0;2;3;1;B02
201300019629;0;17;0;0;2;6;1;B02
201300019629;0;7;0;0;2;3;1;A01
201300019630;0;7;0;0;2;4;1;B02
201300019630;0;7;0;0;2;1;1;A01
201300019631;0;7;0;3;0;1;1;A01
201300019632;0;10;0;0;2;1;12;A01
201300019632;0;17;0;0;2;4;1;B02
201300019633;0;7;0;0;0;9;1;A01
201300019634;0;7;0;0;2;3;9;B01
201300019634;0;30;0;0;2;8;2;A01
201300019635;0;7;0;0;1;2;1;A01
201300019636;0;7;0;0;2;1;1;A01
201300019636;0;7;0;0;2;4;1;B01
201300019637;0;7;0;0;2;4;1;B01
201300019637;0;7;0;0;2;1;1;A01
201300019638;0;7;0;0;0;1;1;A01
201300019639;0;2;0;0;2;1;1;A01
201300019639;0;7;0;0;0;8;15;B01
201300019640;0;2;0;0;1;1;1;A01
201300019641;0;7;0;0;2;8;20;A01
201300019641;0;33;0;0;2;8;17;B01
201300019642;0;30;0;0;2;2;1;B01
201300019642;0;7;0;0;2;3;9;A01
201300019643;0;7;0;0;2;4;2;B01
201300019643;0;30;0;0;2;1;2;A01
201300019644;0;7;0;9;0;1;1;A01
201300019645;0;7;0;0;2;8;1;B01
201300019645;0;2;0;0;2;1;9;A01
201300019646;0;7;0;0;1;1;1;A01
201300019647;0;7;0;0;1;1;1;A01
201300019648;0;7;0;0;1;1;1;A01
201300019649;0;2;0;6;0;1;1;A01
201300019650;0;2;0;0;2;1;17;A01
201300019650;0;7;0;1;2;3;15;B01
201300019651;0;7;0;3;0;1;1;A01
201300019652;0;1;0;0;0;4;1;B01
201300019652;0;7;0;0;9;1;1;A01
201300019653;0;7;0;0;1;1;1;A01
201300019654;0;7;0;2;0;1;1;A01
201300019655;0;7;0;0;1;1;1;A01
201300019656;0;7;0;15;0;1;0;A01
201300019657;0;15;0;0;2;1;2;A01
201300019657;0;7;0;0;0;4;2;B01
201300019658;0;2;0;0;2;1;1;B01
201300019658;0;7;0;1;2;7;20;A01
201300019659;0;7;0;0;2;4;23;B01
201300019659;0;7;0;0;2;4;23;C01
201300019659;0;7;0;0;0;4;23;D01
201300019659;0;7;0;0;2;1;1;A01
201300019660;0;7;0;0;1;1;0;A01
201300019661;0;7;0;3;0;1;0;A01
201300019662;0;30;0;0;2;1;1;A01
201300019662;0;7;0;0;0;4;23;B01
201300019663;0;7;0;0;0;9;14;A01
201300019664;1;7;0;0;2;3;15;A01
201300019664;0;2;0;0;2;1;17;B01
201300019665;0;7;0;0;0;0;0;B01
201300019665;0;2;0;0;0;0;0;A01
201300019666;0;7;0;0;0;0;0;A01
201300019666;0;30;0;0;0;0;0;B01
201300019667;0;30;0;0;2;0;0;B01
201300019667;0;7;0;0;2;0;0;A01
201300019668;0;7;0;0;0;0;0;A01
201300019669;0;7;0;0;0;0;0;A01
201300019669;0;33;0;0;0;0;0;B01
201300019670;0;33;0;0;0;0;0;A01
201300019670;0;7;0;0;0;0;0;B01
201300019671;0;7;0;0;0;0;0;A01
201300019671;0;7;0;0;0;0;0;B01
201300019672;0;7;0;0;0;0;0;A01
201300019672;0;7;0;0;0;0;0;B01
201300019673;0;7;0;0;1;0;0;A01
201300019674;0;7;0;0;0;0;0;A01
201300019674;0;30;0;0;0;0;0;B01
201300019675;0;7;0;0;0;4;23;B01
201300019675;0;2;0;0;0;0;1;A01
201300019676;0;10;0;0;0;1;1;A01
201300019676;0;1;0;0;0;4;1;B01
201300019677;0;7;0;0;0;1;15;A01
201300019677;0;30;0;0;0;1;1;B01
201300019678;0;3;0;0;2;1;1;A01
201300019678;0;7;0;0;0;4;23;B01
201300019679;0;7;0;0;2;1;1;A01
201300019679;0;7;0;0;0;4;23;B01
201300019680;0;7;0;0;0;0;0;A01
201300019680;0;1;0;0;0;0;0;B01
201300019681;0;7;0;2;0;1;0;A01
201300019682;0;7;0;0;0;4;15;B01
201300019682;0;7;0;0;2;1;1;A01
201300019683;0;7;0;0;0;4;0;A01
201300019683;0;7;0;0;0;1;1;B01
201300019684;0;7;0;0;1;1;1;A01
201300019685;0;2;0;0;2;1;1;A01
201300019685;0;7;0;0;2;3;15;B01
201300019686;0;2;0;0;1;1;1;A01
201300019687;0;7;0;0;1;1;1;A01
201300019688;0;7;0;13;0;1;0;A01
201300019689;0;2;0;0;2;1;1;B01
201300019689;0;7;0;0;2;2;9;A01
201300019690;0;7;0;0;0;4;1;A01