num_acc;senc;catv;occutc;obs;obsm;choc;manv;num_veh
201300019690;0;7;0;0;2;1;1;B01
201300019690;0;7;0;0;2;1;1;C01
201300019691;0;7;0;0;2;4;4;A01
201300019691;0;2;0;0;2;7;1;B01
201300019692;0;7;0;0;0;4;23;B01
201300019692;0;7;0;0;2;1;1;A01
201300019693;0;30;0;0;0;8;1;B01
201300019693;0;7;0;0;2;2;1;A01
201300019694;0;7;0;0;2;4;4;A01
201300019694;0;2;0;0;2;7;1;B01
201300019695;0;7;0;3;0;1;0;A01
201300019696;0;2;0;0;2;7;1;B01
201300019696;0;7;0;0;2;2;16;A01
201300019697;0;7;0;0;2;1;1;B01
201300019697;0;7;0;0;2;1;15;A01
201300019698;0;7;0;0;2;3;13;A01
201300019698;0;2;0;0;2;1;1;B01
201300019699;0;7;0;0;2;3;15;A01
201300019699;0;2;0;0;2;8;1;B01
201300019700;0;7;0;0;0;4;1;B01
201300019700;0;7;0;0;2;1;1;A01
201300019701;0;7;0;0;2;3;1;B01
201300019701;0;3;0;0;2;3;15;A01
201300019702;0;7;0;0;2;3;13;A01
201300019702;0;7;0;0;2;8;1;B01
201300019702;0;7;0;0;2;3;1;C01
201300019703;0;7;0;0;2;6;1;C03
201300019703;0;7;0;4;2;6;1;A01
201300019703;0;7;0;0;2;1;1;B02
201300019704;0;7;0;1;0;8;1;A01
201300019704;0;14;0;0;0;4;23;B02
201300019705;0;17;0;1;0;2;1;A01
201300019705;0;7;0;0;0;4;23;B02
201300019706;0;7;0;0;2;2;1;B02
201300019706;0;7;0;0;0;3;11;A01
201300019707;0;7;0;0;2;1;1;B02
201300019707;0;7;0;4;0;3;1;A01
201300019708;0;14;0;0;0;0;0;B02
201300019708;0;14;0;0;0;0;0;C03
201300019708;0;17;0;0;0;0;0;D04
201300019708;0;10;0;0;0;0;0;A01
201300019709;0;33;0;0;2;1;1;A01
201300019709;0;7;0;0;0;5;1;B02
201300019710;0;14;0;0;0;3;24;B02
201300019710;0;33;0;1;0;2;1;A01
201300019711;0;7;0;0;2;5;15;A01
201300019711;0;30;0;0;2;1;1;B02
201300019712;0;7;0;0;2;8;13;A01
201300019712;0;15;0;0;2;8;21;B02
201300019713;0;7;0;0;2;3;15;A01
201300019713;0;33;0;0;2;2;17;B02
201300019714;0;7;0;0;2;7;1;A01
201300019714;0;10;0;0;2;1;1;B02
201300019715;0;31;0;0;2;1;1;B02
201300019715;0;7;0;0;2;2;15;A01
201300019716;0;7;0;0;2;8;10;A01
201300019716;0;33;0;0;2;1;17;B02
201300019717;0;7;0;0;1;1;1;A01
201300019718;0;10;0;0;1;2;0;A01
201300019719;0;17;0;0;2;8;13;B02
201300019719;0;7;0;0;2;8;13;A01
201300019720;0;10;0;13;0;1;1;A01
201300019721;0;7;0;0;2;1;1;B02
201300019721;0;7;0;0;2;1;1;C03
201300019721;0;7;0;0;2;1;17;A01
201300019722;0;7;0;0;1;2;1;A01
201300019723;0;30;0;0;2;1;2;A01
201300019723;0;7;0;0;0;4;2;B02
201300019724;0;2;0;0;2;1;1;B02
201300019724;0;7;0;0;0;7;15;A01
201300019725;0;7;0;0;0;9;1;A01
201300019726;0;7;0;0;0;9;0;A01
201300019727;0;33;0;0;0;9;1;A01
201300019728;0;7;0;13;0;3;1;A01
201300019729;0;7;0;0;2;1;13;A01
201300019729;0;7;0;0;2;1;1;C03
201300019729;0;14;0;0;2;1;1;B02
201300019730;0;7;0;0;2;1;1;A01
201300019730;0;7;0;0;2;1;13;B02
201300019731;0;7;0;6;0;2;2;A01
201300019732;0;7;0;8;0;7;14;A01
201300019733;0;7;0;0;2;3;19;B02
201300019733;0;7;0;0;2;2;1;A01
201300019734;0;36;0;2;0;2;14;A01
201300019735;0;7;0;0;2;1;1;B02
201300019735;0;7;0;2;0;2;14;A01
201300019736;0;7;0;16;0;9;14;A01
201300019737;0;7;0;0;2;1;1;B02
201300019737;0;7;0;0;2;1;17;A01
201300019737;0;7;0;0;2;3;1;C03
201300019738;0;7;0;6;0;3;16;A01
201300019739;0;7;0;6;0;3;1;A01
201300019740;0;7;0;0;2;1;0;C03
201300019740;0;7;0;0;2;3;1;A01
201300019740;0;7;0;0;2;3;1;B02
201300019741;0;7;0;0;2;8;5;D04
201300019741;0;7;0;0;2;1;13;A01
201300019741;0;7;0;0;2;1;2;B02
201300019741;0;7;0;0;2;1;1;C03
201300019742;0;10;0;0;2;2;1;B02
201300019742;0;10;0;0;2;1;19;A01
201300019743;0;7;0;0;2;2;19;A01
201300019743;0;33;0;0;2;1;1;B02
201300019744;0;10;0;8;0;2;1;A01
201300019745;0;7;0;0;2;2;2;A01
201300019745;0;3;0;0;2;6;2;B02
201300019746;0;7;0;0;2;1;19;A01
201300019746;0;7;0;0;2;2;1;B02
201300019747;0;7;0;0;2;3;13;A01
201300019747;0;7;0;0;2;3;1;B02
201300019748;0;7;0;0;0;1;1;A01
201300019749;0;7;0;0;2;3;15;A01
201300019749;0;7;0;0;0;2;1;B02
201300019750;0;33;0;0;2;1;2;A01
201300019750;0;7;0;0;2;4;1;B02
201300019751;0;7;0;13;0;1;0;A01
201300019752;0;7;0;0;0;0;0;A01
201300019752;0;7;0;0;2;6;24;B02
201300019753;0;7;0;0;0;3;13;A01
201300019753;0;7;0;0;0;3;1;B02
201300019754;2;7;0;2;0;1;13;A01
201300019755;0;7;0;0;1;1;1;A01
201300019756;0;7;0;2;0;1;1;A01
201300019757;0;10;0;0;2;2;1;A01
201300019757;0;7;0;0;2;8;15;B02
201300019758;0;7;0;2;0;1;0;A01
201300019759;0;7;0;16;0;9;1;A01
201300019760;0;7;0;0;2;2;1;A01
201300019760;0;10;0;0;2;1;1;B02
201300019761;0;7;0;13;0;1;1;A01
201300019762;0;14;0;0;9;2;2;A01
201300019762;0;1;0;0;0;4;2;B02
201300019763;0;3;0;0;6;1;1;A01
201300019764;0;7;0;0;1;2;1;A01
201300019765;0;7;0;0;2;5;4;A01
201300019765;0;33;0;0;2;7;1;B02
201300019766;0;7;0;0;2;4;1;E05
201300019766;0;7;0;0;2;7;1;G07
201300019766;0;7;0;0;2;4;1;H08
201300019766;0;7;0;0;2;1;1;B02
201300019766;0;7;0;0;2;4;1;C03
201300019766;0;7;0;0;2;1;1;A01
201300019766;0;7;0;0;2;4;1;D04
201300019766;0;7;0;0;2;4;1;F06
201300019767;0;33;0;5;0;1;16;A01
201300019768;0;7;0;2;0;1;1;A01
201300019769;0;7;0;0;1;2;1;A01
201300019770;0;10;0;0;2;8;1;A01
201300019770;0;10;0;0;2;1;1;B02
201300019771;0;7;0;13;0;4;1;A01
201300019771;0;7;0;13;2;1;1;B02
201300019771;0;7;0;13;2;1;1;C03
201300019772;0;7;0;3;0;1;0;A01
201300019773;0;7;0;3;0;2;1;A01
201300019774;0;7;0;0;0;4;23;A01
201300019774;0;7;0;14;2;1;0;B02
201300019775;0;7;0;3;0;1;1;A01
201300019776;0;7;0;3;0;1;1;A01
201300019777;0;7;0;0;2;2;17;A01
201300019777;0;7;0;0;2;6;1;B02
201300019778;0;7;0;3;0;8;0;A01
201300019779;0;7;0;14;0;8;1;C03
201300019779;0;7;0;0;2;1;1;B02
201300019779;0;7;0;0;2;1;5;A01
201300019780;0;7;0;0;0;0;17;A01
201300019781;0;7;0;13;0;1;1;A01
201300019782;0;7;0;0;0;3;2;A01
201300019782;0;14;0;0;0;1;2;D04
201300019782;0;14;0;0;0;4;2;C03
201300019782;0;14;0;0;0;5;3;B02
201300019783;0;7;0;0;2;6;2;B02
201300019783;0;7;0;4;2;1;13;A01
201300019784;0;7;0;0;0;2;14;A01
201300019785;0;7;0;13;0;2;14;A01
201300019786;0;17;0;0;2;8;0;B02
201300019786;0;7;0;4;2;3;17;A01
201300019787;0;7;0;2;0;1;0;A01
201300019788;0;7;0;0;2;2;15;A01
201300019788;0;31;0;0;2;1;1;B02
201300019789;0;30;0;0;2;7;1;A01
201300019789;0;7;0;0;2;3;9;B02
201300019790;0;2;0;0;2;1;17;B02
201300019790;0;7;0;0;2;3;15;A01
201300019791;0;10;0;0;2;4;2;B02
201300019791;0;31;0;0;2;1;1;A01
201300019792;0;7;0;0;0;4;2;B02
201300019792;0;7;0;0;2;1;2;A01
201300019793;0;30;0;0;2;1;2;A01
201300019793;0;7;0;0;2;6;2;B02
201300019794;0;7;0;0;2;4;2;B02
201300019794;0;7;0;0;2;4;2;A01
201300019794;0;7;0;0;2;1;2;D04
201300019794;0;7;0;0;2;1;2;C03
201300019795;0;7;0;0;2;1;9;A01
201300019795;0;32;0;0;2;4;0;B02
201300019796;0;31;0;0;2;1;1;A01
201300019796;0;7;0;0;2;3;19;B01
201300019797;0;7;0;0;9;1;1;A01
201300019797;0;1;0;0;0;8;19;B02
201300019798;0;31;0;0;0;0;16;A01
201300019799;0;7;0;0;2;6;15;B02
201300019799;0;2;0;0;2;1;17;A01
201300019800;0;30;0;0;0;7;16;A01
201300019801;0;30;0;0;2;7;15;B02
201300019801;0;14;0;0;2;1;1;A01
201300019802;0;7;0;0;2;3;13;A01
201300019802;0;7;0;0;0;3;1;B02
201300019803;0;1;0;0;2;1;1;B02
201300019803;0;7;0;0;2;3;20;A01
201300019804;0;14;0;0;0;8;15;A01
201300019805;0;1;0;0;1;1;13;A01
201300019806;0;7;0;8;0;6;10;B02
201300019806;0;7;0;8;2;3;1;A01
201300019807;0;7;0;0;2;3;1;B02
201300019807;0;7;0;0;2;3;1;A01
201300019808;0;7;0;0;2;7;17;B02
201300019808;0;7;0;0;2;8;15;A01
201300019809;0;2;0;0;2;8;1;B02
201300019809;0;7;0;0;2;7;17;A01
201300019810;0;10;0;0;2;3;1;A01
201300019810;0;10;0;0;2;3;1;B02
201300019811;0;1;0;0;2;8;1;A01
201300019811;0;1;0;0;2;1;1;B01
201300019812;0;7;0;0;1;2;1;A01
201300019813;0;33;0;13;0;1;1;A01
201300019814;0;30;0;0;2;8;19;B01
201300019814;0;7;0;0;2;1;1;A01
201300019815;0;33;0;0;5;1;1;A01
201300019816;0;7;0;0;2;1;13;A01
201300019816;0;7;0;0;2;3;1;B01
201300019817;0;10;0;0;2;3;13;A01
201300019817;0;10;0;0;2;3;1;B02
201300019818;0;7;0;0;0;9;1;A01
201300019819;0;33;0;13;0;1;1;A01
201300019820;0;7;0;0;2;1;19;A01
201300019820;0;7;0;0;2;3;1;B02
201300019821;0;7;0;0;2;2;15;A01
201300019821;0;1;0;0;2;8;1;B02
201300019822;0;7;0;0;2;1;13;A01
201300019822;0;14;0;0;2;1;1;B02
201300019823;0;2;0;0;0;7;1;A01
201300019824;0;7;0;13;0;1;14;A01
201300019825;0;7;0;0;2;6;23;A01
201300019825;0;7;0;1;0;2;2;B02
201300019826;0;10;0;0;2;5;1;B02
201300019826;0;7;0;3;2;3;21;A01
201300019827;0;7;0;13;0;1;11;A01
201300019828;0;17;0;13;0;7;1;A01
201300019829;0;7;0;0;2;1;1;B02
201300019829;0;7;0;0;2;7;19;A01
201300019830;1;10;0;0;1;2;1;A01
201300019831;0;31;0;0;2;1;1;A01
201300019831;0;10;0;0;2;3;23;B02
201300019832;0;33;0;0;2;3;13;A01
201300019832;0;7;0;0;2;8;1;B02
201300019833;0;7;0;8;0;1;1;A01
201300019834;0;3;0;14;0;1;1;A01
201300019835;0;7;0;0;2;1;2;A01
201300019835;0;7;0;0;2;4;2;B01
201300019836;0;32;0;12;0;1;1;A01
201300019837;0;1;0;0;2;0;2;B01
201300019837;0;7;0;0;2;7;17;A01
201300019838;0;7;0;0;0;4;1;B01
201300019838;0;7;0;0;2;1;2;A01
201300019839;0;7;0;0;1;3;1;A01
201300019840;0;7;0;0;1;2;1;A01
201300019841;0;7;0;0;2;1;1;B01
201300019841;0;7;0;0;2;4;1;A01
201300019842;0;7;0;0;2;3;1;A01
201300019842;0;17;0;0;2;3;15;B01
201300019843;0;7;0;0;1;1;1;A01
201300019844;0;7;0;0;0;2;1;A01
201300019845;0;7;0;0;9;2;17;A01
201300019845;0;1;0;0;2;8;13;B01
201300019846;0;7;0;0;2;3;15;B01
201300019846;0;2;0;0;2;1;15;A01
201300019847;0;7;0;0;2;3;9;A01
201300019847;0;2;0;0;2;1;1;B01
201300019848;0;7;0;0;1;1;1;A01
201300019849;0;7;0;0;0;4;1;B01
201300019849;0;7;0;0;2;8;1;C01
201300019849;0;7;0;0;2;1;1;A01
201300019850;0;7;0;0;1;1;15;A01
201300019851;0;7;0;0;2;1;15;A01
201300019851;0;7;0;0;2;1;2;B01
201300019852;0;7;0;0;2;8;15;B01
201300019852;0;7;0;8;2;7;17;A01
201300019853;0;7;0;0;2;1;15;A01
201300019853;0;2;0;0;2;1;1;B01
201300019854;0;13;0;12;0;7;16;A01
201300019855;0;7;0;0;6;0;1;A01
201300019856;0;7;0;0;2;1;2;A01
201300019856;1;99;0;0;2;0;2;Z01
201300019857;0;7;0;0;2;3;1;B01
201300019857;0;7;0;0;2;1;15;A01
201300019858;0;33;0;0;2;3;1;B01
201300019858;0;7;0;0;2;2;15;A01
201300019859;0;7;0;0;2;7;19;B01
201300019859;0;7;0;0;2;1;1;A01
201300019860;0;7;0;0;0;3;1;A01
201300019861;0;7;0;0;2;5;0;B01
201300019861;0;7;0;0;2;1;1;A01
201300019862;0;7;0;0;2;3;1;B01
201300019862;0;7;0;0;2;1;2;C01
201300019862;0;7;0;0;2;3;1;A01
201300019863;0;7;0;0;2;4;1;B01
201300019863;0;7;0;0;2;1;2;A01
201300019864;0;7;0;14;0;1;2;E01
201300019864;0;7;0;15;0;1;2;C01
201300019864;0;7;0;14;0;1;2;B01
201300019864;0;7;0;14;0;1;2;A01
201300019864;0;7;0;14;0;1;2;D01
201300019865;0;33;0;0;2;1;2;A01
201300019865;0;7;0;0;2;3;15;B01
201300019866;0;7;0;14;0;1;1;A01
201300019867;0;7;0;6;0;7;13;A01
201300019868;0;38;1;0;2;3;15;B01
201300019868;0;7;0;0;2;7;17;A01
201300019869;0;7;0;0;9;2;2;A01
201300019869;0;1;0;0;0;8;2;B01
201300019870;0;7;0;0;2;3;1;B01
201300019870;1;7;0;0;2;0;16;A01
201300019871;0;7;0;0;1;5;4;A01
201300019872;0;7;0;0;2;1;1;B01
201300019872;0;7;0;0;2;7;15;A01
201300019873;0;7;0;0;2;3;1;B01
201300019873;0;7;0;0;2;3;15;A01
201300019874;0;7;0;0;2;4;23;B01
201300019874;0;7;0;0;2;1;2;A01
201300019874;0;7;0;0;2;4;23;C01
201300019875;0;7;0;0;2;3;1;B01
201300019875;0;7;0;0;2;2;19;A01
201300019876;0;1;0;0;2;1;1;B01
201300019876;0;7;0;0;9;2;19;A01
201300019877;0;2;0;0;2;1;1;B01
201300019877;0;7;0;0;2;2;15;A01
201300019878;0;17;0;2;0;2;1;A01
201300019879;0;7;0;3;1;2;1;A01
201300019880;0;7;0;0;2;2;15;A01
201300019880;0;2;0;0;2;2;1;B01
201300019881;0;7;0;15;0;0;1;A01
201300019882;0;2;0;12;0;1;0;A01
201300019883;0;7;0;0;2;3;1;B01
201300019883;0;33;0;0;2;1;1;A01
201300019884;0;7;0;0;2;1;15;A01
201300019884;0;34;0;0;2;8;1;B01
201300019885;0;7;0;0;0;4;1;B01
201300019885;0;7;0;0;2;1;1;A01
201300019886;0;7;0;8;0;1;6;A01
201300019887;0;7;0;0;2;3;1;B01
201300019887;0;7;0;0;2;3;13;A01
201300019888;0;33;0;12;0;8;1;B01
201300019888;0;7;0;0;0;2;2;A01
201300019889;0;7;0;12;0;2;14;A01
201300019890;0;7;0;16;0;0;1;A01
201300019891;0;7;0;0;2;8;13;A01
201300019891;0;7;0;0;2;8;1;B01
201300019892;0;31;0;0;6;1;1;A01
201300019893;0;7;0;13;0;1;1;A01
201300019894;0;7;0;13;0;2;1;A01
201300019895;0;10;0;0;2;3;2;A01
201300019895;0;37;1;0;2;2;2;B01
201300019896;0;1;0;0;2;8;14;A01
201300019896;0;7;0;0;9;8;13;B01
201300019897;0;7;0;0;2;3;1;A01
201300019897;0;2;0;0;0;4;23;B01
201300019898;0;2;0;0;1;1;1;A01
201300019899;0;7;0;0;1;2;1;A01
201300019900;0;7;0;0;1;3;1;A01
201300019901;0;7;0;0;2;3;5;A01
201300019901;0;7;0;0;2;3;23;B01
201300019902;0;7;0;0;1;1;9;A01
201300019903;0;7;0;1;1;2;22;A01
201300019904;0;7;0;0;2;1;1;B01
201300019904;0;7;0;0;2;2;15;A01
201300019905;0;7;0;0;2;1;1;A01
201300019905;0;30;0;0;2;8;15;B01
201300019906;0;7;0;0;1;2;1;A01
201300019907;0;7;0;13;0;1;1;A01
201300019908;0;2;0;0;2;7;21;A01
201300019908;0;7;0;0;2;2;9;B01
201300019909;0;7;0;0;2;3;1;B01
201300019909;0;7;0;0;2;3;15;A01
201300019910;0;7;0;0;0;4;23;B01
201300019910;0;7;0;0;2;1;1;A01
201300019911;0;31;0;16;0;8;1;A01
201300019912;0;7;0;0;2;5;4;A01
201300019912;0;33;0;0;2;8;0;B01
201300019913;1;7;0;0;1;1;1;Z01
201300019914;0;7;0;0;1;2;1;A01
201300019915;0;7;0;0;2;3;9;A01
201300019915;0;32;0;0;2;7;15;B01
201300019916;0;33;0;8;0;1;1;A01
201300019917;0;17;0;0;2;1;2;A01
201300019917;0;7;0;0;0;4;2;B01
201300019918;0;7;0;0;2;2;13;A01
201300019918;0;7;0;0;2;2;1;B01
201300019919;0;30;0;3;0;1;1;A01
201300019920;0;7;0;0;0;5;23;B01
201300019920;0;7;0;14;0;1;2;A01
201300019921;0;7;0;;;4;23;B01
201300019921;0;7;0;14;2;1;1;A01
201300019922;0;7;0;0;2;6;1;B01
201300019922;0;2;0;14;2;1;17;A01
201300019923;0;7;0;0;2;1;1;B01
201300019923;0;7;0;0;2;8;15;A01
201300019924;0;7;0;0;0;4;23;B01
201300019924;0;7;0;0;2;1;2;A01
201300019925;0;31;0;9;0;2;1;A01
201300019926;0;7;0;13;0;2;14;A01
201300019927;0;7;0;6;0;3;1;A01
201300019928;0;7;0;15;2;1;14;A01
201300019928;0;2;0;15;2;4;1;B01
201300019929;0;7;0;0;2;1;1;B01
201300019929;0;7;0;0;2;3;15;A01
201300019930;0;7;0;0;2;2;16;B01
201300019930;0;33;0;0;2;3;1;A01
201300019931;0;2;0;12;0;0;1;A01
201300019932;0;33;0;16;0;8;1;A01
201300019933;0;7;0;0;2;1;9;A01
201300019933;0;7;0;0;2;3;1;B01
201300019934;0;33;0;11;0;2;1;A01
201300019935;0;7;0;0;1;1;16;A01
201300019936;0;15;0;0;0;7;1;A01
201300019937;0;7;0;0;2;8;1;B01
201300019937;0;7;0;0;2;1;1;A01
201300019938;0;2;0;0;2;1;1;B01
201300019938;0;7;0;0;2;4;23;A01
201300019939;0;7;0;0;2;1;2;A01
201300019939;0;7;0;0;2;4;2;B01
201300019940;0;7;0;8;0;2;1;A01
201300019941;0;7;0;15;0;1;1;A01
201300019942;0;30;0;0;2;3;11;A01
201300019942;0;7;0;0;2;5;1;B01
201300019943;0;2;0;3;2;1;9;B01
201300019943;0;7;0;0;0;5;11;A01
201300019944;0;7;0;0;2;1;15;A01
201300019944;0;30;0;0;2;1;1;B01
201300019945;0;7;0;0;2;1;1;A01
201300019945;0;7;0;0;0;4;1;B01
201300019946;0;1;0;1;2;1;1;B01
201300019946;0;7;0;0;9;8;22;A01
201300019947;0;7;0;0;2;7;15;A01
201300019947;0;33;0;0;2;1;1;B01
201300019948;1;2;0;0;1;1;1;A01
201300019949;0;7;0;0;0;5;16;B01
201300019949;0;30;0;0;2;3;16;A01
201300019950;0;7;0;0;2;1;2;A01
201300019950;0;7;0;0;2;4;2;B01
201300019951;0;33;0;12;0;1;1;A01
201300019952;0;7;0;0;1;2;1;A01
201300019953;0;7;0;0;2;3;15;A01
201300019953;0;7;0;0;2;2;1;B01
201300019954;0;7;0;13;0;2;13;A01
201300019955;0;1;0;0;0;4;23;B01
201300019955;0;7;0;0;2;3;1;A01
201300019956;0;7;0;0;2;1;2;A01
201300019956;0;7;0;0;0;4;1;B01
201300019957;0;7;0;0;2;5;20;A01
201300019957;0;33;0;0;2;2;1;B01
201300019958;0;7;0;0;2;8;1;B01
201300019958;0;7;0;0;2;2;19;A01
201300019959;0;7;0;0;1;2;1;A01
201300019960;0;7;0;0;2;1;2;A01
201300019960;0;7;0;0;2;4;1;B01
201300019961;0;7;0;0;2;1;2;A01
201300019961;0;7;0;0;0;4;1;B01
201300019962;0;1;0;0;1;1;1;A01
201300019963;0;33;0;0;2;1;1;B01
201300019963;0;7;0;0;2;7;15;A01
201300019964;0;7;0;13;0;9;1;A01
201300019965;0;7;0;0;1;1;1;A01
201300019966;0;7;0;0;2;3;15;B01
201300019966;0;33;0;0;2;2;17;A01
201300019967;0;7;0;0;2;1;1;A01
201300019967;0;7;0;0;2;4;23;B01
201300019968;0;7;0;0;2;2;15;A01
201300019968;0;33;0;0;2;1;1;B01
201300019969;0;7;0;0;2;4;1;B01
201300019969;0;7;0;0;2;1;2;A01
201300019970;0;1;0;0;2;7;1;B01
201300019970;0;7;0;0;2;1;9;A01
201300019971;0;7;0;0;2;1;19;A01
201300019971;0;2;0;0;2;8;1;B01
201300019972;0;7;0;0;2;4;23;A01
201300019972;0;30;0;0;2;1;2;B01
201300019973;0;7;0;0;2;1;1;A01
201300019973;0;10;0;0;0;4;1;B01
201300019974;0;7;0;0;2;2;17;B01
201300019974;0;7;0;0;2;3;15;A01
201300019975;0;7;0;0;2;2;19;A01
201300019975;0;7;0;9;0;8;1;B01
201300019976;0;7;0;0;1;3;1;A01
201300019977;0;7;0;0;2;1;1;B01
201300019977;0;7;0;0;2;1;15;A01
201300019978;0;2;0;0;0;4;2;B01
201300019978;1;7;0;0;0;0;0;Z01
201300019979;0;7;0;0;0;4;4;A01
201300019979;0;7;0;0;0;2;21;B01
201300019980;0;7;0;0;2;1;2;A01
201300019980;0;7;0;0;2;4;23;B01
201300019980;0;7;0;0;2;4;23;C01
201300019981;0;7;0;0;2;7;15;A01
201300019981;0;7;0;0;2;1;1;B01
201300019982;0;7;0;0;2;4;2;B01
201300019982;0;7;0;0;2;4;2;C01
201300019982;0;7;0;0;2;1;2;A01
201300019983;0;7;0;0;2;1;1;B01
201300019983;0;7;0;0;2;7;19;A01
201300019984;0;7;0;0;2;4;1;B01
201300019984;0;7;0;0;2;1;1;A01
201300019985;0;7;0;0;1;1;1;A01
201300019986;0;7;0;0;2;1;2;A01
201300019986;0;7;0;0;0;4;23;B01
201300019987;0;7;0;8;0;2;15;A01
201300019988;0;7;0;0;2;3;1;A01
201300019988;0;7;0;0;2;5;1;B01
201300019989;0;7;0;0;1;1;1;A01
201300019990;0;7;0;0;1;2;1;A01
201300019991;0;7;0;6;0;1;1;A01
201300019992;0;7;0;8;0;1;1;A01
201300019993;0;7;0;6;0;1;2;A01
201300019994;0;7;0;13;0;1;1;A01
201300019994;0;7;0;14;0;4;2;B01
201300019995;0;7;0;0;2;1;1;C01
201300019995;0;7;0;0;2;1;1;D01
201300019995;0;7;0;0;0;4;16;A01
201300019995;0;7;0;0;2;1;1;B01
201300019996;0;7;0;0;1;1;1;A01
201300019997;0;7;0;8;0;2;14;A01
201300019998;0;7;0;16;0;9;1;A01
201300019999;0;13;0;0;1;7;1;A01
201300020000;0;7;0;0;1;3;1;A01
201300020001;0;7;0;16;0;2;1;A01
201300020002;0;7;0;0;2;1;1;A01
201300020002;0;7;0;0;2;4;2;D01
201300020002;0;7;0;0;2;4;2;C01
201300020002;0;7;0;0;2;4;2;B01
201300020003;0;7;0;0;1;1;1;A01
201300020004;0;7;0;1;0;8;2;A01
201300020005;0;14;0;0;2;3;10;A01
201300020005;0;7;0;0;2;1;1;B02
201300020006;0;30;0;0;2;3;19;A01
201300020006;0;7;0;0;2;2;1;B02
201300020007;0;10;0;0;9;0;1;A01
201300020007;0;33;0;0;9;1;1;B02
201300020008;0;7;0;2;0;2;1;A01
201300020009;0;33;0;0;2;1;1;A01
201300020009;0;7;0;0;2;1;1;B02
201300020010;0;7;0;0;2;1;15;A01
201300020010;0;33;0;0;2;7;1;B02
201300020011;0;7;0;2;0;3;1;A01
201300020012;0;2;0;0;2;1;13;A01
201300020012;0;7;0;0;2;3;1;B02
201300020013;0;10;0;0;2;1;1;A01
201300020013;0;33;0;0;2;1;13;B02
201300020014;0;38;1;0;2;3;1;A01
201300020014;0;7;0;0;2;7;13;B02
201300020015;0;7;0;0;1;6;1;A01
201300020016;0;30;0;0;0;8;1;A01
201300020017;0;7;0;2;0;1;14;A01
201300020018;0;7;0;3;0;7;1;A01
201300020019;0;7;0;3;0;7;13;A01
201300020020;0;10;0;3;0;9;1;A01
201300020021;0;10;0;0;0;1;2;A01
201300020021;0;10;0;0;2;4;2;B02
201300020022;0;7;0;13;0;1;14;A01
201300020023;0;7;0;16;0;8;1;A01
201300020024;0;7;0;4;0;0;13;A01
201300020025;0;7;0;7;0;2;1;A01
201300020026;0;7;0;4;0;1;1;A01
201300020027;0;7;0;0;2;3;1;A01
201300020027;0;10;0;0;2;3;1;B02
201300020028;0;7;0;3;2;3;1;A01
201300020028;0;7;0;0;2;1;21;B02
201300020029;0;17;0;1;0;2;1;A01
201300020029;0;10;0;0;0;6;24;B02
201300020030;0;7;0;13;0;1;1;A01
201300020031;0;7;0;13;0;1;21;A01
201300020032;0;7;0;3;0;3;1;A01
201300020033;0;33;0;0;0;1;1;A01
201300020034;0;15;0;0;2;1;2;A01
201300020034;0;15;0;0;2;4;2;B02
201300020035;0;10;0;3;0;2;1;A01
201300020036;0;10;0;3;0;9;17;A01
201300020037;0;7;0;3;0;1;1;A01
201300020038;0;7;0;13;0;3;1;A01
201300020039;0;7;0;3;0;8;17;A01
201300020040;0;7;0;8;0;1;2;A01
201300020041;0;33;0;0;2;1;5;A01
201300020041;0;7;0;0;2;1;13;B02
201300020042;0;7;0;0;2;1;1;A01
201300020042;0;7;0;0;2;5;9;B02
201300020043;0;10;0;1;0;2;21;B02
201300020043;0;10;0;0;2;6;23;A01
201300020044;0;7;0;1;0;3;15;A01
201300020045;0;7;0;0;0;1;1;A01
201300020046;0;17;0;0;2;2;1;B02
201300020046;0;7;0;0;0;4;9;A01
201300020047;0;7;0;3;0;1;0;A01
201300020048;0;17;0;4;0;3;13;A01
201300020049;0;7;0;4;0;3;13;A01
201300020050;0;33;0;0;2;1;2;A01
201300020050;0;10;0;0;2;6;2;B02
201300020051;0;7;0;0;2;2;17;A01
201300020051;0;7;0;0;2;2;5;B02
201300020052;0;33;0;0;2;1;1;A01
201300020053;0;7;0;3;0;2;14;A01
201300020054;0;33;0;16;0;7;1;A01
201300020055;0;7;0;0;2;2;2;A01
201300020055;0;7;0;0;0;4;2;B02
201300020056;0;7;0;16;0;1;14;A01
201300020057;0;7;0;0;2;3;5;A01
201300020057;0;7;0;0;2;3;1;B02
201300020058;0;7;0;0;2;1;2;A01
201300020058;0;7;0;0;2;6;17;B02
201300020059;0;7;0;0;2;5;17;B02
201300020059;0;7;0;3;2;3;11;A01
201300020060;0;7;0;3;0;1;2;A01
201300020061;0;7;0;1;0;2;12;D04
201300020061;0;15;0;0;0;4;1;H08
201300020061;0;7;0;4;0;1;2;B02
201300020061;0;7;0;0;2;7;11;A01
201300020061;0;7;0;1;0;8;14;G07
201300020061;0;17;0;4;2;3;13;J10
201300020061;0;7;0;14;2;3;11;C03
201300020061;0;7;0;1;0;7;13;E05
201300020061;0;7;0;1;0;8;14;F06
201300020061;0;7;0;1;0;7;14;I09
201300020062;0;15;0;3;0;0;13;A01
201300020062;0;7;0;0;2;1;17;D04
201300020062;0;7;0;0;2;1;17;B02
201300020062;0;15;0;3;2;7;2;C03
201300020063;0;7;0;13;0;1;1;A01