num_acc;senc;catv;occutc;obs;obsm;choc;manv;num_veh
201300020064;0;7;0;0;2;1;2;A01
201300020064;0;10;0;0;2;4;2;B02
201300020065;0;7;0;0;2;3;21;B02
201300020065;0;7;0;0;2;3;5;A01
201300020066;0;7;0;0;6;9;14;A01
201300020067;0;7;0;0;0;0;1;A01
201300020068;0;7;0;6;0;1;6;A01
201300020069;0;7;0;0;2;1;2;A01
201300020069;0;10;0;0;2;4;2;B02
201300020070;0;7;0;0;2;5;15;B02
201300020070;0;31;0;0;2;1;1;A01
201300020071;0;7;0;0;2;3;1;B02
201300020071;0;7;0;2;2;5;12;A01
201300020072;0;10;0;0;1;2;1;A01
201300020073;0;7;0;7;0;1;1;A01
201300020074;0;7;0;13;0;9;1;A01
201300020075;0;7;0;0;2;8;9;A01
201300020075;0;7;0;0;2;3;1;B02
201300020075;0;7;0;0;2;1;2;C03
201300020076;0;10;0;0;2;4;23;C03
201300020076;0;7;0;0;2;4;23;A01
201300020076;0;7;0;0;2;1;23;D04
201300020076;0;7;0;0;2;4;23;B02
201300020077;0;31;0;3;0;8;1;A01
201300020078;0;7;0;0;2;1;2;B02
201300020078;0;33;0;0;2;1;2;C03
201300020078;0;7;0;0;2;4;1;A01
201300020079;0;7;0;0;0;4;2;B02
201300020079;0;7;0;0;0;1;2;A01
201300020080;0;7;0;3;0;2;13;A01
201300020081;0;10;0;0;0;7;1;A01
201300020082;0;7;0;3;0;2;1;A01
201300020083;0;7;0;13;0;3;1;A01
201300020084;0;7;0;0;0;9;17;A01
201300020085;0;7;0;3;0;1;13;B02
201300020085;0;7;0;0;2;1;1;C03
201300020085;0;7;0;0;2;3;2;A01
201300020086;0;7;0;0;2;1;2;A01
201300020086;0;3;0;0;2;6;2;B02
201300020087;0;7;0;0;2;6;23;C03
201300020087;0;3;0;0;2;4;23;E05
201300020087;0;7;0;0;2;5;23;D04
201300020087;0;7;0;0;2;4;1;B02
201300020087;0;15;0;0;2;1;1;A01
201300020088;0;7;0;13;0;1;1;A01
201300020088;0;7;0;13;0;1;1;B02
201300020089;0;7;0;13;0;1;1;A01
201300020090;0;7;0;0;0;4;1;B02
201300020090;0;7;0;0;2;1;1;A01
201300020091;0;7;0;3;0;3;17;A01
201300020092;0;7;0;0;2;1;13;A01
201300020092;0;7;0;0;2;1;1;B02
201300020093;0;7;0;0;0;7;1;C01
201300020093;0;7;0;0;2;4;23;J01
201300020093;0;7;0;0;2;5;24;B01
201300020093;0;7;0;0;2;2;21;G01
201300020093;0;7;0;0;2;2;21;D01
201300020093;0;7;0;0;2;8;21;A01
201300020093;0;7;0;0;2;2;1;M01
201300020094;0;7;0;3;0;7;14;A01
201300020095;0;7;0;13;0;2;17;A01
201300020096;0;7;0;3;0;1;1;A01
201300020097;0;10;0;0;0;1;1;C03
201300020097;0;7;0;0;0;1;1;D04
201300020097;0;7;0;0;2;4;1;A01
201300020097;0;7;0;0;0;1;1;B02
201300020098;0;7;0;13;0;1;1;A01
201300020099;0;7;0;0;0;0;23;A01
201300020100;0;7;0;4;0;3;13;A01
201300020101;0;31;0;0;0;4;2;B01
201300020101;0;7;0;0;2;2;2;A01
201300020102;0;7;0;16;0;9;14;A01
201300020103;0;7;0;3;0;1;12;A01
201300020104;0;33;0;16;0;7;1;A01
201300020105;0;7;0;0;2;2;2;B01
201300020105;0;30;0;0;0;4;2;A01
201300020106;0;7;0;0;1;4;0;A01
201300020107;0;7;0;0;2;1;1;A01
201300020107;0;30;0;0;2;4;1;B01
201300020108;0;7;0;0;0;0;0;B01
201300020108;0;7;0;0;2;3;5;A01
201300020109;0;31;0;0;2;2;1;A01
201300020110;0;30;0;12;0;1;10;A01
201300020111;0;7;0;0;1;1;1;A01
201300020112;0;7;0;0;2;1;2;A01
201300020112;0;7;0;0;2;4;1;B01
201300020113;0;7;0;6;2;3;1;A01
201300020113;0;15;0;0;2;3;1;B01
201300020114;0;7;0;0;2;1;2;A01
201300020114;0;7;0;0;2;4;23;C01
201300020114;0;7;0;0;2;4;23;B01
201300020115;0;30;0;0;2;1;1;B01
201300020115;0;7;0;0;2;7;15;A01
201300020116;0;7;0;0;1;1;1;A01
201300020117;0;7;0;0;2;3;1;A01
201300020117;0;7;0;0;2;3;13;B01
201300020118;0;7;0;0;2;2;15;A01
201300020118;0;30;0;0;2;1;1;B01
201300020119;0;7;0;0;2;1;1;A01
201300020119;0;7;0;0;2;4;23;B01
201300020120;0;7;0;0;2;2;1;B01
201300020120;0;7;0;0;2;3;9;A01
201300020121;0;7;0;0;0;8;24;B01
201300020121;0;7;0;1;0;1;1;A01
201300020122;0;7;0;0;2;6;23;B01
201300020122;0;7;0;0;2;2;1;A01
201300020123;0;7;0;8;0;1;1;A01
201300020124;0;7;0;0;2;7;9;A01
201300020124;0;33;0;0;2;3;1;B01
201300020125;0;7;0;0;0;4;1;B01
201300020125;0;7;0;0;2;1;15;A01
201300020126;0;2;0;0;2;2;17;B01
201300020126;0;7;0;0;2;3;15;A01
201300020127;0;7;0;16;0;1;1;A01
201300020128;0;7;0;0;2;6;23;B01
201300020128;0;2;0;0;2;1;1;A01
201300020129;0;7;0;0;2;3;13;B01
201300020129;0;7;0;0;2;3;1;A01
201300020130;0;7;0;0;1;2;1;A01
201300020131;0;33;0;9;0;1;2;A01
201300020132;0;7;0;0;2;3;15;B01
201300020132;0;7;0;0;2;1;1;A01
201300020133;0;2;0;0;1;1;1;A01
201300020134;0;7;0;0;0;4;1;B01
201300020134;0;7;0;0;2;1;1;A01
201300020135;0;7;0;0;2;3;1;B01
201300020135;0;7;0;0;2;3;1;A01
201300020136;0;7;0;0;2;3;13;A01
201300020136;0;7;0;0;2;2;1;B01
201300020137;0;7;0;0;2;1;1;B01
201300020137;0;7;0;0;2;3;15;A01
201300020138;0;33;0;3;0;2;0;A01
201300020139;0;7;0;2;0;3;1;A01
201300020140;0;33;0;6;0;1;1;A01
201300020141;0;7;0;13;0;1;1;A01
201300020142;0;7;0;13;0;2;0;A01
201300020143;0;10;0;0;0;0;15;A01
201300020143;0;7;0;8;0;1;1;B02
201300020144;0;32;0;0;2;1;2;B02
201300020144;0;7;0;0;0;4;2;A01
201300020145;0;33;0;14;0;1;1;A01
201300020145;0;21;0;0;2;3;23;B02
201300020146;0;2;0;0;2;8;15;B02
201300020146;0;7;0;0;2;7;17;A01
201300020147;0;10;0;0;2;1;1;A01
201300020147;0;15;0;0;2;2;1;B02
201300020148;0;7;0;0;2;3;5;A01
201300020148;0;2;0;0;2;1;1;B02
201300020149;0;30;0;0;0;1;18;B02
201300020149;0;7;0;0;0;3;18;A01
201300020150;0;7;0;0;0;8;1;B02
201300020150;0;7;0;0;2;1;19;A01
201300020151;0;33;0;0;2;1;17;A01
201300020151;0;7;0;0;2;7;15;B02
201300020152;0;7;0;0;1;3;1;A01
201300020153;0;7;0;0;2;1;1;B02
201300020153;0;7;0;0;2;3;19;A01
201300020153;0;7;0;0;2;3;23;C03
201300020154;0;7;0;12;1;1;13;A01
201300020155;0;7;0;0;2;3;1;B01
201300020155;0;7;0;0;2;3;13;A01
201300020156;0;7;0;6;0;3;17;A01
201300020157;0;10;0;0;2;3;1;C03
201300020157;0;7;0;0;2;3;1;B02
201300020157;0;7;0;0;2;3;13;A01
201300020158;0;7;0;0;9;4;16;A01
201300020158;0;1;0;0;2;1;2;B02
201300020159;0;7;0;0;1;2;1;A01
201300020160;0;1;0;0;0;1;0;A01
201300020161;0;7;0;0;2;1;15;B02
201300020161;0;34;0;0;2;1;2;A01
201300020162;0;10;0;0;2;1;1;B02
201300020162;0;7;0;0;2;1;13;A01
201300020163;0;33;0;0;2;3;13;A01
201300020163;0;7;0;0;2;3;1;B02
201300020164;0;34;0;12;0;2;1;A01
201300020165;0;33;0;0;2;1;3;B02
201300020165;0;7;0;0;2;2;10;A01
201300020166;0;7;0;0;2;2;9;A01
201300020166;0;1;0;0;2;4;12;B02
201300020167;0;33;0;13;0;1;13;A01
201300020168;0;7;0;0;1;1;1;A01
201300020169;0;34;0;0;2;1;1;A01
201300020169;0;7;0;0;2;7;15;B02
201300020170;0;7;0;0;9;3;1;A01
201300020170;0;1;0;0;2;1;1;B02
201300020171;0;7;0;0;2;3;13;A01
201300020171;0;7;0;0;2;3;1;B02
201300020172;0;7;0;0;2;5;15;A01
201300020172;0;1;0;0;2;1;16;B02
201300020173;0;30;0;0;0;7;16;A01
201300020174;0;7;0;0;2;4;15;C03
201300020174;0;7;0;0;2;1;2;A01
201300020174;0;7;0;0;2;4;1;B02
201300020175;0;7;0;13;0;9;13;A01
201300020176;0;33;0;0;0;9;1;A01
201300020177;0;7;0;0;2;7;1;A01
201300020177;0;7;0;0;2;2;19;B02
201300020178;0;10;0;0;2;1;13;A01
201300020178;0;7;0;0;2;1;1;B02
201300020179;0;7;0;0;2;1;1;B02
201300020179;0;7;0;0;2;3;13;A01
201300020180;0;33;0;12;0;1;1;A01
201300020181;0;7;0;0;2;1;1;B02
201300020181;0;7;0;0;2;5;1;A01
201300020182;0;1;0;0;2;7;1;B02
201300020182;0;7;0;0;2;3;1;A01
201300020183;0;7;0;6;0;1;14;A01
201300020184;0;10;0;6;0;3;1;A01
201300020185;0;7;0;1;2;4;24;C03
201300020185;0;17;0;0;2;2;1;B02
201300020185;0;7;0;1;2;6;9;A01
201300020185;0;7;0;1;0;4;24;D04
201300020186;0;10;0;2;0;1;1;A01
201300020187;0;2;0;0;0;1;1;A01
201300020188;0;7;0;0;2;2;1;A01
201300020188;0;33;0;0;2;7;15;B02
201300020189;0;33;0;13;0;1;1;A01
201300020190;0;7;0;4;0;2;1;A01
201300020191;0;2;0;0;2;0;17;B01
201300020191;0;7;0;0;2;8;15;A01
201300020192;0;10;0;0;1;3;1;A01
201300020193;0;37;1;0;1;1;1;A01
201300020194;0;7;0;0;2;5;1;B01
201300020194;0;7;0;0;2;3;9;A01
201300020195;0;7;0;0;2;2;15;A01
201300020195;0;2;0;0;2;1;1;B01
201300020196;0;2;0;0;2;1;1;A01
201300020196;0;37;1;0;2;4;23;B01
201300020197;0;7;0;0;2;3;1;B01
201300020197;0;7;0;0;2;1;15;A01
201300020198;0;2;0;0;2;1;1;B01
201300020198;0;10;0;0;2;7;13;A01
201300020199;0;7;0;0;2;1;9;A01
201300020199;0;7;0;0;2;7;1;B01
201300020200;0;7;0;0;1;1;1;A01
201300020201;0;7;0;0;2;4;23;B01
201300020201;0;15;0;0;2;1;1;A01
201300020202;0;7;0;0;1;1;1;A01
201300020203;0;7;0;0;1;7;15;A01
201300020204;0;2;0;0;1;1;0;A01
201300020205;0;10;0;0;1;3;1;A01
201300020206;0;7;0;0;2;2;15;A01
201300020206;0;2;0;0;2;1;1;B01
201300020207;0;7;0;0;2;4;1;B01
201300020207;0;31;0;0;2;1;1;A01
201300020208;0;7;0;0;2;1;1;A01
201300020208;0;7;0;0;2;4;2;B01
201300020209;0;7;0;0;2;1;0;A01
201300020209;0;7;0;0;2;6;0;B01
201300020209;0;7;0;0;2;4;0;C01
201300020209;0;7;0;0;2;0;0;D01
201300020210;0;7;0;0;2;1;1;A01
201300020210;0;7;0;0;2;8;15;B01
201300020211;0;7;0;0;2;5;23;C01
201300020211;0;7;0;0;2;1;1;A01
201300020211;0;7;0;0;2;4;23;B01
201300020212;0;10;0;0;2;1;1;B01
201300020212;0;7;0;0;2;5;9;A01
201300020213;0;7;0;0;1;1;1;A01
201300020214;0;7;0;0;2;1;1;B01
201300020214;0;7;0;0;2;7;9;A01
201300020215;0;7;0;0;2;3;1;B01
201300020215;0;7;0;0;2;3;9;A01
201300020216;0;10;0;0;1;4;4;A01
201300020217;0;7;0;0;1;4;4;A01
201300020218;0;7;0;0;2;2;1;B01
201300020218;0;7;0;0;2;8;9;A01
201300020219;0;2;0;0;2;1;1;A01
201300020219;1;7;0;0;0;4;0;B01
201300020220;0;7;0;0;2;4;23;C01
201300020220;0;7;0;0;2;4;23;B01
201300020220;0;7;0;0;2;1;1;A01
201300020221;0;7;0;0;1;1;13;A01
201300020222;0;7;0;0;2;7;1;B01
201300020222;0;2;0;0;2;1;5;A01
201300020223;0;7;0;0;2;2;15;A01
201300020223;0;7;0;0;2;3;1;B01
201300020224;0;33;0;0;2;7;1;B01
201300020224;0;2;0;0;2;1;9;A01
201300020225;0;7;0;0;2;7;1;B01
201300020225;0;2;0;0;2;1;9;A01
201300020226;0;33;0;0;1;9;1;A01
201300020227;0;7;0;0;2;1;1;A01
201300020227;0;7;0;0;2;4;23;C01
201300020227;0;10;0;0;2;4;23;B01
201300020228;0;7;0;0;1;2;2;A01
201300020229;0;30;0;0;2;1;1;A01
201300020229;0;7;0;0;2;6;2;B01
201300020230;0;33;0;0;2;4;1;B01
201300020230;0;7;0;0;2;1;2;A01
201300020231;0;2;0;0;2;1;1;A01
201300020231;0;7;0;0;2;4;2;B01
201300020232;0;7;0;0;2;8;1;B01
201300020232;0;7;0;0;2;1;1;A01
201300020233;0;7;0;0;1;1;0;A01
201300020234;0;7;0;0;2;2;15;A01
201300020234;0;7;0;0;2;1;1;B01
201300020235;0;7;0;0;2;3;9;A01
201300020235;0;7;0;0;2;2;1;B01
201300020235;0;7;0;0;2;1;1;C01
201300020236;0;7;0;0;2;1;11;A01
201300020236;0;7;0;0;2;6;1;B01
201300020237;0;10;0;0;2;8;1;B01
201300020237;0;7;0;0;2;1;9;A01
201300020238;0;7;0;0;1;3;13;A01
201300020239;0;7;0;0;1;4;4;A01
201300020240;0;10;0;0;2;7;1;B01
201300020240;0;10;0;0;2;1;9;A01
201300020241;0;10;0;0;2;7;9;A01
201300020241;0;7;0;0;2;1;1;B01
201300020242;0;1;0;0;2;1;0;B01
201300020242;0;7;0;0;2;3;1;A01
201300020243;0;2;0;0;2;1;9;A01
201300020243;0;7;0;0;2;1;1;B01
201300020244;0;7;0;0;2;3;9;A01
201300020244;0;7;0;0;2;2;1;B01
201300020245;1;7;0;0;2;1;9;B01
201300020245;0;2;0;0;2;1;5;A01
201300020246;0;7;0;0;1;1;1;A01
201300020247;0;7;0;0;2;1;1;A01
201300020247;0;7;0;0;2;1;1;B01
201300020248;0;1;0;0;2;2;0;B01
201300020248;0;7;0;0;2;1;1;A01
201300020249;0;1;0;0;2;4;0;B01
201300020249;0;7;0;0;2;2;9;A01
201300020250;0;7;0;0;2;1;1;B01
201300020250;0;7;0;0;2;3;9;A01
201300020251;0;7;0;0;2;5;1;B01
201300020251;0;2;0;0;2;1;1;A01
201300020252;0;7;0;10;0;1;1;A01
201300020253;0;38;0;0;2;3;9;A01
201300020253;0;2;0;0;2;1;1;B01
201300020254;0;2;0;0;2;1;17;A01
201300020254;0;7;0;0;2;8;15;B01
201300020255;0;30;0;0;2;8;11;A01
201300020255;0;7;0;0;2;7;1;B01
201300020256;0;7;0;0;2;6;1;A01
201300020256;0;34;0;0;2;1;1;B01
201300020257;0;7;0;0;1;2;1;A01
201300020258;0;7;0;0;2;4;23;B01
201300020258;0;7;0;0;2;1;2;A01
201300020259;0;7;0;0;2;3;1;B01
201300020259;0;7;0;0;2;1;19;A01
201300020260;0;1;0;0;2;1;2;A01
201300020260;0;7;0;0;2;4;23;B01
201300020261;0;7;0;0;2;6;23;B01
201300020261;0;7;0;0;2;1;17;A01
201300020262;0;7;0;0;2;9;1;B01
201300020262;0;7;0;0;2;1;0;A01
201300020263;0;7;0;0;0;1;1;A01
201300020263;0;7;0;0;2;4;23;B01
201300020263;0;7;0;0;2;4;23;C01
201300020264;0;7;0;0;2;1;15;A01
201300020264;0;30;0;0;2;1;1;B01
201300020265;0;7;0;0;1;0;15;A01
201300020266;0;7;0;0;1;3;1;A01
201300020267;0;7;0;0;2;4;1;C01
201300020267;0;13;0;0;2;1;1;A01
201300020267;0;7;0;0;2;4;1;B01
201300020268;0;7;0;0;2;2;15;A01
201300020268;0;33;0;0;2;1;1;B01
201300020269;0;7;0;0;2;0;1;B01
201300020269;0;33;0;0;2;1;1;A01
201300020270;0;2;0;0;2;1;1;B01
201300020270;0;7;0;0;2;8;19;A01
201300020271;0;7;0;0;2;2;15;A01
201300020271;0;7;0;0;2;1;1;B01
201300020272;0;7;0;8;0;0;1;A01
201300020273;0;7;0;0;2;6;1;C01
201300020273;0;7;0;0;2;7;13;A01
201300020273;0;7;0;0;2;1;1;B01
201300020274;0;7;0;0;2;4;2;B01
201300020274;0;7;0;0;2;1;1;A01
201300020274;0;7;0;0;0;3;1;C01
201300020275;0;7;0;0;2;3;15;A01
201300020275;0;7;0;0;2;1;1;B01
201300020276;0;10;0;0;2;3;1;B01
201300020276;0;7;0;0;2;2;9;A01
201300020277;0;33;0;0;2;7;17;A01
201300020277;0;7;0;0;2;3;15;B01
201300020278;0;7;0;2;0;7;1;A01
201300020279;0;7;0;0;2;1;1;B01
201300020279;0;7;0;0;2;1;1;A01
201300020280;0;1;0;0;2;8;1;B01
201300020280;0;7;0;0;2;2;15;A01
201300020281;0;7;0;0;2;6;1;B01
201300020281;0;2;0;0;2;1;1;A01
201300020282;0;7;0;0;2;2;15;A01
201300020282;0;7;0;0;2;7;1;B01
201300020283;0;7;0;0;2;1;13;A01
201300020283;0;7;0;0;2;1;1;B01
201300020284;0;7;0;0;2;3;15;B01
201300020284;0;7;0;0;2;2;1;A01
201300020285;0;10;0;0;2;1;2;A01
201300020285;0;7;0;0;2;4;1;B01
201300020286;0;7;0;0;2;4;23;B01
201300020286;0;1;0;0;2;1;1;A01
201300020287;0;7;0;0;1;1;1;A01
201300020288;0;7;0;0;2;3;16;B01
201300020288;0;7;0;0;2;3;15;A01
201300020289;0;7;0;0;2;8;9;A01
201300020289;0;7;0;0;2;1;1;B01
201300020290;0;7;0;0;2;1;1;A01
201300020290;0;33;0;0;2;1;15;B01
201300020291;0;7;0;0;2;1;2;A01
201300020291;0;7;0;0;2;4;2;B01
201300020292;0;7;0;0;1;2;1;A01
201300020293;0;1;0;0;2;1;1;B01
201300020293;0;7;0;0;2;2;17;A01
201300020294;0;7;0;0;2;1;1;B01
201300020294;0;7;0;0;2;2;15;A01
201300020295;0;7;0;0;2;1;2;A01
201300020295;0;7;0;0;0;4;23;B01
201300020296;0;7;0;0;2;1;1;B01
201300020296;0;7;0;0;2;8;9;A01
201300020297;0;7;0;0;2;5;15;A01
201300020297;0;30;0;0;2;1;1;B01
201300020298;0;7;0;0;2;4;23;B01
201300020298;0;7;0;0;2;1;1;A01
201300020298;0;7;0;0;2;4;23;C01
201300020299;0;7;0;0;1;1;1;A01
201300020300;0;7;0;0;1;7;1;A01
201300020301;0;7;0;0;1;1;16;A01
201300020302;0;7;0;0;1;2;1;A01
201300020303;0;2;0;0;2;1;1;B01
201300020303;0;7;0;0;2;3;9;A01
201300020304;0;7;0;0;2;2;15;A01
201300020304;0;2;0;0;2;0;1;B01
201300020304;0;7;0;0;2;2;23;C01
201300020305;0;7;0;0;2;1;1;B01
201300020305;0;7;0;0;2;8;4;A01
201300020306;0;7;0;0;2;3;15;A01
201300020306;0;7;0;0;2;1;1;B01
201300020307;0;7;0;6;0;1;15;A01
201300020308;0;7;0;1;0;1;22;A01
201300020308;0;1;0;1;0;1;1;B01
201300020309;0;2;0;0;2;1;1;B01
201300020309;0;7;0;0;2;3;15;A01
201300020310;0;31;0;0;2;1;1;A01
201300020310;0;7;0;0;2;4;23;B01
201300020311;0;7;0;6;0;1;17;A01
201300020312;0;7;0;1;0;2;1;A01
201300020313;0;7;0;0;2;1;15;A01
201300020313;0;31;0;0;2;1;1;B01
201300020314;1;7;0;0;2;1;1;A01
201300020314;0;7;0;0;2;4;23;B01
201300020315;0;7;0;0;2;8;1;A01
201300020315;0;30;0;0;2;1;1;B02
201300020316;0;7;0;0;2;4;2;B02
201300020316;0;7;0;0;2;1;2;A01
201300020317;0;17;0;0;2;5;1;A01
201300020317;0;31;0;0;2;3;9;B02
201300020318;0;7;0;0;2;1;1;B02
201300020318;0;30;0;0;2;8;15;A01
201300020319;0;10;0;0;0;4;2;A01
201300020319;0;33;0;0;2;1;2;B02
201300020320;0;7;0;0;2;2;15;A01
201300020320;0;33;0;0;2;1;1;B02
201300020321;0;14;0;0;2;1;2;A01
201300020321;0;7;0;0;2;4;2;B02
201300020321;0;7;0;0;2;5;2;C03
201300020321;0;7;0;0;2;7;2;D04
201300020321;0;7;0;0;2;5;2;E05
201300020322;0;1;0;0;2;1;1;A01
201300020322;0;7;0;0;0;1;23;B02
201300020323;0;7;0;0;2;1;1;B02
201300020323;0;10;0;0;2;3;13;A01
201300020324;0;7;0;0;0;5;23;A01
201300020324;0;1;0;1;0;1;1;B02
201300020325;0;7;0;0;2;7;1;B02
201300020325;0;7;0;0;2;1;19;A01
201300020326;0;7;0;0;1;2;19;A01
201300020327;0;7;0;0;2;1;1;B02
201300020327;0;7;0;0;2;1;13;A01
201300020328;0;15;0;0;2;1;1;B01
201300020328;0;7;0;3;2;2;0;A01
201300020329;0;7;0;0;2;3;15;A01
201300020329;0;31;0;0;2;1;1;B01
201300020330;0;7;0;0;2;3;13;A01
201300020330;0;7;0;0;2;8;1;B01
201300020331;0;7;0;1;0;2;1;A01
201300020332;0;33;0;11;0;6;17;A01
201300020333;0;7;0;0;1;2;15;A01
201300020334;0;7;0;0;1;2;0;A01
201300020335;0;10;0;8;0;1;1;A01
201300020336;0;10;0;13;0;9;2;A01
201300020337;0;7;0;0;1;2;1;A01
201300020338;0;7;0;0;2;3;15;B01
201300020338;0;2;0;0;2;1;1;A01
201300020339;0;7;0;0;1;3;1;A01
201300020340;0;7;0;13;0;8;21;A01
201300020341;0;7;0;0;1;1;1;A01
201300020342;0;7;0;1;0;1;1;A01
201300020343;0;7;0;0;1;8;1;A01
201300020344;0;2;0;0;2;1;0;A01
201300020344;0;7;0;0;2;1;1;B01
201300020345;0;7;0;14;0;1;1;A01
201300020346;0;33;0;0;1;1;11;A01
201300020346;0;7;0;0;0;3;15;B01
201300020347;0;7;0;0;0;2;1;B01
201300020347;0;1;0;0;2;2;5;A01
201300020348;0;7;0;0;2;1;13;A01
201300020348;0;7;0;0;2;1;1;B01
201300020348;0;7;0;0;2;1;1;C01
201300020349;0;7;0;0;2;1;2;A01
201300020349;0;7;0;0;2;4;2;B01
201300020350;0;7;0;0;1;1;1;A01
201300020351;0;7;0;0;2;7;13;A01
201300020351;0;7;0;0;2;1;1;B01
201300020352;0;21;0;0;2;6;1;A01
201300020352;0;1;0;0;2;3;1;B02
201300020353;0;33;0;0;2;7;17;A01
201300020353;0;1;0;0;2;3;1;B02
201300020354;0;33;0;0;0;2;1;A01
201300020355;0;7;0;2;0;1;1;A01
201300020356;0;1;0;0;2;1;19;B02
201300020356;0;7;0;0;0;7;1;A01
201300020357;0;31;0;0;2;5;1;B02
201300020357;0;7;0;0;2;3;9;A01
201300020358;0;7;0;2;6;1;1;A01
201300020359;0;7;0;2;0;8;1;A01
201300020360;0;7;0;0;2;4;2;B01
201300020360;0;33;0;0;2;1;2;A01
201300020361;0;7;0;0;2;1;1;B01
201300020361;0;7;0;0;2;0;24;C01
201300020361;0;1;0;0;2;1;1;A01
201300020362;0;2;0;0;2;1;1;B01
201300020362;0;7;0;0;2;2;1;A01
201300020363;0;7;0;0;1;1;15;A01
201300020364;0;7;0;0;2;1;1;B01
201300020364;0;30;0;0;2;7;1;A01
201300020365;0;7;0;0;2;1;1;A01
201300020365;0;1;0;0;2;4;15;B01
201300020366;0;33;0;0;2;1;1;B01
201300020366;0;7;0;0;2;8;9;A01
201300020367;0;7;0;0;2;1;1;B01
201300020367;0;7;0;0;2;2;15;A01
201300020368;0;1;0;0;2;8;1;B01
201300020368;0;7;0;0;2;1;1;A01
201300020369;0;7;0;0;2;2;2;A01
201300020369;0;1;0;0;2;5;1;B01
201300020370;0;30;0;0;2;5;0;B01
201300020370;0;7;0;0;2;3;9;A01
201300020371;0;7;0;9;0;1;1;A01
201300020372;0;7;0;0;2;1;1;A01
201300020372;0;2;0;0;2;8;19;B01
201300020373;0;7;0;0;2;6;11;A01
201300020373;0;30;0;0;2;3;1;B01
201300020374;0;10;0;0;2;3;9;A01
201300020374;0;1;0;0;2;1;1;B01
201300020375;0;7;0;0;2;1;15;A01
201300020375;0;2;0;0;2;1;1;B01
201300020376;0;7;0;0;1;1;15;A01
201300020377;0;30;0;0;2;1;1;B01
201300020377;0;7;0;0;2;2;15;A01
201300020378;0;7;0;9;0;1;13;A01
201300020379;0;1;0;0;2;3;19;B01
201300020379;0;7;0;0;2;1;1;A01
201300020380;0;7;0;6;0;2;14;A01
201300020381;0;7;0;0;1;1;1;A01
201300020382;0;1;0;0;2;3;19;A01
201300020382;0;10;0;0;2;2;1;B01
201300020383;0;32;0;0;2;1;21;B01
201300020383;0;7;0;0;2;6;15;A01
201300020384;0;7;0;8;0;1;14;A01
201300020385;0;7;0;0;1;2;1;A01
201300020386;0;1;0;0;2;1;5;A01
201300020386;0;7;0;0;2;2;16;B01
201300020387;0;7;0;0;2;3;1;C01
201300020387;1;7;0;0;2;3;20;Z01
201300020387;0;2;0;0;2;1;1;B01
201300020388;0;7;0;12;0;2;16;A01
201300020389;0;30;0;0;2;1;1;B01
201300020389;0;7;0;0;2;2;10;A01
201300020390;0;7;0;0;2;1;1;A01
201300020390;0;1;0;0;2;1;1;B01
201300020391;0;7;0;0;2;1;1;B01
201300020391;0;30;0;0;2;1;15;A01
201300020392;0;7;0;15;0;2;1;A01
201300020393;0;33;0;0;2;4;23;B01
201300020393;0;33;0;0;2;1;2;A01
201300020394;0;7;0;6;2;7;1;B01
201300020394;0;7;0;0;2;1;1;A01
201300020395;0;7;0;1;0;1;14;A01
201300020396;0;1;0;0;2;1;19;A01
201300020396;0;7;0;0;2;2;16;B01
201300020397;0;2;0;1;0;1;1;A01
201300020398;0;7;0;0;1;7;1;A01
201300020399;0;7;0;0;2;3;24;A01
201300020399;0;1;0;1;0;1;1;B01
201300020400;0;7;0;0;2;4;23;B01
201300020400;0;7;0;0;2;1;2;A01
201300020401;0;7;0;8;0;3;1;A01
201300020402;0;7;0;8;0;3;14;A01
201300020403;0;32;0;0;2;2;17;A01
201300020403;0;7;0;0;2;3;15;B01
201300020404;0;7;0;1;0;1;1;A01
201300020405;0;14;0;0;1;3;1;A01
201300020406;0;10;0;0;2;1;2;A01
201300020406;0;7;0;0;2;4;23;B01
201300020407;0;7;0;0;2;1;15;A01
201300020407;0;7;0;0;2;1;23;B01
201300020408;0;10;0;0;1;4;4;A01
201300020409;0;7;0;0;2;6;1;B01
201300020409;0;30;0;0;2;1;1;A01
201300020410;0;2;0;0;2;7;15;B01
201300020410;1;7;0;0;2;8;15;Z01
201300020411;0;7;0;8;0;1;16;A01
201300020412;0;10;0;0;1;1;1;A01
201300020413;0;37;2;0;1;2;1;A01
201300020414;0;10;0;1;0;2;1;B01
201300020414;0;10;0;0;2;8;22;A01
201300020415;0;1;0;0;2;7;19;B01
201300020415;0;7;0;0;2;1;1;A01
201300020416;0;7;0;0;2;4;23;C01
201300020416;0;7;0;0;2;4;23;B01
201300020416;0;7;0;0;2;1;2;A01
201300020417;0;1;0;0;2;0;0;B01
201300020417;0;15;0;0;2;7;1;A01
201300020418;0;33;0;0;2;1;1;B01
201300020418;0;7;0;0;2;1;15;A01
201300020419;0;7;0;0;1;1;1;A01
201300020420;0;7;0;0;1;2;1;A01
201300020421;0;1;0;0;2;6;15;A01
201300020421;0;7;0;0;2;2;1;B01
201300020422;0;2;0;0;1;1;1;A01
201300020423;0;7;0;0;2;0;1;B01
201300020423;0;7;0;8;2;0;1;A01
201300020424;0;2;0;0;2;1;1;B01
201300020424;0;7;0;0;2;1;15;A01
201300020425;0;7;0;0;2;2;1;B01
201300020425;0;33;0;0;2;1;1;A01
201300020426;0;32;0;0;2;1;1;B01
201300020426;0;7;0;0;2;2;15;A01