num_acc;senc;catv;occutc;obs;obsm;choc;manv;num_veh
201300020825;0;7;0;0;2;4;2;B01
201300020826;0;7;0;0;2;5;15;A01
201300020826;0;33;0;0;2;1;1;B01
201300020827;0;30;0;0;2;1;18;A01
201300020827;0;7;0;0;2;7;16;B01
201300020828;0;7;0;1;0;2;1;A01
201300020829;1;7;0;0;2;0;17;A01
201300020829;0;33;0;0;2;1;1;B01
201300020830;0;7;0;0;2;3;1;B01
201300020830;0;7;0;0;2;2;15;A01
201300020831;0;7;0;0;1;2;1;A01
201300020832;0;7;0;0;1;2;1;A01
201300020833;0;7;0;0;2;3;15;A01
201300020833;0;7;0;0;2;2;1;B01
201300020834;0;30;0;0;2;0;0;A01
201300020834;0;7;0;0;2;0;0;B01
201300020835;0;7;0;0;2;1;2;A01
201300020835;0;7;0;0;2;4;2;B01
201300020836;0;7;0;6;0;1;0;A01
201300020837;0;7;0;0;1;2;17;A01
201300020838;0;7;0;0;1;0;0;A01
201300020839;0;7;0;0;2;1;2;A01
201300020839;0;30;0;0;2;4;2;B01
201300020840;0;7;0;0;2;3;9;A01
201300020840;0;1;0;0;2;1;1;B01
201300020841;0;7;0;1;0;3;1;A01
201300020842;0;7;0;0;2;3;0;A01
201300020842;0;1;0;0;2;1;0;B01
201300020843;0;7;0;0;1;2;1;A01
201300020844;0;2;0;12;0;0;0;A01
201300020845;0;7;0;4;0;1;1;A01
201300020846;0;7;0;0;1;0;23;A01
201300020847;0;7;0;2;0;1;1;A01
201300020848;0;7;0;12;0;3;0;A01
201300020849;0;7;0;0;2;8;1;B01
201300020849;0;7;0;0;2;1;1;C01
201300020849;0;7;0;0;2;1;13;A01
201300020850;0;7;0;0;1;2;1;A01
201300020851;0;7;0;0;1;0;0;A01
201300020852;0;2;0;0;0;8;1;A01
201300020853;0;31;0;0;2;0;1;B01
201300020853;0;7;0;0;2;0;15;A01
201300020854;0;7;0;0;2;1;0;A01
201300020854;0;7;0;0;2;1;0;B01
201300020855;0;7;0;0;2;1;1;B01
201300020855;0;7;0;0;2;2;15;A01
201300020856;0;37;1;0;2;1;1;C01
201300020856;0;7;0;0;2;3;15;A01
201300020856;0;7;0;0;0;6;1;B01
201300020857;0;7;0;2;0;1;1;A01
201300020858;0;7;0;0;2;1;0;B01
201300020858;0;7;0;0;2;4;0;A01
201300020859;0;7;0;0;2;1;1;B01
201300020859;0;7;0;0;2;1;1;A01
201300020860;0;7;0;0;1;2;1;A01
201300020861;0;7;0;0;1;2;1;A01
201300020862;0;7;0;0;1;2;1;A01
201300020863;0;7;0;0;2;5;1;A01
201300020863;0;30;0;0;2;8;0;B01
201300020864;0;7;0;3;0;0;1;A01
201300020865;0;7;0;0;1;2;1;A01
201300020866;0;7;0;8;0;1;1;A01
201300020867;0;14;0;0;2;2;0;B01
201300020867;0;7;0;0;2;3;0;A01
201300020868;0;7;0;0;1;1;1;A01
201300020869;0;7;0;0;2;6;15;A01
201300020869;0;2;0;0;2;1;0;B01
201300020870;0;7;0;0;1;1;1;A01
201300020871;0;37;1;0;1;2;9;A01
201300020872;0;7;0;0;2;7;15;A01
201300020872;0;30;0;0;2;1;1;B01
201300020873;0;31;0;0;2;1;1;B01
201300020873;0;7;0;0;2;8;15;A01
201300020874;0;10;0;0;2;8;1;B01
201300020874;0;7;0;0;2;1;0;A01
201300020874;0;10;0;0;2;1;1;C01
201300020875;0;32;0;0;2;1;1;A01
201300020875;0;7;0;0;2;1;1;B01
201300020876;0;2;0;1;0;1;0;B01
201300020876;0;2;0;1;0;1;0;A01
201300020877;0;1;0;0;2;0;0;A01
201300020877;0;1;0;0;2;0;0;B01
201300020878;0;7;0;0;1;2;14;A01
201300020879;0;7;0;0;2;1;0;A01
201300020879;0;1;0;0;2;1;1;B01
201300020880;0;31;0;1;0;1;10;A01
201300020881;0;33;0;0;0;0;1;A01
201300020882;0;7;0;0;2;3;1;B01
201300020882;0;7;0;0;2;2;12;A01
201300020883;0;99;0;0;2;1;0;A01
201300020883;0;7;0;0;9;1;1;B01
201300020884;0;7;0;0;2;3;13;A01
201300020884;0;7;0;0;2;3;0;B01
201300020885;0;33;0;0;0;7;0;A01
201300020886;0;7;0;0;2;1;0;B01
201300020886;0;7;0;0;2;0;0;A01
201300020887;0;7;0;0;9;0;0;A01
201300020887;0;1;0;0;0;0;0;B01
201300020888;0;7;0;0;2;1;1;B01
201300020888;0;7;0;0;2;6;0;A01
201300020889;0;7;0;8;0;1;21;A01
201300020890;0;7;0;0;2;1;0;A01
201300020890;0;7;0;0;2;8;1;B01
201300020891;1;99;0;0;2;0;17;A01
201300020891;0;30;0;0;0;8;2;B01
201300020892;0;7;0;0;2;2;2;B01
201300020892;0;1;0;0;2;1;2;A01
201300020893;0;7;0;0;2;1;0;B01
201300020893;0;7;0;0;2;1;0;A01
201300020894;0;7;0;0;2;1;0;B01
201300020894;0;7;0;0;2;1;1;A01
201300020895;0;10;0;0;1;1;17;A01
201300020896;0;7;0;0;1;2;1;A01
201300020897;0;31;0;0;0;0;0;A01
201300020898;0;7;0;0;1;2;15;A01
201300020899;0;7;0;0;1;1;2;A01
201300020900;0;10;0;0;1;2;15;A01
201300020901;0;7;0;0;2;1;5;A01
201300020901;0;7;0;0;2;1;1;B01
201300020902;0;7;0;0;2;1;15;A01
201300020902;0;2;0;0;2;7;0;B01
201300020903;0;31;0;0;0;2;0;B01
201300020903;0;7;0;0;0;8;9;A01
201300020904;0;7;0;0;2;0;0;B01
201300020904;0;7;0;0;2;1;0;A01
201300020905;0;7;0;0;2;2;2;B01
201300020905;0;1;0;0;2;3;12;A01
201300020906;0;7;0;15;0;1;14;A01
201300020907;0;30;0;1;1;1;2;A01
201300020908;0;7;0;0;1;4;4;A01
201300020909;1;7;0;0;1;3;2;A01
201300020910;0;7;0;0;0;3;9;A01
201300020910;0;33;0;0;0;7;15;B01
201300020911;0;1;0;0;2;7;16;A01
201300020911;0;7;0;0;2;8;16;B01
201300020912;0;33;0;0;6;0;2;A01
201300020913;0;1;0;1;0;1;13;A01
201300020914;0;7;0;0;2;3;1;B01
201300020914;0;7;0;0;2;8;15;A01
201300020915;0;2;0;0;0;2;1;B01
201300020915;0;7;0;0;2;3;1;A01
201300020916;0;31;0;16;0;8;1;A01
201300020917;0;7;0;0;1;2;0;A01
201300020918;0;30;0;0;0;1;1;A01
201300020919;0;1;0;0;2;8;1;B02
201300020919;0;7;0;0;9;1;1;A01
201300020920;0;31;0;13;0;1;1;A01
201300020921;0;7;0;8;0;1;0;A01
201300020922;0;7;0;0;2;8;10;A01
201300020922;0;14;0;0;2;2;0;B02
201300020923;0;7;0;0;2;3;13;A01
201300020923;0;7;0;0;2;1;1;B02
201300020924;0;10;0;0;2;3;1;B02
201300020924;0;7;0;0;2;3;13;A01
201300020925;0;7;0;0;0;3;1;B02
201300020925;0;7;0;0;2;1;1;A01
201300020926;0;33;0;0;2;1;1;B02
201300020926;0;10;0;0;0;3;10;A01
201300020927;0;33;0;0;9;7;17;A01
201300020927;0;7;0;0;9;1;1;B02
201300020928;0;7;0;0;2;1;13;A01
201300020928;0;7;0;0;2;1;1;B02
201300020929;0;7;0;0;1;1;1;A01
201300020930;0;7;0;0;0;2;5;B02
201300020930;0;7;0;0;0;2;1;A01
201300020931;0;30;0;0;2;1;1;B02
201300020931;0;7;0;0;2;8;15;A01
201300020932;0;7;0;0;2;1;13;A01
201300020932;0;7;0;0;2;1;2;B02
201300020933;0;7;0;8;0;7;0;A01
201300020934;0;33;0;16;0;1;1;A01
201300020935;0;33;0;0;1;3;1;A01
201300020936;0;2;0;0;2;1;2;A01
201300020936;0;7;0;0;0;4;1;B02
201300020937;0;7;0;0;0;8;0;A01
201300020937;0;7;0;0;9;1;19;B02
201300020938;0;1;0;0;2;1;2;A01
201300020938;0;7;0;0;0;4;23;B02
201300020939;0;32;0;0;2;1;19;A01
201300020939;0;7;0;0;2;8;19;B02
201300020940;0;2;0;0;2;1;19;A01
201300020940;0;7;0;0;2;7;1;B02
201300020941;0;35;0;15;0;1;1;A01
201300020942;0;7;0;0;2;3;19;A01
201300020942;0;7;0;0;2;1;1;B02
201300020943;0;7;0;6;0;1;1;A01
201300020944;0;7;0;0;2;7;19;B02
201300020944;0;7;0;0;2;1;1;A01
201300020945;0;7;0;0;0;4;4;A01
201300020945;0;7;0;0;0;4;24;B02
201300020946;0;10;0;0;0;3;19;B02
201300020946;0;33;0;0;0;1;1;A01
201300020947;0;33;0;3;2;7;3;A01
201300020947;0;7;0;0;2;8;1;B02
201300020948;0;7;0;0;2;1;2;A01
201300020948;0;14;0;0;0;6;2;B02
201300020949;0;7;0;0;2;4;15;B02
201300020949;0;7;0;0;2;1;1;C03
201300020949;0;7;0;0;0;1;1;A01
201300020950;0;7;0;0;2;3;1;A01
201300020950;0;1;0;0;2;1;15;B02
201300020951;0;33;0;0;2;8;1;A01
201300020951;0;7;0;0;2;8;15;B02
201300020952;0;7;0;8;0;1;6;A01
201300020953;0;1;0;0;0;8;1;A01
201300020953;0;7;0;0;0;2;9;B02
201300020954;0;33;0;16;0;7;1;A01
201300020955;0;7;0;0;1;1;1;A01
201300020956;0;7;0;0;2;7;1;B02
201300020956;0;7;0;0;2;1;1;A01
201300020957;0;1;0;0;2;1;1;B02
201300020957;0;7;0;0;0;3;1;A01
201300020958;0;14;0;0;0;0;0;A01
201300020959;0;33;0;14;0;1;21;A01
201300020960;0;7;0;0;2;2;1;A01
201300020960;0;7;0;0;2;7;13;B01
201300020961;0;7;0;0;2;1;9;A01
201300020961;0;33;0;0;2;1;1;B02
201300020962;0;7;0;0;1;0;1;A01
201300020963;0;10;0;0;2;1;1;B02
201300020963;0;7;0;0;0;1;13;A01
201300020964;0;7;0;0;2;2;15;A01
201300020964;0;31;0;0;2;1;1;B01
201300020965;0;7;0;0;2;1;1;B01
201300020965;0;3;0;0;2;2;15;A01
201300020966;0;7;0;0;2;8;9;A01
201300020966;0;7;0;0;2;1;6;B01
201300020967;0;7;0;0;2;1;15;A01
201300020967;0;30;0;0;2;8;1;B01
201300020968;0;1;0;0;2;7;19;A01
201300020968;0;7;0;0;2;1;2;B01
201300020969;0;7;0;0;2;3;15;A01
201300020969;0;31;0;0;2;8;2;B01
201300020970;0;7;0;0;2;8;1;A01
201300020970;0;7;0;0;2;1;1;B01
201300020971;0;7;0;0;9;4;1;B01
201300020971;0;2;0;0;2;1;1;A01
201300020972;0;7;0;0;2;1;2;A01
201300020972;0;7;0;0;2;4;2;B01
201300020973;0;7;0;10;0;7;2;A01
201300020974;0;2;0;0;2;7;17;A01
201300020974;0;7;0;0;2;8;15;B01
201300020975;0;7;0;0;1;2;1;A01
201300020976;0;7;0;0;2;8;10;A01
201300020976;0;33;0;0;2;1;17;B01
201300020977;0;10;0;0;1;1;2;A01
201300020978;0;7;0;0;2;1;1;A01
201300020978;0;7;0;0;2;9;1;B01
201300020978;0;7;0;0;2;1;1;C01
201300020978;0;7;0;0;2;4;2;D01
201300020978;0;7;0;0;2;4;2;E01
201300020979;0;7;0;9;0;1;1;A01
201300020980;0;7;0;0;2;1;17;A01
201300020980;0;14;0;0;2;1;1;B01
201300020981;0;7;0;0;2;1;1;B01
201300020981;1;33;0;0;2;1;5;A01
201300020982;0;7;0;0;2;1;1;B01
201300020982;0;2;0;0;2;1;13;A01
201300020983;0;7;0;0;1;1;2;A01
201300020984;0;7;0;0;2;2;15;A01
201300020984;0;33;0;0;2;1;1;B01
201300020985;0;7;0;0;2;3;1;A01
201300020985;0;30;0;0;2;3;1;B01
201300020986;0;7;0;0;2;1;2;A01
201300020986;0;7;0;0;0;4;2;B01
201300020987;0;7;0;0;2;6;10;A01
201300020987;0;33;0;0;2;1;2;B01
201300020988;0;7;0;0;2;9;15;A01
201300020988;0;7;0;0;2;2;1;B01
201300020989;0;7;0;0;2;1;15;A01
201300020989;0;7;0;0;2;3;1;B01
201300020990;0;7;0;0;1;2;2;A01
201300020991;0;33;0;12;0;9;1;A01
201300020992;0;7;0;0;1;1;1;A01
201300020993;0;7;0;6;0;1;1;A01
201300020994;0;7;0;0;1;1;1;A01
201300020995;0;7;0;0;2;3;0;A01
201300020995;0;1;0;0;2;1;0;B01
201300020996;0;7;0;0;2;8;19;A01
201300020996;0;33;0;0;2;1;1;B01
201300020997;0;7;0;0;1;1;1;A01
201300020998;0;7;0;1;0;9;0;A01
201300020998;0;7;0;0;2;3;23;B01
201300020998;0;7;0;0;2;2;0;C01
201300020999;0;31;0;0;1;1;1;A01
201300021000;0;7;0;0;2;6;23;A01
201300021000;0;30;0;0;2;1;1;B01
201300021001;0;33;0;0;0;1;1;A01
201300021002;0;7;0;0;2;1;1;A01
201300021002;0;1;0;0;2;4;1;B01
201300021003;0;7;0;0;2;8;15;A01
201300021003;0;7;0;0;2;1;1;B01
201300021004;0;7;0;0;1;4;4;A01
201300021005;0;7;0;0;2;1;9;A01
201300021005;0;7;0;0;2;1;1;B01
201300021006;0;7;0;0;2;3;6;A01
201300021006;0;33;0;0;2;3;1;B01
201300021007;0;30;0;0;2;7;19;A01
201300021007;0;7;0;0;2;3;1;B01
201300021008;0;7;0;0;2;5;16;A01
201300021008;0;1;0;0;2;1;1;B01
201300021009;0;7;0;0;1;2;16;A01
201300021010;0;7;0;15;0;3;13;A01
201300021011;0;7;0;0;2;3;15;A01
201300021011;0;2;0;0;2;1;1;B01
201300021012;0;30;0;0;2;1;2;A01
201300021012;0;7;0;0;2;5;23;B01
201300021013;0;33;0;0;2;1;1;B01
201300021013;0;7;0;0;2;1;15;A01
201300021014;0;7;0;0;2;1;19;A01
201300021014;0;7;0;0;0;7;1;B01
201300021015;0;7;0;0;1;5;4;A01
201300021016;0;7;0;0;2;1;2;A01
201300021016;0;7;0;0;0;4;2;B01
201300021017;0;7;0;0;2;2;1;A01
201300021017;0;7;0;0;2;1;9;B01
201300021018;0;7;0;0;2;1;1;A01
201300021018;0;7;0;0;0;4;23;B01
201300021019;0;7;0;0;0;0;19;A01
201300021019;0;2;0;0;0;9;1;B01
201300021020;0;7;0;0;2;1;15;A01
201300021020;0;7;0;0;2;1;1;B01
201300021021;0;7;0;0;1;1;1;A01
201300021022;0;7;0;0;2;1;13;A01
201300021022;0;7;0;0;2;1;1;B01
201300021023;0;7;0;8;0;1;13;A01
201300021024;0;7;0;0;2;1;1;A01
201300021024;0;1;0;0;2;8;19;B01
201300021025;0;37;2;0;2;2;1;B01
201300021025;0;7;0;0;2;3;19;A01
201300021026;0;7;0;0;2;2;19;A01
201300021026;0;1;0;0;2;3;1;B01
201300021027;0;7;0;0;2;2;2;A01
201300021027;0;3;0;0;2;2;1;B01
201300021028;2;7;0;0;2;8;15;A01
201300021028;0;33;0;0;2;1;17;B01
201300021029;0;3;0;0;2;3;13;A01
201300021029;0;7;0;0;2;3;1;B01
201300021030;0;3;0;0;2;3;1;A01
201300021030;0;7;0;0;2;3;1;B01
201300021031;0;3;0;0;1;1;2;A01
201300021032;0;1;0;0;2;1;0;B01
201300021032;0;7;0;0;2;7;16;A01
201300021033;0;7;0;0;2;7;17;A01
201300021033;0;30;0;0;2;8;15;B01
201300021034;0;33;0;0;2;1;1;B01
201300021034;0;7;0;0;2;3;10;A01
201300021035;0;7;0;0;2;2;6;A01
201300021035;0;7;0;0;2;1;1;B01
201300021035;0;7;0;0;2;3;1;C01
201300021036;0;7;0;0;2;7;16;A01
201300021036;0;2;0;0;2;1;18;B01
201300021037;0;30;0;0;2;1;1;A01
201300021037;0;7;0;0;2;3;1;B01
201300021038;0;7;0;0;2;7;17;A01
201300021038;0;10;0;0;2;3;14;B01
201300021039;0;30;0;0;2;1;17;B01
201300021039;0;7;0;0;2;3;9;A01
201300021040;0;1;0;0;2;8;13;A01
201300021040;0;7;0;0;2;7;13;B01
201300021041;0;33;0;0;2;2;17;A01
201300021041;0;7;0;0;2;3;15;B01
201300021042;0;7;0;0;1;2;1;A01
201300021043;0;7;0;0;1;7;1;B01
201300021043;0;7;0;0;2;1;9;A01
201300021044;0;7;0;0;2;1;1;A01
201300021044;0;1;0;0;0;0;0;B01
201300021045;0;7;0;0;2;7;16;B01
201300021045;0;30;0;0;2;3;18;A01
201300021046;0;7;0;0;2;2;1;A01
201300021047;0;2;0;0;2;1;1;A01
201300021047;0;7;0;0;0;4;23;B01
201300021048;0;7;0;0;1;1;1;A01
201300021049;0;7;0;0;1;4;4;A01
201300021050;0;7;0;0;0;2;1;A01
201300021050;0;7;0;0;2;2;15;B01
201300021051;0;7;0;0;1;1;2;A01
201300021052;0;7;0;0;2;3;1;A01
201300021052;0;33;0;0;0;0;0;B02
201300021053;0;7;0;0;0;0;12;A01
201300021053;0;1;0;0;0;7;1;B01
201300021054;0;7;0;0;0;1;0;A01
201300021054;0;1;0;0;0;7;15;B01
201300021055;0;30;0;0;0;0;0;A01
201300021055;0;7;0;0;0;0;1;B01
201300021056;0;7;0;0;2;3;13;A01
201300021056;0;7;0;0;2;6;1;B01
201300021056;0;7;0;0;2;6;1;C01
201300021057;0;7;0;0;0;0;0;A01
201300021057;0;7;0;0;0;0;0;B01
201300021057;0;7;0;0;0;0;0;C01
201300021058;0;7;0;0;0;3;15;A01
201300021058;0;1;0;0;0;0;0;B01
201300021059;0;7;0;0;0;0;0;A01
201300021059;0;7;0;0;0;0;0;B01
201300021060;0;7;0;0;2;1;13;A01
201300021060;0;7;0;0;2;1;1;B01
201300021061;0;7;0;0;2;1;1;A01
201300021061;0;7;0;0;2;4;23;B01
201300021061;0;7;0;0;0;4;23;C01
201300021062;0;7;0;0;0;0;15;A01
201300021062;0;30;0;0;0;7;17;B01
201300021063;0;7;0;0;1;1;1;A01
201300021064;1;7;0;0;2;8;18;Z01
201300021064;0;1;0;0;2;7;1;A01
201300021065;1;7;0;0;1;2;1;Z01
201300021066;0;7;0;0;2;1;2;A01
201300021066;0;7;0;0;2;4;2;B01
201300021067;0;7;0;0;1;0;0;A01
201300021068;0;7;0;0;2;1;17;A01
201300021068;0;7;0;0;0;0;15;B01
201300021069;0;30;0;0;0;5;16;B01
201300021069;0;7;0;0;2;3;16;A01
201300021070;0;7;0;0;1;2;1;A01
201300021071;0;7;0;0;0;0;0;A01
201300021071;0;1;0;0;2;2;0;B01
201300021072;0;7;0;0;2;2;20;A01
201300021072;0;33;0;0;2;1;1;B01
201300021073;0;1;0;0;2;1;5;A01
201300021073;0;31;0;0;2;1;1;B01
201300021074;0;7;0;0;2;1;1;B01
201300021074;0;7;0;0;2;5;19;A01
201300021075;0;7;0;0;2;2;9;A01
201300021075;0;7;0;0;2;5;1;B01
201300021076;0;7;0;0;2;5;15;A01
201300021076;0;7;0;0;2;1;1;B01
201300021077;0;7;0;0;2;1;1;A01
201300021077;0;1;0;0;2;1;19;B01
201300021078;0;7;0;0;9;7;9;A01
201300021078;0;1;0;0;0;3;15;B01
201300021079;0;7;0;0;0;2;15;A01
201300021079;0;2;0;0;2;1;1;B01
201300021080;0;7;0;0;2;1;1;A01
201300021080;0;7;0;0;2;4;23;B01
201300021080;0;7;0;0;0;4;23;C01
201300021081;0;7;0;0;1;2;16;A01
201300021082;0;7;0;0;2;1;19;A01
201300021082;0;7;0;0;2;7;1;B01
201300021083;0;7;0;0;1;3;1;A01
201300021084;0;7;0;0;0;5;0;A01
201300021084;0;1;0;0;2;0;0;B01
201300021085;0;7;0;0;2;1;0;A01
201300021085;0;7;0;0;0;0;0;B01
201300021086;0;2;0;0;2;2;17;B01
201300021086;0;7;0;0;2;8;20;A01
201300021087;0;7;0;0;1;2;1;A01
201300021088;0;7;0;0;1;3;1;A01
201300021089;0;7;0;0;1;2;15;A01
201300021090;0;7;0;0;1;1;9;A01
201300021091;0;7;0;0;2;2;1;A01
201300021091;0;7;0;0;2;3;1;B01
201300021092;0;7;0;0;2;3;1;B01
201300021092;0;7;0;0;2;2;1;A01
201300021093;0;7;0;1;0;1;14;A01
201300021094;0;7;0;0;2;1;16;A01
201300021094;0;7;0;0;2;3;1;B01
201300021095;0;7;0;0;9;1;1;A01
201300021096;0;7;0;4;2;1;5;A01
201300021096;0;7;0;0;2;3;2;B01
201300021096;0;7;0;0;2;1;2;C01
201300021097;0;10;0;0;1;4;4;A01
201300021098;0;7;0;6;2;1;2;A01
201300021098;0;7;0;0;2;3;2;B01
201300021099;0;7;0;0;2;1;1;B01
201300021099;0;7;0;0;2;2;1;A01
201300021100;0;7;0;2;1;1;1;A01
201300021101;0;1;0;0;0;4;2;B01
201300021101;0;7;0;0;2;2;2;A01
201300021102;0;7;0;0;2;3;15;A01
201300021102;0;37;1;0;2;1;1;B01
201300021102;0;7;0;0;2;0;1;C01
201300021103;0;7;0;15;0;1;21;A01
201300021104;0;33;0;0;2;1;1;B01
201300021104;0;7;0;0;2;6;9;A01
201300021105;0;37;1;0;1;2;7;A01
201300021106;0;31;0;0;0;0;0;A01
201300021107;0;7;0;13;0;9;14;A01
201300021108;0;7;0;0;2;1;2;A01
201300021108;0;7;0;0;2;0;1;B01
201300021109;0;7;0;0;1;0;1;A01
201300021110;0;7;0;0;2;1;2;A01
201300021110;0;7;0;0;2;4;2;B01
201300021110;0;7;0;0;0;4;2;C01
201300021111;0;32;0;0;2;4;1;A01
201300021111;0;7;0;0;2;3;15;B01
201300021112;0;7;0;0;2;3;13;A01
201300021112;0;7;0;0;2;6;2;B01
201300021112;0;7;0;0;2;1;2;C01
201300021113;0;7;0;0;2;0;1;B01
201300021113;0;7;0;0;2;0;9;A01
201300021114;0;7;0;8;2;3;2;A01
201300021114;0;7;0;0;2;2;2;B01
201300021114;0;7;0;0;2;3;2;C01
201300021115;0;10;0;2;2;1;17;A01
201300021115;0;7;0;0;2;8;1;B01
201300021116;0;7;0;0;1;2;2;A01
201300021117;0;33;0;0;2;7;1;B01
201300021117;0;7;0;0;2;1;9;A01
201300021118;0;7;0;0;2;8;11;B01
201300021118;0;33;0;0;2;2;17;A01
201300021118;0;7;0;0;2;8;2;C01
201300021119;0;1;0;0;2;8;0;A01
201300021119;0;7;0;0;2;1;9;B01
201300021120;0;7;0;0;2;3;5;A01
201300021120;0;7;0;0;2;3;21;B01
201300021120;0;7;0;0;2;7;21;C01
201300021120;0;37;1;0;2;8;2;D01
201300021121;0;7;0;0;2;1;1;B01
201300021121;0;7;0;0;2;1;13;A01
201300021122;0;7;0;0;2;1;2;A01
201300021122;0;37;20;0;0;4;2;B01
201300021123;0;7;0;0;0;8;0;A01
201300021123;0;33;0;4;2;1;1;B01
201300021123;0;7;0;0;2;1;1;C01
201300021123;0;33;0;0;0;0;17;Z01
201300021124;0;1;0;0;1;1;0;A01
201300021125;0;30;0;0;2;1;2;A01
201300021125;0;7;0;0;0;4;2;B01
201300021126;0;33;0;0;2;0;0;B01
201300021126;0;7;0;0;2;1;9;A01
201300021127;0;7;0;0;2;3;9;A01
201300021127;0;30;0;0;2;2;2;B01
201300021128;0;31;0;0;2;0;0;B01
201300021128;0;7;0;0;2;1;0;A01
201300021129;0;10;0;0;1;8;2;A01
201300021130;0;7;0;0;1;1;1;A01
201300021131;0;7;0;0;2;4;2;B01
201300021131;0;7;0;0;2;1;2;A01
201300021132;0;32;0;0;2;4;1;B01
201300021132;0;7;0;0;2;1;9;A01
201300021133;0;7;0;0;1;8;1;Z01
201300021134;0;7;0;0;2;3;15;A01
201300021134;0;30;0;0;2;2;17;B01
201300021135;0;7;0;0;2;8;1;A01
201300021135;0;37;1;0;2;2;1;B01
201300021136;0;7;0;0;2;0;9;A01
201300021136;0;1;0;0;2;1;2;B01
201300021137;0;7;0;0;2;3;1;B01
201300021137;0;7;0;0;2;1;15;A01
201300021138;0;7;0;0;2;1;2;A01
201300021138;0;7;0;0;0;4;2;B01
201300021139;0;7;0;0;2;7;15;A01
201300021139;0;1;0;0;2;1;1;B01
201300021140;0;10;0;0;2;3;2;A01
201300021140;0;1;0;0;2;1;1;Y01
201300021141;0;7;0;0;1;1;1;A01
201300021142;0;1;0;0;2;0;1;B01
201300021142;0;7;0;0;2;1;9;A01
201300021143;0;32;0;0;2;1;2;A01
201300021143;0;10;0;0;0;7;19;B01
201300021144;0;7;0;0;2;1;0;A01
201300021144;0;7;0;0;2;6;0;B01
201300021145;0;32;0;0;2;1;2;A01
201300021145;0;7;0;0;0;6;2;B01
201300021146;0;7;0;0;2;5;17;A01
201300021146;0;7;0;8;2;3;1;B01
201300021147;0;10;0;13;0;1;14;A01
201300021148;0;37;5;0;2;3;1;B01
201300021148;0;7;0;0;2;3;9;A01
201300021149;0;7;0;13;0;1;0;A01
201300021150;0;7;0;0;2;2;1;B01
201300021150;0;7;0;0;2;3;9;A01
201300021151;0;7;0;0;2;1;2;A01
201300021151;0;7;0;0;0;4;2;B01
201300021152;0;30;0;0;2;3;0;A01
201300021152;0;7;0;0;2;2;1;B01
201300021153;0;7;0;0;1;2;2;A01
201300021154;0;7;0;3;2;1;1;A01
201300021154;0;7;0;0;2;1;1;B01
201300021155;0;7;0;0;2;1;0;A01
201300021155;0;33;0;0;2;1;1;B01
201300021156;0;7;0;0;2;7;15;A01
201300021156;0;10;0;7;2;1;1;B01
201300021157;0;30;0;0;2;1;13;A01
201300021157;0;7;0;0;2;3;2;B01
201300021158;0;34;0;0;2;1;1;A01
201300021158;0;7;0;0;2;3;1;B01
201300021159;0;33;0;0;2;7;2;A01
201300021159;1;30;0;0;2;1;9;X01
201300021160;0;37;1;0;1;2;1;A01
201300021161;0;7;0;0;2;3;2;A01
201300021161;0;7;0;0;2;9;1;B01
201300021161;0;15;0;0;0;4;24;C01
201300021162;0;31;0;13;0;1;2;A01
201300021163;0;7;0;0;2;0;15;A01
201300021163;0;1;0;0;2;0;1;B01
201300021164;0;10;0;0;2;8;1;A01
201300021164;0;99;0;0;2;1;0;B01
201300021165;0;7;0;0;1;1;1;A01
201300021166;0;7;0;0;1;1;1;A01
201300021167;0;3;0;0;1;2;2;A01
201300021168;0;7;0;0;1;2;1;A01
201300021169;0;10;0;0;1;3;2;A01
201300021170;0;7;0;0;2;4;1;A01
201300021170;0;7;0;0;2;1;1;B01
201300021171;0;7;0;0;2;9;15;A01
201300021171;0;7;0;0;2;9;1;B01
201300021172;1;31;0;0;1;1;2;Z01
201300021173;0;7;0;0;2;2;1;B01
201300021173;0;32;0;0;2;1;9;A01
201300021174;0;10;0;0;2;8;9;A01
201300021174;0;33;0;0;2;7;2;B01
201300021175;0;7;0;0;2;3;5;A01
201300021175;0;7;0;0;2;3;11;B01
201300021175;0;7;0;0;2;3;2;C01
201300021176;0;7;0;0;2;0;1;B01
201300021176;0;15;0;0;2;1;15;A01
201300021177;0;7;0;0;2;7;13;A01
201300021177;0;10;0;0;2;1;2;B01
201300021178;0;7;0;0;2;8;5;A01
201300021178;0;7;0;0;2;3;1;B01
201300021179;0;7;0;0;2;1;2;A01
201300021179;0;7;0;0;2;4;23;B01
201300021179;0;7;0;0;2;4;23;C01
201300021180;0;7;0;0;2;1;2;A01
201300021180;0;7;0;0;0;4;2;B01
201300021181;0;14;0;0;1;2;1;A01
201300021182;0;7;0;0;1;0;1;A01
201300021183;0;7;0;0;1;8;2;A01
201300021184;0;7;0;0;1;0;1;A01
201300021185;0;7;0;0;2;2;2;A01
201300021185;0;7;0;0;2;1;15;B01
201300021186;0;17;0;3;0;1;1;A01
201300021187;0;7;0;0;2;1;6;A01
201300021187;0;7;0;0;2;1;2;B01
201300021188;0;7;0;3;0;9;1;A01
201300021189;0;7;0;0;1;1;2;A01
201300021190;0;7;0;0;0;1;1;A01
201300021191;0;7;0;0;1;1;2;A01
201300021192;0;7;0;0;1;1;1;A01
201300021193;0;7;0;0;1;2;2;A01
201300021194;0;7;0;0;2;1;1;A01
201300021194;0;7;0;0;2;1;1;B01
201300021195;0;7;0;0;2;1;9;A01
201300021195;0;1;0;0;2;0;2;B01
201300021196;0;7;0;0;2;1;2;A01
201300021196;0;7;0;0;2;4;1;B01