num_acc;senc;catv;occutc;obs;obsm;choc;manv;num_veh
201300021197;0;7;0;1;0;8;2;A01
201300021198;0;7;0;8;0;2;1;A01
201300021199;0;7;0;2;0;8;0;A01
201300021200;0;7;0;2;0;1;14;A01
201300021201;0;33;0;0;2;1;2;B02
201300021201;0;7;0;0;2;4;9;A01
201300021202;0;33;0;8;0;7;1;A01
201300021203;0;7;0;0;2;3;1;B02
201300021203;0;7;0;0;2;2;13;A01
201300021204;0;10;0;0;1;2;1;A01
201300021205;0;7;0;0;1;2;14;A01
201300021206;0;10;0;0;2;3;1;C03
201300021206;0;10;0;0;2;6;1;B02
201300021206;0;33;0;0;2;1;17;A01
201300021207;0;7;0;0;2;8;13;A01
201300021207;0;7;0;0;2;3;1;B02
201300021208;0;7;0;2;0;8;1;A01
201300021209;0;10;0;8;0;1;13;A01
201300021210;0;10;0;0;2;3;16;B02
201300021210;0;7;0;0;2;5;1;A01
201300021210;0;7;0;0;2;1;1;C03
201300021211;0;33;0;2;0;1;1;A01
201300021212;0;7;0;0;0;1;16;A01
201300021212;0;2;0;6;0;1;1;B02
201300021213;0;7;0;6;0;1;1;A01
201300021214;0;7;0;0;2;2;17;A01
201300021214;0;1;0;0;0;1;13;B02
201300021215;0;10;0;0;2;2;1;A01
201300021215;0;1;0;0;2;4;1;B02
201300021216;0;10;0;2;0;1;14;A01
201300021217;0;7;0;4;0;1;1;A01
201300021218;0;7;0;13;0;0;1;A01
201300021219;0;7;0;15;0;1;1;A01
201300021220;0;7;0;0;0;6;15;A01
201300021220;0;7;0;0;0;1;5;B02
201300021221;0;7;0;0;2;3;5;A01
201300021221;0;7;0;0;2;3;21;B02
201300021222;0;7;0;0;2;1;1;C03
201300021222;0;10;0;0;2;1;23;A01
201300021222;0;10;0;1;2;1;13;B02
201300021223;0;7;0;0;2;1;11;A01
201300021223;0;10;0;0;2;1;1;B02
201300021224;0;7;0;0;0;1;0;C03
201300021224;0;7;0;0;2;1;1;B02
201300021224;0;7;0;12;1;1;1;A01
201300021225;0;17;0;0;2;1;1;B02
201300021225;0;7;0;0;2;1;5;A01
201300021226;0;7;0;6;0;3;1;A01
201300021227;0;7;0;0;1;2;2;A01
201300021228;0;7;0;0;2;1;19;A01
201300021228;0;7;0;0;2;7;1;B02
201300021229;0;7;0;0;2;2;10;A01
201300021229;0;30;0;0;2;1;1;B02
201300021230;0;30;0;0;2;1;17;A01
201300021230;0;7;0;0;0;3;15;B02
201300021231;0;10;0;13;0;1;1;A01
201300021232;0;15;0;13;0;7;1;A01
201300021233;0;7;0;4;2;3;2;A01
201300021233;0;17;0;0;0;4;1;B02
201300021234;0;7;0;14;0;1;2;B02
201300021234;0;7;0;3;2;9;1;A01
201300021235;0;14;0;1;0;1;1;A01
201300021236;0;10;0;0;2;2;2;B02
201300021236;0;7;0;4;0;6;2;A01
201300021237;0;14;0;1;0;2;2;B02
201300021237;0;7;0;0;9;7;2;D04
201300021237;0;14;0;0;0;3;23;A01
201300021237;0;7;0;0;9;2;2;E05
201300021237;0;7;0;4;0;8;2;C03
201300021238;0;10;0;13;0;1;1;A01
201300021239;0;7;0;0;2;1;14;A01
201300021239;0;14;0;0;2;6;1;B02
201300021240;0;7;0;0;0;1;1;A01
201300021241;0;10;0;0;2;2;17;C03
201300021241;0;10;0;4;2;2;17;A01
201300021241;0;17;0;0;2;6;1;B02
201300021242;0;7;0;4;0;1;1;A01
201300021243;0;10;0;13;0;2;1;A01
201300021244;0;7;0;3;0;1;1;A01
201300021245;0;10;0;3;2;4;1;B02
201300021245;0;7;0;3;2;1;1;A01
201300021246;0;14;0;0;2;0;1;D04
201300021246;0;7;0;0;9;3;1;E05
201300021246;0;14;0;0;9;1;1;F06
201300021246;0;7;0;0;9;1;1;C03
201300021246;0;14;0;0;0;0;1;A01
201300021247;0;14;0;0;2;5;1;B02
201300021247;0;7;0;0;2;1;2;A01
201300021248;0;14;0;0;0;8;1;B02
201300021248;0;7;0;0;2;7;14;A01
201300021249;0;10;0;3;0;7;1;A01
201300021250;0;15;0;0;1;5;1;A01
201300021251;0;7;0;0;1;7;1;A01
201300021252;0;7;0;0;2;1;1;A01
201300021252;0;7;0;0;2;4;1;B01
201300021253;0;7;0;0;2;6;1;A01
201300021253;0;7;0;0;2;1;1;B01
201300021254;0;7;0;0;2;3;1;B01
201300021254;0;7;0;0;2;1;15;A01
201300021255;0;7;0;0;2;1;2;A01
201300021255;0;7;0;0;0;4;20;B01
201300021256;0;7;0;0;2;6;15;B01
201300021256;0;33;0;0;2;0;17;A01
201300021257;0;7;0;0;2;2;1;B01
201300021257;0;7;0;0;2;3;1;A01
201300021258;0;7;0;0;1;2;1;A01
201300021259;0;7;0;0;2;4;23;B01
201300021259;0;15;0;0;2;2;1;A01
201300021260;0;7;0;0;2;4;1;B01
201300021260;0;30;0;0;2;1;1;A01
201300021261;0;10;0;0;2;8;15;A01
201300021261;0;7;0;0;2;1;1;B01
201300021262;0;7;0;0;2;2;9;A01
201300021262;0;37;5;0;2;2;16;B01
201300021263;0;2;0;0;1;1;20;A01
201300021264;1;30;0;0;0;0;0;A01
201300021265;0;7;0;8;0;1;1;A01
201300021266;0;33;0;0;2;1;1;B01
201300021266;0;10;0;0;2;5;15;A01
201300021267;0;2;0;0;2;7;17;A01
201300021267;0;7;0;0;2;3;15;B01
201300021268;0;7;0;0;2;2;15;A01
201300021268;0;33;0;0;2;1;2;B01
201300021269;0;1;0;0;0;8;8;A01
201300021269;0;7;0;0;2;1;15;B01
201300021270;0;7;0;0;0;3;15;B01
201300021270;0;33;0;0;2;1;2;A01
201300021271;0;7;0;0;1;3;15;A01
201300021272;0;30;0;0;2;1;2;A01
201300021272;0;7;0;0;2;4;2;B01
201300021273;1;7;0;0;2;2;15;A01
201300021273;0;2;0;0;2;2;5;B01
201300021274;0;7;0;8;0;2;2;A01
201300021275;0;7;0;0;2;2;0;B01
201300021275;2;7;0;0;2;1;9;A01
201300021276;0;2;0;0;2;1;19;B01
201300021276;0;7;0;0;2;1;19;A01
201300021277;0;99;0;0;2;3;6;A01
201300021277;0;7;0;0;2;1;2;B01
201300021278;0;7;0;0;2;1;2;B01
201300021278;0;7;0;0;2;9;16;A01
201300021279;0;1;0;0;2;0;19;B01
201300021279;0;3;0;0;2;1;2;A01
201300021280;1;30;0;0;1;1;11;A01
201300021281;0;7;0;0;1;1;1;A01
201300021282;0;7;0;0;1;1;1;A01
201300021283;0;7;0;0;1;3;1;A01
201300021284;1;31;0;0;2;8;1;B01
201300021284;0;7;0;0;2;2;15;A01
201300021285;0;31;0;0;0;8;17;A01
201300021286;0;7;0;4;0;3;11;A01
201300021287;0;7;0;0;2;8;15;A01
201300021287;0;10;0;0;2;3;1;B02
201300021288;0;7;0;0;1;3;1;A01
201300021289;0;10;0;0;2;3;15;A01
201300021289;0;33;0;0;2;1;1;B01
201300021290;0;7;0;0;1;1;1;A01
201300021291;0;7;0;0;1;5;0;A01
201300021292;0;7;0;0;1;3;1;A01
201300021293;0;33;0;0;2;1;1;B01
201300021293;0;7;0;0;2;1;15;A01
201300021294;0;7;0;0;2;4;1;B01
201300021294;0;7;0;0;2;1;1;A01
201300021295;0;7;0;0;1;3;1;A01
201300021296;0;7;0;0;1;1;1;A01
201300021297;0;33;0;13;0;1;1;A01
201300021298;0;7;0;0;2;8;15;A01
201300021298;0;30;0;0;2;7;17;B01
201300021299;0;7;0;0;2;7;15;A01
201300021299;0;7;0;0;2;1;1;B01
201300021299;0;7;0;0;2;3;23;C01
201300021300;0;15;0;13;0;2;5;A01
201300021301;0;7;0;4;0;3;1;A01
201300021302;0;7;0;0;2;2;15;A01
201300021302;0;37;1;0;2;1;1;B01
201300021303;0;7;0;13;0;4;5;A01
201300021304;0;7;0;0;1;1;1;A01
201300021305;0;7;0;2;0;1;14;A01
201300021306;0;7;0;2;0;1;14;A01
201300021307;0;7;0;0;0;4;2;A01
201300021307;0;7;0;0;2;1;2;B02
201300021308;0;7;0;0;2;1;1;A01
201300021308;0;7;0;0;0;6;1;B02
201300021309;0;33;0;0;0;4;2;B02
201300021309;0;33;0;0;2;1;2;A01
201300021310;0;7;0;0;2;7;6;A01
201300021310;0;7;0;0;2;1;1;B02
201300021311;0;7;0;0;1;2;1;A01
201300021312;0;7;0;0;2;1;1;A01
201300021312;0;10;0;0;9;1;1;B02
201300021313;0;37;0;0;2;5;15;A01
201300021313;0;32;0;0;2;1;1;B02
201300021314;0;7;0;6;0;1;1;A01
201300021315;0;7;0;0;1;3;1;A01
201300021316;0;7;0;0;0;2;9;A01
201300021316;0;33;0;0;0;1;1;B02
201300021317;0;33;0;15;0;1;6;A01
201300021318;0;7;0;13;0;3;1;A01
201300021319;0;31;0;0;0;0;0;A01
201300021320;0;30;0;0;2;1;17;B01
201300021320;0;7;0;0;2;4;23;A01
201300021321;0;7;0;0;2;8;15;B01
201300021321;0;33;0;0;2;1;17;A01
201300021322;0;33;0;0;2;1;1;B01
201300021322;0;7;0;0;2;8;16;A01
201300021323;0;33;0;0;2;8;1;B01
201300021323;0;7;0;0;2;3;10;A01
201300021324;0;2;0;0;0;7;1;A01
201300021325;0;37;9;0;2;8;10;A01
201300021325;0;30;0;0;2;1;17;B01
201300021326;0;33;0;0;2;1;1;B01
201300021326;0;7;0;0;2;5;15;A01
201300021327;0;33;0;0;0;0;15;A01
201300021328;0;10;0;0;1;4;4;A01
201300021329;0;7;0;0;2;3;1;B02
201300021329;0;7;0;0;2;3;13;A01
201300021330;0;2;0;0;2;8;0;B02
201300021330;0;7;0;0;2;8;13;A01
201300021331;0;7;0;14;2;7;1;B02
201300021331;0;7;0;3;0;1;1;A01
201300021332;0;10;0;3;0;1;1;A01
201300021333;0;31;0;0;2;1;2;A01
201300021333;0;14;0;0;0;6;1;B02
201300021334;0;7;0;0;2;2;17;A01
201300021334;0;7;0;0;2;1;2;C03
201300021334;0;15;0;0;2;6;1;D04
201300021334;0;14;0;0;2;3;1;B02
201300021335;0;7;0;0;2;3;1;B02
201300021335;0;30;0;0;2;1;1;A01
201300021336;0;7;0;0;2;4;23;B02
201300021336;0;2;0;0;2;8;21;A01
201300021337;0;7;0;4;0;3;1;A01
201300021338;0;33;0;0;2;3;1;B02
201300021338;0;7;0;0;2;5;23;A01
201300021339;0;7;0;6;0;3;13;A01
201300021340;0;10;0;0;2;1;1;C03
201300021340;0;7;0;0;2;7;17;A01
201300021340;0;13;0;0;2;8;1;B02
201300021341;0;15;0;0;1;4;20;A01
201300021342;0;7;0;0;0;7;24;A01
201300021342;0;7;0;1;0;2;2;B02
201300021343;0;10;0;13;0;5;14;A01
201300021344;0;15;0;0;1;0;11;C03
201300021344;0;7;0;0;2;2;17;G07
201300021345;0;7;0;13;0;2;14;A01
201300021346;0;10;0;13;0;5;14;A01
201300021347;0;7;0;0;2;1;2;A01
201300021347;0;17;0;0;0;0;2;B02
201300021348;0;33;0;0;0;1;1;A01
201300021349;0;7;0;13;0;2;1;A01
201300021350;0;14;0;0;2;2;2;A01
201300021350;0;14;0;0;2;5;2;B02
201300021351;0;33;0;3;0;1;17;A01
201300021352;0;7;0;13;0;7;1;A01
201300021353;0;7;0;0;2;1;2;A01
201300021353;0;7;0;0;2;4;2;B02
201300021354;0;7;0;1;2;4;23;A01
201300021354;0;17;0;1;0;2;1;B02
201300021354;0;7;0;4;0;4;24;C03
201300021355;0;7;0;0;2;2;17;A01
201300021355;0;7;0;0;0;6;1;B02
201300021356;0;10;0;0;2;1;2;A01
201300021356;0;17;0;0;2;4;2;B02
201300021357;0;17;0;1;1;2;1;A01
201300021358;0;7;0;1;0;2;14;C03
201300021358;0;7;0;0;0;0;0;A01
201300021359;0;7;0;0;2;1;21;B02
201300021359;0;7;0;14;0;1;21;D04
201300021359;0;10;0;3;0;0;1;A01
201300021359;0;7;0;0;0;4;21;C03
201300021360;0;33;0;0;0;7;1;A01
201300021361;0;7;0;0;2;3;16;A01
201300021361;0;30;0;0;2;1;1;B02
201300021362;0;7;0;13;0;9;1;A01
201300021363;0;7;0;0;2;1;16;B02
201300021363;0;7;0;0;2;1;17;A01
201300021363;0;7;0;0;2;8;1;C03
201300021364;0;7;0;0;2;3;1;B01
201300021364;0;1;0;0;2;1;1;A01
201300021365;0;7;0;0;2;1;2;A01
201300021365;0;7;0;0;2;4;2;B01
201300021366;0;1;0;0;2;0;1;B01
201300021366;0;7;0;0;2;0;16;A01
201300021367;0;7;0;0;0;0;21;A01
201300021367;1;7;0;0;0;0;0;Z01
201300021368;0;7;0;0;1;2;1;A01
201300021369;0;7;0;0;2;1;1;B01
201300021369;0;7;0;0;2;3;1;A01
201300021370;0;7;0;0;0;4;2;A01
201300021370;0;7;0;0;0;4;1;B01
201300021371;0;7;0;0;1;1;0;A01
201300021372;0;7;0;0;0;3;20;A01
201300021372;0;7;0;0;2;2;1;B01
201300021373;0;33;0;0;2;1;1;A01
201300021373;0;7;0;0;2;5;15;B01
201300021373;0;7;0;0;0;1;1;C01
201300021374;0;7;0;0;1;3;1;A01
201300021375;0;7;0;0;1;1;0;A01
201300021376;0;7;0;0;2;1;2;A01
201300021376;0;7;0;0;2;4;2;B01
201300021376;0;7;0;0;2;4;2;C01
201300021377;0;7;0;0;2;1;1;A01
201300021377;0;7;0;0;2;1;1;B01
201300021378;0;7;0;0;1;3;1;A01
201300021379;0;2;0;0;0;6;1;A01
201300021380;0;7;0;0;2;0;15;A01
201300021380;0;33;0;0;2;1;17;B01
201300021381;0;17;0;6;0;1;6;A01
201300021382;0;7;0;0;2;1;17;A01
201300021382;0;7;0;0;2;8;15;B01
201300021383;0;7;0;0;2;8;10;A01
201300021383;0;7;0;0;2;1;1;B01
201300021384;0;32;0;0;2;2;15;A01
201300021384;0;7;0;0;2;1;1;B01
201300021385;0;7;0;0;2;8;1;A01
201300021385;0;7;0;0;0;8;1;B01
201300021386;0;7;0;0;2;4;1;B01
201300021386;1;7;0;;0;0;;Z01
201300021387;0;2;0;0;2;1;1;A01
201300021387;0;7;0;0;2;0;15;B01
201300021388;0;1;0;0;2;8;1;B01
201300021388;1;7;0;0;2;2;19;Z01
201300021389;0;7;0;0;2;1;2;A01
201300021389;0;7;0;0;0;4;0;B01
201300021390;0;7;0;0;2;1;11;A01
201300021390;0;33;0;0;2;4;0;B01
201300021391;0;7;0;0;2;7;12;A01
201300021391;0;34;0;0;2;1;1;B01
201300021392;0;7;0;0;2;1;9;A01
201300021392;0;7;0;0;2;6;23;B01
201300021393;0;30;0;15;0;1;5;A01
201300021394;0;33;0;0;1;1;0;A01
201300021395;0;31;0;0;2;6;12;A01
201300021395;0;7;0;0;0;1;16;B01
201300021396;0;33;0;0;2;8;1;B01
201300021396;0;30;0;0;2;1;15;A01
201300021397;0;7;0;0;0;4;15;B01
201300021397;0;7;0;0;2;1;0;A01
201300021398;1;30;0;0;2;2;17;Z01
201300021398;0;1;0;0;2;3;1;B01
201300021399;0;7;0;0;0;8;1;A01
201300021400;0;7;0;0;2;1;1;A01
201300021400;0;7;0;0;2;4;0;B01
201300021401;0;2;0;0;0;0;0;A01
201300021402;0;2;0;0;2;3;1;B01
201300021402;1;99;0;0;0;0;0;Z01
201300021403;0;7;0;0;2;1;1;A01
201300021403;0;1;0;0;2;1;1;B01
201300021404;0;2;0;0;2;2;1;A01
201300021404;0;7;0;0;0;3;1;C01
201300021404;0;7;0;0;2;2;1;B01
201300021405;0;7;0;0;1;3;1;A01
201300021406;0;7;0;0;2;8;15;B01
201300021406;1;99;0;0;2;1;17;Z01
201300021407;0;7;0;8;0;1;0;A01
201300021408;1;32;0;0;1;0;1;A01
201300021409;0;7;0;0;0;7;15;A01
201300021409;0;33;0;0;2;1;1;B01
201300021410;0;33;0;0;0;0;1;A01
201300021411;0;7;0;0;2;1;1;B01
201300021411;0;7;0;0;0;3;0;A01
201300021412;0;7;0;0;2;1;13;A01
201300021412;0;7;0;0;2;1;1;B01
201300021413;0;7;0;0;2;0;13;A01
201300021413;0;7;0;0;2;1;1;B01
201300021414;0;7;0;0;2;3;15;B01
201300021414;0;32;0;0;2;1;17;A01
201300021415;0;37;2;0;2;0;19;A01
201300021415;0;7;0;14;2;8;1;B01
201300021416;0;7;0;0;0;0;2;A01
201300021416;0;2;0;0;0;1;2;B01
201300021417;0;7;0;0;1;1;1;A01
201300021418;0;7;0;0;2;4;15;B01
201300021418;0;7;0;0;2;3;1;A01
201300021419;0;7;0;0;1;1;1;A01
201300021420;0;15;0;0;2;3;15;A01
201300021420;0;7;0;0;2;5;16;B01
201300021421;1;7;0;1;0;3;20;A01
201300021422;0;10;0;0;1;2;1;A01
201300021423;0;7;0;5;0;4;4;A01
201300021424;0;7;0;0;2;3;13;A01
201300021424;0;17;0;0;2;3;2;B01
201300021424;0;7;0;0;2;8;2;C01
201300021424;0;7;0;0;2;8;2;D01
201300021425;0;7;0;1;0;8;9;A01
201300021425;0;7;0;0;2;2;2;B01
201300021426;0;7;0;0;2;2;2;A01
201300021426;0;7;0;0;0;4;2;B01
201300021427;0;33;0;15;0;0;1;A01
201300021427;0;7;0;0;2;5;24;B01
201300021428;0;7;0;0;2;7;0;B01
201300021428;0;7;0;0;2;2;19;A01
201300021429;0;7;0;0;1;0;0;A01
201300021430;0;2;0;0;2;1;2;A01
201300021430;0;2;0;0;2;7;2;B01
201300021431;0;7;0;0;2;1;17;A01
201300021431;0;7;0;0;2;2;17;B01
201300021432;0;7;0;0;1;2;2;A01
201300021433;0;33;0;0;2;4;2;A01
201300021433;0;7;0;0;2;4;1;B01
201300021434;0;7;0;0;2;1;2;A01
201300021434;0;7;0;0;2;3;2;B01
201300021435;0;33;0;0;2;1;2;B01
201300021435;0;7;0;0;2;7;1;A01
201300021436;0;1;0;1;0;1;21;A01
201300021437;0;7;0;0;2;2;2;B01
201300021437;0;2;0;0;0;3;14;A01
201300021438;0;32;0;0;2;1;17;A01
201300021439;0;7;0;0;0;2;2;A01
201300021439;0;2;0;0;0;4;2;B01
201300021440;0;10;0;0;2;2;2;A01
201300021440;0;7;0;0;0;4;2;B01
201300021441;0;7;0;0;1;1;1;A01
201300021442;0;33;0;0;2;1;17;A01
201300021442;0;7;0;0;2;3;15;B01
201300021443;0;33;0;0;2;1;1;B01
201300021443;0;7;0;0;2;3;15;A01
201300021444;0;7;0;0;1;3;1;A01
201300021445;0;14;0;0;2;8;10;B01
201300021445;0;33;0;0;2;1;2;A01
201300021446;0;7;0;0;2;8;2;A01
201300021446;0;33;0;0;2;1;2;B01
201300021447;0;1;0;0;1;0;0;A01
201300021448;0;7;0;13;0;1;14;A01
201300021449;0;7;0;0;2;1;2;A01
201300021449;0;7;0;0;1;4;23;B01
201300021450;0;1;0;0;0;8;1;A01
201300021450;0;7;0;0;0;3;1;B01
201300021451;0;7;0;0;2;2;1;A01
201300021451;0;1;0;0;2;1;19;B01
201300021452;0;7;0;0;2;7;1;B01
201300021452;0;7;0;0;2;1;1;A01
201300021453;0;7;0;0;2;1;5;A01
201300021453;0;7;0;0;2;1;1;B01
201300021454;0;7;0;0;2;3;13;A01
201300021454;0;7;0;0;2;3;1;B01
201300021455;0;10;0;0;1;0;1;A01
201300021456;0;7;0;0;0;1;1;A01
201300021456;0;7;0;0;2;4;23;B01
201300021457;0;31;0;0;2;1;17;A01
201300021457;0;7;0;0;0;6;15;B01
201300021458;0;10;0;0;1;4;4;A01
201300021459;0;7;0;0;1;2;1;A01
201300021460;0;7;0;0;1;4;24;A01
201300021461;0;7;0;0;2;1;9;A01
201300021461;0;33;0;0;2;1;1;B01
201300021462;0;7;0;0;2;1;13;A01
201300021462;0;7;0;0;2;1;0;B01
201300021463;0;7;0;0;2;5;15;A01
201300021463;0;7;0;0;2;1;0;B01
201300021463;0;7;0;0;2;1;1;C01
201300021464;0;30;0;0;0;0;2;A01
201300021465;0;7;0;3;0;0;0;A01
201300021466;0;7;0;0;2;7;15;A01
201300021466;0;7;0;0;2;3;1;B01
201300021467;0;7;0;0;0;8;0;A01
201300021467;0;38;0;0;0;7;0;B01
201300021468;0;7;0;0;2;6;2;A01
201300021468;0;33;0;0;2;2;0;B01
201300021469;0;7;0;3;0;2;14;A01
201300021470;0;33;0;0;2;3;17;A01
201300021470;0;7;0;0;2;3;15;B01
201300021471;0;7;0;0;9;3;15;A01
201300021471;0;1;0;0;2;2;2;B01
201300021472;0;33;0;9;0;1;2;A01
201300021473;0;30;0;0;0;8;0;A01
201300021474;0;30;0;0;0;8;0;A01
201300021475;0;1;0;0;1;1;2;A01
201300021476;0;7;0;13;0;9;1;A01
201300021477;0;7;0;3;0;1;17;A01
201300021478;0;1;0;0;2;4;2;B01
201300021478;0;7;0;0;2;1;2;A01
201300021479;0;7;0;0;2;4;2;B01
201300021479;0;7;0;0;2;1;2;A01
201300021479;0;7;0;0;2;4;2;C01
201300021480;0;7;0;0;2;7;15;A01
201300021480;0;2;0;0;2;1;1;B01
201300021481;0;7;0;0;1;3;1;A01
201300021482;0;7;0;8;0;1;15;A01
201300021483;0;30;0;0;0;0;0;A01
201300021484;1;2;0;0;0;0;0;A01
201300021485;0;2;0;0;2;3;9;B01
201300021485;1;7;0;0;2;2;9;Z01
201300021486;0;7;0;0;2;1;2;A01
201300021486;0;7;0;0;2;4;2;B01
201300021487;0;2;0;0;0;0;1;A01
201300021488;0;33;0;0;2;1;9;A01
201300021488;0;7;0;0;0;2;1;B01
201300021489;0;7;0;0;2;2;15;A01
201300021489;0;2;0;0;2;3;1;B01
201300021490;0;7;0;0;2;4;2;B01
201300021490;0;7;0;0;2;2;2;A01
201300021491;0;33;0;0;2;1;1;B01
201300021491;0;7;0;0;2;2;15;A01
201300021492;0;10;0;0;0;4;23;C01
201300021492;0;7;0;0;0;4;23;B01
201300021492;0;7;0;0;0;1;2;A01
201300021493;0;7;0;0;2;1;2;A01
201300021493;0;7;0;0;2;4;2;B01
201300021494;0;7;0;0;2;1;1;A01
201300021494;0;30;0;0;2;7;1;B01
201300021495;0;7;0;0;1;3;0;A01
201300021496;0;7;0;0;1;3;2;A01
201300021497;0;7;0;2;0;8;0;A01
201300021498;0;2;0;12;0;1;21;A01
201300021499;0;7;0;0;1;5;4;A01
201300021500;0;7;0;14;0;2;21;A01
201300021500;0;10;0;0;0;6;23;B01
201300021500;0;30;0;14;0;7;21;C01
201300021501;0;7;0;0;2;3;0;A01
201300021501;0;7;0;0;2;8;9;B01
201300021502;0;2;0;0;0;4;2;B01
201300021502;0;10;0;0;2;3;2;A01
201300021503;0;7;0;0;1;3;2;A01
201300021504;0;7;0;0;1;1;1;A01
201300021505;0;7;0;0;2;7;0;A01
201300021505;0;7;0;0;2;1;2;B01
201300021506;0;30;0;0;0;7;16;A01
201300021507;0;1;0;0;2;8;1;B01
201300021507;0;7;0;0;9;1;1;A01
201300021508;0;7;0;0;2;3;9;A01
201300021508;0;7;0;0;2;2;1;B01
201300021509;0;10;0;0;0;0;1;A01
201300021510;0;2;0;0;0;8;0;A01
201300021511;2;7;0;0;0;0;16;B01
201300021511;0;1;0;0;0;0;1;A01
201300021512;0;7;0;0;2;1;19;A01
201300021512;0;7;0;0;2;1;1;B01
201300021513;0;7;0;0;1;3;1;A01
201300021514;0;33;0;0;2;1;17;B01
201300021514;0;7;0;0;2;8;10;A01
201300021515;0;7;0;0;2;2;2;B01
201300021515;0;31;0;0;2;8;2;A01
201300021516;0;10;0;0;0;1;2;A01
201300021516;0;10;0;0;0;4;0;B01
201300021517;0;7;0;0;1;1;2;A01
201300021518;0;30;0;0;2;1;1;B01
201300021518;0;7;0;0;2;2;15;A01
201300021519;0;1;0;0;0;0;2;A01
201300021520;0;7;0;0;2;4;2;C01
201300021520;0;7;0;0;2;1;2;A01
201300021520;0;7;0;0;2;4;2;B01
201300021521;0;33;0;0;0;0;1;A01
201300021522;0;7;0;0;1;1;15;A01
201300021523;0;7;0;0;1;4;4;A01
201300021524;0;7;0;0;2;1;2;A01
201300021524;0;7;0;0;2;4;2;B01
201300021525;0;7;0;0;2;1;2;A01
201300021525;0;7;0;0;2;1;15;B01
201300021526;0;7;0;0;1;1;15;A01
201300021527;0;30;0;0;0;0;2;A01
201300021528;0;7;0;0;0;4;0;C01
201300021528;0;7;0;0;2;1;1;A01
201300021528;0;7;0;0;2;1;1;B01
201300021529;0;7;0;0;2;8;1;C01
201300021529;0;7;0;0;2;7;17;A01
201300021529;0;7;0;0;2;3;1;B01
201300021529;0;7;0;0;2;1;1;D01
201300021530;0;7;0;0;2;4;2;A01
201300021530;0;1;0;0;2;4;2;B01
201300021531;0;1;0;0;0;0;0;A01
201300021532;0;7;0;0;0;1;5;A01
201300021533;0;7;0;0;2;4;2;B02
201300021533;0;7;0;0;2;1;2;A01
201300021534;0;33;0;0;2;1;17;A01
201300021534;0;10;0;0;0;0;15;B02
201300021535;0;7;0;0;2;3;1;B02
201300021535;0;2;0;0;2;1;5;A01
201300021536;0;10;0;0;2;3;1;B02
201300021536;0;7;0;0;2;3;1;A01
201300021537;0;7;0;0;2;4;2;C03
201300021537;0;15;0;0;2;2;2;A01
201300021537;0;7;0;0;2;9;2;B02
201300021538;0;7;0;0;0;2;1;A01
201300021539;0;7;0;0;2;0;2;C03
201300021539;0;7;0;0;2;0;2;D04
201300021539;0;7;0;0;2;0;2;B02
201300021539;0;15;0;0;2;2;2;E05
201300021539;0;10;0;0;2;4;1;A01
201300021539;0;7;0;0;2;1;2;F06
201300021540;0;7;0;0;2;8;11;B02
201300021540;0;30;0;0;2;1;13;A01
201300021541;0;7;0;2;0;2;1;A01
201300021542;0;7;0;0;2;1;2;A01
201300021542;0;7;0;0;2;4;2;B02
201300021543;0;1;0;0;0;0;1;A01
201300021544;0;2;0;0;2;1;17;B02
201300021544;0;7;0;0;2;3;15;A01
201300021545;0;31;0;0;0;8;1;A01
201300021546;0;7;0;0;1;1;24;A01
201300021547;0;36;0;8;0;1;13;A01
201300021548;0;7;0;0;2;2;15;A01
201300021548;0;2;0;0;2;1;1;B02
201300021549;0;10;0;0;1;4;4;A01
201300021550;0;7;0;0;1;2;1;A01
201300021551;0;7;0;0;2;1;2;A01
201300021551;0;7;0;0;2;4;2;B01
201300021552;0;15;0;0;2;7;12;A01
201300021552;0;7;0;0;2;8;1;B01
201300021553;0;33;0;0;2;9;17;A01
201300021553;0;7;0;0;2;3;15;B01
201300021554;0;7;0;0;2;1;1;B01
201300021554;0;7;0;0;2;1;15;A01
201300021555;0;7;0;0;1;3;1;A01
201300021556;0;7;0;0;2;4;1;B01
201300021556;2;7;0;0;2;1;1;Z01
201300021557;0;7;0;0;2;9;13;A01
201300021557;0;17;0;0;2;9;1;B01
201300021557;0;17;0;0;2;9;1;C01
201300021558;0;7;0;0;1;6;23;B01
201300021559;0;33;0;0;1;9;1;A01
201300021560;0;7;0;0;2;1;1;A01
201300021560;0;31;0;0;2;4;1;B01
201300021561;0;7;0;0;2;1;15;A01
201300021561;0;7;0;0;2;1;1;B01
201300021562;0;7;0;0;2;1;1;A01
201300021562;0;7;0;0;2;1;1;B01
201300021563;0;33;0;0;2;1;1;A01
201300021563;0;1;0;0;2;1;0;B01
201300021564;0;7;0;0;2;1;15;A01
201300021564;0;33;0;0;2;8;1;B01
201300021565;0;7;0;0;2;9;13;A01
201300021565;0;13;0;0;2;3;1;B01
201300021566;0;7;0;0;2;1;13;A01
201300021566;0;7;0;0;2;1;1;B01
201300021567;0;10;0;0;2;1;1;A01
201300021567;0;15;0;0;2;4;2;B01
201300021568;0;7;0;0;2;1;13;A01
201300021568;0;7;0;0;2;1;1;B01
201300021569;0;7;0;0;1;2;1;A01
201300021570;0;33;0;0;2;8;2;A01
201300021570;0;37;1;0;0;0;15;B01
201300021571;0;7;0;0;2;8;15;A01