num_acc;senc;catv;occutc;obs;obsm;choc;manv;num_veh
201300021571;0;34;0;0;2;3;17;B01
201300021572;0;7;0;0;2;3;9;A01
201300021572;0;2;0;0;2;1;0;B01
201300021573;0;7;0;11;2;1;13;A01
201300021573;0;7;0;0;2;3;1;B01
201300021574;0;7;0;0;2;1;1;B01
201300021574;0;7;0;0;2;3;15;A01
201300021575;0;7;0;0;2;2;13;A01
201300021575;0;17;0;0;2;6;2;B02
201300021576;0;15;0;4;0;2;14;A01
201300021577;0;10;0;0;2;1;2;A01
201300021577;0;17;0;0;2;4;2;B02
201300021577;0;10;0;14;0;2;21;C03
201300021578;0;7;0;4;0;3;13;A01
201300021578;0;7;0;14;0;3;14;B02
201300021578;0;7;0;14;0;1;2;C03
201300021579;0;7;0;0;2;1;12;A01
201300021579;0;17;0;0;2;4;1;B02
201300021579;0;17;0;0;2;4;1;C03
201300021580;0;7;0;0;2;1;14;A01
201300021580;0;7;0;0;0;4;1;B02
201300021581;0;7;0;4;0;3;13;A01
201300021582;0;7;0;0;2;4;23;A01
201300021582;0;17;0;14;0;1;2;B02
201300021583;0;7;0;13;0;2;1;A01
201300021584;0;33;0;0;2;1;1;A01
201300021584;0;7;0;0;0;3;1;B02
201300021585;0;7;0;2;0;8;13;A01
201300021586;0;7;0;0;0;4;11;A01
201300021586;0;7;0;0;2;1;1;B02
201300021587;0;33;0;7;0;1;15;A01
201300021588;0;7;0;0;2;8;11;A01
201300021588;0;10;0;0;2;7;17;B02
201300021589;0;7;0;0;2;3;13;A01
201300021589;0;7;0;0;2;3;1;B02
201300021590;0;10;0;0;1;2;2;A01
201300021591;0;33;0;0;2;2;13;A01
201300021591;0;33;0;0;2;2;1;B02
201300021591;0;7;0;0;2;1;1;C03
201300021592;0;14;0;0;0;4;1;A01
201300021592;0;14;0;0;2;1;2;B02
201300021593;0;7;0;7;1;1;20;A01
201300021594;0;10;0;0;2;7;17;A01
201300021594;0;1;0;0;0;8;1;B02
201300021595;0;33;0;0;0;7;17;B02
201300021595;0;7;0;0;0;7;19;A01
201300021596;0;7;0;0;2;3;2;A01
201300021596;0;33;0;0;2;2;2;B02
201300021597;0;7;0;0;2;3;17;A01
201300021597;0;7;0;0;2;3;1;B02
201300021598;0;33;0;13;0;1;1;A01
201300021599;0;33;0;0;1;2;17;A01
201300021600;0;7;0;0;2;1;5;A01
201300021600;0;7;0;3;2;1;1;B02
201300021601;0;31;0;0;2;1;1;B02
201300021601;0;7;0;0;2;1;13;A01
201300021602;0;7;0;0;0;1;1;A01
201300021603;0;16;0;0;2;1;1;A01
201300021603;0;7;0;4;2;1;13;B02
201300021604;0;7;0;0;0;8;19;A01
201300021604;0;14;0;0;2;2;1;B02
201300021605;0;7;0;0;2;3;9;A01
201300021605;0;7;0;0;2;7;1;B02
201300021606;0;7;0;13;2;1;9;A01
201300021606;0;7;0;0;2;8;1;B02
201300021607;0;7;0;0;2;1;1;B02
201300021607;0;7;0;0;2;8;19;A01
201300021608;0;7;0;0;2;1;1;B02
201300021608;0;30;0;0;2;1;13;A01
201300021609;0;10;0;5;0;1;14;A01
201300021610;0;7;0;0;2;1;5;A01
201300021610;0;7;0;0;2;1;1;B02
201300021611;0;7;0;0;2;1;2;A01
201300021611;0;7;0;0;2;4;1;B02
201300021612;0;7;0;13;0;2;12;A01
201300021613;0;7;0;3;0;3;13;A01
201300021614;0;7;0;0;2;4;1;A01
201300021614;0;7;0;0;2;3;21;B02
201300021614;0;33;0;0;2;1;2;C03
201300021614;0;7;0;0;2;1;2;D04
201300021615;0;7;0;0;2;3;2;A01
201300021615;0;7;0;0;2;4;1;B02
201300021616;0;33;0;0;2;3;2;A01
201300021616;0;7;0;0;0;6;2;B02
201300021617;0;7;0;13;0;2;1;A01
201300021618;0;10;0;3;2;6;1;A01
201300021618;0;7;0;13;2;1;12;B02
201300021619;0;7;0;3;0;3;14;A01
201300021620;0;7;0;3;0;3;13;A01
201300021620;0;7;0;1;0;3;1;B02
201300021621;0;7;0;2;0;1;14;A01
201300021622;0;17;0;0;2;7;1;B02
201300021622;0;7;0;0;2;8;9;A01
201300021623;0;7;0;0;2;8;21;A01
201300021623;0;7;0;0;2;4;1;B02
201300021624;0;10;0;7;0;2;14;A01
201300021625;0;7;0;13;0;3;1;A01
201300021626;0;10;0;13;0;1;12;A01
201300021627;0;7;0;7;0;1;14;A01
201300021628;0;14;0;13;0;2;1;A01
201300021629;0;7;0;13;0;1;1;A01
201300021630;0;7;0;0;2;2;17;A01
201300021630;0;7;0;0;2;6;1;B02
201300021631;0;7;0;13;0;2;17;A01
201300021632;0;7;0;3;0;3;2;A01
201300021633;0;10;0;0;2;1;2;A01
201300021633;0;14;0;0;2;4;2;B02
201300021634;0;7;0;3;0;8;2;A01
201300021635;0;7;0;0;6;9;2;A01
201300021636;0;7;0;13;0;1;1;A01
201300021637;0;7;0;13;0;1;1;A01
201300021638;0;15;0;3;0;3;1;A01
201300021639;0;7;0;0;0;1;1;A01
201300021640;0;7;0;13;0;2;1;A01
201300021641;0;7;0;13;0;1;1;A01
201300021642;0;7;0;13;0;2;0;A01
201300021643;0;33;0;3;0;8;1;A01
201300021644;0;7;0;13;0;1;2;A01
201300021645;0;7;0;4;0;3;2;A01
201300021646;0;33;0;8;0;0;13;A01
201300021647;0;10;0;0;0;4;2;A01
201300021647;0;7;0;0;2;1;2;B02
201300021648;0;7;0;0;1;2;1;A01
201300021649;0;7;0;0;2;4;2;E05
201300021649;0;7;0;0;2;1;2;B02
201300021649;0;7;0;0;2;1;2;C03
201300021649;0;7;0;0;2;4;2;D04
201300021649;0;7;0;0;2;1;2;A01
201300021650;0;7;0;0;0;4;2;B02
201300021650;0;10;0;0;2;1;2;A01
201300021651;0;17;0;0;2;6;1;C03
201300021651;0;7;0;0;2;7;1;B02
201300021651;0;33;0;0;2;3;3;A01
201300021652;0;7;0;13;0;1;1;A01
201300021653;0;7;0;0;2;2;18;A01
201300021653;0;17;0;0;2;6;1;B02
201300021653;0;10;0;0;2;5;1;C03
201300021653;0;7;0;0;2;3;1;D04
201300021654;0;7;0;13;0;2;1;A01
201300021655;0;7;0;13;0;2;15;A01
201300021656;0;7;0;0;2;3;21;A01
201300021656;0;7;0;0;0;5;1;B02
201300021657;0;7;0;0;0;5;23;B02
201300021657;0;7;0;1;0;1;1;C03
201300021657;0;7;0;3;0;3;17;A01
201300021658;0;1;0;0;2;4;15;B02
201300021658;0;37;1;0;9;2;17;A01
201300021659;0;7;0;0;2;1;1;B02
201300021659;0;7;0;0;2;7;19;A01
201300021660;0;7;0;0;0;1;1;A01
201300021661;0;33;0;0;0;4;2;A01
201300021661;0;33;0;0;0;1;2;B01
201300021662;0;33;0;0;2;1;17;A01
201300021662;0;7;0;0;0;8;15;B01
201300021663;0;33;0;0;0;1;1;A01
201300021664;0;7;0;0;2;1;1;B02
201300021664;0;7;0;0;2;8;15;A01
201300021665;0;7;0;2;0;9;14;A01
201300021666;0;7;0;0;2;1;1;B01
201300021666;0;7;0;0;2;2;15;A01
201300021667;0;7;0;0;2;1;13;A01
201300021667;0;7;0;0;2;1;1;B02
201300021668;0;30;0;0;2;1;1;A01
201300021668;0;7;0;0;2;7;1;B02
201300021669;0;7;0;0;0;7;15;A01
201300021669;0;2;0;0;0;1;1;B02
201300021670;0;7;0;9;9;0;1;A01
201300021671;0;7;0;2;0;8;0;A01
201300021672;0;7;0;0;2;1;1;B02
201300021672;0;7;0;0;2;7;19;A01
201300021673;0;7;0;0;2;1;0;A01
201300021673;0;7;0;0;2;1;0;B02
201300021674;0;7;0;16;0;0;1;A01
201300021675;0;17;0;0;1;1;1;A01
201300021676;0;33;0;0;0;4;23;A01
201300021676;0;33;0;0;2;1;1;B02
201300021677;0;33;0;0;0;8;1;A01
201300021678;0;3;0;6;0;2;1;A01
201300021679;0;33;0;0;0;1;5;B02
201300021679;0;7;0;0;0;8;9;A01
201300021680;0;21;0;0;2;3;15;B02
201300021680;0;33;0;0;2;3;2;A01
201300021681;0;33;0;0;0;3;13;A01
201300021682;0;30;0;15;0;1;2;A01
201300021683;0;33;0;0;0;1;1;A01
201300021684;0;7;0;2;0;1;0;A01
201300021685;2;7;0;0;1;5;20;A01
201300021686;0;10;0;0;0;1;1;A01
201300021687;0;7;0;2;0;1;1;A01
201300021688;0;7;0;0;1;3;15;A01
201300021689;0;1;0;0;0;4;9;A01
201300021689;0;17;0;0;9;3;1;B02
201300021690;0;7;0;0;2;5;1;B02
201300021690;0;7;0;0;2;3;1;A01
201300021691;0;33;0;0;2;4;2;A01
201300021691;0;7;0;0;2;3;2;B02
201300021692;0;38;0;13;0;7;14;A01
201300021693;0;15;0;0;2;8;2;C03
201300021693;0;7;0;0;2;3;13;A01
201300021693;0;7;0;0;2;3;1;B02
201300021694;0;31;0;0;2;3;1;B02
201300021694;0;7;0;0;2;3;17;A01
201300021695;0;2;0;0;2;1;1;A01
201300021695;0;13;0;0;2;3;1;B02
201300021696;0;7;0;0;2;1;13;A01
201300021696;0;7;0;0;2;3;1;B02
201300021697;0;7;0;0;2;1;1;B02
201300021697;0;33;0;0;2;1;13;A01
201300021698;0;33;0;0;2;8;1;B02
201300021698;0;7;0;0;2;2;14;A01
201300021699;0;10;0;0;9;2;1;A01
201300021699;0;1;0;0;2;1;15;B02
201300021700;0;36;0;0;0;9;1;A01
201300021701;0;7;0;15;0;1;14;A01
201300021702;0;33;0;0;1;1;1;A01
201300021703;0;10;0;0;2;3;13;B02
201300021703;0;33;0;0;9;0;1;C03
201300021703;0;33;0;0;2;1;17;A01
201300021704;0;7;0;0;1;1;1;A01
201300021705;0;7;0;0;2;3;1;B02
201300021705;0;7;0;0;2;3;1;A01
201300021706;0;33;0;0;9;0;1;A01
201300021707;0;7;0;2;0;2;1;A01
201300021708;0;7;0;13;0;7;1;A01
201300021709;0;10;0;2;0;3;1;A01
201300021710;0;10;0;0;1;1;2;C03
201300021711;0;14;0;0;0;0;1;A01
201300021712;0;33;0;0;0;4;2;B02
201300021712;0;33;0;0;0;4;2;A01
201300021713;0;10;0;4;0;3;1;A01
201300021714;0;7;0;0;2;1;2;A01
201300021714;0;7;0;0;2;6;2;B02
201300021715;0;10;0;4;0;3;1;A01
201300021716;0;10;0;4;0;3;2;A01
201300021717;0;10;0;13;0;1;1;A01
201300021718;0;7;0;0;2;6;2;A01
201300021718;0;33;0;0;2;2;2;B02
201300021719;0;10;0;0;0;9;1;A01
201300021720;0;7;0;0;2;8;1;B02
201300021720;0;7;0;0;2;1;5;A01
201300021720;0;7;0;0;2;3;1;C03
201300021721;0;7;0;0;1;1;1;A01
201300021722;0;7;0;0;2;8;1;C03
201300021722;0;7;0;0;2;8;17;A01
201300021722;0;7;0;0;2;6;1;B02
201300021723;0;1;0;0;2;4;2;B02
201300021723;0;7;0;0;2;1;2;A01
201300021724;0;7;0;0;2;2;1;A01
201300021724;0;1;0;0;2;4;0;B02
201300021725;0;7;0;0;1;2;1;A01
201300021726;0;7;0;0;2;1;1;A01
201300021726;0;7;0;0;0;4;1;B02
201300021727;0;7;0;0;9;2;1;B02
201300021727;0;33;0;13;0;7;13;A01
201300021728;0;7;0;13;0;3;19;A01
201300021729;0;7;0;13;0;9;1;A01
201300021730;0;1;0;0;2;4;1;B02
201300021730;0;7;0;0;2;1;2;A01
201300021731;0;17;0;0;1;1;1;A01
201300021732;0;7;0;13;0;1;1;A01
201300021733;0;33;0;0;2;2;6;A01
201300021733;0;14;0;0;2;6;0;B02
201300021734;0;15;0;0;2;1;1;B01
201300021734;0;7;0;0;2;8;19;A01
201300021735;0;7;0;0;1;1;1;A01
201300021736;0;7;0;0;2;1;1;B01
201300021736;0;10;0;0;2;6;19;A01
201300021737;0;30;0;0;2;1;17;A01
201300021737;0;7;0;0;2;8;15;B01
201300021738;0;32;0;0;1;1;1;A01
201300021739;0;33;0;0;2;1;1;B02
201300021739;0;35;0;0;2;7;19;A01
201300021740;0;7;0;0;2;1;1;A01
201300021740;0;7;0;0;2;4;23;B01
201300021741;0;7;0;0;2;7;14;A01
201300021741;0;30;0;0;2;8;1;B01
201300021742;0;7;0;0;2;3;9;A01
201300021742;0;33;0;0;2;1;1;B01
201300021743;0;30;0;0;1;1;2;A01
201300021744;0;7;0;0;1;1;1;A01
201300021745;0;30;0;0;1;1;1;A01
201300021746;0;7;0;0;1;3;15;A01
201300021747;0;7;0;0;2;2;15;A01
201300021747;0;31;0;0;2;1;21;B01
201300021748;0;7;0;0;2;1;1;A01
201300021748;0;7;0;0;2;4;1;B01
201300021749;0;7;0;0;2;1;9;A01
201300021749;0;7;0;0;2;2;1;B01
201300021750;0;40;10;0;2;1;1;B01
201300021750;0;7;0;0;4;7;1;A01
201300021751;0;7;0;0;2;1;1;B01
201300021751;0;7;0;0;2;8;15;A01
201300021752;0;7;0;0;2;7;15;A01
201300021752;0;1;0;0;2;1;1;B01
201300021753;0;7;0;0;1;1;1;A01
201300021754;0;7;0;0;1;2;1;A01
201300021755;0;7;0;0;4;8;15;A01
201300021755;0;40;10;0;2;1;1;B01
201300021756;0;7;0;0;2;2;16;A01
201300021756;0;33;0;0;2;1;9;B01
201300021757;0;33;0;0;2;1;1;A01
201300021757;0;7;0;0;2;8;9;B01
201300021758;0;7;0;0;1;1;1;A01
201300021759;0;7;0;0;1;1;1;A01
201300021760;0;1;0;0;2;7;1;B01
201300021760;0;7;0;0;2;5;15;A01
201300021761;0;7;0;0;2;3;9;A01
201300021761;0;2;0;0;2;2;1;B01
201300021762;0;7;0;0;1;1;1;A01
201300021763;0;7;0;0;2;3;9;A01
201300021763;0;2;0;0;2;1;1;B01
201300021764;0;7;0;1;0;8;1;A01
201300021764;0;7;0;0;2;7;1;B01
201300021765;0;33;0;15;0;1;15;A01
201300021766;0;7;0;1;0;1;14;A01
201300021766;0;7;0;0;2;5;24;B01
201300021766;0;7;0;0;2;6;24;C01
201300021767;0;7;0;0;2;1;1;A01
201300021767;0;7;0;0;2;1;1;B01
201300021768;0;7;0;0;2;1;1;A01
201300021768;0;7;0;0;0;4;23;B01
201300021769;0;7;0;0;2;3;9;A01
201300021769;0;7;0;0;2;7;1;B01
201300021770;0;7;0;0;2;1;1;A01
201300021770;0;7;0;0;2;8;15;B01
201300021771;0;7;0;0;2;1;9;A01
201300021771;0;30;0;0;2;4;9;B01
201300021772;0;7;0;0;1;3;15;A01
201300021773;0;7;0;0;2;7;1;A01
201300021773;0;7;0;0;2;8;1;B01
201300021774;0;7;0;0;1;3;1;A01
201300021775;0;7;0;0;2;3;15;A01
201300021775;0;34;0;0;2;2;1;B01
201300021776;0;7;0;0;2;1;1;B01
201300021776;0;7;0;0;2;3;1;A01
201300021777;0;7;0;0;1;3;1;A01
201300021778;0;40;10;0;1;3;1;A01
201300021779;0;7;0;0;1;4;4;A01
201300021780;0;30;0;0;2;1;2;A01
201300021780;0;7;0;0;0;4;23;B01
201300021781;0;7;0;0;1;1;1;A01
201300021782;0;7;0;0;2;1;1;A01
201300021782;0;7;0;0;0;4;2;B01
201300021783;0;7;0;0;1;4;4;A01
201300021784;0;7;0;0;2;1;19;A01
201300021784;0;10;0;0;2;2;1;B01
201300021785;0;7;0;8;0;1;1;A01
201300021786;0;33;0;0;1;1;1;A01
201300021787;0;1;0;0;2;1;1;A01
201300021787;1;7;0;0;2;3;1;B01
201300021788;0;7;0;0;2;1;5;A01
201300021788;0;7;0;0;2;7;1;B01
201300021789;0;7;0;0;2;7;15;A01
201300021789;0;33;0;0;2;1;1;B01
201300021790;0;7;0;0;2;3;9;A01
201300021790;0;31;0;0;2;1;1;B01
201300021791;0;3;0;0;2;3;2;A01
201300021791;0;30;0;0;2;1;2;B01
201300021792;0;7;0;0;1;3;1;A01
201300021793;0;7;0;0;2;1;15;A01
201300021793;0;7;0;0;2;3;1;B01
201300021794;0;7;0;14;0;1;1;A01
201300021795;0;7;0;0;0;6;10;A01
201300021795;0;37;2;0;2;2;1;B01
201300021796;0;7;0;0;2;3;15;A01
201300021796;0;33;0;0;2;1;1;B01
201300021797;0;7;0;0;2;0;0;A01
201300021797;0;1;0;0;2;0;0;B01
201300021798;0;7;0;0;2;8;10;A01
201300021798;0;7;0;0;2;2;17;B01
201300021799;0;30;0;0;2;3;9;A01
201300021799;0;7;0;0;2;2;1;B01
201300021800;0;7;0;0;2;3;9;A01
201300021800;0;7;0;0;2;1;1;B01
201300021801;0;7;0;0;2;1;2;A01
201300021801;0;7;0;0;0;4;23;B01
201300021802;0;7;0;0;2;3;15;A01
201300021802;0;37;3;0;2;7;1;B01
201300021803;0;7;0;0;2;4;2;B01
201300021803;0;7;0;0;2;1;2;A01
201300021804;0;30;0;0;2;1;9;A01
201300021804;0;7;0;0;2;1;1;B01
201300021805;0;14;0;0;2;2;2;A01
201300021805;0;7;0;0;0;4;23;B01
201300021806;0;7;0;0;2;7;1;A01
201300021806;0;7;0;0;2;3;1;B01
201300021807;1;10;0;0;1;1;0;Z01
201300021808;0;33;0;0;2;1;1;B01
201300021808;0;7;0;0;2;5;15;A01
201300021809;0;7;0;0;2;8;1;A01
201300021809;0;1;0;0;2;1;1;B01
201300021810;0;7;0;0;1;1;15;A01
201300021811;0;7;0;0;2;2;15;B01
201300021811;0;7;0;0;2;5;15;A01
201300021812;0;7;0;0;2;4;2;B01
201300021812;0;7;0;0;2;1;2;A01
201300021813;0;7;0;0;2;5;15;A01
201300021813;0;30;0;0;2;1;1;B01
201300021814;0;10;0;0;1;6;4;A01
201300021815;0;7;0;0;9;8;22;A01
201300021815;0;1;0;1;0;8;17;B01
201300021816;0;7;0;0;2;8;1;B01
201300021816;1;7;0;0;2;7;12;A01
201300021816;0;7;0;0;2;5;15;C01
201300021817;0;7;0;0;2;1;1;A01
201300021817;0;30;0;0;2;7;1;B01
201300021818;0;7;0;0;1;2;1;A01
201300021819;0;7;0;0;2;6;1;B01
201300021819;0;7;0;0;2;3;15;A01
201300021820;0;7;0;0;1;1;1;A01
201300021821;0;30;0;0;2;4;2;A01
201300021821;0;7;0;0;2;1;2;B01
201300021822;0;7;0;0;1;3;1;A01
201300021823;0;7;0;0;2;4;1;A01
201300021823;1;7;0;0;0;1;1;Z01
201300021823;0;7;0;0;2;4;2;B01
201300021824;0;7;0;8;0;1;1;A01
201300021825;0;7;0;0;2;3;17;A01
201300021825;0;30;0;0;2;1;1;B01
201300021826;0;7;0;0;0;0;0;B01
201300021826;0;33;0;0;0;0;0;A01
201300021827;0;7;0;0;2;1;1;B01
201300021827;0;7;0;0;2;1;13;A01
201300021828;0;7;0;0;1;2;1;A01
201300021829;0;30;0;0;2;1;18;A01
201300021829;0;10;0;0;2;7;16;B01
201300021830;1;32;0;14;0;1;1;A01
201300021831;0;7;0;0;2;4;23;C01
201300021831;0;7;0;0;2;1;1;A01
201300021831;0;7;0;0;2;4;1;B01
201300021832;0;7;0;0;2;1;9;A01
201300021832;0;7;0;0;2;7;1;B01
201300021833;0;7;0;0;1;2;1;A01
201300021834;0;7;0;0;2;1;1;B01
201300021834;0;10;0;0;2;1;13;A01
201300021835;0;7;0;0;2;3;9;A01
201300021835;0;33;0;0;2;7;1;B01
201300021836;0;7;0;0;1;4;4;A01
201300021837;0;7;0;0;2;1;1;A01
201300021837;0;10;0;0;0;8;9;B01
201300021838;0;7;0;0;2;8;15;A01
201300021838;0;30;0;0;2;7;15;B01
201300021839;0;7;0;0;1;2;1;A01
201300021840;0;33;0;0;2;7;1;B01
201300021840;0;7;0;0;2;3;13;A01
201300021841;0;7;0;0;2;7;1;B01
201300021841;0;30;0;0;2;1;9;A01
201300021842;0;7;0;0;2;1;1;A01
201300021842;2;7;0;0;2;1;1;B01
201300021843;0;7;0;1;2;7;1;B01
201300021843;0;7;0;0;2;1;5;A01
201300021844;0;7;0;0;1;3;1;A01
201300021845;0;7;0;0;2;2;2;A01
201300021845;0;1;0;0;2;8;2;B01
201300021846;0;7;0;0;2;2;1;B01
201300021846;0;7;0;0;2;6;1;A01
201300021847;0;32;0;0;2;2;1;A01
201300021847;0;7;0;0;2;3;15;B01
201300021848;0;7;0;0;0;4;23;B01
201300021848;0;7;0;0;2;1;2;A01
201300021848;0;7;0;0;0;0;19;C01
201300021849;0;7;0;0;1;2;1;A01
201300021850;0;7;0;0;4;3;23;A01
201300021850;0;39;0;0;2;1;1;B01
201300021851;0;7;0;0;2;4;0;A01
201300021851;0;30;0;0;2;1;0;B01
201300021852;0;1;0;0;1;3;1;A01
201300021853;0;7;0;0;2;1;1;B01
201300021853;0;7;0;0;2;1;1;A01
201300021854;0;7;0;0;2;3;1;B01
201300021854;0;7;0;0;2;1;1;A01
201300021855;0;7;0;0;2;3;15;A01
201300021855;0;2;0;0;2;8;1;B01
201300021856;0;7;0;0;2;4;23;B01
201300021856;0;7;0;0;2;1;2;A01
201300021857;0;33;0;0;1;1;1;A01
201300021858;0;7;0;0;1;2;1;A01
201300021859;0;7;0;0;2;3;13;A01
201300021859;0;7;0;0;2;3;1;B01
201300021860;0;37;4;0;2;3;1;B01
201300021860;0;7;0;0;2;2;16;A01
201300021861;0;7;0;0;2;2;15;A01
201300021861;0;7;0;0;2;1;1;B01
201300021862;0;10;0;0;1;4;4;A01
201300021863;0;7;0;0;2;1;1;A01
201300021863;0;7;0;0;0;4;23;B01
201300021864;0;7;0;0;2;2;0;B01
201300021864;0;7;0;0;2;2;1;A01
201300021865;0;33;0;0;2;1;18;A01
201300021865;0;7;0;0;2;7;16;B01
201300021866;0;7;0;0;1;1;1;A01
201300021867;0;7;0;0;2;1;15;A01
201300021867;0;7;0;0;2;3;1;B01
201300021868;0;7;0;0;1;7;1;A01
201300021869;0;7;0;0;2;1;1;B01
201300021869;0;1;0;0;2;1;1;A01
201300021870;0;30;0;0;2;1;1;B01
201300021870;0;7;0;0;2;3;15;A01
201300021871;0;7;0;0;2;8;15;A01
201300021871;0;30;0;0;2;7;1;B01
201300021872;0;37;0;0;1;4;0;Z01
201300021873;0;7;0;0;1;1;14;A01
201300021874;0;7;0;0;1;2;1;A01
201300021875;0;30;0;0;2;1;1;B01
201300021875;0;7;0;0;2;2;15;A01
201300021876;0;7;0;0;1;1;15;A01
201300021877;0;7;0;0;0;4;2;B01
201300021877;0;7;0;1;0;4;2;A01
201300021878;0;7;0;0;2;4;1;B01
201300021878;0;7;0;0;2;1;1;A01
201300021879;0;37;1;0;0;6;23;B01
201300021879;0;7;0;0;2;2;11;A01
201300021880;0;40;0;0;2;8;1;B01
201300021880;0;7;0;0;4;2;0;A01
201300021881;0;7;0;0;2;1;1;B01
201300021881;0;7;0;0;2;2;1;C01
201300021881;0;7;0;0;2;6;9;A01
201300021882;0;7;0;0;2;2;16;A01
201300021882;0;30;0;0;2;8;1;B01
201300021883;0;7;0;0;1;3;1;A01
201300021884;0;7;0;0;2;2;15;A01
201300021884;0;7;0;0;2;1;1;B01
201300021885;0;7;0;0;2;1;1;A01
201300021885;0;7;0;0;0;4;2;B01
201300021886;0;7;0;0;1;1;15;A01
201300021887;0;7;0;0;2;6;19;B01
201300021887;0;7;0;0;2;0;0;A01
201300021888;0;7;0;0;1;2;15;A01
201300021889;0;7;0;0;2;4;2;B01
201300021889;1;7;0;0;2;1;2;A01
201300021889;0;7;0;0;2;4;2;C01
201300021890;0;7;0;0;0;4;1;B01
201300021890;0;32;0;0;2;1;1;A01
201300021891;0;7;0;0;2;1;1;B01
201300021891;0;7;0;0;2;2;15;A01
201300021892;0;7;0;0;1;1;1;A01
201300021893;0;7;0;0;1;8;1;A01
201300021894;0;7;0;0;2;1;1;B01
201300021894;0;30;0;0;2;7;1;A01
201300021895;0;7;0;0;2;1;1;A01
201300021895;0;7;0;0;2;6;15;B01
201300021896;0;7;0;0;2;1;15;A01
201300021896;0;7;0;0;2;3;1;B01
201300021897;0;7;0;0;1;7;1;A01
201300021898;0;7;0;0;2;2;17;A01
201300021898;0;7;0;0;2;1;1;B01
201300021899;0;7;0;0;2;1;9;A01
201300021899;0;2;0;0;2;2;1;B01
201300021900;0;7;0;0;1;7;1;A01
201300021901;0;7;0;0;2;4;23;B01
201300021901;0;7;0;0;2;1;1;A01
201300021901;0;7;0;0;0;4;23;C01
201300021902;0;7;0;6;0;9;1;A01
201300021903;0;7;0;0;2;4;1;B01
201300021903;0;2;0;0;2;1;0;A01
201300021904;0;7;0;0;1;1;1;A01
201300021905;0;7;0;15;0;1;1;A01
201300021906;1;7;0;0;1;0;0;A01
201300021907;0;33;0;0;2;1;1;B01
201300021907;0;7;0;0;2;2;1;A01
201300021908;0;1;0;0;2;7;15;B01
201300021908;0;7;0;0;2;1;9;A01
201300021909;0;7;0;0;1;7;1;A01
201300021910;0;7;0;0;1;2;16;A01
201300021911;0;7;0;0;1;1;15;A01
201300021912;0;7;0;0;1;1;15;A01
201300021913;0;7;0;0;1;1;1;A01
201300021914;0;7;0;0;1;1;1;A01
201300021915;0;7;0;9;0;1;14;A01
201300021916;0;37;1;0;2;3;1;A01
201300021916;0;7;0;0;2;5;16;B01
201300021917;1;7;0;0;1;1;1;Z01
201300021918;0;7;0;0;1;2;9;A01
201300021919;0;7;0;0;1;1;9;A01
201300021920;0;7;0;6;0;1;14;A01
201300021921;0;7;0;0;2;4;23;B01
201300021921;0;32;0;0;2;1;1;A01
201300021922;0;17;0;4;0;1;1;A01
201300021922;0;7;0;4;9;2;1;B02
201300021923;0;7;0;13;0;2;1;A01
201300021924;0;10;0;0;0;6;0;A01
201300021924;0;7;0;1;0;3;2;B02
201300021925;0;36;0;4;0;9;1;A01
201300021926;0;7;0;4;0;1;1;A01
201300021927;0;7;0;0;0;2;14;A01
201300021928;0;17;0;13;0;3;1;A01
201300021929;0;7;0;12;0;1;1;A01
201300021930;0;30;0;0;0;3;0;A01
201300021931;0;7;0;0;0;1;0;A01
201300021932;0;7;0;3;0;1;0;A01
201300021933;0;7;0;0;2;2;15;A01
201300021933;0;7;0;0;2;1;0;B01
201300021934;0;7;0;8;0;3;14;A01
201300021935;0;7;0;0;2;8;9;A01
201300021935;0;10;0;0;2;1;1;B01
201300021936;0;7;0;0;1;6;4;A01
201300021937;0;7;0;1;0;3;13;A01
201300021938;0;7;0;16;0;9;12;A01
201300021939;0;33;0;16;0;8;15;A01
201300021940;0;30;0;0;0;0;2;A01
201300021940;0;35;0;0;0;0;1;B01
201300021940;0;7;0;0;0;0;2;C01
201300021941;0;7;0;0;2;1;2;A01
201300021941;0;10;0;0;2;4;2;B01
201300021941;0;7;0;0;0;4;2;C01
201300021942;0;7;0;0;1;5;4;A01
201300021943;0;30;0;0;6;8;21;A01
201300021944;0;7;0;0;2;1;1;B01
201300021944;0;1;0;0;2;7;1;A01
201300021945;0;2;0;12;0;1;2;A01
201300021946;0;7;0;13;0;1;13;A01
201300021947;0;2;0;0;2;2;17;A01
201300021948;0;30;0;15;0;3;0;A01
201300021949;0;2;0;12;0;2;1;A01
201300021950;0;7;0;0;1;6;4;A01
201300021951;0;7;0;13;0;9;1;A01
201300021952;0;1;0;0;0;1;2;A01
201300021953;0;2;0;0;0;5;17;A01
201300021953;0;2;0;0;2;1;2;B01
201300021954;0;7;0;0;2;1;1;A01
201300021954;0;7;0;0;2;4;2;B01
201300021954;0;7;0;0;0;4;2;C01
201300021955;0;7;0;13;0;3;16;A01
201300021956;0;2;0;12;0;1;1;A01
201300021957;0;7;0;0;0;5;15;B01
201300021957;0;2;0;0;2;1;1;A01
201300021958;0;7;0;0;1;5;4;A01
201300021959;0;7;0;0;2;1;1;B01
201300021959;0;7;0;0;2;4;1;A01
201300021960;0;15;0;10;0;1;1;A01
201300021961;0;7;0;0;0;3;1;A01
201300021961;0;7;0;0;0;5;0;B01
201300021962;0;7;0;0;2;1;2;A01
201300021962;0;7;0;0;2;4;2;B01