num_acc;senc;catv;occutc;obs;obsm;choc;manv;num_veh
201300021963;0;1;0;0;0;8;2;B01
201300021963;0;7;0;0;9;2;2;A01
201300021964;0;7;0;1;0;2;1;A01
201300021965;0;30;0;0;2;1;0;A01
201300021965;0;7;0;0;2;3;0;B01
201300021966;0;2;0;0;0;8;1;A01
201300021967;0;7;0;0;2;1;2;B01
201300021967;0;7;0;0;2;1;2;C01
201300021967;0;7;0;0;2;4;1;A01
201300021968;0;7;0;0;2;1;1;B01
201300021968;0;7;0;0;2;4;4;A01
201300021969;0;7;0;13;0;3;13;A01
201300021970;0;7;0;13;0;1;1;A01
201300021971;0;7;0;0;2;4;2;B01
201300021971;0;7;0;0;2;1;2;A01
201300021971;0;7;0;0;0;4;15;C01
201300021972;0;7;0;0;1;7;0;A01
201300021973;0;7;0;0;1;8;0;A01
201300021974;1;7;0;0;1;1;0;A01
201300021975;0;7;0;0;0;0;1;A01
201300021976;0;7;0;1;0;1;0;A01
201300021977;0;2;0;0;0;3;1;A01
201300021978;0;7;0;0;0;2;23;B01
201300021978;0;2;0;0;2;3;9;A01
201300021979;0;7;0;2;0;2;13;A01
201300021980;0;7;0;0;2;1;1;A01
201300021980;0;33;0;0;2;7;1;B01
201300021981;0;7;0;0;1;3;1;A01
201300021982;0;32;0;0;0;0;1;A01
201300021983;0;7;0;0;9;1;0;A01
201300021983;0;1;0;0;9;1;1;B01
201300021984;0;2;0;0;0;0;1;A01
201300021985;0;14;0;0;0;0;1;B01
201300021985;0;7;0;8;0;1;6;A01
201300021986;0;7;0;1;0;2;1;A01
201300021987;0;14;0;0;2;3;1;A01
201300021987;0;7;0;0;2;8;15;B01
201300021988;0;7;0;0;1;2;1;A01
201300021989;0;7;0;0;2;2;1;B01
201300021989;0;7;0;0;2;3;15;A01
201300021990;0;33;0;0;0;8;1;A01
201300021990;0;7;0;0;0;0;1;B01
201300021991;0;13;0;0;2;2;0;B01
201300021991;0;7;0;0;2;8;0;A01
201300021992;0;7;0;0;9;1;1;A01
201300021992;0;1;0;0;9;8;19;B01
201300021993;0;30;0;0;0;0;1;A01
201300021994;0;7;0;0;2;3;23;C01
201300021994;0;7;0;0;2;3;5;A01
201300021994;0;7;0;0;2;3;1;B01
201300021995;0;7;0;0;2;3;0;B01
201300021995;0;30;0;0;2;0;13;A01
201300021996;0;7;0;0;0;4;2;A01
201300021996;0;7;0;0;2;1;2;C01
201300021996;0;7;0;0;2;1;2;B01
201300021997;0;33;0;0;2;3;13;B02
201300021997;0;7;0;0;2;3;1;A01
201300021998;0;33;0;0;2;1;1;A01
201300021998;0;7;0;0;2;1;1;B02
201300021999;0;7;0;8;0;1;13;A01
201300022000;0;7;0;0;2;1;1;A01
201300022000;0;7;0;0;2;3;15;B02
201300022001;0;7;0;1;0;1;14;A01
201300022002;0;2;0;0;1;7;1;A01
201300022003;0;7;0;0;2;3;1;A01
201300022003;0;7;0;0;2;3;1;B01
201300022004;0;7;0;0;2;1;19;A01
201300022004;0;10;0;0;2;2;1;B01
201300022005;0;7;0;0;2;1;2;A01
201300022005;0;7;0;0;2;4;2;B01
201300022006;0;10;0;0;2;3;0;A01
201300022006;0;1;0;0;2;1;1;B01
201300022007;0;7;0;0;1;2;1;A01
201300022008;0;7;0;0;2;3;1;A01
201300022008;0;2;0;0;2;1;19;B01
201300022009;0;33;0;0;1;1;1;A01
201300022010;0;7;0;0;1;0;2;A01
201300022011;0;33;0;0;2;1;17;A01
201300022011;0;7;0;0;2;1;1;B01
201300022012;0;10;0;0;2;1;2;A01
201300022012;0;7;0;0;2;4;23;B01
201300022012;0;7;0;0;2;3;2;C01
201300022013;0;30;0;0;1;1;1;A01
201300022014;0;7;0;13;0;1;1;A01
201300022015;0;7;0;13;0;2;1;A01
201300022016;0;7;0;0;2;4;1;B01
201300022016;0;30;0;0;2;1;1;A01
201300022017;0;7;0;0;2;1;1;B01
201300022017;0;7;0;0;2;7;19;A01
201300022018;0;30;0;1;0;1;1;A01
201300022019;1;1;0;0;1;1;1;A01
201300022020;0;7;0;13;0;1;1;A01
201300022021;0;7;0;3;0;1;0;A01
201300022022;0;17;0;0;0;6;1;B02
201300022022;0;7;0;0;2;2;17;A01
201300022023;0;7;0;0;0;9;1;A01
201300022024;0;7;0;0;2;1;2;A01
201300022024;0;15;0;0;0;4;1;B02
201300022025;0;7;0;3;0;1;14;A01
201300022026;0;7;0;4;0;3;13;A01
201300022027;0;15;0;3;2;7;1;A01
201300022027;0;7;0;0;2;1;1;B02
201300022028;0;7;0;0;0;0;0;A01
201300022029;0;38;0;4;0;2;1;A01
201300022030;0;15;0;1;0;6;0;B02
201300022030;0;10;0;0;0;2;1;A01
201300022031;0;7;0;3;0;1;1;A01
201300022032;0;7;0;0;2;2;1;B02
201300022032;0;30;0;0;2;7;19;A01
201300022033;0;7;0;8;9;1;1;A01
201300022034;0;7;0;13;0;2;1;A01
201300022035;0;7;0;0;2;3;1;A01
201300022035;0;1;0;0;2;1;1;B02
201300022036;0;30;0;11;0;1;1;A01
201300022037;0;17;0;0;2;8;13;A01
201300022037;0;7;0;0;2;7;17;B02
201300022038;0;7;0;3;0;8;1;A01
201300022039;0;7;0;1;0;8;1;A01
201300022039;0;7;0;0;2;4;23;B02
201300022040;0;38;52;16;0;7;1;A01
201300022041;0;7;0;0;9;1;1;C03
201300022041;0;7;0;0;9;1;2;B02
201300022041;0;7;0;0;9;1;2;A01
201300022042;0;7;0;3;0;1;1;A01
201300022043;0;7;0;13;0;2;21;A01
201300022044;0;7;0;13;0;9;1;A01
201300022045;0;7;0;11;0;1;1;A01
201300022046;0;7;0;3;0;5;1;A01
201300022047;0;7;0;1;1;2;1;A01
201300022048;0;7;0;0;1;2;0;A01
201300022049;0;7;0;0;2;3;11;A01
201300022049;0;7;0;0;2;7;1;B01
201300022050;0;7;0;0;2;2;1;A01
201300022050;0;1;0;0;2;6;1;B01
201300022051;0;7;0;0;1;2;16;A01
201300022052;0;10;0;0;2;0;2;A01
201300022052;0;7;0;0;2;0;2;B01
201300022053;0;7;0;4;0;1;1;A01
201300022054;0;7;0;2;2;1;1;A01
201300022054;0;7;0;0;2;1;1;B01
201300022055;0;7;0;0;1;0;2;B01
201300022056;0;2;0;14;0;3;13;A01
201300022057;0;7;0;2;0;1;2;A01
201300022058;0;31;0;0;2;1;1;B01
201300022058;0;7;0;0;2;8;15;A01
201300022059;0;7;0;0;2;2;0;A01
201300022059;0;32;0;0;2;7;0;B01
201300022060;0;33;0;1;0;1;1;A01
201300022061;0;7;0;0;1;4;4;A01
201300022062;0;7;0;0;2;1;19;A01
201300022062;0;2;0;0;2;1;1;B01
201300022063;0;7;0;0;2;1;1;A01
201300022063;0;7;0;0;2;4;1;B01
201300022064;0;7;0;0;2;3;19;A01
201300022064;0;2;0;0;2;1;1;B01
201300022065;0;7;0;3;0;7;14;A01
201300022066;0;7;0;13;0;1;1;A01
201300022067;0;7;0;0;2;1;1;A01
201300022067;0;7;0;0;2;4;1;B01
201300022068;0;38;1;0;1;2;1;A01
201300022069;0;7;0;1;0;1;0;A01
201300022070;2;30;0;0;1;1;1;A01
201300022071;0;7;0;0;2;1;13;A01
201300022071;0;7;0;0;2;1;1;B01
201300022072;0;7;0;0;0;5;1;A01
201300022073;0;7;0;16;0;0;0;A01
201300022074;0;7;0;1;2;2;14;A01
201300022074;0;7;0;0;2;3;1;B01
201300022075;0;7;0;1;0;0;21;A01
201300022076;0;7;0;1;0;1;14;A01
201300022077;0;7;0;0;2;1;19;A01
201300022077;0;7;0;0;2;8;1;B01
201300022078;0;10;0;3;2;3;2;A01
201300022078;0;7;0;3;2;4;2;B01
201300022079;0;1;0;0;0;0;1;A01
201300022080;0;1;0;0;2;1;15;A01
201300022080;0;7;0;0;2;2;1;B01
201300022081;0;7;0;0;2;1;0;A01
201300022081;0;7;0;0;2;8;1;B01
201300022082;0;7;0;13;0;0;0;A01
201300022083;0;7;0;0;2;1;1;A01
201300022083;0;7;0;0;2;7;1;B01
201300022084;0;7;0;0;2;0;15;A01
201300022084;0;33;0;0;2;0;1;B01
201300022085;0;2;0;0;2;1;2;A01
201300022085;0;7;0;0;2;0;2;B01
201300022086;0;31;0;13;0;1;1;A01
201300022087;0;32;0;1;0;0;1;A01
201300022088;0;7;0;6;0;1;1;A01
201300022089;0;2;0;0;2;1;1;A01
201300022089;0;7;0;0;2;4;1;B01
201300022090;0;7;0;0;2;1;12;A01
201300022090;0;7;0;0;2;4;1;B01
201300022090;0;7;0;0;2;2;2;C01
201300022091;0;7;0;3;0;3;0;A01
201300022092;0;7;0;0;2;3;0;A01
201300022092;0;10;0;0;2;3;0;B01
201300022093;0;7;0;0;1;2;1;A01
201300022094;0;7;0;0;2;1;15;A01
201300022094;0;30;0;0;2;1;1;B01
201300022095;0;7;0;0;2;3;10;A01
201300022095;0;7;0;3;2;2;1;B01
201300022096;0;7;0;0;1;3;1;A01
201300022097;0;7;0;13;0;1;2;A01
201300022098;0;15;0;0;2;1;14;A01
201300022098;0;7;0;0;2;4;1;B01
201300022099;0;7;0;13;0;1;0;A01
201300022100;0;7;0;0;2;7;15;A01
201300022100;0;2;0;0;2;1;1;B01
201300022101;0;7;0;13;0;7;5;A01
201300022102;0;32;0;0;2;2;1;B01
201300022102;0;7;0;0;2;3;0;A01
201300022103;0;7;0;0;1;1;0;A01
201300022104;0;7;0;0;2;8;15;A01
201300022104;0;2;0;0;2;1;1;B01
201300022105;0;2;0;12;2;8;21;A01
201300022105;1;3;0;0;0;0;0;B01
201300022106;0;30;0;12;0;0;0;A01
201300022107;0;30;0;0;0;8;1;A01
201300022108;0;7;0;0;2;0;1;B01
201300022108;0;7;0;0;2;1;16;A01
201300022109;0;7;0;0;2;3;9;A01
201300022109;0;33;0;0;0;2;15;B01
201300022110;0;2;0;0;2;1;1;B01
201300022110;0;7;0;0;2;8;15;A01
201300022111;0;7;0;12;0;9;1;A01
201300022112;0;7;0;1;0;8;1;A01
201300022113;0;7;0;0;1;7;1;A01
201300022114;0;7;0;8;0;0;0;A01
201300022115;0;2;0;14;0;0;0;A01
201300022116;0;7;0;1;0;3;14;A01
201300022117;0;7;0;0;2;1;2;A01
201300022117;0;7;0;0;2;4;2;B01
201300022117;0;7;0;0;2;4;2;C01
201300022117;0;7;0;0;2;2;3;D01
201300022118;0;33;0;0;0;0;1;A01
201300022119;0;33;0;0;2;1;1;A01
201300022119;0;7;0;0;0;4;1;B01
201300022120;0;7;0;16;0;2;1;A01
201300022121;0;30;0;0;2;7;1;A01
201300022121;0;7;0;0;2;1;1;B01
201300022122;0;7;0;0;2;1;14;A01
201300022122;0;7;0;0;2;4;0;B01
201300022123;0;7;0;0;2;6;2;A01
201300022123;0;30;0;0;2;2;0;B01
201300022124;0;1;0;0;2;0;0;B01
201300022124;0;7;0;0;2;1;0;A01
201300022125;0;7;0;0;2;7;0;B01
201300022125;0;30;0;0;2;1;9;A01
201300022126;0;7;0;9;0;1;13;A01
201300022127;0;7;0;0;2;2;0;B01
201300022127;0;7;0;0;2;3;13;A01
201300022128;0;7;0;0;0;0;0;A01
201300022129;0;30;0;0;0;0;1;A01
201300022130;0;31;0;0;0;1;14;A01
201300022131;0;7;0;0;2;1;2;A01
201300022131;0;7;0;0;0;4;2;B01
201300022132;0;7;0;0;0;4;2;C01
201300022132;0;7;0;0;2;1;1;A01
201300022132;0;7;0;0;2;4;2;B01
201300022133;0;7;0;0;2;1;5;A01
201300022133;0;7;0;0;2;3;1;B01
201300022134;0;7;0;13;0;9;0;A01
201300022135;0;7;0;13;0;9;0;A01
201300022136;0;7;0;0;2;1;2;A01
201300022136;0;7;0;0;2;4;1;B01
201300022137;0;7;0;0;0;1;9;A01
201300022137;0;7;0;0;2;2;1;B01
201300022138;0;7;0;6;0;9;1;A01
201300022139;0;7;0;0;0;1;0;A01
201300022140;0;7;0;0;1;4;4;A01
201300022141;0;7;0;12;0;1;1;A01
201300022142;0;7;0;7;0;1;1;A01
201300022143;0;7;0;13;2;0;0;A01
201300022143;0;7;0;0;2;0;0;B01
201300022144;0;7;0;15;0;0;14;A01
201300022145;0;7;0;6;0;1;1;A01
201300022146;0;2;0;0;2;7;21;B01
201300022146;0;7;0;0;2;3;16;A01
201300022147;0;7;0;13;0;9;1;A01
201300022148;0;7;0;0;2;1;11;A01
201300022148;0;7;0;0;2;4;1;B01
201300022148;0;7;0;0;2;4;1;C01
201300022149;0;7;0;0;0;6;11;A01
201300022149;0;1;0;0;2;1;1;B01
201300022150;0;30;0;0;2;1;1;B01
201300022150;0;7;0;0;2;2;15;A01
201300022151;0;7;0;0;4;5;16;A01
201300022151;0;7;0;7;2;3;1;B01
201300022152;0;7;0;0;2;4;15;B01
201300022152;0;2;0;0;2;1;2;A01
201300022153;0;7;0;13;0;9;0;A01
201300022154;0;7;0;0;2;1;5;A01
201300022154;0;7;0;0;2;1;1;B01
201300022155;0;33;0;11;2;1;1;A01
201300022155;0;7;0;0;2;3;1;B01
201300022156;0;30;0;0;0;3;0;A01
201300022157;0;7;0;0;1;2;0;A01
201300022158;0;33;0;0;2;1;1;B01
201300022158;0;7;0;0;2;2;15;A01
201300022159;0;7;0;0;1;1;1;A01
201300022160;0;33;0;12;0;0;0;A01
201300022161;0;7;0;0;1;3;0;A01
201300022162;0;7;0;0;2;1;1;A01
201300022162;0;7;0;0;2;8;1;B01
201300022163;0;7;0;0;2;7;1;B01
201300022163;0;14;0;0;0;0;1;A01
201300022163;0;7;0;0;2;6;23;C01
201300022164;0;1;0;0;9;0;0;A01
201300022165;0;7;0;0;2;5;15;B01
201300022165;0;33;0;0;2;1;2;A01
201300022166;0;7;0;8;0;3;14;A01
201300022167;1;7;0;0;0;0;0;B01
201300022167;0;31;0;0;2;0;1;A01
201300022168;0;7;0;0;2;1;1;A01
201300022168;0;7;0;0;2;4;1;B01
201300022169;0;7;0;13;0;6;1;A01
201300022170;0;33;0;16;0;0;0;A01
201300022171;0;30;0;0;2;1;1;B01
201300022171;0;7;0;0;2;3;15;A01
201300022172;0;7;0;0;2;1;1;B01
201300022173;0;7;0;0;1;3;1;A01
201300022174;0;7;0;0;2;4;2;B01
201300022174;0;7;0;0;2;1;2;A01
201300022175;0;7;0;0;2;8;20;A01
201300022175;0;7;0;0;2;7;1;B01
201300022176;0;7;0;3;0;1;1;A01
201300022177;0;7;0;0;2;1;1;B01
201300022177;0;7;0;0;2;1;1;A01
201300022178;0;31;0;0;2;0;14;A01
201300022178;1;10;0;0;2;3;18;B01
201300022179;0;7;0;0;2;4;0;B01
201300022179;0;7;0;0;2;1;1;A01
201300022180;0;7;0;6;0;1;1;A01
201300022181;0;7;0;0;2;7;17;B01
201300022181;0;30;0;0;2;8;15;A01
201300022182;0;7;0;0;1;1;1;A01
201300022183;0;7;0;0;1;3;15;A01
201300022184;0;30;0;0;0;7;1;A01
201300022185;0;30;0;0;2;0;17;A01
201300022185;0;7;0;0;2;8;15;B01
201300022186;0;30;0;0;2;0;17;A01
201300022186;0;7;0;0;2;8;15;B01
201300022187;0;7;0;0;2;8;0;A01
201300022187;0;7;0;0;2;8;1;B01
201300022188;0;15;0;0;2;6;9;A01
201300022188;0;7;0;0;2;3;1;B01
201300022189;0;7;0;0;2;3;13;A01
201300022189;0;7;0;0;2;6;1;B01
201300022189;0;7;0;0;2;0;1;C01
201300022190;0;7;0;0;1;1;1;A01
201300022191;0;14;0;0;2;0;16;A01
201300022191;0;7;0;0;2;8;16;B01
201300022192;0;7;0;0;2;5;16;A01
201300022192;0;13;0;0;2;3;1;B01
201300022193;0;7;0;5;0;1;1;A01
201300022194;0;7;0;0;1;0;1;A01
201300022195;0;32;0;0;0;0;1;A01
201300022196;0;7;0;13;0;5;1;A01
201300022197;0;7;0;0;1;2;1;A01
201300022198;0;7;0;0;2;3;1;A01
201300022198;0;7;0;0;2;6;15;B01
201300022199;0;7;0;0;1;0;1;A01
201300022200;0;7;0;0;0;9;0;A01
201300022201;0;7;0;13;0;9;0;A01
201300022202;0;7;0;13;0;1;1;A01
201300022203;0;7;0;0;2;1;1;B02
201300022203;0;10;0;0;0;4;0;A01
201300022204;0;7;0;14;0;1;1;A01
201300022205;0;7;0;0;2;1;2;A01
201300022205;0;10;0;0;2;4;23;B02
201300022205;0;7;0;0;2;4;23;C03
201300022206;0;7;0;13;0;2;1;A01
201300022207;0;7;0;0;2;6;1;B02
201300022207;0;7;0;0;2;2;2;A01
201300022208;0;1;0;0;0;6;1;B02
201300022208;0;7;0;0;0;2;17;A01
201300022209;0;7;0;0;2;1;15;A01
201300022209;0;30;0;0;2;7;1;B01
201300022210;0;33;0;0;0;0;15;A01
201300022211;0;7;0;8;0;1;14;A01
201300022212;0;7;0;0;2;1;15;B01
201300022212;0;7;0;0;2;1;2;A01
201300022212;0;7;0;0;2;3;1;C01
201300022213;0;7;0;14;0;1;9;A01
201300022214;0;10;0;0;1;3;1;A01
201300022215;0;7;0;0;2;6;1;A01
201300022216;0;7;0;0;2;3;13;B01
201300022216;0;7;0;0;2;1;1;A01
201300022217;0;7;0;0;1;0;1;A01
201300022218;0;7;0;0;1;9;2;A01
201300022218;0;7;0;0;2;1;2;B01
201300022219;0;7;0;0;2;3;1;B01
201300022219;0;31;0;0;2;2;16;A01
201300022220;0;7;0;0;2;8;16;A01
201300022220;0;31;0;0;2;1;1;B01
201300022221;0;7;0;0;2;3;1;A01
201300022221;0;7;0;3;2;4;16;B01
201300022222;0;7;0;0;2;1;5;A01
201300022222;0;7;0;0;2;1;1;B01
201300022223;0;7;0;13;0;9;0;A01
201300022224;0;33;0;0;2;7;23;B01
201300022224;0;7;0;0;2;2;1;A01
201300022225;0;7;0;0;2;1;2;C01
201300022225;0;7;0;0;2;4;2;B01
201300022226;1;7;0;0;0;0;0;Z01
201300022226;0;2;0;0;2;0;1;B01
201300022226;0;2;0;0;2;0;1;A01
201300022227;0;33;0;0;2;8;1;B01
201300022227;0;7;0;0;2;0;11;A01
201300022228;0;7;0;0;2;8;9;A01
201300022228;0;33;0;0;2;1;1;B01
201300022229;0;7;0;0;2;6;15;A01
201300022229;0;31;0;0;2;2;1;B01
201300022230;0;7;0;0;2;1;1;A01
201300022230;1;7;0;0;2;2;5;Z01
201300022231;0;7;0;0;1;2;1;A01
201300022232;0;7;0;0;2;4;2;D01
201300022232;0;7;0;0;2;4;2;C01
201300022232;0;7;0;0;2;1;2;A01
201300022232;0;7;0;0;2;4;2;B01
201300022233;0;7;0;0;2;1;13;A01
201300022233;0;7;0;0;2;1;1;B01
201300022234;0;7;0;0;1;1;1;A01
201300022235;0;7;0;16;0;9;14;A01
201300022236;0;7;0;0;2;3;9;A01
201300022236;0;7;0;0;2;1;1;B01
201300022237;0;7;0;0;2;1;6;A01
201300022237;0;7;0;0;2;4;1;B01
201300022237;0;7;0;0;2;3;23;C01
201300022238;0;7;0;0;2;9;1;B01
201300022238;0;7;0;0;2;9;6;A01
201300022239;0;7;0;0;1;1;1;A01
201300022240;1;33;0;12;0;0;0;A01
201300022241;1;7;0;0;2;0;16;A01
201300022241;0;1;0;0;2;1;15;B01
201300022242;0;7;0;0;2;2;15;A01
201300022242;0;1;0;0;2;1;1;B01
201300022243;0;7;0;0;2;4;2;B01
201300022243;0;13;0;0;2;1;2;A01
201300022244;0;7;0;0;2;8;0;A01
201300022244;0;31;0;0;2;1;1;B01
201300022245;0;33;0;0;2;4;16;B01
201300022245;0;7;0;0;2;3;16;A01
201300022246;0;7;0;0;2;0;1;B01
201300022246;0;7;0;0;2;0;15;A01
201300022247;0;7;0;0;2;1;15;A01
201300022247;0;31;0;0;2;1;1;B01
201300022248;0;7;0;9;2;6;15;B01
201300022248;0;7;0;0;2;2;1;A01
201300022249;0;7;0;0;2;1;1;A01
201300022249;0;30;0;0;2;8;1;B01
201300022250;0;7;0;13;0;9;14;A01
201300022251;0;7;0;0;2;3;1;B01
201300022251;0;7;0;0;2;3;15;A01
201300022252;0;7;0;0;1;1;1;A01
201300022253;0;7;0;0;2;1;1;A01
201300022253;0;7;0;0;2;7;1;B01
201300022254;0;7;0;0;2;8;15;B01
201300022254;0;30;0;0;2;2;17;A01
201300022255;0;7;0;0;2;1;2;A01
201300022255;0;7;0;0;0;4;2;B01
201300022256;0;34;0;0;2;1;1;B01
201300022256;0;7;0;0;2;3;19;A01
201300022257;0;7;0;0;1;6;0;A01
201300022258;0;7;0;7;0;1;1;A01
201300022259;0;7;0;6;0;3;13;A01
201300022260;0;7;0;0;2;1;2;A01
201300022260;0;7;0;0;0;4;2;B01
201300022261;0;7;0;0;2;3;5;A01
201300022261;0;7;0;0;2;3;1;B01
201300022261;0;7;0;0;0;3;1;C01
201300022262;0;7;0;15;0;2;1;A01
201300022263;0;7;0;11;0;1;13;A01
201300022263;0;7;0;0;2;1;1;B01
201300022264;0;7;0;0;0;4;1;B01
201300022264;0;7;0;0;2;1;2;A01
201300022265;0;33;0;0;2;4;2;B01
201300022265;0;7;0;0;2;1;1;A01
201300022266;0;7;0;0;2;3;2;A01
201300022266;0;1;0;0;0;1;15;B01
201300022267;0;7;0;2;2;2;14;A01
201300022267;0;7;0;0;2;3;1;B01
201300022268;0;7;0;0;1;1;1;A01
201300022269;0;33;0;0;2;1;3;A01
201300022269;0;7;0;0;2;3;15;B01
201300022270;0;33;0;0;2;1;1;B01
201300022270;0;7;0;0;2;3;15;A01
201300022271;0;7;0;0;1;1;0;A01
201300022272;0;7;0;0;2;4;2;B01
201300022272;0;7;0;0;2;1;2;A01
201300022273;0;7;0;0;0;4;2;B01
201300022273;0;7;0;0;2;1;2;A01
201300022274;0;7;0;0;2;1;2;A01
201300022274;0;7;0;0;0;4;2;B01
201300022275;0;99;0;0;2;2;1;A01
201300022275;0;7;0;0;2;3;15;B01
201300022276;0;7;0;0;0;4;2;B01
201300022276;0;7;0;0;2;1;2;A01
201300022277;0;7;0;0;0;1;2;B01
201300022277;0;7;0;0;0;1;15;A01
201300022278;0;7;0;0;0;3;13;A01
201300022278;0;7;0;0;0;8;1;B01
201300022279;0;7;0;0;0;1;2;A01
201300022279;0;7;0;0;0;4;2;B01
201300022280;0;10;0;0;1;1;1;A01
201300022281;0;2;0;0;0;9;1;B01
201300022281;0;7;0;0;0;3;15;A01
201300022282;0;7;0;0;0;4;2;B01
201300022282;0;7;0;0;2;1;2;A01
201300022283;0;7;0;0;2;3;15;A01
201300022283;0;2;0;0;2;1;1;B01
201300022284;0;7;0;0;2;1;1;A01
201300022284;0;7;0;0;2;7;1;B01
201300022285;0;7;0;0;2;4;15;B01
201300022285;0;32;0;0;2;1;2;A01
201300022286;1;7;0;0;1;0;0;A01
201300022287;0;7;0;0;1;2;1;A01
201300022288;0;7;0;0;2;8;18;A01
201300022288;0;37;15;0;2;7;16;B01
201300022289;0;7;0;0;1;2;1;A01
201300022290;0;7;0;0;0;4;1;B01
201300022290;0;3;0;0;2;1;2;A01
201300022291;0;7;0;0;2;1;1;B01
201300022291;0;7;0;0;2;5;5;A01
201300022292;0;7;0;0;0;9;0;A01
201300022293;0;33;0;0;2;0;17;A01
201300022293;0;7;0;0;2;0;15;B01
201300022294;0;7;0;3;0;1;1;A01
201300022295;0;7;0;0;2;3;1;B01
201300022295;0;7;0;0;2;1;1;A01
201300022296;0;7;0;6;2;8;1;B01
201300022296;0;7;0;0;2;1;16;A01
201300022297;0;7;0;0;1;1;9;A01
201300022298;0;7;0;13;0;2;0;A01
201300022299;0;7;0;0;1;1;0;A01
201300022300;0;10;0;0;2;7;15;B01
201300022300;0;32;0;0;2;1;1;A01
201300022301;0;7;0;0;1;0;0;A01
201300022302;0;7;0;0;2;1;1;A01
201300022302;0;7;0;0;2;1;15;B01
201300022303;0;7;0;0;1;1;9;A01
201300022304;0;7;0;0;2;2;0;A01
201300022304;0;34;0;0;2;1;0;B01
201300022305;0;31;0;0;0;1;1;B01
201300022305;0;7;0;0;2;3;9;A01
201300022306;0;2;0;0;2;8;1;B01
201300022306;0;7;0;0;2;3;9;A01
201300022307;0;7;0;0;2;4;0;B01
201300022307;0;7;0;0;2;1;1;A01
201300022308;0;7;0;0;2;8;15;A01
201300022308;0;30;0;0;2;1;1;B01
201300022309;0;1;0;0;2;8;18;A01
201300022309;0;14;0;0;2;7;16;B01
201300022310;0;7;0;0;2;4;15;B01
201300022310;0;7;0;0;2;1;1;A01
201300022311;0;7;0;0;2;7;0;A01
201300022311;0;30;0;0;2;3;0;B01
201300022312;0;7;0;0;2;1;17;A01
201300022312;0;1;0;0;2;1;15;B01
201300022313;0;7;0;0;2;3;13;A01
201300022313;0;7;0;0;2;4;1;C01
201300022313;0;10;0;0;2;2;1;B01
201300022313;0;7;0;0;2;4;1;D01
201300022314;0;7;0;0;2;2;15;A01
201300022314;0;7;0;0;2;1;2;B01
201300022315;0;7;0;15;0;3;1;A01
201300022316;0;10;0;0;2;1;16;A01
201300022316;0;33;0;0;2;2;1;B01
201300022317;0;1;0;0;2;2;1;B01
201300022317;0;7;0;0;2;1;9;A01
201300022318;0;32;0;0;2;1;1;A01
201300022318;0;7;0;0;2;1;1;B01
201300022319;0;33;0;16;0;8;0;A01
201300022320;0;7;0;0;2;3;0;B01
201300022320;0;7;0;0;2;3;15;A01
201300022321;0;7;0;0;2;6;16;A01
201300022321;0;31;0;0;2;1;0;B01
201300022322;0;7;0;0;1;1;15;A01
201300022323;0;33;0;0;2;1;1;B01
201300022323;0;7;0;0;2;8;11;A01
201300022324;1;7;0;0;2;1;0;Z01
201300022324;0;7;0;0;2;6;1;B01
201300022325;0;7;0;0;2;3;15;A01
201300022325;0;31;0;0;2;1;1;B01
201300022326;0;7;0;0;2;2;1;B01
201300022326;0;7;0;0;2;6;15;A01
201300022327;0;7;0;0;2;1;2;B01
201300022327;0;7;0;3;2;8;5;A01
201300022328;0;7;0;0;2;1;15;A01
201300022328;0;33;0;0;2;1;1;B01
201300022329;0;7;0;0;2;1;1;B01
201300022329;0;7;0;0;2;1;1;A01
201300022330;0;7;0;13;0;9;1;A01
201300022331;0;7;0;0;2;1;1;B01
201300022331;0;2;0;0;2;7;19;A01
201300022332;0;31;0;0;2;1;1;B01
201300022332;0;7;0;0;2;3;11;A01
201300022333;0;7;0;0;2;7;1;B01
201300022333;0;7;0;0;2;3;19;A01
201300022334;0;7;0;0;1;2;1;A01
201300022335;0;2;0;0;2;0;1;B01
201300022335;0;10;0;0;2;7;15;A01
201300022336;0;33;0;0;2;8;0;A01
201300022336;0;7;0;0;2;1;0;B01
201300022337;0;2;0;0;0;4;1;B01
201300022337;0;7;0;0;2;1;1;A01
201300022338;0;7;0;8;0;0;1;A01
201300022339;0;7;0;0;1;1;1;A01
201300022340;0;7;0;2;0;0;1;A01
201300022341;0;7;0;0;1;1;0;A01
201300022342;0;7;0;0;2;4;2;B01
201300022342;0;7;0;0;2;1;1;A01
201300022343;0;2;0;0;2;5;0;B01
201300022343;0;7;0;0;2;8;13;A01
201300022344;0;7;0;0;0;0;15;A01
201300022344;0;7;0;0;0;1;1;B01
201300022345;0;7;0;0;2;1;1;A01
201300022345;0;2;0;0;2;7;1;B01
201300022346;0;7;0;0;2;1;15;A01
201300022346;0;1;0;0;2;1;1;B01
201300022347;0;1;0;0;2;0;0;B01
201300022347;0;7;0;0;2;0;0;A01
201300022348;0;7;0;0;1;8;1;A01
201300022349;0;7;0;0;1;0;0;A01
201300022350;0;7;0;0;1;1;16;A01
201300022351;0;7;0;0;2;1;15;B01
201300022351;0;1;0;0;2;1;5;A01
201300022352;1;1;0;0;1;0;0;A01
201300022353;0;7;0;0;2;1;1;A01
201300022353;0;7;0;0;2;4;1;B01
201300022354;0;7;0;0;2;3;1;B01
201300022354;0;7;0;0;2;7;1;A01
201300022355;0;10;0;0;2;2;1;B01
201300022355;0;7;0;0;2;1;5;A01
201300022356;0;33;0;0;1;0;1;A01
201300022357;0;32;0;1;2;0;1;B01