num_acc;senc;catv;occutc;obs;obsm;choc;manv;num_veh
201300022357;1;7;0;0;2;0;15;Z01
201300022358;0;33;0;0;0;4;1;B01
201300022358;0;33;0;0;2;1;1;A01
201300022359;0;7;0;0;2;0;1;B01
201300022359;0;7;0;0;2;1;1;A01
201300022360;0;32;0;0;2;1;1;B01
201300022360;0;7;0;0;2;3;15;A01
201300022361;0;7;0;0;2;8;13;A01
201300022361;0;33;0;0;2;0;17;B01
201300022362;0;7;0;0;2;0;0;A01
201300022362;0;7;0;0;2;0;0;B01
201300022363;0;7;0;0;2;4;1;B01
201300022363;0;33;0;0;2;1;1;A01
201300022364;0;10;0;0;0;8;15;B01
201300022364;0;33;0;0;2;1;17;A01
201300022365;0;7;0;0;0;4;1;B01
201300022365;0;7;0;0;2;1;1;A01
201300022366;0;7;0;0;2;1;1;A01
201300022366;0;1;0;0;2;1;19;B01
201300022367;0;7;0;1;0;2;17;A01
201300022368;0;34;0;0;2;2;1;B01
201300022368;0;7;0;0;2;1;15;A01
201300022369;0;7;0;4;2;1;1;B01
201300022369;0;7;0;0;2;1;1;A01
201300022370;1;32;0;0;1;1;1;A01
201300022371;0;7;0;0;2;1;1;A01
201300022371;0;7;0;0;2;4;1;B01
201300022371;0;7;0;0;2;4;1;C01
201300022372;0;7;0;13;0;1;0;A01
201300022373;0;7;0;0;2;3;1;A01
201300022373;0;7;0;0;2;6;1;B01
201300022374;0;7;0;0;2;1;1;A01
201300022374;0;7;0;0;2;3;1;B01
201300022375;0;7;0;0;2;4;0;B01
201300022375;0;7;0;0;2;2;0;A01
201300022375;0;7;0;0;2;5;0;C01
201300022376;0;7;0;0;2;1;1;A01
201300022376;0;7;0;0;0;4;23;C01
201300022376;0;7;0;0;2;4;23;B01
201300022377;0;7;0;0;1;2;1;A01
201300022378;0;33;0;0;0;8;1;A01
201300022379;0;7;0;0;2;3;1;B01
201300022379;0;33;0;0;2;1;14;A01
201300022380;0;7;0;0;1;1;1;A01
201300022381;0;7;0;0;2;1;1;A01
201300022381;0;10;0;0;0;7;1;B01
201300022382;0;7;0;0;2;3;15;A01
201300022382;0;7;0;0;2;3;1;B01
201300022383;0;7;0;0;2;2;1;A01
201300022383;0;1;0;0;0;4;1;B01
201300022384;0;7;0;0;2;6;1;B01
201300022384;0;7;0;0;2;1;1;A01
201300022385;0;7;0;0;2;1;1;A01
201300022385;0;7;0;0;0;4;23;B01
201300022386;0;7;0;0;2;5;1;B01
201300022386;0;30;0;0;2;1;1;A01
201300022387;0;33;0;0;2;1;1;B01
201300022387;0;7;0;0;2;1;15;A01
201300022388;0;7;0;0;2;1;0;B01
201300022388;0;7;0;0;2;7;0;A01
201300022389;0;10;0;0;2;1;1;A01
201300022389;0;37;1;0;0;7;1;B01
201300022390;0;7;0;0;2;0;0;B01
201300022390;0;1;0;0;2;0;0;A01
201300022391;0;37;1;0;1;1;1;A01
201300022392;0;17;0;0;2;0;0;A01
201300022392;0;7;0;0;2;1;0;B01
201300022393;0;31;0;0;2;1;2;A01
201300022393;0;7;0;0;0;4;23;B01
201300022394;0;33;0;0;2;1;1;A01
201300022394;0;7;0;0;2;6;1;B01
201300022395;0;33;0;9;2;2;2;A01
201300022395;0;7;0;0;2;3;2;B01
201300022396;0;7;0;6;0;3;1;A01
201300022397;0;7;0;0;1;1;17;A01
201300022398;0;2;0;0;2;0;0;A01
201300022398;0;20;0;0;0;0;0;B01
201300022399;0;30;0;0;2;3;0;B01
201300022399;1;7;0;0;2;0;0;A01
201300022400;0;7;0;0;2;2;9;A01
201300022400;0;30;0;0;2;3;1;B01
201300022401;0;31;0;0;1;1;13;A01
201300022402;0;7;0;0;1;2;0;B01
201300022403;0;7;0;0;2;1;1;B01
201300022403;0;7;0;0;2;1;13;A01
201300022404;0;7;0;0;2;1;15;B01
201300022404;0;7;0;0;2;1;1;A01
201300022405;0;7;0;0;0;4;2;B01
201300022405;0;37;1;0;2;1;2;A01
201300022406;0;7;0;0;2;3;13;A01
201300022406;0;7;0;0;2;8;1;B01
201300022407;0;7;0;0;2;2;19;A01
201300022407;0;7;0;0;2;3;19;B01
201300022408;0;7;0;0;2;1;0;B01
201300022408;0;7;0;8;2;3;0;A01
201300022409;0;7;0;0;2;1;1;A01
201300022409;0;7;0;0;2;1;1;C01
201300022409;0;7;0;0;2;1;9;B01
201300022410;0;13;0;0;2;1;0;C01
201300022410;0;7;0;0;2;5;15;A01
201300022410;0;7;0;0;2;1;1;B01
201300022411;0;7;0;0;2;4;1;B01
201300022411;0;7;0;0;2;1;1;A01
201300022412;1;20;0;0;1;7;1;A01
201300022413;0;33;0;0;0;0;1;A01
201300022414;0;33;0;0;2;7;0;B01
201300022414;0;7;0;0;2;6;0;A01
201300022415;0;7;0;0;2;4;1;B01
201300022415;0;7;0;0;2;1;1;A01
201300022416;0;7;0;6;1;2;14;A01
201300022417;0;30;0;0;1;1;1;A01
201300022418;0;7;0;0;2;0;0;A01
201300022418;0;7;0;1;2;3;0;B01
201300022419;0;7;0;0;2;6;1;B01
201300022419;1;99;0;0;0;0;0;Z01
201300022420;0;33;0;0;2;1;1;B01
201300022420;0;7;0;0;2;1;15;A01
201300022421;2;7;0;0;2;1;1;A01
201300022421;0;7;0;0;2;4;16;B01
201300022422;0;32;0;0;2;1;1;A01
201300022422;0;7;0;0;2;4;20;B01
201300022423;0;1;0;0;2;7;19;A01
201300022423;0;7;0;0;2;1;16;B01
201300022424;0;7;0;0;2;1;1;B01
201300022424;0;7;0;0;2;1;1;C01
201300022424;0;7;0;0;2;4;1;D01
201300022424;0;7;0;0;2;1;1;A01
201300022425;0;33;0;4;0;3;0;A01
201300022426;0;7;0;0;2;2;1;B01
201300022426;0;7;0;0;2;1;1;A01
201300022427;2;7;0;0;0;0;0;A01
201300022428;0;7;0;0;2;2;1;A01
201300022428;0;7;0;0;2;6;9;B01
201300022429;0;7;0;0;2;2;1;A01
201300022429;0;7;0;0;2;3;1;B01
201300022430;0;34;0;0;2;1;1;B01
201300022430;0;7;0;0;2;5;15;A01
201300022431;0;7;0;15;2;8;1;B01
201300022431;0;7;0;15;2;2;15;A01
201300022432;0;7;0;0;2;1;16;A01
201300022432;0;30;0;0;2;8;1;B01
201300022433;0;2;0;0;2;1;17;B01
201300022433;0;7;0;0;2;8;15;A01
201300022434;0;7;0;0;2;4;1;B01
201300022434;0;7;0;0;2;1;1;A01
201300022435;0;31;0;0;2;3;1;B01
201300022435;0;32;0;0;2;1;18;A01
201300022436;0;7;0;0;2;3;1;B01
201300022436;0;7;0;0;2;4;20;A01
201300022437;0;7;0;0;2;8;9;A01
201300022437;0;10;0;0;2;3;1;B01
201300022438;0;7;0;0;1;1;1;A01
201300022439;0;31;0;13;0;1;0;A01
201300022440;0;7;0;0;2;1;1;B01
201300022440;0;33;0;0;2;1;1;A01
201300022441;0;32;0;0;6;1;1;A01
201300022442;0;7;0;0;2;0;0;B01
201300022442;0;7;0;0;2;5;0;A01
201300022443;0;34;0;0;2;0;0;B01
201300022443;0;7;0;0;2;0;0;A01
201300022444;0;7;0;0;2;3;0;B01
201300022444;1;33;0;0;2;0;1;A01
201300022445;0;7;0;0;2;1;1;A01
201300022445;0;7;0;0;2;4;1;D01
201300022445;0;7;0;0;2;4;1;B01
201300022445;0;7;0;0;2;4;1;C01
201300022446;0;7;0;8;0;1;1;A01
201300022447;0;32;0;0;2;7;0;B01
201300022447;0;1;0;0;2;1;15;A01
201300022448;0;33;0;8;0;1;1;A01
201300022449;0;7;0;0;2;2;15;A01
201300022449;0;2;0;0;2;1;1;B01
201300022450;0;7;0;0;2;6;1;B01
201300022450;0;33;0;0;2;1;1;A01
201300022451;0;7;0;0;2;3;1;A01
201300022451;0;7;0;0;2;5;1;B01
201300022452;0;33;0;0;2;1;1;B01
201300022452;0;7;0;0;2;2;15;A01
201300022453;0;7;0;0;0;6;1;B01
201300022453;0;7;0;0;2;1;2;A01
201300022454;0;7;0;0;2;3;9;B01
201300022454;0;7;0;0;2;6;15;A01
201300022455;1;7;0;0;2;1;1;A01
201300022455;0;7;0;0;2;8;1;B01
201300022456;0;7;0;0;0;4;1;D01
201300022456;0;7;0;0;2;4;2;C01
201300022456;0;7;0;0;2;4;2;B01
201300022456;0;7;0;0;2;3;2;A01
201300022457;0;7;0;0;2;3;15;A01
201300022457;0;33;0;0;2;8;1;B01
201300022458;0;7;0;0;2;1;15;A01
201300022458;0;7;0;0;2;3;1;B01
201300022459;0;2;0;0;1;8;1;A01
201300022460;0;7;0;0;2;1;0;B01
201300022460;0;7;0;0;2;1;1;A01
201300022461;0;33;0;0;2;1;1;B01
201300022461;0;7;0;0;2;3;15;A01
201300022462;0;7;0;0;1;3;15;A01
201300022463;0;7;0;0;2;7;15;A01
201300022463;0;33;0;0;2;0;1;B01
201300022464;1;10;0;0;2;1;1;A01
201300022464;0;7;0;0;2;4;1;B01
201300022465;0;33;0;0;2;1;1;B01
201300022465;0;7;0;0;2;5;19;A01
201300022466;0;7;0;0;2;2;1;A01
201300022466;0;7;0;0;2;1;16;B01
201300022467;0;7;0;0;2;1;1;A01
201300022467;0;7;0;0;2;4;1;B01
201300022468;0;7;0;0;2;1;1;A01
201300022468;0;7;0;0;2;1;1;B01
201300022469;0;34;0;0;2;8;1;B01
201300022469;0;7;0;0;2;7;12;A01
201300022470;0;7;0;0;2;2;1;A01
201300022470;0;33;0;0;2;1;1;B01
201300022471;0;32;0;2;0;1;14;A01
201300022472;0;7;0;0;2;1;15;A01
201300022472;0;7;0;0;2;3;1;B01
201300022473;0;7;0;0;2;4;2;B01
201300022473;0;30;0;0;2;1;0;A01
201300022474;0;7;0;0;1;1;1;A01
201300022475;0;7;0;0;2;4;1;B01
201300022475;0;14;0;0;0;1;1;A01
201300022475;0;7;0;3;0;7;21;D01
201300022475;0;7;0;0;2;4;1;C01
201300022476;0;7;0;0;2;2;1;B01
201300022476;0;7;0;0;2;7;15;A01
201300022477;0;7;0;0;2;2;0;B01
201300022477;0;31;0;0;2;1;0;A01
201300022478;0;7;0;8;0;1;0;A01
201300022479;0;7;0;0;0;4;1;B01
201300022479;0;2;0;0;2;1;2;A01
201300022480;0;7;0;0;2;3;1;A01
201300022480;0;7;0;0;0;7;15;B01
201300022481;0;7;0;0;1;4;4;A01
201300022482;0;7;0;0;0;7;1;A01
201300022482;0;2;0;0;2;1;1;B01
201300022483;0;33;0;0;2;1;17;A01
201300022483;0;7;0;0;2;1;1;B01
201300022484;0;7;0;0;2;1;1;A01
201300022484;0;7;0;0;0;7;0;C01
201300022484;0;7;0;0;2;4;2;B01
201300022485;0;7;0;0;2;3;1;B01
201300022485;0;7;0;0;2;2;1;A01
201300022486;0;7;0;0;2;1;1;A01
201300022486;0;7;0;0;2;2;15;B01
201300022487;1;7;0;0;2;0;1;A01
201300022487;0;37;3;0;2;2;1;B01
201300022488;0;30;0;14;0;1;1;A01
201300022489;0;7;0;0;2;1;15;B01
201300022489;0;1;0;0;2;1;1;A01
201300022490;0;1;0;0;2;8;19;A01
201300022490;0;33;0;0;9;7;1;B01
201300022491;0;7;0;0;2;3;15;A01
201300022491;0;30;0;0;2;0;1;B01
201300022492;0;7;0;0;0;7;1;A01
201300022493;0;7;0;0;2;3;1;B01
201300022493;0;7;0;0;2;1;13;A01
201300022494;0;7;0;0;2;1;1;B01
201300022494;0;7;0;15;2;1;13;A01
201300022495;0;7;0;0;1;0;15;A01
201300022496;0;7;0;12;0;6;1;B01
201300022496;0;7;0;12;2;0;13;A01
201300022497;0;10;0;0;2;4;4;A01
201300022497;0;1;0;0;2;1;1;B01
201300022498;0;7;0;0;2;1;1;A01
201300022498;0;10;0;0;0;6;1;C01
201300022498;0;7;0;0;2;4;1;B01
201300022499;0;7;0;0;2;2;1;A01
201300022499;1;10;0;0;2;8;15;B01
201300022500;0;7;0;0;0;1;1;A01
201300022501;0;7;0;13;0;1;1;A01
201300022502;0;7;0;0;2;8;1;B01
201300022502;0;7;0;0;2;4;4;A01
201300022503;0;7;0;0;2;8;1;B01
201300022503;0;7;0;0;2;3;1;C01
201300022503;0;7;0;0;2;3;13;A01
201300022504;0;7;0;1;0;2;14;A01
201300022505;0;7;0;1;2;2;1;A01
201300022505;0;7;0;0;2;1;1;B01
201300022506;0;7;0;6;0;1;14;A01
201300022507;0;7;0;0;2;4;2;B01
201300022507;0;7;0;0;2;1;2;A01
201300022508;0;7;0;0;2;8;11;A01
201300022508;0;7;0;0;2;2;1;B01
201300022509;1;7;0;0;2;2;19;A01
201300022509;0;2;0;0;2;8;1;B01
201300022510;0;7;0;0;1;2;9;A01
201300022511;0;7;0;0;2;6;1;C01
201300022511;0;7;0;0;2;0;1;B01
201300022511;0;7;0;0;2;3;20;A01
201300022512;0;7;0;1;0;1;13;A01
201300022513;0;7;0;0;2;1;1;A01
201300022513;0;1;0;0;2;1;5;B01
201300022514;0;7;0;0;1;1;16;A01
201300022515;0;7;0;0;1;1;1;A01
201300022516;0;7;0;0;2;3;15;B01
201300022516;0;33;0;0;2;2;17;A01
201300022517;0;7;0;0;1;2;1;A01
201300022518;0;7;0;1;0;3;2;A01
201300022518;0;7;0;0;0;5;24;B01
201300022519;0;7;0;12;0;2;14;A01
201300022520;0;1;0;1;0;1;1;B01
201300022520;0;7;0;0;2;8;22;A01
201300022521;0;7;0;0;1;3;1;A01
201300022522;0;7;0;0;1;4;4;A01
201300022523;0;2;0;1;1;1;1;A01
201300022524;0;7;0;0;2;3;9;A01
201300022524;0;7;0;0;2;2;1;B01
201300022525;0;7;0;0;1;2;1;A01
201300022526;0;7;0;0;2;2;1;B01
201300022526;0;31;0;0;2;7;17;A01
201300022527;0;7;0;0;2;2;1;B01
201300022527;1;7;0;0;2;0;0;A01
201300022528;0;7;0;0;2;2;15;A01
201300022528;0;10;0;0;2;1;1;B01
201300022529;0;7;0;0;2;1;1;A01
201300022529;0;7;0;0;2;4;1;C01
201300022529;0;7;0;0;2;4;1;B01
201300022530;0;7;0;0;1;2;1;A01
201300022531;0;7;0;6;0;1;1;A01
201300022532;1;7;0;0;2;0;0;A01
201300022532;0;7;0;8;0;0;0;B01
201300022533;0;7;0;0;2;2;1;B01
201300022533;0;7;0;0;2;1;9;A01
201300022534;0;7;0;0;2;1;5;A01
201300022534;0;10;0;0;2;1;1;B01
201300022535;0;14;0;0;2;4;1;A01
201300022535;0;7;0;0;2;4;1;B01
201300022536;0;7;0;0;2;3;13;A01
201300022536;0;2;0;0;2;1;17;B01
201300022537;0;7;0;0;2;4;1;C01
201300022537;0;7;0;0;2;4;1;B01
201300022537;0;7;0;0;2;1;1;A01
201300022538;0;7;0;0;2;1;1;A01
201300022538;0;7;0;1;0;8;1;B01
201300022539;0;7;0;0;2;1;1;A01
201300022539;0;7;0;0;2;4;1;B01
201300022540;0;7;0;0;0;4;2;B01
201300022540;0;10;0;0;2;1;1;A01
201300022541;1;7;0;0;1;2;1;A01
201300022542;0;7;0;0;2;8;15;B01
201300022542;0;32;0;0;2;1;17;A01
201300022543;0;7;0;0;2;4;1;B01
201300022543;0;7;0;0;2;1;1;A01
201300022543;0;38;1;0;2;4;1;C01
201300022544;0;7;0;0;0;7;1;B01
201300022544;0;7;0;0;2;1;1;A01
201300022545;0;30;0;0;2;1;1;B01
201300022545;0;7;0;0;2;1;15;A01
201300022546;0;7;0;0;2;2;9;A01
201300022546;0;1;0;0;2;0;1;B01
201300022547;1;7;0;0;2;4;4;A01
201300022547;0;7;0;0;2;3;1;B01
201300022548;0;7;0;0;0;4;23;B01
201300022548;0;7;0;0;2;1;1;A01
201300022549;0;7;0;0;2;1;1;B01
201300022549;0;31;0;0;2;1;0;A01
201300022550;0;7;0;0;2;1;1;B01
201300022550;0;7;0;0;2;1;1;A01
201300022551;0;7;0;0;2;7;22;B01
201300022551;0;7;0;0;2;8;1;C01
201300022551;0;32;0;0;2;1;1;A01
201300022552;0;2;0;0;2;1;1;B01
201300022552;0;7;0;0;2;7;1;A01
201300022553;0;7;0;0;2;1;1;B01
201300022553;0;7;0;0;2;1;13;A01
201300022554;0;10;0;0;0;0;0;B01
201300022554;0;7;0;0;2;1;15;A01
201300022555;0;33;0;0;1;1;1;A01
201300022556;0;7;0;0;2;8;15;B01
201300022556;0;3;0;0;2;1;1;A01
201300022557;0;15;0;0;2;3;2;B01
201300022557;0;7;0;0;2;8;13;A01
201300022558;0;33;0;0;2;1;1;B01
201300022558;0;7;0;0;2;3;15;A01
201300022559;0;2;0;8;0;1;1;A01
201300022560;0;7;0;0;1;1;1;A01
201300022561;0;33;0;0;0;7;1;A01
201300022562;0;7;0;13;0;3;1;A01
201300022563;0;7;0;13;0;1;1;A01
201300022564;0;7;0;0;0;1;1;A01
201300022564;0;7;0;0;0;1;1;B02
201300022565;0;7;0;2;0;1;1;A01
201300022566;0;7;0;2;0;1;1;A01
201300022567;0;7;0;0;2;3;1;B02
201300022567;0;33;0;0;2;3;13;A01
201300022568;0;7;0;0;1;2;1;A01
201300022569;0;10;0;0;2;3;1;A01
201300022569;0;7;0;0;2;8;1;B02
201300022570;0;7;0;0;0;1;13;A01
201300022570;0;7;0;0;0;1;1;C03
201300022570;0;7;0;0;0;8;1;B02
201300022571;0;36;0;13;9;9;1;A01
201300022572;0;7;0;0;2;3;1;B02
201300022572;0;30;0;0;2;2;1;A01
201300022573;0;10;0;0;1;3;1;A01
201300022574;0;7;0;0;2;1;1;B02
201300022574;0;38;1;0;2;2;19;A01
201300022575;0;7;0;0;2;1;1;B02
201300022575;0;7;0;0;2;2;15;A01
201300022576;0;7;0;0;2;3;1;B02
201300022576;0;7;0;0;0;3;13;A01
201300022577;0;7;0;0;2;3;13;A01
201300022577;0;15;0;0;2;3;21;B02
201300022578;0;33;0;0;2;1;1;B02
201300022578;0;7;0;0;0;4;1;A01
201300022579;0;7;0;0;2;2;1;A01
201300022579;0;7;0;0;2;3;15;B02
201300022580;0;7;0;0;2;2;1;A01
201300022580;0;7;0;0;2;2;13;B02
201300022581;0;7;0;16;0;1;1;A01
201300022582;0;7;0;2;0;1;14;A01
201300022583;0;31;0;14;0;2;17;A01
201300022584;0;7;0;0;2;3;10;A01
201300022584;0;2;0;0;2;1;1;B02
201300022585;0;17;0;0;0;0;2;B02
201300022585;0;7;0;0;2;1;2;A01
201300022586;0;7;0;4;2;9;14;A01
201300022586;0;17;0;0;2;3;11;B02
201300022587;0;7;0;1;0;4;4;A01
201300022587;0;7;0;0;0;6;24;B02
201300022588;0;10;0;0;2;2;13;A01
201300022588;0;17;0;0;0;6;1;B02
201300022589;1;10;0;0;2;8;11;A01
201300022589;0;7;0;3;2;7;1;B02
201300022590;0;33;0;6;0;9;1;A01
201300022591;0;7;0;3;2;2;14;A01
201300022591;0;17;0;0;0;5;1;B02
201300022592;0;33;0;0;2;1;1;A01
201300022592;0;7;0;0;2;3;15;B02
201300022593;0;7;0;4;0;2;15;A01
201300022594;0;7;0;13;0;1;14;A01
201300022595;0;7;0;0;2;7;1;A01
201300022595;0;7;0;0;2;1;0;B02
201300022596;0;7;0;0;2;1;17;A01
201300022596;0;1;0;0;2;1;14;B02
201300022597;0;33;0;0;2;8;1;A01
201300022597;0;7;0;0;2;8;1;B02
201300022598;0;7;0;12;2;5;1;A01
201300022598;0;10;0;0;2;3;19;B02
201300022599;0;1;0;0;0;0;1;A01
201300022600;0;7;0;0;2;7;19;A01
201300022600;0;7;0;9;2;1;1;B02
201300022601;0;7;0;0;2;1;1;A01
201300022601;0;7;0;0;2;3;1;B02
201300022602;0;7;0;0;2;3;13;A01
201300022602;0;7;0;0;2;3;1;B02
201300022603;0;31;0;8;0;8;1;A01
201300022604;0;7;0;0;2;1;2;A01
201300022604;0;17;0;0;0;4;2;B02
201300022605;0;33;0;6;0;2;1;A01
201300022606;0;33;0;0;2;6;2;A01
201300022606;0;7;0;0;2;2;14;B02
201300022606;0;7;0;4;0;3;21;C03
201300022606;0;10;0;0;0;0;16;D04
201300022607;0;7;0;0;2;1;0;A01
201300022607;0;7;0;0;2;4;0;B02
201300022608;0;7;0;0;1;2;2;A01
201300022609;0;2;0;0;2;1;1;A01
201300022609;0;7;0;0;2;4;23;B02
201300022610;0;10;0;0;2;2;1;A01
201300022610;0;17;0;0;0;6;1;B02
201300022611;0;33;0;13;0;8;1;A01
201300022612;0;99;0;0;2;3;21;B01
201300022612;0;1;0;0;9;1;14;A02
201300022613;0;33;0;0;9;3;2;A01
201300022613;0;2;0;0;0;4;2;B02
201300022614;0;10;0;0;2;1;19;A01
201300022614;0;7;0;0;0;1;1;B02
201300022615;0;15;0;0;2;4;1;B02
201300022615;0;7;0;0;2;1;12;A01
201300022616;0;7;0;4;0;1;13;A01
201300022617;0;7;0;0;2;1;17;A01
201300022617;0;7;0;0;2;3;15;B02
201300022618;0;7;0;0;2;2;13;A01
201300022618;0;7;0;0;2;1;1;B02
201300022618;0;10;0;0;2;2;21;C03
201300022619;0;17;0;6;0;1;14;A01
201300022620;0;7;0;0;2;1;15;A01
201300022620;0;10;0;0;2;1;2;B02
201300022621;0;7;0;0;0;4;2;A01
201300022621;0;17;0;1;0;1;2;B02
201300022622;0;7;0;0;2;6;23;A01
201300022622;0;10;0;0;1;2;1;B02
201300022622;0;7;0;0;2;2;2;C03
201300022623;0;7;0;6;0;1;0;A01
201300022624;0;33;0;12;0;1;1;A01
201300022625;0;10;0;0;0;4;2;B02
201300022625;0;33;0;0;2;1;2;A01
201300022626;0;7;0;6;0;7;1;A01
201300022627;0;2;0;0;2;6;11;B02
201300022627;0;7;0;0;2;2;1;A01
201300022628;0;7;0;2;0;8;1;A01
201300022629;0;7;0;0;2;1;15;A01
201300022629;0;7;0;0;2;1;1;B02
201300022630;0;7;0;0;2;1;13;A01
201300022630;0;7;0;0;2;1;1;B02
201300022631;0;7;0;0;1;1;1;A01
201300022632;0;7;0;0;2;1;1;B02
201300022632;0;7;0;0;2;8;19;A01
201300022633;0;7;0;8;0;1;19;A01
201300022634;0;2;0;0;2;7;1;B02
201300022634;0;7;0;0;2;3;1;A01
201300022635;0;7;0;0;2;7;15;A01
201300022635;0;10;0;0;2;1;1;B02
201300022636;0;7;0;0;0;7;1;A01
201300022637;0;7;0;8;0;7;1;A01
201300022638;0;7;0;0;1;1;1;A01
201300022639;0;7;0;0;2;3;1;C03
201300022639;0;7;0;0;2;3;13;A01
201300022639;0;7;0;0;2;3;1;B02
201300022640;0;7;0;0;2;2;1;A01
201300022640;0;33;0;0;2;1;1;B02
201300022641;0;7;0;0;2;1;1;A01
201300022641;0;1;0;0;0;4;2;B02
201300022641;0;1;0;0;0;4;2;C03
201300022642;0;7;0;0;2;1;5;A01
201300022642;0;7;0;0;2;1;1;B02
201300022643;0;7;0;0;1;2;1;A01
201300022644;0;30;0;0;2;1;1;A01
201300022645;0;7;0;2;0;1;2;A01
201300022646;0;7;0;0;2;6;15;B02
201300022646;0;30;0;0;2;1;2;A01
201300022647;0;14;0;0;2;4;1;B02
201300022647;0;7;0;0;9;1;0;C03
201300022647;0;31;0;0;2;1;1;A01
201300022648;0;33;0;0;2;1;1;B02
201300022648;0;7;0;0;2;8;9;A01
201300022649;0;2;0;0;2;8;18;B02
201300022649;0;7;0;0;2;2;16;A01
201300022650;0;7;0;2;0;1;13;A01
201300022651;0;33;0;0;2;7;17;A01
201300022651;0;7;0;0;2;8;1;B02
201300022652;0;7;0;0;2;2;15;B02
201300022652;0;33;0;0;2;4;1;A01
201300022653;0;10;0;0;0;4;0;A01
201300022653;0;7;0;0;2;1;2;B01
201300022653;0;7;0;0;2;1;2;C01
201300022654;0;7;0;0;2;1;19;A01
201300022654;0;7;0;0;2;5;0;B01
201300022655;0;7;0;0;2;4;2;B01
201300022655;0;10;0;0;2;1;2;A01
201300022656;0;7;0;12;0;3;1;A01
201300022657;0;7;0;0;0;3;1;A01
201300022658;0;7;0;8;0;2;14;A01
201300022659;0;7;0;0;2;1;2;A01
201300022659;0;7;0;0;2;4;2;B01
201300022660;0;7;0;0;2;4;2;C01
201300022660;0;7;0;0;2;1;2;B01
201300022660;0;7;0;0;2;1;2;A01
201300022661;0;7;0;0;2;1;2;A01
201300022661;0;7;0;0;0;4;2;B01
201300022662;0;7;0;0;2;3;1;A01
201300022662;0;7;0;0;2;1;2;B01
201300022663;0;7;0;0;0;0;0;A01
201300022664;0;7;0;0;2;6;15;A01
201300022664;0;30;0;0;2;1;11;B01
201300022665;0;7;0;16;0;9;1;A01
201300022666;0;7;0;11;0;1;2;A01
201300022667;0;7;0;0;2;2;0;B01
201300022667;0;7;0;0;2;7;15;A01
201300022668;0;7;0;1;2;6;0;B01
201300022668;0;7;0;1;0;2;0;A01
201300022669;0;7;0;8;0;1;1;A01
201300022670;0;7;0;13;0;2;0;A01
201300022671;0;7;0;0;2;4;2;B01
201300022671;0;2;0;0;2;1;2;A01
201300022672;0;7;0;8;0;1;1;A01
201300022673;0;13;0;0;2;2;2;A01
201300022673;0;15;0;0;2;3;2;B01
201300022674;0;7;0;0;2;1;2;A01
201300022674;0;7;0;0;2;4;2;C01
201300022674;0;7;0;0;2;4;2;B01
201300022675;0;36;0;0;2;3;1;A01
201300022675;0;7;0;0;2;6;15;B01
201300022676;0;33;0;0;2;1;2;A01
201300022676;0;7;0;0;2;4;15;B01
201300022677;0;7;0;0;0;1;1;A01
201300022678;0;15;0;0;1;5;1;A01
201300022679;0;7;0;16;0;9;1;A01
201300022680;0;7;0;13;0;1;0;A01
201300022681;0;10;0;0;2;1;5;A01
201300022681;0;7;0;0;2;3;1;B01
201300022682;0;7;0;16;0;1;0;A01
201300022683;0;7;0;11;0;1;2;A01
201300022684;0;7;0;0;2;3;20;A01
201300022684;0;30;0;0;2;2;1;B01
201300022685;0;7;0;0;1;1;15;A01
201300022686;0;10;0;0;1;3;19;A01
201300022687;0;1;0;0;2;1;15;B01
201300022687;0;7;0;0;9;3;1;A01
201300022688;0;10;0;13;0;2;1;A01
201300022689;0;7;0;15;0;7;1;A01
201300022690;0;10;0;6;1;4;24;A01
201300022691;0;7;0;0;2;2;17;A01
201300022691;0;7;0;0;2;8;15;B02
201300022692;0;33;0;9;0;9;1;A01
201300022693;1;7;0;0;1;0;0;Z01
201300022694;0;7;0;0;2;3;15;A01
201300022694;0;31;0;0;2;1;1;B01
201300022695;0;32;0;0;2;8;18;B01
201300022695;0;7;0;0;2;2;16;A01
201300022696;0;7;0;0;2;1;13;A01
201300022696;0;7;0;0;2;1;1;B01
201300022697;0;7;0;0;2;0;0;B01
201300022697;0;7;0;0;0;0;0;A01
201300022698;0;7;0;0;0;0;0;A01
201300022699;1;7;0;0;1;0;1;Z01
201300022700;0;7;0;0;2;0;0;B01
201300022700;0;32;0;0;2;0;0;A01
201300022701;0;33;0;0;2;0;0;B01
201300022701;0;7;0;0;2;3;0;A01
201300022702;0;7;0;0;2;1;15;A01
201300022702;0;7;0;0;2;1;1;B01
201300022703;0;7;0;0;2;4;2;D01
201300022703;0;7;0;0;2;1;2;A01
201300022703;0;7;0;0;2;9;2;C01
201300022703;0;7;0;0;2;9;2;B01
201300022704;0;7;0;4;0;1;1;A01
201300022705;0;32;0;4;0;9;0;A01
201300022706;0;7;0;0;2;0;0;B01
201300022706;0;34;0;0;2;0;0;A01
201300022707;0;7;0;0;0;3;16;A01
201300022708;0;7;0;0;2;1;12;A01
201300022708;0;7;0;0;2;9;1;B01
201300022708;0;7;0;0;2;4;2;C01
201300022709;0;7;0;0;1;1;1;A01
201300022710;0;7;0;0;1;1;2;A01
201300022711;0;7;0;0;0;0;0;A01
201300022712;0;7;0;0;1;1;2;A01
201300022713;0;32;0;0;0;0;0;A01
201300022713;0;7;0;0;0;0;0;B01
201300022714;0;7;0;0;0;0;0;C01
201300022714;0;7;0;0;0;0;0;B01
201300022714;0;7;0;0;0;0;0;A01
201300022715;0;7;0;0;1;3;1;A01