num_acc;senc;catv;occutc;obs;obsm;choc;manv;num_veh
201300022716;0;7;0;0;1;2;1;A01
201300022717;0;7;0;0;1;1;15;A01
201300022718;0;7;0;0;0;0;0;A01
201300022718;0;31;0;0;2;0;0;B01
201300022719;0;7;0;0;2;1;0;A01
201300022719;0;30;0;0;2;0;0;B01
201300022720;0;7;0;0;1;1;16;A01
201300022721;0;33;0;0;2;0;0;B01
201300022721;0;7;0;0;2;1;0;A01
201300022722;0;1;0;0;2;0;0;A01
201300022722;0;37;1;0;2;1;0;B01
201300022723;0;7;0;0;1;1;0;A01
201300022724;0;7;0;0;0;0;0;B01
201300022724;0;7;0;0;0;0;0;A01
201300022725;0;7;0;0;2;4;15;A01
201300022725;0;33;0;0;2;1;1;B01
201300022726;0;7;0;0;0;0;0;A01
201300022727;0;7;0;0;2;1;1;B01
201300022727;0;7;0;0;2;1;5;A01
201300022728;0;1;0;0;2;4;1;A01
201300022728;2;33;0;0;2;9;2;Z01
201300022729;0;7;0;0;2;0;0;A01
201300022729;0;7;0;0;0;0;0;B01
201300022730;0;7;0;1;2;5;1;A01
201300022730;1;7;0;0;2;1;0;Z01
201300022731;0;32;0;0;2;5;16;A01
201300022731;0;7;0;0;2;5;16;B01
201300022732;0;7;0;0;1;1;1;A01
201300022733;0;7;0;0;2;4;23;B01
201300022733;0;7;0;0;2;1;2;A01
201300022734;0;32;0;0;2;1;1;A01
201300022734;0;7;0;0;2;5;1;B01
201300022735;0;7;0;0;2;1;1;A01
201300022735;0;7;0;0;2;4;1;C01
201300022735;0;7;0;0;2;4;1;B01
201300022736;0;7;0;0;2;4;2;B01
201300022736;0;7;0;0;2;1;2;A01
201300022737;0;33;0;1;0;7;18;A01
201300022738;0;31;0;1;0;1;7;A01
201300022739;0;7;0;0;1;0;0;A01
201300022740;1;7;0;0;2;1;13;Z01
201300022740;0;7;0;0;2;1;1;B01
201300022741;0;14;0;0;9;7;21;A01
201300022742;0;7;0;0;2;1;1;B01
201300022742;0;7;0;0;2;3;13;A01
201300022743;0;10;0;0;2;3;2;A01
201300022743;0;7;0;0;2;4;2;B01
201300022744;0;32;0;0;2;1;1;B01
201300022744;0;7;0;0;2;3;10;A01
201300022745;0;7;0;0;1;0;0;A01
201300022746;0;7;0;0;0;0;0;A01
201300022746;0;10;0;0;2;0;0;B01
201300022747;0;32;0;0;2;1;1;A01
201300022747;0;7;0;0;2;2;2;B01
201300022748;0;7;0;0;2;4;2;B01
201300022748;0;37;1;0;2;1;2;A01
201300022749;0;7;0;0;1;4;4;A01
201300022750;0;33;0;0;2;1;1;B01
201300022750;0;7;0;0;2;8;15;A01
201300022750;0;7;0;0;2;1;1;C01
201300022751;0;7;0;0;1;0;0;A01
201300022752;0;30;0;3;0;1;13;A01
201300022753;0;1;0;0;1;1;0;A01
201300022754;0;33;0;16;0;0;0;A01
201300022755;0;7;0;0;2;2;1;B01
201300022755;0;7;0;0;2;1;13;A01
201300022756;0;32;0;0;2;0;1;B01
201300022756;0;1;0;0;2;0;13;A01
201300022757;0;7;0;4;0;5;5;A01
201300022758;0;10;0;0;9;1;1;A01
201300022759;0;7;0;0;2;0;0;B01
201300022759;0;1;0;0;0;0;0;A01
201300022760;0;7;0;0;2;0;0;A01
201300022760;0;33;0;0;2;0;0;B01
201300022761;0;7;0;0;2;3;0;A01
201300022761;0;33;0;0;2;1;0;B01
201300022762;0;13;0;0;2;4;17;A01
201300022762;0;7;0;0;2;9;2;B01
201300022763;0;7;0;0;1;4;20;A01
201300022764;0;7;0;0;2;9;2;B01
201300022764;0;7;0;0;0;0;2;C01
201300022764;0;7;0;0;2;1;2;A01
201300022765;0;7;0;0;2;7;2;B01
201300022765;0;33;0;0;2;7;0;A01
201300022766;0;7;0;5;0;8;13;A01
201300022767;0;7;0;0;2;1;0;A01
201300022767;0;7;0;0;2;9;1;B01
201300022768;0;7;0;0;2;2;0;A01
201300022768;0;1;0;0;2;4;1;B01
201300022769;0;7;0;0;1;3;1;A01
201300022770;1;7;0;0;1;0;0;Z01
201300022771;0;7;0;0;1;0;0;A01
201300022772;0;7;0;0;0;0;0;A01
201300022772;0;30;0;0;0;0;0;B01
201300022773;0;33;0;0;2;0;0;B01
201300022773;0;7;0;0;2;0;0;A01
201300022774;0;33;0;0;2;1;1;B01
201300022774;0;7;0;0;2;1;15;A01
201300022775;0;7;0;0;1;0;0;A01
201300022776;0;33;0;0;2;4;2;B01
201300022776;0;7;0;0;2;1;1;A01
201300022777;0;7;0;0;0;0;0;A01
201300022777;0;7;0;0;0;0;0;B01
201300022777;0;7;0;0;2;0;0;D01
201300022777;0;7;0;0;2;0;0;C01
201300022778;1;7;0;0;2;0;15;A01
201300022778;0;1;0;0;2;8;1;B01
201300022779;0;7;0;0;1;1;1;A01
201300022780;0;33;0;0;2;1;1;B01
201300022780;0;7;0;0;2;2;15;A01
201300022781;0;7;0;0;1;1;1;A01
201300022782;0;7;0;0;2;1;2;A01
201300022782;0;7;0;0;2;4;2;B01
201300022783;0;7;0;0;2;1;2;A01
201300022783;0;10;0;0;2;4;2;B01
201300022784;0;37;1;0;2;0;0;C01
201300022784;0;14;0;0;2;0;0;A01
201300022784;0;7;0;0;2;0;0;B01
201300022785;0;33;0;0;2;1;3;A01
201300022785;0;7;0;0;2;5;1;B01
201300022786;0;7;0;0;2;8;2;A01
201300022786;0;2;0;0;2;0;0;B01
201300022787;0;1;0;0;2;0;0;B01
201300022787;0;1;0;0;2;1;0;A01
201300022788;0;7;0;0;2;4;2;B01
201300022788;0;30;0;0;2;1;2;A01
201300022789;0;33;0;0;2;1;2;A01
201300022789;0;7;0;0;2;5;14;B01
201300022790;0;7;0;0;2;1;0;B01
201300022790;0;1;0;0;2;0;0;A01
201300022791;2;7;0;0;2;8;13;Z01
201300022791;0;32;0;0;2;1;17;B01
201300022792;0;7;0;0;1;1;0;A01
201300022793;0;7;0;0;1;1;16;A01
201300022794;0;30;0;0;2;1;9;B01
201300022794;0;7;0;0;2;0;0;A01
201300022795;0;33;0;0;2;1;1;B01
201300022795;0;7;0;0;2;2;5;A01
201300022796;0;7;0;0;2;1;0;B01
201300022796;0;34;0;0;2;1;0;A01
201300022797;0;7;0;0;1;1;0;A01
201300022798;0;37;1;0;1;1;1;A01
201300022799;0;33;0;0;2;1;2;A01
201300022799;0;33;0;0;2;5;2;B01
201300022800;0;33;0;0;2;1;3;B01
201300022800;0;7;0;0;2;3;9;A01
201300022801;0;33;0;0;2;1;0;B01
201300022801;0;7;0;0;0;0;0;A01
201300022802;0;7;0;0;1;0;0;A01
201300022803;0;7;0;0;2;3;15;B01
201300022803;0;31;0;0;2;1;1;A01
201300022804;0;7;0;0;2;0;0;A01
201300022804;0;33;0;0;0;0;0;B01
201300022805;0;10;0;0;2;1;13;A01
201300022805;0;7;0;0;2;8;15;B01
201300022806;0;7;0;0;2;1;0;A01
201300022806;0;7;0;0;2;4;23;B01
201300022806;0;7;0;0;2;0;0;C01
201300022807;0;30;0;0;2;0;0;A01
201300022807;0;7;0;0;0;0;0;B01
201300022808;0;31;0;0;2;2;1;B01
201300022808;0;7;0;0;2;1;9;A01
201300022809;0;33;0;0;2;3;0;B01
201300022809;0;7;0;0;2;1;0;A01
201300022810;0;1;0;0;2;1;1;B01
201300022810;0;7;0;0;2;8;1;A01
201300022811;0;3;0;0;1;1;1;A01
201300022812;0;7;0;0;2;0;0;B01
201300022812;0;32;0;0;0;0;0;A01
201300022813;0;7;0;0;1;0;0;A01
201300022814;0;7;0;0;1;0;0;A01
201300022815;0;30;0;0;2;1;1;A01
201300022815;0;7;0;0;2;2;15;B01
201300022816;0;7;0;0;0;0;0;B01
201300022816;0;7;0;0;2;0;0;A01
201300022817;0;7;0;6;0;1;13;A01
201300022818;0;7;0;0;2;1;2;A01
201300022818;0;7;0;0;2;4;2;C01
201300022818;0;7;0;0;2;4;2;B01
201300022819;0;7;0;0;1;0;0;A01
201300022820;0;7;0;0;2;1;2;A01
201300022820;0;1;0;0;2;1;21;B01
201300022821;0;7;0;0;2;0;0;A01
201300022821;0;32;0;0;2;0;0;B01
201300022822;0;7;0;0;0;9;0;A01
201300022823;0;14;0;0;2;1;2;C01
201300022823;0;7;0;0;2;4;2;B01
201300022823;0;7;0;0;2;4;2;A01
201300022824;0;2;0;0;2;6;0;A01
201300022824;0;7;0;0;2;2;2;B01
201300022825;0;1;0;0;2;1;2;B01
201300022825;0;7;0;0;2;0;9;A01
201300022826;0;10;0;0;2;3;1;B01
201300022826;0;7;0;0;2;1;13;A01
201300022827;1;7;0;0;2;0;0;Z01
201300022827;0;30;0;0;2;1;1;A01
201300022828;0;7;0;0;1;1;1;A01
201300022829;0;33;0;0;0;0;0;B01
201300022829;0;7;0;0;0;0;0;A01
201300022830;0;7;0;0;1;1;1;A01
201300022831;0;7;0;0;2;9;5;A01
201300022831;0;13;0;0;2;1;2;C01
201300022831;0;10;0;0;2;9;2;B01
201300022832;0;7;0;0;0;0;0;B01
201300022832;0;7;0;0;2;0;0;A01
201300022833;0;7;0;0;2;0;0;B01
201300022833;0;33;0;0;2;0;0;A01
201300022834;0;7;0;0;1;0;0;A01
201300022835;0;10;0;0;2;0;1;C01
201300022835;0;7;0;0;2;0;11;A01
201300022835;0;7;0;0;2;0;1;B01
201300022836;0;7;0;0;2;1;1;B01
201300022836;0;7;0;0;2;1;13;A01
201300022837;0;15;0;0;2;1;1;B01
201300022837;0;7;0;0;2;9;11;A01
201300022838;0;7;0;0;2;0;0;B01
201300022838;0;7;0;0;2;0;0;A01
201300022839;0;7;0;0;1;1;0;A01
201300022840;0;15;0;0;2;6;1;B01
201300022840;0;7;0;0;2;2;14;A01
201300022841;2;7;0;0;2;1;13;Z01
201300022841;0;7;0;0;2;9;2;B01
201300022842;0;1;0;0;2;0;0;C01
201300022842;0;7;0;0;2;2;16;B01
201300022842;0;32;0;0;2;3;1;A01
201300022843;0;7;0;0;2;0;0;B01
201300022843;0;7;0;0;2;0;0;A01
201300022844;0;7;0;0;2;8;1;B01
201300022844;0;7;0;0;2;1;5;A01
201300022845;0;33;0;0;2;1;0;B01
201300022845;0;7;0;0;2;7;15;A01
201300022846;0;32;0;0;1;0;0;A01
201300022847;0;7;0;4;0;0;1;A01
201300022848;0;7;0;10;2;9;1;A01
201300022848;0;7;0;0;2;1;1;B01
201300022849;0;7;0;0;2;2;1;C01
201300022849;0;33;0;0;2;9;1;A01
201300022849;0;7;0;0;2;4;1;B01
201300022850;0;7;0;0;2;9;2;B01
201300022850;0;7;0;0;2;1;2;A01
201300022850;0;7;0;0;2;4;2;C01
201300022851;0;1;0;0;2;0;0;B01
201300022851;0;37;1;0;2;0;0;A01
201300022852;0;33;0;0;2;8;8;A01
201300022852;0;7;0;0;2;1;15;B01
201300022853;0;7;0;0;0;0;0;B01
201300022853;0;31;0;0;2;0;11;A01
201300022854;0;7;0;0;2;0;0;A01
201300022854;0;31;0;0;2;0;0;B01
201300022855;0;2;0;0;0;0;0;A01
201300022856;0;7;0;14;0;1;0;A01
201300022857;0;7;0;0;1;1;4;A01
201300022858;0;7;0;0;0;0;0;A01
201300022859;0;7;0;0;2;0;0;A01
201300022859;0;1;0;0;2;0;0;B01
201300022860;0;14;0;0;2;1;0;A01
201300022860;0;1;0;0;2;4;0;B01
201300022861;0;7;0;0;1;0;0;A01
201300022862;0;37;1;0;1;1;0;A01
201300022863;0;2;0;0;2;1;0;A01
201300022863;0;7;0;0;2;0;0;B01
201300022864;0;7;0;0;2;0;0;A01
201300022864;0;30;0;0;2;0;0;B01
201300022865;0;7;0;0;2;6;11;A01
201300022865;0;34;0;0;2;7;1;B01
201300022866;0;33;0;0;2;7;17;A01
201300022866;1;7;0;0;0;0;0;Z01
201300022867;0;32;0;0;1;8;1;A01
201300022868;0;1;0;0;2;0;1;B01
201300022868;0;7;0;0;2;1;1;A01
201300022869;0;7;0;0;2;2;15;B01
201300022869;0;32;0;0;2;1;1;A01
201300022870;0;7;0;0;2;5;1;B01
201300022870;0;32;0;0;2;1;7;A01
201300022871;0;1;0;0;2;0;0;B01
201300022871;0;7;0;0;2;0;0;A01
201300022872;0;99;0;0;2;0;0;A01
201300022872;0;7;0;0;2;0;0;B01
201300022873;0;7;0;0;2;3;15;A01
201300022873;0;31;0;0;2;4;1;B01
201300022874;0;10;0;0;9;1;1;A01
201300022874;0;1;0;0;2;4;2;B01
201300022875;0;30;0;0;0;0;0;B01
201300022875;0;7;0;0;0;0;0;A01
201300022876;0;7;0;0;2;8;1;B01
201300022876;0;7;0;0;2;2;17;A01
201300022877;0;7;0;0;0;0;0;A01
201300022877;0;33;0;0;2;0;0;B01
201300022878;0;1;0;0;2;0;0;A01
201300022878;0;1;0;0;2;1;0;B01
201300022879;0;7;0;4;0;1;14;A01
201300022880;0;7;0;8;0;3;13;A01
201300022881;0;7;0;0;1;8;0;A01
201300022882;0;33;0;0;9;8;1;A01
201300022883;0;7;0;0;2;4;2;C01
201300022883;0;7;0;0;2;9;2;B01
201300022883;0;7;0;0;2;1;2;A01
201300022884;0;7;0;0;2;4;4;A01
201300022884;0;7;0;0;2;1;2;B01
201300022885;0;1;0;0;0;0;0;B01
201300022885;0;7;0;0;2;3;15;A01
201300022886;0;7;0;0;2;1;0;A01
201300022886;0;33;0;0;2;4;0;B01
201300022887;0;33;0;0;2;0;0;B01
201300022887;0;7;0;0;2;0;0;A01
201300022888;0;7;0;0;2;9;1;B01
201300022888;0;20;0;0;2;0;0;A01
201300022889;0;7;0;0;2;0;0;A01
201300022889;0;7;0;0;0;0;0;C01
201300022889;0;7;0;0;2;0;0;B01
201300022889;0;7;0;0;0;0;0;E01
201300022889;0;7;0;0;0;0;0;D01
201300022890;0;7;0;0;2;0;0;B01
201300022890;0;7;0;0;2;1;0;A01
201300022891;0;7;0;0;2;8;11;A01
201300022891;0;2;0;0;2;1;17;B01
201300022892;0;30;0;0;2;1;0;A01
201300022892;0;7;0;0;2;4;0;B01
201300022893;0;33;0;0;1;1;1;A01
201300022894;0;7;0;0;2;1;1;A01
201300022894;0;7;0;0;2;4;1;B01
201300022895;0;7;0;0;2;0;0;A01
201300022895;0;32;0;0;0;0;0;B01
201300022896;0;7;0;0;1;8;15;A01
201300022897;0;32;0;0;2;2;17;B01
201300022897;0;7;0;0;2;8;15;A01
201300022898;0;33;0;0;2;1;1;A01
201300022898;0;10;0;0;2;6;15;B01
201300022899;0;33;0;0;2;1;1;A01
201300022899;0;7;0;0;2;3;1;B01
201300022900;0;7;0;0;2;1;0;A01
201300022900;0;1;0;0;2;1;0;B01
201300022901;0;7;0;0;2;0;0;C01
201300022901;0;7;0;0;0;0;0;A01
201300022901;0;7;0;0;2;0;0;B01
201300022902;0;2;0;0;2;7;0;B01
201300022902;0;7;0;0;2;3;1;A01
201300022903;0;33;0;0;9;8;0;A01
201300022904;0;33;0;0;2;0;0;C01
201300022904;0;7;0;0;2;0;0;B01
201300022904;0;7;0;0;2;0;0;A01
201300022905;0;7;0;0;2;9;19;B01
201300022905;0;7;0;0;2;8;1;A01
201300022906;0;7;0;0;2;1;0;B01
201300022906;0;7;0;0;2;0;0;A01
201300022907;0;1;0;0;2;1;0;B01
201300022907;0;7;0;0;2;7;2;A01
201300022908;0;7;0;0;1;1;0;A01
201300022909;0;1;0;0;1;0;0;A01
201300022910;0;30;0;0;2;0;0;A01
201300022910;0;7;0;0;0;0;0;B01
201300022911;0;33;0;0;2;1;0;A01
201300022911;0;7;0;0;0;0;0;B01
201300022911;0;1;0;0;2;0;0;C01
201300022912;0;7;0;0;1;0;1;A01
201300022913;0;7;0;0;2;1;1;A01
201300022913;0;7;0;0;2;4;2;B01
201300022914;0;7;0;0;1;1;1;A01
201300022915;0;7;0;0;2;4;2;B01
201300022915;0;15;0;0;2;1;2;A01
201300022916;0;7;0;0;2;4;2;B01
201300022916;0;7;0;0;2;1;2;A01
201300022917;0;32;0;0;2;6;17;A01
201300022917;0;38;1;0;2;3;1;C01
201300022917;0;7;0;0;2;0;1;B01
201300022918;0;7;0;0;1;1;17;A01
201300022919;0;7;0;0;1;1;1;A01
201300022920;0;7;0;0;2;3;1;B01
201300022920;0;7;0;0;2;1;15;A01
201300022921;0;7;0;0;1;4;4;A01
201300022922;0;31;0;0;2;1;0;A01
201300022922;0;7;0;0;2;0;17;B01
201300022923;0;7;0;0;2;1;2;A01
201300022923;0;7;0;0;2;4;2;B01
201300022924;1;7;0;0;2;0;0;Z01
201300022924;0;31;0;0;2;8;15;A01
201300022925;0;7;0;0;1;1;2;A01
201300022926;0;7;0;0;2;2;2;A01
201300022926;0;7;0;0;2;9;1;B01
201300022927;0;7;0;0;2;8;15;B01
201300022927;0;33;0;0;2;1;17;A01
201300022928;1;7;0;0;2;0;0;Z01
201300022928;0;31;0;0;2;0;0;A01
201300022929;0;32;0;0;2;4;1;B01
201300022929;0;7;0;0;2;3;15;A01
201300022930;0;7;0;0;2;1;15;B01
201300022930;0;31;0;0;2;7;2;A01
201300022931;0;7;0;0;2;1;1;A01
201300022931;0;7;0;0;2;1;23;C01
201300022931;0;7;0;0;2;1;15;B01
201300022932;0;7;0;0;0;0;0;B01
201300022932;0;33;0;0;2;1;0;A01
201300022933;0;7;0;0;2;8;15;A01
201300022933;0;2;0;0;2;8;17;B01
201300022934;0;30;0;0;2;8;17;A01
201300022934;0;7;0;0;2;8;15;B01
201300022935;0;7;0;0;0;1;0;A01
201300022935;0;33;0;0;2;0;0;B01
201300022936;0;7;0;0;2;1;1;A01
201300022936;0;7;0;0;2;1;19;B01
201300022937;0;7;0;0;2;8;10;A01
201300022937;0;33;0;0;2;2;17;B01
201300022938;0;7;0;0;1;0;0;A01
201300022939;0;7;0;6;0;9;0;A01
201300022940;0;32;0;0;2;0;0;A01
201300022940;0;7;0;0;0;0;0;B01
201300022941;0;7;0;0;2;0;0;B01
201300022941;0;7;0;0;0;0;0;C01
201300022941;0;7;0;0;2;0;0;A01
201300022942;0;33;0;0;2;1;2;B01
201300022942;0;7;0;0;2;2;9;A01
201300022943;0;33;0;0;0;0;0;A01
201300022944;0;7;0;8;0;1;13;A01
201300022945;0;7;0;0;2;0;0;B01
201300022945;0;15;0;0;2;0;0;A01
201300022945;0;7;0;0;2;0;0;C01
201300022945;0;7;0;0;2;0;0;D01
201300022946;0;33;0;0;1;1;0;A01
201300022947;0;7;0;0;2;3;15;A01
201300022947;0;33;0;0;2;1;1;B01
201300022948;0;31;0;0;9;0;0;A01
201300022949;0;7;0;0;2;4;2;B01
201300022949;0;7;0;0;2;1;2;A01
201300022950;0;33;0;0;0;0;0;B01
201300022950;0;10;0;0;2;0;0;A01
201300022951;0;7;0;0;0;0;0;A01
201300022951;0;30;0;0;0;0;0;B01
201300022952;0;32;0;0;2;1;1;B01
201300022952;0;30;0;0;2;1;9;A01
201300022953;0;7;0;12;0;2;0;A01
201300022954;0;7;0;0;1;1;1;A01
201300022955;0;10;0;0;2;2;0;A01
201300022955;0;10;0;0;2;3;1;B01
201300022955;0;7;0;0;2;3;1;C01
201300022956;0;7;0;0;2;1;2;A01
201300022956;0;15;0;0;2;4;2;B01
201300022957;0;32;0;0;2;3;2;B01
201300022957;0;7;0;0;2;1;0;A01
201300022958;0;7;0;0;1;0;4;A01
201300022959;0;7;0;0;1;1;0;A01
201300022960;0;7;0;0;2;1;2;A01
201300022960;0;7;0;0;2;4;2;B01
201300022961;0;7;0;0;1;1;0;A01
201300022962;0;7;0;0;2;1;1;B01
201300022962;0;7;0;0;2;1;9;A01
201300022963;0;7;0;0;2;1;13;A01
201300022963;0;7;0;0;2;1;1;B01
201300022964;0;30;0;0;0;0;0;A01
201300022965;0;7;0;14;0;1;13;A01
201300022966;0;7;0;0;2;1;0;A01
201300022967;0;33;0;2;2;1;1;A01
201300022967;0;7;0;0;2;4;1;B01
201300022968;0;7;0;0;2;0;0;B01
201300022968;1;7;0;0;1;1;14;A01
201300022969;0;7;0;1;2;4;1;B01
201300022969;0;2;0;0;2;1;1;A01
201300022970;0;32;0;8;0;1;1;A01
201300022971;0;1;0;0;1;1;1;A01
201300022972;0;7;0;0;2;1;2;A01
201300022972;0;1;0;0;2;1;0;B01
201300022973;0;7;0;0;2;1;5;A01
201300022973;0;7;0;0;2;1;1;B01
201300022974;0;7;0;0;2;8;15;B01
201300022974;0;33;0;0;2;7;17;A01
201300022975;0;7;0;0;2;1;2;B01
201300022975;0;7;0;0;2;4;23;A01
201300022976;0;7;0;0;2;8;15;B01
201300022976;0;31;0;0;2;1;17;A01
201300022977;0;1;0;0;2;1;2;B01
201300022977;0;7;0;0;2;4;2;A01
201300022978;0;33;0;0;2;8;1;B01
201300022978;0;7;0;0;2;1;15;A01
201300022979;0;1;0;0;1;1;2;A01
201300022980;0;7;0;0;2;6;13;A01
201300022980;0;33;0;0;2;2;17;B01
201300022981;0;7;0;0;0;0;0;C01
201300022981;0;7;0;0;2;0;0;B01
201300022981;0;7;0;0;2;0;0;A01
201300022982;0;7;0;0;1;0;0;A01
201300022983;0;7;0;0;0;0;0;A01
201300022984;0;33;0;0;2;1;0;A01
201300022984;0;7;0;0;2;8;0;B01
201300022985;0;33;0;0;2;0;0;A01
201300022986;0;7;0;0;0;0;0;A01
201300022986;0;30;0;0;2;0;0;C01
201300022986;0;7;0;0;0;0;0;B01
201300022987;0;30;0;0;0;0;0;A01
201300022988;0;7;0;0;0;0;0;B01
201300022988;0;2;0;0;0;0;0;A01
201300022989;0;7;0;0;2;6;1;B01
201300022989;0;36;0;12;2;0;13;A01
201300022990;0;2;0;0;2;0;0;B01
201300022990;0;7;0;0;2;0;0;A01
201300022991;0;7;0;0;2;4;0;B01
201300022991;0;2;0;0;2;1;0;A01
201300022992;0;7;0;0;0;1;1;A01
201300022993;0;7;0;0;2;0;0;B01
201300022993;0;33;0;0;2;1;0;A01
201300022994;0;7;0;0;2;0;0;B01
201300022994;0;33;0;0;2;0;0;A01
201300022995;0;32;0;0;0;1;0;B01
201300022995;0;7;0;0;0;0;0;A01
201300022996;0;30;0;0;2;0;0;A01
201300022996;0;2;0;0;2;0;0;B01
201300022997;0;10;0;0;2;0;0;A01
201300022997;0;7;0;0;2;0;0;B01
201300022998;1;7;0;0;2;0;0;Z01
201300022998;0;7;0;0;2;0;0;A01
201300022999;0;7;0;0;2;1;0;A01
201300022999;0;7;0;0;2;0;0;B01
201300023000;0;10;0;0;2;0;0;B01
201300023000;0;33;0;0;2;0;0;A01
201300023001;0;34;0;0;2;1;1;B01
201300023001;0;7;0;0;2;7;15;A01
201300023002;0;32;0;0;2;0;0;A01
201300023002;0;10;0;0;0;0;0;B01
201300023003;0;7;0;0;2;6;0;B01
201300023003;1;7;0;0;2;0;0;Z01
201300023004;0;7;0;0;2;0;0;A01
201300023005;0;34;0;0;2;1;1;B01
201300023005;0;7;0;0;2;3;15;A01
201300023006;0;10;0;0;2;0;0;B01
201300023006;0;7;0;0;2;0;0;A01
201300023007;0;7;0;5;0;8;4;A01
201300023008;0;33;0;0;2;1;1;B01
201300023008;1;7;0;0;2;1;0;Z01
201300023009;0;7;0;0;1;3;15;A01
201300023010;0;34;0;0;2;1;5;A01
201300023010;0;7;0;0;2;1;1;B01
201300023011;0;33;0;0;2;1;1;B01
201300023011;0;7;0;0;2;7;15;A01
201300023012;0;3;0;0;2;1;13;A01
201300023012;0;10;0;0;2;7;1;B01
201300023013;0;1;0;0;0;4;1;B01
201300023013;0;10;0;0;2;1;1;A01
201300023014;0;1;0;0;2;1;19;A01
201300023014;0;37;1;0;2;1;1;B01
201300023015;0;32;0;0;2;3;13;A01
201300023015;0;7;0;0;2;8;1;B01
201300023016;0;7;0;0;1;7;1;A01
201300023017;0;7;0;0;2;1;2;B01
201300023017;0;14;0;0;2;2;2;C01
201300023017;0;7;0;0;2;4;1;A01
201300023018;0;33;0;0;2;0;0;A01
201300023018;0;7;0;0;2;0;0;B01
201300023019;0;7;0;0;2;1;0;B01
201300023019;0;33;0;0;2;1;0;A01
201300023020;0;7;0;0;2;1;0;A01
201300023020;0;7;0;0;2;0;0;B01
201300023021;0;7;0;0;2;4;2;B01
201300023021;0;7;0;0;2;2;2;A01
201300023021;0;7;0;0;2;4;2;C01
201300023022;0;7;0;0;1;1;0;A01
201300023023;0;31;0;0;2;4;2;B01
201300023023;0;32;0;0;2;1;2;A01
201300023024;0;7;0;0;2;8;13;A01
201300023024;0;32;0;0;2;7;17;B01
201300023025;0;33;0;0;0;0;0;A01
201300023025;0;33;0;0;2;8;15;B01
201300023026;0;30;0;0;2;8;1;B01
201300023026;0;7;0;0;2;7;1;A01
201300023027;0;31;0;0;2;1;0;A01
201300023027;0;7;0;0;2;6;1;B01
201300023028;0;10;0;0;2;0;0;A01
201300023028;0;2;0;0;0;0;0;B01
201300023029;0;7;0;0;2;4;2;C01
201300023029;0;7;0;0;2;1;1;A01
201300023029;0;7;0;0;2;4;2;B01
201300023030;0;10;0;0;1;1;15;A01
201300023031;0;2;0;0;2;1;0;A01
201300023031;0;7;0;0;2;8;0;B01
201300023032;0;1;0;0;2;1;1;B01
201300023032;0;14;0;0;9;7;16;A01
201300023033;0;7;0;0;2;1;1;B01
201300023033;0;7;0;0;2;7;15;A01
201300023034;0;7;0;0;2;3;1;A01
201300023034;0;7;0;0;2;1;13;B01
201300023035;0;30;0;0;2;1;2;A01
201300023035;1;7;0;0;2;4;23;B01
201300023036;0;37;1;0;1;0;0;A01
201300023037;0;7;0;0;1;0;0;A01
201300023038;0;7;0;6;0;1;13;A01
201300023039;0;7;0;0;2;3;9;B01
201300023039;0;34;0;0;2;1;0;A01
201300023040;0;32;0;0;2;8;1;B01
201300023040;0;14;0;0;9;2;12;A01
201300023041;0;7;0;0;2;4;2;C01
201300023041;0;7;0;0;2;4;2;D01
201300023041;0;16;0;0;2;1;2;A01
201300023041;0;7;0;0;2;4;12;B01
201300023042;0;32;0;0;2;9;2;B01
201300023042;1;7;0;0;2;1;2;Z01
201300023042;0;7;0;0;2;4;2;C01
201300023043;0;7;0;0;2;5;1;B01
201300023043;0;32;0;0;2;1;15;A01
201300023044;0;7;0;0;2;4;15;A01
201300023044;0;33;0;0;2;1;17;B01
201300023045;0;7;0;0;2;1;10;A01
201300023045;0;30;0;0;2;1;1;B01
201300023046;0;32;0;0;2;1;8;A01
201300023046;0;7;0;0;2;8;15;B01
201300023047;0;7;0;1;0;0;0;A01
201300023048;0;7;0;0;2;4;2;B01
201300023048;0;7;0;0;2;4;23;C01
201300023048;0;7;0;1;0;2;2;A01
201300023049;0;13;0;0;2;4;23;A01
201300023049;0;1;0;0;2;1;0;B01
201300023050;0;32;0;0;2;1;1;B01
201300023050;0;7;0;0;2;7;15;A01
201300023051;0;31;0;0;1;0;0;A01
201300023052;0;7;0;0;2;1;9;A01
201300023052;0;7;0;0;2;7;1;B01
201300023053;0;7;0;0;2;7;15;A01
201300023053;0;30;0;0;2;1;1;B01
201300023054;0;32;0;0;5;7;21;A01
201300023055;0;7;0;0;2;4;2;B01
201300023055;0;7;0;0;2;1;1;A01
201300023056;0;7;0;0;2;0;0;B01
201300023056;0;7;0;0;2;1;0;A01
201300023057;0;31;0;0;1;0;0;A01
201300023058;0;7;0;0;2;4;2;D01
201300023058;1;7;0;0;2;1;0;Z01
201300023058;0;7;0;0;2;4;2;B01
201300023058;0;7;0;0;2;4;2;A02
201300023058;0;7;0;0;2;1;2;E01
201300023058;0;7;0;0;2;1;2;C01
201300023059;0;34;0;0;2;1;1;B01
201300023059;0;7;0;0;2;0;0;A01
201300023060;0;34;0;0;9;8;14;A01
201300023060;0;1;0;0;9;8;1;B01
201300023061;0;38;1;0;1;3;1;A01
201300023062;0;7;0;0;2;2;15;A01
201300023062;0;7;0;0;2;3;1;B01
201300023063;0;1;0;0;2;1;15;A01
201300023063;0;30;0;0;2;1;2;B01
201300023064;0;7;0;0;2;0;1;C01
201300023064;0;14;0;0;2;0;0;A01