num_acc;senc;catv;occutc;obs;obsm;choc;manv;num_veh
201300023064;0;7;0;0;2;0;1;B01
201300023064;0;14;0;0;2;4;1;D01
201300023065;0;32;0;0;1;1;7;A01
201300023066;0;31;0;0;2;1;1;B01
201300023066;0;10;0;0;2;2;15;A01
201300023067;2;7;0;0;2;1;14;Z01
201300023067;0;7;0;0;2;4;2;B01
201300023068;0;10;0;0;2;0;0;B01
201300023068;0;7;0;0;2;4;1;C01
201300023068;0;7;0;0;0;0;0;A01
201300023069;0;33;0;0;2;1;3;A01
201300023069;0;7;0;0;2;8;11;B01
201300023070;0;7;0;0;2;1;1;A01
201300023070;0;31;0;0;2;1;1;C01
201300023070;0;7;0;0;2;6;2;B01
201300023071;0;7;0;0;2;1;2;B01
201300023071;0;10;0;0;2;1;2;A01
201300023071;0;10;0;0;2;4;23;D01
201300023071;0;10;0;0;2;5;23;C01
201300023072;0;7;0;0;2;3;0;A01
201300023072;0;7;0;0;2;0;0;B01
201300023073;0;2;0;0;1;1;1;A01
201300023074;0;7;0;6;0;1;19;A01
201300023075;0;7;0;0;2;1;2;A01
201300023075;0;7;0;0;2;4;2;B01
201300023076;0;7;0;0;2;0;0;A01
201300023076;0;10;0;0;2;0;0;B01
201300023077;0;7;0;0;2;2;16;B01
201300023077;0;30;0;0;2;1;7;A01
201300023078;0;10;0;0;2;5;0;B01
201300023078;0;33;0;0;2;1;0;A01
201300023079;1;7;0;0;2;1;2;Z01
201300023079;0;33;0;0;2;4;2;B01
201300023080;0;2;0;0;2;1;0;A01
201300023080;0;7;0;0;0;0;0;B01
201300023081;0;7;0;0;9;0;9;A01
201300023081;0;33;0;0;0;7;1;B01
201300023082;0;30;0;0;2;1;1;B01
201300023082;0;7;0;0;2;6;19;A01
201300023083;0;1;0;0;2;4;1;B01
201300023083;0;31;0;0;2;1;1;A01
201300023084;0;7;0;0;2;1;9;A01
201300023084;0;1;0;0;2;7;1;B01
201300023085;0;1;0;0;1;1;1;A01
201300023086;0;7;0;0;2;0;0;A01
201300023086;0;30;0;0;2;0;0;B01
201300023087;0;7;0;0;2;4;2;B01
201300023087;0;7;0;0;2;1;2;A01
201300023088;0;30;0;0;2;0;0;A01
201300023088;0;7;0;0;0;0;0;B01
201300023089;0;33;0;0;2;1;1;A01
201300023089;0;7;0;0;2;3;1;B01
201300023090;0;7;0;0;2;8;1;B01
201300023090;0;7;0;0;2;2;9;A01
201300023091;0;7;0;0;1;0;0;A01
201300023092;0;7;0;0;2;4;1;B01
201300023092;0;7;0;0;2;1;2;A01
201300023093;0;32;0;3;0;1;0;A01
201300023094;0;32;0;0;2;8;18;A01
201300023094;0;7;0;0;2;1;23;B01
201300023095;0;1;0;0;2;1;0;A01
201300023095;0;7;0;0;2;3;1;B01
201300023096;0;7;0;0;1;1;9;A01
201300023097;0;32;0;0;1;1;1;A01
201300023098;1;15;0;0;2;4;1;Z01
201300023098;0;33;0;0;2;8;13;A01
201300023099;0;1;0;0;1;1;1;A01
201300023100;0;7;0;0;2;4;4;C01
201300023100;0;7;0;0;2;1;15;B01
201300023100;0;7;0;0;2;1;1;A01
201300023101;0;7;0;0;2;2;1;B01
201300023101;0;33;0;0;2;7;13;A01
201300023102;0;1;0;0;2;1;9;A01
201300023102;0;7;0;0;2;8;1;B01
201300023103;0;7;0;0;1;1;14;A01
201300023104;0;7;0;0;1;1;15;A01
201300023105;0;33;0;0;2;1;1;B01
201300023105;0;7;0;0;2;1;13;A01
201300023106;0;7;0;0;2;4;20;B01
201300023106;0;30;0;0;2;1;0;A01
201300023107;1;7;0;0;1;1;1;Z01
201300023108;1;7;0;0;0;0;0;Z01
201300023108;0;7;0;0;0;0;0;B01
201300023108;0;33;0;0;2;0;0;A01
201300023109;0;7;0;1;1;0;0;A01
201300023110;0;7;0;0;2;2;15;B01
201300023110;0;2;0;0;2;1;5;A01
201300023111;0;7;0;0;1;0;0;A01
201300023112;0;33;0;14;0;0;0;A01
201300023113;0;33;0;0;2;1;18;B01
201300023113;0;7;0;0;2;5;16;A01
201300023114;0;1;0;1;0;1;0;B01
201300023114;0;7;0;0;2;8;0;A01
201300023115;0;32;0;0;2;0;0;B01
201300023115;0;7;0;0;2;5;0;A01
201300023116;0;7;0;0;2;0;0;A01
201300023116;0;1;0;0;2;0;0;B01
201300023117;0;2;0;0;1;0;0;A01
201300023118;0;13;0;0;2;0;0;A01
201300023118;0;7;0;0;2;0;0;B01
201300023119;0;7;0;0;2;4;0;B01
201300023119;1;14;0;0;2;1;1;Z01
201300023120;0;7;0;0;2;4;2;B01
201300023120;0;33;0;0;2;1;2;A01
201300023121;0;7;0;0;1;1;2;A01
201300023122;0;7;0;0;2;1;15;A01
201300023122;0;32;0;0;2;9;0;B01
201300023123;0;30;0;12;0;2;1;A01
201300023124;0;7;0;0;0;0;0;A01
201300023125;0;7;0;0;2;0;0;A01
201300023125;0;7;0;0;0;0;0;B01
201300023126;1;7;0;0;1;2;0;Z01
201300023127;0;33;0;0;2;1;2;A01
201300023127;0;7;0;0;2;4;23;B01
201300023128;0;7;0;0;2;3;1;B01
201300023128;0;32;0;0;2;5;0;A01
201300023129;0;7;0;4;0;1;14;A01
201300023130;0;7;0;0;0;0;0;A01
201300023130;0;31;0;0;2;0;0;B01
201300023131;0;7;0;0;2;5;0;B01
201300023131;0;7;0;0;2;4;0;C01
201300023131;0;7;0;0;2;3;0;A01
201300023132;0;7;0;0;2;0;0;B01
201300023132;0;7;0;0;2;0;0;A01
201300023133;0;7;0;0;0;0;0;A01
201300023134;0;7;0;0;2;0;0;A01
201300023134;0;32;0;0;2;0;0;B01
201300023134;0;7;0;0;2;0;0;C01
201300023135;0;1;0;0;2;0;0;B01
201300023135;0;7;0;0;0;2;0;A01
201300023136;0;10;0;0;2;1;13;A01
201300023136;0;7;0;0;2;1;1;B01
201300023137;0;7;0;0;2;0;0;B01
201300023137;0;33;0;0;2;1;0;A01
201300023138;0;7;0;0;1;1;2;A01
201300023139;0;13;0;0;1;0;0;A01
201300023140;0;7;0;0;2;1;2;C01
201300023140;0;7;0;0;2;4;2;B01
201300023140;0;7;0;0;2;1;2;A01
201300023140;0;7;0;0;2;1;2;D01
201300023141;0;30;0;0;0;0;0;A01
201300023142;0;7;0;0;1;1;2;A01
201300023143;0;34;0;0;2;8;17;A01
201300023143;0;7;0;0;2;0;15;B01
201300023144;0;7;0;0;2;8;1;A01
201300023144;0;33;0;0;2;1;0;B01
201300023145;2;7;0;0;2;2;1;A01
201300023145;0;7;0;0;2;2;1;B01
201300023146;0;7;0;0;0;0;0;A01
201300023146;0;7;0;0;2;0;0;B01
201300023147;0;7;0;8;0;1;13;A01
201300023148;0;7;0;0;2;4;15;B01
201300023148;0;30;0;0;2;1;2;A01
201300023149;2;7;0;0;1;0;0;A01
201300023150;0;7;0;15;0;1;1;A01
201300023151;0;7;0;0;0;0;0;B01
201300023151;0;1;0;0;2;0;0;A01
201300023152;0;7;0;0;2;0;0;B01
201300023152;0;7;0;0;2;0;0;A01
201300023153;0;33;0;0;1;0;0;A01
201300023154;0;7;0;0;2;1;0;A01
201300023154;0;7;0;0;1;0;0;B01
201300023155;0;7;0;0;2;0;0;A01
201300023155;0;33;0;0;2;0;0;B01
201300023156;0;7;0;0;0;0;0;B01
201300023156;0;7;0;0;0;0;0;C01
201300023156;0;7;0;0;0;0;0;A01
201300023157;0;7;0;0;1;1;1;A01
201300023158;0;7;0;9;0;1;16;A01
201300023159;0;7;0;0;2;8;1;B01
201300023159;0;7;0;0;2;1;14;A01
201300023160;0;10;0;0;2;0;0;B01
201300023160;0;30;0;0;2;0;0;A01
201300023161;0;7;0;0;1;1;1;A01
201300023162;0;7;0;0;1;1;0;A01
201300023163;0;30;0;0;0;0;17;B01
201300023163;0;7;0;0;2;3;15;A01
201300023164;0;7;0;0;2;0;0;B01
201300023164;0;7;0;0;0;0;0;A01
201300023165;0;7;0;0;0;0;15;B01
201300023165;1;7;0;0;0;0;0;A01
201300023166;0;33;0;0;2;0;0;A01
201300023166;0;7;0;0;2;0;0;B01
201300023167;0;31;0;0;1;1;17;A01
201300023167;0;7;0;0;2;1;15;B01
201300023168;0;7;0;0;2;8;11;A01
201300023168;0;30;0;0;2;0;3;B01
201300023169;0;1;0;0;0;0;0;B01
201300023169;0;7;0;0;2;0;0;A01
201300023170;0;7;0;0;1;1;1;A01
201300023171;0;7;0;0;2;1;0;A01
201300023171;0;30;0;0;2;4;0;B01
201300023172;0;7;0;0;0;0;0;B01
201300023172;0;33;0;0;2;0;0;A01
201300023173;0;7;0;0;1;1;1;A01
201300023174;0;7;0;0;1;0;20;A01
201300023175;0;1;0;0;2;1;0;A01
201300023175;0;7;0;0;0;1;0;B01
201300023176;0;7;0;8;0;3;0;A01
201300023177;0;7;0;0;2;4;2;B01
201300023177;0;7;0;0;0;4;2;C01
201300023177;0;7;0;0;2;1;2;A01
201300023178;0;7;0;0;1;0;0;A01
201300023179;1;7;0;0;0;1;0;Z01
201300023179;0;7;0;0;2;0;0;B01
201300023180;0;7;0;0;2;6;0;B01
201300023180;0;7;0;0;2;2;2;A01
201300023181;0;7;0;0;1;1;15;A01
201300023182;0;7;0;0;0;0;0;C01
201300023182;0;7;0;0;0;0;0;B01
201300023182;0;33;0;0;0;0;0;A01
201300023183;0;7;0;0;0;1;0;A01
201300023183;0;7;0;0;2;0;0;B01
201300023184;0;7;0;0;2;1;0;A01
201300023185;0;7;0;0;2;3;15;A01
201300023185;0;31;0;0;2;8;1;B01
201300023186;0;7;0;0;2;4;2;C01
201300023186;0;7;0;0;2;1;2;A01
201300023186;0;7;0;0;2;4;2;B01
201300023187;0;7;0;0;2;0;0;A01
201300023187;0;7;0;0;2;0;0;B01
201300023188;0;7;0;3;0;3;1;A01
201300023189;0;7;0;0;1;0;0;A01
201300023190;0;34;0;0;2;0;0;B01
201300023190;0;7;0;0;0;0;0;A01
201300023191;0;7;0;0;1;0;0;A01
201300023192;0;7;0;0;2;0;0;A01
201300023192;0;7;0;0;0;0;0;B01
201300023193;0;30;0;0;0;4;1;B01
201300023193;2;7;0;0;2;1;2;A01
201300023194;0;7;0;0;2;1;2;A01
201300023194;0;7;0;0;2;4;2;B01
201300023194;0;7;0;0;0;4;2;C01
201300023195;0;7;0;0;2;2;2;A01
201300023195;0;7;0;0;1;1;1;B01
201300023196;0;7;0;0;0;0;0;B01
201300023196;0;7;0;0;0;0;0;D01
201300023196;0;7;0;0;0;0;0;A01
201300023196;0;7;0;0;0;0;0;C01
201300023197;0;7;0;0;2;0;0;A01
201300023197;0;7;0;0;2;1;1;Z01
201300023198;0;7;0;0;0;0;0;A01
201300023198;0;7;0;0;0;0;0;B01
201300023199;0;7;0;0;1;0;0;A01
201300023200;0;1;0;0;2;0;0;B01
201300023200;0;7;0;0;2;0;0;A01
201300023201;0;7;0;0;0;0;1;B01
201300023201;0;1;0;0;2;1;0;A01
201300023202;1;7;0;0;1;0;0;Z01
201300023203;0;7;0;0;1;1;0;A01
201300023204;0;10;0;0;2;4;23;C01
201300023204;0;7;0;0;2;4;23;D01
201300023204;0;7;0;0;2;4;2;B01
201300023204;0;10;0;0;2;1;1;A01
201300023205;0;13;0;0;1;0;0;A01
201300023206;0;7;0;0;1;0;0;A01
201300023207;0;7;0;0;2;1;15;B01
201300023207;0;31;0;0;2;8;1;A01
201300023208;0;31;0;0;2;0;0;B01
201300023208;0;7;0;0;2;0;0;A01
201300023209;0;7;0;0;0;0;0;A01
201300023209;0;7;0;0;0;0;0;B01
201300023210;0;7;0;0;2;0;0;A01
201300023210;0;30;0;0;2;0;0;B01
201300023211;0;7;0;0;2;0;0;A01
201300023211;0;7;0;0;2;0;0;B01
201300023212;0;7;0;0;1;0;0;A01
201300023213;0;7;0;0;1;4;4;A01
201300023214;0;1;0;0;1;0;0;A01
201300023215;0;32;0;0;2;1;1;A01
201300023215;0;7;0;0;2;5;2;B01
201300023216;0;7;0;0;2;0;0;B01
201300023216;0;7;0;0;2;0;0;A01
201300023216;0;7;0;0;0;1;0;C01
201300023217;0;7;0;0;1;2;1;A01
201300023218;0;7;0;0;1;2;1;A01
201300023219;0;7;0;0;1;3;16;A01
201300023220;0;38;1;0;0;6;23;B01
201300023220;0;7;0;1;0;1;2;A01
201300023221;0;1;0;0;9;2;1;B01
201300023221;0;30;0;0;9;1;1;A01
201300023222;0;2;0;0;2;8;1;B01
201300023222;0;7;0;0;0;0;0;A01
201300023223;0;17;0;0;0;0;0;A01
201300023224;0;7;0;0;2;3;10;B01
201300023224;0;33;0;0;2;1;1;A01
201300023225;0;7;0;0;0;0;0;B01
201300023225;0;7;0;0;0;0;0;A01
201300023226;0;7;0;0;0;0;0;B01
201300023226;0;33;0;0;0;0;0;A01
201300023227;2;7;0;1;0;1;14;B01
201300023227;0;7;0;6;0;4;24;A01
201300023228;0;7;0;0;0;3;11;B01
201300023228;0;7;0;0;2;8;1;C01
201300023228;0;7;0;0;2;3;2;A01
201300023229;1;7;0;0;2;0;0;Z01
201300023229;0;31;0;0;2;1;0;B01
201300023230;0;33;0;0;0;1;0;A01
201300023230;0;7;0;0;2;1;0;B01
201300023231;0;7;0;0;1;1;1;A01
201300023232;0;33;0;0;2;0;0;B01
201300023232;0;7;0;0;2;1;0;A01
201300023233;0;32;0;0;2;1;0;B01
201300023233;0;10;0;0;0;0;0;A01
201300023234;0;7;0;0;2;0;0;B01
201300023234;0;7;0;0;2;0;0;A01
201300023235;0;7;0;0;2;1;9;A01
201300023235;0;7;0;0;0;5;23;B02
201300023236;0;7;0;13;0;3;0;A01
201300023237;0;1;0;0;2;1;1;B02
201300023237;0;7;0;0;2;8;15;A01
201300023238;0;7;0;16;0;9;1;A01
201300023239;0;7;0;2;0;1;1;A01
201300023240;0;17;0;1;0;1;2;A01
201300023240;0;17;0;0;0;4;24;B02
201300023240;0;17;0;0;0;4;24;C03
201300023240;0;17;0;0;0;4;24;D04
201300023241;0;7;0;1;0;2;14;A01
201300023242;0;7;0;0;2;3;17;A01
201300023242;0;14;0;0;0;5;1;B02
201300023243;0;7;0;0;0;5;9;A01
201300023243;0;7;0;0;2;1;21;B02
201300023244;0;33;0;0;0;9;1;A01
201300023245;0;16;0;0;0;0;0;A01
201300023245;0;38;46;0;2;1;1;C03
201300023246;0;10;0;0;2;3;1;A01
201300023246;0;1;0;0;2;1;13;B02
201300023247;0;30;0;0;2;1;1;A01
201300023247;0;10;0;0;2;3;1;B02
201300023248;0;7;0;4;0;2;17;A01
201300023248;0;10;0;0;2;6;23;B02
201300023249;0;7;0;4;0;3;1;A01
201300023250;0;7;0;0;2;2;13;A01
201300023250;0;7;0;4;2;6;2;B02
201300023251;0;7;0;0;2;1;1;A01
201300023251;0;17;0;0;0;0;1;B02
201300023252;0;33;0;6;0;7;1;A01
201300023253;0;7;0;0;2;1;2;A01
201300023253;0;7;0;0;2;4;2;B02
201300023253;0;7;0;14;0;1;2;C03
201300023254;0;7;0;13;2;2;1;A01
201300023254;0;7;0;13;2;3;1;B02
201300023255;0;7;0;4;0;3;13;A01
201300023256;0;34;0;4;0;2;15;A01
201300023257;0;7;0;4;0;3;13;A01
201300023258;0;7;0;4;0;6;21;A01
201300023259;0;33;0;4;0;8;13;A01
201300023260;0;7;0;0;2;2;1;A01
201300023260;0;15;0;0;2;8;13;B02
201300023261;0;7;0;0;2;4;1;A01
201300023261;0;7;0;0;2;1;12;B02
201300023262;0;7;0;4;0;2;0;A01
201300023263;0;33;0;0;2;1;2;A01
201300023264;0;7;0;3;0;2;1;A01
201300023265;0;10;0;3;0;6;1;C03
201300023265;0;7;0;0;0;5;1;B02
201300023265;0;10;0;0;2;2;1;A01
201300023266;0;17;0;0;2;3;1;C03
201300023266;0;7;0;1;2;2;2;A01
201300023266;0;7;0;0;0;4;23;B02
201300023267;0;7;0;0;2;2;23;C03
201300023267;0;10;0;0;2;5;23;B02
201300023267;0;7;0;0;1;2;19;A01
201300023268;0;7;0;3;0;1;1;A01
201300023269;0;34;0;0;2;1;21;A01
201300023269;0;7;0;0;2;2;1;B02
201300023270;0;7;0;3;9;1;1;A01
201300023271;0;7;0;0;2;1;1;C03
201300023271;0;7;0;0;2;8;11;B02
201300023271;0;7;0;0;2;2;12;A01
201300023272;0;7;0;4;0;3;13;A01
201300023273;0;17;0;0;2;3;1;A01
201300023273;0;10;0;0;2;1;17;B02
201300023274;0;7;0;4;0;3;13;A01
201300023275;0;7;0;0;2;1;1;B02
201300023275;0;7;0;0;2;1;1;E05
201300023275;0;10;0;0;2;1;1;C03
201300023275;0;7;0;0;2;1;1;D04
201300023275;0;7;0;0;2;4;1;A01
201300023275;0;7;0;0;2;1;1;F06
201300023276;0;7;0;0;2;2;2;A01
201300023276;0;15;0;0;2;6;2;B02
201300023277;0;7;0;0;2;7;1;A01
201300023277;0;7;0;0;2;8;1;B02
201300023278;0;7;0;0;2;3;1;A01
201300023278;0;7;0;13;0;5;1;B02
201300023279;0;7;0;0;2;2;14;A01
201300023279;0;7;0;0;0;8;11;B02
201300023280;0;17;0;6;0;1;1;A01
201300023281;0;7;0;3;0;1;1;A01
201300023282;0;7;0;13;0;9;1;A01
201300023283;0;7;0;6;0;1;0;A01
201300023284;0;7;0;0;2;2;1;A01
201300023284;0;14;0;0;2;6;1;B02
201300023285;0;7;0;3;0;9;2;A01
201300023286;0;17;0;0;0;6;1;B02
201300023286;0;7;0;0;2;2;2;A01
201300023287;0;31;0;14;0;8;1;A01
201300023288;0;7;0;0;2;3;1;B02
201300023288;0;7;0;0;2;2;16;A01
201300023289;0;2;0;14;0;1;1;A01
201300023290;0;7;0;0;1;3;1;A01
201300023291;0;7;0;0;2;1;2;A01
201300023291;0;17;0;0;0;4;2;C03
201300023292;0;7;0;0;2;1;2;A01
201300023292;0;7;0;3;0;4;2;B02
201300023293;0;7;0;0;2;2;14;A01
201300023293;0;7;0;0;0;6;0;B02
201300023294;0;14;0;0;0;2;11;A01
201300023295;0;7;0;13;0;2;14;A01
201300023296;0;7;0;0;2;1;2;A01
201300023296;0;7;0;0;0;4;2;B02
201300023297;0;7;0;0;2;8;1;B02
201300023297;0;2;0;0;2;8;13;A01
201300023298;0;2;0;12;0;1;1;A01
201300023299;0;7;0;0;1;8;1;A01
201300023300;0;7;0;2;0;0;1;A01
201300023301;0;7;0;0;2;1;1;B01
201300023301;0;7;0;0;2;3;19;A01
201300023302;0;7;0;13;0;8;13;A01
201300023303;1;7;0;0;2;3;16;A01
201300023303;0;7;0;0;0;5;1;B01
201300023304;0;7;0;12;0;1;13;A01
201300023305;0;7;0;0;2;1;2;A01
201300023305;0;7;0;0;0;4;1;B01
201300023306;0;7;0;2;0;2;14;A01
201300023307;0;30;0;0;2;1;13;A01
201300023307;0;7;0;0;2;2;1;B01
201300023308;0;30;0;15;0;1;13;A01
201300023309;0;7;0;0;1;1;16;A01
201300023310;0;33;0;0;0;0;15;A01
201300023311;0;7;0;0;2;3;9;A01
201300023311;0;33;0;0;2;1;1;B01
201300023312;0;30;0;0;2;1;2;A01
201300023312;0;7;0;0;0;4;23;B01
201300023313;0;15;0;16;0;8;13;A01
201300023314;0;31;0;0;2;1;1;B01
201300023314;0;7;0;0;0;7;1;A01
201300023315;0;7;0;0;2;1;13;A01
201300023315;0;7;0;0;2;3;1;B01
201300023316;0;7;0;0;2;1;13;A01
201300023316;0;7;0;0;2;3;1;B01
201300023317;0;7;0;15;0;8;1;A01
201300023318;0;7;0;0;2;1;1;B01
201300023318;0;14;0;0;2;1;1;A01
201300023318;0;7;0;0;0;4;2;C01
201300023319;0;7;0;0;1;2;1;A01
201300023320;0;7;0;0;2;1;10;A01
201300023320;0;33;0;0;2;1;1;B01
201300023321;0;7;0;0;2;1;17;A01
201300023321;0;7;0;0;2;1;1;B01
201300023322;0;33;0;0;0;0;0;A01
201300023323;0;7;0;2;0;3;1;A01
201300023324;0;7;0;0;0;8;1;A01
201300023324;0;7;0;0;0;3;1;B02
201300023324;0;7;0;0;0;6;1;C03
201300023325;0;7;0;0;1;3;16;A01
201300023326;0;7;0;0;2;1;1;B02
201300023326;0;10;0;0;2;8;1;A01
201300023327;0;15;0;3;0;8;13;A01
201300023328;0;17;0;4;0;7;14;A01
201300023329;0;7;0;4;0;3;17;A01
201300023330;0;7;0;4;0;1;0;A01
201300023331;0;7;0;0;9;1;1;C03
201300023331;0;7;0;0;2;7;17;A01
201300023331;0;17;0;0;2;8;1;B02
201300023332;0;16;0;4;0;3;1;A01
201300023333;0;7;0;4;9;2;1;A01
201300023334;0;7;0;0;0;8;1;B02
201300023334;0;7;0;0;2;1;21;A01
201300023335;0;33;0;0;0;0;1;A01
201300023336;0;33;0;2;0;1;1;A01
201300023337;0;7;0;0;2;6;1;C03
201300023337;1;7;0;0;2;3;1;B02
201300023337;0;7;0;0;2;2;21;A01
201300023338;0;7;0;0;2;3;1;B02
201300023338;0;33;0;0;2;1;17;A01
201300023339;0;7;0;13;0;1;13;A01
201300023340;0;7;0;16;0;9;1;A01
201300023341;0;7;0;0;1;2;1;A01
201300023342;0;7;0;0;1;2;1;A01
201300023343;0;1;0;0;2;1;15;A01
201300023343;0;7;0;0;2;1;1;B01
201300023344;0;31;0;0;2;1;1;B01
201300023344;0;7;0;0;2;2;15;A01
201300023345;0;7;0;0;2;1;1;A01
201300023345;0;7;0;0;2;4;1;B01
201300023346;0;7;0;0;2;5;1;A01
201300023346;0;1;0;0;2;8;16;B01
201300023347;1;7;0;0;2;2;1;B01
201300023347;0;7;0;0;0;6;23;A01
201300023348;0;7;0;0;2;1;1;B01
201300023348;0;7;0;0;2;1;5;A01
201300023349;0;7;0;0;2;1;1;B01
201300023349;0;7;0;2;2;1;15;A01
201300023350;0;7;0;0;2;6;9;A01
201300023350;0;33;0;0;2;8;21;B01
201300023351;0;33;0;0;2;1;1;A01
201300023351;0;7;0;0;2;6;15;B01
201300023352;0;7;0;2;0;2;1;A01
201300023353;0;7;0;2;0;1;6;A01
201300023354;0;33;0;0;2;2;17;B01
201300023354;0;7;0;0;2;8;15;A01
201300023355;0;7;0;0;2;1;16;A01
201300023355;0;1;0;0;2;6;1;B01
201300023356;0;7;0;0;2;1;1;A01
201300023356;0;10;0;0;2;4;1;B01
201300023357;0;7;0;0;2;1;13;A01
201300023357;0;7;0;0;2;1;1;B01
201300023358;0;10;0;0;1;1;15;A01
201300023359;0;7;0;0;2;4;1;B01
201300023359;0;7;0;0;2;1;1;A01
201300023360;0;30;0;6;0;1;13;A01
201300023361;0;1;0;0;2;1;1;A01
201300023361;0;7;0;0;0;2;23;B01
201300023362;0;7;0;0;1;0;1;A01
201300023363;0;1;0;0;2;1;1;B01
201300023363;0;7;0;0;2;2;23;A01
201300023364;0;33;0;0;2;2;15;A01
201300023364;0;33;0;0;0;1;1;B01
201300023365;0;7;0;0;2;2;15;B01
201300023365;0;7;0;6;2;1;1;A01
201300023366;0;7;0;0;2;3;1;B01
201300023366;0;33;0;0;2;5;16;A01
201300023367;0;30;0;0;2;2;1;B01
201300023367;0;7;0;0;2;3;1;A01
201300023368;0;7;0;0;2;7;15;A01
201300023368;0;31;0;0;2;1;1;B01
201300023369;0;7;0;0;2;3;15;A01
201300023369;0;1;0;0;2;1;17;B01
201300023370;0;7;0;0;2;8;15;A01
201300023370;0;33;0;0;2;1;1;B01
201300023371;0;7;0;0;2;5;1;A01
201300023371;0;2;0;0;2;6;15;B01
201300023372;0;7;0;0;2;3;1;B01
201300023372;0;7;0;0;2;3;15;A01
201300023373;0;7;0;0;0;6;20;B01
201300023373;0;1;0;0;2;1;17;A01
201300023374;0;7;0;0;2;1;15;A01
201300023374;0;1;0;0;2;6;1;B01
201300023375;0;33;0;0;2;1;1;A01
201300023375;0;10;0;0;0;4;1;B01
201300023376;0;7;0;0;0;3;9;A01
201300023376;0;33;0;0;2;1;1;B01
201300023377;0;33;0;0;0;8;1;A01
201300023377;1;7;0;0;0;0;10;Z01
201300023378;0;7;0;2;0;1;0;A01
201300023379;0;10;0;0;2;1;15;A01
201300023379;0;1;0;0;2;8;1;B01
201300023380;0;7;0;0;2;4;2;B01
201300023380;0;7;0;0;2;1;2;A01
201300023381;0;1;0;0;2;1;1;B01
201300023381;0;13;0;0;2;1;1;A01
201300023382;0;7;0;0;1;4;4;A01
201300023383;0;10;0;0;0;1;1;A01
201300023383;0;2;0;0;2;8;21;B01
201300023384;0;7;0;0;2;1;1;B01
201300023384;0;7;0;0;2;1;1;A01
201300023385;0;7;0;16;0;9;21;A01
201300023386;0;7;0;0;2;8;9;A01
201300023386;0;2;0;0;2;7;0;B01
201300023387;0;7;0;0;2;2;16;A01
201300023387;0;1;0;0;0;1;1;B01
201300023388;0;7;0;0;2;8;9;A01
201300023388;0;31;0;0;2;7;1;B01
201300023389;0;7;0;0;2;1;1;A01
201300023389;0;1;0;0;2;5;1;B01
201300023390;0;2;0;0;2;3;1;A01
201300023390;0;7;0;0;2;3;1;B01
201300023391;0;10;0;0;5;1;1;A01
201300023392;0;2;0;0;2;3;1;A01
201300023392;0;10;0;0;2;3;1;B01
201300023393;0;7;0;2;0;9;1;A01
201300023394;0;10;0;2;0;8;13;A01
201300023395;0;33;0;0;2;1;1;A01
201300023395;0;7;0;0;2;7;15;B02
201300023396;0;33;0;0;2;1;5;A01
201300023396;0;7;0;0;2;1;1;B02
201300023397;0;37;1;0;2;1;1;A01
201300023397;0;31;0;0;2;1;13;B02
201300023398;0;7;0;0;9;2;0;B01
201300023398;0;1;0;0;0;2;1;A02
201300023399;0;10;0;13;0;1;1;A01
201300023400;0;7;0;13;0;1;1;A01
201300023401;0;7;0;0;2;1;1;A01
201300023401;0;7;0;0;0;4;1;B01
201300023402;0;7;0;0;2;3;1;B01
201300023402;0;7;0;0;2;1;1;A01
201300023403;0;30;0;0;2;1;1;A01
201300023403;0;30;0;0;2;1;1;B01
201300023404;0;7;0;0;0;4;23;B01
201300023404;0;32;0;1;0;1;1;A01
201300023405;0;40;0;0;0;1;1;B01
201300023405;0;7;0;0;2;1;1;A01
201300023406;0;7;0;0;1;6;15;A01
201300023407;0;2;0;0;2;1;1;A01
201300023407;0;7;0;0;0;8;1;B01
201300023408;0;7;0;0;1;3;15;A01
201300023409;0;7;0;0;1;3;1;A01
201300023410;0;2;0;0;0;0;1;A01
201300023411;0;7;0;0;2;2;1;A01
201300023411;0;7;0;15;0;9;14;B01
201300023412;0;1;0;0;2;7;1;B01
201300023412;0;7;0;0;2;3;1;A01
201300023413;0;34;0;0;2;6;17;A01
201300023413;0;7;0;0;2;3;1;B01
201300023414;0;7;0;0;2;1;1;A01
201300023414;0;7;0;0;2;4;1;B01
201300023415;0;34;0;0;2;1;1;A01
201300023415;0;7;0;0;0;8;1;B01
201300023416;0;7;0;0;1;1;0;A01
201300023417;0;2;0;0;1;7;1;A01
201300023418;0;7;0;0;0;8;15;A01
201300023418;0;2;0;0;2;1;1;B01
201300023419;0;7;0;8;0;1;15;A01
201300023420;0;37;40;0;2;0;1;C01
201300023420;0;2;0;0;2;1;1;A01
201300023420;0;13;0;0;2;0;1;B01
201300023421;0;7;0;0;2;4;2;C01
201300023421;0;7;0;0;2;9;2;B01
201300023421;0;37;0;0;2;1;1;A01
201300023422;0;33;0;0;9;5;1;A01
201300023423;0;30;0;0;2;1;1;B01
201300023423;0;7;0;0;2;8;15;A01
201300023424;0;7;0;0;0;8;1;A01
201300023424;0;7;0;0;2;1;1;B01
201300023425;0;7;0;0;1;1;1;A01
201300023426;0;7;0;0;1;4;4;A01
201300023427;0;7;0;0;2;2;15;A01
201300023427;0;30;0;0;2;8;1;B01
201300023428;1;7;0;0;1;0;0;Z01
201300023429;0;33;0;0;2;1;21;A01
201300023429;0;7;0;0;0;5;1;B01
201300023430;1;7;0;0;1;1;1;Z01
201300023431;0;31;0;0;1;9;1;A01
201300023432;0;7;0;0;0;1;1;B01