num_acc;senc;catv;occutc;obs;obsm;choc;manv;num_veh
201300023432;0;10;0;0;2;1;1;A01
201300023433;0;7;0;0;0;4;1;B01
201300023433;0;33;0;0;2;1;2;A01
201300023434;0;7;0;0;1;3;1;A01
201300023435;0;7;0;0;1;2;1;A01
201300023436;0;7;0;6;2;2;1;B01
201300023436;0;7;0;0;2;3;1;A01
201300023437;0;2;0;0;1;1;1;A01
201300023438;0;33;0;0;1;1;1;A01
201300023439;0;10;0;0;1;1;1;A01
201300023440;0;10;0;0;2;1;2;A01
201300023440;0;7;0;0;0;4;1;B01
201300023441;0;7;0;0;0;5;1;A01
201300023441;0;31;0;0;2;1;1;B01
201300023442;0;7;0;0;2;1;1;A01
201300023442;0;1;0;0;2;4;2;B01
201300023443;0;7;0;0;2;0;1;A01
201300023443;0;31;0;0;0;0;1;B01
201300023444;0;7;0;0;2;2;2;A01
201300023444;0;7;0;0;0;4;1;B01
201300023445;0;7;0;0;1;2;1;A01
201300023446;0;7;0;0;1;1;1;A01
201300023447;0;33;0;0;9;8;1;A01
201300023448;0;7;0;0;2;5;2;B01
201300023448;0;7;0;0;2;3;2;A01
201300023449;0;10;0;0;2;1;0;A01
201300023449;0;7;0;0;2;4;0;B01
201300023450;0;33;0;0;0;8;0;A01
201300023451;0;33;0;0;2;1;2;A01
201300023451;0;7;0;0;2;8;2;B01
201300023452;0;7;0;0;2;1;1;A01
201300023452;0;7;0;0;0;7;15;B01
201300023453;0;7;0;0;1;2;1;A01
201300023454;0;7;0;0;2;1;15;A01
201300023454;0;7;0;0;2;1;1;B01
201300023455;0;7;0;0;2;1;1;B01
201300023455;0;7;0;0;2;2;15;A01
201300023456;0;2;0;0;2;1;1;B01
201300023456;0;7;0;0;0;5;15;A01
201300023457;0;32;0;0;2;1;1;A01
201300023457;0;7;0;0;0;7;1;B01
201300023458;0;7;0;0;2;6;15;B01
201300023458;0;10;0;0;2;1;1;A01
201300023459;0;7;0;0;2;0;0;B01
201300023459;0;7;0;0;2;0;0;A01
201300023460;0;7;0;0;2;3;16;A01
201300023460;0;2;0;0;2;7;1;B01
201300023461;0;7;0;0;2;1;16;B01
201300023461;0;7;0;0;2;6;14;A01
201300023462;0;7;0;0;2;1;1;B01
201300023462;0;7;0;0;2;6;15;A01
201300023463;0;33;0;0;2;7;1;B01
201300023463;0;7;0;0;2;1;15;A01
201300023464;0;7;0;0;2;8;16;A01
201300023464;0;1;0;0;2;0;1;B01
201300023465;0;7;0;0;1;3;1;A01
201300023466;0;7;0;0;2;1;2;A01
201300023466;0;7;0;1;0;4;1;B01
201300023467;0;7;0;0;2;8;24;A01
201300023467;0;1;0;1;9;2;1;B01
201300023468;0;7;0;0;0;4;1;B01
201300023468;0;7;0;0;2;1;2;A01
201300023469;0;1;0;0;2;1;1;B01
201300023469;0;7;0;0;2;3;15;A01
201300023470;0;7;0;0;1;1;15;A01
201300023471;0;2;0;0;2;1;1;A01
201300023471;0;7;0;0;2;4;2;B01
201300023472;0;7;0;0;2;1;2;B01
201300023472;0;7;0;0;0;4;2;A01
201300023473;0;7;0;0;0;1;15;A01
201300023473;0;7;0;0;2;1;1;B01
201300023474;0;2;0;0;2;1;2;A01
201300023474;0;7;0;0;0;4;1;B01
201300023475;0;7;0;0;2;3;1;B01
201300023475;0;7;0;0;2;3;1;A01
201300023476;0;37;1;0;2;7;1;B01
201300023476;0;1;0;0;2;3;1;A01
201300023477;1;7;0;0;0;6;11;A01
201300023477;0;34;0;0;2;1;1;B01
201300023478;1;3;0;0;1;1;1;Z01
201300023479;0;1;0;0;2;3;1;B01
201300023479;0;7;0;0;2;5;4;A01
201300023480;0;1;0;0;1;1;1;A01
201300023481;0;7;0;1;0;0;9;A01
201300023482;0;7;0;0;0;4;1;B01
201300023482;0;2;0;0;2;1;2;A01
201300023483;0;7;0;0;2;1;1;A01
201300023483;0;7;0;0;2;9;2;B01
201300023483;0;7;0;0;2;4;2;C01
201300023484;1;7;0;0;2;0;1;Z01
201300023484;0;2;0;0;2;7;1;B01
201300023485;0;7;0;0;0;7;15;A01
201300023485;0;33;0;0;2;1;1;B01
201300023486;0;7;0;2;0;1;1;B01
201300023487;0;1;0;0;2;1;2;A01
201300023487;0;7;0;0;0;4;2;B01
201300023488;0;7;0;0;1;1;15;A01
201300023489;0;7;0;0;0;4;1;B01
201300023489;0;2;0;0;2;1;2;A01
201300023490;0;30;0;0;2;2;1;A01
201300023490;0;7;0;0;2;3;16;B01
201300023491;0;7;0;0;2;2;1;B01
201300023491;0;7;0;0;2;3;16;A01
201300023492;0;7;0;3;0;1;1;A01
201300023493;0;7;0;0;1;3;20;A01
201300023494;0;31;0;0;2;2;2;A01
201300023494;0;38;0;0;0;0;2;B01
201300023495;0;7;0;0;2;6;1;A01
201300023495;0;7;0;0;2;1;1;B01
201300023496;0;7;0;0;2;1;2;A01
201300023496;1;33;0;0;2;4;1;B01
201300023497;0;7;0;0;2;3;9;A01
201300023497;0;31;0;0;2;1;1;B01
201300023498;0;7;0;0;2;2;15;A01
201300023498;0;33;0;0;2;1;1;B01
201300023499;0;7;0;0;2;9;1;A01
201300023499;0;7;0;0;2;1;1;B01
201300023500;0;7;0;0;2;2;15;A01
201300023500;0;31;0;0;2;1;1;B01
201300023501;0;7;0;0;2;1;15;B01
201300023501;0;7;0;0;2;1;1;A01
201300023502;0;7;0;0;2;0;2;A01
201300023502;0;7;0;0;0;4;2;C01
201300023502;0;7;0;0;2;4;2;B01
201300023503;0;2;0;0;2;1;1;A01
201300023503;0;7;0;0;0;5;20;B01
201300023504;0;7;0;0;2;1;2;A01
201300023504;0;7;0;0;0;4;1;C01
201300023504;0;7;0;0;2;4;2;B01
201300023505;0;40;0;0;2;3;1;B01
201300023505;0;7;0;0;4;4;15;A01
201300023505;0;7;0;0;0;6;15;C01
201300023506;0;2;0;0;0;1;1;B01
201300023506;0;7;0;0;2;1;1;A01
201300023507;0;7;0;0;2;1;1;A01
201300023507;0;7;0;0;2;4;2;C01
201300023507;0;7;0;0;2;9;2;B01
201300023508;0;7;0;0;1;2;1;A01
201300023509;0;7;0;0;2;1;1;A01
201300023509;0;7;0;0;2;3;1;B01
201300023510;0;31;0;0;2;1;2;A01
201300023510;0;7;0;0;2;6;2;B01
201300023511;0;7;0;0;0;3;9;A01
201300023511;0;1;0;0;2;2;1;B01
201300023512;0;7;0;0;2;1;1;A01
201300023512;0;10;0;0;2;4;2;B01
201300023513;0;1;0;0;2;0;1;B01
201300023513;0;7;0;0;2;3;15;A01
201300023514;0;1;0;0;2;1;1;B01
201300023514;0;7;0;0;2;2;15;A01
201300023515;0;7;0;0;2;3;9;A01
201300023515;0;31;0;0;2;3;1;B01
201300023516;0;7;0;0;2;4;2;C01
201300023516;0;7;0;0;2;4;2;B01
201300023516;0;7;0;0;2;1;1;A01
201300023517;0;10;0;0;2;2;16;A01
201300023517;0;30;0;0;2;3;1;B01
201300023518;0;7;0;1;0;1;1;A01
201300023519;0;40;0;0;2;3;1;B01
201300023519;0;1;0;0;2;2;1;A01
201300023520;0;7;0;0;2;1;2;B01
201300023520;0;7;0;0;2;4;2;A01
201300023521;0;7;0;1;0;2;1;A01
201300023522;0;7;0;0;2;3;15;A01
201300023522;0;1;0;0;2;0;1;B01
201300023523;0;10;0;0;2;7;16;B01
201300023523;0;2;0;0;2;1;16;A01
201300023524;0;7;0;0;2;1;1;B01
201300023524;0;1;0;0;2;2;9;A01
201300023525;0;7;0;0;2;1;1;A01
201300023525;0;7;0;0;2;5;2;B01
201300023526;0;7;0;0;2;9;2;B01
201300023526;0;7;0;0;2;1;1;A01
201300023526;0;7;0;0;2;9;2;C01
201300023526;0;7;0;0;2;4;2;D01
201300023527;0;1;0;0;2;1;11;B01
201300023527;0;7;0;0;2;8;1;A01
201300023528;0;7;0;0;2;1;1;A01
201300023528;0;7;0;0;2;2;15;B01
201300023529;0;15;0;0;0;4;1;B01
201300023529;0;7;0;0;2;1;2;A01
201300023530;0;30;0;0;2;1;1;B01
201300023530;0;7;0;1;0;7;1;A01
201300023531;0;13;0;0;0;8;1;A01
201300023531;0;7;0;14;0;8;1;B01
201300023532;1;2;0;0;1;0;0;Z01
201300023533;0;7;0;0;0;4;2;A01
201300023533;0;7;0;0;2;1;2;B01
201300023534;0;7;0;0;2;2;16;A01
201300023534;0;30;0;0;2;9;1;B01
201300023535;0;7;0;0;0;5;15;B01
201300023535;0;33;0;0;2;1;1;A01
201300023536;0;7;0;13;0;1;1;A01
201300023537;0;7;0;0;2;1;5;A01
201300023537;0;7;0;0;2;1;9;B01
201300023537;0;7;0;0;0;8;1;C01
201300023537;0;7;0;0;2;1;1;D01
201300023538;0;7;0;0;1;2;1;A01
201300023539;0;7;0;0;1;2;1;A01
201300023540;0;7;0;0;1;2;1;A01
201300023541;0;7;0;0;2;1;9;A01
201300023541;0;7;0;0;2;1;1;B01
201300023542;0;33;0;0;1;1;1;A01
201300023543;0;7;0;0;0;4;1;C01
201300023543;0;7;0;0;2;1;2;A01
201300023543;0;7;0;0;2;4;2;B01
201300023544;0;7;0;0;1;3;1;A01
201300023545;0;7;0;1;0;7;1;B01
201300023545;0;7;0;0;2;1;1;A01
201300023546;0;1;0;0;2;1;1;B01
201300023546;0;7;0;0;0;3;9;A01
201300023547;0;7;0;0;2;1;1;B01
201300023547;0;10;0;0;2;7;1;A01
201300023548;0;14;0;0;2;1;1;B01
201300023548;0;1;0;0;0;3;16;A01
201300023549;0;7;0;0;2;1;1;A01
201300023549;0;1;0;0;2;7;19;B01
201300023550;0;7;0;0;0;1;15;A01
201300023550;0;33;0;0;2;1;1;B01
201300023551;0;7;0;0;1;2;1;A01
201300023552;0;7;0;0;0;4;15;B01
201300023552;0;7;0;0;2;1;1;A01
201300023553;0;7;0;0;2;1;13;A01
201300023553;0;7;0;0;2;1;1;B01
201300023554;0;7;0;8;0;9;1;A01
201300023555;0;33;0;0;0;9;1;B01
201300023555;0;7;0;0;2;1;1;A01
201300023556;0;2;0;0;2;1;5;A01
201300023556;0;7;0;0;0;1;16;B01
201300023557;0;7;0;1;0;1;1;A01
201300023558;0;7;0;0;2;8;1;B01
201300023558;0;7;0;0;2;1;1;A01
201300023559;0;7;0;0;2;2;14;A01
201300023559;0;34;0;0;0;8;1;B01
201300023560;0;14;0;0;4;1;1;A01
201300023560;0;40;0;0;0;8;1;B01
201300023561;0;7;0;0;0;3;20;A01
201300023561;0;33;0;0;2;2;18;B01
201300023562;0;31;0;0;2;3;1;B01
201300023562;0;7;0;0;2;7;1;A01
201300023563;1;7;0;0;1;0;1;A01
201300023564;0;7;0;8;0;3;1;A01
201300023565;0;10;0;0;4;3;1;A01
201300023565;0;40;0;0;2;2;1;B01
201300023566;0;7;0;0;2;4;23;A01
201300023566;0;7;0;0;2;1;1;B01
201300023567;0;2;0;0;0;7;1;A01
201300023568;0;7;0;0;0;0;17;C01
201300023568;0;33;0;0;2;9;1;A01
201300023568;0;37;37;0;0;1;1;B01
201300023569;0;2;0;0;2;7;1;B01
201300023569;0;7;0;0;0;4;4;A01
201300023570;0;10;0;0;0;7;15;A01
201300023570;0;7;0;0;2;1;1;B01
201300023571;0;7;0;0;2;1;16;A01
201300023571;0;7;0;0;2;8;15;B01
201300023572;0;7;0;0;0;4;15;C01
201300023572;0;7;0;0;2;1;2;A01
201300023572;0;7;0;0;2;4;2;B01
201300023573;0;2;0;0;2;1;1;A01
201300023573;0;7;0;0;2;2;1;B01
201300023574;0;33;0;0;2;9;11;B01
201300023574;0;7;0;0;0;5;1;A01
201300023575;0;7;0;0;2;1;1;A01
201300023575;0;30;0;0;2;1;1;B01
201300023576;0;7;0;0;2;4;2;C01
201300023576;0;7;0;0;9;9;2;B01
201300023576;0;7;0;0;2;1;1;A01
201300023577;0;7;0;0;2;0;16;A01
201300023577;0;1;0;0;2;1;1;B01
201300023578;0;2;0;0;2;1;1;A01
201300023578;0;7;0;0;2;2;16;B01
201300023579;0;7;0;0;1;1;1;A01
201300023580;0;7;0;0;0;5;15;A01
201300023580;0;33;0;0;2;1;1;B01
201300023581;0;7;0;0;0;2;15;A01
201300023581;0;33;0;0;2;1;1;B01
201300023582;0;7;0;0;2;7;19;A01
201300023582;0;33;0;0;2;1;1;B01
201300023583;0;7;0;0;2;0;16;A01
201300023583;0;1;0;0;2;0;1;B01
201300023584;0;7;0;0;1;2;15;A01
201300023585;0;10;0;0;2;6;15;B01
201300023585;0;31;0;0;0;2;1;A01
201300023586;0;40;0;0;2;1;1;B01
201300023586;0;37;1;0;4;7;9;A01
201300023587;0;33;0;0;2;9;1;A01
201300023587;0;10;0;0;2;8;15;B01
201300023588;0;7;0;0;2;1;1;A01
201300023588;0;7;0;0;2;1;1;B01
201300023589;0;7;0;0;1;1;16;A01
201300023590;0;7;0;0;2;2;15;A01
201300023590;0;33;0;0;2;1;1;B01
201300023591;0;7;0;0;2;1;2;A01
201300023591;0;7;0;0;0;4;1;B01
201300023592;1;7;0;0;2;3;15;A01
201300023592;0;31;0;0;0;1;1;B01
201300023593;0;7;0;0;2;7;16;A01
201300023593;0;1;0;0;2;1;1;B01
201300023594;0;2;0;0;0;0;0;A01
201300023595;0;7;0;0;1;2;1;A01
201300023596;0;7;0;0;2;3;10;A01
201300023596;0;33;0;0;2;2;1;B01
201300023597;0;40;0;0;2;1;1;B01
201300023597;0;7;0;0;2;3;13;A01
201300023598;0;1;0;0;2;4;1;A01
201300023598;0;33;0;0;2;4;1;B01
201300023599;0;7;0;0;2;1;2;A01
201300023599;0;7;0;0;0;4;2;B01
201300023600;0;7;0;0;0;6;9;A01
201300023600;0;33;0;0;2;7;1;B01
201300023601;0;7;0;0;2;2;16;B01
201300023601;0;30;0;0;2;9;16;A01
201300023602;0;7;0;0;2;1;1;B01
201300023602;0;7;0;0;0;9;15;A01
201300023603;0;34;0;0;2;7;1;A01
201300023603;0;7;0;0;0;3;11;B01
201300023604;0;13;0;0;2;1;1;B01
201300023604;0;7;0;0;0;8;15;A01
201300023605;0;2;0;0;2;1;1;A01
201300023605;0;7;0;0;2;3;1;B01
201300023606;0;1;0;0;2;0;1;A01
201300023606;0;7;0;0;2;1;1;B01
201300023607;0;7;0;0;2;3;13;A01
201300023607;0;7;0;0;2;3;1;B01
201300023608;0;7;0;0;1;3;1;A01
201300023609;0;10;0;0;2;1;1;B01
201300023609;0;7;0;0;2;1;1;C01
201300023609;0;7;0;0;2;1;5;A01
201300023610;0;33;0;0;2;9;1;A01
201300023610;1;7;0;0;2;0;4;Z01
201300023611;0;7;0;0;2;9;2;C01
201300023611;0;7;0;0;2;2;1;A01
201300023611;0;7;0;0;2;4;2;D01
201300023611;0;7;0;0;2;9;2;B01
201300023612;0;40;0;0;1;1;1;A01
201300023613;0;7;0;0;0;5;16;B01
201300023613;0;1;0;0;2;4;1;A01
201300023614;0;7;0;0;0;3;23;B01
201300023614;0;1;0;1;0;2;1;A01
201300023615;0;2;0;0;2;1;1;A01
201300023615;0;7;0;0;2;7;1;B01
201300023616;0;2;0;0;1;1;1;A01
201300023617;0;2;0;0;1;1;1;A01
201300023618;0;1;0;0;2;2;1;B01
201300023618;0;33;0;0;2;1;1;A01
201300023619;0;7;0;0;2;4;2;B01
201300023619;0;7;0;0;2;1;2;A01
201300023620;0;1;0;0;2;1;6;A01
201300023620;0;7;0;0;2;1;1;B01
201300023621;0;7;0;0;2;3;0;A01
201300023622;0;7;0;0;2;1;15;A01
201300023622;0;7;0;0;2;8;1;B01
201300023623;0;7;0;0;2;3;9;A01
201300023623;0;31;0;0;2;8;1;B01
201300023624;0;7;0;0;0;4;1;C01
201300023624;0;7;0;0;2;4;2;B01
201300023624;0;7;0;0;2;1;2;A01
201300023625;0;10;0;0;0;8;1;A01
201300023625;0;7;0;0;2;1;15;B01
201300023626;0;1;0;0;2;1;1;B01
201300023626;0;7;0;0;0;0;22;A01
201300023627;0;7;0;0;2;3;1;A01
201300023627;0;1;0;0;2;6;16;B01
201300023628;0;7;0;0;2;7;0;B01
201300023628;0;30;0;0;2;1;0;A01
201300023629;0;7;0;1;2;3;1;A01
201300023629;0;7;0;0;2;7;1;B01
201300023630;0;7;0;0;2;1;2;B01
201300023630;0;7;0;0;0;0;1;A01
201300023631;0;7;0;0;2;8;13;A01
201300023631;0;10;0;0;2;8;1;B01
201300023632;0;7;0;0;1;3;1;A01
201300023633;0;7;0;0;1;5;1;A01
201300023634;0;3;0;0;2;2;1;A01
201300023634;0;7;0;0;2;1;1;B01
201300023635;0;7;0;0;1;1;1;A01
201300023636;0;7;0;8;0;1;1;A01
201300023637;0;1;0;0;2;4;19;A01
201300023637;0;33;0;0;2;2;1;B01
201300023638;0;7;0;0;2;1;15;A01
201300023638;0;37;10;0;2;8;1;B01
201300023639;0;1;0;0;0;0;0;B01
201300023639;1;7;0;0;0;0;0;Z01
201300023640;0;10;0;0;2;3;15;A01
201300023640;0;7;0;0;2;8;1;B01
201300023641;0;7;0;0;2;1;15;A01
201300023641;0;1;0;0;0;8;1;B01
201300023642;0;7;0;0;1;0;0;A01
201300023643;0;1;0;0;2;6;1;B01
201300023643;0;7;0;0;2;2;10;A01
201300023644;0;7;0;0;0;4;1;B01
201300023644;0;7;0;0;2;1;2;A01
201300023645;0;7;0;0;0;4;1;B01
201300023645;0;7;0;0;0;0;2;A01
201300023646;0;7;0;7;1;2;6;A01
201300023647;0;7;0;0;2;1;3;A01
201300023647;0;31;0;0;0;8;23;B01
201300023647;0;7;0;0;0;7;23;C01
201300023648;0;7;0;0;2;2;1;A01
201300023648;0;7;0;0;2;3;1;B01
201300023649;0;7;0;13;0;2;1;A01
201300023650;0;37;1;0;2;7;0;A01
201300023650;0;7;0;0;0;6;16;B01
201300023651;0;7;0;0;2;8;1;B01
201300023651;0;2;0;0;2;8;16;A01
201300023652;0;2;0;0;0;3;9;A01
201300023653;0;2;0;0;2;0;1;A01
201300023653;0;7;0;0;2;0;15;B01
201300023654;0;31;0;0;5;1;1;A01
201300023655;0;33;0;0;2;1;1;A01
201300023655;0;7;0;0;0;3;1;B01
201300023656;0;14;0;0;1;2;16;A01
201300023657;0;20;0;0;0;0;0;A01
201300023658;0;2;0;0;2;3;1;A01
201300023658;0;7;0;0;2;5;1;B01
201300023659;0;7;0;0;2;3;15;A01
201300023659;0;31;0;0;2;2;1;B01
201300023660;0;7;0;0;2;2;5;A01
201300023660;0;7;0;0;2;1;15;B01
201300023661;0;7;0;0;2;5;4;A01
201300023661;0;31;0;0;2;2;1;C01
201300023661;0;7;0;0;0;3;1;B01
201300023662;1;10;0;0;1;0;1;Z01
201300023663;0;2;0;0;0;1;1;A01
201300023663;0;7;0;0;2;5;15;B01
201300023664;0;30;0;0;2;1;2;A01
201300023664;0;7;0;0;2;5;2;B01
201300023665;0;1;0;0;0;0;1;A01
201300023665;0;1;0;0;0;3;1;B01
201300023666;0;33;0;0;0;8;0;A01
201300023667;0;7;0;0;2;2;2;A01
201300023667;0;2;0;0;2;1;2;B01
201300023668;0;7;0;0;2;5;1;A01
201300023668;0;30;0;0;2;1;16;B01
201300023669;0;37;4;0;2;2;16;B01
201300023669;0;13;0;8;2;2;1;A01
201300023670;0;7;0;0;2;2;1;B01
201300023670;0;7;0;0;2;1;1;A01
201300023671;0;33;0;0;2;1;13;A01
201300023671;0;7;0;0;0;3;15;B01
201300023672;0;1;0;0;1;3;1;A01
201300023673;0;7;0;0;2;1;1;B01
201300023673;0;7;0;0;2;1;1;A01
201300023674;0;7;0;0;1;4;4;A01
201300023675;0;7;0;0;0;3;22;A01
201300023675;0;1;0;1;2;1;1;B01
201300023676;0;7;0;0;2;3;9;A01
201300023676;0;7;0;0;2;2;9;B01
201300023677;0;33;0;0;1;3;1;A01
201300023678;0;7;0;0;1;8;15;A01
201300023679;0;1;0;0;2;0;16;A01
201300023679;0;7;0;0;2;5;16;B01
201300023680;0;1;0;1;2;2;1;B01
201300023680;0;10;0;0;2;0;22;A01
201300023681;0;7;0;0;2;1;1;A01
201300023681;0;7;0;0;2;9;1;C01
201300023681;0;7;0;0;2;4;1;D01
201300023681;0;7;0;0;2;9;1;B01
201300023682;0;7;0;0;2;3;10;A01
201300023682;0;33;0;0;2;1;1;B01
201300023683;0;7;0;0;2;7;1;A01
201300023683;0;32;0;0;2;1;1;B01
201300023684;0;2;0;0;2;1;1;A01
201300023684;0;7;0;0;2;6;1;B01
201300023685;0;7;0;0;2;3;11;A01
201300023685;0;7;0;0;2;2;1;B01
201300023686;0;7;0;0;0;5;2;B01
201300023686;0;7;0;0;2;1;2;A01
201300023687;0;7;0;0;2;7;15;A01
201300023687;0;30;0;0;2;1;1;B01
201300023688;0;7;0;0;2;1;15;A01
201300023688;0;31;0;0;2;1;1;B01
201300023689;0;30;0;0;2;8;1;A01
201300023689;0;37;1;0;2;8;11;B01
201300023690;0;33;0;0;2;1;1;B01
201300023690;0;7;0;0;0;3;15;A01
201300023691;0;7;0;0;1;0;4;A01
201300023692;0;2;0;0;0;8;1;A01
201300023693;0;10;0;0;2;8;1;B01
201300023693;0;1;0;0;2;1;1;A01
201300023694;0;7;0;0;2;2;1;B01
201300023694;0;7;0;0;2;3;1;A01
201300023695;0;1;0;0;2;1;1;B01
201300023695;0;7;0;0;2;1;15;A01
201300023696;0;7;0;0;2;1;5;A01
201300023696;0;33;0;0;2;1;1;B01
201300023697;0;7;0;0;2;4;4;A01
201300023697;0;30;0;0;2;9;1;B01
201300023698;0;7;0;0;1;3;1;A01
201300023699;0;10;0;0;2;4;2;B01
201300023699;0;7;0;0;0;4;2;C01
201300023699;0;7;0;0;2;1;2;A01
201300023700;0;7;0;0;1;0;16;A01
201300023701;0;7;0;0;2;1;1;A01
201300023701;0;7;0;0;2;2;1;B01
201300023702;0;32;0;0;0;0;0;B01
201300023702;1;7;0;0;2;0;0;Z01
201300023703;0;31;0;0;2;1;1;B01
201300023703;0;7;0;0;2;5;15;A01
201300023704;0;7;0;15;1;1;1;A01
201300023705;0;2;0;0;2;3;1;A01
201300023705;0;7;0;0;2;2;16;B01
201300023706;0;30;0;0;2;0;18;A01
201300023706;0;7;0;0;2;5;20;B01
201300023707;0;32;0;0;2;1;1;A01
201300023707;0;7;0;0;2;3;15;B01
201300023708;0;1;0;0;0;3;1;B01
201300023708;0;7;0;0;2;1;15;A01
201300023709;0;7;0;0;2;1;16;A01
201300023709;0;7;0;0;1;3;16;B01
201300023710;0;7;0;0;2;1;1;B01
201300023710;0;7;0;0;2;7;15;A01
201300023710;0;7;0;0;2;3;1;C01
201300023711;0;7;0;3;0;4;9;A01
201300023711;0;7;0;0;2;1;1;B01
201300023712;0;7;0;0;2;2;16;B01
201300023712;0;30;0;0;2;1;1;A01
201300023713;0;33;0;12;0;1;1;A01
201300023714;0;10;0;0;2;2;16;B01
201300023714;0;2;0;0;2;8;1;A01
201300023715;0;10;0;0;2;1;1;A01
201300023715;0;7;0;0;2;4;1;B01
201300023716;0;33;0;0;2;1;1;B01
201300023716;0;7;0;0;0;6;19;A01
201300023717;0;7;0;0;2;3;15;A01
201300023717;0;33;0;0;2;9;1;B01
201300023718;0;7;0;0;1;0;20;A01
201300023719;0;7;0;0;2;1;2;A01
201300023719;0;7;0;0;2;4;2;B01
201300023719;0;7;0;0;0;4;1;C01
201300023720;0;7;0;0;2;4;1;D01
201300023720;0;7;0;0;2;4;2;C01
201300023720;0;7;0;0;2;4;2;B01
201300023720;0;7;0;0;2;1;2;A01
201300023721;0;30;0;14;0;0;1;A01
201300023722;0;1;0;0;1;0;0;Z01
201300023723;0;7;0;0;1;2;1;A01
201300023724;0;7;0;0;2;5;4;A01
201300023724;0;32;0;0;0;1;0;B01
201300023725;0;7;0;0;2;7;1;A01
201300023725;0;30;0;0;2;3;15;B01
201300023726;0;7;0;0;1;1;0;A01
201300023727;0;14;0;0;2;1;1;A01
201300023727;0;1;0;0;2;9;1;B01
201300023728;0;7;0;0;2;1;2;A01
201300023728;0;7;0;0;2;4;2;B01
201300023728;0;7;0;0;0;4;2;C01
201300023729;0;7;0;1;0;2;1;A01
201300023730;0;7;0;0;1;2;1;A01
201300023731;0;1;0;0;2;8;16;A01
201300023731;0;7;0;0;2;1;1;B01
201300023732;0;7;0;0;2;8;1;A01
201300023732;0;7;0;0;2;1;1;B01
201300023733;0;7;0;0;2;1;15;B01
201300023733;0;2;0;0;2;3;1;A01
201300023734;0;10;0;0;2;3;9;A01
201300023734;0;1;0;0;2;0;1;B01
201300023735;0;1;0;0;4;3;15;A01
201300023735;0;40;0;0;2;2;1;B01
201300023736;1;7;0;0;2;0;16;Z01
201300023736;0;7;0;0;2;9;1;B01
201300023737;0;33;0;0;2;1;0;A01
201300023737;0;10;0;0;2;7;0;B01
201300023738;1;7;0;0;1;0;1;Z01
201300023739;0;2;0;0;2;1;2;A01
201300023739;0;7;0;0;0;4;2;B01
201300023740;0;33;0;0;0;0;0;A01
201300023740;0;1;0;0;0;4;0;B01
201300023741;0;7;0;0;2;2;15;A01
201300023741;0;7;0;0;2;1;1;B01
201300023742;0;33;0;0;2;0;2;A01
201300023742;0;33;0;0;2;4;2;B01
201300023743;0;7;0;0;2;1;2;B01
201300023743;0;7;0;0;2;1;2;A01
201300023743;0;7;0;0;0;1;2;C01
201300023744;0;7;0;0;2;3;15;B01
201300023744;0;2;0;0;2;1;1;A01
201300023745;0;33;0;0;2;1;9;A01
201300023745;0;10;0;0;2;1;9;B01
201300023746;0;33;0;0;2;0;0;B01
201300023746;0;7;0;0;2;0;0;A01
201300023747;0;7;0;0;2;1;2;A01
201300023747;0;7;0;0;0;4;2;B01
201300023748;0;33;0;0;2;0;1;A01
201300023748;0;7;0;0;2;2;12;B01
201300023749;0;10;0;0;0;6;1;B01
201300023749;0;7;0;0;0;4;1;C01
201300023749;0;32;0;0;2;8;3;A01
201300023750;0;7;0;0;1;1;1;A01
201300023751;0;1;0;12;0;0;15;A01
201300023752;0;7;0;0;2;2;1;B01
201300023752;0;7;0;0;2;8;9;A01
201300023753;0;7;0;8;0;1;13;A01
201300023754;0;7;0;6;0;1;1;A01
201300023755;0;7;0;0;1;0;1;A01
201300023756;0;7;0;0;1;3;15;A01
201300023757;0;38;2;0;2;1;2;A01
201300023757;0;7;0;0;0;4;1;D01
201300023757;0;7;0;0;2;4;2;C01
201300023757;0;7;0;0;2;4;2;B01
201300023758;0;7;0;0;0;3;1;A01
201300023758;0;7;0;0;2;4;15;B01
201300023759;0;10;0;0;2;2;9;A01
201300023759;0;1;0;0;0;0;1;B01
201300023760;0;7;0;1;0;2;14;A01
201300023761;0;7;0;0;0;5;16;A01
201300023761;0;2;0;0;2;7;1;B01
201300023762;0;7;0;0;1;3;15;A01
201300023763;0;7;0;0;2;2;1;B01
201300023763;0;7;0;0;2;1;1;A01
201300023764;0;37;2;13;0;8;1;A01
201300023765;0;30;0;12;0;1;1;A01
201300023766;0;7;0;1;2;1;1;B01
201300023766;0;7;0;1;2;1;1;A01
201300023767;0;7;0;0;1;2;16;A01
201300023768;0;7;0;0;2;1;0;B01
201300023768;0;7;0;0;2;2;1;A01
201300023769;0;2;0;0;2;1;2;A01
201300023769;0;10;0;0;0;4;23;B01
201300023770;0;7;0;0;0;5;1;B01
201300023770;0;2;0;0;2;1;16;A01
201300023771;0;7;0;0;2;3;0;C01
201300023771;0;7;0;0;2;3;6;A01
201300023771;0;7;0;0;2;3;0;B01
201300023772;1;1;0;0;2;0;5;Z01
201300023772;0;1;0;0;2;1;1;A01
201300023773;0;33;0;5;0;8;1;A01
201300023774;0;30;0;0;2;0;2;A01
201300023774;0;1;0;0;0;4;1;B01
201300023775;0;7;0;0;2;8;16;A01
201300023775;0;1;0;0;2;7;1;B01
201300023776;0;7;0;0;2;2;16;A01
201300023776;0;30;0;0;2;8;1;B01
201300023777;0;7;0;0;1;2;19;A01
201300023778;0;30;0;0;2;1;17;B01
201300023778;0;7;0;0;2;8;15;A01