num_acc;senc;catv;occutc;obs;obsm;choc;manv;num_veh
201300023779;0;7;0;0;2;1;15;B01
201300023779;0;7;0;0;2;2;1;A01
201300023780;0;7;0;0;2;1;10;A01
201300023780;0;32;0;12;2;1;1;B01
201300023781;0;7;0;0;2;3;15;A01
201300023781;0;33;0;0;2;7;1;B01
201300023782;0;2;0;0;0;7;1;A01
201300023783;0;7;0;0;2;1;5;A01
201300023783;0;33;0;0;2;1;1;B01
201300023784;0;7;0;0;2;1;15;A01
201300023784;0;7;0;0;2;3;1;B01
201300023785;0;7;0;0;2;1;2;A01
201300023785;0;7;0;0;0;4;23;C01
201300023785;0;10;0;0;2;9;23;B01
201300023786;0;7;0;0;1;1;1;A01
201300023787;0;7;0;0;0;5;1;A01
201300023787;0;33;0;0;2;1;2;B01
201300023788;0;33;0;0;0;0;1;A01
201300023789;0;7;0;0;2;2;1;B01
201300023789;0;7;0;0;2;3;1;A01
201300023790;0;10;0;0;2;4;1;B01
201300023790;0;32;0;0;2;1;1;A01
201300023791;0;7;0;0;2;1;2;A01
201300023791;0;7;0;0;0;4;23;C01
201300023791;0;7;0;0;2;1;23;B01
201300023792;0;1;0;0;2;7;1;A01
201300023792;0;7;0;0;2;6;1;B01
201300023793;0;7;0;0;2;3;15;A01
201300023793;0;33;0;0;2;1;1;B01
201300023794;0;1;0;0;2;1;9;B01
201300023794;0;7;0;0;2;3;1;A01
201300023795;0;7;0;8;2;1;1;A01
201300023795;0;7;0;1;2;9;24;B01
201300023795;0;7;0;1;2;9;24;C01
201300023795;0;7;0;1;2;4;24;D01
201300023796;0;7;0;0;2;1;11;A01
201300023796;0;7;0;0;2;4;1;B01
201300023797;1;30;0;0;1;0;18;Z01
201300023798;0;7;0;0;1;0;0;A01
201300023799;0;7;0;0;2;1;13;A01
201300023799;0;10;0;0;0;1;1;B01
201300023800;0;30;0;0;2;9;1;A01
201300023800;0;7;0;0;2;1;15;B01
201300023801;0;7;0;0;2;1;1;A01
201300023801;0;7;0;0;2;8;1;B01
201300023802;0;7;0;0;1;1;15;A01
201300023803;0;38;1;0;2;5;1;B01
201300023803;0;20;0;0;2;3;15;A01
201300023804;0;7;0;0;2;0;1;A01
201300023804;0;1;0;0;2;1;1;B01
201300023805;0;34;0;0;2;1;15;A01
201300023805;0;7;0;0;0;7;1;B01
201300023806;0;1;0;0;1;1;1;A01
201300023807;0;1;0;0;0;6;1;B01
201300023807;0;7;0;0;2;3;16;A01
201300023808;0;30;0;0;2;0;0;B01
201300023808;1;7;0;0;2;0;0;Z01
201300023809;0;7;0;0;2;2;15;A01
201300023809;0;32;0;0;2;1;1;B01
201300023810;1;33;0;0;2;1;14;A01
201300023810;0;7;0;0;2;8;1;B01
201300023811;0;7;0;0;2;8;24;A01
201300023811;0;1;0;1;0;1;1;B01
201300023812;0;31;0;0;1;8;1;A01
201300023813;0;7;0;13;0;1;14;A01
201300023814;0;7;0;0;1;0;1;A01
201300023815;0;30;0;0;2;2;1;B01
201300023815;0;7;0;0;2;3;15;A01
201300023816;0;33;0;0;2;8;1;B01
201300023816;0;10;0;0;0;2;15;A01
201300023817;0;7;0;0;2;1;1;A01
201300023817;0;7;0;0;0;4;2;B01
201300023818;0;7;0;0;2;7;15;B01
201300023818;0;7;0;0;2;1;1;A01
201300023819;0;7;0;0;2;4;1;B01
201300023819;0;7;0;0;2;1;1;A01
201300023820;0;7;0;0;1;8;1;A01
201300023821;0;13;0;0;2;3;1;B01
201300023821;0;7;0;0;2;3;13;A01
201300023822;0;7;0;0;2;2;10;A01
201300023822;0;33;0;0;2;3;1;B01
201300023823;0;2;0;0;9;8;2;A01
201300023824;0;2;0;6;0;1;14;A01
201300023825;0;7;0;1;2;6;20;B01
201300023825;0;7;0;0;2;1;1;A01
201300023826;0;33;0;0;2;3;15;B01
201300023826;0;7;0;0;2;5;15;A01
201300023827;0;1;0;0;1;1;1;A01
201300023828;0;1;0;0;1;3;1;A01
201300023829;0;10;0;0;2;1;1;B01
201300023829;0;7;0;0;2;1;1;C01
201300023829;0;10;0;0;2;3;1;A01
201300023830;0;31;0;0;2;2;1;B01
201300023830;0;7;0;0;2;3;15;A01
201300023831;0;14;0;0;2;1;1;A01
201300023831;0;7;0;0;0;8;1;B01
201300023832;0;33;0;0;2;9;1;B01
201300023832;0;10;0;0;2;8;1;A01
201300023833;0;7;0;0;2;2;13;A01
201300023834;0;7;0;0;1;1;1;A01
201300023835;0;7;0;0;2;2;9;A01
201300023835;0;1;0;0;0;0;0;B01
201300023836;0;7;0;0;2;3;22;A01
201300023836;0;1;0;1;0;1;1;B01
201300023837;0;1;0;0;2;2;19;A01
201300023837;0;1;0;0;2;3;1;B01
201300023838;0;7;0;0;0;7;1;B01
201300023838;0;1;0;0;2;3;16;A01
201300023839;0;33;0;0;0;8;1;B01
201300023839;0;7;0;0;0;7;1;A01
201300023840;0;7;0;0;2;2;15;A01
201300023840;0;3;0;0;2;3;1;B01
201300023841;0;7;0;0;2;3;1;A01
201300023841;0;7;0;0;2;0;1;B01
201300023842;0;1;0;0;2;2;1;A01
201300023842;0;7;0;0;2;7;1;C01
201300023842;0;1;0;0;2;0;1;B01
201300023842;2;2;0;0;2;0;1;Z01
201300023843;1;7;0;0;0;0;1;Z01
201300023843;0;1;0;0;2;1;1;B01
201300023844;0;1;0;14;0;0;0;A01
201300023845;0;1;0;0;2;0;15;A01
201300023845;0;31;0;0;2;0;1;B01
201300023846;0;7;0;0;2;2;15;A01
201300023846;0;31;0;0;2;8;1;B01
201300023847;0;7;0;0;2;1;13;B01
201300023847;0;33;0;0;2;3;13;A01
201300023848;0;7;0;0;2;0;1;A01
201300023849;0;7;0;0;2;1;2;A01
201300023849;0;7;0;0;0;4;2;B01
201300023850;0;7;0;0;2;7;1;A01
201300023850;0;2;0;0;2;1;1;B01
201300023851;0;2;0;8;1;0;1;A01
201300023852;0;31;0;0;2;1;1;A01
201300023852;0;7;0;0;2;4;1;B01
201300023853;0;10;0;0;0;7;2;B01
201300023853;0;2;0;0;2;1;2;A01
201300023854;0;31;0;0;1;2;1;A01
201300023854;0;7;0;0;2;9;23;B01
201300023855;0;7;0;0;2;3;1;B01
201300023855;0;2;0;0;2;1;17;A01
201300023856;0;7;0;0;1;1;1;A01
201300023857;0;1;0;0;2;1;1;B01
201300023857;0;7;0;0;2;1;15;A01
201300023858;0;7;0;0;1;1;15;A01
201300023859;0;7;0;0;2;3;1;B01
201300023859;0;7;0;0;2;3;15;A01
201300023860;0;7;0;0;1;1;1;A01
201300023861;0;7;0;0;2;1;2;A01
201300023861;0;7;0;0;0;4;2;B01
201300023862;0;7;0;0;2;4;1;A01
201300023862;0;7;0;0;2;1;2;B01
201300023863;0;39;0;0;2;3;1;B01
201300023863;0;7;0;0;2;2;15;A01
201300023864;0;30;0;0;2;1;1;A01
201300023864;0;7;0;0;2;2;15;B01
201300023865;0;7;0;0;2;8;1;A01
201300023865;0;1;0;0;2;0;15;B01
201300023866;0;7;0;0;2;1;1;A01
201300023866;0;7;0;0;2;4;2;C01
201300023866;0;7;0;0;2;4;2;B01
201300023867;0;33;0;0;2;1;1;B01
201300023867;0;7;0;0;2;2;15;A01
201300023868;1;7;0;0;2;3;24;Z01
201300023868;0;1;0;1;0;2;1;B01
201300023869;0;2;0;0;2;1;1;B01
201300023869;0;7;0;0;2;3;1;A01
201300023870;0;7;0;0;1;2;16;A01
201300023871;0;7;0;0;2;6;1;B01
201300023871;0;33;0;0;2;8;1;A01
201300023872;0;1;0;0;2;1;9;A01
201300023872;0;7;0;0;2;3;1;B01
201300023873;0;30;0;0;2;5;1;A01
201300023873;0;7;0;0;2;3;1;B01
201300023874;0;14;0;0;2;8;15;B01
201300023874;0;33;0;0;2;6;1;A01
201300023875;0;31;0;0;2;1;1;B01
201300023875;0;7;0;0;0;7;15;A01
201300023876;0;7;0;0;2;3;15;A01
201300023876;0;31;0;0;2;1;1;B01
201300023877;0;20;0;0;2;1;1;B01
201300023877;0;7;0;0;2;3;16;A01
201300023878;0;7;0;0;2;9;13;A01
201300023878;0;7;0;0;2;9;1;B01
201300023879;0;7;0;1;0;1;1;A01
201300023880;0;40;0;0;1;3;1;B01
201300023881;0;7;0;0;0;5;1;B01
201300023881;1;7;0;0;0;1;2;Z01
201300023882;0;7;0;0;0;7;16;A01
201300023882;0;33;0;0;2;1;1;B01
201300023883;0;7;0;0;2;4;1;C01
201300023883;0;7;0;0;2;1;1;A01
201300023883;0;7;0;0;2;4;1;B01
201300023884;0;33;0;0;2;0;1;A01
201300023884;0;7;0;0;2;3;15;B01
201300023885;0;33;0;0;0;9;1;A01
201300023886;0;1;0;0;2;0;1;B01
201300023886;0;7;0;0;0;0;16;A01
201300023887;0;7;0;0;2;1;1;B01
201300023887;0;7;0;0;2;1;0;A01
201300023888;0;1;0;0;2;1;15;B01
201300023888;0;7;0;0;2;2;1;A01
201300023889;0;7;0;0;2;2;1;A01
201300023890;0;7;0;1;2;7;2;A01
201300023890;0;7;0;0;2;9;1;B01
201300023891;0;33;0;0;0;7;16;A01
201300023891;0;7;0;0;2;3;15;B01
201300023892;0;40;0;0;1;5;1;A01
201300023893;0;7;0;0;2;2;1;B01
201300023893;0;1;0;0;2;1;19;A01
201300023894;0;7;0;0;0;3;2;C01
201300023894;0;15;0;0;0;3;1;B01
201300023894;0;33;0;0;2;9;1;A01
201300023895;0;7;0;0;0;7;1;B01
201300023895;0;7;0;0;2;3;1;C01
201300023895;0;7;0;0;2;1;1;A01
201300023896;0;32;0;0;2;3;1;B01
201300023896;0;7;0;0;0;2;16;A01
201300023897;0;7;0;0;2;2;2;A01
201300023897;0;7;0;0;0;6;1;B01
201300023898;0;1;0;0;2;1;1;A01
201300023898;0;7;0;0;2;1;1;B01
201300023899;0;31;0;6;0;0;1;A01
201300023900;0;7;0;0;2;5;1;B01
201300023900;0;1;0;0;0;8;1;A01
201300023901;0;7;0;0;0;0;1;B01
201300023901;0;32;0;0;2;2;2;A01
201300023902;0;7;0;0;0;4;2;C01
201300023902;0;7;0;0;2;4;2;B01
201300023902;0;7;0;0;2;1;2;A01
201300023903;0;2;0;0;2;3;1;A01
201300023903;0;7;0;0;2;2;1;B01
201300023904;0;30;0;0;2;3;1;B01
201300023904;0;7;0;0;2;2;12;A01
201300023905;0;10;0;0;0;1;1;B01
201300023905;0;7;0;0;2;1;13;A01
201300023906;0;7;0;1;2;1;10;A01
201300023906;0;7;0;0;2;7;1;B01
201300023907;0;7;0;0;2;4;1;B01
201300023907;0;7;0;0;2;1;1;A01
201300023908;0;7;0;0;0;5;1;B01
201300023908;0;7;0;1;2;1;1;A01
201300023909;0;7;0;0;2;4;2;B01
201300023909;0;7;0;0;0;4;2;C01
201300023909;0;7;0;0;2;1;2;A01
201300023910;0;7;0;13;0;8;1;A01
201300023911;0;7;0;0;2;1;15;A01
201300023911;0;33;0;0;2;1;1;B01
201300023912;0;1;0;1;2;1;2;A01
201300023913;0;2;0;0;2;1;1;B01
201300023913;0;7;0;0;0;2;15;A01
201300023914;0;10;0;0;1;7;1;B01
201300023915;0;1;0;0;0;4;1;A01
201300023915;0;31;0;0;2;1;15;B01
201300023916;0;7;0;0;2;0;1;A01
201300023916;0;1;0;0;0;3;16;B01
201300023917;0;7;0;0;2;6;4;A01
201300023917;0;2;0;0;0;2;2;B01
201300023918;0;7;0;6;2;1;1;B01
201300023918;0;7;0;0;0;2;1;A01
201300023919;0;7;0;0;2;1;2;A01
201300023919;0;7;0;0;0;4;2;B01
201300023920;0;7;0;0;0;6;13;A01
201300023920;0;33;0;0;2;7;21;B01
201300023921;0;7;0;0;2;2;15;A01
201300023921;0;2;0;0;2;1;1;B01
201300023922;0;33;0;0;2;7;16;B01
201300023922;0;7;0;0;2;3;16;A01
201300023923;0;7;0;0;2;3;1;C01
201300023923;0;7;0;0;2;2;1;A01
201300023923;0;7;0;0;2;4;1;B01
201300023924;0;33;0;0;2;1;2;A01
201300023924;0;7;0;0;0;6;1;B01
201300023925;0;10;0;0;0;7;15;A01
201300023925;0;10;0;0;2;1;1;B01
201300023926;0;40;0;0;2;1;1;B01
201300023926;0;10;0;0;4;8;1;A01
201300023927;0;2;0;0;0;1;1;B01
201300023927;0;7;0;0;2;1;15;A01
201300023928;0;7;0;0;2;1;2;A01
201300023928;0;7;0;0;0;4;1;B01
201300023929;0;7;0;0;1;2;17;B01
201300023930;0;33;0;0;2;1;1;B01
201300023930;0;7;0;0;2;2;15;A01
201300023931;0;1;0;0;0;1;0;B01
201300023931;0;7;0;0;2;1;16;A01
201300023932;0;7;0;0;2;3;24;A01
201300023932;0;1;0;0;2;1;1;B01
201300023933;0;7;0;13;0;2;1;A01
201300023934;0;33;0;0;2;1;1;A01
201300023934;0;7;0;0;2;6;15;B01
201300023935;0;7;0;0;0;3;15;A01
201300023935;0;7;0;0;2;2;1;B01
201300023936;0;7;0;0;2;1;1;A01
201300023936;0;7;0;0;2;4;1;B01
201300023937;0;1;0;0;0;0;16;B01
201300023937;0;7;0;0;2;3;16;A01
201300023938;0;7;0;0;2;1;1;B01
201300023938;0;32;0;0;2;1;1;A01
201300023939;0;7;0;0;2;1;2;A01
201300023939;0;7;0;0;2;3;2;B01
201300023940;0;7;0;0;0;4;1;C01
201300023940;1;7;0;0;2;1;2;Z01
201300023940;0;7;0;0;2;4;2;B01
201300023941;0;2;0;0;2;1;1;B01
201300023941;0;7;0;0;2;3;15;A01
201300023942;0;7;0;0;0;1;1;B01
201300023942;0;7;0;0;2;1;1;A01
201300023943;0;2;0;0;9;1;1;A01
201300023944;0;2;0;15;0;2;1;A01
201300023945;0;7;0;0;2;3;16;A01
201300023945;0;1;0;0;0;4;1;B01
201300023946;0;1;0;0;2;0;1;B01
201300023946;0;10;0;0;2;5;1;A01
201300023947;0;34;0;0;2;1;1;B01
201300023947;0;10;0;0;2;3;16;A01
201300023948;0;7;0;0;0;5;1;B01
201300023948;0;7;0;0;2;1;1;A01
201300023949;0;7;0;0;1;3;1;A01
201300023950;0;33;0;0;1;7;1;A01
201300023951;0;2;0;0;2;1;15;A01
201300023951;0;7;0;0;2;3;1;B01
201300023952;0;7;0;5;0;1;1;A01
201300023953;0;7;0;0;0;1;16;A01
201300023953;0;1;0;0;2;0;1;B01
201300023954;0;7;0;0;2;2;1;B01
201300023954;0;7;0;15;2;7;1;A01
201300023955;0;7;0;0;0;4;1;B01
201300023955;0;7;0;0;2;1;2;A01
201300023956;0;7;0;0;2;3;1;B01
201300023956;0;31;0;0;0;6;9;A01
201300023957;0;7;0;0;1;3;1;A01
201300023958;0;7;0;0;2;4;2;B01
201300023958;0;2;0;0;2;1;2;A01
201300023959;0;10;0;0;2;1;2;A01
201300023959;0;7;0;0;0;4;1;B01
201300023960;0;7;0;0;2;1;1;A01
201300023960;0;7;0;0;2;2;1;B01
201300023961;0;7;0;0;2;3;1;B01
201300023961;0;7;0;0;2;1;23;C01
201300023961;0;7;0;0;2;3;1;A01
201300023961;0;10;0;0;0;3;23;D01
201300023962;0;31;0;0;2;8;12;A01
201300023962;0;7;0;0;0;4;2;B01
201300023963;0;7;0;0;2;1;1;A01
201300023963;0;31;0;0;2;4;1;B01
201300023964;1;7;0;0;1;8;1;A01
201300023965;0;1;0;0;0;4;1;B01
201300023965;0;7;0;0;2;3;2;A01
201300023966;0;1;0;0;0;3;1;B01
201300023966;0;7;0;0;0;0;15;A01
201300023967;0;7;0;12;0;7;9;A01
201300023968;0;2;0;0;2;1;1;A01
201300023968;0;7;0;0;0;7;1;B01
201300023969;0;7;0;0;1;3;1;A01
201300023970;0;2;0;0;0;0;0;A01
201300023971;0;7;0;0;0;4;2;B01
201300023971;0;33;0;0;2;1;2;A01
201300023972;0;7;0;0;2;4;2;B01
201300023972;0;7;0;0;0;4;23;C01
201300023972;1;7;0;0;2;1;2;Z01
201300023973;0;31;0;0;2;9;1;B01
201300023973;0;7;0;0;2;3;9;A01
201300023974;0;7;0;0;2;4;2;B01
201300023974;0;7;0;0;2;1;2;A01
201300023975;0;7;0;0;0;3;15;B01
201300023975;0;33;0;0;2;1;17;A01
201300023976;0;7;0;0;1;1;1;A01
201300023977;0;7;0;0;1;3;1;A01
201300023978;0;31;0;0;1;1;1;A01
201300023979;0;7;0;0;2;1;15;A01
201300023979;0;33;0;0;2;1;1;B01
201300023980;0;2;0;0;2;7;1;A01
201300023980;0;3;0;0;2;6;1;C01
201300023980;0;2;0;0;2;0;1;B01
201300023981;0;30;0;0;2;7;1;A01
201300023981;0;7;0;0;2;1;10;B01
201300023982;0;7;0;6;0;7;15;A01
201300023983;0;7;0;0;2;1;10;A01
201300023983;0;2;0;0;2;1;1;B01
201300023984;0;7;0;2;2;3;16;A01
201300023984;0;7;0;0;2;7;1;B01
201300023985;0;33;0;0;1;8;1;A01
201300023986;0;7;0;0;2;2;1;B01
201300023986;0;7;0;0;0;2;16;A01
201300023987;0;7;0;0;0;3;15;B01
201300023987;0;1;0;0;2;1;2;A01
201300023988;0;7;0;0;0;0;1;A01
201300023988;0;7;0;0;0;0;15;B01
201300023989;1;30;0;0;2;1;2;Z01
201300023989;0;7;0;0;0;0;1;A01
201300023990;0;7;0;0;1;1;1;A01
201300023991;0;7;0;0;0;0;20;B01
201300023991;0;37;50;0;0;0;1;A01
201300023992;0;2;0;1;0;1;1;A01
201300023993;0;7;0;0;0;8;15;A01
201300023993;0;33;0;0;2;1;1;B01
201300023994;0;7;0;0;2;4;2;B01
201300023994;0;7;0;0;2;1;2;A01
201300023995;0;2;0;0;2;1;15;B01
201300023995;0;7;0;0;2;2;1;A01
201300023996;0;7;0;0;2;2;15;A01
201300023996;0;32;0;0;2;1;1;B01
201300023997;0;7;0;0;2;3;15;A01
201300023997;0;10;0;0;2;3;1;B01
201300023998;0;7;0;0;1;3;15;A01
201300023999;0;10;0;0;0;4;23;B01
201300023999;0;33;0;1;0;9;18;A01
201300024000;0;7;0;0;2;1;1;A01
201300024000;0;7;0;0;0;4;15;B01
201300024001;0;7;0;1;1;1;15;A01
201300024002;0;7;0;0;0;4;1;B01
201300024002;0;7;0;0;2;1;2;A01
201300024003;0;7;0;0;0;2;1;A01
201300024003;0;2;0;0;2;1;15;B01
201300024004;0;7;0;0;0;4;1;C01
201300024004;0;7;0;0;2;1;2;A01
201300024004;0;7;0;1;0;1;1;B01
201300024005;0;7;0;0;2;1;1;A01
201300024005;0;7;0;0;0;3;1;B01
201300024006;0;10;0;0;0;4;1;B01
201300024006;0;2;0;0;2;1;2;A01
201300024007;0;2;0;0;2;1;1;A01
201300024007;0;7;0;0;2;7;1;B01
201300024008;0;7;0;0;0;6;15;B01
201300024008;0;33;0;0;2;1;17;A01
201300024009;0;7;0;0;1;0;16;A01
201300024010;0;10;0;0;2;9;1;B01
201300024010;0;10;0;0;2;1;1;A01
201300024010;0;7;0;0;0;4;1;C01
201300024011;0;7;0;0;2;4;1;A01
201300024011;0;7;0;0;2;1;2;B01
201300024012;0;35;0;0;1;2;1;A01
201300024013;0;7;0;0;2;2;1;A01
201300024013;0;7;0;0;2;4;1;B01
201300024014;0;2;0;0;2;1;1;B01
201300024014;0;7;0;0;2;5;9;A01
201300024015;0;7;0;0;2;7;15;B01
201300024015;0;2;0;0;2;1;1;A01
201300024016;0;7;0;14;0;1;1;C01
201300024016;0;7;0;14;2;4;1;B01
201300024016;0;7;0;0;2;1;1;A01
201300024017;0;7;0;0;1;2;1;A01
201300024018;0;40;0;0;1;0;1;A01
201300024019;0;7;0;0;2;2;16;A01
201300024019;0;1;0;0;2;1;1;B01
201300024020;0;7;0;0;1;2;16;A01
201300024021;0;7;0;8;2;1;2;A01
201300024021;0;7;0;0;0;4;1;B01
201300024022;0;7;0;0;1;3;15;A01
201300024023;0;7;0;0;2;1;15;A01
201300024023;0;33;0;0;2;1;1;B01
201300024024;0;1;0;0;0;0;15;B01
201300024024;0;7;0;0;0;3;20;A01
201300024025;0;7;0;0;0;6;1;B01
201300024025;1;7;0;0;2;3;13;A01
201300024026;0;7;0;0;2;1;9;A01
201300024026;0;7;0;0;0;7;1;B01
201300024027;0;7;0;0;2;1;1;B01
201300024027;0;7;0;0;2;0;15;A01
201300024028;0;7;0;0;2;1;2;A01
201300024028;0;7;0;0;2;4;2;B01
201300024029;0;7;0;0;2;1;15;B01
201300024029;0;7;0;0;0;7;1;A01
201300024030;0;7;0;0;2;1;16;A01
201300024030;0;31;0;0;2;1;1;B01
201300024031;0;7;0;0;0;4;2;B01
201300024031;0;14;0;0;2;1;2;A01
201300024032;0;7;0;0;1;2;1;A01
201300024033;0;7;0;0;2;1;1;B01
201300024033;0;7;0;0;2;2;15;A01
201300024034;0;33;0;0;2;7;1;B01
201300024034;0;7;0;0;0;1;12;A01
201300024035;0;1;0;0;2;6;1;B01
201300024035;0;7;0;0;2;2;9;A01
201300024036;0;7;0;0;0;5;15;A01
201300024036;0;7;0;0;2;1;1;B01
201300024037;0;7;0;0;2;3;1;B01
201300024037;0;7;0;0;2;2;1;A01
201300024038;0;7;0;0;2;8;22;B01
201300024038;0;30;0;0;2;3;2;A01
201300024039;0;7;0;0;1;0;16;A01
201300024040;0;7;0;0;0;8;9;A01
201300024040;0;1;0;0;2;1;1;B01
201300024041;0;30;0;0;0;0;1;A01
201300024042;0;7;0;0;2;8;0;B01
201300024042;0;30;0;0;2;1;0;A01
201300024043;0;7;0;0;1;1;1;A01
201300024044;0;7;0;0;2;1;2;A01
201300024044;0;7;0;0;0;4;1;B01
201300024045;0;2;0;0;0;7;0;A01
201300024046;0;40;0;0;1;2;19;A01
201300024047;0;7;0;0;2;1;2;A01
201300024047;0;7;0;0;0;4;1;B01
201300024048;0;7;0;0;0;3;9;A01
201300024048;0;31;0;0;0;7;1;B01
201300024049;0;10;0;0;0;0;1;B01
201300024049;0;33;0;0;2;9;1;A01
201300024050;1;7;0;0;1;0;0;Z01
201300024051;0;7;0;0;2;2;1;Z01
201300024051;0;7;0;0;0;9;1;A01
201300024051;0;33;0;0;2;1;1;B01
201300024052;0;7;0;0;0;5;16;B01
201300024052;0;30;0;0;2;3;1;A01
201300024053;0;7;0;0;0;3;1;B01
201300024053;0;31;0;0;2;9;18;A01
201300024054;0;7;0;0;2;1;1;B01
201300024054;0;7;0;0;2;7;15;A01
201300024055;0;7;0;0;1;2;1;A01
201300024056;0;7;0;0;2;3;15;A01
201300024056;0;7;0;0;2;3;1;B01
201300024057;0;7;0;0;0;4;1;B01
201300024057;0;10;0;0;2;1;2;A01
201300024058;0;2;0;0;2;1;2;A01
201300024058;0;7;0;0;0;5;1;B01
201300024059;0;7;0;0;1;0;0;A01
201300024060;0;7;0;0;2;8;1;C01
201300024060;0;32;0;0;2;2;1;A01
201300024060;0;7;0;0;0;3;1;B01
201300024061;0;31;0;0;2;1;2;A01
201300024061;0;7;0;0;0;4;1;B01
201300024062;0;2;0;0;2;1;1;A01
201300024062;0;7;0;0;0;0;0;B01
201300024063;0;7;0;0;2;1;15;A01
201300024063;0;1;0;0;0;6;1;B01
201300024064;0;7;0;6;0;8;1;A01
201300024064;0;7;0;0;2;1;1;B01
201300024065;0;33;0;0;2;1;1;A01
201300024065;0;7;0;0;0;3;15;B01
201300024066;0;7;0;0;2;1;15;A01
201300024066;0;7;0;0;2;1;1;B01
201300024067;0;7;0;0;1;2;1;A01
201300024068;0;7;0;0;2;2;1;A01
201300024068;0;16;0;0;2;2;1;B01
201300024069;0;30;0;0;1;1;1;A01
201300024070;0;7;0;0;1;1;17;A01
201300024071;0;7;0;0;1;2;15;A01
201300024072;0;7;0;2;0;1;1;A01
201300024073;0;7;0;0;0;3;24;A01
201300024073;0;1;0;1;0;1;1;B01
201300024074;0;34;0;0;2;1;1;B01
201300024074;0;7;0;0;0;7;15;A01
201300024075;0;37;0;0;2;8;1;Z01
201300024075;0;1;0;0;2;8;1;B01
201300024076;0;7;0;0;0;4;2;B01
201300024076;0;10;0;0;2;1;1;A01
201300024077;0;7;0;12;0;1;1;A01
201300024078;0;7;0;0;2;1;1;A01
201300024078;0;1;0;0;2;7;1;B01
201300024079;0;10;0;0;2;8;15;A01
201300024079;0;30;0;0;2;1;17;B01
201300024080;0;40;0;0;1;1;1;A01
201300024081;0;7;0;0;0;8;1;A01
201300024082;0;2;0;0;0;7;1;A01
201300024082;0;37;62;0;2;1;1;B01
201300024083;0;7;0;0;2;1;15;A01
201300024083;0;10;0;0;0;7;1;B01
201300024084;0;2;0;0;0;0;1;A01
201300024085;1;31;0;0;2;2;1;A01
201300024085;0;7;0;0;2;3;17;B01
201300024086;0;1;0;0;2;1;1;B01
201300024086;0;7;0;0;2;3;15;A01
201300024087;1;7;0;0;1;0;6;A01
201300024088;0;7;0;0;0;6;15;A01
201300024088;0;33;0;0;2;0;1;B01
201300024089;0;32;0;0;0;6;1;B01
201300024089;1;7;0;0;2;0;2;Z01
201300024090;0;7;0;15;0;1;15;A01
201300024091;0;7;0;0;0;3;13;A01
201300024091;0;33;0;0;0;1;1;B01
201300024092;0;33;0;12;0;1;1;A01
201300024093;0;1;0;0;2;1;1;A01
201300024093;0;7;0;0;2;1;1;B01
201300024094;0;7;0;0;2;2;2;A01
201300024094;0;37;1;0;0;6;24;B01
201300024095;1;7;0;0;1;0;1;Z01
201300024096;0;10;0;0;0;8;22;A01
201300024096;0;2;0;0;2;1;1;B01
201300024097;0;30;0;0;2;2;1;A01
201300024097;0;7;0;0;2;3;16;B01
201300024098;0;7;0;0;2;1;2;A01
201300024098;0;2;0;0;2;2;1;B01
201300024099;0;37;0;0;2;0;16;B01
201300024099;0;1;0;0;2;1;1;A01
201300024100;0;2;0;0;0;8;1;A01
201300024101;0;7;0;0;0;1;1;B01
201300024101;0;7;0;0;2;7;1;A01
201300024102;0;1;0;0;4;9;15;A01
201300024102;0;40;0;0;2;1;1;B01
201300024103;0;33;0;0;2;9;1;B01
201300024103;0;7;0;0;2;2;10;A01
201300024104;0;37;4;0;2;2;2;A01
201300024104;0;7;0;0;0;6;1;B01
201300024105;0;7;0;1;0;3;1;A01
201300024106;0;1;0;0;2;8;1;A01
201300024106;0;40;0;0;0;0;1;B01
201300024107;0;10;0;10;0;1;1;A01
201300024108;0;31;0;0;0;9;1;A01
201300024108;0;7;0;0;2;1;1;B01
201300024109;0;7;0;0;1;2;1;A01
201300024110;0;38;1;0;0;6;16;B01
201300024110;0;7;0;0;2;2;16;A01
201300024111;0;10;0;0;1;3;1;A01
201300024112;0;40;0;0;1;3;1;A01
201300024113;0;10;0;0;0;3;1;B01
201300024113;0;7;0;0;2;3;1;A01
201300024114;0;7;0;0;1;1;16;A01
201300024115;0;7;0;6;0;5;17;A01
201300024115;0;10;0;0;2;3;15;B01
201300024116;0;7;0;0;0;4;1;B01
201300024116;0;10;0;0;2;1;2;A01
201300024117;0;10;0;0;0;1;1;B01
201300024117;0;7;0;0;2;1;15;A01
201300024118;0;2;0;0;2;1;2;A01
201300024118;0;7;0;0;0;3;1;B01
201300024119;0;10;0;0;2;1;13;A01
201300024119;0;2;0;0;0;1;1;B01
201300024120;0;7;0;0;0;3;1;B01
201300024120;0;7;0;0;2;3;5;A01
201300024121;0;1;0;0;1;2;1;A01
201300024122;0;7;0;0;0;7;15;A01
201300024122;0;2;0;0;2;2;1;B01
201300024123;0;33;0;0;2;2;2;A01
201300024123;0;7;0;0;0;6;1;B01
201300024124;0;7;0;0;2;7;16;A01
201300024124;0;7;0;0;2;3;1;B01
201300024125;0;33;0;0;2;4;23;A01
201300024125;0;7;0;0;2;3;2;B01
201300024126;0;2;0;0;0;3;1;A01
201300024127;0;1;0;0;0;0;1;B01
201300024127;0;10;0;0;0;2;16;A01
201300024128;0;2;0;0;2;1;1;B01
201300024128;0;7;0;0;0;8;15;A01
201300024129;0;40;0;0;1;0;1;A01
201300024130;0;7;0;0;2;2;1;B01
201300024130;0;7;0;0;0;6;10;A01