num_acc;senc;catv;occutc;obs;obsm;choc;manv;num_veh
201300024131;0;7;0;0;2;1;1;A01
201300024131;0;7;0;1;0;3;1;B01
201300024132;0;2;0;0;0;4;1;B01
201300024132;0;7;0;0;2;1;2;A01
201300024133;0;7;0;0;0;4;23;B01
201300024133;0;30;0;0;2;1;1;A01
201300024134;0;7;0;0;0;4;1;C01
201300024134;0;7;0;0;2;1;1;A01
201300024134;0;2;0;0;2;4;1;B01
201300024135;0;7;0;0;0;7;24;A01
201300024135;0;1;0;1;0;0;0;B01
201300024136;0;7;0;0;1;0;1;A01
201300024137;0;33;0;0;2;2;1;B01
201300024137;0;7;0;0;0;3;10;A01
201300024138;0;10;0;0;1;4;4;A01
201300024139;0;37;1;0;2;1;1;A01
201300024139;0;7;0;0;0;4;1;B01
201300024140;0;7;0;0;0;5;16;A01
201300024140;0;1;0;0;2;3;1;B01
201300024141;0;7;0;0;2;1;15;A01
201300024141;0;31;0;0;2;1;1;B01
201300024142;0;7;0;0;1;3;1;A01
201300024143;0;7;0;8;0;1;1;A01
201300024144;0;30;0;0;0;8;1;A01
201300024145;0;10;0;0;2;1;15;B01
201300024145;0;33;0;0;2;1;1;A01
201300024146;0;7;0;1;2;3;0;B01
201300024146;0;7;0;0;0;7;0;A01
201300024147;0;7;0;0;2;3;1;A01
201300024147;0;2;0;0;2;1;1;B01
201300024148;1;7;0;14;0;1;1;Z01
201300024148;0;7;0;0;0;4;23;A01
201300024149;0;33;0;0;2;1;17;A01
201300024149;0;7;0;0;2;1;9;B01
201300024150;0;33;0;0;2;8;1;B01
201300024150;0;7;0;0;2;1;15;A01
201300024151;0;7;0;0;0;4;1;B01
201300024151;0;7;0;0;2;1;2;A01
201300024152;0;30;0;0;2;1;1;A01
201300024152;0;7;0;0;0;4;1;B01
201300024153;0;7;0;0;2;8;11;B01
201300024153;0;2;0;0;2;2;17;A01
201300024154;0;7;0;0;2;3;1;B01
201300024154;0;7;0;0;2;2;15;A01
201300024155;0;7;0;0;0;7;22;A01
201300024155;0;1;0;0;2;0;1;B01
201300024156;0;10;0;0;2;7;15;A01
201300024156;0;30;0;0;2;7;1;B01
201300024157;0;7;0;6;0;1;13;A01
201300024158;0;1;0;0;2;0;1;A01
201300024158;0;7;0;0;0;1;16;B01
201300024159;0;7;0;0;0;9;1;B01
201300024159;0;7;0;0;2;1;1;A01
201300024160;0;1;0;0;2;8;11;A01
201300024160;0;7;0;0;2;2;1;B01
201300024161;0;7;0;0;0;4;1;B01
201300024161;0;30;0;0;2;1;1;A01
201300024162;0;1;0;0;2;7;1;B01
201300024162;0;7;0;0;2;1;1;A01
201300024163;1;7;0;0;0;0;0;Z01
201300024163;0;1;0;0;0;8;1;A01
201300024164;0;30;0;0;2;1;1;B01
201300024164;0;7;0;0;2;1;15;A01
201300024165;0;7;0;0;2;1;2;A01
201300024165;0;31;0;0;0;4;1;B01
201300024166;0;1;0;0;2;1;1;A01
201300024166;0;7;0;0;2;2;15;B01
201300024167;0;7;0;0;2;2;1;A01
201300024167;0;10;0;0;0;6;18;B01
201300024168;0;1;0;0;0;0;15;B01
201300024168;0;7;0;0;0;2;1;A01
201300024169;0;33;0;7;2;1;0;A01
201300024169;0;10;0;0;0;4;1;B01
201300024170;0;3;0;6;0;1;13;A01
201300024171;0;7;0;0;2;1;15;B01
201300024171;0;1;0;0;0;0;1;A01
201300024172;0;7;0;0;0;4;1;B01
201300024172;0;7;0;0;2;1;2;A01
201300024173;0;10;0;0;2;1;15;A01
201300024173;0;31;0;0;0;7;1;B01
201300024174;0;7;0;9;2;3;1;A01
201300024175;0;7;0;0;2;2;15;A01
201300024175;0;1;0;0;2;3;1;B01
201300024176;0;7;0;0;2;4;2;B01
201300024176;0;7;0;0;0;4;1;C01
201300024176;0;7;0;0;2;1;2;A01
201300024177;0;7;0;0;2;1;15;A01
201300024177;0;31;0;0;2;1;1;B01
201300024178;0;33;0;0;2;3;15;B01
201300024178;0;7;0;0;2;1;15;A01
201300024179;0;7;0;7;0;8;1;B01
201300024179;1;10;0;0;2;1;1;A01
201300024180;0;7;0;0;0;6;1;B01
201300024180;0;7;0;7;2;1;1;A01
201300024181;0;7;0;0;2;1;1;B01
201300024181;0;10;0;0;2;2;1;A01
201300024182;0;7;0;0;1;3;9;A01
201300024183;0;7;0;0;0;2;1;A01
201300024183;0;40;0;0;2;1;1;B01
201300024184;0;7;0;0;2;1;1;A01
201300024184;0;7;0;0;0;4;1;B01
201300024185;0;1;0;0;2;1;1;B01
201300024185;1;7;0;0;2;0;16;A01
201300024186;0;7;0;0;2;1;1;B01
201300024186;0;7;0;0;2;1;15;A01
201300024187;0;30;0;0;1;1;1;A01
201300024188;0;7;0;4;0;8;1;A01
201300024189;0;1;0;0;2;3;1;A01
201300024189;0;37;0;0;0;7;1;B01
201300024190;0;7;0;0;2;3;9;A01
201300024190;0;1;0;0;0;7;1;B01
201300024191;0;7;0;11;2;1;5;A01
201300024191;0;33;0;0;2;1;1;B01
201300024192;0;10;0;0;1;2;1;A01
201300024193;0;7;0;0;1;8;1;A01
201300024194;0;31;0;0;2;1;1;B01
201300024194;0;7;0;0;2;0;15;A01
201300024195;0;10;0;0;2;1;2;A01
201300024195;0;37;1;0;0;6;1;B01
201300024196;0;33;0;0;1;1;1;A01
201300024197;0;7;0;0;1;1;1;A01
201300024198;0;7;0;0;1;1;0;A01
201300024199;0;7;0;8;4;8;1;A01
201300024199;0;40;0;0;2;2;1;B01
201300024200;0;30;0;0;2;1;1;A01
201300024200;0;7;0;0;2;2;1;B01
201300024201;0;7;0;0;2;3;1;B01
201300024201;0;10;0;8;2;1;10;A01
201300024202;0;10;0;0;1;1;15;A01
201300024203;1;7;0;0;1;0;1;Z01
201300024204;0;34;0;8;0;1;1;A01
201300024205;0;2;0;0;0;1;5;A01
201300024205;0;7;0;0;2;3;15;B01
201300024206;0;7;0;0;1;1;1;A01
201300024207;0;7;0;0;0;4;1;B01
201300024207;0;7;0;0;2;1;2;A01
201300024208;0;30;0;0;0;8;1;A01
201300024209;0;7;0;0;2;1;15;A01
201300024209;0;33;0;0;2;1;1;B01
201300024210;0;99;0;0;1;1;16;A01
201300024211;0;7;0;0;2;1;15;B01
201300024211;0;2;0;0;2;1;1;A01
201300024212;0;7;0;0;4;1;1;A01
201300024212;0;40;0;0;2;2;1;B01
201300024213;0;2;0;0;2;2;16;A01
201300024213;0;10;0;0;2;3;16;B01
201300024214;0;10;0;0;2;8;1;B01
201300024214;0;7;0;0;2;7;1;A01
201300024215;0;2;0;0;0;0;1;B01
201300024215;0;7;0;0;0;0;11;A01
201300024216;0;30;0;0;2;1;1;A01
201300024216;0;10;0;0;0;4;1;B01
201300024217;0;2;0;0;0;1;1;A01
201300024218;1;7;0;0;1;0;16;Z01
201300024219;0;1;0;0;0;1;1;A01
201300024219;0;7;0;0;2;1;1;B01
201300024220;0;7;0;0;0;3;15;A01
201300024220;0;2;0;0;2;7;0;B01
201300024221;0;37;1;0;0;6;24;B01
201300024221;0;7;0;1;0;1;1;A01
201300024222;0;3;0;0;0;2;15;A01
201300024222;0;10;0;0;2;1;1;B01
201300024223;0;7;0;0;0;5;15;B01
201300024223;0;33;0;0;2;1;1;A01
201300024224;0;2;0;0;1;1;1;A01
201300024225;1;7;0;0;1;1;1;Z01
201300024226;0;2;0;0;2;3;1;B01
201300024226;0;7;0;0;2;1;1;A01
201300024227;0;7;0;0;0;5;1;B01
201300024227;0;2;0;0;2;1;1;A01
201300024228;0;7;0;0;2;1;15;A01
201300024228;0;7;0;0;2;1;1;B01
201300024229;0;2;0;0;0;1;1;B01
201300024229;0;7;0;1;0;3;1;A01
201300024230;0;7;0;0;1;1;1;A01
201300024231;2;7;0;0;2;1;1;Z01
201300024231;0;7;0;0;0;8;1;A01
201300024231;0;7;0;0;2;1;1;B01
201300024232;0;37;1;0;0;4;24;B01
201300024232;0;10;0;1;0;1;1;A01
201300024233;0;2;0;0;2;1;1;B01
201300024233;0;7;0;0;0;3;15;A01
201300024234;1;7;0;0;1;0;1;Z01
201300024235;0;2;0;0;2;1;1;A01
201300024235;0;7;0;0;0;7;15;B01
201300024236;0;7;0;0;2;0;1;A01
201300024236;0;1;0;0;2;1;1;B01
201300024237;0;33;0;0;2;2;1;B01
201300024237;0;7;0;0;0;8;15;A01
201300024238;0;33;0;0;2;1;1;B01
201300024238;0;7;0;0;0;6;1;A01
201300024239;0;33;0;0;2;3;15;B01
201300024239;0;7;0;0;2;1;15;A01
201300024240;0;2;0;0;2;3;1;B01
201300024240;0;7;0;0;2;1;1;A01
201300024241;0;7;0;0;0;8;15;B01
201300024241;0;2;0;0;2;1;1;A01
201300024242;0;7;0;0;2;5;4;B01
201300024242;0;7;0;0;2;1;1;A01
201300024243;0;7;0;1;0;1;1;A01
201300024243;0;10;0;0;0;1;1;B01
201300024244;0;37;1;0;2;1;1;C01
201300024244;0;7;0;0;2;1;1;A01
201300024244;0;7;0;0;2;1;1;B01
201300024245;0;7;0;0;1;8;1;B01
201300024245;0;7;0;0;2;1;15;A01
201300024246;0;33;0;0;1;8;1;A01
201300024247;0;30;0;0;2;7;1;B01
201300024247;0;7;0;0;0;3;15;A01
201300024248;0;1;0;0;2;1;5;A01
201300024248;0;7;0;0;0;3;16;B01
201300024249;0;30;0;2;0;1;1;A01
201300024250;0;7;0;0;0;6;15;A01
201300024250;0;31;0;0;2;1;16;B01
201300024251;0;40;0;0;1;7;1;A01
201300024252;0;7;0;0;2;1;15;A01
201300024252;0;1;0;0;0;8;1;B01
201300024253;0;14;0;0;2;1;2;A01
201300024253;0;7;0;0;0;6;1;B01
201300024254;0;7;0;0;2;8;1;B01
201300024254;0;7;0;0;0;1;1;A01
201300024255;0;7;0;0;1;4;4;A01
201300024256;0;7;0;1;0;3;1;A01
201300024257;0;37;1;0;2;2;1;A01
201300024257;0;1;0;0;2;1;1;B01
201300024258;0;7;0;0;2;1;1;B01
201300024258;0;7;0;0;2;1;15;A01
201300024259;0;7;0;0;1;2;1;A01
201300024260;0;32;0;0;1;1;1;A01
201300024261;0;2;0;0;2;1;1;B01
201300024261;0;7;0;0;0;3;1;A01
201300024262;0;7;0;0;2;1;1;A01
201300024262;0;10;0;0;2;6;1;B01
201300024263;0;7;0;0;2;1;15;A01
201300024263;0;33;0;0;2;1;1;B01
201300024264;0;7;0;0;1;1;1;A01
201300024265;1;99;0;0;1;0;1;A01
201300024266;0;7;0;0;2;1;1;A01
201300024266;0;7;0;0;0;4;2;B01
201300024267;0;7;0;0;1;3;1;A01
201300024268;0;7;0;0;0;7;1;A01
201300024268;0;1;0;0;2;0;1;B01
201300024269;0;32;0;0;2;1;0;A01
201300024269;0;7;0;0;2;3;15;B01
201300024270;0;1;0;0;2;1;1;B01
201300024270;0;7;0;0;0;3;1;A01
201300024271;0;2;0;0;2;1;19;B01
201300024271;0;7;0;0;0;7;16;A01
201300024272;0;7;0;0;2;2;1;A01
201300024272;0;33;0;0;2;3;1;B01
201300024273;0;7;0;0;0;8;22;A01
201300024273;0;1;0;0;2;0;1;B01
201300024274;0;7;0;0;0;2;1;B01
201300024274;0;1;0;0;2;1;1;A01
201300024275;0;7;0;0;2;3;15;A01
201300024275;0;33;0;0;0;1;1;B01
201300024276;0;7;0;0;2;3;11;A01
201300024276;0;2;0;0;0;1;15;B01
201300024277;0;7;0;0;2;7;15;A01
201300024277;0;7;0;0;2;1;1;B01
201300024278;0;7;0;0;2;8;10;A01
201300024278;0;33;0;0;2;8;1;B01
201300024279;1;7;0;0;1;0;0;Z01
201300024280;0;1;0;0;0;1;15;A01
201300024281;0;7;0;0;2;1;15;A01
201300024281;0;33;0;0;2;1;1;B01
201300024282;0;10;0;0;2;1;1;A01
201300024282;0;10;0;0;0;8;1;B01
201300024283;0;7;0;0;1;1;1;A01
201300024284;0;7;0;0;2;1;1;A01
201300024284;0;1;0;0;0;4;2;B01
201300024285;0;33;0;0;2;1;1;B01
201300024285;0;7;0;0;0;8;15;A01
201300024286;0;7;0;0;2;1;2;A01
201300024286;0;14;0;0;0;4;1;B01
201300024287;0;7;0;0;2;7;2;A01
201300024287;0;1;0;0;0;8;2;B01
201300024288;0;1;0;0;2;1;1;A01
201300024288;0;33;0;0;2;1;1;B01
201300024289;0;7;0;0;0;5;15;B01
201300024289;0;2;0;0;2;1;1;A01
201300024290;0;40;0;0;1;1;1;A01
201300024291;0;7;0;0;2;3;9;A01
201300024291;0;7;0;0;0;2;1;B01
201300024292;0;7;0;0;1;2;1;A01
201300024293;0;7;0;0;0;7;15;B01
201300024293;0;33;0;0;2;2;2;A01
201300024294;0;40;0;0;1;0;1;A01
201300024295;0;7;0;0;0;8;1;A01
201300024295;0;7;0;0;2;1;1;B01
201300024296;0;7;0;0;1;3;15;A01
201300024297;0;1;0;0;2;0;1;B01
201300024297;0;7;0;0;0;0;16;A01
201300024298;0;32;0;0;2;1;1;B01
201300024298;0;7;0;0;2;3;13;A01
201300024299;0;10;0;0;1;1;15;A01
201300024300;0;7;0;0;0;2;1;B01
201300024300;0;31;0;0;2;8;1;A01
201300024301;0;7;0;0;1;1;1;A01
201300024302;0;7;0;0;1;0;16;A01
201300024303;0;7;0;0;2;1;1;B01
201300024303;0;7;0;0;0;4;1;A01
201300024303;0;7;0;0;2;1;1;C01
201300024303;0;7;0;0;2;1;1;D01
201300024304;0;7;0;0;2;2;15;A01
201300024304;0;7;0;0;2;3;1;B01
201300024305;0;1;0;0;0;1;1;B01
201300024305;0;7;0;0;2;1;1;A01
201300024306;0;7;0;0;2;1;2;A01
201300024306;0;7;0;0;0;4;1;B01
201300024307;0;7;0;0;1;2;16;A01
201300024308;0;10;0;0;1;2;15;A01
201300024309;0;7;0;0;2;1;2;A01
201300024309;0;7;0;0;0;4;1;B01
201300024310;0;10;0;13;0;1;1;A01
201300024311;0;30;0;12;0;7;0;A01
201300024312;0;1;0;0;2;1;1;B01
201300024312;0;7;0;0;2;7;15;A01
201300024313;0;31;0;0;2;2;1;B01
201300024313;0;7;0;0;0;7;1;A01
201300024314;0;7;0;0;1;3;15;A01
201300024315;0;7;0;0;2;1;1;B01
201300024315;0;7;0;0;2;1;1;A01
201300024316;0;34;0;1;2;4;1;A01
201300024316;0;7;0;0;0;0;15;B01
201300024317;0;7;0;0;1;1;1;A01
201300024318;0;7;0;0;2;3;10;B01
201300024318;0;7;0;0;2;4;1;A01
201300024319;0;7;0;0;1;0;1;A01
201300024320;0;33;0;0;0;7;1;A01
201300024321;0;10;0;0;0;8;0;A01
201300024322;0;33;0;0;1;2;1;A01
201300024323;0;7;0;0;2;1;2;A01
201300024323;0;7;0;0;0;5;1;B01
201300024324;0;1;0;0;2;1;1;A01
201300024324;0;7;0;0;0;3;1;B01
201300024325;0;7;0;0;0;0;13;A01
201300024325;0;1;0;0;2;0;1;B01
201300024326;0;7;0;0;0;7;22;A01
201300024326;0;2;0;0;2;1;1;B01
201300024327;0;7;0;1;0;2;14;A01
201300024328;0;7;0;8;0;8;10;A01
201300024328;0;40;0;0;2;1;1;B01
201300024329;1;7;0;0;1;2;15;Z01
201300024330;0;7;0;0;2;3;13;A01
201300024330;0;7;0;3;2;8;1;B01
201300024331;0;33;0;0;0;0;15;A01
201300024331;0;7;0;0;2;0;2;C01
201300024331;0;7;0;0;2;0;1;B01
201300024332;0;7;0;0;2;1;1;A01
201300024332;0;7;0;0;2;1;1;B01
201300024333;0;33;0;0;0;0;1;A01
201300024334;0;7;0;0;0;4;1;B01
201300024334;0;7;0;0;2;1;2;A01
201300024335;0;7;0;0;1;1;15;A01
201300024336;0;10;0;0;2;2;15;A01
201300024336;0;30;0;0;2;1;1;B01
201300024337;0;7;0;0;1;1;15;A01
201300024338;0;7;0;0;1;1;1;A01
201300024339;0;7;0;0;1;2;1;A01
201300024340;0;7;0;0;0;1;23;C01
201300024340;0;7;0;1;2;1;1;A01
201300024340;0;10;0;0;0;1;1;B01
201300024341;0;10;0;0;0;4;1;B01
201300024341;0;7;0;0;2;1;2;A01
201300024342;0;7;0;0;2;1;2;A01
201300024342;0;7;0;0;0;4;1;C01
201300024342;0;7;0;0;2;4;2;B01
201300024343;0;7;0;0;1;3;15;A01
201300024344;0;7;0;0;2;1;1;B01
201300024344;0;7;0;0;2;1;11;A01
201300024345;0;7;0;0;1;3;1;A01
201300024346;0;13;0;0;1;1;19;A01
201300024347;0;7;0;0;1;3;15;A01
201300024348;0;7;0;0;2;1;0;A01
201300024348;0;7;0;0;2;2;1;B01
201300024349;0;7;0;0;1;3;1;A01
201300024350;0;7;0;0;2;1;15;A01
201300024350;0;7;0;0;0;1;1;B01
201300024351;0;2;0;0;2;1;1;A01
201300024351;0;7;0;0;0;3;11;B01
201300024352;0;31;0;0;2;1;1;A01
201300024352;0;10;0;0;0;6;1;B01
201300024353;0;7;0;0;0;2;10;A01
201300024353;0;34;0;0;2;1;1;B01
201300024354;0;7;0;0;2;3;13;A01
201300024354;0;10;0;0;2;1;1;B01
201300024355;0;7;0;0;0;3;9;B01
201300024355;0;2;0;0;2;2;1;A01
201300024356;0;7;0;0;2;1;2;A01
201300024356;0;33;0;0;0;4;1;B01
201300024357;0;7;0;0;0;8;1;A01
201300024357;0;1;0;0;2;1;1;B01
201300024358;0;2;0;0;2;1;1;B01
201300024358;0;7;0;0;0;7;15;A01
201300024359;0;7;0;0;2;2;0;A01
201300024359;0;7;0;0;0;0;0;B01
201300024360;0;7;0;0;1;1;1;A01
201300024361;0;33;0;0;0;7;1;B01
201300024361;0;7;0;0;2;1;15;A01
201300024362;0;7;0;1;0;2;14;A01
201300024363;0;7;0;0;0;7;1;B01
201300024363;0;2;0;0;2;8;1;A01
201300024364;0;7;0;0;1;1;16;A01
201300024365;0;7;0;0;2;1;1;B01
201300024365;0;1;0;0;0;8;1;A01
201300024366;0;37;1;0;2;1;1;C01
201300024366;0;7;0;0;2;1;1;A01
201300024366;0;7;0;0;2;1;1;B01
201300024367;0;7;0;0;1;1;1;A01
201300024368;0;7;0;0;2;1;13;A01
201300024368;0;7;0;0;2;1;1;B01
201300024369;1;7;0;0;2;3;15;A01
201300024369;0;7;0;0;2;1;1;B01
201300024370;0;30;0;14;0;1;1;A01
201300024371;0;2;0;0;2;1;1;A01
201300024371;0;7;0;0;2;3;1;B02
201300024372;0;33;0;0;2;1;13;A01
201300024372;0;7;0;0;2;2;1;B02
201300024373;0;7;0;0;2;1;1;A01
201300024373;0;7;0;0;0;4;0;B02
201300024374;0;7;0;9;0;8;1;A01
201300024375;0;7;0;0;0;7;15;A01
201300024375;0;33;0;0;2;1;1;B02
201300024376;0;14;0;0;2;2;1;B02
201300024376;0;2;0;0;2;1;19;A01
201300024377;0;7;0;0;2;1;13;A01
201300024377;0;10;0;0;2;1;1;B02
201300024378;0;33;0;0;0;0;16;A01
201300024379;0;14;0;13;0;9;14;A01
201300024380;0;7;0;13;0;9;15;A01
201300024381;0;7;0;0;2;3;1;A01
201300024381;0;7;0;0;2;3;1;B02
201300024382;0;7;0;0;1;3;1;A01
201300024383;0;30;0;0;2;8;1;B02
201300024383;0;21;0;0;2;1;15;A01
201300024384;0;7;0;8;0;3;1;A01
201300024385;0;7;0;0;2;5;15;A01
201300024385;0;2;0;0;2;1;1;B02
201300024386;0;33;0;16;;2;21;A01
201300024387;0;7;0;2;0;1;1;A01
201300024388;0;10;0;0;2;1;1;A01
201300024388;0;33;0;0;2;1;1;B02
201300024388;0;7;0;0;2;6;1;C03
201300024389;0;33;0;0;2;1;1;B02
201300024389;0;7;0;0;2;8;15;A01
201300024390;0;31;0;0;2;7;0;B02
201300024390;0;10;0;0;2;0;1;A01
201300024391;0;7;0;0;2;3;13;B02
201300024391;0;7;0;0;2;3;1;A01
201300024392;0;1;0;0;2;2;19;A01
201300024392;0;7;0;0;2;1;1;B02
201300024393;0;7;0;0;2;8;15;A01
201300024393;0;33;0;0;2;2;2;B02
201300024394;0;7;0;0;2;1;1;C03
201300024394;0;7;0;1;2;2;1;A01
201300024394;0;7;0;0;0;8;24;B02
201300024395;0;7;0;6;2;3;9;A01
201300024395;0;31;0;0;2;5;12;B02
201300024396;0;30;0;0;2;1;17;B02
201300024396;0;7;0;0;2;6;19;A01
201300024397;0;7;0;0;2;1;1;B02
201300024397;0;7;0;0;2;1;13;A01
201300024398;0;7;0;0;1;2;1;A01
201300024399;0;10;0;6;0;1;19;A01
201300024400;0;7;0;0;2;3;15;A01
201300024401;0;10;0;0;1;2;1;A01
201300024402;1;7;0;0;1;0;0;A01
201300024403;0;7;0;0;1;1;1;A01
201300024404;0;2;0;0;2;1;1;C01
201300024404;0;7;0;0;2;1;21;A01
201300024404;0;7;0;0;2;1;1;B01
201300024405;0;7;0;0;2;3;13;A01
201300024405;0;10;0;0;2;3;1;B01
201300024406;0;7;0;0;2;3;15;A01
201300024406;0;33;0;0;2;1;1;B01
201300024407;0;34;0;2;0;3;5;A01
201300024408;0;7;0;0;2;1;1;A01
201300024408;0;7;0;0;0;4;1;B01
201300024409;0;30;0;0;1;2;1;A01
201300024410;0;7;0;0;2;3;15;A01
201300024410;0;34;0;0;2;3;1;B01
201300024411;0;7;0;0;2;8;10;A01
201300024411;0;33;0;0;2;2;1;B01
201300024412;0;10;0;0;2;3;11;A01
201300024412;0;7;0;0;2;2;1;B01
201300024413;0;7;0;0;2;1;1;B01
201300024413;0;2;0;0;2;7;15;A01
201300024414;0;7;0;0;2;2;9;A01
201300024414;0;1;0;0;2;4;2;B01
201300024415;0;7;0;0;2;1;1;B01
201300024415;0;7;0;0;2;7;10;A01
201300024416;0;7;0;0;2;7;15;A01
201300024416;0;2;0;0;2;3;1;B01
201300024417;0;7;0;8;0;0;15;A01
201300024418;0;7;0;0;2;6;9;A01
201300024418;0;1;0;0;2;0;0;B01
201300024419;0;7;0;0;1;6;23;A01
201300024419;0;7;0;0;2;5;2;B01
201300024420;0;2;0;0;2;1;1;A01
201300024420;0;7;0;0;2;4;1;B01
201300024421;0;30;0;0;2;6;0;A01
201300024421;0;7;0;0;2;3;0;B01
201300024422;0;7;0;0;2;3;1;C01
201300024422;0;7;0;0;2;1;1;B01
201300024422;0;7;0;0;2;1;13;A01
201300024423;0;7;0;0;1;0;15;A01
201300024424;1;7;0;0;2;2;0;Z01
201300024424;0;2;0;0;2;1;1;A01
201300024425;0;7;0;5;0;1;17;A01
201300024426;0;7;0;0;1;1;1;A01
201300024427;0;7;0;0;2;1;1;A01
201300024427;0;7;0;0;2;4;1;B01
201300024428;1;7;0;0;2;1;1;A01
201300024428;0;7;0;0;2;4;1;B01
201300024428;0;7;0;0;2;4;1;C01
201300024429;1;7;0;0;1;2;1;Z01
201300024430;0;2;0;0;2;7;1;B01
201300024430;1;7;0;0;2;1;1;Z01
201300024431;0;7;0;9;0;1;1;A01
201300024432;0;1;0;0;2;8;9;A01
201300024432;0;7;0;0;2;3;1;B01
201300024433;0;7;0;0;1;1;1;A01
201300024434;0;34;0;0;2;1;1;B01
201300024434;0;7;0;0;2;7;19;A01
201300024435;0;7;0;0;2;4;1;B01
201300024435;0;30;0;0;2;1;1;A01
201300024436;0;7;0;0;2;8;0;B01
201300024436;2;7;0;0;2;1;0;A01
201300024437;0;7;0;0;2;7;1;B01
201300024437;0;7;0;0;2;1;9;A01
201300024438;0;7;0;0;2;2;11;A01
201300024438;0;7;0;0;2;8;1;B01
201300024439;0;7;0;2;0;1;1;A01
201300024440;0;7;0;0;1;2;15;A01
201300024441;0;30;0;0;2;8;16;B01
201300024441;1;7;0;0;2;1;15;Z01
201300024442;0;7;0;0;2;7;1;B01
201300024442;0;30;0;0;2;1;16;A01
201300024443;0;7;0;0;1;1;1;A01
201300024444;1;7;0;0;0;1;1;A01
201300024444;0;7;0;0;2;8;15;B01
201300024445;0;7;0;0;1;2;1;A01
201300024446;0;7;0;0;1;1;1;A01
201300024447;0;7;0;13;0;1;1;A01
201300024448;0;7;0;0;2;1;1;B01
201300024448;0;7;0;0;2;7;19;A01
201300024449;0;10;0;0;1;4;4;A01
201300024450;0;1;0;0;2;4;1;B01
201300024450;1;7;0;0;2;1;2;Z01
201300024451;0;7;0;0;2;3;1;B01
201300024451;0;7;0;2;2;1;1;A01
201300024452;0;7;0;0;1;2;1;A01
201300024453;0;7;0;0;2;3;1;B01
201300024453;0;7;0;0;2;2;0;A01
201300024454;2;7;0;2;2;3;1;A01
201300024454;0;7;0;0;2;4;16;B01
201300024454;0;7;0;0;2;1;1;C01
201300024455;1;99;0;0;1;1;1;Z01
201300024456;0;7;0;0;1;3;15;A01
201300024457;0;37;1;0;1;7;16;A01
201300024458;0;3;0;0;0;1;1;A01
201300024459;0;7;0;0;1;0;20;Z01
201300024460;0;2;0;0;0;2;1;A01
201300024461;0;7;0;0;1;5;4;A01
201300024462;0;7;0;2;0;1;13;A01
201300024463;0;7;0;0;2;2;1;A01
201300024463;0;7;0;0;2;3;19;B01
201300024464;0;7;0;0;2;5;1;B01
201300024464;0;2;0;0;2;1;2;A01
201300024465;0;7;0;0;1;1;1;A01
201300024466;0;7;0;0;2;8;15;A01
201300024466;0;33;0;0;2;1;1;B01
201300024467;0;7;0;14;0;1;1;A01
201300024468;0;7;0;0;2;3;13;A01
201300024468;0;7;0;12;2;3;1;B01
201300024469;0;7;0;6;1;1;1;A01
201300024470;1;7;0;0;1;2;1;Z01
201300024471;0;7;0;0;2;2;10;A01
201300024471;0;7;0;0;2;3;1;B01
201300024472;0;7;0;0;2;1;1;B01
201300024472;0;7;0;0;2;1;13;A01
201300024473;0;33;0;0;2;2;1;B01
201300024473;0;7;0;0;2;3;10;A01
201300024474;0;30;0;0;1;1;1;A01
201300024475;0;99;0;2;0;1;1;A01
201300024476;0;33;0;0;0;7;0;A01
201300024477;0;7;0;0;2;3;1;B01
201300024477;0;7;0;0;2;1;16;A01
201300024478;1;7;0;0;0;0;1;Z01
201300024478;0;33;0;0;0;0;1;B01
201300024479;0;7;0;0;1;8;1;A01
201300024480;0;7;0;0;0;0;1;A01
201300024481;0;10;0;0;2;5;1;B01
201300024481;0;34;0;0;2;1;1;A01
201300024482;0;7;0;0;2;1;1;B01
201300024482;0;33;0;5;2;1;1;A01
201300024483;0;34;0;12;0;1;1;A01
201300024484;0;7;0;0;2;1;2;A01
201300024484;0;2;0;0;2;4;1;B01
201300024485;0;7;0;0;2;4;1;B01
201300024485;0;31;0;0;2;1;2;A01
201300024486;0;7;0;0;1;3;15;A01
201300024487;0;30;0;0;1;1;1;A01
201300024488;0;7;0;3;0;0;0;A01
201300024489;1;34;0;0;2;1;17;A01
201300024489;0;1;0;0;2;4;1;B01
201300024490;0;33;0;0;2;1;1;B01
201300024490;0;7;0;0;2;8;6;A01
201300024491;0;7;0;0;2;7;1;B01
201300024491;0;2;0;0;2;1;19;A01
201300024492;0;7;0;5;1;1;0;A01
201300024493;0;7;0;0;1;3;1;A01
201300024494;0;7;0;0;2;3;1;B01
201300024494;0;7;0;0;2;1;1;A01
201300024495;0;7;0;0;2;4;1;B01
201300024495;0;7;0;0;2;1;1;A01
201300024496;0;7;0;0;2;7;10;A01
201300024496;0;33;0;0;2;1;1;B01
201300024497;0;7;0;0;1;2;1;A01
201300024498;0;33;0;1;0;1;1;A01
201300024499;0;7;0;0;1;1;1;A01
201300024500;0;7;0;0;1;2;1;A01
201300024501;0;32;0;7;2;1;13;A01
201300024501;0;17;0;0;2;8;1;B01
201300024502;0;1;0;1;2;8;13;B01
201300024502;0;7;0;0;2;1;1;A01
201300024503;0;7;0;0;1;1;1;A01
201300024504;0;7;0;0;1;1;1;A01
201300024505;0;7;0;0;2;2;1;B01
201300024505;0;33;0;0;2;1;1;A01
201300024506;0;38;1;0;1;7;1;A01
201300024507;0;7;0;13;0;0;0;A01
201300024508;0;7;0;0;1;1;1;A01
201300024509;0;7;0;0;1;1;1;A01
201300024510;0;7;0;0;1;1;1;A01