num_acc;senc;catv;occutc;obs;obsm;choc;manv;num_veh
201300024869;0;99;0;0;2;1;2;A01
201300024870;0;40;0;0;2;1;1;B01
201300024870;0;7;0;0;4;3;1;A01
201300024871;0;7;0;0;2;7;15;A01
201300024871;0;33;0;0;2;1;1;B01
201300024872;0;33;0;0;1;1;1;A01
201300024873;0;7;0;0;2;7;21;A01
201300024873;0;7;0;0;2;8;1;B01
201300024874;0;32;0;0;2;1;18;A01
201300024874;0;7;0;0;2;7;20;B01
201300024875;0;1;0;0;2;1;19;A01
201300024875;0;7;0;0;0;7;9;B01
201300024876;0;7;0;0;1;1;1;A01
201300024877;0;10;0;0;2;3;23;B01
201300024877;0;7;0;0;2;6;2;A01
201300024878;0;7;0;8;0;2;0;A01
201300024879;0;7;0;8;0;1;14;A01
201300024880;0;7;0;0;2;2;23;B01
201300024880;0;33;0;14;0;2;10;A01
201300024881;0;33;0;0;0;3;17;B01
201300024881;0;7;0;0;0;0;13;A01
201300024882;0;32;0;0;2;1;1;A01
201300024882;0;1;0;0;0;5;0;B01
201300024883;0;10;0;0;2;1;1;B01
201300024883;0;33;0;0;2;3;19;A01
201300024884;0;31;0;0;2;1;1;B01
201300024884;0;1;0;0;2;1;5;A01
201300024885;0;31;0;0;1;1;1;A01
201300024886;0;1;0;0;0;8;1;B01
201300024886;0;7;0;0;9;1;1;A01
201300024887;0;7;0;0;1;1;1;A01
201300024888;0;34;0;0;1;1;17;A01
201300024889;0;7;0;0;2;1;1;B01
201300024889;0;7;0;0;2;1;15;A01
201300024890;0;7;0;0;0;8;15;B01
201300024890;0;31;0;0;0;7;17;A01
201300024891;0;33;0;0;2;1;2;A01
201300024891;0;33;0;0;0;4;1;B01
201300024892;0;32;0;0;2;1;5;B01
201300024892;0;7;0;0;2;8;10;A01
201300024893;0;7;0;0;2;1;1;B01
201300024893;0;7;0;0;2;2;19;A01
201300024894;0;7;0;0;2;3;1;A01
201300024894;0;7;0;0;2;3;1;B01
201300024895;0;7;0;0;1;1;0;A01
201300024896;0;40;0;0;2;3;1;B01
201300024896;0;7;0;0;2;7;19;A01
201300024897;0;7;0;0;1;2;1;A01
201300024898;0;7;0;0;2;1;1;B01
201300024898;0;1;0;0;2;6;9;A01
201300024899;0;7;0;0;2;1;9;A01
201300024899;0;1;0;0;2;8;19;B01
201300024900;0;1;0;0;2;1;19;B01
201300024900;0;7;0;0;2;2;9;A01
201300024901;0;33;0;0;2;8;15;B01
201300024901;0;7;0;0;2;2;1;A01
201300024902;0;7;0;0;1;2;1;A01
201300024903;0;7;0;9;2;2;21;A01
201300024903;0;7;0;0;2;3;21;B01
201300024904;0;31;0;0;2;3;1;B01
201300024904;0;7;0;0;2;3;10;A01
201300024905;0;1;0;0;2;1;5;A01
201300024905;0;7;0;0;2;3;1;B01
201300024906;0;7;0;0;0;4;16;B01
201300024906;0;7;0;0;2;1;1;A01
201300024907;0;30;0;0;2;1;1;A01
201300024907;0;7;0;0;0;6;1;B01
201300024908;0;7;0;0;2;1;1;B01
201300024908;0;1;0;0;2;7;19;A01
201300024909;1;33;0;0;2;7;14;Z01
201300024909;0;30;0;0;2;8;1;B01
201300024910;0;30;0;0;2;7;1;A01
201300024910;0;37;2;0;0;6;23;B01
201300024911;0;32;0;11;0;0;1;A01
201300024912;0;30;0;0;0;0;1;A01
201300024913;0;30;0;0;2;7;17;A01
201300024913;1;7;0;0;2;8;13;Z01
201300024914;0;7;0;0;2;2;1;B01
201300024914;0;7;0;0;2;2;16;A01
201300024915;0;33;0;0;2;7;1;B01
201300024915;0;7;0;0;2;8;15;A01
201300024916;0;7;0;8;0;1;2;A01
201300024917;0;2;0;0;0;8;1;A01
201300024918;0;10;0;0;1;3;1;A01
201300024919;0;7;0;13;0;2;14;A01
201300024920;0;7;0;0;2;1;15;A01
201300024920;0;33;0;0;2;1;17;B01
201300024921;2;7;0;6;2;2;1;A01
201300024921;0;7;0;0;2;3;1;B01
201300024921;0;7;0;0;2;1;1;C01
201300024922;0;7;0;0;1;4;4;A01
201300024923;0;10;0;0;2;1;9;A01
201300024923;0;7;0;0;2;7;1;B01
201300024924;0;7;0;0;1;1;1;A01
201300024925;0;32;0;0;0;0;1;A01
201300024926;0;7;0;0;2;2;1;B01
201300024926;0;7;0;0;2;3;9;A01
201300024927;0;30;0;0;2;1;2;A01
201300024927;0;30;0;0;2;4;2;B01
201300024928;0;33;0;0;0;1;1;A01
201300024928;0;7;0;0;0;7;2;B01
201300024929;0;7;0;0;2;1;1;A01
201300024929;0;7;0;0;2;4;0;B01
201300024930;0;2;0;0;0;0;21;A01
201300024931;0;1;0;0;2;3;1;B01
201300024931;0;7;0;0;2;2;16;A01
201300024932;0;7;0;0;2;1;1;A01
201300024932;0;7;0;0;2;1;15;B01
201300024933;0;7;0;0;2;8;15;A01
201300024933;0;31;0;0;2;2;17;B01
201300024934;0;34;0;0;2;5;1;B01
201300024934;0;7;0;0;2;3;1;A01
201300024935;0;7;0;0;2;3;11;A01
201300024935;0;33;0;0;2;1;1;B01
201300024936;0;7;0;0;2;7;15;A01
201300024936;0;30;0;0;2;1;1;B01
201300024937;0;7;0;0;2;7;0;A01
201300024937;0;40;0;0;2;1;1;B01
201300024938;0;7;0;0;2;3;10;A01
201300024938;0;30;0;0;2;7;1;B01
201300024939;0;30;0;12;0;1;14;A01
201300024940;0;10;0;0;0;4;2;A01
201300024940;0;7;0;0;2;1;2;B01
201300024941;0;7;0;0;2;2;1;B01
201300024941;0;7;0;0;2;3;9;A01
201300024942;0;32;0;0;0;0;1;A01
201300024943;0;40;0;0;2;1;1;C01
201300024943;0;1;0;0;4;1;19;A01
201300024943;0;40;0;0;2;8;1;B01
201300024944;0;7;0;0;2;2;1;B01
201300024944;1;7;0;0;2;3;1;A01
201300024945;0;7;0;0;0;4;1;B01
201300024945;0;7;0;0;2;1;1;A01
201300024946;0;30;0;0;2;1;19;A01
201300024946;0;7;0;0;2;1;1;B01
201300024947;0;30;0;0;2;8;2;B01
201300024947;0;7;0;0;2;7;16;A01
201300024948;0;7;0;0;2;2;15;A01
201300024948;0;32;0;0;2;1;1;B01
201300024949;0;34;0;0;2;5;0;B01
201300024949;0;7;0;0;2;3;0;A01
201300024950;0;2;0;0;2;1;1;B01
201300024950;0;7;0;0;2;8;10;A01
201300024951;0;7;0;0;2;1;2;A01
201300024951;0;7;0;0;2;4;1;B01
201300024952;0;7;0;0;1;1;1;A01
201300024953;0;7;0;0;1;3;1;A01
201300024954;0;7;0;0;1;2;1;A01
201300024955;0;7;0;0;2;3;1;B01
201300024955;0;7;0;0;2;2;1;A01
201300024956;0;2;0;0;2;1;1;B01
201300024956;0;7;0;0;2;3;15;A01
201300024957;0;7;0;0;2;4;1;B01
201300024957;0;7;0;0;2;1;2;A01
201300024958;0;7;0;4;0;1;1;A01
201300024959;0;7;0;0;2;3;21;B01
201300024959;0;7;0;0;2;1;13;A01
201300024960;0;7;0;0;2;2;1;B01
201300024960;0;33;0;0;2;3;16;A01
201300024961;0;7;0;0;2;5;1;B01
201300024961;0;1;0;0;2;1;1;A01
201300024962;0;7;0;0;2;7;1;B01
201300024962;0;32;0;0;2;8;13;A01
201300024963;0;32;0;0;2;8;1;B01
201300024963;0;7;0;0;2;7;15;A01
201300024964;0;7;0;0;1;2;1;A01
201300024965;0;7;0;0;0;8;23;B01
201300024965;0;1;0;0;2;1;1;A01
201300024966;0;7;0;0;2;1;2;A01
201300024966;0;7;0;0;2;4;1;B01
201300024967;0;7;0;0;2;3;15;B01
201300024967;0;33;0;0;2;1;1;A01
201300024968;0;7;0;0;2;1;1;B01
201300024968;0;7;0;0;2;1;13;A01
201300024969;0;7;0;0;2;2;1;A01
201300024969;0;30;0;0;2;1;1;B01
201300024970;0;7;0;0;1;4;4;A01
201300024971;0;7;0;0;2;4;2;B01
201300024971;0;10;0;0;0;1;2;A01
201300024972;0;31;0;0;2;1;1;A01
201300024972;0;33;0;0;2;1;1;B01
201300024973;0;1;0;0;2;8;19;B01
201300024973;0;7;0;0;2;1;1;A01
201300024974;0;7;0;0;0;4;1;B01
201300024974;0;7;0;0;2;1;2;A01
201300024975;0;1;0;0;2;4;0;B01
201300024975;1;99;0;0;0;0;0;A01
201300024976;0;7;0;0;2;1;1;A01
201300024976;0;7;0;0;2;7;15;B01
201300024977;1;7;0;0;1;0;0;Z01
201300024978;0;7;0;0;1;3;2;A01
201300024979;0;7;0;0;2;1;1;A01
201300024979;0;13;0;0;2;2;1;B01
201300024980;0;30;0;0;2;0;1;A01
201300024980;0;7;0;0;0;0;16;B01
201300024981;0;7;0;0;9;1;16;A01
201300024981;0;1;0;0;0;8;19;B01
201300024982;1;7;0;0;1;3;1;Z01
201300024983;0;7;0;0;2;3;15;A01
201300024983;0;2;0;0;2;1;17;B01
201300024984;0;7;0;0;0;1;1;A01
201300024984;0;34;0;0;0;4;1;B01
201300024985;0;30;0;0;2;7;17;B01
201300024985;0;7;0;0;2;3;15;A01
201300024986;2;7;0;0;2;1;19;B01
201300024986;0;7;0;0;2;1;15;A01
201300024987;0;7;0;12;0;8;13;A01
201300024988;0;7;0;0;2;1;1;A01
201300024988;0;7;0;0;0;4;1;B01
201300024989;0;10;0;0;2;1;2;A01
201300024989;0;7;0;0;2;8;1;C01
201300024989;0;7;0;0;2;4;1;B01
201300024990;0;33;0;0;2;8;1;B01
201300024990;0;7;0;0;2;2;15;A01
201300024991;0;31;0;0;2;2;1;B01
201300024991;0;7;0;0;2;3;13;A01
201300024992;0;7;0;0;1;3;15;A01
201300024993;0;7;0;0;2;2;2;B01
201300024993;0;7;0;0;2;7;15;A01
201300024994;0;7;0;0;2;5;23;B01
201300024994;0;30;0;0;2;1;2;A01
201300024995;0;7;0;0;2;2;2;B01
201300024995;0;7;0;0;2;6;10;A01
201300024996;0;7;0;0;1;1;1;A01
201300024997;0;34;0;0;2;3;1;B01
201300024997;0;7;0;0;2;1;15;A01
201300024998;0;7;0;0;2;7;2;B01
201300024998;0;33;0;0;2;8;13;A01
201300024999;0;7;0;0;2;2;13;A01
201300024999;0;7;0;0;2;1;1;B01
201300025000;0;33;0;0;2;1;2;A01
201300025000;0;7;0;0;2;3;15;B01
201300025001;0;33;0;0;2;0;1;B01
201300025001;1;7;0;0;0;0;1;A01
201300025002;0;31;0;12;2;0;1;A01
201300025003;0;7;0;0;2;4;1;C01
201300025003;0;7;0;0;2;1;1;A01
201300025003;0;7;0;0;2;4;1;D01
201300025003;0;7;0;0;2;4;1;B01
201300025004;0;33;0;0;2;1;1;B01
201300025004;0;7;0;0;2;3;9;A01
201300025004;0;33;0;0;0;0;1;C01
201300025005;0;20;0;0;2;2;15;A01
201300025005;0;7;0;0;2;6;1;B01
201300025006;0;7;0;0;2;3;15;A01
201300025006;0;33;0;0;2;1;1;B01
201300025007;0;7;0;0;0;4;2;B01
201300025007;0;10;0;0;2;1;2;A01
201300025008;0;7;0;6;0;1;0;A01
201300025009;0;32;0;0;0;7;1;A01
201300025010;0;7;0;0;2;3;9;A01
201300025010;0;33;0;0;2;1;1;B01
201300025011;0;7;0;0;4;8;1;A01
201300025011;0;40;0;0;2;1;1;B01
201300025012;0;7;0;0;2;7;10;A01
201300025012;0;7;0;0;2;1;1;B01
201300025013;0;7;0;2;0;8;15;A01
201300025014;0;32;0;0;2;1;2;B01
201300025014;0;7;0;0;9;3;10;A01
201300025015;0;7;0;8;2;2;15;A01
201300025015;0;7;0;0;2;2;1;B01
201300025016;1;7;0;0;2;1;1;Z01
201300025016;0;7;0;0;0;4;2;A01
201300025017;0;7;0;0;2;1;2;A01
201300025017;0;7;0;0;2;5;2;B01
201300025017;0;7;0;0;2;4;2;C01
201300025018;0;7;0;0;2;7;5;A01
201300025018;0;33;0;0;2;1;1;B01
201300025019;0;10;0;0;2;3;1;B01
201300025019;0;7;0;0;2;2;15;A01
201300025020;0;7;0;0;2;1;1;B01
201300025020;0;7;0;0;2;1;15;A01
201300025021;0;40;0;0;1;7;1;A01
201300025022;0;7;0;0;1;1;1;A01
201300025023;0;7;0;0;2;2;1;B01
201300025023;0;7;0;0;2;7;15;A01
201300025024;0;7;0;0;1;2;1;A01
201300025025;0;10;0;0;1;1;15;A01
201300025026;0;2;0;0;2;1;1;B01
201300025026;0;7;0;0;2;3;9;A01
201300025027;0;2;0;0;2;1;17;A01
201300025027;0;7;0;0;2;8;1;B01
201300025028;0;7;0;0;2;4;2;B01
201300025028;0;2;0;0;2;1;1;A01
201300025029;0;7;0;0;2;3;1;B01
201300025029;0;7;0;0;2;1;15;A01
201300025030;0;7;0;0;2;1;13;A01
201300025030;0;7;0;0;2;1;1;B01
201300025031;0;7;0;0;2;1;1;B01
201300025031;0;7;0;0;2;1;13;A01
201300025032;0;7;0;0;2;4;2;B01
201300025032;0;15;0;0;2;1;2;A01
201300025033;0;7;0;0;2;1;15;A01
201300025033;1;31;0;0;2;0;1;B01
201300025034;0;31;0;0;2;1;1;A01
201300025034;0;33;0;0;2;7;1;B01
201300025035;0;2;0;0;2;1;1;B01
201300025035;0;7;0;0;2;1;17;A01
201300025036;0;7;0;0;2;4;2;C01
201300025036;0;7;0;0;2;1;1;A01
201300025036;0;7;0;0;2;4;2;B01
201300025037;0;32;0;0;2;4;2;B01
201300025037;0;7;0;0;2;1;1;A01
201300025038;0;7;0;0;2;1;13;A01
201300025038;0;7;0;0;2;3;23;B01
201300025038;0;7;0;0;2;2;23;C01
201300025039;0;33;0;0;2;2;2;A01
201300025039;0;7;0;0;2;5;20;B01
201300025040;0;7;0;0;2;1;11;A01
201300025040;0;7;0;0;2;1;1;B01
201300025041;0;7;0;0;2;1;1;B01
201300025041;0;7;0;0;2;1;1;A01
201300025042;1;99;0;0;2;6;11;A01
201300025042;0;32;0;0;2;3;2;B01
201300025043;0;7;0;0;2;6;15;B01
201300025043;0;2;0;0;2;1;17;A01
201300025044;0;30;0;0;2;1;1;A01
201300025044;0;7;0;0;2;3;15;B01
201300025045;0;7;0;0;9;3;16;A01
201300025045;0;1;0;0;2;4;0;B01
201300025046;0;7;0;0;2;1;15;A01
201300025046;0;2;0;0;2;0;1;B01
201300025047;0;30;0;0;2;1;1;B01
201300025047;0;7;0;0;2;7;15;A01
201300025048;0;2;0;1;0;1;1;A01
201300025049;0;7;0;5;0;9;1;A01
201300025049;1;7;0;0;0;0;5;X01
201300025050;0;7;0;0;2;2;15;B01
201300025050;0;34;0;0;2;1;1;A01
201300025051;0;7;0;0;2;3;1;B01
201300025051;0;7;0;0;2;1;13;A01
201300025052;2;7;0;0;2;1;13;A01
201300025052;0;7;0;0;2;7;1;B01
201300025053;0;7;0;15;2;1;15;C01
201300025053;0;7;0;0;2;1;15;A01
201300025053;0;7;0;0;2;5;15;B01
201300025054;1;7;0;0;2;1;1;A01
201300025054;0;30;0;0;2;8;15;B01
201300025055;0;7;0;0;2;1;1;A01
201300025055;0;7;0;0;2;7;1;B01
201300025056;0;7;0;0;1;3;1;A01
201300025057;0;1;0;0;2;1;1;B01
201300025057;0;7;0;0;9;1;1;A01
201300025058;0;7;0;0;2;8;24;C01
201300025058;1;7;0;1;2;1;1;A01
201300025058;0;30;0;0;2;1;1;B01
201300025059;0;7;0;0;1;7;1;A01
201300025060;0;7;0;0;2;3;0;B01
201300025060;0;32;0;0;2;1;0;A01
201300025061;0;7;0;0;1;1;1;A01
201300025062;0;7;0;0;2;1;5;B01
201300025062;2;7;0;0;2;1;5;A01
201300025063;0;32;0;0;2;2;1;B01
201300025063;0;7;0;0;2;3;1;A01
201300025064;0;7;0;0;2;1;1;B01
201300025064;0;33;0;12;2;0;17;A01
201300025065;0;7;0;0;1;2;2;A01
201300025066;0;7;0;0;2;7;16;B01
201300025066;0;2;0;0;2;8;1;A01
201300025067;0;7;0;8;2;1;1;A01
201300025067;0;7;0;0;2;4;1;B01
201300025068;0;2;0;0;2;8;19;A01
201300025068;0;7;0;0;2;1;1;B01
201300025069;0;7;0;0;2;2;1;B01
201300025069;0;7;0;6;2;1;1;A01
201300025070;0;10;0;0;2;1;15;A01
201300025070;0;30;0;0;2;8;1;B01
201300025071;0;7;0;0;1;4;4;A01
201300025072;0;7;0;0;1;0;0;A01
201300025073;0;7;0;0;1;2;1;A01
201300025074;0;7;0;11;0;3;16;A01
201300025075;0;7;0;0;2;1;1;A01
201300025075;0;7;0;0;2;2;1;B01
201300025076;0;7;0;0;1;1;1;A01
201300025077;0;7;0;0;2;8;2;A01
201300025077;0;33;0;0;2;1;2;B01
201300025077;0;7;0;0;2;4;2;C01
201300025078;0;7;0;13;0;1;1;A01
201300025079;0;7;0;0;0;9;12;A01
201300025080;0;7;0;0;1;2;1;A01
201300025081;0;7;0;7;0;1;1;A01
201300025082;0;7;0;0;2;1;1;B01
201300025082;0;2;0;0;2;1;13;A01
201300025083;0;7;0;0;1;0;1;A01
201300025084;0;30;0;1;1;1;1;A01
201300025085;0;7;0;0;1;1;1;A01
201300025086;0;7;0;0;1;2;1;A01
201300025087;0;2;0;0;2;0;16;B01
201300025087;0;7;0;0;2;3;1;A01
201300025088;0;7;0;0;1;8;1;A01
201300025089;0;7;0;0;1;4;20;A01
201300025090;0;7;0;0;2;1;1;A01
201300025090;0;7;0;0;2;4;1;B01
201300025091;0;7;0;0;2;4;23;B01
201300025091;0;7;0;0;2;1;1;A01
201300025092;0;7;0;3;0;1;1;A01
201300025093;0;7;0;0;1;0;15;A01
201300025094;0;7;0;0;1;4;4;A01
201300025095;1;30;0;0;2;1;1;A01
201300025095;0;1;0;0;2;1;1;B01
201300025096;0;7;0;0;2;4;1;B01
201300025096;0;7;0;0;2;4;1;C01
201300025096;0;7;0;0;2;1;1;A01
201300025097;0;7;0;0;2;3;9;A01
201300025097;0;1;0;0;2;1;1;B01
201300025098;0;7;0;0;1;6;4;A01
201300025099;0;7;0;2;0;1;1;A01
201300025100;0;7;0;0;2;4;23;B01
201300025100;0;7;0;0;2;1;1;A01
201300025101;0;31;0;0;2;3;1;B01
201300025101;1;7;0;0;2;4;16;A01
201300025102;0;32;0;0;2;8;1;B01
201300025102;0;10;0;0;2;0;5;A01
201300025103;0;7;0;3;2;4;1;B01
201300025103;1;13;0;0;2;1;0;A01
201300025104;0;7;0;0;2;2;13;A01
201300025104;0;10;0;0;2;3;1;B01
201300025105;0;7;0;0;2;2;1;B01
201300025105;0;10;0;0;2;6;15;A01
201300025106;0;10;0;0;2;4;23;C01
201300025106;0;10;0;0;2;1;1;A01
201300025106;0;7;0;0;2;4;23;B01
201300025107;0;7;0;0;1;2;1;A01
201300025108;0;10;0;0;2;1;12;A01
201300025108;0;7;0;0;2;4;1;B01
201300025109;0;7;0;0;2;0;1;A01
201300025109;0;7;0;0;2;0;2;B01
201300025109;0;7;0;0;2;0;2;C01
201300025109;0;7;0;0;2;0;2;D01
201300025110;0;7;0;0;2;6;1;B01
201300025110;0;33;0;3;2;7;1;A01
201300025111;0;7;0;3;2;1;5;A01
201300025111;0;7;0;0;2;1;1;B01
201300025112;0;1;0;0;2;7;1;B01
201300025112;0;7;0;0;2;1;9;A01
201300025113;0;7;0;0;1;1;1;A01
201300025114;0;7;0;13;0;1;1;A01
201300025115;0;7;0;0;1;3;1;A01
201300025116;0;1;0;0;0;0;1;A01
201300025117;0;1;0;0;1;0;1;A01
201300025118;0;7;0;0;2;1;1;B01
201300025118;0;7;0;0;2;1;15;A01
201300025119;1;7;0;0;1;0;1;A01
201300025120;0;10;0;0;9;7;2;A01
201300025120;0;1;0;0;2;0;2;B01
201300025121;0;1;0;0;2;0;1;B01
201300025121;0;7;0;0;2;0;9;A01
201300025122;0;7;0;0;2;1;1;B01
201300025122;0;7;0;0;2;1;1;A01
201300025123;0;7;0;0;2;1;1;A01
201300025123;0;1;0;0;2;4;19;B01
201300025124;0;30;0;0;2;8;1;B01
201300025124;0;10;0;0;2;7;17;A01
201300025125;0;7;0;0;2;3;9;A01
201300025125;0;31;0;0;2;0;1;B01
201300025126;0;7;0;0;2;2;16;A01
201300025126;0;31;0;0;2;1;1;B01
201300025127;0;7;0;6;0;1;1;A01
201300025128;0;7;0;0;2;2;1;A01
201300025128;0;7;0;0;2;6;2;B01
201300025129;0;7;0;0;1;3;1;A01
201300025130;0;7;0;0;1;0;13;A01
201300025131;0;10;0;0;2;4;23;C01
201300025131;0;7;0;0;2;1;1;A01
201300025131;0;7;0;0;2;4;23;D01
201300025131;0;7;0;0;2;4;23;B01
201300025132;0;7;0;0;1;1;16;A01
201300025133;0;7;0;0;2;1;12;A01
201300025133;0;7;0;0;2;4;1;B01
201300025134;1;7;0;0;2;4;;B01
201300025134;0;7;0;0;2;1;1;A01
201300025135;0;7;0;0;2;3;15;A01
201300025135;0;1;0;0;2;2;1;B01
201300025136;0;7;0;0;1;3;1;A01
201300025137;0;7;0;7;0;3;1;A01
201300025138;0;1;0;0;2;1;1;A01
201300025138;0;7;0;0;2;4;23;B01
201300025139;0;1;0;0;2;8;1;B01
201300025139;0;7;0;0;2;1;15;A01
201300025140;0;30;0;0;2;0;5;A01
201300025140;0;1;0;0;2;0;1;B01
201300025141;0;7;0;0;2;8;1;B01
201300025141;0;7;0;0;2;2;15;A01
201300025142;0;7;0;0;2;1;1;A01
201300025142;0;7;0;0;2;4;1;B01
201300025142;0;7;0;0;2;4;1;C01
201300025142;0;7;0;0;2;4;1;D01
201300025143;0;7;0;9;0;1;15;A01
201300025144;0;7;0;0;2;2;1;A01
201300025144;0;1;0;0;2;1;5;B01
201300025145;0;7;0;9;0;2;15;A01
201300025146;0;1;0;0;0;0;1;A01
201300025147;0;7;0;0;2;4;23;B01
201300025147;0;7;0;0;2;1;1;A01
201300025148;0;7;0;0;1;3;1;A01
201300025149;0;33;0;0;0;0;16;A01
201300025150;0;2;0;0;2;0;8;A01
201300025150;0;7;0;0;2;3;15;B01
201300025151;0;33;0;0;0;7;1;A01
201300025152;0;31;0;0;2;0;1;B01
201300025152;0;7;0;0;2;0;5;A01
201300025153;0;7;0;9;2;6;15;B01
201300025153;0;32;0;0;2;1;1;A01
201300025154;0;7;0;0;2;5;1;B01
201300025154;0;7;0;11;2;1;1;A01
201300025155;0;7;0;0;2;6;23;C01
201300025155;0;7;0;0;2;3;11;B01
201300025155;0;7;0;0;2;2;1;A01
201300025155;0;7;0;0;2;3;1;D01
201300025156;0;7;0;0;2;1;1;A01
201300025156;0;7;0;0;2;4;23;B01
201300025157;0;7;0;0;1;3;1;A01
201300025158;0;7;0;0;1;1;15;A01
201300025159;0;7;0;0;2;3;22;A01
201300025159;0;1;0;0;2;1;1;B01
201300025160;0;7;0;0;2;1;1;A01
201300025160;0;1;0;0;2;6;15;B01
201300025161;0;7;0;0;0;9;1;A01
201300025162;0;7;0;0;2;2;1;B01
201300025162;0;7;0;7;2;8;10;A01
201300025163;0;7;0;0;2;6;2;B01
201300025163;0;7;0;0;2;2;1;A01
201300025164;0;7;0;0;2;1;9;B01
201300025164;0;1;0;0;2;1;5;A01
201300025165;0;1;0;0;2;1;1;B01
201300025165;0;7;0;0;2;3;15;A01
201300025166;0;31;0;0;2;1;17;B01
201300025166;0;7;0;0;2;1;1;A01
201300025167;0;7;0;0;1;0;23;A01
201300025168;1;33;0;0;0;0;0;A01
201300025169;0;2;0;0;0;2;1;A01
201300025170;0;7;0;0;2;1;1;A01
201300025170;0;7;0;0;2;8;1;B01
201300025171;0;7;0;0;2;0;1;A01
201300025171;0;1;0;0;2;0;1;B01
201300025172;0;1;0;0;2;0;1;B01
201300025172;0;7;0;0;2;6;4;A01
201300025173;0;7;0;0;2;6;15;B01
201300025173;0;10;0;0;2;1;1;A01
201300025174;0;7;0;1;0;0;1;A01
201300025175;0;7;0;0;2;1;1;B01
201300025175;0;2;0;0;2;0;10;A01
201300025176;0;7;0;0;1;1;1;A01
201300025177;0;10;0;0;2;1;2;A01
201300025177;0;7;0;0;2;1;2;B01
201300025177;0;7;0;0;2;1;23;C01
201300025177;0;7;0;0;2;1;23;D01
201300025177;0;7;0;0;2;4;2;E01
201300025178;0;7;0;6;0;8;1;A01
201300025179;0;30;0;0;0;1;1;A01
201300025180;0;7;0;0;1;0;20;A01
201300025181;0;7;0;0;2;3;15;A01
201300025181;0;32;0;0;2;8;1;B01
201300025182;0;37;20;0;1;1;1;A01
201300025183;0;7;0;0;2;1;6;A01
201300025183;0;7;0;0;2;1;1;B01
201300025184;0;7;0;0;1;2;17;A01
201300025185;0;7;0;0;2;1;2;A01
201300025185;0;7;0;0;2;4;23;B01
201300025186;0;15;0;5;2;9;1;A01
201300025186;0;10;0;0;2;7;24;B01
201300025187;0;7;0;0;2;0;1;A01
201300025187;0;32;0;0;2;7;1;B01
201300025188;0;30;0;14;0;0;1;A01
201300025189;0;7;0;0;1;3;1;A01
201300025190;0;10;0;0;2;3;9;A01
201300025190;0;7;0;0;2;7;1;B01
201300025191;0;33;0;0;2;3;1;B01
201300025191;0;10;0;0;2;0;19;A01
201300025192;0;10;0;1;0;2;1;A01
201300025193;0;7;0;0;1;0;16;A01
201300025194;0;7;0;13;0;2;1;A01
201300025195;0;31;0;0;0;8;15;A01
201300025196;0;1;0;0;2;1;13;A01
201300025196;0;7;0;0;2;7;1;B01
201300025197;0;7;0;0;2;2;15;A01
201300025197;0;33;0;0;2;1;1;B01
201300025198;0;33;0;0;2;1;17;A01
201300025198;0;7;0;0;2;3;15;B01
201300025199;0;7;0;0;2;3;1;B01
201300025199;0;7;0;0;2;1;1;A01
201300025200;0;7;0;4;0;1;1;A01
201300025201;0;7;0;0;2;8;1;A01
201300025201;0;7;0;0;2;8;24;B01
201300025202;0;7;0;0;2;1;23;B01
201300025202;0;7;0;0;2;1;1;A01
201300025202;0;7;0;0;2;1;23;C01
201300025202;0;7;0;0;2;4;23;D01
201300025203;0;15;0;0;2;2;1;B01
201300025203;0;33;0;0;2;1;9;A01
201300025204;0;7;0;0;2;1;1;A01
201300025204;0;7;0;0;2;4;23;B01
201300025205;0;33;0;0;0;0;16;A01
201300025206;0;32;0;0;2;1;17;B01
201300025206;0;7;0;0;2;6;15;A01
201300025207;0;33;0;0;2;5;1;B01
201300025207;0;30;0;0;2;1;1;A01
201300025208;0;7;0;0;2;3;13;A01
201300025208;0;7;0;1;2;3;1;B01
201300025209;0;7;0;3;0;3;1;A01
201300025210;0;33;0;0;1;0;1;A01
201300025211;1;7;0;0;2;0;15;Z01
201300025211;0;33;0;0;2;1;1;A01
201300025211;0;7;0;0;2;0;1;B01
201300025212;0;33;0;0;2;8;13;A01
201300025212;0;10;0;0;2;5;23;B01
201300025213;0;7;0;0;1;2;1;A01
201300025214;0;33;0;1;2;1;1;B01
201300025214;0;7;0;0;2;3;15;A01
201300025215;0;30;0;0;2;1;1;B01
201300025215;0;7;0;0;2;3;15;A01
201300025216;0;30;0;0;2;1;1;A01
201300025216;0;7;0;0;2;4;23;B01
201300025217;0;7;0;0;1;2;1;A01
201300025218;0;1;0;0;2;1;1;B01
201300025218;0;7;0;0;2;0;15;A01
201300025219;0;32;0;0;2;1;1;B01
201300025219;0;7;0;0;2;2;16;A01
201300025220;0;7;0;0;2;4;1;B01
201300025220;0;7;0;0;2;1;1;A01
201300025221;0;7;0;0;2;6;15;A01
201300025221;0;30;0;0;2;1;1;B01
201300025222;0;1;0;0;2;0;1;B01
201300025222;0;15;0;0;2;5;1;A01
201300025223;0;31;0;8;0;1;1;A01
201300025224;0;7;0;0;2;1;1;B01
201300025224;0;7;0;0;2;1;15;A01
201300025225;0;1;0;0;1;0;1;A01
201300025226;0;7;0;0;1;1;1;A01
201300025227;0;2;0;0;0;8;1;A01
201300025228;0;7;0;0;2;7;15;A01
201300025228;0;7;0;0;2;1;1;B01
201300025229;0;37;15;0;2;2;1;B01
201300025229;0;7;0;0;2;7;15;A01
201300025230;0;30;0;0;0;1;1;A01