num_acc;senc;catv;occutc;obs;obsm;choc;manv;num_veh
201300025231;0;1;0;0;2;1;1;B01
201300025231;0;7;0;0;2;1;15;A01
201300025232;0;2;0;0;2;1;1;B01
201300025232;0;7;0;0;2;3;10;A01
201300025233;0;7;0;0;0;2;1;A01
201300025234;0;2;0;0;0;0;1;A01
201300025235;1;7;0;1;1;0;16;A01
201300025236;1;7;0;0;2;0;1;Z01
201300025236;0;7;0;0;2;4;1;B01
201300025237;0;7;0;0;2;1;23;B01
201300025237;0;7;0;0;2;4;23;C01
201300025237;0;7;0;0;2;3;2;A01
201300025238;0;30;0;0;2;7;13;A01
201300025238;0;7;0;0;2;5;16;B01
201300025239;0;31;0;0;0;1;1;A01
201300025240;0;7;0;0;1;3;15;A01
201300025241;0;7;0;0;1;2;1;A01
201300025242;0;10;0;0;2;3;2;A01
201300025242;0;7;0;0;2;4;23;B01
201300025243;0;7;0;0;2;1;2;A01
201300025243;0;7;0;0;2;4;23;B01
201300025244;0;7;0;0;2;8;15;B01
201300025244;0;33;0;0;2;1;1;A01
201300025245;0;7;0;0;2;1;15;A01
201300025245;0;7;0;0;2;1;1;B01
201300025246;0;7;0;0;2;9;12;A01
201300025246;0;7;0;0;2;5;23;D01
201300025246;0;7;0;0;2;9;23;B01
201300025246;0;7;0;0;2;9;23;C01
201300025247;0;7;0;0;2;1;2;A01
201300025247;0;7;0;0;2;4;2;B01
201300025248;1;7;0;0;1;0;4;A01
201300025249;0;7;0;0;2;1;2;A01
201300025249;0;7;0;0;2;5;2;D01
201300025249;0;7;0;0;2;1;2;C01
201300025249;0;7;0;0;2;5;2;B01
201300025250;0;30;0;0;0;7;1;A01
201300025251;0;7;0;0;1;2;1;A01
201300025252;1;7;0;0;1;0;1;A01
201300025253;0;7;0;0;1;1;15;A01
201300025254;0;7;0;0;2;1;1;A01
201300025254;0;7;0;0;2;4;2;B01
201300025255;0;7;0;0;2;1;23;A01
201300025255;0;7;0;0;2;4;1;B01
201300025256;0;7;0;0;2;3;1;A01
201300025256;0;1;0;0;2;7;1;B01
201300025257;0;7;0;0;2;5;1;B01
201300025257;0;10;0;0;2;3;1;A01
201300025258;0;7;0;0;1;3;15;A01
201300025259;0;7;0;1;0;9;1;A01
201300025260;0;1;0;0;2;4;1;A01
201300025260;0;7;0;0;2;3;16;B01
201300025261;0;33;0;0;2;7;12;A01
201300025261;0;7;0;0;2;1;1;B01
201300025262;0;30;0;0;0;8;1;A01
201300025263;0;7;0;0;2;2;22;A01
201300025263;0;1;0;0;2;0;1;B01
201300025264;0;7;0;0;2;8;15;A01
201300025264;0;30;0;0;2;2;1;B01
201300025265;0;7;0;0;2;7;15;A01
201300025265;0;7;0;0;2;1;1;B01
201300025266;0;7;0;0;1;0;1;A01
201300025267;0;37;12;0;2;4;1;B01
201300025267;0;7;0;0;2;2;1;A01
201300025268;0;2;0;0;2;7;1;A01
201300025268;0;7;0;0;2;6;15;B01
201300025269;0;7;0;0;1;1;17;A01
201300025270;0;7;0;0;2;6;2;B01
201300025270;0;7;0;0;2;7;2;A01
201300025270;0;7;0;0;2;2;2;C01
201300025271;0;7;0;0;2;6;1;B01
201300025271;0;7;0;0;2;1;15;A01
201300025272;2;7;0;0;2;1;13;A01
201300025272;0;7;0;0;2;1;1;B01
201300025273;0;7;0;0;2;4;2;B01
201300025273;0;7;0;0;2;1;2;A01
201300025274;0;33;0;0;0;8;1;A01
201300025275;0;7;0;9;0;9;1;A01
201300025276;0;30;0;8;0;0;1;A01
201300025277;0;7;0;0;2;1;15;A01
201300025277;0;7;0;0;2;3;2;B01
201300025277;0;7;0;0;2;3;15;C01
201300025278;0;1;0;0;2;1;1;A01
201300025278;0;10;0;0;2;4;23;B01
201300025279;0;1;0;0;0;0;1;A01
201300025280;0;7;0;0;2;4;23;B01
201300025280;0;7;0;0;2;1;2;A01
201300025281;0;7;0;0;2;7;15;A01
201300025281;0;1;0;0;2;7;1;B01
201300025282;0;7;0;0;2;8;1;A01
201300025282;0;31;0;0;2;1;1;B01
201300025283;0;31;0;0;0;1;21;A01
201300025284;0;7;0;13;0;7;1;A01
201300025285;0;10;0;0;2;1;13;A01
201300025285;0;10;0;0;2;4;1;B01
201300025286;1;7;0;0;2;0;15;A01
201300025286;0;30;0;0;0;0;1;B01
201300025287;0;30;0;0;0;0;1;A01
201300025288;0;7;0;9;0;1;1;A01
201300025289;0;37;15;0;1;0;1;A01
201300025290;0;33;0;0;2;1;1;B01
201300025290;0;1;0;0;2;1;15;A01
201300025291;0;1;0;0;1;1;1;A01
201300025292;0;31;0;0;0;0;1;A01
201300025293;0;7;0;0;1;1;15;A01
201300025294;0;1;0;0;2;1;1;B01
201300025294;0;7;0;0;2;3;16;A01
201300025295;0;1;0;0;0;1;1;A01
201300025296;0;7;0;0;2;1;2;A01
201300025296;0;2;0;0;2;4;23;B01
201300025297;0;7;0;0;2;1;1;A01
201300025297;0;37;1;0;2;4;24;B01
201300025298;0;37;10;0;2;4;23;B01
201300025298;0;7;0;0;2;1;1;A01
201300025299;0;7;0;0;1;1;1;A01
201300025300;1;7;0;0;2;0;1;A01
201300025300;0;7;0;0;2;7;1;B01
201300025301;0;1;0;0;0;1;21;A01
201300025302;0;30;0;0;0;7;1;A01
201300025303;2;7;0;0;2;3;1;A01
201300025303;0;7;0;0;2;6;1;B01
201300025304;0;7;0;0;2;2;2;A01
201300025304;0;7;0;0;2;4;23;C01
201300025304;0;7;0;0;2;4;23;B01
201300025305;0;7;0;0;0;4;1;A01
201300025306;0;7;0;13;0;1;1;A01
201300025307;0;15;0;0;2;7;12;A01
201300025307;0;7;0;3;0;6;1;B01
201300025308;0;1;0;0;2;8;16;A01
201300025308;0;33;0;0;2;1;1;B01
201300025309;0;7;0;0;0;0;1;B01
201300025309;0;1;0;0;2;0;5;A01
201300025310;0;31;0;1;0;2;1;A01
201300025311;0;7;0;2;0;1;15;A01
201300025312;0;7;0;0;2;2;1;B01
201300025312;0;7;0;0;2;1;1;A01
201300025313;0;7;0;0;2;1;15;B01
201300025313;0;7;0;0;2;2;1;A01
201300025314;0;31;0;0;0;0;1;A01
201300025315;0;7;0;0;2;1;1;B01
201300025315;0;7;0;0;2;8;1;A01
201300025316;0;10;0;0;2;4;4;A01
201300025316;0;7;0;0;2;2;23;B01
201300025317;0;7;0;1;1;2;1;A01
201300025318;0;7;0;2;0;2;1;A01
201300025319;0;7;0;0;2;7;1;C01
201300025319;0;7;0;0;2;1;1;A01
201300025319;0;7;0;0;2;6;2;B01
201300025320;0;10;0;0;2;4;2;B01
201300025320;0;7;0;0;2;1;1;A01
201300025321;0;2;0;0;0;0;1;A01
201300025322;0;7;0;0;2;5;23;B01
201300025322;0;7;0;0;2;1;1;A01
201300025323;0;7;0;0;2;4;2;B01
201300025323;0;7;0;0;2;4;2;D01
201300025323;0;7;0;0;2;4;2;C01
201300025323;0;14;0;3;2;2;1;A01
201300025324;0;31;0;0;0;0;1;A01
201300025325;0;7;0;0;1;1;1;A01
201300025326;0;7;0;0;2;5;1;B01
201300025326;0;1;0;0;2;1;1;A01
201300025327;0;7;0;0;1;0;16;A01
201300025328;0;7;0;0;1;1;1;A01
201300025329;0;31;0;0;2;1;2;A01
201300025329;0;7;0;0;2;6;2;B01
201300025330;0;7;0;0;2;4;1;B01
201300025330;0;7;0;0;2;3;2;A01
201300025331;0;7;0;0;1;0;1;A01
201300025332;0;10;0;0;2;4;2;B01
201300025332;0;7;0;0;2;4;2;D01
201300025332;0;7;0;0;2;1;2;A01
201300025332;0;7;0;0;2;1;2;C01
201300025333;0;7;0;0;2;1;16;A01
201300025333;0;30;0;0;2;7;1;B01
201300025334;0;10;0;0;2;0;2;A01
201300025334;0;7;0;0;2;0;23;B01
201300025335;0;30;0;0;0;7;1;A01
201300025336;0;7;0;0;2;0;14;A01
201300025336;0;30;0;0;2;0;1;B01
201300025337;0;7;0;0;2;2;15;A01
201300025337;0;7;0;0;2;3;1;B01
201300025338;0;7;0;0;1;2;1;A01
201300025339;0;7;0;0;2;3;9;A01
201300025339;0;7;0;0;2;7;1;B01
201300025340;0;7;0;0;2;1;2;A01
201300025340;0;7;0;0;2;4;23;B01
201300025340;0;7;0;0;2;4;23;C01
201300025341;0;33;0;0;0;9;1;A01
201300025342;0;7;0;0;2;4;2;C01
201300025342;0;10;0;0;2;9;2;B01
201300025342;0;10;0;0;2;1;2;A01
201300025343;0;7;0;0;2;1;2;A01
201300025343;0;33;0;0;2;1;2;B01
201300025343;0;7;0;0;2;1;2;C01
201300025344;0;7;0;13;5;1;1;A01
201300025345;0;30;0;0;0;8;1;A01
201300025346;0;10;0;0;1;0;4;A01
201300025347;0;7;0;9;0;1;1;A01
201300025348;0;30;0;0;0;8;1;A01
201300025349;0;7;0;0;2;0;2;B01
201300025349;0;15;0;0;2;2;2;A01
201300025349;0;7;0;0;2;4;2;C01
201300025350;0;7;0;0;1;2;1;A01
201300025351;0;30;0;0;0;2;21;A01
201300025352;0;7;0;0;0;0;1;A01
201300025353;0;37;20;0;1;0;1;A01
201300025354;0;7;0;0;1;1;1;A01
201300025355;0;7;0;0;2;2;15;B01
201300025355;0;7;0;0;2;0;1;A01
201300025356;0;15;0;0;2;1;9;A01
201300025356;0;7;0;0;2;7;1;B01
201300025357;0;7;0;0;2;1;1;B01
201300025357;0;7;0;0;2;1;1;A01
201300025358;0;17;0;0;2;7;15;A01
201300025358;0;37;15;0;2;3;1;B01
201300025359;0;7;0;0;2;0;16;A01
201300025359;0;37;6;0;2;0;1;B01
201300025360;0;7;0;0;1;7;9;A01
201300025361;0;7;0;0;2;4;23;A01
201300025361;0;7;0;0;2;1;1;B01
201300025362;0;7;0;0;2;7;1;A01
201300025362;0;7;0;0;0;1;1;B01
201300025363;0;30;0;9;0;1;1;A01
201300025364;0;7;0;0;2;0;16;A01
201300025364;0;1;0;0;2;0;1;B01
201300025365;0;10;0;0;2;3;15;A01
201300025365;0;7;0;0;2;2;1;B01
201300025366;0;7;0;0;2;1;2;A01
201300025366;0;7;0;0;2;3;23;E01
201300025366;0;7;0;0;2;1;23;C01
201300025366;0;7;0;0;2;7;23;D01
201300025366;0;7;0;0;2;4;23;B01
201300025366;0;7;0;0;2;1;2;F01
201300025366;0;15;0;0;2;0;2;G01
201300025367;0;7;0;0;2;3;1;B01
201300025367;0;7;0;0;2;3;13;A01
201300025368;0;7;0;0;2;2;15;A01
201300025368;0;30;0;0;2;1;1;B01
201300025369;0;10;0;0;2;2;15;A01
201300025369;0;7;0;0;2;3;1;B01
201300025370;1;7;0;0;2;0;2;A01
201300025370;0;7;0;0;2;9;2;B01
201300025371;0;30;0;0;0;0;1;A01
201300025372;0;33;0;0;2;8;1;B01
201300025372;0;7;0;0;2;8;15;A01
201300025373;0;1;0;0;2;1;1;B01
201300025373;0;7;0;0;2;2;14;A01
201300025374;0;7;0;0;2;1;15;A01
201300025374;0;7;0;0;2;1;1;B01
201300025375;0;7;0;0;2;8;1;B01
201300025375;0;30;0;0;2;1;1;A01
201300025376;0;7;0;0;2;0;15;B01
201300025376;0;30;0;0;2;8;1;A01
201300025377;0;7;0;0;2;1;1;A01
201300025377;0;7;0;0;2;8;15;B01
201300025378;0;33;0;0;0;7;1;A01
201300025379;0;7;0;0;2;2;15;A01
201300025379;0;7;0;0;2;1;1;B01
201300025380;0;33;0;0;2;4;2;B01
201300025380;0;7;0;0;2;1;2;A01
201300025381;0;10;0;0;1;0;1;A01
201300025382;0;7;0;0;2;1;1;B01
201300025382;0;7;0;0;2;1;9;A01
201300025383;0;7;0;12;0;1;1;A01
201300025384;0;7;0;0;0;1;1;A01
201300025385;0;1;0;0;2;4;19;A01
201300025385;0;10;0;0;2;0;1;B01
201300025386;0;7;0;0;2;1;15;A01
201300025386;0;1;0;0;2;1;1;B01
201300025387;0;1;0;0;1;0;1;A01
201300025388;0;7;0;0;2;2;2;A01
201300025388;0;7;0;0;2;3;2;B01
201300025388;0;7;0;0;2;1;2;C01
201300025389;0;7;0;0;2;1;2;A01
201300025389;0;7;0;0;2;4;23;B01
201300025390;0;3;0;0;0;1;1;A01
201300025391;0;10;0;0;2;1;1;A01
201300025391;0;7;0;0;2;4;23;B01
201300025392;0;7;0;0;1;7;1;A01
201300025393;0;7;0;12;0;1;1;A01
201300025394;0;7;0;6;0;1;1;A01
201300025395;0;30;0;0;6;7;1;A01
201300025396;0;7;0;1;0;1;1;A01
201300025397;0;7;0;0;2;0;2;A01
201300025397;0;7;0;0;2;1;2;B01
201300025397;0;7;0;0;2;4;2;C01
201300025398;0;7;0;0;1;1;1;A01
201300025399;0;7;0;0;0;0;1;B01
201300025400;0;31;0;0;2;8;1;B01
201300025400;0;7;0;0;2;1;16;A01
201300025401;0;33;0;0;2;1;1;B01
201300025401;0;7;0;0;2;2;15;A01
201300025402;0;7;0;0;2;1;23;B01
201300025402;1;13;0;0;0;0;1;A01
201300025403;0;7;0;15;0;1;1;A01
201300025404;0;7;0;0;2;1;2;A01
201300025404;0;7;0;0;2;4;2;B01
201300025405;0;7;0;0;2;0;15;A01
201300025405;0;7;0;0;2;8;1;B01
201300025406;0;7;0;0;2;4;1;B01
201300025406;0;7;0;0;2;1;23;A01
201300025407;1;7;0;0;2;0;1;A01
201300025407;0;1;0;0;2;0;1;B01
201300025408;1;7;0;0;1;0;1;A01
201300025409;0;7;0;0;2;7;16;B01
201300025409;0;1;0;0;2;0;15;A01
201300025410;0;31;0;14;0;0;1;A01
201300025411;0;33;0;0;2;9;2;A01
201300025411;0;7;0;0;2;4;2;B01
201300025411;0;7;0;0;2;1;2;C01
201300025412;0;7;0;0;2;2;1;B01
201300025412;0;7;0;0;2;8;1;A01
201300025413;0;7;0;0;1;4;4;A01
201300025414;0;7;0;0;0;9;1;A01
201300025415;0;7;0;0;2;0;22;A01
201300025415;0;1;0;0;2;1;1;B01
201300025416;0;7;0;0;2;0;2;A01
201300025416;0;1;0;0;2;0;5;C01
201300025416;0;7;0;0;2;0;2;B01
201300025417;1;7;0;0;1;0;1;A01
201300025418;0;7;0;0;2;4;2;C01
201300025418;0;7;0;0;2;4;2;B01
201300025418;0;7;0;0;2;1;2;A01
201300025419;0;7;0;0;0;1;1;A01
201300025420;0;7;0;0;2;2;2;A01
201300025420;0;7;0;0;2;4;2;B01
201300025421;0;7;0;0;2;4;23;B01
201300025421;0;7;0;0;2;2;2;A01
201300025422;0;7;0;14;0;1;1;A01
201300025423;0;7;0;3;0;9;1;A01
201300025424;0;7;0;1;0;1;1;A01
201300025425;0;7;0;0;1;2;1;A01
201300025426;0;10;0;0;2;2;1;A01
201300025426;0;7;0;0;2;1;1;B01
201300025427;0;7;0;0;1;2;1;A01
201300025428;0;7;0;0;1;1;15;A01
201300025429;0;30;0;0;0;1;1;A01
201300025430;0;7;0;8;0;8;1;A01
201300025431;0;7;0;0;2;4;2;B01
201300025431;0;7;0;0;2;1;2;A01
201300025431;0;7;0;0;2;4;23;C01
201300025431;0;7;0;0;2;4;23;D01
201300025432;0;7;0;0;2;1;1;A01
201300025432;0;1;0;0;2;4;1;B01
201300025433;0;7;0;0;2;1;1;A01
201300025433;0;7;0;0;2;4;2;B01
201300025434;0;7;0;1;2;1;1;A01
201300025434;0;2;0;0;2;7;1;B01
201300025435;0;7;0;0;2;1;15;A01
201300025435;0;1;0;0;2;0;1;B01
201300025436;0;7;0;0;1;8;1;A01
201300025437;0;7;0;13;0;7;1;A01
201300025438;0;7;0;0;2;0;15;A01
201300025438;0;30;0;0;2;1;1;B01
201300025439;0;10;0;0;1;1;1;A01
201300025440;0;7;0;0;1;1;1;A01
201300025441;0;31;0;0;2;7;1;B01
201300025441;0;7;0;0;2;3;13;A01
201300025442;0;7;0;0;2;1;1;B01
201300025442;0;7;0;0;2;2;1;A01
201300025443;0;7;0;0;2;1;2;A01
201300025443;0;7;0;0;2;4;2;B01
201300025443;0;7;0;0;2;0;2;C01
201300025444;0;7;0;0;2;1;23;B01
201300025444;0;7;0;0;2;7;20;C01
201300025444;0;7;0;0;2;1;2;A01
201300025445;0;33;0;0;2;7;15;B01
201300025445;0;7;0;0;2;0;1;A01
201300025446;0;7;0;0;2;1;0;B01
201300025446;0;7;0;0;2;3;0;A01
201300025447;0;7;0;0;2;1;2;A01
201300025447;0;7;0;0;2;4;23;C01
201300025447;0;7;0;0;2;6;23;B01
201300025448;0;7;0;8;0;2;1;A01
201300025449;0;37;10;0;2;0;1;B01
201300025449;0;7;0;0;2;0;15;A01
201300025450;0;7;0;0;2;1;16;B01
201300025450;0;1;0;0;2;0;5;A01
201300025451;0;7;0;0;2;4;2;C01
201300025451;0;7;0;0;2;4;2;B01
201300025451;0;7;0;0;2;3;12;A01
201300025452;0;7;0;0;2;2;15;B01
201300025452;0;1;0;0;2;1;19;A01
201300025453;0;7;0;0;0;1;1;A01
201300025454;0;7;0;0;2;3;16;B01
201300025454;0;1;0;0;2;1;1;A01
201300025455;0;1;0;0;2;7;19;A01
201300025455;0;7;0;0;2;1;1;B01
201300025456;0;7;0;0;1;3;15;A01
201300025457;0;7;0;0;2;1;2;A01
201300025457;0;7;0;0;2;4;2;B01
201300025458;0;7;0;0;2;1;11;A01
201300025458;0;7;0;0;2;4;2;C01
201300025458;0;7;0;0;2;4;2;B01
201300025459;0;31;0;0;0;0;1;A01
201300025460;1;7;0;0;1;0;1;A01
201300025461;0;7;0;0;2;0;2;A01
201300025461;0;7;0;0;2;0;2;B01
201300025461;0;7;0;0;2;0;2;C01
201300025462;0;30;0;0;0;0;1;A01
201300025463;0;13;0;0;1;0;15;A01
201300025464;0;30;0;0;2;8;1;B01
201300025464;0;7;0;0;2;7;10;A01
201300025465;0;7;0;0;2;5;15;B01
201300025465;0;33;0;0;2;1;1;A01
201300025466;0;7;0;0;2;5;15;B01
201300025466;0;33;0;0;2;1;1;A01
201300025467;0;2;0;11;0;1;1;A01
201300025468;0;1;0;0;2;1;15;A01
201300025468;0;7;0;0;2;2;17;B01
201300025469;0;1;0;0;0;2;1;A01
201300025470;0;10;0;0;2;3;1;B01
201300025470;0;10;0;0;2;1;1;A01
201300025471;0;7;0;0;1;0;1;A01
201300025472;0;3;0;0;2;1;1;B01
201300025472;1;7;0;0;2;1;1;A01
201300025473;0;7;0;0;2;4;2;C01
201300025473;0;7;0;0;2;1;2;A01
201300025473;0;7;0;0;2;4;2;B01
201300025474;0;30;0;1;0;1;15;A01
201300025475;0;30;0;0;1;3;1;A01
201300025476;0;7;0;0;2;7;15;A01
201300025476;0;1;0;0;2;1;1;B01
201300025477;0;1;0;0;2;1;5;A01
201300025477;0;7;0;0;2;2;1;B01
201300025478;0;7;0;0;2;8;1;B01
201300025478;0;7;0;0;2;0;1;A01
201300025479;0;7;0;0;2;3;22;A01
201300025479;0;37;10;0;2;2;1;B01
201300025480;0;30;0;0;0;3;1;A01
201300025481;0;7;0;0;2;3;1;B01
201300025481;0;7;0;0;2;1;15;A01
201300025482;0;7;0;0;2;3;1;B01
201300025482;0;7;0;0;2;3;5;A01
201300025483;0;7;0;0;2;3;15;A01
201300025483;0;1;0;0;2;0;1;B01
201300025484;0;30;0;11;0;3;1;A01
201300025485;0;30;0;0;0;2;21;A01
201300025486;0;30;0;0;2;1;1;A01
201300025486;0;7;0;0;2;4;23;B01
201300025487;1;7;0;0;2;0;15;A01
201300025487;0;30;0;0;2;4;1;B01
201300025488;0;7;0;0;2;1;13;A01
201300025488;0;7;0;0;2;3;1;B01
201300025489;0;7;0;0;2;0;2;B01
201300025489;0;7;0;0;2;3;2;A01
201300025490;0;7;0;0;2;1;5;A01
201300025490;0;7;0;0;2;3;23;B01
201300025491;0;33;0;0;0;3;1;A01
201300025492;0;7;0;0;2;1;2;B01
201300025492;0;7;0;0;1;1;1;A01
201300025493;0;7;0;0;2;1;15;A01
201300025493;0;7;0;0;2;1;1;B01
201300025494;0;14;0;0;1;1;1;A01
201300025495;0;7;0;0;1;0;1;A01
201300025496;0;7;0;0;1;1;4;A01
201300025497;0;7;0;0;2;1;15;A01
201300025497;0;7;0;0;2;0;1;B01
201300025498;0;7;0;8;0;1;1;A01
201300025499;0;7;0;0;2;4;23;E01
201300025499;0;7;0;0;2;4;23;B01
201300025499;0;7;0;0;2;1;23;C01
201300025499;0;7;0;0;2;4;23;D01
201300025499;0;7;0;0;2;1;2;A01
201300025500;0;7;0;0;1;0;16;A01
201300025501;0;7;0;0;2;3;1;B01
201300025501;0;7;0;0;2;1;15;A01
201300025502;0;7;0;3;0;3;1;A01
201300025503;0;7;0;0;2;3;1;B01
201300025503;0;7;0;0;2;3;15;A01
201300025504;0;7;0;0;2;1;1;B01
201300025504;0;7;0;0;2;3;1;A01
201300025505;0;7;0;1;2;1;1;A01
201300025506;0;7;0;0;2;0;2;B01
201300025506;0;7;0;0;2;4;2;A01
201300025507;0;7;0;15;0;3;1;A01
201300025508;0;7;0;0;0;3;1;A01
201300025509;0;7;0;1;1;3;1;A01
201300025510;0;7;0;9;0;8;1;A01
201300025511;0;7;0;0;2;4;1;B01
201300025511;0;7;0;0;2;3;1;A01
201300025512;0;7;0;0;2;3;1;A01
201300025512;0;37;10;0;2;6;1;B01
201300025513;0;7;0;0;0;1;1;A01
201300025514;0;7;0;0;1;1;16;A01
201300025515;0;7;0;0;2;8;1;B01
201300025515;0;7;0;0;2;1;15;A01
201300025516;0;30;0;0;0;0;1;A01
201300025517;0;7;0;0;2;8;1;B01
201300025517;0;7;0;2;2;1;1;A01
201300025518;0;30;0;0;2;7;17;B01
201300025518;0;7;0;0;2;2;15;A01
201300025519;0;1;0;0;2;8;1;A01
201300025519;1;14;0;0;2;7;2;Z01
201300025520;0;3;0;0;0;3;5;B01
201300025520;0;37;30;0;0;3;5;A01
201300025521;0;15;0;0;1;1;2;A01
201300025522;0;2;0;0;2;1;18;A01
201300025522;0;7;0;0;0;7;15;B01
201300025523;0;7;0;0;1;1;1;A01
201300025524;0;10;0;0;2;2;17;A01
201300025524;0;2;0;0;2;1;1;B02
201300025525;0;2;0;0;0;1;2;B01
201300025525;0;7;0;0;0;2;15;A01
201300025526;0;7;0;0;2;3;15;A01
201300025526;0;2;0;0;2;1;1;B01
201300025527;0;7;0;0;9;8;15;A01
201300025527;0;33;0;0;2;7;17;B01
201300025528;0;7;0;0;1;1;2;A01
201300025529;0;15;0;0;1;2;5;A01
201300025530;0;7;0;13;0;1;0;A01
201300025531;0;7;0;0;2;4;1;B01
201300025531;0;30;0;0;2;1;1;A01
201300025532;0;7;0;0;2;2;12;A01
201300025532;0;2;0;0;2;1;1;B01
201300025533;0;7;0;0;2;2;15;A01
201300025533;0;33;0;0;0;6;15;B01
201300025534;0;7;0;15;0;1;2;A01
201300025535;0;7;0;0;1;1;2;A01
201300025536;0;7;0;0;2;1;1;B01
201300025536;0;7;0;0;2;1;5;A01
201300025537;0;33;0;;;;;B01
201300025537;0;7;0;;2;3;15;A01
201300025538;0;7;0;0;9;1;17;A01
201300025538;0;1;0;0;2;8;15;B01
201300025539;0;33;0;12;0;1;1;A01
201300025540;0;7;0;0;1;3;1;A01
201300025541;0;1;0;0;2;4;0;B01
201300025541;0;10;0;0;9;2;1;A01
201300025542;0;7;0;0;1;5;1;A01
201300025543;0;30;0;0;2;6;2;B01
201300025543;0;7;0;0;2;2;16;A01
201300025544;0;7;0;0;1;3;1;A01
201300025545;0;10;0;0;2;3;23;C01
201300025545;0;7;0;0;2;2;19;A01
201300025545;0;33;0;0;2;2;15;B01
201300025546;1;1;0;;;;;A01
201300025546;2;14;0;;;;;B02
201300025547;0;7;0;0;1;3;15;A01
201300025548;0;7;0;0;1;1;15;A01
201300025549;0;7;0;0;1;2;0;A01
201300025550;0;7;0;0;1;8;1;A01
201300025551;0;7;0;0;2;1;2;A01
201300025551;0;1;0;0;2;4;2;B01
201300025552;0;7;0;0;1;1;1;A01
201300025553;0;7;0;2;0;2;1;A01
201300025554;0;7;0;0;2;3;1;A01
201300025554;0;7;0;0;2;1;1;B01
201300025555;0;7;0;0;2;8;1;A01
201300025555;0;1;0;0;2;1;9;B01
201300025556;1;7;0;0;1;5;14;A01
201300025557;0;3;0;0;0;0;14;A01
201300025558;0;7;0;0;2;4;1;B01
201300025558;0;7;0;0;2;1;1;A01
201300025559;0;7;0;0;2;8;9;A01
201300025559;0;1;0;0;2;1;0;B01
201300025560;0;1;0;0;2;8;1;B01
201300025560;0;7;0;0;2;3;9;A01
201300025561;0;7;0;0;2;6;1;C01
201300025561;0;7;0;0;2;9;17;A01
201300025561;0;7;0;0;2;2;1;B01
201300025562;0;7;0;0;1;1;1;A01
201300025563;0;7;0;0;0;0;14;A01
201300025564;0;7;0;0;0;0;1;A01
201300025565;0;31;0;0;0;0;14;A01
201300025566;0;7;0;0;1;1;1;A01
201300025567;0;7;0;0;0;4;1;B01
201300025567;0;7;0;0;0;4;23;C01
201300025567;0;7;0;0;0;1;1;A01
201300025568;1;7;0;0;1;0;0;A01
201300025569;0;7;0;6;0;1;1;A01
201300025570;0;7;0;15;0;1;1;A01
201300025571;0;7;0;0;2;2;9;B01
201300025571;0;36;0;0;2;4;1;A01
201300025572;0;33;0;0;2;1;1;B01
201300025572;0;7;0;0;0;7;19;A01
201300025573;0;7;0;0;2;3;22;A01
201300025573;0;1;0;0;0;1;1;B01
201300025574;0;7;0;0;0;1;1;A01
201300025574;0;7;0;0;0;4;1;B01
201300025575;0;7;0;0;2;8;1;B01
201300025575;0;7;0;0;2;1;15;A01
201300025576;0;33;0;0;0;0;14;A01
201300025577;0;7;0;0;1;7;16;A01
201300025578;0;7;0;0;2;3;6;A01
201300025578;0;7;0;0;2;1;1;B01
201300025579;0;33;0;0;2;8;21;B01
201300025579;0;7;0;0;2;3;19;A01
201300025580;0;7;0;0;1;4;1;A01
201300025581;0;7;0;0;2;6;15;B01
201300025581;0;7;0;0;2;1;19;A01
201300025582;0;2;0;0;2;1;1;A01
201300025582;0;7;0;0;2;4;1;B01
201300025583;0;7;0;0;1;1;1;A01
201300025584;0;7;0;0;2;4;1;B01
201300025584;0;30;0;0;2;1;1;A01
201300025585;0;30;0;0;2;8;9;A01
201300025585;0;7;0;0;0;2;1;B01
201300025586;0;7;0;0;2;4;1;B01
201300025586;0;7;0;0;2;1;1;A01
201300025587;0;7;0;0;2;4;2;B01
201300025587;0;32;0;0;2;1;2;A01
201300025588;0;7;0;0;0;1;0;A01
201300025589;0;7;0;0;2;8;21;A01
201300025589;0;30;0;0;2;1;17;B01
201300025590;0;2;0;0;1;1;1;A01
201300025591;0;31;0;0;2;7;15;A01
201300025591;0;33;0;0;2;1;1;B01
201300025592;0;14;0;0;1;3;1;A01
201300025593;0;7;0;0;2;1;1;A01
201300025593;0;7;0;0;2;4;1;B01
201300025594;0;7;0;0;2;3;9;A01
201300025594;0;1;0;0;2;5;1;B01
201300025595;0;7;0;1;0;1;1;A01
201300025596;0;7;0;0;0;1;1;A01
201300025597;0;7;0;0;2;1;1;A01
201300025597;0;1;0;0;2;4;1;B01
201300025598;0;7;0;0;1;0;1;A01
201300025599;0;33;0;6;1;1;1;A01
201300025600;0;33;0;0;1;0;0;A01
201300025601;0;7;0;0;0;0;14;A01
201300025602;0;7;0;0;2;8;9;A01
201300025602;0;31;0;0;2;1;1;B01
201300025603;0;7;0;0;2;8;15;A01
201300025603;0;30;0;0;2;1;1;B01
201300025604;0;14;0;0;0;3;1;A01
201300025605;0;7;0;0;1;3;1;A01
201300025606;0;7;0;0;1;1;1;A01
201300025607;1;7;0;0;1;1;1;Z01
201300025608;0;7;0;0;1;5;1;A01
201300025609;0;7;0;0;1;2;1;A01
201300025610;0;7;0;0;0;0;14;A01
201300025611;1;7;0;0;2;1;2;A01
201300025611;0;7;0;0;2;4;1;B01
201300025612;0;1;0;0;2;1;1;B01
201300025612;0;7;0;0;2;3;16;A01
201300025613;0;7;0;0;2;2;17;B01