num_acc;senc;catv;occutc;obs;obsm;choc;manv;num_veh
201300025613;0;7;0;0;2;8;20;A01
201300025614;0;7;0;0;1;2;1;A01
201300025615;0;7;0;0;0;1;1;A01
201300025615;0;7;0;0;0;4;1;B01
201300025616;0;30;0;1;0;1;1;A01
201300025617;0;10;0;0;2;5;17;A01
201300025617;0;2;0;0;2;3;1;B01
201300025618;0;7;0;0;0;3;13;A01
201300025618;0;7;0;0;0;8;1;B01
201300025619;0;7;0;0;2;8;15;B01
201300025619;0;1;0;0;2;1;1;A01
201300025620;0;7;0;0;2;8;20;A01
201300025620;0;7;0;0;0;7;1;B01
201300025621;0;7;0;0;0;1;15;A01
201300025621;0;7;0;0;0;8;1;B01
201300025622;0;7;0;0;1;1;1;A01
201300025623;0;7;0;0;2;2;15;A01
201300025623;0;7;0;0;2;3;1;B01
201300025624;0;7;0;0;1;2;20;A01
201300025625;0;34;0;0;2;1;1;B01
201300025625;0;7;0;0;2;3;10;A01
201300025626;0;30;0;0;2;0;1;A01
201300025627;0;7;0;0;1;1;1;A01
201300025628;0;30;0;0;0;0;1;A01
201300025629;0;33;0;0;0;0;1;A01
201300025630;0;3;0;1;0;0;0;A01
201300025631;0;7;0;0;0;1;1;A01
201300025631;0;7;0;0;0;4;1;B01
201300025632;0;7;0;0;2;1;1;A01
201300025632;0;7;0;0;2;4;1;B01
201300025633;0;7;0;13;0;7;1;A01
201300025634;0;10;0;0;2;1;1;A01
201300025634;0;7;0;0;2;4;1;B01
201300025635;0;7;0;0;0;1;1;A01
201300025636;0;7;0;0;1;2;1;A01
201300025637;0;33;0;8;2;1;1;B01
201300025637;0;7;0;0;2;2;20;A01
201300025638;0;7;0;0;2;1;1;A01
201300025638;0;7;0;0;2;4;1;B01
201300025639;0;30;0;0;0;0;9;A01
201300025640;0;7;0;0;0;9;1;A01
201300025641;0;30;0;0;0;0;14;A01
201300025642;0;7;0;0;2;1;1;A01
201300025642;0;7;0;0;2;2;1;B01
201300025643;0;1;0;0;0;4;1;B01
201300025643;0;7;0;0;0;1;16;A01
201300025644;0;7;0;0;2;1;1;A01
201300025644;0;7;0;0;2;4;1;B01
201300025645;0;32;0;0;0;0;14;A01
201300025646;0;7;0;0;0;1;1;B01
201300025646;0;7;0;0;0;3;9;A01
201300025647;0;16;0;0;0;0;0;A01
201300025648;0;1;0;0;0;0;0;A01
201300025649;0;30;0;0;0;0;0;A01
201300025650;0;7;0;0;1;0;1;A01
201300025651;0;7;0;4;0;1;14;A01
201300025652;0;30;0;16;0;0;0;A01
201300025653;0;7;0;0;2;7;23;B01
201300025653;0;1;0;0;2;1;19;A01
201300025654;0;7;0;0;0;3;1;A01
201300025655;0;3;0;0;2;8;20;A01
201300025655;0;30;0;0;2;1;17;B01
201300025656;0;2;0;0;2;1;1;A01
201300025656;0;7;0;0;0;8;0;C01
201300025656;0;7;0;0;0;7;16;B01
201300025657;0;7;0;0;2;2;15;A01
201300025657;0;7;0;0;2;1;1;B01
201300025658;0;7;0;0;0;3;1;B01
201300025658;0;7;0;0;0;2;19;A01
201300025659;0;7;0;0;2;3;9;A01
201300025659;0;13;0;0;2;1;1;B01
201300025660;0;7;0;0;6;0;1;A01
201300025661;0;7;0;0;2;1;1;A01
201300025661;0;7;0;0;2;4;1;B01
201300025662;0;7;0;0;2;1;1;A01
201300025662;0;7;0;0;2;4;1;B01
201300025662;0;7;0;0;2;4;1;C01
201300025663;0;10;0;0;1;1;1;A01
201300025664;0;10;0;0;0;1;1;A01
201300025664;0;7;0;0;0;3;1;B01
201300025665;0;7;0;1;1;4;4;A01
201300025665;0;7;0;0;2;5;23;B01
201300025666;0;7;0;0;0;8;20;A01
201300025666;0;2;0;0;0;1;1;B01
201300025667;0;7;0;0;1;3;1;A01
201300025668;0;7;0;0;2;4;2;B01
201300025668;0;13;0;0;0;1;2;A01
201300025669;0;7;0;0;2;1;1;A01
201300025669;0;7;0;0;2;4;23;B01
201300025670;0;7;0;1;0;1;1;A01
201300025671;0;33;0;0;0;0;23;A01
201300025672;0;7;0;0;0;1;1;A01
201300025673;0;7;0;8;0;1;14;A01
201300025674;0;7;0;2;0;1;14;A01
201300025675;0;2;0;0;0;1;1;A01
201300025675;0;7;0;0;0;1;1;B01
201300025676;0;7;0;0;2;2;15;A01
201300025676;0;7;0;0;2;1;1;B01
201300025677;0;7;0;0;2;1;13;A01
201300025677;0;7;0;0;2;1;1;B01
201300025678;0;7;0;0;0;4;1;C01
201300025678;0;7;0;0;0;1;1;A01
201300025678;0;7;0;0;0;4;1;B01
201300025679;0;7;0;0;2;1;1;A01
201300025679;0;7;0;0;2;4;1;B01
201300025680;0;7;0;0;1;1;16;A01
201300025681;0;7;0;0;2;4;1;C01
201300025681;0;7;0;0;2;1;1;A01
201300025681;0;7;0;0;2;4;1;B01
201300025682;0;7;0;11;0;1;13;A01
201300025683;0;7;0;0;2;1;1;A01
201300025683;0;7;0;0;2;4;1;B01
201300025684;0;2;0;0;0;0;1;A01
201300025685;0;7;0;0;1;3;15;A01
201300025686;0;7;0;0;2;1;1;A01
201300025686;0;7;0;0;2;4;1;B01
201300025687;0;7;0;0;0;8;1;B01
201300025687;0;7;0;0;0;1;1;C01
201300025687;0;7;0;0;0;1;13;A01
201300025688;0;15;0;0;0;0;1;A01
201300025689;0;7;0;8;0;1;14;A01
201300025690;0;10;0;0;0;8;4;A01
201300025690;0;30;0;0;2;1;1;B01
201300025691;0;7;0;0;2;7;1;A01
201300025691;0;7;0;0;2;1;1;B01
201300025692;0;7;0;0;2;2;1;A01
201300025692;0;32;0;0;2;1;1;B01
201300025693;0;7;0;0;1;1;1;A01
201300025694;0;32;0;0;0;7;1;A01
201300025695;0;33;0;0;2;1;1;B01
201300025695;0;7;0;0;2;7;20;A01
201300025695;0;7;0;0;2;4;24;C01
201300025696;0;33;0;0;2;1;17;B01
201300025696;0;7;0;0;2;2;15;A01
201300025697;0;7;0;0;1;1;1;A01
201300025698;0;7;0;8;0;8;1;A01
201300025699;0;7;0;0;2;1;2;B01
201300025699;0;10;0;0;2;3;1;A01
201300025700;0;7;0;0;2;5;23;B01
201300025700;0;7;0;0;2;1;2;A01
201300025700;0;7;0;0;2;4;23;C01
201300025700;0;7;0;0;2;6;23;D01
201300025701;0;33;0;0;0;4;23;B01
201300025701;0;7;0;0;2;3;2;A01
201300025702;0;7;0;0;2;6;1;B01
201300025702;0;7;0;0;2;1;1;C01
201300025702;0;7;0;0;2;8;1;D01
201300025702;0;7;0;0;2;3;13;A01
201300025703;0;7;0;0;2;6;9;A01
201300025703;0;33;0;0;2;1;9;B01
201300025704;0;7;0;0;2;6;16;A01
201300025704;0;30;0;0;2;1;1;B01
201300025705;0;7;0;0;2;7;1;B01
201300025705;0;37;15;0;2;3;9;A01
201300025706;0;7;0;0;1;2;1;A01
201300025707;0;7;0;0;2;1;2;A01
201300025707;0;7;0;0;2;4;2;B01
201300025708;0;7;0;0;1;1;1;A01
201300025709;0;10;0;0;2;8;15;B01
201300025709;0;7;0;0;2;2;15;A01
201300025710;0;7;0;0;2;1;2;A01
201300025710;0;7;0;0;2;4;2;B01
201300025711;0;7;0;0;2;1;1;A01
201300025711;0;30;0;0;2;7;1;B01
201300025712;0;7;0;0;2;8;15;A01
201300025712;0;30;0;0;2;1;17;B01
201300025713;0;32;0;0;2;1;1;B01
201300025713;0;7;0;0;2;8;15;A01
201300025714;0;7;0;0;2;8;2;B01
201300025714;0;31;0;0;2;1;1;A01
201300025715;0;7;0;0;1;4;4;A01
201300025716;0;10;0;0;2;1;1;B01
201300025716;0;7;0;0;2;6;24;C01
201300025716;0;7;0;0;2;2;1;A01
201300025717;0;2;0;1;0;1;14;A01
201300025718;0;7;0;1;0;2;1;A01
201300025719;0;33;0;0;0;1;2;A01
201300025720;0;1;0;0;2;1;1;A01
201300025720;0;7;0;0;0;4;1;B01
201300025721;0;7;0;0;2;2;9;A01
201300025721;0;7;0;0;0;2;1;C01
201300025721;0;2;0;0;2;2;1;B01
201300025722;0;10;0;0;2;3;1;B01
201300025722;0;7;0;0;2;2;1;A01
201300025723;0;7;0;0;2;3;1;B01
201300025723;0;7;0;0;2;2;1;A01
201300025724;0;7;0;0;2;4;1;B01
201300025724;0;7;0;0;2;1;1;A01
201300025725;0;7;0;0;2;4;1;B01
201300025725;0;10;0;0;2;4;1;C01
201300025725;0;10;0;0;2;1;1;A01
201300025726;0;7;0;0;2;3;13;A01
201300025726;0;7;0;0;2;3;1;B01
201300025727;0;7;0;0;2;1;1;A01
201300025727;0;7;0;0;2;4;1;C01
201300025727;0;32;0;0;2;4;1;B01
201300025728;0;2;0;0;2;5;1;A01
201300025728;0;7;0;0;2;3;1;B01
201300025729;0;1;0;0;2;7;1;B01
201300025729;0;7;0;0;2;8;14;A01
201300025730;0;32;0;0;0;2;1;A01
201300025731;0;33;0;0;0;0;1;A01
201300025732;0;7;0;0;1;3;1;A01
201300025733;0;7;0;0;2;4;1;B01
201300025733;0;30;0;0;2;1;1;A01
201300025734;0;7;0;14;0;1;0;A01
201300025735;0;10;0;0;1;4;4;A01
201300025736;0;1;0;0;2;0;2;B01
201300025736;0;14;0;0;2;7;16;A01
201300025737;0;7;0;0;2;1;1;A01
201300025737;0;7;0;0;2;3;1;B01
201300025738;0;1;0;0;2;2;1;A01
201300025738;0;7;0;0;2;3;15;B01
201300025739;0;17;0;0;2;4;23;B01
201300025739;0;1;0;0;2;1;1;A01
201300025740;0;7;0;0;1;3;1;A01
201300025741;0;7;0;0;1;3;4;A01
201300025742;0;3;0;8;0;1;0;A01
201300025743;0;1;0;0;1;1;16;A01
201300025744;0;7;0;0;2;4;23;C01
201300025744;0;7;0;0;2;1;23;B01
201300025744;0;7;0;0;2;1;1;A01
201300025745;0;1;0;0;2;1;1;A01
201300025745;0;7;0;0;2;5;1;B01
201300025746;0;7;0;0;1;8;1;A01
201300025747;0;10;0;0;2;8;1;B01
201300025747;0;15;0;0;2;1;1;A01
201300025748;0;2;0;0;0;7;1;A01
201300025749;0;7;0;0;2;8;2;B01
201300025749;0;7;0;0;2;3;15;A01
201300025750;0;2;0;0;2;1;1;B01
201300025750;0;7;0;0;2;7;19;A01
201300025751;0;7;0;0;2;7;23;C01
201300025751;0;7;0;0;2;4;23;B01
201300025751;0;7;0;1;0;1;21;A01
201300025752;0;1;0;0;2;6;13;A01
201300025752;0;33;0;0;2;2;2;B01
201300025753;0;7;0;0;1;5;4;A01
201300025754;0;1;0;0;2;1;1;B01
201300025754;0;7;0;0;2;2;15;A01
201300025755;0;32;0;0;2;2;2;B01
201300025755;1;30;0;0;2;3;9;A01
201300025756;0;1;0;0;0;0;2;A01
201300025757;0;7;0;0;1;3;2;A01
201300025758;0;7;0;3;0;3;21;A01
201300025759;0;7;0;0;2;3;2;B01
201300025759;0;30;0;0;2;2;16;A01
201300025760;0;7;0;0;2;1;2;B01
201300025760;0;7;0;0;2;7;15;A01
201300025761;0;7;0;0;2;6;23;B01
201300025761;0;7;0;0;2;2;14;A01
201300025762;0;7;0;0;1;4;4;A01
201300025763;0;7;0;0;2;2;15;A01
201300025763;0;7;0;0;2;3;2;B01
201300025764;0;10;0;0;2;1;2;A01
201300025764;0;7;0;0;2;4;2;B01
201300025764;0;7;0;0;2;4;2;C01
201300025765;0;10;0;0;1;4;4;A01
201300025766;0;7;0;0;1;7;1;A01
201300025767;0;7;0;0;2;1;23;B01
201300025767;0;7;0;0;2;4;23;C01
201300025767;0;7;0;0;2;1;2;A01
201300025768;0;1;0;0;2;1;1;A01
201300025768;0;10;0;0;2;8;15;B01
201300025769;0;30;0;0;0;8;1;A01
201300025770;0;7;0;0;2;2;15;A01
201300025770;0;7;0;0;2;3;1;B01
201300025771;0;7;0;0;2;4;23;B01
201300025771;0;7;0;0;2;1;1;A01
201300025771;0;7;0;0;2;4;23;C01
201300025772;0;7;0;0;2;1;1;A01
201300025772;0;7;0;0;2;4;23;D01
201300025772;0;7;0;0;2;4;23;C01
201300025772;0;7;0;0;2;1;1;B01
201300025773;0;7;0;0;2;3;9;A01
201300025773;0;1;0;0;2;1;15;B01
201300025774;0;1;0;0;1;1;15;A01
201300025775;1;7;0;0;1;0;0;A01
201300025776;0;7;0;3;0;2;14;A01
201300025777;0;33;0;15;0;8;21;A01
201300025778;0;30;0;0;0;8;1;A01
201300025779;0;30;0;5;0;8;19;A01
201300025780;0;7;0;1;0;3;13;A01
201300025781;0;31;0;12;0;7;1;A01
201300025782;0;17;0;0;0;7;15;A01
201300025783;0;7;0;0;2;5;17;A01
201300025783;0;7;0;0;2;8;1;B01
201300025784;0;10;0;14;0;1;1;A01
201300025785;0;7;0;0;2;1;1;B01
201300025785;0;7;0;0;2;2;15;A01
201300025786;0;30;0;0;0;0;1;A01
201300025787;0;7;0;8;0;1;15;A01
201300025788;0;7;0;1;0;2;1;A01
201300025789;0;31;0;1;0;1;1;A01
201300025790;0;30;0;0;0;8;1;A01
201300025791;0;33;0;0;2;1;0;B01
201300025791;0;7;0;0;2;3;9;A01
201300025792;0;7;0;0;2;1;1;B01
201300025792;0;10;0;0;2;8;1;A01
201300025793;0;2;0;12;0;7;1;A01
201300025794;0;7;0;0;2;7;21;B01
201300025794;0;7;0;0;2;2;13;A01
201300025795;0;1;0;1;2;2;0;A01
201300025795;1;3;0;0;9;0;0;B01
201300025796;0;7;0;0;2;1;1;B01
201300025796;0;1;0;0;2;7;1;A01
201300025797;0;1;0;0;2;8;19;A01
201300025797;0;33;0;0;2;5;1;C01
201300025797;1;7;0;0;2;1;1;B01
201300025798;2;7;0;0;1;4;4;A01
201300025799;0;33;0;6;0;1;13;A01
201300025800;0;7;0;1;0;1;13;A01
201300025801;0;1;0;0;1;0;1;A01
201300025802;0;2;0;0;0;7;1;A01
201300025803;0;7;0;0;2;1;1;B01
201300025803;0;7;0;0;2;7;15;A01
201300025804;0;30;0;0;2;4;1;A01
201300025804;0;10;0;0;0;4;1;B01
201300025805;0;7;0;0;2;4;1;A01
201300025805;0;30;0;0;0;0;10;B01
201300025806;0;7;0;0;0;0;0;A01
201300025807;0;33;0;0;0;0;0;A01
201300025808;0;7;0;0;1;0;0;A01
201300025809;0;7;0;0;2;3;0;B01
201300025809;0;30;0;0;2;3;0;A01
201300025810;0;10;0;0;2;4;1;B01
201300025810;0;10;0;0;2;4;1;A01
201300025811;0;10;0;0;2;3;0;B01
201300025811;1;7;0;0;0;0;0;A01
201300025812;0;7;0;0;2;1;1;A01
201300025812;0;7;0;0;2;7;19;B01
201300025813;0;7;0;0;2;1;2;B01
201300025813;0;1;0;0;2;7;19;A01
201300025814;0;7;0;0;1;7;1;A01
201300025815;0;7;0;0;2;4;23;B01
201300025815;0;7;0;0;2;4;23;C01
201300025815;0;37;1;0;2;3;2;A01
201300025816;0;7;0;0;2;1;9;A01
201300025816;0;1;0;0;2;7;1;B01
201300025817;0;1;0;0;2;1;13;B01
201300025817;0;10;0;0;2;6;4;A01
201300025818;0;7;0;0;2;2;1;B01
201300025818;0;7;0;0;2;8;1;A01
201300025819;0;1;0;0;2;1;15;A01
201300025819;0;7;0;0;2;8;1;B01
201300025820;0;7;0;0;0;1;2;B01
201300025820;0;7;0;0;2;3;9;A01
201300025821;0;7;0;0;2;3;1;A01
201300025821;0;1;0;0;0;3;1;B01
201300025822;0;7;0;0;2;0;9;A01
201300025822;0;32;0;0;2;8;21;B01
201300025823;0;7;0;0;1;1;9;A01
201300025824;0;33;0;0;0;8;16;A01
201300025825;0;7;0;0;2;3;9;A01
201300025825;0;1;0;0;2;7;15;B01
201300025826;0;30;0;0;2;1;1;B01
201300025826;0;7;0;0;2;2;15;A01
201300025827;0;10;0;0;2;3;2;A01
201300025827;0;7;0;0;2;5;1;B01
201300025828;0;7;0;0;2;4;23;C01
201300025828;0;7;0;0;2;4;23;B01
201300025828;0;7;0;0;2;4;23;D01
201300025828;0;7;0;0;2;1;15;A01
201300025829;0;7;0;0;2;3;23;B01
201300025829;0;30;0;0;2;1;21;A01
201300025830;0;30;0;0;0;8;16;A01
201300025831;0;7;0;0;2;3;1;A01
201300025831;0;1;0;0;2;8;1;B01
201300025832;0;1;0;0;2;7;19;A01
201300025832;0;7;0;0;2;1;1;B01
201300025833;0;7;0;0;1;8;1;A01
201300025834;0;7;0;0;1;7;1;A01
201300025835;0;2;0;0;0;8;13;A01
201300025835;0;7;0;0;9;3;21;B01
201300025836;0;7;0;0;2;4;1;A01
201300025836;0;7;0;0;0;0;1;B01
201300025837;0;2;0;0;2;1;1;B01
201300025837;0;7;0;0;2;3;15;A01
201300025838;0;7;0;0;2;4;2;D01
201300025838;0;7;0;0;2;4;2;B01
201300025838;0;7;0;0;2;1;2;A01
201300025838;0;7;0;0;2;4;2;C01
201300025839;0;7;0;0;2;1;15;B01
201300025839;0;7;0;0;2;3;17;A01
201300025840;0;7;0;0;0;5;1;B01
201300025840;0;7;0;0;2;3;9;A01
201300025841;0;7;0;0;2;2;1;A01
201300025841;0;7;0;0;2;3;15;B01
201300025842;0;1;0;0;1;1;1;A01
201300025843;0;17;0;0;2;2;1;B01
201300025843;0;7;0;0;2;4;3;A01
201300025844;0;7;0;1;0;1;1;A01
201300025844;0;7;0;0;2;6;24;B01
201300025845;0;7;0;0;2;1;16;A01
201300025845;0;7;0;0;2;3;1;B01
201300025846;0;7;0;0;2;1;1;C01
201300025846;0;7;0;0;2;4;1;B01
201300025846;0;7;0;0;2;6;15;A01
201300025847;0;30;0;0;0;7;1;A01
201300025848;0;32;0;0;2;1;1;A01
201300025848;0;7;0;0;2;4;1;B01
201300025849;0;7;0;0;2;7;16;A01
201300025849;0;15;0;0;2;3;1;B01
201300025850;0;7;0;0;2;2;1;A01
201300025850;0;7;0;0;2;3;1;B01
201300025851;0;7;0;12;0;8;1;A01
201300025852;0;7;0;0;2;4;1;B01
201300025852;0;10;0;0;2;2;1;A01
201300025853;0;7;0;0;2;7;1;B01
201300025853;0;7;0;0;2;1;1;A01
201300025854;0;2;0;0;2;1;1;A01
201300025854;0;7;0;0;2;3;1;B01
201300025855;0;7;0;0;2;1;1;B01
201300025855;0;7;0;0;2;8;9;A01
201300025856;0;7;0;0;2;1;2;A01
201300025856;0;2;0;0;2;4;2;B01
201300025856;0;7;0;0;2;4;2;C01
201300025857;0;7;0;0;2;8;22;A01
201300025857;0;30;0;1;0;1;1;B01
201300025858;0;1;0;0;1;1;1;A01
201300025859;0;2;0;0;2;1;1;A01
201300025859;0;7;0;0;2;1;1;B01
201300025860;0;7;0;0;2;1;1;A01
201300025860;0;7;0;0;2;4;1;B01
201300025861;0;37;1;0;2;6;1;B01
201300025861;0;2;0;0;2;1;1;A01
201300025862;0;7;0;0;2;0;23;A01
201300025862;0;33;0;0;2;1;1;B01
201300025863;0;30;0;0;1;1;1;A01
201300025864;0;7;0;0;1;3;1;A01
201300025865;0;7;0;0;2;3;1;B01
201300025865;0;33;0;0;2;1;17;A01
201300025866;0;33;0;0;2;1;1;B01
201300025866;0;7;0;0;2;3;9;A01
201300025867;0;33;0;11;0;6;17;A01
201300025868;0;2;0;0;2;1;1;B01
201300025868;0;7;0;0;2;1;15;A01
201300025869;0;7;0;0;2;5;16;B01
201300025869;0;2;0;0;2;1;1;A01
201300025870;0;7;0;0;2;1;1;B01
201300025870;0;7;0;0;2;4;23;C01
201300025870;0;7;0;1;2;4;0;D01
201300025870;0;7;0;0;2;2;1;A01
201300025871;0;7;0;0;1;2;1;A01
201300025872;0;33;0;0;0;8;10;A01
201300025873;0;7;0;0;2;5;1;B01
201300025873;0;34;0;0;2;1;2;A01
201300025874;0;7;0;0;2;1;1;A01
201300025874;0;7;0;0;2;4;1;B01
201300025874;0;7;0;0;2;4;1;C01
201300025875;0;15;0;4;2;1;21;B01
201300025875;0;7;0;0;2;7;17;A01
201300025876;0;10;0;0;2;0;4;A01
201300025876;0;2;0;0;0;0;1;B01
201300025877;0;30;0;0;2;0;0;B01
201300025877;0;7;0;0;2;0;0;A01
201300025878;0;7;0;0;2;1;1;A01
201300025878;0;7;0;0;2;4;1;B01
201300025878;0;7;0;0;2;4;1;C01
201300025879;0;30;0;0;0;8;1;A01
201300025880;0;7;0;0;2;6;1;B01
201300025880;0;30;0;0;2;1;1;A01
201300025881;0;7;0;13;0;1;9;A01
201300025882;0;7;0;0;2;6;1;A01
201300025882;0;33;0;0;2;1;1;B01
201300025883;0;7;0;15;0;1;1;A01
201300025884;0;1;0;1;0;1;1;B01
201300025884;0;7;0;0;9;3;24;A01
201300025885;0;7;0;6;0;3;21;A01
201300025886;0;1;0;0;0;1;1;A01
201300025887;0;7;0;0;2;8;1;A01
201300025887;0;7;0;0;2;1;1;B01
201300025888;0;7;0;0;1;4;0;A01
201300025889;0;2;0;0;2;1;1;B01
201300025889;0;10;0;0;2;3;1;A01
201300025890;0;30;0;0;1;1;1;A01
201300025891;0;7;0;0;1;8;1;A01
201300025892;0;2;0;0;0;1;0;A01
201300025893;0;7;0;0;1;3;1;A01
201300025894;0;7;0;2;0;1;1;A01
201300025895;0;7;0;0;2;1;1;A01
201300025895;0;7;0;0;2;4;1;B01
201300025895;0;7;0;0;2;4;1;D01
201300025895;0;7;0;0;2;4;1;C01
201300025896;0;1;0;0;2;1;1;A01
201300025896;0;7;0;0;0;4;1;B01
201300025897;0;7;0;0;2;1;14;A01
201300025897;0;7;0;0;2;3;1;B01
201300025898;0;7;0;0;2;2;15;A01
201300025898;0;2;0;0;2;1;1;B01
201300025899;0;7;0;0;2;4;1;C01
201300025899;0;10;0;0;2;4;1;B01
201300025899;0;14;0;0;2;1;1;A01
201300025900;0;1;0;0;2;8;1;A01
201300025900;0;7;0;0;2;3;1;B01
201300025901;0;7;0;0;2;1;1;A01
201300025901;0;7;0;0;2;5;1;B01
201300025902;0;1;0;0;2;1;1;B01
201300025902;0;2;0;0;2;1;13;A01
201300025903;0;7;0;0;2;1;1;B01
201300025903;0;7;0;0;2;7;15;A01
201300025904;0;7;0;0;2;4;1;B01
201300025904;0;7;0;0;2;1;1;A01
201300025905;0;1;0;0;2;1;1;B01
201300025905;0;7;0;0;2;8;22;A01
201300025906;0;30;0;0;0;0;1;A01
201300025907;0;7;0;0;2;7;1;A01
201300025907;0;32;0;0;2;1;1;B01
201300025908;0;30;0;0;2;1;17;A01
201300025908;0;7;0;0;2;8;15;B01
201300025909;0;14;0;0;2;1;1;C01
201300025909;0;7;0;0;2;1;1;A01
201300025909;0;7;0;0;2;4;1;B01
201300025910;0;30;0;0;0;1;1;A01
201300025911;0;7;0;0;2;1;1;A01
201300025911;0;7;0;0;2;4;1;B01
201300025912;0;1;0;0;2;7;1;B01
201300025912;0;2;0;0;2;1;1;A01
201300025913;0;7;0;0;2;1;1;A01
201300025913;0;7;0;0;2;7;1;B01
201300025914;0;7;0;2;0;1;0;A01
201300025915;0;1;0;0;2;1;1;B01
201300025915;0;7;0;0;2;3;15;A01
201300025916;0;7;0;1;0;2;14;A01
201300025917;0;7;0;0;2;5;16;A01
201300025917;0;1;0;0;2;1;1;B01
201300025918;2;7;0;0;1;0;1;A01
201300025919;0;2;0;0;2;0;1;B01
201300025919;0;10;0;0;2;0;15;A01
201300025920;0;7;0;0;0;0;1;A01
201300025921;0;2;0;0;0;0;1;A01
201300025922;0;31;0;0;2;0;0;A01
201300025922;0;7;0;0;2;0;0;B01
201300025923;0;7;0;0;2;0;0;A01
201300025923;0;7;0;0;2;0;0;B01
201300025924;0;10;0;0;2;8;24;A01
201300025924;0;1;0;0;2;1;2;B01
201300025925;0;7;0;0;1;5;20;A01
201300025926;0;32;0;0;2;7;14;A01
201300025926;0;7;0;0;2;8;1;B01
201300025927;0;33;0;0;0;3;15;A01
201300025928;0;7;0;0;2;4;23;B01
201300025928;0;7;0;0;2;1;1;A01
201300025928;0;7;0;0;2;4;23;C01
201300025929;0;37;3;0;1;2;7;A01
201300025930;0;7;0;0;2;1;19;A01
201300025930;0;7;0;0;2;3;15;B01
201300025931;0;30;0;0;0;0;1;A01
201300025932;0;7;0;0;2;0;9;A01
201300025932;0;33;0;0;2;3;21;B01
201300025933;0;1;0;0;2;3;1;B01
201300025933;0;7;0;0;2;2;16;A01
201300025934;0;7;0;0;2;3;15;A01
201300025934;0;30;0;0;2;1;1;B01
201300025935;0;33;0;0;2;1;17;A01
201300025935;0;7;0;0;2;3;15;B01
201300025936;0;33;0;0;0;0;15;A01
201300025937;0;33;0;0;2;7;19;A01
201300025937;0;7;0;0;2;3;15;B01
201300025938;0;7;0;0;2;1;15;A01
201300025938;0;1;0;0;2;8;1;B01
201300025939;0;7;0;0;2;3;10;A01
201300025939;0;32;0;0;2;1;2;B01
201300025940;0;33;0;0;2;8;21;A01
201300025941;0;1;0;0;2;1;19;A01
201300025941;0;10;0;0;2;7;16;B01
201300025942;0;1;0;0;2;5;15;B01
201300025942;0;7;0;0;2;2;15;A01
201300025943;0;7;0;0;2;3;1;A01
201300025943;0;30;0;0;2;6;1;B01
201300025944;0;33;0;0;0;0;0;A01
201300025945;0;7;0;0;0;0;0;B01
201300025945;0;7;0;0;0;0;0;A01
201300025946;1;10;0;0;0;1;2;A01
201300025946;0;7;0;0;0;4;2;B01
201300025947;0;7;0;0;0;0;0;B01
201300025947;0;7;0;0;0;0;0;A01
201300025947;0;7;0;0;0;0;0;C01
201300025948;0;33;0;0;0;0;0;A01
201300025949;0;30;0;0;0;0;0;A01
201300025950;0;32;0;0;0;0;0;A01
201300025951;0;7;0;0;0;0;0;B01
201300025951;0;7;0;0;0;0;0;A01
201300025952;0;1;0;0;2;6;1;B01
201300025952;0;7;0;0;2;1;9;A01
201300025953;0;31;0;0;0;0;1;A01
201300025954;0;1;0;0;2;1;5;A01
201300025954;0;7;0;0;2;1;1;B01
201300025955;0;7;0;0;2;2;15;A01
201300025955;0;7;0;0;2;1;1;B01
201300025956;0;30;0;0;1;1;1;A01
201300025957;0;30;0;0;1;1;1;A01
201300025958;0;7;0;0;2;1;15;B01
201300025958;0;1;0;0;2;1;1;A01
201300025959;0;33;0;0;2;1;1;B01
201300025959;0;7;0;0;2;4;15;A01
201300025960;0;7;0;0;0;3;1;A01
201300025961;0;33;0;0;2;8;1;B01
201300025961;0;10;0;0;2;1;1;A01
201300025962;0;2;0;0;0;0;1;A01
201300025963;0;1;0;0;0;1;1;A01
201300025964;0;7;0;0;0;1;1;A01
201300025965;0;7;0;0;2;1;1;A01
201300025965;0;2;0;0;2;1;1;B01
201300025966;1;7;0;0;2;4;4;A01
201300025966;0;1;0;0;2;1;1;B01
201300025967;0;1;0;0;0;0;0;A01
201300025968;0;7;0;1;2;3;9;A01
201300025968;0;7;0;0;2;3;1;B01
201300025968;0;7;0;0;2;1;1;C01
201300025969;0;7;0;0;2;2;0;A01
201300025969;0;7;0;0;2;3;0;B01
201300025970;0;7;0;0;2;3;15;A01
201300025970;0;33;0;0;2;8;1;B01
201300025971;0;30;0;0;2;2;1;B01
201300025971;0;7;0;0;2;3;1;A01
201300025972;0;2;0;0;0;1;16;A01
201300025973;0;7;0;0;1;3;21;A01
201300025974;0;7;0;0;2;3;1;B01
201300025974;0;7;0;0;2;6;4;A01
201300025975;0;2;0;0;2;1;1;B01
201300025975;0;7;0;0;2;8;9;A01
201300025976;0;7;0;0;2;1;1;B01
201300025976;0;7;0;0;2;1;1;A01
201300025977;0;31;0;0;0;8;15;A01
201300025978;0;7;0;0;2;4;1;B01
201300025978;0;32;0;0;2;1;1;A01
201300025979;0;7;0;0;2;2;16;A01
201300025979;0;1;0;0;2;1;1;B01
201300025980;0;7;0;0;1;1;1;A01
201300025981;0;7;0;9;0;1;1;A01
201300025982;0;7;0;0;2;1;1;A01
201300025982;0;7;0;8;2;9;1;B01
201300025983;2;7;0;6;0;1;16;A01
201300025984;0;7;0;0;2;1;1;B01
201300025984;0;7;0;0;2;7;1;A01