num_acc;senc;catv;occutc;obs;obsm;choc;manv;num_veh
201300025985;0;7;0;0;2;3;1;B01
201300025985;0;10;0;0;2;3;1;A01
201300025986;0;33;0;0;2;7;1;B01
201300025986;0;7;0;0;2;1;9;A01
201300025987;0;33;0;0;2;1;11;B01
201300025987;0;7;0;0;2;8;9;A01
201300025988;0;33;0;0;2;1;1;A01
201300025988;0;7;0;0;2;2;1;B01
201300025989;0;7;0;0;2;3;15;A01
201300025989;0;33;0;0;2;1;1;B01
201300025990;0;33;0;0;2;1;1;B01
201300025990;0;7;0;0;2;1;15;A01
201300025991;0;7;0;0;2;3;1;B01
201300025991;0;1;0;0;2;7;19;A01
201300025992;0;7;0;0;2;3;0;A01
201300025992;0;7;0;0;2;3;1;B01
201300025993;0;30;0;0;0;3;1;B01
201300025993;0;7;0;0;2;1;15;A01
201300025994;0;7;0;0;2;0;16;B01
201300025994;0;33;0;0;0;8;1;A01
201300025995;0;34;0;1;0;7;1;B01
201300025995;0;7;0;0;2;8;24;A01
201300025995;0;7;0;0;2;7;1;C01
201300025996;0;7;0;0;2;3;9;B01
201300025996;0;1;0;0;2;1;5;A01
201300025997;0;7;0;0;2;8;9;A01
201300025997;0;33;0;0;2;1;1;B01
201300025998;1;99;0;0;0;0;0;Z01
201300025998;0;1;0;0;2;8;1;A01
201300025999;0;31;0;0;2;7;1;A01
201300025999;1;7;0;0;2;1;20;Z01
201300026000;0;1;0;0;2;1;15;A01
201300026000;0;7;0;0;2;1;1;B01
201300026001;0;32;0;0;2;1;13;A01
201300026001;0;10;0;0;2;3;1;B01
201300026002;0;33;0;0;2;6;15;B01
201300026002;0;7;0;0;2;3;1;A01
201300026003;0;7;0;0;2;8;11;A01
201300026003;0;32;0;0;2;7;1;B01
201300026004;0;10;0;0;2;1;1;A01
201300026004;0;30;0;0;2;8;1;B01
201300026005;0;7;0;0;1;1;1;A01
201300026006;0;10;0;0;2;1;9;A01
201300026006;0;31;0;0;2;2;1;B01
201300026007;0;7;0;8;0;1;1;A01
201300026008;0;7;0;0;2;1;1;B01
201300026008;0;33;0;0;2;7;1;A01
201300026009;0;99;0;0;2;8;1;B01
201300026009;0;7;0;0;2;5;16;A01
201300026010;0;30;0;0;0;0;1;A01
201300026011;0;10;0;0;2;7;1;B01
201300026011;0;7;0;0;2;3;1;C01
201300026011;0;10;0;0;2;1;16;A01
201300026012;0;7;0;15;0;1;1;A01
201300026013;0;7;0;3;0;8;1;A01
201300026014;0;7;0;0;1;4;4;A01
201300026015;0;2;0;0;2;7;1;B01
201300026015;0;7;0;0;2;3;9;A01
201300026016;0;1;0;0;9;7;1;A01
201300026017;0;15;0;0;2;1;9;A01
201300026017;0;1;0;0;2;7;1;B01
201300026018;0;7;0;1;0;1;1;A01
201300026019;0;7;0;4;0;1;1;A01
201300026020;0;1;0;0;2;7;16;B01
201300026020;0;2;0;0;2;1;18;A01
201300026021;0;2;0;0;0;8;1;A01
201300026022;0;7;0;13;0;1;1;A01
201300026023;0;7;0;4;0;1;1;A01
201300026024;0;30;0;0;0;8;1;A01
201300026025;0;7;0;3;0;1;1;A01
201300026026;0;2;0;0;2;1;0;A01
201300026026;0;7;0;0;2;3;1;B01
201300026027;0;1;0;0;0;1;1;A01
201300026028;0;1;0;0;0;8;0;A01
201300026029;0;7;0;0;2;8;15;B01
201300026029;0;7;0;6;1;2;17;A01
201300026030;0;7;0;1;0;1;5;A01
201300026031;0;7;0;2;0;1;1;A01
201300026032;0;30;0;0;2;1;15;B01
201300026032;0;7;0;0;2;3;1;A01
201300026033;0;2;0;12;0;1;1;A01
201300026034;0;17;0;0;2;1;1;B01
201300026034;0;7;0;15;2;7;1;A01
201300026035;0;2;0;14;0;1;2;A01
201300026035;0;7;0;0;0;0;0;C01
201300026035;0;7;0;0;2;4;2;B01
201300026036;0;7;0;9;0;1;1;A01
201300026037;0;30;0;0;2;8;18;B01
201300026037;0;7;0;0;2;7;16;A01
201300026038;0;2;0;0;2;7;1;A01
201300026038;0;7;0;0;2;1;1;B01
201300026039;0;7;0;0;2;3;6;A01
201300026039;0;7;0;0;2;8;1;B01
201300026040;0;1;0;0;0;1;1;A01
201300026041;0;10;0;0;2;1;1;B01
201300026041;0;7;0;0;2;9;1;A01
201300026042;0;1;0;0;0;1;0;B01
201300026042;0;2;0;0;2;0;0;A01
201300026043;0;7;0;0;2;1;16;B01
201300026043;0;1;0;0;2;1;19;A01
201300026044;0;7;0;0;2;1;2;A01
201300026044;0;7;0;0;2;4;23;B01
201300026045;0;7;0;0;2;2;2;B01
201300026045;0;1;0;0;2;6;13;A01
201300026046;0;7;0;0;2;1;0;A01
201300026046;0;7;0;0;9;4;2;B01
201300026047;0;7;0;0;2;3;13;A01
201300026047;0;33;0;0;2;1;1;B01
201300026048;0;37;1;0;1;3;19;A01
201300026049;0;7;0;0;2;1;2;A01
201300026049;0;7;0;0;0;4;2;B01
201300026050;0;30;0;0;0;0;1;A01
201300026051;0;7;0;0;2;6;15;A01
201300026051;0;2;0;0;2;3;15;B01
201300026052;0;33;0;13;0;8;1;A01
201300026053;0;7;0;0;2;2;1;A01
201300026053;0;1;0;0;2;3;1;B01
201300026054;1;99;0;0;2;0;0;A01
201300026054;0;2;0;0;2;0;0;B01
201300026055;0;7;0;0;2;3;11;A01
201300026055;0;7;0;0;2;2;2;B01
201300026056;0;7;0;0;2;3;6;A01
201300026056;0;32;0;0;2;7;2;B01
201300026057;0;1;0;0;2;8;13;A01
201300026057;0;7;0;0;2;7;1;B01
201300026058;0;7;0;0;2;1;6;A01
201300026058;0;30;0;0;2;8;1;B01
201300026059;0;7;0;0;2;4;2;B01
201300026059;0;7;0;0;2;4;2;D01
201300026059;0;30;0;0;2;4;2;C01
201300026059;0;7;0;0;2;2;2;A01
201300026060;0;7;0;0;2;1;1;B01
201300026060;0;1;0;0;2;8;19;A01
201300026061;0;7;0;0;2;2;12;A01
201300026061;0;7;0;0;2;3;15;B01
201300026062;0;7;0;0;1;2;1;A01
201300026063;0;7;0;0;2;8;23;C01
201300026063;0;7;0;0;2;3;15;A01
201300026063;0;30;0;0;2;8;1;B01
201300026064;0;1;0;0;0;0;1;A01
201300026065;0;7;0;0;2;1;1;B01
201300026065;0;7;0;0;2;7;1;A01
201300026066;0;32;0;0;0;7;1;A01
201300026067;0;7;0;0;2;1;13;A01
201300026067;0;10;0;0;2;3;2;B01
201300026068;0;7;0;8;4;1;19;A01
201300026068;0;40;20;0;2;1;1;B01
201300026069;0;1;0;0;2;8;19;B01
201300026069;0;7;0;0;2;1;19;A01
201300026070;0;1;0;0;2;3;2;B01
201300026070;0;33;0;0;2;7;1;A01
201300026071;0;2;0;0;0;8;1;A01
201300026072;0;7;0;0;2;4;1;B01
201300026072;0;2;0;0;2;1;14;A01
201300026073;0;32;0;0;2;1;1;A01
201300026073;0;7;0;0;2;5;16;B01
201300026074;0;7;0;0;2;2;1;B01
201300026074;0;7;0;0;2;7;1;C01
201300026074;0;7;0;0;0;6;13;A01
201300026075;0;7;0;0;2;1;1;A01
201300026075;0;7;0;0;0;4;1;B01
201300026076;0;1;0;0;2;8;1;A01
201300026076;0;17;0;0;2;7;1;B01
201300026077;0;7;0;0;2;4;1;A01
201300026077;0;7;0;0;2;4;1;B01
201300026078;0;7;0;0;2;0;0;A01
201300026078;0;7;0;0;2;0;0;B01
201300026079;0;7;0;0;2;4;1;B01
201300026079;0;7;0;0;0;4;1;A01
201300026080;0;33;0;0;0;0;0;A01
201300026081;0;7;0;0;0;0;0;C01
201300026081;0;7;0;0;0;0;0;A01
201300026081;0;7;0;0;0;0;0;D01
201300026081;0;7;0;0;0;0;0;B01
201300026082;0;7;0;0;0;4;1;B01
201300026082;0;7;0;0;2;4;1;A01
201300026083;0;32;0;0;0;0;0;A01
201300026083;0;7;0;0;0;0;0;B01
201300026084;0;7;0;0;0;0;0;A01
201300026084;0;1;0;0;0;0;0;B01
201300026085;0;2;0;0;0;0;0;A01
201300026086;0;7;0;0;2;3;1;B01
201300026086;0;2;0;0;2;7;1;A01
201300026087;0;13;0;0;0;0;0;A01
201300026088;0;33;0;0;2;3;0;B01
201300026088;0;7;0;0;2;3;15;A01
201300026089;0;1;0;0;2;0;0;B01
201300026089;0;7;0;0;2;0;0;A01
201300026090;0;7;0;0;1;0;0;A01
201300026091;0;31;0;0;0;0;0;B01
201300026091;0;7;0;0;2;0;0;A01
201300026092;0;7;0;0;1;1;1;A01
201300026093;0;7;0;0;1;1;1;A01
201300026094;0;7;0;0;2;4;1;C01
201300026094;0;7;0;0;2;1;1;A01
201300026094;0;7;0;0;2;4;1;B01
201300026095;0;2;0;0;0;1;1;A01
201300026096;0;37;12;1;0;8;1;A01
201300026097;0;7;0;0;2;2;1;A01
201300026097;0;1;0;0;2;1;1;B01
201300026098;0;7;0;0;2;4;1;B01
201300026098;0;2;0;0;2;1;1;A01
201300026099;0;7;0;0;2;1;1;A01
201300026099;0;7;0;0;2;4;1;B01
201300026100;0;7;0;0;1;1;1;A01
201300026101;0;7;0;0;2;4;1;B01
201300026101;0;7;0;0;2;1;1;A01
201300026101;0;7;0;0;2;4;1;C01
201300026102;0;7;0;0;2;3;1;A01
201300026102;0;7;0;0;2;1;1;B01
201300026103;0;2;0;0;0;7;1;A01
201300026104;0;7;0;0;1;1;1;A01
201300026105;0;7;0;0;2;3;1;B01
201300026105;0;7;0;0;2;3;13;A01
201300026106;0;7;0;4;0;3;1;A01
201300026107;0;7;0;4;0;3;1;A01
201300026108;0;10;0;0;2;3;12;A01
201300026108;0;7;0;0;2;1;1;B01
201300026109;0;10;0;0;1;2;1;A01
201300026110;0;1;0;0;2;0;1;B01
201300026110;0;7;0;0;2;8;9;A01
201300026111;0;1;0;0;2;1;1;A01
201300026111;0;7;0;0;2;1;1;B01
201300026112;0;7;0;0;2;1;1;B01
201300026112;0;7;0;0;2;5;1;A01
201300026113;0;7;0;0;2;3;16;B01
201300026113;0;7;0;0;2;1;1;A01
201300026114;0;7;0;0;0;0;0;A01
201300026114;0;33;0;0;0;0;0;B01
201300026115;0;7;0;13;0;2;1;A01
201300026116;0;1;0;0;2;1;5;A01
201300026116;0;7;0;0;2;3;1;B01
201300026117;0;7;0;0;0;4;1;B01
201300026117;0;30;0;0;2;1;2;A01
201300026118;0;7;0;0;2;1;15;A01
201300026118;0;2;0;0;2;1;1;B01
201300026119;0;7;0;0;2;1;1;A01
201300026119;0;7;0;0;2;8;1;B01
201300026120;0;30;0;0;0;0;15;A01
201300026121;0;7;0;0;1;3;2;A01
201300026122;0;2;0;0;0;8;1;A01
201300026123;0;7;0;0;2;1;2;A01
201300026123;0;7;0;0;2;4;2;B01
201300026124;0;7;0;0;1;1;16;A01
201300026125;0;30;0;0;2;1;1;A01
201300026125;0;7;0;0;2;4;1;B01
201300026126;0;10;0;0;2;1;13;A01
201300026126;0;10;0;0;2;1;1;B01
201300026127;1;7;0;0;2;1;0;A01
201300026127;0;1;0;0;2;4;1;B01
201300026128;0;7;0;0;2;0;0;A01
201300026128;0;7;0;0;2;0;0;B01
201300026129;0;7;0;0;2;7;1;B01
201300026129;0;7;0;0;2;1;9;A01
201300026130;0;7;0;0;2;4;1;B01
201300026130;0;7;0;0;2;1;1;A01
201300026131;0;7;0;0;0;0;1;B01
201300026131;0;1;0;0;2;0;1;A01
201300026132;0;2;0;0;0;0;0;A01
201300026133;0;7;0;0;2;4;1;A01
201300026133;0;7;0;0;0;4;1;B01
201300026134;0;7;0;0;1;0;0;A01
201300026135;0;30;0;0;0;0;0;A01
201300026136;0;7;0;0;0;0;0;A01
201300026136;0;30;0;0;0;0;0;B01
201300026137;0;7;0;0;2;3;9;A01
201300026137;0;10;0;0;2;7;19;B01
201300026138;0;7;0;0;2;4;2;C01
201300026138;0;10;0;0;2;2;2;A01
201300026138;0;7;0;0;2;6;2;B01
201300026139;0;7;0;0;2;3;9;A01
201300026139;0;30;0;0;2;7;1;B01
201300026140;0;7;0;0;2;8;19;A01
201300026140;0;33;0;0;2;1;1;B01
201300026141;0;7;0;0;2;3;15;B01
201300026141;0;7;0;0;2;2;14;A01
201300026142;0;1;0;0;2;3;2;B01
201300026142;0;7;0;0;2;7;16;A01
201300026143;0;1;0;0;0;0;1;A01
201300026144;0;7;0;0;2;3;1;A01
201300026144;0;7;0;0;2;2;15;B01
201300026145;0;7;0;0;2;2;15;B01
201300026145;0;7;0;0;2;5;16;A01
201300026146;0;7;0;0;1;3;15;A01
201300026147;0;7;0;0;2;2;15;B01
201300026147;0;30;0;0;2;1;17;A01
201300026148;0;7;0;0;2;4;2;D01
201300026148;0;7;0;0;2;1;2;A01
201300026148;0;7;0;0;2;4;2;B01
201300026148;0;7;0;0;2;4;2;C01
201300026149;0;7;0;0;2;3;1;A01
201300026149;0;30;0;0;2;1;1;B01
201300026150;0;7;0;0;2;5;0;A01
201300026150;0;33;0;0;2;0;0;B01
201300026151;0;7;0;0;2;0;0;A01
201300026151;0;2;0;0;2;0;0;B01
201300026152;0;10;0;0;1;0;0;A01
201300026153;0;37;1;0;1;0;7;A01
201300026154;0;7;0;0;6;0;1;A01
201300026155;0;1;0;0;0;0;0;A01
201300026156;0;7;0;0;0;0;1;A01
201300026157;0;7;0;0;2;6;1;B01
201300026157;0;30;0;0;2;1;1;A01
201300026158;0;30;0;3;0;0;1;A01
201300026159;0;20;0;0;2;1;2;A01
201300026159;0;7;0;0;2;4;2;C01
201300026159;0;1;0;0;2;4;1;B01
201300026160;0;7;0;0;2;7;1;B01
201300026160;0;1;0;0;2;1;19;A01
201300026161;0;2;0;8;0;0;0;A01
201300026162;0;7;0;0;1;1;16;A01
201300026163;0;2;0;8;0;7;14;A01
201300026164;0;2;0;0;0;8;1;A01
201300026165;0;7;0;0;1;1;17;A01
201300026166;0;31;0;0;0;1;0;A01
201300026167;0;37;10;0;1;2;2;A01
201300026168;0;1;0;0;2;1;2;B01
201300026168;0;7;0;0;0;3;9;A01
201300026169;0;33;0;0;2;3;21;A01
201300026169;0;15;0;0;2;5;23;B01
201300026170;0;30;0;11;0;8;1;A01
201300026171;0;32;0;11;0;3;1;A01
201300026172;0;1;0;0;0;0;21;A01
201300026172;0;1;0;0;0;0;5;B01
201300026173;0;7;0;3;2;4;1;B01
201300026173;0;10;0;3;2;1;1;A01
201300026174;0;7;0;0;1;3;2;A01
201300026175;0;7;0;0;1;7;21;A01
201300026176;0;30;0;0;1;1;1;A01
201300026177;0;7;0;0;2;5;19;A01
201300026177;0;30;0;0;2;1;1;B01
201300026178;0;7;0;0;0;9;1;A01
201300026179;0;36;0;0;2;1;1;A01
201300026179;0;7;0;0;2;8;1;B01
201300026180;0;7;0;0;2;1;15;A01
201300026180;0;30;0;0;2;1;1;B01
201300026181;0;1;0;0;2;4;1;B01
201300026181;1;7;0;0;2;2;1;Z01
201300026182;0;17;0;0;2;7;16;A01
201300026182;0;33;0;0;2;8;23;B01
201300026183;0;1;0;0;2;3;3;B01
201300026183;0;10;0;0;2;2;22;A01
201300026183;0;7;0;0;2;3;1;C01
201300026184;0;7;0;0;2;1;19;A01
201300026184;0;7;0;0;2;8;23;B01
201300026184;0;7;0;0;2;3;23;C01
201300026185;1;33;0;1;0;1;6;A01
201300026186;0;32;0;0;2;1;21;A01
201300026186;0;7;0;0;2;3;1;B01
201300026187;0;7;0;0;1;1;1;A01
201300026188;0;7;0;0;1;1;1;A01
201300026189;0;7;0;0;2;3;9;A01
201300026189;0;30;0;0;2;1;7;B01
201300026190;0;30;0;0;0;7;14;A01
201300026191;0;7;0;0;2;3;1;B01
201300026191;0;7;0;0;2;2;15;A01
201300026192;1;7;0;0;2;7;1;A01
201300026192;0;1;0;0;2;8;1;B01
201300026193;0;1;0;0;2;1;1;B01
201300026193;0;7;0;0;2;7;1;A01
201300026194;0;1;0;0;0;1;1;A01
201300026195;0;7;0;0;2;8;15;A01
201300026195;0;33;0;0;2;1;17;B01
201300026196;0;33;0;0;2;1;1;B01
201300026196;0;7;0;0;2;7;15;A01
201300026197;0;7;0;0;2;3;15;A01
201300026197;0;33;0;14;2;1;1;B01
201300026198;0;7;0;0;2;8;15;A01
201300026198;0;33;0;0;2;0;1;B01
201300026199;0;7;0;0;1;2;1;A01
201300026200;0;7;0;0;2;2;22;A01
201300026200;0;1;0;0;2;1;1;B01
201300026201;0;30;0;0;0;1;1;A01
201300026202;0;7;0;0;1;5;14;A01
201300026203;0;7;0;0;0;0;13;A01
201300026203;0;7;0;4;0;3;21;B01
201300026204;0;7;0;8;0;1;0;A01
201300026205;0;7;0;0;2;4;1;C01
201300026205;0;7;0;0;2;1;2;A01
201300026205;0;7;0;0;2;4;2;B01
201300026206;0;7;0;0;2;8;16;B01
201300026206;0;7;0;0;2;2;21;A01
201300026207;0;7;0;0;1;2;2;A01
201300026208;0;7;0;0;1;1;0;A01
201300026209;0;1;0;0;0;0;0;A01
201300026209;0;7;0;0;9;1;0;B01
201300026210;0;7;0;0;2;3;15;A01
201300026210;0;33;0;0;2;7;17;B01
201300026211;0;7;0;7;0;5;1;B01
201300026211;1;10;0;0;2;5;9;A01
201300026212;0;7;0;0;1;0;0;A01
201300026213;0;7;0;0;1;1;0;A01
201300026214;0;1;0;0;2;1;1;B01
201300026214;0;13;0;0;9;5;1;A01
201300026215;0;7;0;0;0;3;5;A01
201300026215;0;7;0;12;2;3;5;B01
201300026216;0;7;0;0;2;2;9;A01
201300026216;0;33;0;0;2;7;1;B01
201300026217;0;7;0;13;0;1;1;A01
201300026218;0;7;0;0;2;3;15;A01
201300026218;0;2;0;0;0;8;1;B01
201300026219;0;7;0;0;2;2;19;A01
201300026219;0;33;0;0;2;5;1;B01
201300026220;0;7;0;0;1;1;1;A01
201300026221;0;7;0;0;2;1;2;A01
201300026221;0;7;0;0;0;0;1;B01
201300026222;0;7;0;0;2;1;1;A01
201300026222;0;7;0;0;0;4;1;B01
201300026223;0;33;0;0;1;1;1;A01
201300026224;1;7;0;0;1;3;1;Z01
201300026225;0;7;0;0;1;2;1;A01
201300026226;0;7;0;0;1;1;15;A01
201300026227;0;7;0;0;1;1;1;A01
201300026228;0;7;0;0;1;1;1;A01
201300026229;0;7;0;0;1;1;15;A01
201300026230;0;7;0;0;2;1;1;A01
201300026230;0;7;0;0;2;1;1;C01
201300026230;0;7;0;0;2;1;16;B01
201300026231;0;7;0;0;1;1;1;A01
201300026232;0;2;0;0;2;1;1;B01
201300026232;0;7;0;0;2;7;4;A01
201300026233;0;7;0;0;0;8;15;A01
201300026233;0;1;0;0;2;1;1;B01
201300026234;0;7;0;0;2;7;1;A01
201300026234;0;1;0;0;2;1;5;B01
201300026235;0;7;0;0;1;1;15;A01
201300026236;0;2;0;0;2;8;19;B01
201300026236;0;7;0;0;2;1;16;A01
201300026237;0;7;0;0;1;1;15;A01
201300026238;0;7;0;0;1;1;1;A01
201300026239;0;33;0;0;1;1;1;A01
201300026240;0;7;0;0;2;1;1;A01
201300026240;0;1;0;0;2;8;19;B01
201300026241;0;14;0;0;2;7;15;B01
201300026241;0;7;0;0;2;3;1;A01
201300026242;0;7;0;0;2;0;23;A01
201300026242;0;1;0;0;2;1;17;B01
201300026243;0;7;0;0;2;1;1;A01
201300026243;0;7;0;0;2;4;1;B01
201300026244;0;7;0;1;2;1;1;A01
201300026244;0;7;0;0;2;4;24;B01
201300026245;0;7;0;0;2;1;1;A01
201300026245;0;33;0;0;2;8;1;B01
201300026246;0;1;0;0;0;6;1;B01
201300026246;1;7;0;0;2;0;1;Z01
201300026247;0;7;0;0;1;1;1;A01
201300026248;0;17;0;0;1;1;1;A01
201300026249;0;7;0;0;2;0;15;A01
201300026249;0;34;0;0;2;1;21;B01
201300026250;0;7;0;0;2;3;11;A01
201300026250;0;32;0;0;2;2;1;B01
201300026251;1;7;0;0;1;1;1;Z01
201300026252;0;32;0;0;1;1;1;A01
201300026253;0;14;0;0;2;7;16;A01
201300026253;0;1;0;0;2;8;1;B01
201300026254;0;33;0;15;2;1;17;A01
201300026254;0;7;0;0;2;3;11;B01
201300026255;0;7;0;0;0;2;12;A01
201300026255;0;33;0;0;2;1;0;B01
201300026256;0;7;0;0;9;2;1;A01
201300026256;0;1;0;0;2;3;19;B01
201300026257;0;7;0;0;1;1;1;A01
201300026258;0;7;0;0;1;1;1;A01
201300026259;0;7;0;13;0;0;1;A01
201300026260;0;7;0;0;1;1;1;A01
201300026261;0;30;0;0;2;1;1;B01
201300026261;0;7;0;0;0;3;10;A01
201300026262;0;40;0;0;1;2;1;A01
201300026263;0;7;0;0;0;3;10;A01
201300026263;0;30;0;0;2;1;13;B01
201300026264;0;34;0;0;1;7;5;A01
201300026264;0;7;0;0;2;1;5;B01
201300026265;0;7;0;0;0;2;16;A01
201300026265;0;32;0;0;2;9;1;B01
201300026266;0;40;0;0;2;1;1;B01
201300026266;0;7;0;0;4;9;16;A01
201300026267;0;1;0;0;2;1;1;B01
201300026267;0;7;0;0;0;2;9;A01
201300026268;1;7;0;0;2;1;2;A01
201300026268;0;7;0;0;2;4;2;C01
201300026268;0;7;0;0;2;4;2;B01
201300026269;0;7;0;0;2;3;15;B01
201300026269;0;34;0;0;2;2;17;A01
201300026270;0;7;0;0;2;1;13;A01
201300026270;1;33;0;0;2;1;1;B01
201300026271;0;37;1;0;1;2;15;A01
201300026272;0;7;0;0;1;2;1;A01
201300026273;0;34;0;8;2;1;17;A01
201300026273;0;7;0;0;2;3;13;B01
201300026274;0;7;0;0;2;1;1;B01
201300026274;0;7;0;0;2;8;1;C01
201300026274;0;7;0;0;2;3;1;A01
201300026275;0;7;0;0;1;2;1;A01
201300026276;0;33;0;0;2;1;2;A01
201300026276;0;7;0;0;2;6;2;B01
201300026277;0;7;0;0;1;2;16;A01
201300026278;0;7;0;0;2;2;19;A01
201300026278;0;1;0;0;2;1;1;B01
201300026279;0;7;0;0;2;2;1;A01
201300026279;0;1;0;0;2;1;1;B01
201300026280;0;7;0;0;2;1;1;B01
201300026280;0;33;0;0;2;8;1;A01
201300026281;0;7;0;0;2;3;1;A01
201300026281;0;33;0;0;2;1;13;B01
201300026282;0;7;0;0;2;1;6;A01
201300026282;0;7;0;0;2;8;1;B01
201300026283;0;7;0;0;2;1;1;A01
201300026283;0;7;0;0;2;1;1;C01
201300026283;0;7;0;0;2;1;1;B01
201300026283;0;7;0;0;0;4;1;D01
201300026284;0;7;0;0;0;3;13;A01
201300026284;0;34;0;0;0;8;21;B01
201300026285;0;7;0;0;2;1;1;A01
201300026285;0;1;0;0;2;8;1;B01
201300026286;0;7;0;0;2;1;2;C01
201300026286;0;7;0;0;0;4;2;D01
201300026286;0;7;0;0;2;1;2;B01
201300026286;0;7;0;0;0;1;2;A01
201300026287;0;7;0;0;2;5;1;B01
201300026287;0;33;0;3;2;0;1;A01
201300026288;0;7;0;0;1;3;1;A01
201300026289;0;33;0;0;2;0;1;A01
201300026289;0;7;0;0;0;1;1;B01
201300026290;0;7;0;0;1;0;1;A01
201300026291;0;7;0;0;2;8;16;A01
201300026291;0;32;0;0;2;2;1;B01
201300026292;0;37;2;0;9;5;16;A01
201300026292;0;1;0;0;2;1;1;B01
201300026293;0;7;0;0;2;3;15;A01
201300026293;0;30;0;0;2;1;17;B01
201300026294;0;7;0;0;1;1;1;A01
201300026295;0;7;0;8;0;1;1;A01
201300026296;0;7;0;0;2;2;16;A01
201300026296;0;2;0;15;2;3;1;B01
201300026297;0;7;0;0;2;3;1;B01
201300026297;0;7;0;0;2;3;9;A01
201300026298;0;37;9;0;2;3;15;B01
201300026298;0;1;0;0;2;3;0;A01
201300026299;0;1;0;0;1;1;1;A01
201300026300;0;7;0;0;2;3;13;A01
201300026300;0;30;0;0;2;8;1;B01
201300026301;0;2;0;0;2;1;17;A01
201300026301;0;7;0;0;2;6;1;B01
201300026302;0;33;0;0;2;1;1;A01
201300026302;0;7;0;0;2;3;1;B01
201300026303;0;37;0;0;1;2;1;A01
201300026304;0;7;0;0;1;1;1;A01
201300026305;0;7;0;0;2;1;2;A01
201300026305;0;7;0;0;2;4;2;B01
201300026306;0;7;0;0;0;3;15;A01
201300026306;0;40;0;0;2;1;1;B01
201300026307;0;1;0;0;2;8;19;B01
201300026307;1;7;0;0;0;2;1;A01
201300026308;0;1;0;0;1;1;1;A01
201300026309;0;7;0;0;0;3;15;A01
201300026309;0;2;0;0;0;1;7;B01
201300026310;0;10;0;0;1;1;1;A01
201300026311;0;7;0;0;0;8;16;A01
201300026311;0;30;0;0;0;1;1;B01
201300026312;0;33;0;0;0;1;1;B01
201300026312;0;7;0;0;0;1;15;A01
201300026313;0;1;0;0;2;4;1;B01
201300026313;1;7;0;0;2;0;1;A01
201300026314;0;7;0;0;2;2;15;A01
201300026314;0;30;0;0;2;1;1;B01
201300026315;0;7;0;0;1;1;1;A01
201300026316;0;33;0;0;2;1;2;A01
201300026316;0;7;0;0;2;4;2;B01
201300026317;0;7;0;0;2;4;2;A01
201300026317;0;7;0;0;2;2;2;B01
201300026317;0;38;61;0;2;1;2;C01
201300026318;0;34;0;0;2;1;1;A01
201300026318;0;7;0;0;2;3;15;B01
201300026319;0;7;0;0;2;1;1;A01
201300026319;0;7;0;0;2;4;1;B01
201300026320;0;7;0;0;2;2;9;A01
201300026320;0;1;0;0;2;1;1;B01
201300026321;0;7;0;0;2;4;23;C01
201300026321;0;7;0;0;2;6;23;B01
201300026321;0;7;0;0;2;2;2;A01
201300026322;0;33;0;0;2;1;1;B01
201300026322;0;7;0;0;2;1;5;A01
201300026323;0;7;0;0;2;3;15;A01
201300026323;0;7;0;0;2;1;1;B01
201300026324;0;7;0;0;1;2;1;A01
201300026325;0;3;0;0;1;1;1;A01
201300026326;0;33;0;0;2;1;1;B01
201300026326;0;7;0;0;2;5;13;A01
201300026327;0;7;0;0;2;3;15;A01
201300026327;0;31;0;0;2;1;1;B01
201300026328;0;7;0;0;0;0;15;A01
201300026328;0;1;0;0;0;0;1;B01
201300026329;0;40;0;0;1;4;1;A01
201300026330;0;2;0;0;0;1;1;B01
201300026330;0;7;0;0;0;1;1;A01
201300026331;0;7;0;0;1;2;16;A01
201300026332;0;40;0;0;1;1;1;A01
201300026333;0;30;0;0;2;1;18;B01
201300026333;0;7;0;0;2;2;15;A01
201300026334;0;7;0;0;1;1;1;A01
201300026335;0;32;0;0;2;1;1;A01
201300026335;0;7;0;0;2;7;1;B01
201300026336;0;7;0;0;2;4;1;C01
201300026336;0;13;0;0;2;1;2;A01
201300026336;0;7;0;0;2;4;2;B01
201300026337;0;7;0;0;1;1;1;A01
201300026338;0;7;0;0;2;3;1;A01
201300026338;0;31;0;0;2;2;0;B01
201300026339;0;7;0;0;2;3;1;B01
201300026339;0;7;0;0;2;2;15;A01
201300026340;0;7;0;0;1;2;1;A01
201300026341;0;7;0;0;1;1;15;A01
201300026342;0;1;0;0;1;1;1;B01
201300026343;0;38;0;0;1;2;1;A01
201300026344;0;7;0;0;2;1;15;A01
201300026344;0;38;5;0;2;3;8;B01
201300026345;0;40;0;0;1;1;1;A01
201300026346;0;7;0;0;9;4;2;B01
201300026346;0;17;0;0;2;3;2;A01
201300026346;0;7;0;0;2;1;21;C01
201300026347;0;99;0;0;2;7;1;B01
201300026347;0;7;0;0;2;1;1;A01
201300026348;0;33;0;3;0;2;15;A01
201300026349;0;2;0;0;0;0;0;A01
201300026349;0;7;0;0;0;1;0;B01
201300026350;0;7;0;0;1;3;1;A01
201300026351;0;2;0;0;0;1;1;B01
201300026351;0;7;0;0;0;1;15;A01
201300026351;0;7;0;0;0;0;1;C01
201300026352;0;7;0;0;1;0;15;A01
201300026353;0;7;0;0;2;2;15;B01
201300026353;0;1;0;0;0;1;1;A01
201300026354;0;7;0;0;1;2;4;A01
201300026355;0;7;0;0;2;7;1;B01
201300026355;0;7;0;1;2;1;1;A01
201300026356;0;7;0;0;1;3;1;A01