num_acc;senc;catv;occutc;obs;obsm;choc;manv;num_veh
201300026730;0;7;0;0;1;2;1;A01
201300026731;0;7;0;16;0;9;16;A01
201300026732;0;7;0;0;2;7;1;B01
201300026732;0;7;0;0;2;2;16;A01
201300026733;0;7;0;0;2;7;1;B01
201300026733;0;21;0;0;2;3;16;A01
201300026734;0;7;0;0;1;8;0;A01
201300026735;0;33;0;0;2;1;1;A01
201300026735;0;10;0;0;2;3;1;B01
201300026736;0;7;0;3;0;1;1;A01
201300026737;0;7;0;0;2;1;2;C01
201300026737;0;7;0;0;0;4;2;B01
201300026737;0;7;0;0;0;4;1;A01
201300026738;0;2;0;0;2;1;2;B01
201300026738;0;7;0;0;2;8;15;A01
201300026739;0;7;0;0;1;3;9;A01
201300026740;0;3;0;0;2;8;15;B01
201300026740;0;7;0;0;2;3;1;A01
201300026741;0;32;0;0;2;1;1;B01
201300026741;0;7;0;0;2;2;15;A01
201300026742;0;7;0;0;1;8;1;A01
201300026743;0;7;0;0;2;2;11;B01
201300026743;0;7;0;0;2;6;16;C01
201300026743;0;7;0;9;2;2;11;A01
201300026744;0;7;0;0;2;1;2;C01
201300026744;0;7;0;0;2;4;1;B01
201300026744;0;7;0;0;2;4;1;A01
201300026745;0;7;0;0;2;1;1;B01
201300026745;0;7;0;0;2;1;15;A01
201300026746;0;7;0;0;2;1;2;B01
201300026746;0;7;0;0;2;4;2;A01
201300026747;0;7;0;0;1;1;1;A01
201300026748;0;7;0;0;2;2;9;B01
201300026748;0;33;0;0;2;1;17;A01
201300026749;0;7;0;0;2;6;1;B01
201300026749;0;7;0;0;2;2;1;A01
201300026750;0;30;0;0;2;4;2;B01
201300026750;0;7;0;1;2;1;2;A01
201300026751;0;7;0;13;0;1;1;A01
201300026752;0;7;0;0;2;1;1;B01
201300026752;0;37;43;0;2;3;9;A01
201300026753;0;7;0;0;2;3;9;B01
201300026753;0;1;0;0;0;7;1;A01
201300026754;0;7;0;0;2;8;15;B01
201300026754;0;10;0;7;2;1;1;A01
201300026755;0;7;0;0;1;2;17;A01
201300026756;0;7;0;0;2;3;1;B01
201300026756;0;7;0;6;2;4;1;A01
201300026757;0;7;0;15;0;1;19;A01
201300026758;0;37;1;1;0;1;1;A01
201300026759;1;7;0;0;1;0;0;Z01
201300026760;0;7;0;0;1;3;1;A01
201300026761;0;7;0;0;2;3;9;A01
201300026761;0;1;0;0;2;1;0;B01
201300026762;0;10;0;1;1;7;1;A01
201300026763;0;7;0;0;2;3;13;A01
201300026763;0;7;0;0;2;3;1;B01
201300026764;0;10;0;0;2;2;1;A01
201300026764;0;7;0;0;2;3;15;B01
201300026765;0;7;0;15;0;0;1;A01
201300026766;0;7;0;0;2;1;2;A01
201300026766;0;7;0;0;0;4;2;B01
201300026767;0;7;0;0;2;2;1;B01
201300026767;0;7;0;0;0;3;9;A01
201300026768;0;7;0;0;1;3;1;A01
201300026769;0;7;0;0;1;2;17;A01
201300026770;0;7;0;0;1;1;1;A01
201300026771;0;7;0;0;0;3;15;A01
201300026771;0;7;0;0;2;3;1;B01
201300026772;0;7;0;0;2;1;16;A01
201300026772;0;7;0;0;2;7;1;B01
201300026773;0;7;0;0;2;1;1;B01
201300026773;0;7;0;0;2;5;1;A01
201300026774;0;7;0;0;1;5;16;A01
201300026775;1;7;0;0;1;1;1;Z01
201300026776;0;7;0;1;0;2;1;A01
201300026777;0;7;0;0;1;8;1;A01
201300026778;0;7;0;0;1;2;1;A01
201300026779;0;7;0;0;1;3;15;A01
201300026780;0;7;0;0;1;1;15;A01
201300026781;0;40;0;0;1;1;1;A01
201300026782;0;7;0;0;1;2;16;A01
201300026783;0;7;0;0;0;0;10;A01
201300026783;0;33;0;0;2;7;1;B01
201300026784;0;30;0;0;2;8;1;B01
201300026784;0;7;0;0;2;1;9;A01
201300026785;0;14;0;0;1;5;4;A01
201300026786;0;7;0;0;2;1;15;A01
201300026786;0;32;0;0;2;8;1;B01
201300026787;0;10;0;5;2;3;1;A01
201300026787;0;7;0;0;2;8;1;C01
201300026787;0;10;0;0;2;3;13;B01
201300026788;0;7;0;0;2;3;1;B01
201300026788;0;7;0;0;2;3;15;A01
201300026789;0;7;0;9;1;2;1;A01
201300026790;0;7;0;9;1;4;24;A01
201300026791;0;7;0;0;1;3;9;A01
201300026792;0;10;0;0;1;2;1;A01
201300026793;0;7;0;0;2;2;16;A01
201300026793;0;30;0;0;2;8;1;B01
201300026794;0;7;0;13;0;5;1;A01
201300026795;1;7;0;0;1;1;1;Z01
201300026796;0;7;0;0;1;2;1;A01
201300026797;0;7;0;0;2;8;1;B01
201300026797;0;7;0;0;2;3;15;A01
201300026798;0;10;0;0;0;5;1;A01
201300026798;0;7;0;0;2;8;1;B01
201300026799;0;7;0;0;1;1;16;A01
201300026800;0;37;2;0;2;1;1;B01
201300026800;0;10;0;0;2;5;1;A01
201300026801;0;40;0;0;1;1;1;A01
201300026802;0;7;0;0;0;5;12;A01
201300026802;0;31;0;0;2;8;1;B01
201300026803;0;7;0;0;2;2;1;B01
201300026803;0;7;0;0;2;8;9;A01
201300026804;2;7;0;0;2;3;5;A01
201300026804;0;7;0;0;2;2;1;B01
201300026805;0;7;0;1;0;1;1;A01
201300026806;0;10;0;0;2;2;1;B01
201300026806;0;7;0;0;2;3;9;A01
201300026807;0;7;0;0;1;2;15;A01
201300026808;0;7;0;0;2;5;1;B01
201300026808;2;7;0;0;2;1;1;A01
201300026809;0;7;0;0;1;2;1;A01
201300026810;0;7;0;0;2;3;1;B01
201300026810;0;7;0;0;2;3;13;A01
201300026811;0;7;0;0;1;7;16;A01
201300026812;0;7;0;0;0;1;1;B01
201300026812;1;13;0;0;0;0;5;Z01
201300026813;0;7;0;0;2;8;1;B01
201300026813;0;10;0;0;2;3;1;A01
201300026814;0;7;0;0;1;1;9;A01
201300026815;0;7;0;0;2;2;1;B01
201300026815;0;7;0;0;2;3;1;A01
201300026816;0;7;0;0;2;8;16;A01
201300026816;0;7;0;0;2;1;1;B01
201300026817;0;7;0;0;1;3;1;A01
201300026818;0;33;0;7;0;1;1;A01
201300026819;0;7;0;6;2;3;9;B01
201300026819;0;7;0;0;2;2;9;A01
201300026820;0;7;0;3;0;9;1;A01
201300026821;0;33;0;15;0;1;1;A01
201300026822;0;7;0;2;0;1;1;A01
201300026823;0;7;0;0;1;3;1;A01
201300026824;0;33;0;4;2;1;1;A01
201300026824;0;7;0;0;2;4;1;B01
201300026825;0;7;0;0;2;1;1;A01
201300026825;0;7;0;0;2;1;1;B01
201300026826;0;7;0;8;0;1;1;A01
201300026827;0;7;0;0;1;2;1;A01
201300026828;0;1;0;0;2;0;0;B01
201300026828;0;7;0;0;2;4;4;A01
201300026829;0;34;0;0;2;1;1;A01
201300026829;0;7;0;0;2;5;1;B01
201300026830;0;7;0;0;1;2;1;A01
201300026831;0;33;0;11;0;1;1;A01
201300026831;0;14;0;0;0;0;16;B01
201300026832;0;7;0;0;1;1;9;A01
201300026833;0;7;0;0;1;2;1;A01
201300026834;0;7;0;15;2;7;19;A01
201300026834;0;7;0;0;2;1;1;B01
201300026835;0;7;0;0;2;3;9;B01
201300026835;0;1;0;0;2;1;9;A01
201300026836;0;32;0;0;0;1;1;A01
201300026837;0;14;0;0;1;4;4;A01
201300026838;1;7;0;0;0;0;9;Z01
201300026838;0;31;0;12;0;2;1;B01
201300026839;0;7;0;0;0;9;0;A01
201300026840;0;7;0;0;1;1;1;A01
201300026841;0;7;0;0;2;3;9;B01
201300026841;0;7;0;0;2;2;9;A01
201300026842;0;7;0;0;2;1;1;A01
201300026842;0;7;0;0;2;3;1;B01
201300026843;0;7;0;0;1;1;1;A01
201300026844;0;7;0;0;2;1;1;A01
201300026844;0;7;0;0;2;4;1;B01
201300026845;0;1;0;0;0;8;1;A01
201300026846;0;7;0;0;2;2;1;A01
201300026846;0;7;0;0;2;3;1;B01
201300026847;0;7;0;0;2;1;1;B01
201300026847;0;7;0;8;2;9;1;A01
201300026848;0;7;0;0;2;4;1;B01
201300026848;0;7;0;0;2;1;1;A01
201300026849;0;7;0;0;1;0;1;A01
201300026850;1;7;0;0;0;0;1;Z01
201300026850;0;7;0;6;0;2;1;B01
201300026851;0;1;0;0;0;1;1;A01
201300026852;0;1;0;0;2;1;1;B01
201300026852;0;7;0;0;2;2;1;A01
201300026853;0;32;0;0;2;1;1;B01
201300026853;0;7;0;0;2;3;15;A01
201300026854;0;40;25;0;9;8;16;A01
201300026854;0;1;0;0;4;1;15;B01
201300026855;0;10;0;0;2;1;1;B01
201300026855;0;10;0;0;2;1;15;A01
201300026856;0;2;0;0;2;1;1;A01
201300026856;0;10;0;0;2;7;15;B01
201300026857;0;33;0;0;2;8;1;B01
201300026857;0;7;0;0;2;0;15;A01
201300026858;0;7;0;1;0;1;14;A01
201300026859;0;7;0;0;1;3;15;A01
201300026860;0;7;0;0;1;3;1;A01
201300026861;0;14;0;0;2;0;2;A01
201300026861;0;7;0;0;2;6;2;B01
201300026861;0;7;0;0;2;6;2;C01
201300026862;0;7;0;0;1;2;9;A01
201300026863;0;7;0;0;2;7;12;A01
201300026863;0;33;0;9;2;3;1;B01
201300026864;0;7;0;0;2;2;1;A01
201300026864;0;7;0;0;2;8;16;B01
201300026865;0;10;0;0;2;6;24;B01
201300026865;0;7;0;1;0;2;12;A01
201300026866;0;30;0;0;2;2;17;A01
201300026866;0;10;0;0;2;3;15;B01
201300026867;1;7;0;0;1;0;0;Z01
201300026868;0;7;0;0;2;3;15;B01
201300026868;0;7;0;0;2;1;1;A01
201300026869;0;7;0;0;1;3;1;A01
201300026870;1;7;0;0;1;2;1;A01
201300026871;0;7;0;0;2;3;1;A01
201300026871;0;7;0;0;2;1;1;B01
201300026872;0;7;0;0;2;3;1;B01
201300026872;0;30;0;0;2;1;13;A01
201300026873;0;7;0;0;2;1;15;A01
201300026873;0;33;0;0;2;1;1;B01
201300026874;1;99;0;0;0;0;0;Z01
201300026874;0;30;0;0;0;8;21;B01
201300026875;0;7;0;1;0;7;1;A01
201300026875;0;7;0;0;2;8;24;B01
201300026876;0;7;0;0;2;1;15;B01
201300026876;0;7;0;0;2;1;1;C01
201300026876;0;33;0;0;2;7;1;A01
201300026877;0;7;0;1;0;3;1;A01
201300026877;0;7;0;0;2;2;24;B01
201300026878;0;7;0;9;2;3;1;B01
201300026878;0;10;0;0;2;2;1;A01
201300026879;0;7;0;0;2;8;15;A01
201300026879;0;33;0;0;2;1;1;B01
201300026880;0;7;0;0;1;8;1;A01
201300026881;0;7;0;0;2;2;1;A01
201300026881;0;7;0;0;2;3;1;B01
201300026882;0;33;0;8;0;9;1;A01
201300026883;0;7;0;0;1;1;15;A01
201300026884;0;7;0;0;1;2;1;A01
201300026885;0;7;0;0;2;1;2;A01
201300026885;0;7;0;0;2;4;2;B01
201300026886;0;7;0;0;2;3;1;B01
201300026886;0;7;0;0;0;2;0;A01
201300026887;0;30;0;9;0;1;1;A01
201300026888;0;7;0;0;1;3;1;A01
201300026889;0;7;0;0;2;8;15;A01
201300026889;0;7;0;0;2;2;1;B01
201300026890;0;1;0;0;2;7;1;B01
201300026890;0;7;0;0;0;7;0;A01
201300026891;0;7;0;0;2;7;15;A01
201300026891;0;34;0;0;2;1;1;B01
201300026892;0;30;0;0;2;1;1;A01
201300026892;0;7;0;0;2;5;1;B01
201300026893;0;7;0;0;2;1;2;A01
201300026893;0;7;0;0;0;4;1;B01
201300026894;0;7;0;0;1;2;1;A01
201300026895;0;7;0;0;1;3;1;A01
201300026896;0;7;0;0;2;8;15;A01
201300026896;0;32;0;0;2;2;17;B01
201300026897;0;7;0;0;2;3;9;A01
201300026897;0;7;0;0;2;8;9;B01
201300026898;0;7;0;0;1;1;1;A01
201300026899;0;30;0;0;2;1;1;B01
201300026899;0;7;0;0;2;3;9;A01
201300026900;0;7;0;0;2;1;1;B01
201300026900;0;7;0;0;2;7;13;A01
201300026901;0;7;0;0;2;1;1;B01
201300026901;0;7;0;0;2;2;15;A01
201300026902;0;7;0;0;1;1;16;A01
201300026903;0;7;0;0;1;6;4;A01
201300026904;0;7;0;0;2;1;1;B01
201300026904;0;7;0;0;2;1;1;A01
201300026905;0;7;0;0;1;2;1;A01
201300026906;0;7;0;0;2;4;2;C01
201300026906;0;7;0;0;2;1;2;A01
201300026906;0;7;0;0;2;9;2;B01
201300026907;0;7;0;0;2;2;1;A01
201300026907;0;7;0;8;2;3;16;B01
201300026908;0;7;0;0;1;1;1;A01
201300026909;0;7;0;6;2;0;1;A01
201300026910;0;7;0;0;1;3;16;A01
201300026911;0;7;0;0;1;2;1;A01
201300026912;0;10;0;0;1;5;4;A01
201300026913;0;7;0;0;1;3;1;A01
201300026914;0;30;0;0;2;1;1;B01
201300026914;0;7;0;0;2;3;15;A01
201300026915;0;7;0;0;2;7;1;B01
201300026915;0;7;0;0;2;1;15;A01
201300026916;0;7;0;0;1;1;16;A01
201300026917;0;7;0;0;1;1;1;A01
201300026918;0;7;0;15;2;3;1;B01
201300026918;0;7;0;0;2;3;15;A01
201300026919;0;32;0;0;1;1;1;A01
201300026920;1;7;0;0;2;0;2;A01
201300026920;0;30;0;0;2;1;1;B01
201300026921;0;7;0;0;1;6;4;A01
201300026922;0;1;0;0;2;7;1;A01
201300026922;0;7;0;0;2;3;1;B01
201300026923;0;10;0;0;1;4;4;A01
201300026924;0;7;0;0;2;8;20;A01
201300026924;0;33;0;0;2;3;1;B01
201300026925;0;7;0;0;1;1;1;A01
201300026926;0;3;0;0;1;1;1;A01
201300026927;0;7;0;0;2;1;2;A01
201300026927;0;7;0;0;0;3;23;C01
201300026927;0;7;0;0;2;4;2;B01
201300026928;0;30;0;0;2;1;1;A01
201300026928;0;7;0;0;2;3;15;B01
201300026929;0;7;0;0;1;1;1;A01
201300026930;0;7;0;0;1;2;1;A01
201300026931;0;30;0;0;2;1;1;B01
201300026931;0;10;0;0;2;3;15;A01
201300026932;0;7;0;0;1;1;1;A01
201300026933;0;14;0;0;1;1;1;A01
201300026934;0;7;0;0;2;7;1;B01
201300026934;0;7;0;0;2;4;4;A01
201300026935;0;7;0;0;1;1;1;A01
201300026936;0;30;0;6;0;1;1;A01
201300026937;0;7;0;0;2;2;17;A01
201300026937;0;1;0;0;2;4;11;B01
201300026938;0;14;0;0;2;1;2;A01
201300026938;0;7;0;0;2;4;23;B01
201300026939;0;33;0;0;2;1;1;B01
201300026939;0;7;0;0;2;8;15;A01
201300026940;0;7;0;0;2;1;2;A01
201300026940;0;14;0;0;2;4;23;B01
201300026941;0;7;0;0;2;4;23;B01
201300026941;0;7;0;0;2;1;2;A01
201300026942;0;7;0;15;0;2;1;A01
201300026943;0;30;0;0;2;1;1;B01
201300026943;0;7;0;0;2;7;19;A01
201300026944;0;7;0;0;1;1;9;A01
201300026945;0;7;0;0;1;5;1;A01
201300026946;0;7;0;1;2;1;1;A01
201300026946;0;7;0;15;2;5;19;B01
201300026947;0;7;0;0;2;3;13;A01
201300026947;0;14;0;0;2;3;1;B01
201300026948;0;30;0;0;1;1;17;A01
201300026949;0;7;0;6;0;1;1;A01
201300026950;0;14;0;0;2;6;1;B01
201300026950;0;30;0;0;2;7;17;A01
201300026951;0;2;0;0;0;4;23;B01
201300026951;0;10;0;0;2;2;2;A01
201300026952;0;7;0;15;0;0;1;A01
201300026953;0;14;0;0;1;0;1;A01
201300026954;0;1;0;0;2;7;0;B01
201300026954;0;7;0;0;2;1;9;A01
201300026955;0;33;0;0;1;0;1;A01
201300026956;0;33;0;1;2;8;1;B01
201300026956;0;7;0;0;2;3;10;A01
201300026957;0;7;0;0;2;7;1;A01
201300026957;0;1;0;0;2;2;19;B01
201300026958;0;7;0;0;2;1;1;B01
201300026958;0;7;0;0;0;0;0;C01
201300026958;0;32;0;0;2;1;0;A01
201300026959;0;7;0;2;0;1;1;A01
201300026960;0;13;0;0;2;7;1;B01
201300026960;0;7;0;0;2;1;1;A01
201300026961;0;7;0;0;9;3;15;A01
201300026961;0;1;0;0;2;7;1;B01
201300026962;0;30;0;0;2;1;2;A01
201300026962;0;7;0;0;9;4;2;B01
201300026963;0;7;0;0;1;8;1;A01
201300026964;0;7;0;0;0;3;1;A01
201300026964;0;1;0;0;0;7;12;B01
201300026965;0;7;0;0;1;2;1;A01
201300026966;0;1;0;0;2;1;1;B01
201300026966;0;7;0;0;2;8;15;A01
201300026967;0;7;0;0;2;3;1;B01
201300026967;0;1;0;0;2;7;9;A01
201300026968;0;7;0;2;2;1;1;B01
201300026968;0;7;0;0;2;1;13;A01
201300026969;0;1;0;0;2;8;2;B01
201300026969;0;7;0;0;2;5;2;A01
201300026970;0;7;0;3;0;7;9;A01
201300026971;0;7;0;0;9;1;13;A01
201300026972;0;7;0;0;9;8;22;A01
201300026972;0;1;0;0;0;7;1;B01
201300026973;0;7;0;0;2;3;9;A01
201300026973;0;32;0;0;2;7;1;B01
201300026974;0;7;0;0;1;1;2;A01
201300026975;0;30;0;3;0;6;2;A01
201300026976;0;30;0;0;2;1;2;B01
201300026976;0;7;0;0;0;3;2;A01
201300026977;0;30;0;0;2;1;2;B01
201300026977;0;7;0;0;0;8;2;A01
201300026978;0;7;0;0;9;1;1;A01
201300026978;0;1;0;0;2;1;1;B01
201300026979;0;1;0;0;2;8;1;B01
201300026979;0;7;0;0;2;7;16;A01
201300026980;0;30;0;0;0;0;1;A01
201300026981;1;7;0;0;1;1;1;A01
201300026982;0;7;0;0;2;2;1;A01
201300026982;0;7;0;0;2;3;1;B01
201300026983;0;1;0;0;2;0;1;B01
201300026983;0;7;0;0;9;3;1;A01
201300026984;0;7;0;0;2;2;2;A01
201300026984;0;1;0;0;0;4;2;B01
201300026985;0;30;0;0;0;0;1;A01
201300026986;0;7;0;0;2;7;1;B01
201300026986;0;7;0;0;2;1;1;A01
201300026987;0;7;0;0;2;3;1;B01
201300026987;0;7;0;0;2;1;1;A01
201300026988;0;7;0;1;0;0;1;A01
201300026989;0;7;0;0;2;1;1;A01
201300026989;0;7;0;0;2;4;1;B01
201300026990;2;7;0;0;1;0;1;A01
201300026991;0;7;0;0;2;1;17;A01
201300026991;0;7;0;0;2;6;15;B01
201300026992;0;7;0;0;2;1;15;A01
201300026992;0;30;0;0;2;3;1;B01
201300026993;0;7;0;0;1;1;1;A01
201300026994;0;7;0;0;2;1;1;A01
201300026994;0;30;0;0;2;8;17;B01
201300026995;0;7;0;0;1;1;1;A01
201300026996;0;7;0;0;0;6;2;B01
201300026996;0;31;0;0;2;1;2;A01
201300026997;1;7;0;0;0;0;13;Z01
201300026997;0;30;0;0;9;0;21;B01
201300026998;0;7;0;6;0;1;0;A01
201300026999;0;32;0;0;0;9;23;B01
201300026999;0;7;0;0;2;1;1;A01
201300027000;0;7;0;0;2;2;15;A01
201300027000;0;30;0;0;2;1;1;B01
201300027001;0;7;0;2;0;5;1;A01
201300027002;0;7;0;0;1;3;1;A01
201300027003;0;34;0;0;2;1;17;B01
201300027003;0;7;0;0;2;1;15;A01
201300027004;0;7;0;9;0;2;1;A01
201300027005;0;7;0;0;2;1;1;E01
201300027005;0;7;0;0;2;4;1;D01
201300027005;0;10;0;0;2;4;1;B01
201300027005;0;7;0;0;2;1;1;A01
201300027005;0;7;0;0;2;1;1;C01
201300027006;0;10;0;8;0;3;1;A01
201300027007;0;2;0;0;2;1;1;B01
201300027007;0;7;0;0;2;2;15;A01
201300027008;0;10;0;0;2;1;1;A01
201300027008;0;1;0;0;0;4;1;B01
201300027009;0;2;0;0;2;1;17;B01
201300027009;0;7;0;0;2;3;15;A01
201300027010;0;7;0;9;0;2;1;A01
201300027011;0;7;0;0;2;4;1;B01
201300027011;0;10;0;0;2;1;1;A01
201300027012;0;7;0;0;1;1;1;A01
201300027013;0;7;0;9;0;7;1;A01
201300027014;1;7;0;0;1;0;0;Z01
201300027015;0;7;0;14;0;1;1;A01
201300027016;0;7;0;0;1;0;0;A01
201300027017;0;7;0;0;2;3;1;B01
201300027017;1;7;0;0;2;2;0;Z01
201300027018;0;2;0;0;1;1;17;A01
201300027019;0;7;0;0;2;7;1;A01
201300027019;0;7;0;0;2;8;1;B01
201300027020;0;7;0;0;2;5;15;B01
201300027020;0;2;0;0;2;1;18;A01
201300027021;0;30;0;0;2;4;0;B01
201300027021;0;7;0;1;0;1;2;A01
201300027022;0;1;0;0;2;8;19;A01
201300027022;0;37;3;0;2;1;1;B01
201300027023;0;7;0;0;1;1;15;A01
201300027024;2;7;0;8;1;1;1;A01
201300027025;0;30;0;1;0;6;1;A01
201300027025;0;7;0;0;0;6;0;B01
201300027026;0;7;0;4;0;2;1;A01
201300027027;0;7;0;0;2;2;1;B01
201300027027;0;32;0;0;2;1;1;A01
201300027028;1;99;0;0;1;5;16;Z01
201300027029;0;7;0;0;0;6;2;B01
201300027029;0;31;0;0;2;1;2;A01
201300027030;0;7;0;0;2;6;9;B01
201300027030;0;30;0;0;2;1;0;A01
201300027031;0;7;0;2;0;1;0;A01
201300027032;0;7;0;1;0;1;0;A01
201300027032;0;7;0;0;2;4;0;B01
201300027033;0;7;0;0;2;2;15;A01
201300027033;0;33;0;0;2;1;1;B01
201300027034;0;7;0;0;2;2;0;C01
201300027034;0;7;0;0;2;3;5;A01
201300027034;0;7;0;0;2;3;0;B01
201300027035;0;7;0;0;2;8;15;B01
201300027035;0;33;0;0;2;1;17;A01
201300027036;0;30;0;0;2;1;0;B01
201300027036;0;7;0;0;2;2;12;A01
201300027037;0;30;0;0;2;1;0;B01
201300027037;0;7;0;0;2;2;12;A01
201300027038;0;7;0;0;2;2;12;A01
201300027038;0;30;0;0;2;1;0;B01
201300027039;1;7;0;0;0;0;0;B01
201300027039;0;32;0;12;2;1;0;A01
201300027040;0;1;0;0;0;0;15;A01
201300027040;0;7;0;0;0;0;15;B01
201300027041;0;7;0;0;2;4;0;B01
201300027041;0;33;0;0;2;1;0;A01
201300027042;0;7;0;0;2;2;16;A01
201300027042;0;2;0;0;2;1;0;B01
201300027043;0;7;0;0;2;3;1;B01
201300027043;0;7;0;0;2;2;1;A01
201300027044;0;7;0;0;1;1;0;A01
201300027045;0;2;0;0;0;4;1;B01
201300027045;1;7;0;0;2;1;0;A01
201300027046;0;2;0;0;2;5;0;B01
201300027046;0;7;0;0;2;3;0;A01
201300027047;0;7;0;0;1;3;1;A01
201300027048;0;2;0;0;2;3;0;A01
201300027048;0;7;0;0;2;1;15;B01
201300027049;0;7;0;0;2;3;0;B01
201300027049;0;7;0;8;2;1;0;A01
201300027050;0;7;0;0;2;1;0;B01
201300027050;0;7;0;2;2;3;0;A01
201300027051;0;7;0;0;1;4;4;A01
201300027052;1;7;0;0;2;1;2;A01
201300027052;0;7;0;0;2;4;0;B01
201300027053;0;7;0;0;9;7;16;A01
201300027053;0;1;0;0;2;8;0;B01
201300027054;0;7;0;0;2;4;0;A01
201300027054;0;2;0;0;2;1;0;B01
201300027055;0;37;2;0;2;3;0;B01
201300027055;0;7;0;0;2;6;23;A01
201300027056;0;7;0;0;1;1;1;A01
201300027057;0;1;0;0;2;1;0;A01
201300027057;0;7;0;0;2;7;0;B01
201300027058;0;7;0;0;2;2;15;A01
201300027058;0;7;0;0;2;1;1;B01
201300027059;0;7;0;0;1;5;4;A01
201300027060;1;30;0;0;1;1;0;A01
201300027061;1;7;0;0;2;1;2;A01
201300027061;0;7;0;0;2;4;23;B01
201300027062;0;40;1;0;1;2;1;A01
201300027063;0;30;0;0;2;3;0;A01
201300027063;0;7;0;0;2;2;0;B01
201300027064;0;7;0;0;2;4;0;B01
201300027064;0;7;0;0;2;4;0;C01
201300027064;0;7;0;0;2;4;0;D01
201300027064;0;17;0;0;2;1;0;A01
201300027065;0;37;2;0;1;2;0;A01
201300027066;0;7;0;0;2;1;0;A01
201300027066;0;7;0;0;2;4;4;B01
201300027067;0;2;0;0;1;1;1;A01
201300027068;0;7;0;0;1;3;0;B01
201300027068;0;7;0;0;1;1;1;A01
201300027069;0;7;0;0;1;1;1;A01
201300027070;1;99;0;0;0;0;0;A01
201300027070;0;1;0;0;2;4;1;B01
201300027071;1;7;0;0;1;0;0;B01
201300027072;0;7;0;0;2;4;23;B01
201300027072;1;99;0;0;2;1;0;A01
201300027073;0;33;0;0;2;1;1;A01
201300027073;0;7;0;0;2;1;2;C01
201300027073;0;7;0;0;2;3;1;B01
201300027074;1;99;0;0;1;1;0;A01
201300027075;1;99;0;0;0;0;0;B01
201300027075;0;7;0;0;2;0;0;A01
201300027076;0;40;1;0;2;1;0;B01
201300027076;0;7;0;0;4;8;0;A01
201300027077;0;7;0;0;2;4;23;B01
201300027077;0;7;0;0;2;4;23;C01
201300027077;0;7;0;0;2;1;2;A01
201300027078;0;7;0;0;2;1;2;A01
201300027078;0;33;0;0;2;4;1;B01
201300027079;1;99;0;0;2;0;1;Z01
201300027079;0;7;0;4;2;2;1;B01
201300027080;1;7;0;0;2;1;9;A01
201300027080;0;2;0;0;2;7;0;B01
201300027081;0;1;0;0;2;1;15;B01
201300027081;0;10;0;0;2;3;1;A01
201300027082;0;33;0;0;2;1;0;B01
201300027082;0;7;0;0;0;2;0;A01
201300027083;0;2;0;8;0;0;0;A01
201300027084;0;7;0;0;0;6;15;B01
201300027084;0;1;0;0;2;1;2;A01
201300027085;0;7;0;0;1;1;0;A01
201300027086;0;15;0;0;2;3;15;B01
201300027086;0;31;0;0;2;1;17;A01
201300027087;0;7;0;0;1;2;1;A01
201300027088;0;7;0;0;1;3;0;A01
201300027089;0;7;0;1;0;2;14;A01
201300027090;0;3;0;0;1;1;1;A01
201300027091;0;7;0;0;2;3;0;B01
201300027091;0;2;0;0;2;2;17;A01
201300027092;0;7;0;15;0;1;1;A01
201300027093;0;7;0;0;2;3;0;B01
201300027093;0;30;0;0;2;1;1;A01
201300027094;0;31;0;0;2;3;1;A01
201300027094;0;7;0;0;2;2;1;B01
201300027095;0;7;0;0;1;2;1;A01
201300027096;0;7;0;0;2;0;5;A01
201300027096;0;7;0;0;2;0;1;B01
201300027097;0;7;0;0;1;3;0;A01
201300027098;0;40;3;0;2;1;0;A01
201300027098;0;7;0;0;4;8;0;B01
201300027099;0;32;0;0;2;0;0;A01
201300027099;0;7;0;0;2;0;0;B01
201300027100;0;7;0;0;2;5;4;A01
201300027100;0;30;0;0;2;1;1;B01
201300027101;0;7;0;0;1;3;1;A01
201300027102;0;7;0;0;1;3;1;A01
201300027103;0;7;0;0;2;0;9;B01
201300027103;0;7;0;0;2;0;1;A01
201300027104;0;7;0;0;2;5;13;B01
201300027104;0;31;0;0;2;2;18;A01
201300027105;0;7;0;0;1;1;0;A01
201300027106;0;7;0;0;2;1;0;B01
201300027106;0;7;0;0;2;1;0;A01
201300027107;0;7;0;4;0;2;1;A01
201300027108;1;7;0;0;2;7;14;A01
201300027108;0;7;0;0;2;8;1;B01
201300027109;0;31;0;0;2;0;18;A01
201300027109;0;38;1;0;2;0;1;B01
201300027110;0;7;0;0;2;3;15;B01
201300027110;0;30;0;0;2;1;17;A01
201300027111;0;30;0;1;2;1;1;B01
201300027111;0;7;0;0;2;1;17;A01
201300027112;0;7;0;0;2;4;23;B01
201300027112;0;2;0;0;2;1;1;A01
201300027113;1;30;0;0;2;0;13;A01
201300027113;0;7;0;0;2;3;23;B01
201300027114;1;7;0;0;1;0;0;Z01
201300027115;1;7;0;0;1;0;0;A01
201300027116;0;7;0;0;1;2;0;A01
201300027117;1;7;0;0;1;0;0;A01
201300027118;0;33;0;1;0;7;1;A01
201300027119;0;7;0;0;2;1;1;B01
201300027119;2;7;0;0;2;1;5;A01
201300027120;1;99;0;0;1;0;0;A01
201300027121;0;7;0;0;2;0;1;A01
201300027121;1;7;0;0;2;0;13;B01
201300027122;0;7;0;0;1;0;1;A01
201300027123;0;7;0;0;2;0;1;B01
201300027123;0;7;0;0;2;0;15;A01
201300027124;0;33;0;0;2;1;1;B01