num_acc;senc;catv;occutc;obs;obsm;choc;manv;num_veh
201300027124;0;7;0;0;2;2;15;A01
201300027125;0;7;0;0;1;2;1;A01
201300027126;0;7;0;0;1;1;1;A01
201300027127;0;7;0;0;1;1;1;A01
201300027128;1;35;0;1;0;0;0;A01
201300027129;0;7;0;0;1;1;1;A01
201300027130;0;33;0;0;2;0;1;A01
201300027131;0;17;0;0;0;1;0;A01
201300027131;0;7;0;0;2;0;1;B01
201300027131;0;7;0;0;2;2;1;C01
201300027132;0;30;0;0;2;2;1;A01
201300027132;0;7;0;0;2;7;16;B01
201300027133;0;7;0;0;2;7;19;B01
201300027133;0;7;0;0;2;1;1;A01
201300027134;0;1;0;0;1;1;1;A01
201300027135;0;7;0;0;1;1;1;A01
201300027136;0;7;0;0;2;0;10;A01
201300027136;0;31;0;0;2;0;2;B01
201300027137;0;7;0;0;2;3;1;A01
201300027137;0;37;3;0;2;1;1;B01
201300027138;0;7;0;8;0;1;13;B01
201300027138;0;7;0;0;0;0;15;A01
201300027139;0;7;0;0;2;0;1;A01
201300027139;0;30;0;0;2;0;17;B01
201300027140;1;10;0;0;2;0;2;B01
201300027140;0;7;0;0;2;0;1;A01
201300027141;1;7;0;0;2;1;1;A01
201300027141;0;7;0;0;0;4;1;B01
201300027142;0;7;0;0;2;3;13;A01
201300027142;0;33;0;0;2;1;1;B01
201300027143;0;7;0;0;1;0;1;A01
201300027144;0;7;0;0;0;3;2;A01
201300027144;0;1;0;0;2;7;2;B01
201300027145;1;2;0;0;1;0;1;A01
201300027146;0;2;0;0;2;1;1;A01
201300027146;0;7;0;0;2;7;16;B01
201300027147;0;7;0;0;2;0;1;A01
201300027147;1;7;0;0;2;0;0;B01
201300027148;0;36;0;1;0;1;14;A01
201300027149;0;7;0;0;2;6;15;A01
201300027149;0;33;0;0;2;1;1;B01
201300027150;0;33;0;0;2;0;7;A01
201300027151;0;7;0;0;2;3;0;B01
201300027151;0;31;0;0;2;2;0;A01
201300027152;0;7;0;0;1;3;1;A01
201300027153;2;7;0;1;0;7;0;A01
201300027154;0;2;0;0;2;0;17;A01
201300027154;0;7;0;0;2;0;15;B01
201300027155;2;7;0;0;1;1;0;Z01
201300027156;0;7;0;0;2;0;1;A01
201300027156;0;2;0;0;2;0;18;B01
201300027157;0;7;0;0;2;1;1;B01
201300027157;0;7;0;0;2;1;13;A01
201300027158;0;7;0;0;2;0;21;A01
201300027158;2;10;0;0;2;0;1;B01
201300027159;0;7;0;0;1;0;1;A01
201300027160;0;33;0;0;2;0;1;B01
201300027160;0;7;0;0;2;0;15;A01
201300027161;0;33;0;0;0;1;0;A01
201300027162;0;31;0;0;0;2;12;A01
201300027162;0;30;0;0;0;6;0;B01
201300027163;0;7;0;0;2;4;20;B01
201300027163;2;34;0;0;2;1;18;A01
201300027164;1;7;0;0;2;1;15;A01
201300027164;0;30;0;0;0;8;1;B01
201300027165;1;7;0;0;1;0;2;A01
201300027166;0;30;0;0;2;0;0;B01
201300027167;0;7;0;0;2;3;13;A01
201300027167;0;33;0;0;2;1;1;B01
201300027168;0;33;0;0;2;1;1;B01
201300027168;0;7;0;0;2;5;10;A01
201300027169;0;7;0;0;1;1;1;A01
201300027170;0;1;0;0;2;7;1;B01
201300027170;0;7;0;0;9;1;1;A01
201300027171;0;7;0;0;2;3;1;A01
201300027171;0;1;0;0;2;1;1;B01
201300027172;2;7;0;0;2;0;0;B01
201300027172;0;7;0;0;2;0;1;A01
201300027173;0;7;0;8;0;0;14;A01
201300027174;0;7;0;0;1;2;1;A01
201300027175;0;7;0;0;1;0;1;A01
201300027176;0;40;0;0;1;2;1;A01
201300027177;0;33;0;0;2;7;15;B01
201300027177;2;2;0;0;2;1;1;A01
201300027178;1;99;0;0;1;0;1;A01
201300027179;0;7;0;0;1;2;1;A01
201300027180;0;1;0;0;2;1;1;B01
201300027180;0;7;0;0;2;1;9;A01
201300027181;1;7;0;0;1;0;0;A01
201300027182;0;36;0;0;2;1;0;B01
201300027182;0;7;0;0;2;2;15;A01
201300027183;0;7;0;0;2;2;16;A01
201300027183;0;33;0;0;2;1;18;B01
201300027184;0;7;0;0;2;0;22;A01
201300027184;0;1;0;1;0;0;1;B01
201300027185;0;7;0;0;2;0;15;A01
201300027185;0;33;0;0;2;0;1;B01
201300027186;1;33;0;0;1;1;1;Z01
201300027187;0;7;0;0;2;1;13;A01
201300027187;0;7;0;0;2;1;1;B01
201300027188;0;2;0;0;2;1;1;A01
201300027188;0;10;0;0;2;0;19;B01
201300027189;0;1;0;0;2;6;0;B01
201300027189;1;7;0;0;9;0;0;A01
201300027190;0;7;0;0;2;2;15;A01
201300027190;0;31;0;0;2;1;1;B01
201300027191;1;7;0;0;2;0;1;B01
201300027191;0;32;0;0;2;0;19;A01
201300027192;1;7;0;0;1;1;0;A01
201300027193;0;30;0;0;0;7;0;B01
201300027193;1;7;0;0;0;0;0;A01
201300027194;0;1;0;0;2;0;1;A01
201300027194;1;7;0;0;2;0;21;B01
201300027195;1;7;0;0;2;0;0;Z01
201300027195;0;2;0;0;2;7;0;B01
201300027196;0;7;0;0;0;4;0;B01
201300027196;0;2;0;0;2;4;9;A01
201300027197;0;30;0;0;2;4;2;B01
201300027197;0;7;0;0;2;3;2;A01
201300027198;0;7;0;0;2;0;1;B01
201300027198;0;7;0;0;2;0;15;A01
201300027199;1;7;0;0;2;0;0;B01
201300027199;0;33;0;0;2;0;1;A01
201300027200;0;7;0;0;1;5;1;B01
201300027201;0;10;0;0;2;1;1;B01
201300027201;0;7;0;0;2;1;13;A01
201300027202;0;7;0;0;1;1;1;A01
201300027203;0;40;0;0;1;3;1;A01
201300027204;1;7;0;0;1;0;0;Z01
201300027205;0;7;0;0;1;3;1;A01
201300027206;0;7;0;0;2;2;15;A01
201300027206;0;34;0;0;0;1;0;B01
201300027207;0;34;0;0;2;7;0;B01
201300027207;0;7;0;0;2;8;9;A01
201300027208;0;17;0;0;2;1;2;C01
201300027208;0;17;0;0;0;4;1;A01
201300027208;0;17;0;0;2;1;2;B01
201300027209;0;33;0;0;2;7;1;A01
201300027209;0;7;0;0;0;4;1;B01
201300027210;0;30;0;0;1;1;0;A01
201300027211;0;7;0;0;1;0;20;A01
201300027212;0;33;0;0;2;1;2;A01
201300027212;0;7;0;0;2;3;2;B01
201300027213;0;7;0;0;2;2;16;B01
201300027213;0;2;0;0;2;1;7;A01
201300027214;0;1;0;0;2;1;0;B01
201300027214;0;7;0;9;2;3;9;A01
201300027215;1;7;0;0;9;0;0;Z01
201300027215;0;30;0;0;2;8;9;B01
201300027216;0;33;0;1;0;1;1;A01
201300027216;0;7;0;0;2;6;23;B01
201300027217;0;7;0;0;9;1;1;A01
201300027217;0;1;0;0;2;0;9;B01
201300027218;0;30;0;0;2;1;1;A01
201300027218;0;7;0;0;2;7;16;B01
201300027219;1;7;0;0;1;4;4;A01
201300027220;2;7;0;0;2;0;0;A01
201300027220;0;7;0;0;2;0;1;B01
201300027221;0;20;0;0;1;6;4;A01
201300027222;0;10;0;0;2;1;2;A01
201300027222;0;7;0;0;2;4;1;B01
201300027223;0;7;0;0;1;1;15;A01
201300027224;0;7;0;0;2;8;2;A01
201300027224;0;31;0;0;2;0;1;B01
201300027225;0;1;0;0;1;1;1;A01
201300027226;0;33;0;3;0;0;1;A01
201300027227;1;7;0;0;2;1;15;A01
201300027227;0;1;0;0;2;8;1;B01
201300027228;0;13;0;0;0;8;0;B01
201300027228;0;31;0;0;2;1;0;A01
201300027229;1;7;0;0;2;0;1;A01
201300027229;0;1;0;0;2;0;1;B01
201300027230;1;7;0;0;2;0;0;Z01
201300027230;0;30;0;0;2;7;0;B01
201300027231;0;33;0;0;0;0;1;A01
201300027232;0;37;0;1;1;2;2;B01
201300027233;0;7;0;0;1;2;1;A01
201300027234;0;7;0;0;1;0;1;A01
201300027235;0;31;0;0;0;0;0;B01
201300027235;1;7;0;0;0;0;0;Z01
201300027236;0;7;0;0;1;3;1;A01
201300027236;0;7;0;14;0;0;1;C01
201300027236;0;7;0;14;0;2;1;B01
201300027237;0;7;0;8;0;2;0;A01
201300027238;0;7;0;0;2;2;15;A01
201300027238;0;7;0;0;2;3;1;B01
201300027239;0;7;0;0;0;0;15;A01
201300027239;0;34;0;0;0;8;17;B01
201300027240;0;7;0;3;2;8;9;A01
201300027240;0;10;0;0;2;8;1;B01
201300027241;1;34;0;0;1;1;0;Z01
201300027242;0;10;0;0;1;1;1;A01
201300027242;0;7;0;0;1;1;1;B01
201300027243;0;7;0;8;0;8;0;A01
201300027244;1;7;0;0;2;1;1;Z01
201300027244;0;7;0;0;2;4;23;A01
201300027245;0;1;0;0;2;4;1;A01
201300027246;0;7;0;0;1;3;1;A01
201300027247;0;7;0;0;1;1;1;A01
201300027248;1;7;0;0;1;2;0;A01
201300027249;0;7;0;0;2;0;15;A01
201300027249;0;1;0;0;2;0;1;B01
201300027250;0;2;0;0;2;1;0;A01
201300027250;0;7;0;0;2;1;15;B01
201300027251;0;20;0;0;0;0;1;A01
201300027252;0;7;0;0;1;3;0;A01
201300027253;0;7;0;0;2;5;4;A01
201300027253;0;30;0;0;2;1;0;B01
201300027254;0;7;0;0;1;2;1;A01
201300027255;0;7;0;0;2;4;1;B01
201300027255;1;7;0;0;0;1;2;Z01
201300027256;1;7;0;0;2;4;9;A01
201300027256;0;30;0;0;2;1;1;B01
201300027257;2;7;0;0;2;1;1;A01
201300027257;0;7;0;0;2;8;1;B01
201300027258;0;7;0;0;2;1;15;A01
201300027258;0;30;0;0;2;8;1;B01
201300027259;0;31;0;0;2;1;1;A01
201300027259;1;10;0;0;0;4;2;B01
201300027260;0;7;0;0;1;1;1;A01
201300027261;0;7;0;0;2;1;15;A01
201300027261;0;31;0;0;2;1;1;B01
201300027262;0;1;0;8;0;8;1;A01
201300027263;0;7;0;0;1;2;1;A01
201300027264;0;40;0;0;1;8;19;A01
201300027265;1;7;0;0;1;0;0;Z01
201300027266;0;32;0;0;2;1;1;B01
201300027266;0;7;0;0;2;8;10;A01
201300027267;0;1;0;0;2;4;23;B01
201300027267;1;7;0;14;0;1;1;Z01
201300027268;0;7;0;0;1;1;1;A01
201300027269;0;1;0;0;9;5;2;A01
201300027269;0;30;0;0;9;3;2;B01
201300027270;0;7;0;0;2;2;15;B01
201300027270;0;30;0;0;2;1;1;A01
201300027271;0;7;0;0;1;1;1;A01
201300027272;0;7;0;0;1;2;1;A01
201300027273;0;37;1;0;1;7;1;A01
201300027274;1;15;0;0;2;2;0;Z01
201300027274;0;7;0;0;2;3;1;A01
201300027275;0;7;0;0;2;1;1;A01
201300027275;0;7;0;0;2;0;1;B01
201300027276;0;7;0;0;1;1;1;A01
201300027277;0;7;0;0;1;0;1;A01
201300027278;0;7;0;0;0;0;13;A01
201300027278;0;2;0;0;0;0;1;B01
201300027279;0;1;0;0;2;0;2;B01
201300027279;1;10;0;0;2;0;2;A01
201300027280;0;7;0;0;1;2;1;A01
201300027281;0;40;0;0;2;1;0;B01
201300027281;0;7;0;0;4;8;15;A01
201300027282;1;7;0;0;2;2;0;Z01
201300027282;0;1;0;0;2;4;0;B01
201300027283;0;7;0;0;2;1;2;A01
201300027283;0;7;0;0;2;4;2;B01
201300027284;0;7;0;0;0;0;0;Z01
201300027284;0;7;0;0;0;8;0;B01
201300027285;1;7;0;0;1;1;1;Z01
201300027286;0;7;0;0;1;3;1;A01
201300027287;0;7;0;0;2;4;1;A01
201300027288;0;7;0;0;1;2;15;A01
201300027289;0;7;0;0;2;8;10;A01
201300027289;0;33;0;0;2;2;1;B01
201300027290;0;7;0;0;1;1;1;A01
201300027291;0;7;0;0;1;1;1;A01
201300027292;0;1;0;0;2;1;1;A01
201300027292;0;7;0;0;2;2;1;B01
201300027293;0;7;0;0;1;1;17;A01
201300027294;0;7;0;0;2;1;1;A01
201300027294;0;7;0;0;2;4;1;B01
201300027295;0;7;0;0;1;1;1;A01
201300027296;0;7;0;0;2;4;23;B01
201300027296;0;7;0;0;2;1;1;A01
201300027297;0;7;0;0;2;4;1;B01
201300027297;0;7;0;0;2;1;1;A01
201300027298;0;7;0;0;1;4;20;A01
201300027299;0;7;0;0;2;2;15;A01
201300027299;0;2;0;0;2;1;1;B01
201300027300;0;7;0;0;2;1;1;B01
201300027300;0;1;0;0;2;1;1;A01
201300027301;0;7;0;0;2;3;9;A01
201300027301;0;2;0;0;2;1;1;B01
201300027302;0;7;0;0;2;1;9;A01
201300027302;0;7;0;0;2;1;1;B01
201300027303;0;2;0;0;2;1;1;A01
201300027303;0;7;0;0;2;1;1;B01
201300027304;0;7;0;0;1;6;20;A01
201300027305;0;7;0;8;0;1;14;A01
201300027306;0;7;0;0;1;1;1;A01
201300027307;0;2;0;8;9;1;14;A01
201300027308;0;33;0;0;2;1;17;A01
201300027308;0;7;0;0;2;3;15;B01
201300027309;0;17;0;0;2;4;1;B01
201300027309;0;10;0;0;2;1;1;A01
201300027310;0;10;0;0;2;3;13;A01
201300027310;0;37;2;0;2;2;1;B01
201300027311;0;31;0;0;2;1;1;B01
201300027311;0;7;0;0;2;3;9;A01
201300027312;0;7;0;0;2;1;1;A01
201300027312;0;17;0;0;2;3;1;B01
201300027313;0;7;0;0;1;1;1;A01
201300027314;0;7;0;0;1;1;9;A01
201300027315;0;33;0;0;2;1;1;B01
201300027315;0;7;0;0;2;8;9;A01
201300027316;0;7;0;0;1;1;1;A01
201300027317;0;7;0;0;1;2;1;A01
201300027318;0;7;0;0;2;4;1;B01
201300027318;0;7;0;0;2;1;1;A01
201300027319;0;10;0;0;2;4;1;B01
201300027319;0;7;0;0;2;1;1;A01
201300027320;0;2;0;0;2;1;1;B01
201300027320;0;7;0;0;2;7;9;A01
201300027321;0;7;0;0;1;1;1;A01
201300027322;0;10;0;0;1;5;1;A01
201300027323;0;7;0;0;2;4;1;B01
201300027323;0;10;0;0;2;1;1;A01
201300027324;0;7;0;0;1;1;1;A01
201300027325;0;7;0;0;2;3;9;A01
201300027325;0;2;0;0;2;1;1;B01
201300027326;0;7;0;0;2;8;0;B01
201300027326;0;1;0;0;2;1;0;A01
201300027327;0;7;0;0;2;2;1;A01
201300027328;0;7;0;0;2;1;1;B01
201300027328;0;7;0;0;2;1;1;A01
201300027329;0;7;0;0;2;4;1;B01
201300027329;0;2;0;0;2;1;1;A01
201300027330;0;2;0;0;2;4;15;B01
201300027330;0;7;0;0;2;3;1;A01
201300027331;0;1;0;0;2;1;1;B01
201300027331;0;7;0;0;2;1;9;A01
201300027332;0;38;1;0;2;2;16;A01
201300027332;0;1;0;0;2;1;19;B01
201300027333;0;7;0;0;1;1;15;A01
201300027334;0;37;2;0;2;4;1;A01
201300027334;0;7;0;0;2;1;1;B01
201300027335;0;7;0;15;0;9;0;A01
201300027336;0;7;0;0;2;3;1;B01
201300027336;0;7;0;0;2;1;9;A01
201300027337;0;7;0;6;0;1;14;A01
201300027338;0;7;0;0;9;1;1;B01
201300027338;0;1;0;0;2;7;19;A01
201300027339;0;33;0;0;2;4;23;B01
201300027339;0;7;0;0;2;1;2;A01
201300027340;0;7;0;0;1;1;16;A01
201300027341;0;7;0;0;2;8;0;A01
201300027341;0;37;2;0;2;1;1;B01
201300027342;0;7;0;0;9;1;2;A01
201300027342;0;1;0;0;2;6;2;B01
201300027343;0;2;0;14;0;1;1;A01
201300027344;0;7;0;0;2;1;2;A01
201300027344;0;7;0;0;2;4;2;B01
201300027345;0;7;0;0;1;1;15;A01
201300027346;0;7;0;0;2;3;13;A01
201300027346;0;14;0;0;2;6;1;B01
201300027347;0;31;0;0;2;2;1;B01
201300027347;0;3;0;0;2;1;15;A01
201300027348;0;7;0;0;1;4;23;B01
201300027348;0;7;0;0;2;1;1;A01
201300027349;0;2;0;0;2;1;1;B01
201300027349;0;7;0;0;2;6;15;A01
201300027350;0;7;0;0;1;1;1;A01
201300027351;0;7;0;0;2;1;1;B01
201300027351;0;7;0;0;2;3;9;A01
201300027352;0;2;0;0;1;1;17;A01
201300027353;0;7;0;0;1;1;1;A01
201300027354;0;2;0;0;2;1;1;B01
201300027354;0;7;0;0;2;3;9;A01
201300027355;0;7;0;9;0;1;13;A01
201300027356;0;7;0;0;2;1;1;A01
201300027356;0;7;0;8;2;4;15;B01
201300027357;0;7;0;0;2;1;1;A01
201300027357;0;33;0;0;2;4;1;B01
201300027358;0;7;0;0;1;2;1;A01
201300027359;0;2;0;1;0;1;14;A01
201300027360;0;38;21;0;1;1;1;A01
201300027361;0;7;0;8;0;1;1;A01
201300027362;0;16;0;0;2;3;1;A01
201300027362;0;31;0;0;2;1;17;B01
201300027363;0;2;0;0;2;1;12;B01
201300027363;0;7;0;0;2;6;1;A01
201300027364;0;7;0;0;2;6;1;B01
201300027364;0;7;0;0;2;1;1;A01
201300027365;0;7;0;0;2;6;1;B01
201300027365;0;7;0;0;2;1;1;A01
201300027366;0;7;0;0;2;1;1;A01
201300027366;0;7;0;0;2;1;15;B01
201300027367;0;7;0;0;2;3;15;B01
201300027367;0;7;0;0;2;1;1;A01
201300027368;0;2;0;1;0;1;14;A01
201300027369;0;7;0;0;2;3;1;B01
201300027369;0;7;0;0;2;2;9;A01
201300027370;0;1;0;0;2;4;1;B01
201300027370;0;7;0;0;2;1;1;A01
201300027371;0;37;1;0;2;1;1;A01
201300027371;0;7;0;0;2;4;1;B01
201300027372;0;7;0;0;2;4;23;B01
201300027372;0;7;0;1;0;1;1;A01
201300027373;0;7;0;6;0;1;13;A01
201300027374;0;7;0;0;1;1;1;A01
201300027375;0;7;0;0;2;1;1;A01
201300027375;0;2;0;0;2;1;1;B01
201300027376;0;7;0;0;2;4;1;B01
201300027376;0;7;0;0;2;1;1;A01
201300027376;0;7;0;0;2;4;1;C01
201300027377;0;7;0;0;2;4;1;B01
201300027377;0;7;0;0;2;1;1;A01
201300027377;0;7;0;0;2;1;1;C01
201300027378;0;10;0;0;2;5;15;A01
201300027378;0;33;0;0;2;1;18;B01
201300027379;0;10;0;0;2;4;1;C01
201300027379;0;7;0;0;2;4;1;B01
201300027379;0;7;0;0;2;1;1;A01
201300027380;0;30;0;0;2;1;1;B01
201300027380;0;7;0;0;2;1;9;A01
201300027381;0;7;0;0;2;3;9;A01
201300027381;0;2;0;0;2;7;1;B01
201300027382;0;2;0;0;2;1;1;A01
201300027382;0;7;0;0;2;4;15;B01
201300027383;0;1;0;0;2;1;9;B01
201300027383;0;7;0;0;2;2;16;A01
201300027384;0;7;0;0;2;1;1;A01
201300027384;0;7;0;0;2;8;1;B01
201300027385;0;7;0;0;1;1;1;A01
201300027386;0;7;0;0;2;1;1;A01
201300027386;0;7;0;0;2;4;1;B01
201300027387;0;10;0;0;2;4;1;C01
201300027387;0;7;0;0;2;3;0;A01
201300027387;0;10;0;0;2;4;1;B01
201300027388;0;7;0;0;2;4;1;B01
201300027388;0;7;0;0;2;1;1;A01
201300027389;0;7;0;0;1;1;1;A01
201300027390;0;7;0;0;2;1;1;B01
201300027390;0;7;0;0;2;2;1;A01
201300027391;0;7;0;13;0;3;1;A01
201300027392;0;7;0;0;2;8;1;A01
201300027392;0;31;0;0;2;1;1;B01
201300027393;0;31;0;0;2;1;1;A01
201300027393;0;7;0;0;2;7;15;B01
201300027394;0;7;0;0;2;3;1;A01
201300027394;0;37;1;0;2;2;15;B01
201300027395;0;7;0;6;0;9;1;A01
201300027396;0;15;0;0;2;5;17;A01
201300027396;0;30;0;0;2;3;1;B01
201300027397;0;7;0;0;2;1;1;A01
201300027397;0;10;0;0;2;3;15;B01
201300027398;0;30;0;15;0;1;1;A01
201300027399;0;30;0;0;2;1;2;B01
201300027399;0;7;0;0;0;5;15;A01
201300027400;0;3;0;10;0;1;1;A01
201300027401;0;7;0;0;2;1;1;B01
201300027401;0;7;0;0;0;4;1;A01
201300027402;0;7;0;0;1;8;1;A01
201300027403;0;7;0;0;2;6;1;C01
201300027403;0;7;0;0;2;4;23;B01
201300027403;1;7;0;0;2;1;1;A01
201300027404;0;7;0;0;1;3;9;A01
201300027405;0;7;0;0;2;1;1;A01
201300027405;0;7;0;0;0;4;15;B01
201300027406;0;13;0;6;0;1;1;A01
201300027407;0;7;0;0;2;3;9;A01
201300027407;0;2;0;0;2;7;1;B01
201300027408;0;30;0;0;2;2;2;A01
201300027408;0;7;0;0;0;6;1;B01
201300027409;1;7;0;0;1;1;1;Z01
201300027410;0;1;0;0;2;1;1;B01
201300027410;0;7;0;0;2;2;1;A01
201300027411;0;7;0;0;1;2;1;A01
201300027412;0;33;0;0;2;3;17;A01
201300027412;0;7;0;0;2;3;1;B01
201300027413;0;1;0;0;2;3;15;B01
201300027413;0;7;0;0;2;2;17;A01
201300027414;0;7;0;0;1;1;16;A01
201300027415;0;7;0;0;2;6;15;A01
201300027415;0;2;0;0;2;1;15;B01
201300027416;0;7;0;12;0;8;2;A01
201300027416;0;33;0;12;2;8;2;B01
201300027417;0;33;0;0;2;1;1;B01
201300027417;0;7;0;0;2;7;15;A01
201300027418;0;32;0;12;0;1;1;A01
201300027419;0;7;0;0;0;8;15;B01
201300027419;0;7;0;0;2;3;1;A01
201300027420;0;7;0;13;2;7;21;A01
201300027420;0;3;0;0;0;8;1;B01
201300027421;0;30;0;12;0;2;14;A01
201300027422;0;7;0;0;0;4;23;B01
201300027422;0;7;0;0;2;1;1;A01
201300027423;0;17;0;3;2;3;1;B01
201300027423;0;7;0;0;2;5;12;A01
201300027424;0;7;0;4;0;3;1;A01
201300027425;0;7;0;0;1;3;15;A01
201300027426;0;7;0;0;2;2;9;A01
201300027426;0;33;0;0;2;1;1;B01
201300027427;0;7;0;0;2;1;21;A01
201300027427;0;7;0;0;2;2;1;B01
201300027428;0;2;0;8;0;1;1;A01
201300027429;0;30;0;0;1;1;1;A01
201300027430;0;7;0;0;2;2;15;B01
201300027430;0;7;0;0;2;3;1;A01
201300027431;0;14;0;0;2;8;1;B01
201300027431;0;7;0;0;2;1;9;A01
201300027432;0;7;0;0;2;2;1;B01
201300027432;0;7;0;0;2;3;1;A01
201300027433;0;7;0;0;2;2;1;B01
201300027433;0;7;0;0;2;3;15;A01
201300027434;0;7;0;0;1;2;1;A01
201300027435;0;7;0;8;0;3;1;A01
201300027436;0;7;0;12;0;2;1;A01
201300027437;0;7;0;0;2;2;1;A01
201300027437;0;7;0;0;2;1;1;B01
201300027438;0;1;0;0;2;1;2;B01
201300027438;0;7;0;0;0;4;1;A01
201300027439;0;30;0;0;2;1;1;B01
201300027439;0;7;0;0;2;1;5;A01
201300027440;0;7;0;0;0;6;23;B01
201300027440;0;30;0;0;2;3;2;A01
201300027441;0;7;0;0;0;4;1;B01
201300027441;0;7;0;0;2;1;2;A01
201300027442;0;7;0;0;2;3;13;A01
201300027442;0;7;0;0;2;3;13;B01
201300027443;0;7;0;0;1;2;1;A01
201300027444;0;7;0;0;0;3;15;B01
201300027444;0;2;0;0;2;1;17;A01
201300027445;0;7;0;0;0;4;0;C01
201300027445;0;7;0;0;2;0;0;B01
201300027445;0;7;0;0;2;1;2;A01
201300027446;0;7;0;0;1;2;1;A01
201300027447;0;7;0;0;2;3;13;B01
201300027447;0;7;0;0;2;3;13;A01
201300027448;0;30;0;0;2;1;2;A01
201300027448;0;7;0;0;0;4;23;B01
201300027449;0;7;0;0;0;6;23;B01
201300027449;0;7;0;0;2;2;1;A01
201300027449;0;7;0;0;0;3;23;C01
201300027450;0;7;0;0;9;0;0;A01
201300027450;0;1;0;0;2;1;0;B01
201300027451;0;3;0;0;1;7;16;A01
201300027452;0;7;0;0;2;5;15;B01
201300027452;0;7;0;0;2;1;1;A01
201300027452;0;7;0;0;2;9;1;C01
201300027453;0;7;0;6;0;1;15;A01
201300027454;0;30;0;0;2;1;1;B01
201300027454;0;7;0;0;2;6;15;A01
201300027455;0;7;0;0;0;8;23;C01
201300027455;0;30;0;0;2;3;1;A01
201300027455;0;7;0;0;2;2;15;B01
201300027456;0;34;0;0;2;1;2;A01
201300027456;0;7;0;0;0;4;0;B01
201300027457;0;7;0;0;2;1;21;A01
201300027457;0;7;0;0;0;6;23;C01
201300027457;0;7;0;0;2;1;1;B01
201300027458;0;7;0;8;0;1;1;A01
201300027459;0;7;0;6;0;5;1;A01
201300027460;0;2;0;0;2;1;1;A01
201300027460;0;7;0;0;2;2;15;B01
201300027461;0;7;0;0;1;1;1;A01
201300027462;0;7;0;0;1;7;1;A01
201300027463;0;7;0;0;2;7;15;A01
201300027463;0;1;0;0;2;1;1;B01
201300027464;0;7;0;0;1;3;1;A01
201300027465;0;7;0;6;0;1;1;A01
201300027466;1;7;0;0;1;0;0;A01
201300027467;0;10;0;0;2;8;1;A01
201300027467;0;7;0;0;2;1;1;B01
201300027468;0;7;0;0;1;1;1;A01
201300027469;0;7;0;0;2;3;16;A01
201300027469;0;2;0;0;2;8;15;B01
201300027470;0;7;0;0;2;2;1;A01
201300027470;0;10;0;0;2;1;1;B01
201300027471;0;7;0;0;2;3;1;A01
201300027471;0;7;0;0;0;6;1;B01
201300027471;0;14;0;3;2;3;1;C01
201300027472;0;7;0;0;2;3;13;A01
201300027472;0;31;0;0;2;1;1;B01
201300027473;0;7;0;0;2;1;1;B01
201300027473;0;7;0;0;2;2;15;A01
201300027474;0;7;0;0;2;3;1;B01
201300027474;0;10;0;0;2;3;13;A01
201300027475;0;7;0;1;1;1;1;A01
201300027476;0;7;0;6;2;2;15;A01
201300027476;0;7;0;6;2;1;1;B01
201300027477;0;10;0;0;2;2;15;A01
201300027477;0;33;0;0;2;1;1;B01
201300027478;0;7;0;0;1;1;16;A01
201300027479;0;7;0;0;1;2;9;A01
201300027480;0;7;0;0;1;1;1;A01
201300027481;0;7;0;2;0;3;14;A01
201300027482;0;7;0;0;2;1;15;A01
201300027482;0;33;0;0;2;3;1;B01
201300027483;0;7;0;0;2;1;1;B01
201300027483;0;7;0;0;2;3;9;A01
201300027484;0;7;0;0;1;1;1;A01
201300027485;0;7;0;0;2;2;15;A01
201300027485;0;2;0;0;2;1;1;B01
201300027486;0;10;0;0;2;1;1;A01
201300027486;0;7;0;0;2;3;9;B01
201300027487;0;7;0;0;1;1;1;A01
201300027488;0;1;0;0;0;6;15;A01
201300027488;0;7;0;0;2;1;1;B01
201300027489;0;7;0;0;2;2;1;A01
201300027489;0;1;0;0;2;1;1;B01
201300027490;0;7;0;0;2;3;15;B01
201300027490;1;33;0;0;2;1;1;A01
201300027491;0;7;0;6;0;1;1;A01
201300027492;0;1;0;0;2;8;13;A01
201300027492;0;7;0;0;2;7;1;B01
201300027493;0;37;15;0;1;1;1;B01
201300027494;0;7;0;8;0;1;14;A01
201300027495;0;7;0;0;1;1;16;A01
201300027496;0;33;0;1;0;1;14;A01
201300027497;0;2;0;0;0;7;1;A01
201300027498;0;33;0;0;2;1;5;A01
201300027498;0;37;6;0;2;1;1;B01
201300027499;0;7;0;0;2;8;1;B01
201300027499;0;7;0;0;2;3;13;A01
201300027500;0;30;0;0;2;1;2;A01
201300027500;0;14;0;0;0;4;1;B01
201300027501;1;7;0;0;0;0;0;Z01
201300027501;0;32;0;0;2;1;1;A01
201300027502;0;7;0;0;2;9;17;A01
201300027502;0;37;5;0;2;1;1;C01
201300027502;0;7;0;0;0;4;23;B01
201300027503;0;1;0;0;5;1;21;A01
201300027504;0;10;0;0;2;1;1;A01
201300027504;0;7;0;0;2;8;1;B01
201300027505;0;33;0;0;2;1;21;A01
201300027505;0;7;0;0;2;8;15;B01
201300027506;0;7;0;0;1;7;1;A01
201300027507;0;7;0;0;0;7;1;B01
201300027507;0;32;0;0;2;1;1;A01
201300027508;0;7;0;0;1;1;1;A01
201300027509;0;1;0;0;2;8;19;D01
201300027509;0;7;0;0;2;1;2;A01
201300027509;0;7;0;0;2;4;23;B01
201300027509;0;7;0;0;2;4;23;C01
201300027510;0;7;0;0;0;6;1;B01
201300027510;0;7;0;0;2;3;16;A01
201300027511;0;7;0;8;0;1;17;A01