num_acc;senc;catv;occutc;obs;obsm;choc;manv;num_veh
201300027512;0;7;0;0;2;3;16;A01
201300027512;0;7;0;0;0;8;23;B01
201300027513;0;3;0;0;0;9;1;A01
201300027514;0;7;0;15;0;1;16;A01
201300027515;0;7;0;0;1;1;1;A01
201300027516;0;10;0;0;2;1;1;B01
201300027516;0;7;0;0;2;3;10;A01
201300027517;0;7;0;8;0;3;1;A01
201300027518;0;7;0;0;1;1;1;A01
201300027519;0;2;0;0;2;1;1;B01
201300027519;0;7;0;0;2;1;15;A01
201300027520;0;7;0;0;1;1;1;A01
201300027521;0;7;0;0;0;4;23;A01
201300027521;0;7;0;0;2;1;2;B01
201300027522;0;7;0;0;1;4;4;A01
201300027523;0;7;0;8;2;1;17;A01
201300027523;0;10;0;0;0;8;15;B01
201300027524;0;7;0;0;2;6;15;A01
201300027524;0;33;0;0;2;3;1;B01
201300027525;0;10;0;0;2;7;1;A01
201300027525;0;1;0;0;2;8;19;B01
201300027526;0;7;0;0;2;9;1;B01
201300027526;0;7;0;0;2;1;9;A01
201300027527;0;33;0;0;0;4;23;B01
201300027527;0;7;0;0;2;3;1;A01
201300027528;0;7;0;0;1;1;1;A01
201300027529;0;7;0;0;0;4;1;B01
201300027529;0;33;0;9;2;1;21;A01
201300027530;0;7;0;0;2;2;15;B01
201300027530;0;33;0;0;2;1;1;A01
201300027531;0;1;0;0;1;1;1;A01
201300027532;0;33;0;0;2;1;1;B01
201300027532;0;7;0;0;2;3;10;A01
201300027533;0;7;0;0;2;2;15;A01
201300027533;0;33;0;0;2;1;1;B01
201300027534;0;7;0;0;1;1;1;A01
201300027535;0;7;0;0;2;3;13;A01
201300027535;0;33;0;0;2;7;1;B01
201300027536;0;7;0;0;2;3;15;B01
201300027536;0;13;0;6;2;2;1;A01
201300027537;0;7;0;0;2;2;1;B01
201300027537;0;2;0;0;2;1;1;A01
201300027538;0;7;0;0;0;4;23;C01
201300027538;0;7;0;0;2;1;2;A01
201300027538;0;20;0;0;2;2;21;B01
201300027539;0;7;0;0;2;1;1;B01
201300027539;0;2;0;0;2;1;15;A01
201300027540;0;7;0;0;0;4;23;B01
201300027540;0;33;0;0;2;1;2;A01
201300027541;0;33;0;0;2;1;1;A01
201300027541;0;7;0;0;0;4;12;B01
201300027542;0;7;0;0;1;1;1;A01
201300027543;0;1;0;0;2;8;9;A01
201300027543;0;37;15;0;2;2;1;B01
201300027544;0;38;15;0;1;3;15;A01
201300027545;0;7;0;0;1;2;1;A01
201300027546;0;7;0;0;0;1;1;D01
201300027546;0;7;0;0;2;1;2;A01
201300027546;0;7;0;0;2;4;2;C01
201300027546;0;7;0;0;2;4;2;B01
201300027547;0;1;0;0;2;1;1;B01
201300027547;0;7;0;0;2;2;16;A01
201300027548;0;31;0;0;2;1;1;A01
201300027548;0;7;0;0;2;3;15;B01
201300027549;0;10;0;0;1;4;4;A01
201300027550;0;10;0;0;2;3;1;A01
201300027550;0;33;0;0;2;1;1;B01
201300027551;0;7;0;0;2;3;13;A01
201300027551;0;13;0;0;2;1;1;B01
201300027552;0;7;0;0;0;4;23;B01
201300027552;0;33;0;0;2;1;2;A01
201300027552;0;7;0;0;2;1;1;C01
201300027553;0;13;0;0;1;4;4;A01
201300027554;0;7;0;0;2;3;15;B01
201300027554;0;2;0;0;2;1;1;A01
201300027555;0;2;0;0;2;1;1;A01
201300027555;0;10;0;0;0;4;1;B01
201300027556;0;10;0;0;0;4;1;B01
201300027556;0;2;0;0;2;1;2;A01
201300027557;0;7;0;0;2;4;2;B01
201300027557;0;7;0;0;2;1;2;A01
201300027558;0;15;0;0;2;2;1;A01
201300027558;0;7;0;0;0;6;1;B01
201300027559;0;7;0;0;1;1;1;A01
201300027560;1;7;0;0;2;6;0;A01
201300027560;0;1;0;0;2;7;0;B01
201300027561;0;32;0;1;0;7;17;A01
201300027562;0;33;0;0;2;1;1;B01
201300027562;0;7;0;0;2;3;9;A01
201300027563;0;33;0;0;2;1;2;A01
201300027563;0;7;0;0;0;6;2;B01
201300027564;0;7;0;0;1;7;1;A01
201300027565;0;33;0;15;0;2;2;A01
201300027566;0;7;0;0;1;2;1;A01
201300027567;0;7;0;0;1;3;1;A01
201300027568;0;7;0;0;1;0;0;A01
201300027569;0;2;0;0;0;1;1;A01
201300027570;0;7;0;0;1;0;1;A01
201300027571;0;2;0;16;0;0;1;A01
201300027572;0;7;0;6;0;3;13;A01
201300027573;0;7;0;0;1;2;1;A01
201300027574;0;7;0;0;1;1;1;A01
201300027575;0;33;0;0;2;1;17;A01
201300027575;0;7;0;0;2;6;10;B01
201300027576;0;1;0;0;2;1;1;A01
201300027576;0;7;0;0;2;1;1;B01
201300027577;0;7;0;0;1;1;1;A01
201300027578;0;7;0;0;1;2;1;A01
201300027579;0;7;0;0;1;1;1;A01
201300027580;0;7;0;0;2;3;1;B02
201300027580;0;7;0;0;2;1;13;A01
201300027581;0;17;0;0;0;0;23;C03
201300027581;0;1;0;0;2;1;14;B02
201300027581;0;10;0;0;2;7;1;A01
201300027582;0;7;0;0;2;2;1;B01
201300027582;0;1;0;0;2;1;15;A01
201300027583;0;2;0;0;2;1;3;B01
201300027583;0;7;0;0;2;2;15;A01
201300027584;0;1;0;0;2;1;1;A01
201300027584;0;7;0;0;2;7;1;B01
201300027585;0;7;0;0;2;1;23;B01
201300027585;0;7;0;0;2;1;5;A01
201300027586;0;7;0;0;1;2;1;A01
201300027587;0;33;0;0;2;1;1;B01
201300027587;0;7;0;0;2;2;10;A01
201300027588;0;7;0;0;2;2;1;B01
201300027588;0;1;0;0;2;8;1;A01
201300027589;0;7;0;0;9;2;1;B01
201300027589;0;1;0;0;2;1;1;A01
201300027590;0;7;0;0;2;1;1;B01
201300027590;0;7;0;0;2;8;15;A01
201300027591;0;1;0;0;2;8;1;B01
201300027591;0;7;0;0;2;7;1;A01
201300027592;0;7;0;0;1;1;1;A01
201300027593;0;7;0;0;2;3;10;A01
201300027593;0;30;0;0;2;1;1;B01
201300027594;0;7;0;13;0;2;1;A01
201300027595;0;1;0;0;2;1;1;A01
201300027595;0;10;0;0;2;5;23;B01
201300027596;0;7;0;0;0;0;1;B01
201300027596;0;33;0;0;0;7;1;A01
201300027597;0;33;0;0;2;1;1;B01
201300027597;0;7;0;0;2;7;15;A01
201300027598;0;7;0;0;2;1;1;B01
201300027598;0;30;0;0;2;1;15;A01
201300027599;0;7;0;0;1;1;1;A01
201300027600;0;7;0;0;1;1;1;A01
201300027601;0;7;0;0;2;3;15;B01
201300027601;0;2;0;0;2;1;1;A01
201300027602;0;7;0;0;2;1;15;A01
201300027602;0;1;0;0;2;1;1;B01
201300027603;0;7;0;0;2;3;13;A01
201300027603;0;38;1;0;2;3;21;B01
201300027604;0;7;0;0;0;1;2;A01
201300027604;0;17;0;0;0;3;4;B01
201300027605;0;7;0;0;2;2;15;A01
201300027605;0;2;0;0;2;1;1;B01
201300027606;0;7;0;0;1;2;16;A01
201300027607;0;17;0;0;2;1;0;B01
201300027607;0;7;0;13;2;5;13;A01
201300027608;0;30;0;0;2;1;1;B01
201300027608;0;7;0;0;2;7;15;A01
201300027609;0;7;0;8;0;1;1;A01
201300027610;0;10;0;0;1;1;1;A01
201300027611;0;7;0;1;1;5;4;A01
201300027612;0;7;0;0;2;1;21;B01
201300027612;0;7;0;0;2;2;13;A01
201300027613;0;7;0;13;0;1;1;A01
201300027614;0;17;0;0;2;3;1;A01
201300027614;0;7;0;0;2;1;13;B01
201300027615;0;7;0;0;1;1;1;A01
201300027616;0;2;0;11;0;1;17;A01
201300027617;0;38;7;0;9;7;16;A01
201300027617;0;1;0;0;2;0;18;B01
201300027618;0;33;0;0;2;1;1;B01
201300027618;0;7;0;0;2;2;15;A01
201300027619;0;2;0;0;2;1;1;B01
201300027619;0;10;0;0;2;7;15;A01
201300027620;1;7;0;0;1;3;1;A01
201300027621;0;7;0;0;1;3;1;A01
201300027622;0;7;0;13;5;8;1;A01
201300027623;0;7;0;11;2;3;6;A01
201300027623;0;7;0;0;2;3;1;B01
201300027624;0;10;0;0;0;4;1;A01
201300027624;0;1;0;0;2;1;1;B01
201300027625;0;7;0;0;1;2;1;A01
201300027626;0;7;0;0;2;3;15;A01
201300027626;0;2;0;0;2;1;1;B01
201300027627;0;7;0;0;2;7;1;A01
201300027627;0;7;0;0;2;1;1;B01
201300027628;0;7;0;0;2;1;1;A01
201300027628;0;1;0;0;2;8;1;B01
201300027629;0;7;0;0;2;8;16;A01
201300027629;0;7;0;0;2;1;1;B01
201300027630;0;7;0;0;2;0;11;A01
201300027630;0;31;0;0;2;3;1;B01
201300027631;0;7;0;0;4;6;20;A01
201300027631;0;40;0;0;2;1;1;B01
201300027632;1;7;0;0;1;1;1;A01
201300027633;0;7;0;0;2;3;1;A01
201300027633;0;1;0;0;2;4;1;B01
201300027634;0;7;0;0;2;1;15;A01
201300027634;0;1;0;0;2;8;1;B01
201300027635;0;7;0;0;2;2;1;A01
201300027635;0;7;0;0;2;3;1;B01
201300027636;0;7;0;0;0;0;1;A01
201300027637;0;2;0;0;0;1;1;A01
201300027638;0;7;0;0;1;1;1;A01
201300027639;0;7;0;6;0;1;1;A01
201300027640;0;7;0;0;2;1;1;A01
201300027640;0;7;0;0;2;4;1;B01
201300027641;0;7;0;0;2;0;15;A01
201300027641;0;2;0;0;2;1;1;B01
201300027642;0;7;0;0;1;2;1;A01
201300027643;0;7;0;0;2;0;0;A01
201300027643;0;7;0;0;2;0;1;B01
201300027643;0;7;0;0;2;0;1;C01
201300027644;0;7;0;0;2;8;15;A01
201300027644;0;7;0;0;2;1;1;B01
201300027645;0;7;0;0;2;1;1;A01
201300027645;0;7;0;0;2;3;1;B01
201300027645;0;7;0;0;2;1;1;C01
201300027646;0;2;0;0;2;0;1;A01
201300027646;0;37;1;0;2;4;1;B01
201300027647;0;7;0;0;2;1;1;A01
201300027647;0;7;0;0;2;4;1;B01
201300027648;0;7;0;0;2;1;15;A01
201300027648;0;2;0;0;2;1;1;B01
201300027649;0;7;0;0;2;1;1;A01
201300027649;0;7;0;0;2;4;1;B01
201300027650;0;2;0;0;2;1;15;A01
201300027650;0;1;0;0;2;8;1;B01
201300027651;0;7;0;0;2;0;22;A01
201300027651;0;1;0;1;0;1;1;B01
201300027652;0;7;0;0;2;1;15;A01
201300027652;0;2;0;0;2;1;1;B01
201300027653;0;7;0;0;2;7;1;A01
201300027653;0;37;2;0;2;1;1;B01
201300027654;0;7;0;0;1;1;1;A01
201300027655;0;7;0;0;1;1;1;A01
201300027656;0;7;0;0;1;1;1;A01
201300027657;0;7;0;0;1;1;1;A01
201300027658;0;7;0;0;2;1;15;A01
201300027658;0;2;0;0;2;1;1;B01
201300027659;0;37;1;0;2;1;15;A01
201300027659;0;7;0;0;2;1;1;B01
201300027660;0;2;0;12;0;1;1;A01
201300027661;0;7;0;10;1;1;1;A01
201300027662;0;37;1;0;2;1;1;A01
201300027662;0;1;0;0;2;4;1;B01
201300027663;0;2;0;0;0;0;1;A01
201300027664;0;7;0;0;2;1;1;A01
201300027664;0;7;0;0;2;1;1;B01
201300027665;0;7;0;0;2;1;1;A01
201300027665;0;7;0;0;2;4;1;B01
201300027666;0;7;0;0;1;1;1;A01
201300027667;0;33;0;3;2;0;1;A01
201300027667;0;7;0;0;2;4;1;B01
201300027668;0;1;0;0;1;1;1;A01
201300027669;0;7;0;0;2;1;1;A01
201300027669;0;7;0;0;2;1;1;B01
201300027670;0;7;0;0;1;1;15;A01
201300027671;0;7;0;0;2;1;1;A01
201300027671;0;7;0;0;2;4;1;B01
201300027672;0;7;0;0;2;1;1;A01
201300027672;0;7;0;0;2;4;1;B01
201300027673;0;7;0;0;2;4;4;A01
201300027673;0;1;0;0;2;0;1;B01
201300027674;0;13;0;0;2;1;1;A01
201300027674;0;7;0;0;2;4;1;B01
201300027675;0;7;0;0;2;7;10;A01
201300027675;0;33;0;0;2;1;1;B01
201300027676;0;2;0;0;2;1;1;A01
201300027676;0;7;0;0;2;4;1;B01
201300027677;0;3;0;0;2;1;15;A01
201300027677;0;2;0;0;2;0;1;B01
201300027678;0;7;0;2;0;1;0;A01
201300027679;0;2;0;0;2;8;13;A01
201300027679;0;7;0;0;2;7;17;B01
201300027680;0;7;0;0;2;1;15;A01
201300027680;0;2;0;0;2;8;1;B01
201300027681;0;7;0;0;1;0;1;A01
201300027682;0;7;0;8;0;1;1;A01
201300027683;0;7;0;0;2;0;20;A01
201300027683;0;7;0;0;2;1;1;B01
201300027684;0;7;0;4;0;0;11;A01
201300027685;0;7;0;0;2;1;1;A01
201300027685;0;2;0;0;2;0;1;B01
201300027686;0;7;0;0;2;2;16;A01
201300027686;0;2;0;0;2;1;1;B01
201300027687;0;7;0;0;2;1;1;A01
201300027687;0;7;0;0;2;4;1;B01
201300027687;0;7;0;0;2;4;1;C01
201300027688;0;7;0;0;2;0;1;A01
201300027688;0;7;0;0;2;0;1;B01
201300027688;0;7;0;0;2;0;1;C01
201300027689;0;7;0;0;2;1;1;A01
201300027689;0;7;0;0;2;4;1;B01
201300027689;0;7;0;0;2;4;1;C01
201300027690;0;7;0;0;2;3;15;A01
201300027690;0;7;0;0;2;8;1;B01
201300027691;0;2;0;0;2;1;1;A01
201300027691;0;7;0;0;2;4;1;B01
201300027692;0;7;0;0;2;2;16;A01
201300027692;0;1;0;0;2;0;1;B01
201300027693;0;7;0;0;2;2;14;A01
201300027693;0;7;0;0;2;8;1;B01
201300027694;0;7;0;8;0;7;1;A01
201300027695;0;7;0;7;0;1;1;A01
201300027696;1;7;0;0;2;8;19;A01
201300027696;0;7;0;0;2;1;1;B01
201300027697;0;7;0;0;2;1;15;A01
201300027697;0;2;0;0;2;1;1;B01
201300027698;0;7;0;0;1;1;1;A01
201300027699;0;7;0;0;2;4;1;B01
201300027699;0;7;0;0;2;1;9;A01
201300027700;0;33;0;0;0;0;1;A01
201300027701;0;7;0;0;2;1;1;A01
201300027701;0;1;0;0;2;8;1;B01
201300027702;0;33;0;0;2;1;1;A01
201300027702;0;7;0;0;2;5;15;B01
201300027703;0;7;0;0;2;1;1;A01
201300027703;0;7;0;0;2;8;1;B01
201300027704;0;7;0;0;1;1;17;A01
201300027705;0;7;0;15;1;1;0;A01
201300027706;0;1;0;12;0;1;1;A01
201300027707;0;7;0;2;0;1;1;A01
201300027708;0;1;0;0;2;1;1;A01
201300027708;0;7;0;0;2;5;23;B01
201300027709;0;7;0;0;1;7;1;A01
201300027710;0;7;0;0;1;2;1;A01
201300027711;0;2;0;0;2;1;1;A01
201300027711;0;7;0;0;2;1;16;B01
201300027712;0;7;0;0;2;1;0;A01
201300027712;0;33;0;0;2;8;1;B01
201300027713;0;33;0;3;0;9;1;A01
201300027714;0;7;0;0;2;1;1;A01
201300027714;0;7;0;0;2;7;1;B01
201300027715;0;1;0;0;2;1;1;A01
201300027715;0;7;0;0;2;1;1;B01
201300027716;0;7;0;2;0;1;1;A01
201300027717;0;7;0;0;2;1;17;A01
201300027717;0;30;0;0;2;3;1;B01
201300027718;0;33;0;0;0;0;1;A01
201300027719;0;7;0;0;2;1;1;A01
201300027719;0;7;0;0;2;3;1;B01
201300027720;0;7;0;0;2;3;15;A01
201300027720;0;2;0;0;2;7;1;B01
201300027721;0;2;0;1;0;1;1;A01
201300027722;0;7;0;8;2;1;1;A01
201300027723;0;7;0;0;1;4;4;A01
201300027724;0;7;0;0;2;8;22;A01
201300027724;0;1;0;0;2;1;1;B01
201300027725;0;7;0;8;0;1;1;A01
201300027726;0;7;0;0;2;2;16;A01
201300027726;0;2;0;0;2;8;1;B01
201300027727;0;7;0;0;2;1;17;A01
201300027727;0;7;0;0;2;1;1;B01
201300027728;0;7;0;0;1;4;4;A01
201300027729;0;7;0;0;2;2;15;A01
201300027729;0;33;0;0;2;1;1;B01
201300027730;0;7;0;0;2;8;22;A01
201300027730;0;1;0;0;2;1;1;B01
201300027731;0;7;0;0;2;6;15;A01
201300027731;0;2;0;0;2;1;17;B01
201300027732;0;2;0;0;0;0;1;A01
201300027733;0;7;0;6;0;1;1;A01
201300027734;0;7;0;0;2;1;19;A01
201300027734;0;1;0;0;2;1;1;B01
201300027735;0;7;0;0;2;1;1;A01
201300027735;0;7;0;0;2;4;1;B01
201300027736;0;7;0;0;2;3;0;A01
201300027736;0;1;0;0;2;1;0;B01
201300027737;0;33;0;4;0;0;1;A01
201300027738;0;7;0;0;0;0;1;A01
201300027739;0;7;0;0;0;0;1;A01
201300027740;0;7;0;0;0;0;1;A01
201300027741;0;7;0;0;2;2;1;A01
201300027741;0;7;0;0;2;3;15;B01
201300027742;0;7;0;0;0;8;14;A01
201300027742;0;1;0;0;2;0;1;B01
201300027743;0;7;0;0;2;2;1;A01
201300027743;0;1;0;0;2;0;1;B01
201300027744;0;1;0;0;1;1;1;A01
201300027745;0;1;0;0;2;3;0;A01
201300027745;0;7;0;0;2;1;0;B01
201300027746;0;7;0;0;2;3;0;A01
201300027746;0;7;0;0;2;5;0;B01
201300027747;0;14;0;0;2;3;16;A01
201300027747;0;1;0;0;2;0;14;B01
201300027748;0;7;0;0;2;8;15;A01
201300027748;0;33;0;0;2;7;0;B01
201300027749;0;7;0;0;2;1;1;A01
201300027749;0;7;0;0;2;4;1;B01
201300027750;0;7;0;0;2;1;1;A01
201300027750;0;7;0;0;2;4;1;B01
201300027751;0;7;0;0;1;1;1;A01
201300027752;0;7;0;0;2;2;15;A01
201300027752;0;7;0;0;2;1;1;B01
201300027753;0;7;0;0;2;1;1;A01
201300027753;0;7;0;0;2;4;1;B01
201300027754;0;32;0;0;0;0;1;A01
201300027755;1;30;0;0;1;1;0;A01
201300027756;0;7;0;0;1;1;1;A01
201300027757;0;7;0;0;2;1;1;A01
201300027757;0;7;0;0;2;4;1;B01
201300027757;0;7;0;0;2;4;1;C01
201300027757;0;7;0;0;2;4;1;D01
201300027757;0;7;0;0;2;4;1;E01
201300027758;1;7;0;0;1;3;1;Z01
201300027759;0;7;0;1;2;1;1;A01
201300027759;0;7;0;0;2;4;1;B01
201300027759;0;3;0;0;2;4;1;C01
201300027759;0;7;0;0;2;1;1;D01
201300027760;0;7;0;0;1;1;1;A01
201300027761;0;1;0;0;0;0;1;A01
201300027762;0;7;0;0;2;1;1;A01
201300027762;0;7;0;0;2;1;1;B01
201300027763;0;7;0;0;2;1;1;A01
201300027763;0;7;0;0;2;4;1;B01
201300027764;0;7;0;0;1;1;1;A01
201300027765;0;7;0;0;2;1;1;A01
201300027765;0;7;0;0;0;4;1;B01
201300027765;0;7;0;0;2;4;1;C01
201300027766;0;7;0;0;2;3;1;A01
201300027766;0;33;0;0;2;0;1;B01
201300027767;0;7;0;0;2;1;1;A01
201300027767;0;7;0;0;2;4;1;B01
201300027768;0;7;0;0;2;1;15;A01
201300027768;0;2;0;0;2;1;1;B01
201300027769;0;2;0;0;2;1;1;A01
201300027769;0;7;0;0;2;4;1;B01
201300027770;0;2;0;0;0;0;1;A01
201300027771;0;7;0;0;1;1;1;A01
201300027772;0;7;0;0;2;1;1;A01
201300027772;0;7;0;0;2;4;1;B01
201300027773;0;7;0;0;1;1;1;A01
201300027774;0;7;0;0;2;2;15;A01
201300027774;0;32;0;0;2;4;1;B01
201300027775;0;7;0;0;2;3;15;A01
201300027775;0;1;0;0;2;0;1;B01
201300027776;0;7;0;0;2;1;1;A01
201300027776;0;7;0;0;2;4;1;B01
201300027777;0;1;0;0;2;1;1;A01
201300027777;0;1;0;0;2;1;1;B01
201300027778;0;7;0;0;2;1;1;A01
201300027778;0;7;0;0;2;4;1;B01
201300027779;0;31;0;0;2;1;15;A01
201300027779;0;7;0;0;2;8;1;B01
201300027780;0;7;0;0;2;1;1;A01
201300027780;0;32;0;0;2;1;1;B01
201300027781;0;7;0;0;2;1;1;A01
201300027781;0;7;0;0;2;4;1;B01
201300027782;0;7;0;0;2;2;15;A01
201300027782;0;33;0;0;2;1;1;B01
201300027783;0;1;0;0;2;1;1;A01
201300027783;0;7;0;0;2;3;1;B01
201300027784;0;30;0;0;2;8;1;A01
201300027784;0;7;0;0;2;8;1;B01
201300027785;1;7;0;0;2;0;1;A01
201300027785;0;1;0;0;2;0;1;B01
201300027786;0;7;0;0;1;1;1;A01
201300027787;0;2;0;0;0;0;1;A01
201300027788;1;7;0;0;2;7;1;A01
201300027788;0;30;0;0;2;6;1;B01
201300027789;0;7;0;0;1;2;1;A01
201300027790;0;7;0;7;0;1;1;A01
201300027791;0;7;0;0;2;1;1;A01
201300027791;0;7;0;0;2;4;1;B01
201300027792;0;7;0;0;1;3;15;A01
201300027793;0;7;0;0;2;5;1;A01
201300027793;0;33;0;0;2;1;1;B01
201300027794;0;7;0;0;2;7;15;A01
201300027794;0;2;0;0;2;1;1;B01
201300027795;0;7;0;0;2;8;16;A01
201300027795;0;1;0;0;2;1;1;B01
201300027796;0;1;0;0;2;8;1;B01
201300027796;0;7;0;0;2;1;15;A01
201300027797;0;7;0;0;2;1;1;A01
201300027797;0;7;0;0;2;4;2;B01
201300027797;0;7;0;0;2;4;23;C01
201300027798;0;7;0;0;1;3;1;A01
201300027799;0;7;0;0;2;3;16;B01
201300027799;0;7;0;0;2;2;1;A01
201300027800;0;2;0;0;2;1;2;A01
201300027800;0;7;0;0;2;4;1;B01
201300027801;0;30;0;0;2;1;2;A01
201300027801;0;7;0;0;2;4;3;B01
201300027802;0;37;2;0;2;1;2;A01
201300027802;0;7;0;0;2;4;2;B01
201300027803;0;33;0;0;2;1;2;A01
201300027803;0;7;0;0;0;4;1;B01
201300027804;0;7;0;0;2;2;15;A01
201300027804;0;2;0;0;2;1;1;B01
201300027805;0;7;0;0;2;1;1;B01
201300027805;0;1;0;0;2;7;19;A01
201300027806;0;7;0;0;2;8;1;B01
201300027806;0;7;0;0;2;1;1;A01
201300027807;0;1;0;0;2;2;1;B01
201300027807;0;7;0;0;2;1;1;A01
201300027808;0;7;0;2;0;1;0;A01
201300027809;0;7;0;8;0;1;0;A01
201300027810;0;7;0;0;2;1;1;A01
201300027810;0;7;0;0;2;4;1;B01
201300027811;0;32;0;0;0;0;1;A01
201300027812;0;1;0;0;1;1;1;A01
201300027813;0;7;0;0;1;1;1;A01
201300027814;0;7;0;0;2;1;1;B01
201300027814;0;7;0;0;2;1;13;A01
201300027815;0;7;0;0;1;4;4;A01
201300027816;0;7;0;0;2;3;1;B01
201300027816;0;7;0;0;2;3;1;A01
201300027817;0;7;0;1;0;1;1;A01
201300027818;0;7;0;0;1;1;1;A01
201300027819;0;7;0;0;2;3;0;A01
201300027819;0;7;0;0;2;2;1;B01
201300027820;0;2;0;0;2;1;1;A01
201300027820;0;7;0;0;2;5;1;B01
201300027821;0;7;0;0;2;2;1;A01
201300027821;0;7;0;0;2;3;1;B01
201300027822;0;2;0;0;2;1;1;A01
201300027822;0;7;0;0;2;3;15;B01
201300027823;0;7;0;0;2;1;1;A01
201300027823;0;7;0;0;2;1;1;B01
201300027824;0;13;0;0;2;1;1;A01
201300027824;0;7;0;0;2;4;1;B01
201300027825;0;7;0;0;2;5;1;A01
201300027825;0;7;0;0;2;3;1;B01
201300027826;0;1;0;0;2;0;1;B01
201300027826;0;7;0;0;2;1;1;A01
201300027827;0;7;0;0;2;1;1;A01
201300027827;0;7;0;0;2;4;15;B01
201300027828;0;33;0;0;0;0;1;A01
201300027829;0;7;0;0;2;7;1;B01
201300027829;0;7;0;0;2;1;1;A01
201300027830;0;7;0;0;2;8;1;B01
201300027830;0;7;0;0;2;1;1;C01
201300027830;0;7;0;0;2;1;15;A01
201300027831;0;1;0;0;2;0;1;B01
201300027831;0;7;0;0;2;1;15;A01
201300027832;0;7;0;9;0;1;1;A01
201300027833;0;7;0;0;2;0;1;B01
201300027833;0;13;0;0;2;2;11;A01
201300027834;0;7;0;0;2;1;16;A01
201300027834;0;1;0;0;2;0;1;B01
201300027835;1;7;0;0;2;0;1;A01
201300027835;0;7;0;0;2;4;1;B01
201300027836;0;7;0;0;2;1;16;A01
201300027836;0;1;0;0;2;0;1;B01
201300027837;0;7;0;0;2;4;1;B01
201300027837;0;7;0;0;2;1;1;A01
201300027838;0;7;0;0;2;8;1;B01
201300027838;0;2;0;0;2;1;1;A01
201300027839;0;7;0;0;2;1;0;B01
201300027839;0;33;0;0;2;0;0;A01
201300027840;0;2;0;0;1;1;1;A01
201300027841;0;7;0;0;2;1;1;A01
201300027841;0;7;0;0;2;4;1;B01
201300027842;0;7;0;0;2;1;1;A01
201300027842;0;1;0;0;2;0;1;B01
201300027843;0;1;0;0;0;0;1;B01
201300027843;0;7;0;0;2;0;14;A01
201300027844;0;1;0;0;0;0;1;A01
201300027845;0;30;0;0;2;1;1;A01
201300027845;0;7;0;0;2;4;1;B01
201300027846;0;7;0;0;2;8;15;A01
201300027846;0;7;0;0;2;1;1;B01
201300027847;0;1;0;0;2;0;1;B01
201300027847;0;10;0;0;2;1;1;A01
201300027848;0;2;0;0;2;1;2;A01
201300027848;0;7;0;0;0;5;0;B01
201300027849;0;1;0;0;2;8;15;A01
201300027849;0;7;0;0;2;3;1;B01
201300027850;0;7;0;0;2;6;4;A01
201300027850;0;7;0;0;2;1;9;B01
201300027851;0;1;0;0;2;1;1;B01
201300027851;0;7;0;0;2;1;9;A01
201300027852;0;7;0;6;0;1;9;A01
201300027853;0;30;0;0;2;3;12;A01
201300027853;0;7;0;0;2;1;1;B01
201300027854;0;1;0;1;0;1;0;B01
201300027854;0;7;0;1;0;3;22;A01
201300027855;0;30;0;0;2;1;1;B01
201300027855;0;7;0;0;2;6;10;A01
201300027856;0;7;0;0;2;1;1;A01
201300027856;0;2;0;0;2;4;1;B01
201300027856;0;7;0;0;2;4;1;C01
201300027856;0;7;0;0;2;4;0;D01
201300027857;0;7;0;2;0;4;1;A01
201300027858;0;7;0;0;2;1;1;B01
201300027858;0;7;0;0;2;1;1;A01
201300027859;0;7;0;0;2;0;1;B01
201300027859;0;15;0;0;2;7;12;A01
201300027860;0;37;1;0;0;0;1;A01
201300027860;0;1;0;0;0;0;1;B01
201300027861;0;7;0;0;2;1;15;A01
201300027861;0;30;0;0;2;8;1;B01
201300027862;0;7;0;0;1;7;1;A01
201300027863;0;7;0;0;2;7;16;A01
201300027863;0;37;1;0;2;3;1;B01
201300027864;0;32;0;0;2;1;1;B01
201300027864;0;7;0;0;2;7;15;A01
201300027865;0;30;0;1;0;0;1;A01
201300027866;0;7;0;0;2;2;15;A01
201300027866;0;1;0;0;2;4;1;B01
201300027867;0;2;0;0;2;1;1;A01
201300027867;0;7;0;0;2;4;1;B01
201300027868;0;7;0;0;2;1;1;A01
201300027868;0;2;0;0;2;7;1;B01
201300027869;0;7;0;0;2;6;1;A01
201300027869;0;7;0;0;2;2;1;B01
201300027870;0;1;0;0;2;1;1;B01
201300027870;0;7;0;0;2;8;20;A01
201300027871;0;2;0;0;2;0;1;B01
201300027871;0;7;0;0;2;2;13;A01
201300027872;0;33;0;0;2;0;1;A01
201300027872;0;7;0;0;2;6;13;B01
201300027873;0;1;0;0;2;0;19;B01
201300027873;0;7;0;0;2;1;1;A01
201300027874;0;7;0;0;2;1;2;A01
201300027874;0;7;0;0;0;4;2;B01
201300027875;0;7;0;0;2;3;9;A01
201300027875;0;2;0;0;2;1;1;B01
201300027876;0;7;0;0;2;2;0;A01
201300027876;0;1;0;0;0;7;0;B01
201300027877;0;7;0;0;2;1;1;A01
201300027877;0;7;0;0;2;4;23;B01
201300027878;0;7;0;0;1;1;0;A01
201300027879;0;1;0;0;2;1;1;A01
201300027880;0;7;0;0;0;0;1;A01
201300027881;0;7;0;0;0;0;11;B01
201300027881;0;30;0;0;0;0;2;A01
201300027882;0;7;0;0;2;1;1;A01
201300027882;0;7;0;0;2;4;1;B01
201300027883;0;7;0;10;0;1;1;A01
201300027884;0;7;0;0;1;4;20;A01
201300027885;0;37;1;0;1;1;1;A01
201300027886;0;7;0;0;2;3;15;A01