num_acc;senc;catv;occutc;obs;obsm;choc;manv;num_veh
201300027886;0;33;0;0;2;1;1;B01
201300027887;0;7;0;4;2;1;1;A01
201300027887;0;7;0;0;2;1;1;B01
201300027887;0;7;0;0;2;1;1;C01
201300027887;0;7;0;0;2;1;1;D01
201300027888;0;7;0;0;2;1;1;B01
201300027888;0;7;0;0;2;4;1;E01
201300027888;0;7;0;0;2;1;1;A01
201300027888;0;7;0;0;2;4;1;D01
201300027888;0;7;0;0;2;4;1;C01
201300027889;0;7;0;0;2;1;0;A01
201300027889;0;1;0;0;2;1;0;B01
201300027890;0;40;0;0;1;0;1;A01
201300027891;0;7;0;0;0;4;2;A01
201300027891;0;2;0;0;2;1;2;B01
201300027892;0;7;0;0;0;8;0;A01
201300027892;0;7;0;0;2;7;1;B01
201300027893;0;7;0;13;0;1;1;A01
201300027894;0;1;0;0;2;1;1;A01
201300027894;0;1;0;0;2;1;2;B01
201300027895;0;7;0;0;1;1;1;A01
201300027896;0;7;0;0;1;1;1;A01
201300027897;0;7;0;0;1;4;0;A01
201300027898;0;7;0;3;0;3;1;A01
201300027899;1;7;0;0;1;1;1;A01
201300027900;0;7;0;0;2;1;1;A01
201300027900;0;1;0;0;2;0;1;B01
201300027901;0;7;0;0;2;3;1;B01
201300027901;0;7;0;0;2;1;1;A01
201300027902;0;7;0;0;2;1;2;A01
201300027902;0;7;0;0;2;4;2;B01
201300027903;0;7;0;0;1;1;1;A01
201300027904;0;7;0;4;0;7;0;A01
201300027905;0;7;0;0;1;0;1;A01
201300027906;0;7;0;0;1;1;1;A01
201300027907;0;2;0;0;2;1;1;B01
201300027907;0;7;0;0;2;2;15;A01
201300027908;0;7;0;0;2;1;15;A01
201300027908;0;10;0;0;2;3;1;B01
201300027909;0;30;0;0;2;1;1;B01
201300027909;0;7;0;0;2;5;15;A01
201300027910;0;7;0;0;1;1;1;A01
201300027911;0;7;0;0;2;1;2;A01
201300027911;0;7;0;0;2;4;2;B01
201300027912;0;30;0;0;2;7;21;B01
201300027912;0;7;0;0;2;3;20;A01
201300027913;0;7;0;0;2;1;2;A01
201300027913;0;7;0;0;2;4;3;B01
201300027914;0;10;0;0;2;1;2;A01
201300027914;0;10;0;0;2;4;2;B01
201300027915;0;7;0;0;2;4;1;D01
201300027915;0;7;0;0;2;4;1;C01
201300027915;0;7;0;0;2;4;1;B01
201300027915;0;7;0;0;2;1;1;A01
201300027916;0;7;0;0;2;1;1;B01
201300027916;0;7;0;0;2;3;10;A01
201300027917;0;1;0;0;1;1;5;A01
201300027918;0;7;0;0;2;4;2;B01
201300027918;0;7;0;0;2;1;2;A01
201300027918;0;7;0;0;2;6;1;C01
201300027919;0;7;0;0;1;1;1;A01
201300027920;0;30;0;0;2;1;9;A01
201300027920;0;7;0;0;2;5;15;B01
201300027921;0;7;0;8;0;1;1;A01
201300027922;0;7;0;0;1;1;15;A01
201300027923;0;7;0;0;2;3;0;A01
201300027923;0;1;0;0;2;1;0;B01
201300027924;0;7;0;0;2;5;15;A01
201300027924;0;33;0;0;2;1;1;B01
201300027925;0;7;0;0;2;2;15;A01
201300027925;0;7;0;0;2;1;1;B01
201300027926;0;2;0;0;2;1;1;B01
201300027926;0;7;0;0;2;8;9;A01
201300027927;0;7;0;4;0;1;1;A01
201300027928;0;7;0;0;2;4;0;B01
201300027928;0;7;0;0;2;1;0;A01
201300027929;0;7;0;0;1;1;1;A01
201300027930;0;7;0;0;1;1;0;A01
201300027931;0;30;0;0;0;0;1;A01
201300027932;0;7;0;0;1;1;0;A01
201300027933;0;7;0;0;2;1;1;A01
201300027933;0;7;0;0;2;3;0;B01
201300027934;0;7;0;0;2;3;1;B01
201300027934;0;7;0;0;2;3;1;A01
201300027935;0;7;0;0;0;1;2;A01
201300027936;0;1;0;0;2;1;21;B01
201300027936;0;7;0;0;2;3;22;A01
201300027937;0;7;0;0;1;1;1;A01
201300027938;0;7;0;0;4;7;1;A01
201300027938;0;40;0;0;2;1;1;B01
201300027939;0;7;0;0;2;1;1;A01
201300027939;0;7;0;8;2;4;11;B01
201300027940;0;7;0;0;2;1;1;A01
201300027940;0;33;0;0;2;7;1;B01
201300027941;0;7;0;0;1;1;1;A01
201300027942;0;7;0;0;1;3;15;A01
201300027943;0;7;0;0;2;3;19;A01
201300027943;0;2;0;0;2;1;1;B01
201300027944;0;7;0;0;1;2;1;A01
201300027945;0;7;0;0;1;0;1;A01
201300027946;0;2;0;0;2;0;1;A01
201300027946;0;7;0;0;2;0;2;B01
201300027947;0;7;0;0;2;1;2;A01
201300027947;0;7;0;0;2;4;2;B01
201300027947;0;7;0;0;2;4;2;C01
201300027948;0;7;0;0;2;3;15;A01
201300027948;0;2;0;0;2;8;1;B01
201300027949;0;33;0;0;2;1;2;A01
201300027949;0;7;0;0;2;4;17;B01
201300027950;0;7;0;0;2;1;1;A01
201300027950;0;1;0;0;2;7;1;B01
201300027951;0;7;0;0;2;2;21;A01
201300027951;0;7;0;0;2;6;21;B01
201300027951;0;7;0;0;0;0;16;C01
201300027952;0;7;0;0;2;1;15;A01
201300027952;0;7;0;0;2;1;1;B01
201300027953;0;7;0;0;2;1;15;A01
201300027953;0;2;0;0;2;3;1;B01
201300027954;0;7;0;0;1;5;1;A01
201300027955;0;7;0;0;1;3;1;A01
201300027956;0;7;0;0;2;2;19;A01
201300027956;0;7;0;0;2;3;1;B01
201300027957;0;33;0;9;0;1;14;A01
201300027958;0;7;0;0;2;7;16;A01
201300027958;0;1;0;0;2;8;15;B01
201300027959;0;7;0;14;2;1;2;A01
201300027959;0;7;0;0;2;8;2;B01
201300027960;0;7;0;0;2;1;1;A01
201300027960;0;7;0;0;2;4;2;B01
201300027961;0;7;0;0;1;2;1;A01
201300027962;0;7;0;0;2;8;10;A01
201300027962;0;30;0;0;2;7;15;B01
201300027963;1;99;0;0;1;2;1;A01
201300027964;0;7;0;8;0;1;6;A01
201300027965;0;2;0;0;2;1;1;A01
201300027965;0;7;0;0;2;3;1;B01
201300027966;0;7;0;15;0;1;14;A01
201300027967;0;7;0;0;1;1;15;A01
201300027968;0;10;0;14;2;7;13;A01
201300027968;0;15;0;0;2;3;1;B01
201300027969;0;7;0;0;2;2;1;A01
201300027969;0;31;0;4;2;8;1;B01
201300027970;0;31;0;2;2;1;17;A01
201300027970;0;7;0;2;0;3;15;B01
201300027971;0;30;0;0;2;1;1;A01
201300027971;0;10;0;0;2;6;20;B01
201300027972;0;7;0;0;2;1;13;A01
201300027972;0;7;0;0;2;1;1;B01
201300027973;0;33;0;12;0;1;17;A01
201300027974;0;7;0;0;2;4;4;A01
201300027974;0;31;0;0;2;1;1;B01
201300027975;0;37;0;0;1;1;1;A01
201300027976;0;7;0;0;1;2;16;A01
201300027977;0;7;0;13;0;1;21;A01
201300027978;0;7;0;8;0;2;14;A01
201300027979;0;2;0;1;0;1;2;A01
201300027980;0;7;0;0;2;3;1;B01
201300027980;0;2;0;8;2;1;1;A01
201300027981;0;7;0;0;2;1;1;A01
201300027981;0;1;0;0;2;8;19;B01
201300027982;0;7;0;0;1;1;1;A01
201300027983;0;7;0;0;2;1;1;B01
201300027983;0;7;0;0;2;3;15;A01
201300027984;0;35;0;8;0;0;1;A01
201300027985;0;10;0;0;1;2;1;A01
201300027986;0;7;0;14;1;7;1;A01
201300027987;0;7;0;0;1;1;1;A01
201300027988;0;10;0;0;2;7;15;A01
201300027988;0;7;0;0;2;1;1;B01
201300027988;0;7;0;0;2;3;1;C01
201300027988;0;7;0;0;2;2;1;D01
201300027989;0;31;0;0;1;1;17;A01
201300027990;0;7;0;0;2;3;17;A01
201300027990;0;30;0;0;2;1;1;B01
201300027991;0;7;0;0;1;3;15;A01
201300027992;0;7;0;0;2;3;15;B01
201300027992;0;7;0;8;2;1;1;A01
201300027993;0;2;0;0;2;4;1;B01
201300027993;1;7;0;0;2;2;17;A01
201300027994;0;7;0;0;2;7;15;A01
201300027994;0;30;0;0;2;1;1;B01
201300027995;0;7;0;6;0;1;14;A01
201300027996;0;7;0;0;2;4;23;B01
201300027996;0;10;0;0;2;1;1;A01
201300027997;0;1;0;0;2;1;1;B01
201300027997;0;7;0;0;2;3;15;A01
201300027998;0;7;0;0;2;1;1;A01
201300027998;0;7;0;0;2;5;23;C01
201300027998;0;7;0;0;2;4;23;B01
201300027999;0;15;0;0;2;1;0;B01
201300027999;0;7;0;10;2;1;0;A01
201300028000;0;7;0;0;2;1;15;A01
201300028000;0;1;0;0;2;1;1;B01
201300028001;0;7;0;3;2;3;1;B01
201300028001;0;15;0;0;2;2;14;A01
201300028002;0;7;0;0;2;4;1;B01
201300028002;0;10;0;0;2;1;2;A01
201300028003;0;7;0;1;0;7;1;A01
201300028003;0;15;0;0;2;3;24;B01
201300028004;0;7;0;0;2;7;1;B01
201300028004;0;7;0;0;2;1;16;A01
201300028005;0;7;0;0;2;1;13;A01
201300028005;0;7;0;0;2;1;15;B01
201300028006;0;7;0;0;2;4;2;C01
201300028006;0;7;0;0;2;4;2;B01
201300028006;0;7;0;0;2;1;1;A01
201300028007;0;1;0;0;2;5;1;B01
201300028007;0;7;0;0;2;3;9;A01
201300028008;0;7;0;0;1;2;1;A01
201300028009;0;33;0;0;1;1;1;A01
201300028010;0;7;0;0;2;3;2;B01
201300028010;0;7;0;0;2;8;19;A01
201300028011;0;7;0;0;2;1;15;A01
201300028011;0;1;0;0;2;1;1;B01
201300028012;0;7;0;0;1;1;1;A01
201300028013;0;7;0;0;2;3;1;A01
201300028013;0;10;0;0;2;8;1;B01
201300028014;0;10;0;0;2;1;1;A01
201300028014;0;7;0;0;2;4;1;B01
201300028014;0;7;0;0;2;4;1;C01
201300028015;0;7;0;0;2;4;1;A01
201300028015;0;7;0;0;2;1;2;Z01
201300028016;0;7;0;0;2;3;1;A01
201300028016;0;2;0;0;2;1;1;B01
201300028017;0;7;0;0;2;1;1;A01
201300028017;0;2;0;0;2;5;1;B01
201300028018;0;2;0;0;0;1;1;A01
201300028019;0;7;0;0;2;3;1;B01
201300028019;0;3;0;0;2;2;1;A01
201300028020;0;1;0;0;2;7;9;A01
201300028020;0;7;0;0;2;1;1;B01
201300028021;0;7;0;0;6;1;1;A01
201300028022;0;7;0;0;2;1;1;A01
201300028022;0;10;0;0;2;9;1;B01
201300028022;0;7;0;0;2;4;1;C01
201300028023;0;7;0;0;2;1;1;A01
201300028023;0;7;0;0;2;4;1;B01
201300028023;0;7;0;0;2;4;1;C01
201300028023;0;7;0;0;2;4;1;D01
201300028024;0;2;0;1;0;1;1;A01
201300028025;0;7;0;0;2;7;1;A01
201300028025;0;7;0;0;2;3;1;B01
201300028026;0;7;0;1;0;1;1;A01
201300028027;0;7;0;1;0;3;13;A01
201300028027;0;7;0;0;2;5;24;B01
201300028028;0;7;0;0;0;9;1;A01
201300028029;0;7;0;0;2;1;1;A01
201300028029;0;7;0;0;2;4;1;B01
201300028030;0;7;0;0;2;7;1;B01
201300028030;0;7;0;0;2;2;15;A01
201300028031;0;7;0;0;1;3;1;A01
201300028032;0;7;0;0;2;7;9;A01
201300028032;0;33;0;0;2;1;1;B01
201300028033;0;10;0;0;2;0;15;A01
201300028033;0;33;0;0;2;0;1;B01
201300028034;1;7;0;0;2;2;9;A01
201300028034;0;2;0;0;2;4;1;B01
201300028035;0;7;0;0;2;3;1;A01
201300028035;0;7;0;0;2;3;1;B01
201300028035;0;7;0;0;2;2;1;C01
201300028035;0;10;0;15;0;1;1;D01
201300028036;0;30;0;0;2;1;1;A01
201300028036;0;7;0;0;2;7;1;B01
201300028037;0;10;0;2;0;3;1;A01
201300028038;0;7;0;0;0;0;9;A01
201300028038;0;33;0;0;0;1;1;B01
201300028039;0;33;0;0;2;1;1;B01
201300028039;0;7;0;0;2;6;15;A01
201300028040;0;7;0;0;1;2;16;A01
201300028041;0;2;0;0;0;7;1;A01
201300028042;0;2;0;0;0;0;0;A01
201300028043;0;7;0;0;1;5;1;A01
201300028044;0;10;0;0;2;6;13;A01
201300028044;0;7;0;0;9;3;1;B01
201300028045;0;10;0;0;1;2;1;A01
201300028046;0;1;0;0;2;1;1;A01
201300028046;0;1;0;0;2;4;1;B01
201300028047;0;7;0;6;2;9;1;A01
201300028047;0;7;0;0;2;2;1;B01
201300028048;0;1;0;0;0;0;1;A01
201300028049;0;7;0;0;2;2;1;A01
201300028049;0;1;0;0;2;1;1;B01
201300028050;0;30;0;0;2;1;1;A01
201300028050;1;10;0;0;2;3;20;Z01
201300028051;0;2;0;0;5;1;1;A01
201300028052;0;7;0;0;2;8;1;B01
201300028052;0;2;0;0;2;1;1;A01
201300028053;0;33;0;0;2;1;1;B01
201300028053;0;7;0;0;2;1;1;A01
201300028054;0;7;0;13;0;2;1;A01
201300028055;0;7;0;13;0;8;1;A01
201300028056;0;7;0;0;0;1;1;A01
201300028057;0;7;0;0;2;3;15;A01
201300028057;0;1;0;0;2;1;1;B01
201300028058;0;7;0;0;2;4;1;A01
201300028058;1;7;0;0;2;1;1;Z01
201300028059;0;7;0;0;2;8;1;B01
201300028059;0;2;0;0;2;1;15;A01
201300028060;0;1;0;0;0;1;1;A01
201300028061;0;7;0;0;1;4;4;A01
201300028062;0;1;0;0;2;5;1;B01
201300028062;0;10;0;0;2;3;0;A01
201300028063;0;10;0;0;1;4;4;A01
201300028064;0;2;0;0;2;7;12;A01
201300028064;0;7;0;0;2;3;1;B01
201300028065;0;7;0;0;2;3;1;A01
201300028065;0;7;0;0;2;5;1;B01
201300028066;0;2;0;0;0;8;1;A01
201300028067;0;7;0;0;2;6;10;A01
201300028067;0;15;0;0;2;3;1;B01
201300028068;0;10;0;9;0;2;1;A01
201300028069;0;7;0;0;2;3;13;A01
201300028069;0;10;0;0;2;3;1;B01
201300028070;0;2;0;0;0;5;1;A01
201300028071;0;10;0;6;0;3;1;A01
201300028072;0;7;0;0;2;1;11;A01
201300028072;0;7;0;0;2;3;1;B01
201300028072;0;14;0;0;2;3;1;C01
201300028072;0;7;0;0;2;8;1;D01
201300028072;0;10;0;0;2;3;2;E01
201300028073;0;10;0;0;2;1;1;A01
201300028073;0;7;0;0;2;4;1;B01
201300028073;0;1;0;0;2;8;1;C01
201300028074;0;7;0;6;0;1;1;A01
201300028075;0;7;0;0;2;3;1;B01
201300028075;0;7;0;0;2;2;9;A01
201300028076;0;7;0;2;0;3;1;A01
201300028077;0;30;0;0;1;1;1;A01
201300028078;0;7;0;4;0;2;1;A01
201300028079;0;1;0;0;2;2;1;B01
201300028079;0;7;0;0;2;1;15;A01
201300028080;0;7;0;0;2;3;15;A01
201300028080;0;1;0;0;2;1;1;B01
201300028081;0;2;0;0;2;1;1;A01
201300028081;0;7;0;0;2;7;16;B01
201300028082;0;1;0;5;0;1;1;A01
201300028083;0;1;0;0;0;7;1;A01
201300028084;0;2;0;0;0;7;1;A01
201300028085;0;2;0;0;2;1;8;B01
201300028085;0;7;0;0;2;2;15;A01
201300028086;0;7;0;0;2;1;1;A01
201300028086;0;7;0;0;2;4;23;B01
201300028087;1;7;0;0;2;0;1;A01
201300028087;0;1;0;0;2;0;1;B01
201300028088;0;7;0;0;1;3;1;A01
201300028089;0;2;0;0;0;0;1;A01
201300028090;0;7;0;0;2;2;14;A01
201300028090;0;7;0;0;2;7;14;B01
201300028091;0;7;0;0;1;7;1;A01
201300028092;0;7;0;0;2;7;1;A01
201300028092;0;30;0;0;2;1;1;B01
201300028093;0;33;0;0;0;8;1;A01
201300028094;0;33;0;0;2;1;1;B01
201300028094;0;7;0;0;2;2;15;A01
201300028095;0;1;0;0;0;1;1;A01
201300028096;0;7;0;0;1;3;9;A01
201300028097;0;7;0;0;2;1;1;A01
201300028097;0;7;0;0;2;4;1;C01
201300028097;0;7;0;0;2;4;1;B01
201300028098;0;33;0;0;2;8;1;B01
201300028098;0;14;0;0;2;7;12;A01
201300028099;0;10;0;0;2;6;15;B01
201300028099;0;33;0;0;2;1;1;A01
201300028100;0;7;0;0;2;3;1;B01
201300028100;0;7;0;0;2;3;13;A01
201300028101;0;7;0;0;1;2;1;A01
201300028102;0;10;0;0;2;1;1;E01
201300028102;0;10;0;0;2;4;1;B01
201300028102;0;10;0;0;2;1;1;A01
201300028102;0;7;0;0;2;4;1;D01
201300028102;0;7;0;0;2;4;1;C01
201300028103;0;10;0;0;2;1;1;B01
201300028103;0;7;0;0;2;4;0;A01
201300028104;0;7;0;0;2;3;1;B01
201300028104;0;2;0;0;2;2;1;A01
201300028105;0;1;0;0;2;1;1;B01
201300028105;0;7;0;0;2;3;15;A01
201300028106;0;1;0;0;1;1;1;A01
201300028107;0;31;0;14;0;1;1;A01
201300028108;0;7;0;0;2;1;12;A01
201300028108;0;7;0;0;2;4;1;B01
201300028109;0;7;0;0;1;1;1;A01
201300028110;0;31;0;0;2;7;1;B01
201300028110;0;7;0;0;2;1;15;A01
201300028111;0;7;0;13;0;3;13;A01
201300028112;0;7;0;0;2;2;15;A01
201300028112;0;30;0;0;2;1;1;B01
201300028113;0;30;0;0;2;1;15;B01
201300028113;0;7;0;0;2;1;1;A01
201300028114;0;7;0;0;2;1;2;B01
201300028114;0;7;0;0;2;1;2;A01
201300028114;0;7;0;0;2;4;2;C01
201300028114;0;7;0;0;2;0;15;D01
201300028115;0;7;0;0;2;1;1;B01
201300028115;0;7;0;0;2;7;15;A01
201300028116;0;30;0;16;0;8;1;A01
201300028117;0;7;0;0;1;1;1;A01
201300028118;0;30;0;0;0;0;1;A01
201300028119;0;7;0;0;1;2;1;A01
201300028120;0;7;0;0;0;0;2;C01
201300028120;1;7;0;0;2;4;2;B01
201300028120;0;7;0;0;2;1;2;A01
201300028121;0;30;0;0;2;7;15;A01
201300028121;0;33;0;0;2;1;1;B01
201300028122;0;7;0;0;2;1;2;A01
201300028122;0;1;0;0;2;4;15;B01
201300028123;0;30;0;15;0;1;14;A01
201300028124;0;7;0;0;2;1;1;A01
201300028124;0;7;0;0;2;3;1;B01
201300028125;0;1;0;16;0;8;1;B01
201300028125;0;10;0;0;0;0;1;A01
201300028126;0;7;0;0;1;3;1;A01
201300028127;0;7;0;0;1;2;1;B01
201300028128;0;10;0;0;1;7;1;A01
201300028129;0;30;0;0;2;8;1;B01
201300028129;0;7;0;0;2;2;17;A01
201300028130;0;7;0;8;0;1;14;A01
201300028131;0;30;0;16;0;7;1;A01
201300028132;0;7;0;6;0;3;13;A01
201300028133;0;7;0;0;2;8;15;B01
201300028133;0;30;0;0;2;2;17;A01
201300028134;0;30;0;12;0;2;14;A01
201300028135;0;7;0;0;2;1;13;A01
201300028135;0;7;0;0;2;1;1;B01
201300028136;0;7;0;0;2;1;2;A01
201300028136;0;7;0;0;2;4;2;B01
201300028137;0;7;0;0;2;1;13;A01
201300028137;0;7;0;0;2;3;1;B01
201300028138;0;30;0;0;2;1;1;B01
201300028138;0;7;0;0;2;8;9;A01
201300028139;0;33;0;16;0;7;1;A01
201300028140;0;30;0;0;2;3;18;A01
201300028140;0;7;0;0;2;2;16;B01
201300028141;1;7;0;0;2;4;2;A01
201300028141;0;32;0;0;2;1;2;B01
201300028142;0;30;0;11;0;1;17;A01
201300028143;0;7;0;0;2;1;2;A01
201300028143;0;7;0;0;2;4;2;B01
201300028144;0;7;0;0;2;1;1;B01
201300028144;0;7;0;8;2;1;9;A01
201300028145;0;7;0;0;2;7;1;B01
201300028145;0;7;0;0;2;1;19;A01
201300028146;0;33;0;0;2;1;1;B01
201300028146;0;7;0;0;2;1;15;A01
201300028147;0;7;0;0;2;0;1;B01
201300028147;0;10;0;0;2;0;1;A01
201300028148;0;1;0;0;2;4;19;B01
201300028148;1;7;0;0;0;2;21;A01
201300028149;0;2;0;0;2;7;12;A01
201300028149;0;7;0;0;2;3;1;B01
201300028150;0;30;0;1;0;3;13;A01
201300028151;0;7;0;0;2;2;10;A01
201300028151;0;1;0;0;2;1;1;B01
201300028152;0;7;0;0;1;3;1;A01
201300028153;1;13;0;0;0;0;1;B01
201300028153;0;7;0;0;2;8;1;A01
201300028154;0;7;0;0;2;8;1;B01
201300028154;0;7;0;0;2;3;15;A01
201300028155;0;7;0;0;1;1;15;A01
201300028156;0;30;0;0;0;0;1;A01
201300028157;0;7;0;0;2;1;1;B01
201300028157;0;7;0;0;2;7;19;A01
201300028158;0;7;0;0;2;4;23;B01
201300028158;0;7;0;3;2;1;17;A01
201300028159;0;7;0;13;0;2;14;A01
201300028160;0;7;0;0;1;4;4;A01
201300028161;0;1;0;0;0;0;1;A01
201300028162;0;30;0;0;1;1;1;A01
201300028163;0;1;0;8;0;1;13;A01
201300028164;0;30;0;16;0;0;1;A01
201300028165;0;7;0;0;2;5;23;C01
201300028165;0;7;0;0;2;8;22;A01
201300028165;0;1;0;1;0;1;18;B01
201300028166;0;7;0;0;2;2;9;A01
201300028166;0;1;0;0;2;5;1;B01
201300028167;0;33;0;8;0;1;14;A01
201300028168;0;7;0;0;2;3;11;A01
201300028168;0;33;0;0;2;7;1;B01
201300028169;0;30;0;0;2;1;2;A01
201300028169;0;7;0;0;2;4;23;B01
201300028170;1;7;0;0;1;4;4;Z01
201300028171;0;30;0;12;0;2;14;A01
201300028172;0;7;0;15;2;7;15;A01
201300028172;0;7;0;0;2;1;1;B01
201300028173;0;30;0;0;2;1;2;A01
201300028173;0;7;0;0;2;6;23;B01
201300028174;0;7;0;0;2;1;2;A01
201300028174;0;7;0;0;2;4;23;D01
201300028174;0;7;0;0;2;4;23;C01
201300028174;0;7;0;0;2;4;23;B01
201300028175;0;7;0;6;0;1;13;A01
201300028176;0;1;0;0;2;1;1;A01
201300028176;0;10;0;0;2;3;1;B01
201300028177;0;7;0;0;2;4;23;B01
201300028177;0;30;0;0;2;1;2;A01
201300028178;0;7;0;5;0;9;13;A01
201300028179;0;7;0;0;2;0;9;A01
201300028179;0;2;0;0;0;7;1;B01
201300028180;0;10;0;0;1;2;16;A01
201300028181;0;7;0;0;1;1;15;A01
201300028182;0;30;0;1;0;1;1;A01
201300028183;0;7;0;0;2;1;2;A01
201300028183;0;7;0;0;2;4;2;B01
201300028184;0;1;0;0;1;1;1;A01
201300028185;0;1;0;14;0;8;1;A01
201300028186;0;1;0;0;0;0;1;A01
201300028187;0;7;0;0;1;1;1;A01
201300028188;0;7;0;6;2;7;1;B01
201300028188;0;7;0;0;2;1;1;A01
201300028189;0;30;0;12;0;2;14;A01
201300028190;0;7;0;0;2;1;2;A01
201300028190;0;7;0;0;2;4;23;B01
201300028190;0;7;0;0;2;4;23;C01
201300028191;0;33;0;8;0;1;13;A01
201300028192;0;14;0;0;2;3;1;B01
201300028192;0;7;0;0;2;5;17;A01
201300028193;0;33;0;0;2;1;1;A01
201300028193;0;7;0;0;2;1;1;B01
201300028194;0;33;0;15;0;1;14;A01
201300028195;0;1;0;0;2;3;15;A01
201300028195;0;7;0;0;2;2;17;B01
201300028196;0;7;0;0;1;1;1;A01
201300028197;0;7;0;0;2;1;1;B01
201300028197;0;3;0;0;2;2;1;A01
201300028198;0;33;0;7;0;1;13;A01
201300028199;0;7;0;0;2;3;11;A01
201300028199;0;7;0;1;2;2;1;B01
201300028200;0;7;0;8;0;1;14;A01
201300028201;0;7;0;0;2;7;1;B01
201300028201;0;33;0;0;2;8;11;A01
201300028202;0;1;0;0;2;1;9;A01
201300028202;0;7;0;0;2;1;1;B01
201300028203;0;15;0;0;1;3;14;A01
201300028204;0;33;0;0;2;2;9;B01
201300028204;0;1;0;0;2;1;1;A01
201300028205;0;30;0;16;0;8;1;A01
201300028206;0;30;0;16;0;7;1;A01
201300028207;0;1;0;16;0;1;1;A01
201300028208;0;7;0;0;1;1;1;B01
201300028209;0;33;0;3;0;3;13;A01
201300028210;0;7;0;0;2;3;23;B01
201300028210;1;30;0;0;2;2;17;Z01
201300028211;0;7;0;0;2;8;1;B01
201300028211;0;1;0;0;2;1;19;A01
201300028212;0;10;0;0;1;2;1;A01
201300028213;0;30;0;0;0;0;1;A01
201300028214;0;30;0;0;2;1;1;A01
201300028214;0;7;0;0;2;3;15;B01
201300028215;0;1;0;14;0;2;14;A01
201300028216;0;7;0;0;1;2;9;A01
201300028217;0;7;0;0;1;2;16;A01
201300028218;0;30;0;0;2;1;2;A01
201300028218;0;7;0;0;2;4;23;B01
201300028219;0;7;0;0;2;1;2;A01
201300028219;0;7;0;0;2;4;2;C01
201300028219;0;7;0;0;2;1;2;B01
201300028220;0;2;0;0;2;1;1;B01
201300028220;0;15;0;0;2;5;1;A01
201300028221;0;7;0;0;2;4;2;B01
201300028221;0;7;0;0;2;4;2;C01
201300028221;0;7;0;0;2;1;2;A01
201300028221;0;7;0;0;2;4;2;D01
201300028222;0;30;0;0;0;8;1;A01
201300028223;0;7;0;1;0;9;13;A01
201300028224;0;7;0;0;2;1;1;B01
201300028224;0;7;0;0;2;2;15;A01
201300028225;0;7;0;0;1;2;1;A01
201300028226;0;7;0;0;2;1;15;A01
201300028226;0;33;0;0;2;1;1;B01
201300028227;1;7;0;0;2;2;15;Z01
201300028227;0;30;0;0;2;1;1;A01
201300028228;0;7;0;0;0;3;13;A01
201300028229;0;7;0;0;2;1;19;A01
201300028229;0;33;0;0;2;2;1;B01
201300028230;0;1;0;0;2;1;9;A01
201300028230;0;7;0;0;2;7;1;B01
201300028231;0;7;0;0;1;1;1;A01
201300028232;0;7;0;0;2;7;1;B01
201300028232;0;30;0;0;2;1;17;A01
201300028233;0;7;0;0;2;3;1;B01
201300028233;0;7;0;0;2;3;1;C01
201300028233;0;7;0;0;2;3;13;A01
201300028234;0;7;0;0;2;4;2;B01
201300028234;0;7;0;0;2;4;2;C01
201300028234;0;7;0;0;2;1;2;A01
201300028235;0;30;0;16;0;8;1;A01
201300028236;0;7;0;13;0;1;14;A01
201300028237;0;1;0;0;2;1;19;A01
201300028237;0;7;0;0;2;2;1;B01
201300028238;0;7;0;0;1;1;15;A01
201300028239;0;30;0;16;0;8;1;A01
201300028240;0;31;0;0;0;0;2;A01
201300028240;0;7;0;0;0;0;12;B01
201300028241;0;7;0;0;5;1;1;A01
201300028242;0;30;0;16;0;8;1;A01
201300028243;0;3;0;15;0;1;1;A01
201300028244;0;30;0;12;0;1;14;A01
201300028245;0;7;0;0;2;4;2;B01
201300028245;0;7;0;0;2;1;2;A01
201300028246;0;30;0;0;0;8;15;A01
201300028247;0;30;0;16;0;8;17;A01
201300028248;0;7;0;0;2;1;2;C01
201300028248;0;7;0;0;2;3;13;A01
201300028248;0;37;14;0;2;3;1;B01
201300028249;0;7;0;1;1;3;13;A01
201300028250;0;30;0;12;0;7;14;A01
201300028251;0;7;0;0;2;4;2;C01
201300028251;0;7;0;0;2;1;2;A01
201300028251;0;7;0;0;2;1;2;B01
201300028252;0;30;0;12;0;1;1;A01
201300028253;0;7;0;0;2;1;2;A01
201300028253;0;7;0;0;2;4;23;B01
201300028254;0;30;0;16;0;0;1;A01
201300028255;0;7;0;0;2;6;1;B01
201300028255;0;7;0;0;2;1;9;A01
201300028256;0;7;0;0;2;1;1;B01
201300028256;0;7;0;0;2;1;13;A01
201300028257;0;7;0;0;2;4;2;B01
201300028257;0;7;0;0;2;4;2;C01
201300028257;0;7;0;0;2;1;2;A01
201300028258;1;7;0;0;1;1;1;A01
201300028259;0;7;0;0;2;1;13;A01
201300028259;0;7;0;0;2;1;1;B01
201300028260;0;7;0;0;2;5;2;C01
201300028260;0;7;0;0;2;3;2;B01
201300028260;0;7;0;0;2;3;15;A01
201300028261;0;7;0;0;2;4;2;D01
201300028261;0;7;0;0;2;4;2;B01
201300028261;0;7;0;0;2;4;2;C01
201300028261;0;7;0;0;2;1;2;A01
201300028262;0;35;0;0;0;0;1;A01
201300028263;0;30;0;0;2;1;2;A01
201300028263;0;30;0;0;2;4;2;B01
201300028264;0;31;0;13;0;2;14;A01
201300028265;0;7;0;13;0;9;14;A01