num_acc;senc;catv;occutc;obs;obsm;choc;manv;num_veh
201300028266;0;2;0;0;2;1;1;B01
201300028266;0;7;0;0;2;3;15;A01
201300028267;0;7;0;0;2;2;19;A01
201300028267;0;30;0;0;2;1;1;B01
201300028268;0;7;0;0;1;1;1;A01
201300028269;0;7;0;0;1;1;15;A01
201300028270;0;7;0;8;0;1;13;A01
201300028271;0;7;0;13;0;9;13;A01
201300028272;0;7;0;0;1;3;1;A01
201300028273;0;7;0;0;1;3;1;A01
201300028274;0;7;0;0;2;3;2;A01
201300028274;0;33;0;0;2;4;2;B01
201300028275;0;30;0;12;0;1;1;A01
201300028276;0;1;0;6;0;2;1;A01
201300028277;0;7;0;0;1;1;1;A01
201300028278;0;30;0;14;0;1;1;A01
201300028279;0;7;0;0;0;9;1;A01
201300028280;0;7;0;0;2;1;2;A01
201300028280;0;7;0;0;0;4;23;B01
201300028281;0;7;0;9;0;1;1;A01
201300028282;0;7;0;0;2;1;2;A01
201300028282;0;7;0;0;2;4;2;B01
201300028283;0;7;0;13;0;3;1;A01
201300028284;0;7;0;0;1;1;15;A01
201300028285;0;1;0;0;0;0;0;A01
201300028286;0;7;0;0;1;1;1;A01
201300028287;1;99;0;0;1;0;1;Z01
201300028288;0;7;0;0;1;1;16;A01
201300028289;0;13;0;0;1;1;1;A01
201300028290;0;2;0;0;2;1;1;B01
201300028290;0;7;0;0;2;3;10;A01
201300028291;0;7;0;0;2;1;2;A01
201300028291;0;7;0;0;0;0;23;B01
201300028292;0;30;0;13;0;1;14;A01
201300028293;0;7;0;0;2;1;21;A01
201300028293;0;7;0;3;0;7;21;C01
201300028293;0;7;0;0;2;3;15;B01
201300028294;0;7;0;0;1;5;4;A01
201300028295;0;7;0;0;2;1;2;A01
201300028295;0;7;0;1;2;4;2;B01
201300028295;0;7;0;1;0;4;2;C01
201300028296;0;30;0;15;0;1;6;A01
201300028297;0;7;0;0;2;1;15;A01
201300028297;0;7;0;0;2;3;1;B01
201300028298;0;30;0;0;0;7;1;A01
201300028299;0;7;0;0;2;2;1;B01
201300028299;0;7;0;0;2;1;9;A01
201300028300;0;7;0;0;2;3;2;A01
201300028300;0;7;0;0;2;1;2;B01
201300028300;0;10;0;0;2;1;2;C01
201300028300;0;7;0;0;2;4;23;D01
201300028301;0;7;0;0;2;1;2;A01
201300028301;0;7;0;0;2;4;2;B01
201300028302;0;7;0;0;2;3;16;A01
201300028302;0;7;0;0;2;2;1;B01
201300028303;0;7;0;0;2;3;15;A01
201300028303;0;33;0;0;2;1;1;B01
201300028304;0;7;0;0;2;2;1;B01
201300028304;0;1;0;0;2;1;15;A01
201300028305;1;7;0;0;1;1;1;A01
201300028306;0;1;0;0;2;1;5;A01
201300028306;0;7;0;0;0;3;1;B01
201300028307;0;1;0;1;0;1;2;A01
201300028307;0;7;0;0;0;4;23;B01
201300028308;0;7;0;0;2;3;11;A01
201300028308;0;7;0;0;2;2;1;B01
201300028309;0;7;0;0;2;4;15;A01
201300028309;0;7;0;0;2;1;2;B01
201300028309;0;7;0;0;2;1;2;C01
201300028310;0;33;0;0;2;1;17;A01
201300028310;0;7;0;0;2;3;1;C01
201300028310;0;7;0;0;2;6;2;B01
201300028311;0;10;0;0;1;2;15;A01
201300028312;0;30;0;1;0;7;1;A01
201300028313;0;7;0;0;0;1;1;A01
201300028314;0;7;0;10;0;1;1;A01
201300028315;0;7;0;0;2;2;15;A01
201300028315;0;33;0;0;2;1;1;B01
201300028316;0;1;0;0;2;4;1;B01
201300028316;0;7;0;0;2;2;1;A01
201300028317;0;7;0;0;2;3;24;A01
201300028317;0;1;0;0;2;1;1;B01
201300028318;0;7;0;0;2;2;16;B01
201300028318;0;30;0;0;2;3;18;A01
201300028319;0;30;0;0;0;8;15;A01
201300028320;0;7;0;8;0;5;1;A01
201300028321;0;7;0;0;2;7;1;B01
201300028321;0;1;0;0;2;8;13;A01
201300028322;0;10;0;0;2;7;9;B01
201300028322;0;33;0;0;2;9;1;A01
201300028323;0;7;0;0;1;4;20;A01
201300028324;1;7;0;0;1;2;0;A01
201300028325;0;30;0;8;9;2;1;A01
201300028326;0;7;0;0;2;3;10;A01
201300028326;0;33;0;0;2;1;2;B01
201300028327;0;7;0;0;2;6;2;B01
201300028327;0;30;0;0;2;1;2;A01
201300028328;0;7;0;0;1;2;1;A01
201300028329;0;33;0;3;0;1;13;A01
201300028330;0;7;0;0;0;9;20;A01
201300028331;0;30;0;0;0;8;1;A01
201300028332;0;7;0;2;0;1;1;A01
201300028333;0;1;0;0;2;1;1;A01
201300028333;0;7;0;0;2;2;1;B01
201300028334;0;7;0;9;0;2;1;A01
201300028335;0;7;0;0;1;1;1;A01
201300028336;0;7;0;0;6;1;14;A01
201300028337;0;7;0;0;2;7;1;A01
201300028337;0;7;0;0;2;1;1;B01
201300028338;0;30;0;0;1;1;1;A01
201300028339;0;7;0;0;2;1;19;A01
201300028339;0;7;0;0;0;8;1;B01
201300028340;0;7;0;0;2;3;23;C01
201300028340;0;7;0;0;2;8;1;B01
201300028340;0;7;0;0;2;1;19;A01
201300028341;0;7;0;4;0;3;1;A01
201300028342;0;33;0;12;0;1;14;A01
201300028343;0;7;0;0;2;1;1;A01
201300028343;0;7;0;9;2;2;1;B01
201300028344;0;7;0;0;2;1;15;A01
201300028344;0;10;0;0;2;3;1;B01
201300028345;1;7;0;0;1;1;0;A01
201300028346;0;7;0;4;0;8;1;A01
201300028347;0;7;0;0;2;1;1;B01
201300028347;0;10;0;0;2;6;9;A01
201300028348;0;7;0;0;2;1;1;B01
201300028348;0;7;0;0;2;6;0;A01
201300028349;0;10;0;0;0;0;0;B01
201300028349;0;7;0;0;0;5;2;A01
201300028350;0;33;0;0;0;1;1;A01
201300028351;0;7;0;0;2;1;1;B01
201300028351;0;7;0;0;0;3;19;A01
201300028352;0;7;0;0;2;3;15;A01
201300028352;0;30;0;0;2;1;1;B01
201300028353;0;30;0;0;2;4;2;B01
201300028353;0;7;0;0;2;1;2;A01
201300028354;0;21;0;13;0;3;1;A01
201300028355;0;2;0;0;2;2;17;B01
201300028355;0;7;0;0;2;3;15;A01
201300028356;0;1;0;0;2;7;19;B01
201300028356;0;7;0;0;9;1;1;A01
201300028357;0;7;0;7;0;9;1;A01
201300028358;0;7;0;0;0;2;2;A01
201300028358;0;15;0;3;2;8;2;B01
201300028359;0;1;0;1;0;1;1;A01
201300028359;0;37;1;0;2;4;0;B01
201300028360;0;7;0;0;2;1;1;B01
201300028360;0;7;0;13;2;1;13;A01
201300028361;0;7;0;0;0;5;1;A01
201300028361;0;7;0;0;0;1;9;B01
201300028362;0;7;0;0;0;1;1;B01
201300028362;0;10;0;0;2;1;13;A01
201300028363;0;7;0;3;0;9;17;A01
201300028364;0;7;0;0;1;4;4;A01
201300028365;0;7;0;0;2;1;9;A01
201300028365;0;2;0;0;2;4;16;B01
201300028366;0;10;0;0;2;1;1;B01
201300028366;0;7;0;0;2;1;15;A01
201300028367;0;7;0;0;0;1;1;B01
201300028367;0;7;0;0;2;1;13;A01
201300028368;0;7;0;0;0;4;1;B01
201300028368;0;7;0;0;2;3;13;A01
201300028369;0;2;0;0;0;8;19;A01
201300028369;0;15;0;0;2;1;1;B01
201300028370;0;30;0;0;2;1;1;B01
201300028370;0;10;0;0;2;3;15;A01
201300028371;0;7;0;0;1;1;15;A01
201300028372;0;7;0;0;1;2;15;A01
201300028373;0;7;0;0;0;2;1;B01
201300028373;0;7;0;0;2;1;9;A01
201300028374;0;7;0;0;1;8;1;A01
201300028375;0;7;0;0;1;2;1;A01
201300028376;0;10;0;0;1;5;1;A01
201300028377;1;7;0;0;1;1;20;A01
201300028378;0;7;0;8;2;2;15;A01
201300028378;0;7;0;0;2;1;1;B01
201300028379;0;2;0;0;2;7;1;B01
201300028379;0;7;0;0;2;1;15;A01
201300028380;0;7;0;1;1;1;1;A01
201300028381;0;7;0;0;1;4;4;A01
201300028382;0;7;0;0;2;7;0;A01
201300028382;0;1;0;0;2;1;0;B01
201300028383;2;7;0;0;2;3;0;A01
201300028383;0;7;0;0;2;8;1;B01
201300028384;0;7;0;0;1;4;4;A01
201300028385;0;7;0;0;2;2;1;B01
201300028385;0;7;0;0;2;3;1;A01
201300028386;0;30;0;0;0;1;1;A01
201300028387;0;7;0;0;2;1;1;B01
201300028387;0;1;0;0;2;1;5;A01
201300028388;0;7;0;3;2;1;2;A01
201300028388;0;7;0;3;2;4;2;B01
201300028389;0;7;0;0;2;7;9;A01
201300028389;0;33;0;0;2;1;0;B01
201300028390;0;33;0;14;0;0;0;A01
201300028391;0;7;0;0;0;9;0;A01
201300028392;0;7;0;0;2;3;15;B01
201300028392;0;2;0;0;2;1;1;A01
201300028393;0;7;0;0;2;1;1;A01
201300028393;0;7;0;0;2;3;1;B01
201300028394;0;30;0;0;0;0;0;A01
201300028395;0;7;0;0;2;1;1;A01
201300028395;0;1;0;0;2;8;19;B01
201300028396;0;33;0;0;2;1;1;A01
201300028396;0;7;0;0;2;1;15;B01
201300028397;0;7;0;3;2;1;1;A01
201300028397;0;7;0;0;2;4;1;B01
201300028398;0;7;0;0;1;1;1;A01
201300028399;0;7;0;0;1;4;4;A01
201300028400;0;7;0;0;1;2;1;A01
201300028401;0;2;0;0;2;1;0;B01
201300028401;0;17;0;0;2;0;0;A01
201300028402;0;7;0;0;1;1;15;A01
201300028403;0;7;0;0;2;3;1;B01
201300028403;0;33;0;0;2;1;13;A01
201300028404;0;7;0;0;1;2;1;A01
201300028405;0;7;0;0;1;2;15;A01
201300028406;0;7;0;0;2;3;0;A01
201300028406;0;33;0;0;2;1;1;B01
201300028407;0;7;0;0;1;2;2;A01
201300028408;0;2;0;0;2;1;1;B01
201300028408;0;7;0;0;2;7;19;A01
201300028409;0;7;0;0;1;1;1;A01
201300028410;0;36;0;0;2;1;2;A01
201300028410;0;7;0;0;0;6;2;B01
201300028411;0;30;0;0;2;4;2;B01
201300028411;0;7;0;0;2;1;2;A01
201300028412;0;7;0;0;1;2;16;A01
201300028413;0;10;0;0;2;3;19;B01
201300028413;0;10;0;0;2;1;19;A01
201300028414;0;7;0;0;1;1;15;A01
201300028415;0;7;0;0;2;1;21;B01
201300028415;0;10;0;0;2;5;15;A01
201300028415;0;7;0;0;2;1;1;C01
201300028416;0;7;0;0;1;1;1;A01
201300028417;0;7;0;0;1;1;16;A01
201300028418;0;30;0;8;0;1;1;A01
201300028419;0;7;0;0;2;4;23;B01
201300028419;0;7;0;0;2;1;1;A01
201300028420;0;7;0;6;0;1;1;A01
201300028421;0;30;0;0;2;7;16;B01
201300028421;0;7;0;0;2;1;1;A01
201300028422;0;7;0;0;2;1;2;A01
201300028422;0;7;0;0;2;4;23;B01
201300028423;0;30;0;0;2;1;13;B01
201300028423;0;7;0;0;2;2;0;A01
201300028424;0;7;0;4;0;2;1;A01
201300028425;0;33;0;0;2;1;1;B01
201300028425;0;7;0;0;2;8;19;A01
201300028426;0;7;0;8;0;8;1;A01
201300028427;0;7;0;0;1;2;15;A01
201300028428;0;33;0;0;2;1;1;B01
201300028428;0;7;0;0;2;5;15;A01
201300028429;0;2;0;2;0;1;14;A01
201300028430;0;33;0;0;2;1;1;B01
201300028430;0;7;0;0;2;2;20;A01
201300028431;0;7;0;0;2;2;10;A01
201300028431;0;7;0;0;2;1;1;B01
201300028432;0;33;0;12;0;1;1;A01
201300028433;0;7;0;0;2;2;15;A01
201300028433;0;31;0;0;2;1;1;B01
201300028433;0;7;0;0;2;8;23;C01
201300028434;0;1;0;0;1;1;1;A01
201300028435;0;7;0;0;1;1;0;A01
201300028436;0;33;0;12;0;1;1;A01
201300028437;0;7;0;0;2;8;1;B01
201300028437;0;2;0;0;2;1;1;A01
201300028438;0;7;0;0;2;1;1;A01
201300028438;0;7;0;0;2;4;1;C01
201300028438;0;7;0;0;2;4;1;B01
201300028439;1;7;0;0;1;0;15;Z01
201300028440;0;7;0;0;1;7;1;A01
201300028441;0;33;0;0;2;1;0;B01
201300028441;0;7;0;0;2;7;15;A01
201300028442;0;7;0;0;1;1;1;A01
201300028443;0;7;0;0;2;2;15;A01
201300028443;0;33;0;0;2;0;1;B01
201300028444;0;10;0;0;2;3;1;A01
201300028444;0;7;0;0;2;5;1;B01
201300028445;0;30;0;0;2;1;0;B01
201300028445;0;7;0;0;2;3;11;A01
201300028446;0;7;0;0;2;4;23;B01
201300028446;0;32;0;14;2;1;1;A01
201300028447;0;30;0;0;2;1;1;A01
201300028447;0;10;0;0;2;8;1;B01
201300028448;0;1;0;0;2;2;1;B01
201300028448;2;7;0;0;2;1;1;A01
201300028449;0;7;0;8;1;1;1;A01
201300028450;0;40;0;0;1;2;1;A01
201300028451;0;3;0;0;1;2;1;A01
201300028452;0;33;0;0;2;1;1;B01
201300028452;0;7;0;0;2;8;15;A01
201300028453;0;7;0;0;2;7;16;A01
201300028453;0;32;0;0;2;1;1;B01
201300028454;0;7;0;0;2;8;1;B01
201300028454;0;7;0;0;2;1;1;A01
201300028455;0;32;0;0;2;1;1;B01
201300028455;0;7;0;0;0;8;0;A01
201300028456;0;33;0;0;2;1;1;B01
201300028456;0;7;0;0;2;2;15;A01
201300028457;0;7;0;0;2;1;1;A01
201300028457;0;7;0;0;2;1;15;B01
201300028458;0;7;0;0;2;2;2;B01
201300028458;0;2;0;0;2;1;19;A01
201300028459;0;37;1;0;1;2;0;A01
201300028460;0;7;0;0;1;1;15;A01
201300028461;0;32;0;0;2;1;1;B01
201300028461;0;7;0;0;2;3;15;A01
201300028462;0;7;0;0;1;7;16;A01
201300028463;0;7;0;0;1;3;1;A01
201300028464;0;7;0;0;2;1;1;B01
201300028464;0;7;0;0;2;1;1;A01
201300028465;0;7;0;0;2;4;2;C01
201300028465;0;7;0;0;2;1;2;A01
201300028465;0;7;0;0;2;4;2;B01
201300028466;0;2;0;0;2;1;1;B01
201300028466;0;7;0;0;2;3;19;A01
201300028467;1;7;0;0;2;1;1;Z01
201300028467;0;7;0;0;2;4;1;A01
201300028467;0;7;0;0;2;4;1;B01
201300028468;0;7;0;0;1;2;1;A01
201300028469;0;7;0;0;1;2;1;A01
201300028470;0;7;0;0;1;3;15;A01
201300028471;0;7;0;0;1;4;4;A01
201300028472;0;10;0;0;2;1;21;A01
201300028472;0;10;0;0;2;4;23;B01
201300028473;0;7;0;0;1;1;21;A01
201300028474;0;31;0;0;1;1;21;A01
201300028475;0;7;0;0;2;3;1;B01
201300028475;0;7;0;0;2;2;1;A01
201300028476;0;7;0;0;2;1;1;A01
201300028476;0;7;0;12;0;0;21;C01
201300028476;0;7;0;0;2;4;23;B01
201300028477;0;7;0;0;2;1;1;A01
201300028477;0;7;0;0;2;4;23;B01
201300028478;0;7;0;0;2;2;1;B01
201300028478;0;33;0;0;0;7;0;A01
201300028479;0;7;0;0;2;4;23;B01
201300028479;0;7;0;0;2;1;21;A01
201300028480;0;7;0;0;1;4;4;A01
201300028481;0;7;0;0;2;3;1;A01
201300028481;0;7;0;0;2;2;1;B01
201300028482;0;30;0;0;2;7;1;A01
201300028482;0;7;0;0;2;2;16;B01
201300028483;0;7;0;6;0;1;13;A01
201300028484;0;7;0;0;2;8;15;A01
201300028484;0;33;0;6;2;2;21;B01
201300028485;0;7;0;2;2;2;1;A01
201300028485;0;7;0;12;2;8;1;B01
201300028486;0;10;0;0;2;1;13;A01
201300028486;0;1;0;0;2;4;1;B01
201300028487;0;7;0;8;0;1;13;A01
201300028488;0;2;0;0;2;1;1;B01
201300028488;0;7;0;0;2;7;15;A01
201300028489;0;2;0;0;2;1;13;B01
201300028489;0;7;0;0;2;8;15;A01
201300028490;0;33;0;12;0;1;1;A01
201300028491;0;7;0;0;0;6;15;A01
201300028491;0;33;0;0;2;1;0;B01
201300028492;0;7;0;0;1;1;1;A01
201300028493;0;7;0;0;2;6;1;B01
201300028493;0;7;0;0;2;3;13;A01
201300028494;0;7;0;0;2;6;15;B01
201300028494;0;33;0;0;2;2;17;A01
201300028495;0;2;0;0;2;0;0;A01
201300028495;1;7;0;0;2;0;0;Z01
201300028496;0;7;0;0;2;0;0;B01
201300028496;0;7;0;0;2;0;0;A01
201300028497;0;7;0;15;0;1;0;A01
201300028498;0;7;0;0;0;0;0;A01
201300028499;0;7;0;0;1;3;1;A01
201300028500;0;7;0;1;0;3;13;A01
201300028501;0;7;0;0;2;2;1;B01
201300028501;0;30;0;0;2;3;1;A01
201300028502;0;30;0;0;2;1;17;B01
201300028502;0;7;0;0;2;3;15;A01
201300028503;0;7;0;0;2;2;9;A01
201300028503;0;1;0;0;2;5;0;B01
201300028504;0;10;0;11;2;1;1;B01
201300028504;0;7;0;0;2;8;15;A01
201300028505;0;7;0;0;1;7;1;A01
201300028506;0;7;0;0;1;1;1;A01
201300028507;0;2;0;0;2;1;17;A01
201300028507;0;7;0;0;2;8;15;B01
201300028508;0;7;0;0;1;2;1;A01
201300028509;0;7;0;0;2;1;13;A01
201300028509;0;7;0;0;2;1;1;B01
201300028510;0;7;0;0;2;3;13;A01
201300028510;0;7;0;0;2;3;1;B01
201300028511;0;7;0;13;0;1;1;A01
201300028512;0;14;0;0;1;7;4;A01
201300028513;0;33;0;9;0;9;11;A01
201300028514;0;33;0;3;0;8;1;A01
201300028515;0;7;0;6;2;1;1;A01
201300028515;0;7;0;0;2;6;15;B01
201300028516;0;7;0;8;0;1;1;A01
201300028517;0;34;0;0;2;1;1;A01
201300028517;0;7;0;0;2;8;15;B01
201300028518;0;7;0;0;1;1;1;A01
201300028519;0;33;0;0;2;1;2;A01
201300028519;0;7;0;0;2;6;15;B01
201300028520;0;17;0;0;2;6;18;A01
201300028520;0;3;0;0;2;7;14;B01
201300028521;0;31;0;0;2;2;17;A01
201300028521;0;7;0;0;2;3;13;B01
201300028522;0;2;0;1;1;1;1;A01
201300028523;0;3;0;0;1;1;1;A01
201300028524;0;7;0;0;2;2;15;A01
201300028524;0;33;0;0;2;8;1;B01
201300028525;0;7;0;0;1;2;1;A01
201300028526;0;7;0;0;2;2;15;A01
201300028526;0;2;0;0;2;1;17;B01
201300028527;0;7;0;0;1;2;2;A01
201300028528;0;7;0;0;1;2;1;A01
201300028529;0;10;0;0;2;1;1;A01
201300028529;0;7;0;0;2;1;1;B01
201300028530;0;10;0;0;2;2;15;A01
201300028530;0;33;0;0;2;1;1;B01
201300028531;0;7;0;0;2;2;13;A01
201300028531;0;7;0;0;2;1;1;B01
201300028532;0;7;0;7;0;0;0;A01
201300028533;0;7;0;0;2;1;13;A01
201300028533;0;7;0;0;2;1;1;B01
201300028534;0;7;0;0;1;2;1;A01
201300028535;0;2;0;0;2;1;0;B01
201300028535;0;7;0;0;2;3;10;A01
201300028536;0;7;0;0;2;2;2;A01
201300028536;0;1;0;0;2;4;2;B01
201300028537;0;2;0;3;0;2;15;A01
201300028538;0;7;0;0;2;1;13;A01
201300028538;0;7;0;13;0;7;21;C01
201300028538;0;7;0;0;2;3;1;B01
201300028539;0;7;0;9;1;1;1;A01
201300028540;0;7;0;0;1;1;1;A01
201300028541;0;7;0;0;0;7;2;A01
201300028541;0;1;0;0;0;0;0;B01
201300028542;0;7;0;1;0;3;13;A01
201300028543;0;7;0;0;1;1;1;A01
201300028544;0;7;0;0;1;2;2;A01
201300028545;0;7;0;0;2;7;15;B01
201300028545;0;33;0;0;2;7;1;A01
201300028546;0;2;0;0;2;2;1;A01
201300028546;0;7;0;0;0;3;15;B01
201300028547;0;7;0;0;1;1;1;A01
201300028548;0;7;0;0;2;3;15;B01
201300028548;0;7;0;0;2;1;2;A01
201300028549;0;7;0;11;0;0;6;A01
201300028550;0;7;0;0;2;1;1;B01
201300028550;0;7;0;0;2;3;9;A01
201300028551;0;7;0;3;0;9;2;A01
201300028552;0;7;0;0;2;1;5;A01
201300028552;0;7;0;0;2;1;23;B01
201300028553;0;7;0;0;2;1;1;B01
201300028553;0;7;0;0;2;6;9;A01
201300028554;0;7;0;0;1;1;1;A01
201300028555;0;7;0;2;9;9;1;A01
201300028556;0;7;0;13;0;9;1;A01
201300028557;0;7;0;0;2;4;0;B01
201300028557;0;7;0;0;2;1;2;A01
201300028558;0;7;0;0;2;3;1;B01
201300028558;1;7;0;0;2;1;9;A01
201300028559;0;7;0;0;2;3;1;B01
201300028559;1;7;0;0;2;1;16;A01
201300028560;0;7;0;0;2;1;5;A01
201300028560;0;7;0;0;2;1;5;B01
201300028561;1;99;0;0;1;0;0;A01
201300028562;0;3;0;0;1;1;1;A01
201300028563;0;3;0;0;2;2;1;A01
201300028563;0;3;0;0;2;1;1;B01
201300028564;0;33;0;0;2;8;1;B01
201300028564;0;30;0;0;2;7;2;A01
201300028565;0;33;0;0;2;1;1;B01
201300028565;0;7;0;0;2;1;19;A01
201300028566;0;7;0;0;2;1;9;A01
201300028566;0;7;0;0;2;1;1;B01
201300028567;0;7;0;0;1;1;1;A01
201300028568;0;2;0;0;2;1;12;B01
201300028568;0;7;0;0;2;1;15;A01
201300028569;0;33;0;0;0;7;17;A01
201300028570;0;7;0;0;2;8;19;A01
201300028570;0;33;0;0;2;1;1;B01
201300028571;0;31;0;0;2;8;15;A01
201300028571;0;7;0;0;2;7;17;B01
201300028572;0;7;0;0;2;3;23;C01
201300028572;0;33;0;8;2;9;21;B01
201300028572;0;7;0;0;0;0;15;A01
201300028573;0;7;0;0;2;4;1;B01
201300028573;0;7;0;0;2;1;1;A01
201300028574;0;7;0;8;2;6;1;A01
201300028574;0;7;0;0;2;3;15;B01
201300028575;0;7;0;0;1;2;1;A01
201300028576;0;15;0;3;0;7;9;A01
201300028577;0;7;0;15;0;9;14;A01
201300028578;0;7;0;8;0;1;0;A01
201300028579;0;7;0;0;1;4;20;A01
201300028580;0;7;0;0;2;1;1;B01
201300028580;0;7;0;0;2;1;5;A01
201300028581;0;7;0;0;2;4;1;B01
201300028581;0;7;0;0;2;1;1;A01
201300028582;0;7;0;0;1;2;1;A01
201300028583;0;7;0;0;1;2;17;A01
201300028584;0;7;0;0;2;1;13;A01
201300028584;0;7;0;0;2;1;1;B01
201300028585;0;7;0;0;2;1;1;A01
201300028585;0;33;0;0;2;4;1;B01
201300028586;0;7;0;0;1;1;1;A01
201300028587;0;7;0;6;0;1;0;A01
201300028588;0;7;0;0;2;2;2;A01
201300028588;0;7;0;13;2;6;1;B01
201300028589;0;7;0;0;1;2;1;A01
201300028590;0;7;0;13;0;0;1;A01
201300028591;0;7;0;0;2;1;1;A01
201300028591;0;7;0;0;2;4;1;B01
201300028592;0;10;0;0;2;6;9;B01
201300028592;0;3;0;0;2;1;14;A01
201300028593;0;7;0;6;2;9;1;A01
201300028594;0;7;0;0;2;4;2;B01
201300028594;0;7;0;0;2;1;2;A01
201300028595;0;31;0;0;2;3;1;B01
201300028595;0;7;0;0;2;1;1;A01
201300028596;0;7;0;0;0;8;15;B01
201300028596;0;33;0;0;2;1;2;A01
201300028597;0;30;0;0;2;7;1;A01
201300028597;0;7;0;0;2;3;1;B01
201300028598;0;7;0;0;1;2;16;A01
201300028599;1;7;0;0;1;0;0;Z01
201300028600;0;37;4;0;1;5;9;A01
201300028601;0;7;0;0;2;1;2;A01
201300028601;0;7;0;0;0;4;2;B01
201300028601;0;10;0;0;2;4;23;C01
201300028602;0;7;0;0;2;1;2;A01
201300028602;0;7;0;0;2;4;2;B01
201300028603;0;2;0;0;0;0;1;B01
201300028603;0;7;0;0;2;0;15;A01
201300028604;0;7;0;0;1;0;0;A01
201300028605;1;7;0;0;1;0;0;Z01
201300028606;0;7;0;0;2;4;2;B01
201300028606;0;7;0;0;2;1;2;A01
201300028607;0;2;0;0;2;2;1;B01
201300028607;0;7;0;0;2;1;9;A01
201300028608;0;7;0;0;2;1;2;A01
201300028608;0;7;0;0;2;4;2;C01
201300028608;0;7;0;0;2;4;2;B01
201300028609;0;2;0;0;0;1;1;A01
201300028610;1;7;0;0;1;0;0;Z01
201300028611;0;10;0;0;2;1;15;A01
201300028611;0;7;0;0;2;1;1;B01
201300028612;0;30;0;0;1;7;0;B01
201300028612;0;7;0;0;2;3;11;A01
201300028613;0;10;0;0;2;1;2;A01
201300028613;0;7;0;0;2;4;23;B01
201300028614;2;14;0;0;1;1;1;A01
201300028615;0;7;0;0;2;1;0;B01
201300028615;0;7;0;0;2;1;0;A01
201300028616;0;7;0;0;1;1;1;A01
201300028617;0;7;0;0;2;1;0;B01
201300028617;0;7;0;0;2;1;15;A01
201300028618;0;7;0;0;2;4;23;B01
201300028618;0;7;0;0;2;4;23;C01
201300028618;0;7;0;0;2;1;2;A01
201300028619;0;30;0;0;1;1;0;A01
201300028620;0;7;0;0;2;2;1;B01
201300028620;0;7;0;0;2;8;11;A01
201300028621;0;7;0;0;2;1;15;A01
201300028621;0;2;0;0;2;3;0;B01
201300028622;0;7;0;0;1;7;2;A01
201300028623;0;7;0;0;2;4;1;B01
201300028623;0;7;0;0;2;1;1;A01
201300028623;0;7;0;0;2;4;15;C01
201300028624;0;7;0;0;2;5;15;A01
201300028624;0;7;0;0;2;3;0;D01
201300028624;0;33;0;0;2;1;0;B01
201300028624;0;7;0;0;2;3;0;C01
201300028625;0;7;0;0;2;2;15;A01
201300028625;0;7;0;0;2;1;0;B01
201300028626;0;7;0;0;1;3;2;A01
201300028627;0;7;0;0;1;0;1;A01
201300028628;0;7;0;0;1;1;1;A01
201300028629;0;7;0;1;0;1;0;A01
201300028630;0;7;0;0;1;0;15;A01
201300028631;0;7;0;1;0;1;1;A01
201300028632;1;99;0;0;1;2;0;Z01
201300028633;0;7;0;0;1;7;1;A01
201300028634;0;7;0;0;2;1;2;A01
201300028634;0;7;0;0;2;4;2;B01
201300028635;1;7;0;0;2;1;2;A01
201300028635;0;7;0;0;2;4;2;B01
201300028636;0;7;0;0;2;4;2;B01
201300028636;1;7;0;0;2;1;2;A01
201300028637;0;10;0;0;1;0;0;A01
201300028638;0;7;0;0;2;3;12;A01
201300028638;0;7;0;0;2;5;1;B01
201300028638;0;7;0;0;2;1;1;C01
201300028639;0;7;0;0;2;3;9;A01
201300028639;0;10;0;1;2;2;1;B01
201300028640;0;7;0;0;1;1;16;A01
201300028641;0;37;1;0;1;0;0;A01
201300028642;1;7;0;0;1;1;1;Z01
201300028643;0;2;0;0;2;8;2;B01
201300028643;0;7;0;0;2;2;9;A01
201300028644;0;1;0;0;2;8;1;B01
201300028644;1;33;0;0;2;1;1;A01
201300028645;0;7;0;0;1;3;1;A01
201300028646;0;7;0;0;9;3;15;A01
201300028646;0;1;0;0;2;2;1;B01
201300028647;0;7;0;0;2;1;1;B01
201300028647;0;7;0;0;2;2;1;A01
201300028648;0;7;0;0;2;3;0;A01
201300028648;0;30;0;0;2;1;0;B01
201300028649;0;2;0;0;1;1;1;A01
201300028650;0;7;0;8;2;1;1;A01
201300028650;0;37;1;0;2;8;1;B01
201300028651;0;7;0;0;1;0;15;A01
201300028652;0;7;0;0;2;1;0;B01
201300028652;0;7;0;0;2;6;0;A01
201300028653;0;7;0;0;1;1;1;B01
201300028654;0;7;0;0;2;6;0;B01
201300028654;0;7;0;0;2;1;0;A01
201300028655;0;7;0;0;1;8;1;A01
201300028656;0;7;0;0;2;3;1;A01
201300028656;0;7;0;0;2;3;1;B01
201300028657;0;31;0;0;2;0;0;A01
201300028657;0;7;0;0;2;5;0;B01
201300028658;1;99;0;0;2;1;1;Z01
201300028658;0;2;0;0;2;4;1;A01
201300028659;0;7;0;0;1;1;1;A01
201300028660;0;7;0;0;1;3;1;A01
201300028661;0;37;25;0;2;1;1;B01
201300028661;0;7;0;15;2;2;15;A01
201300028661;0;7;0;0;2;1;1;C01
201300028662;0;7;0;0;2;6;2;B01
201300028662;0;7;0;0;2;0;2;A01
201300028663;0;30;0;0;1;0;0;A01
201300028664;0;7;0;8;0;6;1;A01
201300028665;0;1;0;0;2;1;1;B01
201300028665;0;7;0;0;2;3;15;A01