num_acc;senc;catv;occutc;obs;obsm;choc;manv;num_veh
201300028666;0;7;0;0;2;7;15;A01
201300028666;0;7;0;0;2;1;0;B01
201300028667;0;7;0;6;0;9;1;A01
201300028668;0;7;0;1;0;2;1;A01
201300028669;0;7;0;0;1;2;0;A01
201300028670;0;1;0;0;1;1;5;A01
201300028671;0;7;0;0;2;4;23;C01
201300028671;0;7;0;0;2;4;23;B01
201300028671;1;7;0;0;2;1;2;Z01
201300028672;0;7;0;0;2;4;2;B01
201300028672;0;32;0;0;2;1;2;A01
201300028673;0;33;0;0;1;6;1;A01
201300028674;0;7;0;0;2;3;1;A01
201300028674;0;7;0;0;2;2;1;B01
201300028675;0;7;0;0;2;6;2;B01
201300028675;0;7;0;0;2;2;2;A01
201300028676;0;7;0;0;2;7;0;A01
201300028676;0;7;0;0;2;1;0;B01
201300028677;0;7;0;0;2;8;1;A01
201300028677;0;7;0;0;2;1;1;B01
201300028678;0;7;0;0;2;4;23;C01
201300028678;0;7;0;0;2;4;23;B01
201300028678;0;7;0;0;2;1;1;A01
201300028678;0;7;0;0;2;4;23;D01
201300028679;0;30;0;0;2;1;0;B01
201300028679;0;7;0;0;2;6;0;A01
201300028680;0;40;0;0;1;0;0;A01
201300028681;0;7;0;0;2;1;0;B01
201300028681;0;7;0;0;2;1;13;A01
201300028682;0;7;0;0;1;2;1;A01
201300028683;0;3;0;0;1;1;1;A01
201300028684;0;7;0;0;1;0;0;A01
201300028685;0;7;0;0;2;1;2;A01
201300028685;0;7;0;0;2;4;2;C01
201300028685;0;7;0;0;2;1;2;B01
201300028686;0;10;0;0;2;1;2;A01
201300028686;0;7;0;0;2;4;2;B01
201300028687;0;7;0;0;2;2;2;A01
201300028687;0;7;0;0;2;4;2;B01
201300028688;0;7;0;0;1;1;1;A01
201300028689;0;7;0;0;2;4;2;B01
201300028689;0;7;0;0;2;1;2;A01
201300028690;0;1;0;0;2;1;0;B01
201300028690;0;7;0;0;2;6;0;A01
201300028691;0;7;0;0;1;0;15;A01
201300028692;0;7;0;0;1;1;0;A01
201300028693;0;40;0;0;1;7;23;A01
201300028694;0;7;0;0;2;3;0;A01
201300028694;0;33;0;0;2;1;0;B01
201300028695;0;7;0;3;2;1;2;A01
201300028695;0;7;0;0;2;4;1;B01
201300028696;0;7;0;0;1;1;1;A01
201300028697;0;33;0;0;2;1;18;A01
201300028697;0;7;0;0;2;7;20;B01
201300028698;0;7;0;0;2;1;0;A01
201300028698;0;7;0;0;2;8;0;B01
201300028699;0;31;0;0;0;8;1;A01
201300028700;0;7;0;0;1;1;1;A01
201300028701;0;7;0;0;1;7;22;A01
201300028702;0;7;0;0;2;3;0;A01
201300028702;0;7;0;0;2;1;0;B01
201300028703;2;7;0;0;2;1;0;A01
201300028703;0;7;0;0;2;1;0;B01
201300028704;1;7;0;0;1;0;1;Z01
201300028705;0;7;0;0;9;3;15;B01
201300028705;0;1;0;0;2;1;1;A01
201300028706;0;7;0;0;2;4;2;B01
201300028706;1;99;0;0;0;0;0;Z01
201300028707;0;2;0;0;2;1;0;B01
201300028707;0;7;0;0;2;1;13;A01
201300028708;0;1;0;0;2;4;2;B01
201300028708;1;99;0;0;0;0;0;Z01
201300028709;0;33;0;0;2;0;15;A01
201300028709;0;7;0;0;2;1;1;B01
201300028710;0;7;0;0;1;1;0;A01
201300028711;0;7;0;0;2;8;1;B01
201300028711;0;7;0;0;2;1;1;A01
201300028712;0;7;0;0;2;7;0;A01
201300028712;0;7;0;0;2;1;0;B01
201300028713;0;10;0;0;2;8;1;B01
201300028713;0;7;0;0;2;2;16;A01
201300028714;0;7;0;0;1;0;15;A01
201300028715;0;7;0;0;1;1;1;A01
201300028716;0;7;0;6;0;1;1;A01
201300028717;0;7;0;0;2;4;2;B01
201300028717;0;7;0;0;2;1;2;A01
201300028717;0;7;0;0;2;4;2;C01
201300028718;0;7;0;0;2;1;2;A01
201300028718;0;7;0;0;2;4;2;B01
201300028719;0;7;0;0;1;3;0;A01
201300028720;0;2;0;0;2;1;0;A01
201300028720;0;7;0;0;2;6;0;B01
201300028721;0;40;0;0;2;6;2;B01
201300028721;0;1;0;0;2;3;2;A01
201300028722;0;7;0;0;2;8;13;A01
201300028722;0;33;0;0;2;0;11;B01
201300028723;0;7;0;0;1;2;1;A01
201300028724;0;3;0;0;2;1;0;B01
201300028724;0;3;0;0;2;7;0;A01
201300028725;0;7;0;0;2;4;23;C01
201300028725;0;7;0;0;2;1;2;A01
201300028725;0;7;0;0;2;4;23;B01
201300028725;0;7;0;0;2;4;23;D01
201300028726;0;32;0;0;2;0;0;B01
201300028726;0;7;0;0;2;1;0;A01
201300028727;1;7;0;0;1;0;0;Z01
201300028728;0;32;0;0;2;1;0;B01
201300028728;0;7;0;0;2;2;0;A01
201300028729;0;1;0;0;2;0;0;B01
201300028729;0;7;0;0;2;2;15;A01
201300028730;0;33;0;0;2;1;0;A01
201300028730;0;33;0;0;2;4;0;B01
201300028731;0;7;0;0;1;2;1;A01
201300028732;0;14;0;0;2;2;1;A01
201300028732;0;7;0;0;2;3;1;B01
201300028733;0;7;0;0;1;1;0;A01
201300028734;1;7;0;0;2;1;2;Z01
201300028734;0;7;0;0;2;4;2;B01
201300028735;0;31;0;0;2;1;21;A01
201300028735;0;7;0;0;2;7;0;B01
201300028735;0;7;0;0;0;0;0;C01
201300028736;0;7;0;0;1;2;1;A01
201300028737;0;30;0;0;2;1;0;B01
201300028737;0;7;0;0;2;1;15;A01
201300028738;0;7;0;0;1;0;0;A01
201300028739;0;31;0;0;2;1;1;A01
201300028739;0;2;0;0;2;4;23;B01
201300028740;0;7;0;0;2;4;1;B01
201300028740;0;7;0;0;2;1;9;A01
201300028741;0;7;0;0;2;3;13;A01
201300028741;0;7;0;0;2;3;0;B01
201300028741;0;7;0;0;2;8;0;C01
201300028742;0;7;0;0;2;2;0;B01
201300028742;0;1;0;0;2;0;0;A01
201300028743;0;1;0;0;1;0;0;A01
201300028744;0;7;0;0;1;1;1;A01
201300028745;0;7;0;0;2;3;0;A01
201300028745;0;34;0;0;2;8;0;B01
201300028746;0;7;0;0;1;0;0;A01
201300028747;0;7;0;0;1;3;15;A01
201300028748;1;7;0;0;0;0;0;Z01
201300028748;0;2;0;0;2;0;21;A01
201300028749;0;40;0;0;1;2;0;A01
201300028750;0;7;0;0;2;1;0;A01
201300028750;0;7;0;0;2;8;0;B01
201300028751;0;31;0;0;2;1;0;A01
201300028751;0;7;0;0;2;1;0;B01
201300028752;0;7;0;0;2;4;2;B01
201300028752;0;14;0;0;2;2;2;A01
201300028753;0;7;0;0;2;4;23;B01
201300028753;0;7;0;0;2;1;2;A01
201300028754;0;7;0;0;1;4;4;A01
201300028755;1;99;0;0;1;0;0;Z01
201300028756;0;10;0;0;2;1;2;A01
201300028756;0;7;0;0;2;4;23;C01
201300028756;0;7;0;0;2;4;23;B01
201300028757;0;7;0;0;2;4;2;B01
201300028757;0;7;0;1;2;6;2;C01
201300028757;0;7;0;0;2;1;2;A01
201300028757;0;7;0;0;2;2;1;D01
201300028758;1;7;0;0;2;1;9;Z01
201300028758;0;2;0;0;2;3;1;B01
201300028759;0;10;0;0;2;4;2;B01
201300028759;0;7;0;0;2;1;2;A01
201300028760;0;7;0;0;2;2;1;B01
201300028760;0;7;0;0;2;3;15;A01
201300028761;0;37;1;0;2;6;0;B01
201300028761;0;7;0;0;2;2;0;A01
201300028762;0;34;0;0;2;0;0;B01
201300028762;0;7;0;0;2;3;20;A01
201300028763;0;7;0;0;2;1;0;A01
201300028763;0;7;0;0;2;4;2;B01
201300028764;0;32;0;0;2;2;2;A01
201300028764;0;7;0;0;2;6;23;B01
201300028765;0;7;0;0;1;3;15;A01
201300028766;0;7;0;0;2;8;0;B01
201300028766;0;32;0;0;2;7;0;A01
201300028767;0;7;0;0;2;8;24;C01
201300028767;0;7;0;0;1;6;24;B01
201300028767;0;7;0;0;2;1;24;A01
201300028768;0;7;0;0;2;1;0;B01
201300028768;0;1;0;0;2;1;0;A01
201300028769;0;2;0;0;2;2;1;B01
201300028769;0;7;0;0;2;8;24;A01
201300028770;0;7;0;0;0;0;16;A01
201300028770;0;1;0;0;0;0;2;B01
201300028771;0;7;0;0;2;7;1;B01
201300028771;0;1;0;0;2;1;1;A01
201300028772;0;7;0;0;2;4;1;B01
201300028772;0;7;0;0;2;1;0;A01
201300028773;0;7;0;0;2;1;2;A01
201300028773;0;33;0;0;2;4;2;B01
201300028774;0;33;0;0;2;1;1;B01
201300028774;0;33;0;0;2;1;1;A01
201300028775;0;7;0;0;1;2;0;A01
201300028776;0;1;0;0;2;8;9;A01
201300028776;0;37;7;0;2;7;1;B01
201300028777;0;7;0;1;0;2;4;A01
201300028778;0;7;0;0;2;3;0;B01
201300028778;0;2;0;0;2;2;0;A01
201300028779;0;10;0;0;2;3;1;B01
201300028779;0;7;0;0;2;1;1;A01
201300028780;0;7;0;0;2;2;1;A01
201300028780;0;10;0;0;2;3;4;B01
201300028781;1;7;0;0;0;0;0;Z01
201300028781;0;7;0;12;0;2;0;A01
201300028782;0;7;0;0;2;0;0;A01
201300028782;0;1;0;0;2;0;0;B01
201300028783;0;1;0;0;2;1;1;B01
201300028783;0;10;0;0;2;2;15;A01
201300028784;0;3;0;0;2;1;2;A01
201300028784;0;7;0;0;2;4;23;B01
201300028785;0;2;0;0;2;1;0;B01
201300028785;1;7;0;0;2;3;15;Z01
201300028786;1;7;0;0;1;0;0;Z01
201300028787;0;34;0;0;1;1;1;A01
201300028788;0;7;0;6;0;1;21;A01
201300028788;1;7;0;0;0;0;15;Z01
201300028789;0;1;0;0;2;0;0;B01
201300028789;0;7;0;0;2;2;15;A01
201300028790;0;7;0;1;0;2;1;A01
201300028791;0;33;0;0;2;1;18;A01
201300028791;0;7;0;0;2;2;10;B01
201300028792;0;7;0;0;2;1;2;A01
201300028792;0;37;4;0;2;4;23;B01
201300028793;0;33;0;0;2;7;5;A01
201300028793;0;7;0;0;2;1;15;B01
201300028794;1;99;0;0;0;0;0;A01
201300028794;0;7;0;0;2;8;15;B01
201300028795;0;7;0;11;0;9;5;A01
201300028796;1;7;0;0;2;1;2;A01
201300028796;0;7;0;0;2;4;2;B01
201300028797;0;20;0;0;2;4;4;A01
201300028797;0;31;0;0;2;1;2;B01
201300028798;0;2;0;0;1;1;1;A01
201300028799;0;7;0;0;2;2;1;B01
201300028799;0;7;0;0;2;3;10;A01
201300028800;0;7;0;0;2;4;2;B01
201300028800;0;7;0;0;2;1;2;A01
201300028801;0;7;0;0;2;1;1;B01
201300028801;0;7;0;0;2;7;0;A01
201300028802;0;7;0;0;2;4;2;C01
201300028802;0;7;0;0;2;1;2;A01
201300028802;0;7;0;0;2;4;2;B01
201300028803;0;13;0;0;1;8;4;A01
201300028804;0;30;0;0;2;1;0;A01
201300028804;0;1;0;0;2;0;0;B01
201300028805;0;33;0;0;2;8;1;B01
201300028805;0;7;0;0;9;3;15;A01
201300028806;0;7;0;0;2;1;15;A01
201300028806;0;7;0;0;2;1;16;B01
201300028807;0;2;0;0;2;1;1;A01
201300028807;0;10;0;0;2;7;10;B01
201300028808;1;7;0;0;2;2;15;Z01
201300028808;0;1;0;0;2;1;10;B01
201300028809;0;7;0;0;2;3;2;A01
201300028809;0;7;0;0;2;5;2;B01
201300028810;0;7;0;0;2;1;2;A01
201300028810;0;7;0;0;2;4;2;B01
201300028810;0;7;0;0;2;4;2;C01
201300028811;0;7;0;0;1;3;15;A01
201300028812;0;7;0;0;2;1;5;A01
201300028812;0;7;0;0;2;2;0;B01
201300028813;0;1;0;0;2;1;19;B01
201300028813;1;7;0;0;2;2;1;Z01
201300028814;0;7;0;0;9;2;0;B01
201300028814;0;1;0;0;2;1;0;A01
201300028815;0;1;0;0;2;1;0;B01
201300028815;0;7;0;0;0;2;0;A01
201300028816;0;30;0;0;2;1;0;B01
201300028816;0;7;0;0;2;2;0;A01
201300028817;0;7;0;1;2;7;5;A01
201300028817;0;7;0;0;2;1;0;B01
201300028818;0;30;0;0;2;0;2;B01
201300028818;0;10;0;0;2;7;2;A01
201300028819;0;7;0;0;1;1;1;A01
201300028820;0;31;0;0;2;1;2;A01
201300028820;0;7;0;0;2;4;23;B01
201300028821;0;7;0;0;1;2;15;A01
201300028822;1;7;0;0;1;4;4;A01
201300028823;0;7;0;7;0;8;1;A01
201300028824;0;7;0;0;2;1;1;A01
201300028824;0;10;0;0;2;4;2;B01
201300028824;0;7;0;0;2;4;23;C01
201300028825;0;7;0;0;1;4;4;A01
201300028826;0;7;0;0;1;1;15;A01
201300028827;0;7;0;0;1;2;1;A01
201300028828;0;7;0;0;1;0;20;A01
201300028829;1;7;0;0;2;1;1;Z01
201300028829;0;7;0;0;2;4;23;B01
201300028830;0;7;0;0;2;3;0;B01
201300028830;0;1;0;0;2;2;0;A01
201300028831;0;7;0;0;2;3;1;A01
201300028831;0;7;0;0;2;1;1;B01
201300028832;0;33;0;0;2;0;21;B01
201300028833;0;33;0;0;2;7;17;A01
201300028833;0;7;0;0;2;1;0;B01
201300028834;0;7;0;0;1;2;0;A01
201300028835;0;7;0;0;2;1;2;A01
201300028835;0;7;0;0;2;4;23;B01
201300028835;0;7;0;0;2;4;23;C01
201300028836;0;1;0;0;2;2;0;B01
201300028836;0;7;0;0;2;3;16;A01
201300028837;0;1;0;1;2;3;0;B01
201300028837;0;2;0;0;2;2;0;A01
201300028838;0;7;0;0;2;1;2;A01
201300028838;0;7;0;0;2;4;2;B01
201300028839;0;7;0;0;1;2;0;A01
201300028840;0;7;0;0;1;1;0;A01
201300028841;0;7;0;0;2;1;0;A01
201300028841;0;1;0;0;2;0;0;B01
201300028842;0;33;0;0;2;1;1;B01
201300028842;1;7;0;0;2;2;15;A01
201300028843;0;1;0;0;2;8;0;B01
201300028843;0;7;0;0;2;3;15;A01
201300028844;0;1;0;14;0;0;0;A01
201300028844;0;7;0;0;2;3;0;B01
201300028845;0;7;0;0;1;4;0;A01
201300028846;0;7;0;0;2;3;0;A01
201300028846;0;7;0;0;2;3;0;B01
201300028847;0;7;0;0;1;2;9;A01
201300028848;0;7;0;0;2;4;1;B01
201300028848;0;7;0;0;2;1;2;A01
201300028849;0;7;0;6;2;8;1;A01
201300028850;0;7;0;0;2;1;2;A01
201300028850;0;7;0;0;2;4;23;B01
201300028851;1;99;0;0;0;0;0;Z01
201300028851;0;1;0;0;2;7;0;B01
201300028852;0;7;0;0;2;4;2;B01
201300028852;0;30;0;14;0;1;2;A01
201300028853;0;7;0;0;2;1;0;B01
201300028853;0;7;0;0;2;1;13;A01
201300028854;0;7;0;0;2;2;1;B01
201300028854;0;7;0;0;2;3;9;A01
201300028855;0;7;0;0;2;1;0;A01
201300028855;0;7;0;0;2;1;0;B01
201300028856;0;37;5;0;2;1;0;B01
201300028856;0;7;0;0;2;7;0;A01
201300028857;0;10;0;0;2;4;23;B01
201300028857;0;10;0;0;2;1;2;A01
201300028858;0;7;0;0;1;1;0;A01
201300028859;0;1;0;0;2;8;1;B01
201300028859;1;7;0;0;2;1;1;Z01
201300028860;0;7;0;0;1;3;15;A01
201300028861;0;7;0;0;2;3;0;A01
201300028861;0;7;0;0;2;1;0;B01
201300028862;0;7;0;0;2;1;0;B01
201300028862;0;7;0;0;2;5;0;A01
201300028863;0;7;0;0;1;2;1;A01
201300028864;0;2;0;0;2;1;6;A01
201300028864;0;7;0;0;2;2;1;B01
201300028865;1;7;0;0;1;0;0;Z01
201300028866;0;7;0;0;2;1;0;B01
201300028866;0;7;0;0;2;4;0;A01
201300028867;0;7;0;0;2;1;0;B01
201300028867;0;7;0;0;2;7;0;A01
201300028868;0;7;0;0;2;1;0;A01
201300028868;0;2;0;0;2;3;0;B01
201300028869;0;7;0;0;2;2;0;B01
201300028869;0;1;0;0;2;1;0;A01
201300028870;0;7;0;0;2;3;0;A01
201300028870;0;7;0;1;2;5;0;B01
201300028871;0;7;0;14;0;2;21;A01
201300028871;0;7;0;0;1;6;23;B01
201300028872;0;7;0;0;2;4;2;A01
201300028872;1;7;0;0;2;1;2;Z01
201300028873;1;7;0;0;2;1;1;Z01
201300028873;0;7;0;0;2;3;1;A01
201300028874;0;37;1;0;2;4;23;B01
201300028874;0;7;0;1;0;1;0;A01
201300028875;0;7;0;0;1;2;0;A01
201300028876;0;7;0;0;2;2;0;B01
201300028876;0;1;0;0;2;3;0;A01
201300028877;0;7;0;0;1;7;0;A01
201300028878;0;1;0;0;2;1;2;A01
201300028878;0;7;0;0;2;5;2;B01
201300028879;0;7;0;0;2;1;1;B01
201300028879;1;7;0;0;2;2;15;Z01
201300028880;0;7;0;9;0;1;0;A01
201300028881;1;7;0;0;1;1;1;Z01
201300028882;0;7;0;0;1;2;0;A01
201300028883;1;7;0;0;1;4;4;Z01
201300028884;0;7;0;0;2;7;1;B01
201300028884;0;7;0;0;2;2;9;A01
201300028885;0;7;0;0;2;7;20;B01
201300028885;0;33;0;0;2;8;0;A01
201300028886;0;7;0;0;2;2;1;B01
201300028886;0;7;0;0;2;7;1;A01
201300028887;0;7;0;0;1;1;0;A01
201300028888;0;7;0;0;2;1;1;B01
201300028888;0;2;0;0;2;1;15;A01
201300028889;0;7;0;0;2;7;0;A01
201300028889;0;7;0;0;2;1;1;B01
201300028890;0;7;0;0;2;3;1;B01
201300028890;0;7;0;0;2;3;15;A01
201300028891;0;7;0;0;2;4;2;B01
201300028891;0;7;0;0;2;0;2;A01
201300028892;0;10;0;0;0;0;9;A01
201300028892;0;30;0;0;0;0;1;B01
201300028893;0;7;0;0;2;1;0;A01
201300028893;0;7;0;0;2;6;0;B01
201300028894;0;7;0;0;1;2;1;A01
201300028895;0;7;0;14;0;1;1;A01
201300028896;0;7;0;0;2;4;2;B01
201300028896;0;7;0;0;2;1;2;A01
201300028897;1;99;0;0;1;2;0;Z01
201300028898;0;7;0;0;2;7;15;A01
201300028898;0;7;0;0;2;1;1;B01
201300028899;0;7;0;0;2;3;0;A01
201300028899;0;2;0;0;2;7;0;B01
201300028900;0;7;0;0;2;7;15;A01
201300028900;0;2;0;0;2;1;0;B01
201300028901;0;7;0;0;1;2;0;A01
201300028902;0;7;0;0;2;4;2;B01
201300028902;0;7;0;0;2;1;2;A01
201300028903;0;7;0;0;1;1;15;A01
201300028904;0;7;0;0;1;2;0;A01
201300028905;0;7;0;0;0;4;2;B01
201300028905;0;7;0;0;0;1;2;A01
201300028906;0;7;0;0;2;4;2;B01
201300028906;0;7;0;0;2;1;2;A01
201300028907;0;7;0;0;1;7;0;A01
201300028908;0;40;0;0;1;2;1;A01
201300028909;0;7;0;0;2;8;0;A01
201300028909;0;7;0;0;2;1;0;B01
201300028910;0;10;0;0;1;2;1;A01
201300028911;0;7;0;0;2;1;2;A01
201300028911;0;10;0;0;2;4;23;B01
201300028912;0;7;0;0;2;4;2;B01
201300028912;0;7;0;0;2;1;2;A01
201300028913;0;1;0;0;2;1;1;A01
201300028913;1;7;0;0;2;8;22;Z01
201300028914;0;32;0;0;2;1;0;A01
201300028914;0;7;0;0;2;6;1;B01
201300028915;0;1;0;0;2;1;0;B01
201300028915;0;7;0;0;2;3;0;A01
201300028916;0;33;0;0;2;8;0;B01
201300028916;0;7;0;0;2;3;0;A01
201300028917;0;7;0;0;1;1;2;A01
201300028918;0;7;0;0;1;3;0;A01
201300028919;0;7;0;0;1;3;15;A01
201300028920;0;7;0;0;1;3;15;A01
201300028921;0;7;0;0;2;4;1;B01
201300028921;0;7;0;0;2;1;1;A01
201300028922;0;7;0;0;2;3;1;A01
201300028922;0;7;0;0;2;3;23;B01
201300028923;0;37;0;0;1;2;0;A01
201300028924;0;7;0;0;2;4;2;B01
201300028924;0;7;0;0;2;1;2;A01
201300028925;0;7;0;0;2;1;2;A01
201300028925;0;7;0;0;2;4;23;B01
201300028926;0;7;0;0;2;2;0;B01
201300028926;0;7;0;0;2;7;0;A01
201300028927;0;37;10;0;2;1;0;B01
201300028927;0;7;0;0;2;3;0;A01
201300028928;0;7;0;0;2;4;2;B01
201300028928;0;7;0;0;2;4;2;C01
201300028928;0;7;0;0;2;1;2;A01
201300028929;0;33;0;8;0;2;0;A01
201300028930;0;33;0;0;2;1;1;B01
201300028930;0;7;0;0;2;2;15;A01
201300028931;0;10;0;0;1;1;1;A01
201300028932;0;33;0;0;0;7;1;A01
201300028933;0;7;0;0;2;3;9;A01
201300028933;0;10;0;0;2;2;1;B01
201300028934;0;7;0;0;1;1;1;A01
201300028935;0;33;0;0;2;4;2;B01
201300028935;0;13;0;0;2;1;2;A01
201300028936;0;7;0;0;2;8;10;A01
201300028936;0;7;0;0;2;1;2;B01
201300028937;0;33;0;0;2;1;2;B01
201300028937;0;7;0;0;2;7;1;A01
201300028938;0;7;0;0;2;3;15;A01
201300028938;0;33;0;0;2;1;0;B01
201300028939;0;7;0;0;2;1;11;A01
201300028939;0;2;0;0;2;1;1;B01
201300028940;0;7;0;0;2;3;13;A01
201300028940;0;7;0;0;2;3;23;B01
201300028941;0;7;0;0;1;1;15;A01
201300028942;0;7;0;0;2;1;1;A01
201300028942;0;2;0;0;0;4;1;B01
201300028943;0;7;0;0;2;8;1;A01
201300028943;0;7;0;0;2;8;1;B01
201300028944;0;33;0;0;0;9;1;A01
201300028945;0;7;0;0;2;7;15;A01
201300028945;0;30;0;0;2;1;1;B01
201300028946;0;7;0;0;2;2;15;A01
201300028946;0;7;0;0;2;1;1;B01
201300028947;0;2;0;0;1;0;1;A01
201300028948;0;33;0;0;2;4;1;B01
201300028948;0;33;0;0;2;1;1;A01
201300028949;0;33;0;0;2;1;1;A01
201300028949;0;7;0;0;2;6;15;B01
201300028950;2;7;0;2;0;1;1;A01
201300028951;0;7;0;0;2;3;15;A01
201300028951;0;33;0;0;2;1;1;B01
201300028952;1;7;0;0;1;2;1;Z01
201300028953;0;7;0;0;2;7;17;B01
201300028953;0;7;0;0;2;3;11;A01
201300028954;0;7;0;0;2;7;0;B01
201300028954;0;7;0;0;2;1;9;A01
201300028955;0;34;0;0;1;1;1;A01
201300028956;1;30;0;0;2;1;19;Z01
201300028956;0;30;0;0;2;8;15;B01
201300028957;0;7;0;0;0;4;1;B01
201300028957;0;33;0;0;2;1;1;A01
201300028958;0;32;0;0;0;0;1;A01
201300028959;0;33;0;0;2;1;1;B01
201300028959;0;7;0;0;2;7;15;A01
201300028960;0;15;0;0;0;4;1;B01
201300028960;0;7;0;0;2;1;1;A01
201300028961;0;7;0;0;1;1;1;A01
201300028962;0;7;0;0;2;1;1;A01
201300028962;0;7;0;0;2;4;11;B01
201300028963;0;7;0;0;1;5;1;A01
201300028964;0;7;0;0;2;2;15;A01
201300028964;0;2;0;0;2;1;1;B01
201300028965;0;7;0;0;0;0;1;C01
201300028965;0;33;0;0;2;1;1;B01
201300028965;0;7;0;0;2;7;15;A01
201300028966;0;7;0;0;1;2;1;A01
201300028967;0;7;0;0;2;3;9;B01
201300028967;0;31;0;0;2;1;11;A01
201300028968;0;7;0;16;0;2;0;A01
201300028969;0;7;0;8;0;1;0;A01
201300028970;0;7;0;0;1;1;1;A01
201300028971;0;34;0;0;2;1;0;B01
201300028971;0;7;0;0;2;2;0;A01
201300028972;1;99;0;0;1;0;0;A01
201300028973;0;7;0;0;1;1;1;A01
201300028974;0;3;0;6;0;1;1;A01
201300028975;0;1;0;0;0;0;1;B01
201300028975;0;2;0;0;9;8;17;A01
201300028976;0;2;0;0;0;8;2;A01
201300028977;0;7;0;0;1;1;1;A01
201300028978;0;30;0;0;2;1;2;B01
201300028978;0;7;0;0;0;4;2;A01
201300028979;0;7;0;0;2;1;1;A01
201300028979;0;7;0;0;2;3;15;B01
201300028980;0;1;0;0;2;1;1;B01
201300028980;0;7;0;0;2;1;20;A01
201300028981;0;7;0;0;2;1;1;A01
201300028981;0;7;0;0;2;1;1;B01
201300028982;0;7;0;0;2;2;5;A01
201300028982;0;33;0;0;2;2;1;B01
201300028983;0;7;0;6;0;1;17;A01
201300028984;0;7;0;0;1;2;1;A01
201300028985;0;14;0;0;2;1;9;A01
201300028985;0;7;0;0;2;7;9;B01
201300028986;0;30;0;0;2;1;13;C01
201300028986;1;15;0;0;2;7;17;A01
201300028986;0;7;0;0;2;1;1;B01
201300028987;0;30;0;0;2;1;9;A01
201300028987;0;7;0;0;2;5;1;B01
201300028988;0;7;0;0;0;4;2;B01
201300028988;0;2;0;0;2;1;2;A01
201300028989;0;30;0;0;2;1;17;A01
201300028989;0;7;0;0;2;8;15;B01
201300028990;0;30;0;0;2;1;9;A01
201300028990;0;7;0;0;2;3;1;B01
201300028991;0;7;0;0;1;2;1;B01
201300028992;0;10;0;0;1;4;4;A01
201300028993;0;7;0;0;1;3;1;A01
201300028994;0;7;0;0;0;9;1;A01
201300028995;0;7;0;6;0;1;1;A01
201300028996;0;7;0;7;0;0;1;A01
201300028997;0;7;0;0;1;2;0;A01
201300028998;0;7;0;0;2;5;1;B01
201300028998;0;15;0;0;2;1;9;A01
201300028999;0;7;0;0;1;1;1;A01
201300029000;0;7;0;0;2;1;1;A01
201300029000;0;1;0;0;2;4;15;B01
201300029001;0;3;0;0;2;1;2;B01
201300029001;0;10;0;0;2;1;2;D01
201300029001;0;3;0;0;0;5;23;A01
201300029002;0;7;0;0;1;1;1;A01
201300029003;0;7;0;0;0;4;1;B01
201300029003;0;3;0;0;2;1;1;A01
201300029004;0;7;0;0;1;2;1;A01
201300029005;0;7;0;13;0;0;0;A01
201300029006;0;7;0;0;2;2;1;D01
201300029006;0;7;0;0;2;9;13;A01
201300029006;0;7;0;0;2;6;1;B01
201300029007;0;2;0;12;0;0;0;A01
201300029008;0;7;0;0;2;1;0;A01
201300029008;0;2;0;0;2;8;0;B01
201300029009;0;2;0;0;2;1;1;A01
201300029009;0;7;0;0;2;3;1;B01
201300029010;0;7;0;0;2;4;1;B01
201300029010;0;7;0;0;2;4;1;C01
201300029010;0;7;0;0;2;0;1;A01
201300029011;0;7;0;0;0;0;0;A01
201300029012;0;7;0;0;1;1;0;A01
201300029013;0;7;0;0;2;1;0;D01
201300029013;0;7;0;0;2;1;0;B01
201300029013;0;7;0;0;2;0;0;C01
201300029013;0;7;0;0;2;0;0;A01
201300029014;0;1;0;0;2;0;0;B01
201300029014;0;7;0;0;2;0;9;A01
201300029015;0;2;0;0;0;0;0;A01
201300029016;0;7;0;0;2;2;1;A01
201300029016;0;7;0;0;2;1;1;B01
201300029017;0;7;0;0;1;0;0;A01
201300029018;0;2;0;0;2;1;1;B01
201300029018;1;7;0;0;2;0;15;Z01
201300029019;0;1;0;0;2;0;19;B01
201300029019;0;7;0;0;2;3;1;A01
201300029020;0;7;0;0;2;4;23;B01
201300029020;0;7;0;0;2;0;2;A01
201300029021;0;7;0;0;2;3;0;A01
201300029021;0;7;0;0;2;6;0;B01
201300029022;0;7;0;0;1;2;1;A01
201300029023;0;7;0;13;0;0;1;A01
201300029024;0;7;0;0;0;0;0;A01
201300029025;0;7;0;9;0;1;0;A01
201300029026;0;7;0;0;2;3;9;A01
201300029026;0;2;0;0;2;0;9;B01
201300029027;0;7;0;0;2;0;0;A01
201300029027;0;7;0;0;2;1;1;B01
201300029028;0;7;0;0;2;0;0;B01
201300029028;0;7;0;0;2;0;1;A01
201300029029;0;7;0;0;2;1;2;A01
201300029029;0;7;0;0;2;4;2;B01
201300029030;0;7;0;0;1;0;0;A01
201300029031;0;7;0;0;1;0;0;A01
201300029032;0;1;0;0;0;0;0;A01
201300029033;0;1;0;0;0;0;0;A01
201300029034;0;7;0;0;1;0;0;A01
201300029035;0;7;0;0;0;4;0;A01
201300029036;0;2;0;0;0;0;0;A01
201300029037;0;7;0;0;0;0;0;A01
201300029038;0;7;0;0;1;0;0;A01
201300029039;0;7;0;0;1;0;0;A01
201300029040;0;1;0;0;2;2;0;A01
201300029040;0;7;0;0;2;2;0;B01
201300029041;0;7;0;0;0;2;0;A01
201300029042;0;2;0;14;0;0;1;A01
201300029043;0;7;0;9;0;0;0;A01
201300029044;0;7;0;15;2;1;9;A01