num_acc;senc;catv;occutc;obs;obsm;choc;manv;num_veh
201300029044;1;7;0;0;2;1;9;Z01
201300029045;0;7;0;0;2;3;1;A01
201300029045;0;7;0;0;2;5;15;B01
201300029046;0;1;0;0;1;0;1;A01
201300029047;0;2;0;0;0;1;1;A01
201300029048;0;7;0;0;2;0;0;B01
201300029048;0;7;0;0;2;0;0;A01
201300029049;0;2;0;0;2;0;0;A01
201300029049;0;7;0;0;2;0;0;B01
201300029050;0;2;0;0;2;0;0;A01
201300029050;0;7;0;0;2;0;0;B01
201300029051;0;2;0;0;2;1;1;A01
201300029051;0;7;0;0;2;1;1;B01
201300029052;0;7;0;0;2;2;0;A01
201300029052;0;2;0;0;2;1;0;B01
201300029053;0;7;0;0;1;0;0;A01
201300029054;0;7;0;0;2;4;1;B01
201300029054;0;7;0;0;2;1;2;A01
201300029055;0;2;0;0;2;1;1;B01
201300029055;0;7;0;0;2;6;10;A01
201300029056;0;7;0;0;2;8;0;B01
201300029056;0;7;0;0;2;1;0;A01
201300029057;0;2;0;0;2;4;2;B01
201300029057;0;7;0;0;2;1;0;A01
201300029058;0;7;0;0;2;6;0;B01
201300029058;0;7;0;0;2;3;0;A01
201300029059;0;7;0;0;2;1;1;B01
201300029059;0;7;0;0;2;1;10;A01
201300029060;0;2;0;0;0;0;10;A01
201300029061;0;33;0;0;2;0;0;A01
201300029061;0;7;0;0;2;0;0;B01
201300029062;0;7;0;0;0;0;0;A01
201300029063;0;2;0;0;0;0;0;A01
201300029064;0;7;0;0;0;0;0;A01
201300029065;0;33;0;0;2;0;0;B01
201300029065;0;7;0;0;0;1;1;A01
201300029066;0;1;0;0;2;0;1;B01
201300029066;0;7;0;0;2;3;0;A01
201300029067;0;1;0;0;0;0;0;A01
201300029068;0;33;0;0;0;0;1;A01
201300029069;0;7;0;0;0;4;2;B01
201300029069;0;7;0;0;2;1;2;A01
201300029070;0;33;0;0;2;0;1;B01
201300029070;0;7;0;0;2;0;1;A01
201300029071;0;7;0;0;2;0;15;A01
201300029071;0;33;0;0;2;1;1;B01
201300029072;0;7;0;0;2;1;2;A01
201300029072;0;7;0;0;2;4;2;B01
201300029073;0;33;0;0;2;1;1;B01
201300029073;1;7;0;0;2;8;20;Z01
201300029074;0;2;0;0;2;0;13;A01
201300029075;0;7;0;2;0;1;1;A01
201300029076;0;7;0;8;0;0;0;A01
201300029077;0;7;0;0;1;1;1;A01
201300029078;0;7;0;0;2;4;16;B01
201300029078;0;33;0;0;2;1;1;A01
201300029079;0;7;0;13;0;9;14;A01
201300029080;0;7;0;0;2;3;1;B01
201300029080;0;7;0;0;2;1;15;A01
201300029081;0;7;0;0;1;1;1;A01
201300029082;0;30;0;0;1;1;1;A01
201300029083;0;1;0;0;2;4;1;B01
201300029083;0;7;0;0;2;1;1;A01
201300029084;0;2;0;0;0;0;1;A01
201300029085;0;7;0;0;1;2;1;A01
201300029086;0;38;1;0;1;0;0;A01
201300029087;0;2;0;0;0;0;0;A01
201300029088;0;33;0;0;2;1;1;B01
201300029088;0;7;0;0;2;5;15;A01
201300029089;0;33;0;0;0;0;0;A01
201300029090;0;32;0;0;0;7;0;A01
201300029091;0;33;0;0;0;8;1;A01
201300029092;1;7;0;0;1;0;1;Z01
201300029093;0;7;0;0;2;3;10;A01
201300029093;0;33;0;0;2;0;1;B01
201300029094;1;7;0;0;2;7;14;A01
201300029094;0;7;0;0;2;3;1;B01
201300029095;0;1;0;0;1;0;0;A01
201300029096;0;10;0;2;0;1;13;A01
201300029097;0;7;0;0;2;2;16;B01
201300029097;0;2;0;0;2;1;1;A01
201300029098;0;7;0;11;1;3;1;A01
201300029099;0;7;0;0;2;1;1;A01
201300029099;0;7;0;0;2;4;1;B01
201300029100;0;7;0;0;0;9;14;A01
201300029101;0;7;0;0;1;2;9;A01
201300029102;0;7;0;0;2;1;19;A01
201300029102;0;33;0;0;2;7;1;B01
201300029103;0;7;0;0;2;1;1;B01
201300029103;0;7;0;6;2;9;1;A01
201300029104;1;7;0;0;1;0;1;Z01
201300029105;0;7;0;6;0;9;14;A01
201300029106;1;14;0;0;2;0;15;Z01
201300029106;0;1;0;0;2;1;1;A01
201300029107;0;33;0;0;2;0;2;C01
201300029107;0;7;0;0;2;1;2;A01
201300029107;0;7;0;0;2;4;2;B01
201300029108;0;7;0;8;0;9;14;A01
201300029109;0;2;0;0;0;0;0;A01
201300029110;0;7;0;0;1;1;1;A01
201300029111;0;7;0;10;0;1;0;A01
201300029112;0;7;0;0;2;3;0;B01
201300029112;0;2;0;0;2;3;0;A01
201300029113;0;7;0;0;2;3;0;A01
201300029113;0;33;0;0;2;7;1;B01
201300029114;0;7;0;0;2;1;2;A01
201300029114;0;7;0;0;2;4;1;B01
201300029115;0;7;0;0;2;4;0;B01
201300029115;0;7;0;0;2;1;2;A01
201300029116;0;7;0;0;2;2;0;A01
201300029116;0;7;0;0;2;2;0;B01
201300029117;0;2;0;0;1;0;0;A01
201300029118;0;7;0;0;0;0;1;A01
201300029119;0;7;0;0;2;0;1;B01
201300029119;0;7;0;4;2;0;18;A01
201300029120;0;7;0;0;0;0;0;A01
201300029121;0;7;0;10;0;0;0;A01
201300029122;0;7;0;0;2;6;0;B01
201300029122;0;7;0;0;2;1;0;A01
201300029123;0;2;0;0;2;1;0;A01
201300029123;0;7;0;0;2;3;0;B01
201300029124;0;2;0;0;2;1;0;A01
201300029124;0;7;0;0;2;8;0;B01
201300029125;0;7;0;0;2;2;0;B01
201300029125;0;7;0;0;2;0;0;A01
201300029126;0;7;0;0;2;4;1;B01
201300029126;0;2;0;0;2;1;0;A01
201300029127;0;7;0;0;2;0;0;A01
201300029127;0;2;0;0;2;0;0;B01
201300029128;0;7;0;0;2;0;1;A01
201300029128;0;37;3;0;2;7;1;B01
201300029129;0;7;0;13;0;0;0;A01
201300029130;0;7;0;0;2;1;9;A01
201300029130;0;2;0;0;2;1;1;B01
201300029131;0;7;0;13;0;1;0;A01
201300029132;0;7;0;0;1;4;4;A01
201300029133;0;2;0;0;2;0;0;A01
201300029134;0;33;0;0;0;0;0;A01
201300029135;0;7;0;0;2;6;0;B01
201300029135;1;2;0;0;2;1;0;A01
201300029136;0;7;0;0;2;1;0;A01
201300029136;0;33;0;0;2;8;0;B01
201300029137;0;7;0;0;2;0;0;B01
201300029137;0;2;0;0;2;1;0;A01
201300029138;0;33;0;0;0;0;0;A01
201300029139;0;7;0;0;2;2;0;A01
201300029139;0;7;0;0;2;0;0;B01
201300029140;0;7;0;0;9;1;1;C01
201300029140;0;33;0;0;2;1;17;A01
201300029140;0;7;0;0;2;3;1;B01
201300029141;0;2;0;0;0;0;1;A01
201300029142;0;1;0;0;0;0;0;A01
201300029143;0;7;0;0;2;0;15;A01
201300029143;0;1;0;0;2;0;1;B01
201300029144;0;7;0;0;2;1;0;A01
201300029144;0;2;0;0;2;4;0;C01
201300029144;0;7;0;0;0;4;0;B01
201300029145;0;7;0;0;2;4;0;B01
201300029145;0;2;0;0;2;0;0;A01
201300029146;0;1;0;1;0;1;1;B01
201300029146;0;7;0;0;2;3;24;A01
201300029147;0;7;0;0;2;2;15;A01
201300029147;0;2;0;0;2;1;1;B01
201300029148;0;2;0;0;2;1;0;A01
201300029148;0;7;0;0;0;4;0;B01
201300029149;0;7;0;0;2;0;0;A01
201300029149;0;2;0;0;2;0;0;B01
201300029150;0;7;0;0;2;3;1;B01
201300029150;0;7;0;6;2;1;13;A01
201300029151;0;7;0;0;2;0;17;A01
201300029151;0;3;0;4;2;0;15;B01
201300029152;0;7;0;0;1;0;0;A01
201300029153;0;7;0;0;2;0;0;B01
201300029153;1;2;0;0;2;1;0;A01
201300029154;0;2;0;0;2;3;0;A01
201300029154;0;2;0;0;2;1;0;B01
201300029155;0;7;0;0;2;0;0;A01
201300029155;0;7;0;0;2;0;0;B01
201300029156;0;1;0;0;0;0;1;B01
201300029156;0;33;0;0;2;0;15;A01
201300029157;0;1;0;0;2;0;1;B01
201300029157;0;7;0;0;2;0;16;A01
201300029158;0;33;0;0;0;0;0;A01
201300029159;0;2;0;0;2;4;17;B01
201300029159;0;7;0;0;2;3;15;A01
201300029160;0;7;0;0;2;2;0;A01
201300029160;0;7;0;0;2;4;0;B01
201300029161;0;33;0;0;0;0;0;A01
201300029162;0;7;0;0;0;4;0;C01
201300029162;0;7;0;0;2;1;0;A01
201300029162;0;2;0;0;0;4;0;B01
201300029163;0;7;0;0;0;0;0;A01
201300029164;0;7;0;0;0;0;0;A01
201300029165;1;99;0;0;1;1;0;A01
201300029166;0;7;0;0;2;3;0;B01
201300029166;0;7;0;0;2;2;0;A01
201300029167;0;7;0;0;1;1;1;A01
201300029168;0;1;0;12;0;0;0;A01
201300029169;0;2;0;12;2;0;17;A01
201300029169;0;7;0;0;0;6;1;A02
201300029170;0;7;0;8;0;1;14;A01
201300029171;0;7;0;0;2;6;1;B01
201300029171;0;7;0;0;2;1;1;A01
201300029172;0;10;0;0;1;2;1;A01
201300029173;0;7;0;0;2;3;1;B01
201300029173;0;7;0;0;2;1;17;A01
201300029174;0;33;0;14;0;1;1;A01
201300029175;0;7;0;0;2;1;1;A01
201300029175;0;1;0;0;2;4;1;B01
201300029176;0;7;0;0;2;1;1;A01
201300029176;0;7;0;0;2;4;23;C01
201300029176;0;10;0;0;2;4;23;D01
201300029176;0;7;0;0;2;4;23;B01
201300029177;0;7;0;0;2;0;9;A01
201300029177;0;31;0;0;2;0;9;B01
201300029178;0;1;0;0;2;8;1;B01
201300029178;0;7;0;0;2;2;14;A01
201300029179;0;2;0;11;0;1;0;A01
201300029180;0;10;0;0;2;8;1;C01
201300029180;0;2;0;0;2;8;17;A01
201300029180;0;7;0;0;2;3;1;B01
201300029181;0;1;0;0;2;1;13;A01
201300029181;0;7;0;0;2;1;1;B01
201300029182;0;7;0;0;2;4;23;B01
201300029182;0;7;0;0;2;1;1;A01
201300029183;0;1;0;0;2;0;0;B01
201300029183;0;7;0;0;2;2;15;A01
201300029184;0;2;0;0;1;0;0;A01
201300029185;0;7;0;0;2;1;1;B01
201300029185;0;7;0;0;2;2;15;A01
201300029186;0;7;0;0;2;7;0;B01
201300029186;0;37;3;0;2;2;0;A01
201300029187;0;7;0;0;0;0;0;A01
201300029188;0;33;0;0;2;4;23;B01
201300029188;1;7;0;0;2;1;2;A01
201300029189;0;30;0;0;2;3;2;A01
201300029189;0;7;0;0;2;4;1;B01
201300029190;0;7;0;13;0;0;0;A01
201300029191;0;7;0;13;0;2;0;A01
201300029192;0;7;0;0;2;0;0;A01
201300029192;0;1;0;0;2;0;0;B01
201300029193;0;7;0;0;2;0;1;C01
201300029193;0;7;0;15;2;1;17;A01
201300029193;0;7;0;0;2;0;1;B01
201300029194;0;2;0;0;0;0;21;A01
201300029195;0;7;0;0;2;3;1;B01
201300029195;0;33;0;0;2;2;0;A01
201300029196;0;7;0;13;0;0;0;A01
201300029197;0;1;0;0;0;0;0;A01
201300029198;0;7;0;0;2;2;15;A01
201300029198;0;33;0;0;2;1;18;B01
201300029199;0;7;0;13;0;0;0;A01
201300029200;0;7;0;0;2;2;1;A01
201300029200;0;2;0;0;2;1;0;B01
201300029201;0;7;0;0;2;2;1;B01
201300029201;0;1;0;0;2;1;0;A01
201300029202;0;7;0;0;1;2;1;A01
201300029203;0;7;0;0;1;3;1;A01
201300029204;0;7;0;0;1;3;1;A01
201300029205;0;7;0;0;2;0;0;A01
201300029205;0;33;0;0;2;0;0;B01
201300029206;0;7;0;0;0;0;21;A01
201300029207;0;33;0;0;2;4;1;C01
201300029207;0;7;0;0;2;4;1;B01
201300029207;0;7;0;0;2;1;1;A01
201300029208;0;7;0;0;1;2;0;A01
201300029209;0;7;0;0;1;0;0;A01
201300029210;0;2;0;0;0;0;0;A01
201300029211;0;7;0;0;2;1;2;A01
201300029211;0;7;0;0;2;4;2;B01
201300029212;0;1;0;0;2;0;1;B01
201300029212;0;7;0;0;2;0;1;A01
201300029213;0;2;0;0;2;1;0;B01
201300029213;0;7;0;0;2;2;15;A01
201300029214;0;7;0;0;1;0;1;A01
201300029215;0;7;0;0;0;0;0;A01
201300029216;0;2;0;0;2;7;1;B01
201300029216;0;7;0;0;2;3;9;A01
201300029217;0;2;0;0;2;1;1;A01
201300029217;0;2;0;0;2;4;1;B01
201300029218;0;7;0;6;0;7;14;A01
201300029219;0;2;0;0;2;1;1;A01
201300029219;0;7;0;0;2;4;23;B01
201300029220;0;2;0;0;2;1;1;B01
201300029220;0;7;0;0;2;2;1;A01
201300029221;0;7;0;0;2;4;23;B01
201300029221;0;7;0;0;2;1;1;A01
201300029222;0;7;0;0;2;6;15;B01
201300029222;0;7;0;0;2;3;16;A01
201300029223;0;10;0;0;2;3;9;A01
201300029223;0;30;0;0;2;7;1;B01
201300029224;0;7;0;0;2;0;0;A01
201300029224;0;7;0;0;2;0;0;B01
201300029224;0;7;0;0;2;0;0;C01
201300029225;0;7;0;0;2;4;0;B01
201300029225;0;7;0;0;2;1;0;A01
201300029226;0;7;0;0;2;4;1;B01
201300029226;0;2;0;0;2;1;2;A01
201300029227;0;7;0;0;2;6;1;B01
201300029227;0;2;0;0;2;1;2;A01
201300029228;0;7;0;0;1;0;0;A01
201300029229;0;7;0;0;2;3;2;A01
201300029229;0;7;0;0;2;5;2;B01
201300029229;0;7;0;0;2;4;2;C01
201300029230;0;7;0;0;0;0;0;A01
201300029231;0;2;0;0;0;0;21;A01
201300029232;0;7;0;9;2;1;0;A01
201300029232;0;7;0;0;2;1;1;B01
201300029233;0;7;0;0;1;0;1;A01
201300029234;0;7;0;0;2;3;0;B01
201300029234;0;7;0;0;2;2;0;A01
201300029235;0;7;0;0;1;3;1;A01
201300029236;0;7;0;0;2;2;0;B01
201300029236;0;2;0;0;2;1;0;A01
201300029237;0;7;0;0;1;0;0;A01
201300029238;0;1;0;0;2;1;1;B01
201300029238;0;7;0;0;2;2;1;A01
201300029239;0;7;0;0;1;3;0;A01
201300029240;0;7;0;0;2;0;0;B01
201300029240;0;7;0;0;2;2;0;A01
201300029241;0;7;0;0;2;3;0;A01
201300029241;0;1;0;0;2;1;0;B01
201300029242;0;33;0;0;2;2;0;B01
201300029242;0;7;0;0;2;0;0;A01
201300029243;0;1;0;0;1;0;0;A01
201300029244;0;7;0;0;2;6;0;B01
201300029244;0;7;0;0;2;2;0;A01
201300029245;0;7;0;0;2;4;0;B01
201300029245;0;2;0;0;2;1;0;A01
201300029246;0;30;0;0;0;0;0;A01
201300029247;0;7;0;0;1;1;0;A01
201300029248;0;2;0;0;2;1;0;A01
201300029248;0;7;0;0;2;3;0;B01
201300029249;0;7;0;0;2;8;15;A01
201300029249;0;7;0;0;2;1;6;B01
201300029250;0;7;0;0;2;0;0;A01
201300029250;0;7;0;0;2;0;0;B01
201300029251;0;7;0;0;0;0;0;A01
201300029252;0;7;0;0;2;1;13;A01
201300029252;0;7;0;0;2;1;0;B01
201300029253;0;33;0;11;0;0;0;A01
201300029254;0;7;0;0;2;1;0;A01
201300029254;0;7;0;0;2;1;0;B01
201300029255;0;7;0;0;1;8;1;A01
201300029256;0;33;0;0;2;1;1;A01
201300029256;0;7;0;0;2;4;1;B01
201300029257;0;7;0;0;2;1;1;A01
201300029257;0;37;3;0;2;3;1;B01
201300029258;0;10;0;0;1;0;16;A01
201300029259;0;7;0;0;1;1;1;A01
201300029260;0;7;0;0;2;0;0;B01
201300029260;0;10;0;0;2;0;0;A01
201300029261;0;7;0;0;2;3;24;A01
201300029261;0;1;0;1;0;1;1;B01
201300029262;0;2;0;1;0;1;0;A01
201300029263;0;2;0;0;0;7;1;A01
201300029264;0;7;0;0;2;1;1;A01
201300029264;0;7;0;0;2;4;1;B01
201300029264;0;7;0;0;2;4;1;C01
201300029265;0;7;0;0;2;1;13;A01
201300029265;0;7;0;0;2;1;1;B01
201300029266;0;1;0;0;2;0;1;B01
201300029266;0;7;0;0;2;1;20;A01
201300029267;0;7;0;0;1;1;1;A01
201300029268;0;7;0;15;2;2;14;A01
201300029268;0;7;0;0;2;3;1;D01
201300029268;0;7;0;0;2;3;1;E01
201300029269;0;33;0;8;0;1;1;A01
201300029270;0;7;0;0;2;1;1;B01
201300029270;0;7;0;0;2;7;1;A01
201300029271;0;1;0;0;2;4;1;B01
201300029271;1;7;0;0;2;2;17;Z01
201300029272;0;7;0;0;0;0;0;A01
201300029273;0;7;0;0;2;1;0;A01
201300029273;0;7;0;0;2;4;1;B01
201300029274;0;7;0;0;2;6;0;A01
201300029274;0;2;0;0;4;7;0;B01
201300029275;0;7;0;11;0;1;0;A01
201300029276;0;7;0;0;2;7;15;A01
201300029276;0;2;0;0;2;1;1;B01
201300029277;0;7;0;0;2;0;0;A01
201300029277;0;1;0;0;2;0;1;B01
201300029278;0;7;0;8;0;0;0;A01
201300029279;0;7;0;0;2;3;1;B02
201300029279;0;7;0;0;2;6;13;A01
201300029280;0;33;0;0;2;1;13;A01
201300029280;0;7;0;0;2;2;1;B02
201300029281;0;7;0;0;2;3;19;A01
201300029281;0;7;0;0;2;1;1;B02
201300029282;0;7;0;3;0;2;1;A01
201300029283;0;33;0;6;0;1;21;A01
201300029284;0;30;0;0;2;1;13;A01
201300029284;0;7;0;0;2;1;1;B02
201300029285;0;7;0;0;1;1;1;A01
201300029286;0;2;0;0;2;1;2;A01
201300029286;0;7;0;0;2;4;2;B01
201300029287;0;7;0;0;1;0;16;A01
201300029288;0;7;0;0;1;3;1;A01
201300029289;0;7;0;0;2;0;20;A01
201300029289;0;2;0;0;2;0;1;B01
201300029290;0;7;0;6;0;3;14;A01
201300029291;0;7;0;0;1;3;4;A01
201300029292;0;7;0;0;1;8;1;A01
201300029293;0;7;0;0;0;0;15;A01
201300029293;0;7;0;0;2;1;21;C01
201300029293;0;7;0;0;2;1;1;B01
201300029294;0;2;0;0;2;0;17;A01
201300029294;0;7;0;0;2;3;15;B01
201300029295;0;7;0;0;2;8;9;A01
201300029295;0;7;0;0;2;1;1;B01
201300029296;0;30;0;0;2;8;10;A01
201300029296;0;7;0;0;2;2;1;B01
201300029297;0;7;0;0;1;3;1;A01
201300029298;0;7;0;0;2;6;9;A01
201300029298;0;33;0;0;2;1;1;B01
201300029299;0;7;0;0;1;1;15;A01
201300029300;0;7;0;0;2;1;2;A01
201300029300;0;7;0;0;2;4;2;B01
201300029301;0;30;0;0;2;6;1;B01
201300029301;0;7;0;0;2;2;9;A01
201300029302;0;7;0;0;1;0;9;A01
201300029303;0;3;0;0;1;1;1;A01
201300029304;0;7;0;0;0;4;2;A01
201300029304;0;2;0;0;2;1;2;B01
201300029305;0;33;0;0;9;0;16;A01
201300029306;0;7;0;0;2;1;16;A01
201300029306;0;1;0;0;2;4;19;B01
201300029307;0;30;0;0;0;1;1;A01
201300029308;0;7;0;0;2;1;5;A01
201300029308;0;7;0;0;2;1;1;B01
201300029309;0;14;0;0;1;0;0;A01
201300029310;0;7;0;0;2;8;9;A01
201300029310;0;1;0;0;2;4;1;B01
201300029311;0;7;0;0;2;1;15;A01
201300029311;0;31;0;0;2;1;1;B01
201300029312;0;7;0;0;0;5;15;A01
201300029312;0;1;0;0;2;1;1;B01
201300029313;0;7;0;0;1;1;1;A01
201300029314;0;7;0;0;2;7;1;B01
201300029314;0;7;0;0;2;9;13;A01
201300029315;0;2;0;0;1;1;1;A01
201300029316;0;7;0;14;0;1;1;A01
201300029316;0;7;0;0;2;4;23;B01
201300029317;0;7;0;0;1;0;1;A01
201300029318;0;2;0;0;2;3;1;A01
201300029318;0;7;0;0;2;5;1;B01
201300029319;0;7;0;0;2;7;17;A01
201300029319;0;2;0;0;2;8;1;B01
201300029320;0;7;0;0;2;1;1;A01
201300029320;0;7;0;0;2;7;1;B01
201300029321;0;7;0;0;2;1;1;B01
201300029321;0;13;0;0;2;1;1;C01
201300029321;0;7;0;0;2;1;1;A01
201300029322;0;7;0;0;2;7;9;A01
201300029322;0;1;0;0;2;4;1;B01
201300029323;0;7;0;0;1;1;1;A01
201300029324;0;7;0;0;2;1;1;B01
201300029324;0;7;0;0;2;1;5;A01
201300029325;0;7;0;0;2;7;16;A01
201300029325;0;31;0;0;2;1;18;B01
201300029326;0;7;0;0;1;4;4;A01
201300029327;0;7;0;0;2;4;23;B01
201300029327;0;7;0;14;0;1;2;A01
201300029328;0;7;0;0;1;1;1;A01
201300029329;0;7;0;6;0;2;1;A01
201300029330;0;2;0;0;1;1;1;A01
201300029331;0;7;0;0;1;2;1;A01
201300029332;0;30;0;8;0;8;0;A01
201300029333;0;7;0;0;2;1;13;A01
201300029333;0;7;0;0;0;3;1;B01
201300029334;0;7;0;0;1;1;1;A01
201300029335;0;7;0;0;2;1;2;A01
201300029335;0;7;0;0;2;3;1;C01
201300029335;0;7;0;0;2;4;2;B01
201300029336;0;7;0;0;1;7;1;A01
201300029337;0;7;0;0;2;1;1;A01
201300029337;0;1;0;0;2;1;0;B01
201300029338;0;7;0;0;2;1;2;A01
201300029338;0;7;0;0;2;4;2;B01
201300029339;0;15;0;0;2;2;12;A01
201300029339;0;7;0;0;2;8;1;B01
201300029339;0;7;0;0;2;3;1;C01
201300029339;0;7;0;0;2;6;1;D01
201300029340;0;7;0;0;1;1;16;A01
201300029341;0;7;0;0;1;0;1;A01
201300029342;0;7;0;0;2;8;1;B01
201300029342;0;2;0;0;2;7;1;A01
201300029343;0;7;0;0;2;6;2;B01
201300029343;0;7;0;0;2;2;2;A01
201300029344;0;7;0;0;2;4;23;B01
201300029344;0;30;0;14;0;1;2;A01
201300029345;0;30;0;0;2;1;1;A01
201300029345;0;7;0;0;2;8;15;B01
201300029346;0;7;0;14;0;1;2;A01
201300029346;0;7;0;0;2;4;23;B01
201300029347;0;2;0;0;2;1;23;B01
201300029347;0;7;0;14;0;4;4;A01
201300029348;0;31;0;0;2;1;1;B01
201300029348;0;7;0;0;2;1;15;A01
201300029349;1;7;0;0;2;0;17;Z01
201300029349;0;33;0;0;2;0;21;A01
201300029350;0;7;0;0;1;1;1;A01
201300029351;0;7;0;0;2;1;1;B01
201300029351;0;7;0;0;2;7;15;A01
201300029352;0;7;0;0;1;1;15;A01
201300029353;0;7;0;0;2;4;23;B01
201300029353;0;7;0;14;2;1;2;A01
201300029353;0;7;0;0;2;4;23;C01
201300029354;0;7;0;0;1;1;1;A01
201300029355;0;7;0;0;1;1;0;A01
201300029356;0;33;0;0;2;5;0;B02
201300029356;0;7;0;0;2;3;9;A01
201300029357;0;7;0;2;0;1;1;A01
201300029358;0;7;0;0;1;5;2;A01
201300029359;0;2;0;0;2;8;1;B01
201300029359;0;7;0;0;2;6;15;A01
201300029360;0;7;0;0;1;1;15;A01
201300029361;0;2;0;1;0;3;13;A01
201300029362;0;2;0;0;2;1;1;B01
201300029362;0;7;0;0;2;6;1;A01
201300029363;0;2;0;0;2;3;1;B01
201300029363;0;10;0;0;2;7;17;A01
201300029364;2;7;0;0;2;1;1;A01
201300029364;0;7;0;0;2;6;1;B01
201300029365;0;7;0;15;1;5;4;A01
201300029366;0;7;0;0;1;1;1;A01
201300029367;0;7;0;14;0;1;1;A01
201300029367;0;31;0;14;2;6;1;B01
201300029368;0;7;0;0;1;7;1;A01
201300029369;0;7;0;0;2;5;15;A01
201300029369;0;2;0;0;2;1;1;B01
201300029370;0;7;0;0;1;2;1;A01
201300029371;0;7;0;0;1;3;1;A01
201300029372;0;7;0;0;1;4;4;A01
201300029373;0;7;0;0;1;1;1;A01
201300029374;0;7;0;0;2;1;17;A01
201300029374;0;7;0;0;2;1;1;B01
201300029375;0;7;0;0;2;2;15;A01
201300029375;0;99;0;0;2;1;1;B01
201300029376;0;7;0;0;2;1;2;A01
201300029376;0;7;0;0;0;5;16;B01
201300029377;0;7;0;0;2;2;0;A01
201300029377;0;2;0;0;2;1;0;B01
201300029378;0;7;0;0;1;0;4;A01
201300029379;0;3;0;0;1;5;0;A01
201300029380;0;7;0;0;2;1;1;B01
201300029380;0;7;0;0;2;1;13;A01
201300029381;0;7;0;0;2;1;1;B01
201300029381;0;7;0;0;2;1;13;A01
201300029382;0;7;0;0;2;3;13;A01
201300029382;0;15;0;0;2;1;1;B01
201300029383;0;7;0;0;1;1;15;A01
201300029384;0;7;0;0;2;3;1;B01
201300029384;0;2;0;0;2;1;16;A01
201300029385;0;37;27;0;2;1;1;B01
201300029385;0;7;0;0;2;3;15;A01
201300029386;0;33;0;0;2;1;1;B01
201300029386;0;7;0;0;2;6;15;A01
201300029386;0;7;0;0;0;1;24;C01
201300029387;0;7;0;0;9;1;15;B01
201300029387;0;1;0;0;2;1;1;A01
201300029388;0;7;0;0;2;1;15;B01
201300029388;0;33;0;0;2;1;1;A01
201300029389;0;7;0;0;2;1;1;A01
201300029389;0;7;0;0;2;3;15;B01
201300029390;0;30;0;0;0;5;1;A01
201300029391;0;7;0;7;0;1;14;A01
201300029392;0;33;0;3;0;1;1;A01
201300029393;0;7;0;0;2;1;2;A01
201300029393;0;7;0;0;0;4;1;B01
201300029394;0;7;0;0;2;1;1;B01
201300029394;0;7;0;0;2;1;13;A01
201300029395;0;7;0;0;1;3;0;A01
201300029396;0;33;0;8;0;1;1;A01
201300029397;0;7;0;0;2;1;13;A01
201300029397;0;7;0;0;2;1;1;B01
201300029398;0;1;0;0;9;2;17;B01
201300029398;0;1;0;0;9;6;0;A01
201300029399;0;7;0;0;1;6;1;A01
201300029400;0;32;0;0;2;1;1;B01
201300029400;0;10;0;0;2;2;9;A01
201300029401;0;7;0;2;0;1;13;A01
201300029402;0;30;0;12;0;2;9;A01
201300029403;0;7;0;0;2;4;2;B01
201300029403;0;7;0;0;2;1;1;A01
201300029404;0;7;0;0;1;2;1;A01
201300029405;0;7;0;0;2;3;1;B01
201300029405;0;10;0;0;2;3;15;A01
201300029406;0;7;0;0;1;2;1;A01
201300029407;0;7;0;0;1;2;1;A01
201300029408;0;7;0;0;1;1;1;A01
201300029409;0;7;0;0;2;2;3;A01
201300029409;0;30;0;0;2;8;1;B01
201300029410;0;7;0;0;2;8;1;B01
201300029410;0;7;0;2;2;1;9;A01
201300029411;0;7;0;0;2;3;11;A01
201300029411;0;7;0;0;2;5;1;B01
201300029412;0;7;0;0;9;7;16;B01
201300029412;0;1;0;0;2;1;2;A01
201300029413;0;7;0;0;2;2;15;B01
201300029413;0;7;0;0;2;2;17;A01
201300029414;0;1;0;0;2;1;1;B01
201300029414;0;7;0;0;9;3;15;A01
201300029415;1;7;0;0;1;0;0;Z01
201300029416;0;7;0;0;1;1;1;A01
201300029417;0;10;0;0;1;1;16;A01
201300029418;0;7;0;0;1;3;1;A01
201300029419;0;33;0;0;2;0;1;B01
201300029419;0;7;0;0;2;2;15;A01
201300029420;0;7;0;0;2;1;15;A01
201300029420;0;7;0;0;2;1;1;B01
201300029421;0;7;0;3;0;1;0;A01
201300029422;0;7;0;0;2;7;21;B01
201300029422;0;33;0;0;2;1;17;A01
201300029422;0;7;0;0;2;1;23;C01
201300029423;0;7;0;0;1;1;1;A01
201300029424;0;7;0;0;2;2;1;B01
201300029424;0;7;0;0;2;3;9;A01
201300029425;0;31;0;0;2;2;1;B01
201300029425;0;7;0;0;2;3;9;A01
201300029426;0;7;0;0;1;2;1;A01
201300029427;0;7;0;6;0;1;1;A01
201300029428;0;10;0;0;2;1;1;B01
201300029428;0;7;0;0;2;2;1;A01
201300029429;0;7;0;0;1;1;1;A01
201300029430;0;7;0;4;1;2;1;A01
201300029431;0;7;0;0;1;1;0;A01
201300029432;1;7;0;0;1;1;1;A01
201300029433;0;7;0;15;2;3;15;B01
201300029433;2;7;0;0;2;1;1;A01
201300029434;0;7;0;0;1;4;4;A01
201300029435;0;7;0;0;1;1;1;A01
201300029436;0;2;0;0;2;7;17;A01
201300029436;0;7;0;0;2;8;20;B01
201300029437;2;7;0;15;1;1;0;A01
201300029438;0;7;0;1;1;1;16;A01
201300029439;0;7;0;0;2;2;1;B01
201300029439;0;1;0;0;2;1;1;A01
201300029440;0;14;0;0;1;2;15;A01