num_acc;senc;catv;occutc;obs;obsm;choc;manv;num_veh
201300029441;0;10;0;0;2;2;9;A01
201300029441;0;2;0;0;2;1;1;B01
201300029442;0;7;0;0;1;1;0;A01
201300029443;0;2;0;0;1;1;17;A01
201300029444;0;2;0;0;2;1;0;B01
201300029444;0;7;0;0;2;2;15;A01
201300029445;0;7;0;0;2;1;1;C01
201300029445;0;7;0;0;0;0;15;A01
201300029445;0;7;0;0;2;1;1;D01
201300029445;0;7;0;0;2;6;1;B01
201300029446;0;7;0;0;2;2;10;A01
201300029446;0;2;0;0;2;1;1;B01
201300029447;0;7;0;0;2;2;15;B01
201300029447;0;7;0;0;2;3;1;A01
201300029448;0;2;0;0;2;1;1;A01
201300029448;0;7;0;0;2;2;16;B01
201300029449;0;7;0;0;9;2;1;A01
201300029449;0;1;0;0;2;0;0;B01
201300029450;0;1;0;0;2;1;9;B01
201300029450;0;7;0;0;2;1;1;A01
201300029451;0;7;0;0;2;2;1;B01
201300029451;0;2;0;0;2;1;1;A01
201300029452;0;7;0;0;1;3;4;A01
201300029453;0;10;0;0;2;3;10;B01
201300029453;0;2;0;0;2;1;17;A01
201300029454;0;10;0;0;2;2;9;A01
201300029454;0;33;0;0;2;3;1;B01
201300029455;0;37;4;0;1;1;15;A01
201300029456;0;21;0;0;1;0;1;A01
201300029457;0;7;0;0;1;2;1;A01
201300029458;0;7;0;0;9;2;1;A01
201300029458;0;1;0;0;2;0;19;B01
201300029459;0;7;0;0;1;2;0;A01
201300029460;0;7;0;0;1;3;1;A01
201300029461;0;7;0;0;1;1;1;A01
201300029462;0;7;0;0;1;1;1;A01
201300029463;0;7;0;0;2;1;15;A01
201300029463;0;7;0;8;0;1;1;C01
201300029463;0;7;0;0;2;1;1;B01
201300029464;0;7;0;0;2;2;15;A01
201300029464;0;2;0;0;2;1;1;B01
201300029465;0;7;0;0;2;3;15;B01
201300029465;0;2;0;0;2;1;17;A01
201300029466;0;37;1;0;1;1;1;A01
201300029467;0;7;0;0;2;1;1;B01
201300029467;0;7;0;0;2;3;13;A01
201300029468;0;2;0;0;2;1;1;B01
201300029468;0;7;0;0;2;7;13;A01
201300029469;0;7;0;0;1;2;1;A01
201300029470;0;33;0;0;2;1;1;B01
201300029470;0;7;0;0;2;2;15;A01
201300029471;0;7;0;0;1;1;1;A01
201300029472;0;7;0;0;1;1;14;A01
201300029473;0;7;0;0;1;1;15;A01
201300029474;0;7;0;0;1;2;1;A01
201300029475;0;2;0;0;2;1;1;B01
201300029475;0;7;0;0;2;3;15;A01
201300029476;0;7;0;0;1;1;1;A01
201300029477;0;7;0;0;1;3;1;A01
201300029478;0;7;0;9;0;3;2;A01
201300029479;0;15;0;0;1;3;2;A01
201300029480;0;7;0;0;1;2;2;A01
201300029481;0;7;0;0;2;8;15;A01
201300029481;0;33;0;0;2;1;2;B01
201300029482;1;7;0;0;1;1;2;A01
201300029483;0;7;0;1;0;4;23;A01
201300029483;1;7;0;1;0;1;0;Z01
201300029484;0;7;0;0;1;1;1;A01
201300029485;0;1;0;0;2;4;2;B01
201300029485;0;7;0;0;2;2;1;A01
201300029486;0;7;0;0;1;1;1;A01
201300029487;0;7;0;0;1;1;1;A01
201300029488;0;7;0;0;0;4;23;B01
201300029488;0;1;0;0;2;1;2;A01
201300029489;0;30;0;0;2;7;0;A01
201300029489;0;7;0;0;2;3;0;B01
201300029490;0;7;0;0;1;3;0;A01
201300029491;0;7;0;1;0;2;2;A01
201300029491;0;7;0;1;2;6;23;B01
201300029492;0;7;0;0;1;1;1;A01
201300029493;0;31;0;0;0;0;1;A01
201300029494;0;7;0;0;2;8;19;A01
201300029494;0;7;0;0;2;1;1;B01
201300029495;0;7;0;6;0;1;16;A01
201300029496;0;7;0;0;1;1;0;A01
201300029497;0;7;0;0;2;2;1;B01
201300029497;0;7;0;0;2;5;0;A01
201300029498;0;7;0;0;1;1;0;A01
201300029499;0;7;0;0;2;1;15;A01
201300029499;0;2;0;0;2;1;1;B01
201300029500;0;7;0;0;1;1;1;A01
201300029501;0;1;0;0;2;1;1;B01
201300029501;0;7;0;0;2;3;9;A01
201300029502;0;7;0;1;0;2;1;A01
201300029502;0;7;0;0;2;6;24;B01
201300029503;0;7;0;0;1;3;0;A01
201300029504;0;7;0;0;1;2;11;A01
201300029505;0;2;0;0;2;1;1;B01
201300029505;0;7;0;0;9;3;11;A01
201300029506;0;7;0;0;1;1;13;A01
201300029506;0;7;0;0;2;3;1;B01
201300029507;0;7;0;0;2;6;2;B01
201300029507;0;2;0;0;2;1;2;A01
201300029508;0;7;0;0;1;3;0;A01
201300029509;0;1;0;0;0;9;2;B01
201300029509;0;7;0;0;0;2;2;A01
201300029510;0;7;0;0;1;1;0;A01
201300029511;0;7;0;0;1;3;0;A01
201300029512;0;7;0;0;1;1;1;A01
201300029513;0;30;0;0;2;2;1;B01
201300029513;0;7;0;0;2;3;9;A01
201300029514;0;7;0;0;2;4;1;C01
201300029514;0;7;0;0;2;4;1;B01
201300029514;0;10;0;0;2;1;1;A01
201300029515;0;7;0;0;1;2;1;A01
201300029516;0;7;0;0;2;1;1;A01
201300029516;0;1;0;0;2;1;0;B01
201300029517;0;7;0;0;1;1;1;A01
201300029518;0;7;0;0;2;9;2;B01
201300029518;0;7;0;0;2;1;2;A01
201300029518;0;7;0;0;2;4;2;C01
201300029519;0;7;0;0;0;4;2;B01
201300029519;0;2;0;0;2;1;2;A01
201300029520;0;2;0;0;0;4;2;B01
201300029520;0;7;0;0;9;1;2;A01
201300029521;0;7;0;0;1;1;0;A01
201300029522;0;7;0;0;2;1;1;A01
201300029522;0;7;0;0;2;4;2;B01
201300029523;0;7;0;0;9;3;15;A01
201300029523;0;1;0;0;2;1;1;B01
201300029524;0;7;0;0;1;1;1;A01
201300029525;0;7;0;0;2;4;1;B01
201300029525;0;7;0;0;2;1;2;A01
201300029526;0;7;0;0;2;0;24;B01
201300029526;0;7;0;0;1;1;15;A01
201300029527;0;2;0;0;2;1;2;A01
201300029527;0;7;0;0;2;4;2;B01
201300029528;0;2;0;0;2;2;1;B01
201300029528;0;7;0;0;2;1;9;A01
201300029529;0;7;0;0;1;1;1;A01
201300029530;0;7;0;0;2;1;13;A01
201300029530;0;7;0;0;2;1;2;B01
201300029531;0;7;0;0;9;2;1;B01
201300029531;0;1;0;0;2;1;9;A01
201300029532;0;7;0;0;1;1;1;A01
201300029533;0;7;0;0;1;1;0;A01
201300029534;0;7;0;0;2;2;1;B01
201300029534;0;7;0;0;2;3;9;A01
201300029535;0;37;11;6;0;1;13;A01
201300029536;0;7;0;0;1;1;1;A01
201300029537;0;2;0;0;2;1;1;A01
201300029537;0;7;0;0;2;4;1;B01
201300029538;0;7;0;0;9;2;1;A01
201300029538;0;1;0;0;2;1;19;B01
201300029539;0;7;0;0;2;1;12;A01
201300029539;0;7;0;0;0;4;1;B01
201300029539;0;7;0;0;0;3;1;C01
201300029540;0;7;0;0;2;3;15;B01
201300029540;0;33;0;0;2;1;17;A01
201300029541;0;7;0;0;1;4;4;A01
201300029542;0;7;0;1;2;6;24;B01
201300029542;0;30;0;1;0;1;14;A01
201300029543;0;37;1;0;9;3;9;B01
201300029543;0;30;0;0;2;2;0;A01
201300029544;0;30;0;0;2;1;17;A01
201300029544;0;7;0;0;2;3;15;B01
201300029545;0;7;0;0;1;3;15;A01
201300029546;0;2;0;0;2;1;1;B01
201300029546;0;7;0;0;2;1;9;A01
201300029547;0;7;0;0;9;2;16;A01
201300029547;0;1;0;0;2;8;1;B01
201300029548;0;7;0;0;9;1;1;A01
201300029548;0;1;0;0;2;1;1;B01
201300029549;0;7;0;0;9;2;1;A01
201300029549;0;1;0;0;2;1;9;B01
201300029550;0;2;0;0;2;1;1;B01
201300029550;0;7;0;0;9;1;0;A01
201300029551;0;7;0;0;2;3;9;B01
201300029551;0;33;0;0;2;2;17;A01
201300029552;0;33;0;0;9;3;17;A01
201300029552;0;7;0;0;0;0;15;B01
201300029552;0;7;0;1;0;1;24;C01
201300029553;0;7;0;0;2;7;18;A01
201300029553;0;2;0;0;2;7;1;B01
201300029554;0;7;0;0;9;3;9;A01
201300029554;0;1;0;0;2;2;0;B01
201300029555;0;1;0;0;2;8;9;B01
201300029555;0;7;0;0;2;2;16;A01
201300029556;0;7;0;0;2;4;0;A01
201300029556;0;2;0;0;2;1;1;B01
201300029557;0;2;0;0;1;1;1;A01
201300029558;0;30;0;0;2;1;1;B01
201300029558;0;7;0;0;2;1;15;A01
201300029559;0;33;0;0;2;0;1;A01
201300029560;0;7;0;0;2;3;15;A01
201300029560;0;33;0;0;2;1;1;B01
201300029561;0;7;0;0;1;4;4;A01
201300029562;0;7;0;0;2;1;1;B01
201300029562;0;7;0;0;2;3;9;A01
201300029563;0;33;0;0;2;1;1;B01
201300029563;0;7;0;0;2;3;15;A01
201300029564;0;7;0;0;1;1;1;A01
201300029565;0;7;0;0;0;4;1;B01
201300029565;0;33;0;0;2;1;0;A01
201300029566;0;7;0;0;2;1;9;A01
201300029566;0;33;0;0;2;2;1;B01
201300029567;0;7;0;0;2;3;15;A01
201300029567;0;33;0;0;2;2;17;B01
201300029568;0;7;0;0;1;4;4;A01
201300029569;0;1;0;0;2;6;1;B01
201300029570;0;7;0;0;1;1;1;A01
201300029571;0;7;0;0;1;1;1;A01
201300029572;0;7;0;0;2;3;15;A01
201300029572;0;7;0;0;2;1;1;B01
201300029573;0;7;0;0;2;7;17;A01
201300029573;0;7;0;0;2;1;1;B01
201300029573;0;7;0;0;2;1;1;C01
201300029574;0;2;0;1;0;1;13;A01
201300029574;0;7;0;1;0;3;0;B01
201300029575;0;7;0;0;1;2;1;A01
201300029576;0;7;0;0;2;1;1;A01
201300029576;0;7;0;0;2;3;1;B01
201300029577;0;7;0;0;1;1;1;A01
201300029578;0;7;0;0;2;3;15;A01
201300029578;0;30;0;0;2;1;1;B01
201300029579;0;7;0;0;1;1;1;A01
201300029580;0;7;0;0;1;1;1;A01
201300029581;0;31;0;0;1;1;16;A01
201300029582;0;7;0;0;1;1;1;A01
201300029583;0;7;0;0;1;1;1;A01
201300029584;0;7;0;0;1;2;0;A01
201300029585;0;7;0;0;1;4;4;A01
201300029585;0;7;0;1;2;7;0;B01
201300029586;0;7;0;0;1;1;1;A01
201300029587;0;7;0;0;1;1;1;A01
201300029588;0;7;0;0;1;1;1;A01
201300029589;0;7;0;0;2;2;15;A01
201300029589;0;30;0;0;2;1;1;B01
201300029590;0;7;0;0;1;1;15;A01
201300029591;0;7;0;0;1;1;1;A01
201300029592;0;7;0;3;0;2;1;A01
201300029593;0;33;0;0;0;3;1;A01
201300029593;0;7;0;0;0;2;19;B02
201300029594;0;7;0;0;2;2;5;A01
201300029594;0;7;0;0;2;2;21;B02
201300029595;0;33;0;0;2;1;17;A01
201300029595;0;1;0;0;0;8;15;B02
201300029596;0;7;0;0;2;1;15;B02
201300029596;0;33;0;0;2;7;1;A01
201300029597;0;7;0;0;1;2;1;A01
201300029598;0;7;0;0;2;8;13;A01
201300029598;0;7;0;0;2;8;1;B02
201300029599;0;30;0;0;0;0;0;A01
201300029600;0;2;0;0;0;0;0;A01
201300029601;0;31;0;0;0;0;0;A01
201300029602;0;2;0;0;0;0;0;A01
201300029603;0;30;0;1;2;1;2;A01
201300029603;0;7;0;0;2;3;15;B01
201300029604;0;2;0;0;0;0;0;A01
201300029605;0;1;0;0;0;0;0;A01
201300029606;0;33;0;0;0;0;0;A01
201300029607;0;14;0;0;1;4;4;A01
201300029608;0;1;0;0;0;0;0;A01
201300029609;0;1;0;0;0;8;0;A01
201300029610;0;7;0;0;2;7;11;A01
201300029610;0;2;0;0;2;1;0;B01
201300029611;0;7;0;0;1;1;0;A01
201300029612;0;30;0;0;2;1;0;A01
201300029612;0;7;0;0;2;1;0;B01
201300029613;0;7;0;0;1;3;1;A01
201300029614;0;2;0;0;2;1;0;B01
201300029614;0;7;0;0;2;1;11;A01
201300029615;0;7;0;0;1;4;0;A01
201300029616;0;7;0;0;1;3;0;A01
201300029616;0;7;0;0;2;1;2;B01
201300029617;0;7;0;0;1;1;1;A01
201300029618;0;7;0;8;0;1;0;A01
201300029619;1;7;0;0;1;1;15;Z01
201300029620;0;7;0;0;1;1;0;A01
201300029621;0;7;0;0;2;1;5;A01
201300029621;0;37;0;0;2;1;5;B01
201300029622;0;7;0;9;0;1;0;A01
201300029623;0;7;0;0;1;2;17;A01
201300029624;0;7;0;0;2;1;2;A01
201300029624;0;7;0;0;2;4;2;C01
201300029624;0;7;0;0;2;4;2;B01
201300029625;0;7;0;0;2;1;1;B01
201300029625;0;7;0;0;2;2;15;A01
201300029626;0;7;0;0;1;0;0;A01
201300029627;1;7;0;0;1;0;0;Z01
201300029628;0;37;0;0;1;2;2;A01
201300029629;0;2;0;0;0;0;0;A01
201300029630;0;7;0;0;2;3;0;B01
201300029630;0;2;0;0;2;1;0;A01
201300029631;0;7;0;0;2;4;2;B01
201300029631;0;30;0;0;2;1;2;A01
201300029632;0;33;0;0;0;7;21;A01
201300029633;0;7;0;15;0;1;20;A01
201300029634;0;7;0;0;2;2;1;A01
201300029634;1;7;0;0;2;8;16;Z01
201300029635;0;7;0;0;2;6;1;A01
201300029635;0;1;0;0;2;1;1;B01
201300029636;0;7;0;0;1;8;0;A01
201300029637;0;7;0;0;2;6;11;B01
201300029637;0;2;0;0;2;1;11;A01
201300029638;0;7;0;0;2;1;9;A01
201300029638;0;2;0;0;2;1;0;B01
201300029639;0;10;0;0;2;3;0;B01
201300029639;0;7;0;0;2;1;13;A01
201300029640;0;7;0;15;0;1;13;A01
201300029641;0;7;0;0;2;7;0;A01
201300029641;0;1;0;0;2;1;0;B01
201300029642;0;7;0;0;1;3;1;A01
201300029643;0;33;0;0;0;0;1;A01
201300029644;0;2;0;0;0;0;0;A01
201300029645;0;7;0;0;2;6;9;A01
201300029645;0;2;0;0;2;2;1;B01
201300029646;0;7;0;0;2;4;2;B01
201300029646;0;7;0;0;2;4;2;C01
201300029646;0;7;0;0;2;1;2;A01
201300029647;0;7;0;9;0;9;1;A01
201300029648;0;31;0;0;2;1;0;A01
201300029648;0;7;0;0;2;8;11;B01
201300029649;0;7;0;0;1;3;0;A01
201300029650;0;2;0;0;2;7;9;A01
201300029650;0;7;0;0;2;1;1;B01
201300029651;0;7;0;0;2;1;0;A01
201300029651;0;7;0;0;2;1;0;B01
201300029652;0;2;0;0;2;0;2;A01
201300029652;0;7;0;0;0;4;2;B01
201300029653;0;7;0;0;2;1;0;B01
201300029653;0;7;0;0;2;1;0;A01
201300029654;0;2;0;0;0;1;0;B01
201300029654;0;7;0;0;2;1;0;A01
201300029655;0;7;0;0;2;3;1;B01
201300029655;0;7;0;0;2;1;0;A01
201300029656;0;7;0;0;1;1;0;A01
201300029657;0;30;0;0;2;8;9;A01
201300029657;0;2;0;0;2;3;1;B01
201300029658;0;33;0;0;2;9;0;B01
201300029658;0;7;0;0;2;6;11;A01
201300029659;0;7;0;0;1;1;0;A01
201300029660;0;32;0;0;2;1;1;A01
201300029660;0;7;0;0;2;3;16;B01
201300029661;0;1;0;0;2;1;0;A01
201300029661;0;7;0;0;2;3;0;B01
201300029662;0;30;0;0;2;0;18;A01
201300029662;0;7;0;0;2;7;16;B01
201300029663;0;30;0;0;2;1;2;A01
201300029663;0;7;0;0;2;1;0;B01
201300029664;0;7;0;0;2;1;0;B01
201300029664;0;7;0;0;2;1;0;A01
201300029665;0;10;0;0;1;0;15;A01
201300029666;0;7;0;0;2;7;17;B01
201300029666;0;1;0;0;2;8;13;A01
201300029667;0;7;0;1;0;0;1;A01
201300029668;0;7;0;0;2;1;1;A01
201300029668;0;7;0;0;2;1;0;B01
201300029669;0;7;0;6;0;1;1;A01
201300029670;0;7;0;0;1;1;0;A01
201300029671;0;10;0;14;0;1;2;A01
201300029671;0;7;0;0;0;4;23;B01
201300029672;0;7;0;0;2;1;16;A01
201300029672;0;10;0;0;2;3;17;B01
201300029673;0;7;0;0;2;7;1;A01
201300029673;0;7;0;0;2;1;1;C01
201300029673;0;7;0;0;2;1;16;B01
201300029674;0;7;0;0;2;3;0;B01
201300029674;0;2;0;0;2;0;1;A01
201300029675;0;2;0;0;2;2;0;B01
201300029675;0;7;0;0;2;2;0;A01
201300029676;0;7;0;6;0;1;0;A01
201300029677;0;7;0;0;2;3;0;B01
201300029677;0;2;0;0;2;7;0;A01
201300029678;0;7;0;0;2;8;15;A01
201300029678;0;7;0;0;2;1;1;B01
201300029679;0;7;0;0;2;3;0;A01
201300029679;0;7;0;0;2;3;0;B01
201300029680;0;7;0;0;2;4;13;A01
201300029680;0;7;0;0;2;1;1;B01
201300029680;1;10;0;0;2;1;2;Z01
201300029681;0;7;0;0;2;2;0;A01
201300029681;0;7;0;0;2;1;0;B01
201300029682;0;7;0;0;2;3;15;A01
201300029682;0;2;0;0;2;2;1;B01
201300029683;0;2;0;6;0;0;15;A01
201300029684;0;99;0;0;2;1;0;A01
201300029684;0;7;0;0;2;8;0;B01
201300029685;0;7;0;0;1;1;0;A01
201300029686;0;7;0;0;0;4;2;B01
201300029686;0;7;0;0;2;1;2;A01
201300029687;0;7;0;0;2;0;0;A01
201300029687;0;1;0;0;2;2;0;B01
201300029688;0;7;0;0;1;0;9;A01
201300029689;0;33;0;0;2;1;0;B01
201300029689;0;7;0;0;2;1;15;A01
201300029690;0;2;0;0;2;0;17;A01
201300029690;0;7;0;0;2;8;15;B01
201300029691;0;38;1;0;1;4;0;A01
201300029692;0;33;0;0;2;1;2;A01
201300029692;0;7;0;0;2;4;2;B01
201300029693;2;7;0;0;2;2;17;A01
201300029693;0;7;0;0;2;3;1;B01
201300029694;0;7;0;0;1;2;1;A01
201300029695;0;7;0;0;1;3;1;A01
201300029696;0;7;0;0;2;8;15;A01
201300029696;0;33;0;0;2;1;1;B02
201300029697;0;7;0;0;1;3;16;A01
201300029698;0;33;0;3;0;7;1;A01
201300029699;0;7;0;0;0;2;1;A01
201300029699;1;30;0;0;0;1;23;B01
201300029700;0;7;0;0;2;1;13;B01
201300029700;0;7;0;0;2;1;1;C01
201300029700;1;7;0;0;0;2;0;Z01
201300029701;0;7;0;0;9;3;0;A01
201300029701;0;1;0;0;2;0;0;B01
201300029702;0;7;0;0;1;2;15;A01
201300029703;0;2;0;0;0;7;21;A01
201300029704;0;33;0;0;2;1;17;B01
201300029704;0;7;0;0;2;3;9;A01
201300029705;0;7;0;8;0;2;0;A01
201300029706;0;7;0;0;0;1;9;A01
201300029706;0;2;0;0;0;7;2;B01
201300029707;0;7;0;6;0;2;14;A01
201300029708;0;7;0;0;2;8;15;A01
201300029708;0;30;0;0;2;1;17;B01
201300029709;0;7;0;1;0;2;14;A01
201300029710;0;7;0;0;2;1;1;B01
201300029710;0;7;0;0;2;2;9;A01
201300029711;0;30;0;6;0;7;0;B01
201300029711;1;7;0;0;2;0;9;Z01
201300029712;0;2;0;0;2;4;2;B01
201300029712;0;7;0;0;0;4;2;C01
201300029712;0;7;0;0;2;1;2;A01
201300029713;0;1;0;0;2;1;1;B01
201300029713;0;2;0;0;2;7;16;A01
201300029714;0;7;0;0;1;2;0;A01
201300029715;0;33;0;0;0;7;1;A01
201300029716;0;30;0;0;2;1;1;B01
201300029716;0;7;0;0;9;3;15;A01
201300029717;0;30;0;0;2;1;2;B01
201300029717;0;7;0;0;0;8;15;A01
201300029718;0;33;0;0;2;1;1;A01
201300029718;0;7;0;0;2;5;15;B01
201300029719;0;7;0;0;0;6;15;B01
201300029719;0;33;0;0;2;6;0;A01
201300029720;0;7;0;0;2;2;1;A01
201300029720;0;1;0;0;2;8;13;B01
201300029721;0;7;0;0;1;5;15;A01
201300029722;0;7;0;0;2;1;2;A01
201300029722;0;7;0;0;0;4;23;B01
201300029723;0;7;0;1;0;1;1;A01
201300029724;0;33;0;0;0;7;21;A01
201300029724;0;7;0;0;0;0;9;B01
201300029725;0;7;0;14;0;9;1;A01
201300029725;1;99;0;0;0;0;0;B01
201300029726;1;99;0;0;1;8;0;Z01
201300029727;0;7;0;1;0;8;13;A01
201300029728;0;7;0;0;1;1;16;A01
201300029729;0;7;0;0;0;4;0;A01
201300029729;0;7;0;0;2;1;2;B01
201300029730;0;7;0;0;0;3;1;A01
201300029730;0;33;0;0;0;6;1;B01
201300029731;0;7;0;0;2;2;17;A01
201300029731;0;1;0;0;2;3;2;B01
201300029732;0;7;0;0;2;1;15;A01
201300029732;0;7;0;0;2;8;1;B01
201300029733;0;7;0;0;0;8;2;B01
201300029733;0;2;0;0;2;1;1;A01
201300029734;0;7;0;0;2;8;0;B01
201300029734;0;7;0;0;2;1;16;A01
201300029735;0;7;0;13;0;3;2;A01
201300029736;0;1;0;0;2;1;0;B01
201300029736;0;7;0;0;9;6;0;A01
201300029737;0;7;0;0;9;1;9;A01
201300029737;0;1;0;0;2;7;1;B01
201300029738;0;1;0;0;2;1;1;A01
201300029738;0;7;0;0;9;2;15;B01
201300029739;0;7;0;0;1;2;0;A01
201300029740;0;3;0;8;0;3;14;A01
201300029741;0;1;0;0;0;4;2;A01
201300029741;1;99;0;0;9;2;2;Z01
201300029742;0;7;0;1;0;5;2;A01
201300029743;0;7;0;0;2;1;1;A01
201300029743;0;7;0;0;2;9;1;B01
201300029743;0;7;0;0;2;4;2;C01
201300029744;0;7;0;0;1;4;0;A01
201300029745;0;7;0;0;2;1;15;A01
201300029745;0;7;0;0;2;3;1;B01
201300029746;0;10;0;0;1;2;16;A01
201300029747;0;7;0;15;0;1;1;A01
201300029748;0;33;0;0;2;1;21;B01
201300029748;0;7;0;0;2;1;15;A01
201300029749;0;7;0;0;2;7;20;A01
201300029749;0;1;0;0;2;1;2;B01
201300029750;0;7;0;15;0;1;17;A01
201300029750;0;7;0;0;0;8;10;B01
201300029751;0;7;0;0;2;1;2;B01
201300029751;0;7;0;0;2;3;2;A01
201300029752;0;2;0;0;2;6;1;A01
201300029752;0;10;0;0;0;6;9;B01
201300029753;0;7;0;0;1;8;1;A01
201300029754;0;7;0;11;0;1;2;A01
201300029755;0;7;0;0;2;5;15;B01
201300029755;0;2;0;0;2;1;1;A01
201300029756;0;7;0;0;1;3;15;A01
201300029757;0;2;0;0;2;1;2;A01
201300029757;0;10;0;0;0;5;1;B01
201300029758;0;7;0;0;2;1;2;A01
201300029758;0;7;0;0;2;4;2;B01
201300029759;0;7;0;0;2;3;0;B01
201300029759;0;7;0;0;2;3;0;A01
201300029760;0;7;0;0;1;0;2;A01
201300029761;0;7;0;0;1;1;1;A01
201300029762;0;1;0;1;0;0;1;B01
201300029763;0;33;0;0;2;8;1;B01
201300029763;0;7;0;0;2;1;1;A01
201300029764;0;30;0;12;0;0;0;A01
201300029765;0;7;0;6;0;3;21;A01
201300029766;0;7;0;0;1;2;0;A01
201300029767;0;3;0;0;2;1;0;A01
201300029767;0;10;0;0;0;4;1;B01
201300029768;0;7;0;0;2;2;1;B01
201300029768;1;7;0;0;2;5;15;A01
201300029769;0;7;0;0;1;2;1;A01
201300029770;0;7;0;1;0;7;1;B01
201300029771;1;7;0;0;2;3;16;Z01
201300029771;0;7;0;0;2;3;1;B01
201300029772;0;7;0;0;2;1;0;B01
201300029772;0;7;0;0;2;3;15;A01
201300029773;0;2;0;0;0;4;2;B01
201300029773;0;7;0;14;0;2;2;A01
201300029774;0;7;0;0;2;1;17;A01
201300029774;0;13;0;0;0;0;0;C01
201300029774;0;7;0;0;2;1;1;B01
201300029775;0;7;0;14;0;1;2;A01
201300029776;0;1;0;0;2;7;2;B01
201300029776;0;7;0;0;9;1;6;A01
201300029777;0;7;0;0;2;3;1;B01
201300029777;0;7;0;15;2;8;1;A01
201300029778;0;7;0;0;0;1;2;A01
201300029778;0;7;0;0;0;4;2;B01
201300029779;0;7;0;0;1;3;0;A01
201300029780;0;7;0;0;0;6;15;A01
201300029780;0;7;0;1;2;1;2;B01
201300029781;0;7;0;0;1;2;0;A01
201300029782;0;33;0;13;0;1;1;A01
201300029783;0;33;0;0;2;1;21;B01
201300029783;0;7;0;0;2;3;15;A01
201300029784;0;7;0;0;1;1;2;A01
201300029785;0;7;0;0;0;3;11;A01
201300029785;0;33;0;0;0;1;17;B01
201300029786;0;7;0;13;0;0;1;A01
201300029787;0;33;0;10;9;7;1;A01
201300029788;0;7;0;0;1;2;1;A01
201300029789;0;7;0;0;1;3;1;A01
201300029790;0;7;0;0;2;1;21;A01
201300029790;0;7;0;0;0;1;1;C01
201300029790;0;7;0;0;0;6;15;B01
201300029791;0;7;0;0;1;2;1;A01
201300029792;0;7;0;0;9;3;1;B01
201300029792;0;7;0;0;2;3;13;A01
201300029793;0;7;0;0;1;1;1;A01
201300029794;0;7;0;0;1;2;2;A01
201300029795;0;7;0;0;1;2;2;A01
201300029796;0;7;0;0;1;0;2;A01
201300029797;0;7;0;6;0;1;13;A01
201300029798;0;7;0;0;2;1;1;A01
201300029798;0;7;0;3;2;8;1;B01
201300029799;0;7;0;0;2;1;1;B01
201300029799;0;7;0;0;2;3;1;C01
201300029799;0;7;0;0;2;1;17;A01
201300029800;0;30;0;6;0;1;1;A01
201300029801;0;7;0;0;0;8;9;B01
201300029801;0;33;0;0;0;1;1;A01
201300029802;0;7;0;0;0;1;2;A01
201300029802;0;1;0;0;0;0;0;B01
201300029803;0;7;0;0;2;2;15;A01
201300029803;0;30;0;0;2;1;1;B01
201300029804;0;7;0;0;2;7;19;A01
201300029804;0;7;0;0;0;0;0;B01
201300029805;0;34;0;0;2;3;1;A01
201300029805;0;7;0;0;2;8;1;B01
201300029806;0;7;0;0;2;7;0;B01
201300029806;0;3;0;0;2;1;0;A01
201300029807;0;2;0;11;2;1;5;A01
201300029807;0;7;0;11;2;2;2;B01
201300029808;0;7;0;0;2;3;1;B01
201300029808;0;7;0;0;2;7;19;A01
201300029809;0;1;0;0;2;5;19;A01
201300029809;0;30;0;0;2;1;1;B01
201300029810;0;7;0;0;1;2;1;A01
201300029811;0;30;0;0;2;6;2;A01
201300029811;0;7;0;0;0;6;2;B01
201300029812;0;7;0;6;0;4;24;A01
201300029812;1;7;0;1;0;1;13;Z01
201300029813;0;1;0;0;2;1;2;B01
201300029813;0;1;0;0;2;1;5;A01
201300029814;0;7;0;0;2;1;1;A01
201300029814;0;7;0;6;2;1;1;B01
201300029815;0;7;0;9;0;1;1;A01
201300029816;0;7;0;0;2;1;17;B01
201300029816;0;7;0;0;2;1;1;A01
201300029817;0;37;1;0;1;0;17;A01
201300029818;0;7;0;0;2;1;1;A01
201300029818;0;7;0;0;2;1;1;B01
201300029819;0;7;0;0;0;9;1;A01
201300029820;0;7;0;0;2;1;1;C01
201300029820;0;7;0;0;2;1;1;B01
201300029820;0;33;0;3;2;1;1;A01
201300029821;0;7;0;0;2;1;1;B01
201300029821;0;7;0;0;2;3;15;A01
201300029822;0;7;0;0;2;1;1;A01
201300029822;0;7;0;0;0;4;1;B01
201300029823;0;7;0;0;1;1;1;A01
201300029824;0;7;0;0;2;1;15;B01
201300029824;0;31;0;0;2;1;1;A01
201300029825;0;7;0;0;2;1;1;A01
201300029825;0;33;0;0;2;1;1;B01
201300029826;0;7;0;0;1;2;1;A01
201300029827;0;7;0;0;2;3;15;A01
201300029827;0;2;0;0;2;9;1;B01
201300029828;0;7;0;0;2;2;1;A01
201300029828;0;1;0;0;2;1;1;B01
201300029829;0;7;0;0;2;1;17;A01
201300029829;0;7;0;0;2;1;1;B01
201300029830;0;1;0;0;0;4;1;Y01
201300029830;1;7;0;0;9;1;14;Z01
201300029831;0;3;0;8;0;2;1;A01
201300029832;0;7;0;8;0;1;1;A01
201300029833;0;7;0;0;1;2;20;A01
201300029834;0;2;0;0;2;1;1;A01
201300029834;0;7;0;0;2;7;1;B01
201300029835;0;2;0;0;2;0;1;B01
201300029835;1;7;0;0;2;0;9;Z01
201300029836;0;30;0;0;2;1;2;A01
201300029836;0;7;0;0;2;4;2;B01
201300029837;0;7;0;8;0;1;0;A01