num_acc;senc;catv;occutc;obs;obsm;choc;manv;num_veh
201300029838;0;7;0;0;2;2;15;A01
201300029838;0;33;0;0;2;1;1;B01
201300029839;0;7;0;0;1;1;1;A01
201300029840;0;7;0;0;2;1;0;A01
201300029840;0;7;0;0;0;8;0;B01
201300029841;1;99;0;0;1;1;0;Z01
201300029842;0;33;0;8;2;3;17;A01
201300029842;0;7;0;0;0;8;15;B01
201300029843;0;7;0;0;0;4;1;B01
201300029843;0;15;0;0;2;1;1;A01
201300029844;0;33;0;0;2;1;1;A01
201300029844;0;10;0;0;0;3;16;B01
201300029845;0;33;0;0;2;8;17;B01
201300029845;0;7;0;0;2;3;15;A01
201300029846;0;7;0;2;0;1;1;A01
201300029847;0;7;0;0;2;1;23;C01
201300029847;0;7;0;0;2;1;1;B01
201300029847;0;31;0;0;2;1;17;A01
201300029848;0;2;0;0;2;1;1;B01
201300029848;0;7;0;0;2;2;9;A01
201300029849;0;7;0;0;2;1;1;B01
201300029849;0;7;0;0;2;1;1;A01
201300029850;0;31;0;0;2;1;17;A01
201300029850;0;10;0;0;2;3;15;B01
201300029851;0;7;0;0;1;1;1;A01
201300029852;0;7;0;15;2;8;1;B01
201300029852;0;14;0;15;2;1;1;A01
201300029853;0;31;0;1;0;1;14;A01
201300029854;0;7;0;1;0;1;1;A01
201300029855;0;7;0;2;0;1;14;A01
201300029856;0;7;0;0;1;1;1;A01
201300029857;0;7;0;0;2;6;13;A01
201300029857;0;7;0;0;2;1;1;B01
201300029858;0;7;0;0;9;3;15;A01
201300029858;0;31;0;0;2;1;1;B01
201300029859;0;7;0;0;2;3;0;A01
201300029859;0;2;0;0;2;1;1;B01
201300029860;0;34;0;0;2;7;1;B01
201300029860;0;10;0;0;2;2;15;A01
201300029861;0;7;0;0;0;2;0;A01
201300029862;0;7;0;0;2;3;5;A01
201300029862;0;7;0;0;2;3;5;B01
201300029863;0;7;0;0;2;1;1;A01
201300029863;0;7;0;0;2;3;1;B01
201300029864;0;7;0;1;0;1;13;A01
201300029865;0;7;0;6;0;7;1;A01
201300029866;0;2;0;6;0;1;14;A01
201300029867;0;7;0;0;1;4;4;A01
201300029868;0;30;0;8;0;1;14;A01
201300029869;0;7;0;0;1;0;1;A01
201300029870;0;30;0;6;0;1;21;A01
201300029871;0;33;0;0;2;1;1;B01
201300029871;0;7;0;0;2;5;4;A01
201300029872;0;33;0;0;2;1;1;B01
201300029872;0;7;0;0;2;4;4;A01
201300029873;0;7;0;0;9;1;0;A01
201300029874;0;7;0;0;2;3;5;A01
201300029874;0;7;0;0;2;3;1;B01
201300029875;0;7;0;8;0;1;14;A01
201300029876;0;7;0;8;0;1;1;A01
201300029877;0;7;0;0;1;2;1;A01
201300029878;0;10;0;0;2;2;15;A01
201300029878;0;1;0;0;2;0;21;B01
201300029879;0;10;0;0;2;1;1;B01
201300029879;0;7;0;0;2;8;15;A01
201300029880;0;7;0;0;1;6;15;A01
201300029881;0;10;0;0;1;4;20;A01
201300029882;0;2;0;0;2;7;15;B01
201300029882;0;10;0;0;2;3;9;A01
201300029883;0;2;0;0;2;1;13;A01
201300029883;0;7;0;0;2;8;1;B01
201300029884;0;7;0;0;1;1;15;A01
201300029885;1;7;0;0;1;2;1;Z01
201300029886;0;33;0;4;0;1;1;A01
201300029887;0;2;0;0;2;1;13;A01
201300029887;0;7;0;0;2;1;1;B01
201300029888;0;7;0;1;2;1;2;A01
201300029888;0;7;0;0;2;4;2;B01
201300029889;0;7;0;0;1;1;1;A01
201300029890;0;30;0;0;2;2;1;B01
201300029890;0;7;0;0;2;3;10;A01
201300029891;0;2;0;0;2;4;1;A01
201300029891;0;7;0;0;0;4;15;B01
201300029892;0;7;0;14;0;1;1;A01
201300029892;0;7;0;0;0;4;1;B01
201300029893;0;3;0;0;0;4;23;B01
201300029893;0;2;0;14;0;1;1;A01
201300029894;0;30;0;0;2;1;6;A01
201300029894;0;7;0;0;0;6;15;B01
201300029895;0;33;0;0;2;1;1;B01
201300029895;0;7;0;0;2;6;15;A01
201300029896;0;7;0;0;2;1;1;A01
201300029896;0;1;0;0;0;4;9;B01
201300029897;0;7;0;0;1;1;1;A01
201300029898;0;39;0;14;0;2;1;B01
201300029898;0;21;0;0;4;6;0;A01
201300029899;0;7;0;0;1;4;4;A01
201300029900;0;1;0;0;2;0;5;A01
201300029900;0;7;0;0;9;0;16;B01
201300029901;0;1;0;0;2;1;5;A01
201300029901;0;10;0;0;9;1;1;B01
201300029902;0;7;0;0;2;3;15;A01
201300029902;0;7;0;0;2;1;1;B01
201300029903;0;7;0;0;2;3;9;A01
201300029903;0;31;0;0;2;2;1;B01
201300029904;0;7;0;2;0;1;13;A01
201300029905;0;3;0;2;2;3;1;B01
201300029905;0;7;0;0;2;1;1;C01
201300029905;0;7;0;15;2;2;13;A01
201300029906;0;1;0;0;2;1;19;A01
201300029906;0;7;0;0;2;2;1;B01
201300029907;0;7;0;0;2;8;15;A01
201300029907;0;2;0;0;1;1;17;B01
201300029908;0;7;0;0;2;1;1;A01
201300029908;0;7;0;0;2;7;1;B01
201300029909;0;7;0;0;2;1;1;B01
201300029909;0;1;0;0;2;7;9;A01
201300029910;0;40;0;0;2;1;1;B01
201300029910;0;7;0;0;2;1;9;A01
201300029911;0;7;0;0;1;2;1;A01
201300029912;0;7;0;6;0;1;6;A01
201300029913;0;1;0;0;2;8;1;B01
201300029913;0;7;0;0;2;2;17;A01
201300029914;0;7;0;0;1;3;1;A01
201300029915;0;7;0;0;1;0;0;A01
201300029916;0;7;0;0;1;5;0;A01
201300029917;0;7;0;0;2;7;1;B01
201300029917;2;7;0;7;2;1;1;A01
201300029918;0;7;0;0;1;1;1;A01
201300029919;0;7;0;0;1;0;0;A01
201300029920;1;7;0;0;1;0;0;Z01
201300029921;1;7;0;0;2;0;0;Z01
201300029921;0;7;0;0;2;4;0;B01
201300029922;0;37;4;0;1;5;1;A01
201300029923;0;30;0;0;1;0;0;A01
201300029924;0;10;0;0;1;0;0;A01
201300029925;0;7;0;0;1;0;0;A01
201300029926;0;7;0;0;0;1;0;A01
201300029927;0;7;0;0;1;0;0;A01
201300029928;0;7;0;0;1;0;0;A01
201300029929;0;7;0;0;2;1;1;A01
201300029929;0;37;3;0;2;8;15;B01
201300029930;0;7;0;0;0;0;0;C01
201300029930;1;7;0;0;0;0;0;Z01
201300029930;0;7;0;0;2;0;0;B01
201300029931;0;37;1;0;1;2;1;A01
201300029932;0;37;2;0;1;2;0;A01
201300029933;0;7;0;2;0;1;1;A01
201300029934;0;7;0;0;2;0;0;A01
201300029934;0;30;0;0;2;1;0;B01
201300029935;0;2;0;0;0;0;0;A01
201300029936;0;7;0;0;0;0;0;A01
201300029937;0;7;0;0;0;1;1;A01
201300029937;0;7;0;0;0;4;23;B01
201300029938;0;7;0;0;1;0;0;A01
201300029939;0;7;0;0;2;3;0;A01
201300029939;0;30;0;0;2;1;0;B01
201300029940;1;7;0;0;1;4;4;Z01
201300029941;0;7;0;0;2;7;15;A01
201300029941;0;33;0;0;2;1;1;B01
201300029942;0;7;0;0;2;1;0;B01
201300029942;0;7;0;0;2;1;0;A01
201300029943;0;7;0;0;2;0;0;B01
201300029943;0;32;0;0;2;0;0;A01
201300029944;0;37;10;0;1;5;7;A01
201300029945;0;7;0;0;2;0;0;A01
201300029945;0;33;0;0;2;1;0;B01
201300029946;1;7;0;0;0;0;0;Z01
201300029946;0;1;0;0;0;0;0;B01
201300029947;1;7;0;0;0;0;17;Z01
201300029947;0;33;0;0;0;0;21;B01
201300029948;0;7;0;0;0;0;0;A01
201300029948;0;1;0;0;0;0;0;B01
201300029949;0;32;0;0;1;0;0;A01
201300029950;0;34;0;0;0;0;0;B01
201300029950;0;7;0;0;2;0;0;A01
201300029951;0;7;0;1;0;0;0;E01
201300029951;0;7;0;1;0;0;0;D01
201300029951;0;7;0;0;0;0;1;B01
201300029951;0;7;0;1;0;0;0;C01
201300029951;0;7;0;0;0;0;0;A01
201300029952;0;2;0;2;0;0;0;A01
201300029953;0;32;0;0;2;0;0;A01
201300029953;0;7;0;1;2;0;0;B01
201300029954;0;30;0;6;0;0;0;A01
201300029955;0;7;0;0;0;0;0;B01
201300029955;0;33;0;0;0;0;0;A01
201300029956;0;7;0;0;2;1;15;Z01
201300029956;0;7;0;0;2;1;1;B01
201300029957;0;7;0;0;2;1;1;B01
201300029957;0;7;0;0;2;2;1;A01
201300029958;1;13;0;0;0;0;0;Z01
201300029958;0;1;0;0;2;0;0;B01
201300029959;0;7;0;0;1;1;1;A01
201300029960;0;7;0;0;1;1;1;A01
201300029961;0;7;0;0;1;0;0;A01
201300029962;0;7;0;0;0;0;0;A01
201300029962;0;30;0;0;0;0;0;B01
201300029963;0;33;0;0;2;1;1;A01
201300029963;0;15;0;0;2;0;0;B01
201300029964;0;7;0;0;0;0;0;B01
201300029964;0;33;0;0;2;0;0;A01
201300029965;0;1;0;0;2;8;15;B01
201300029965;0;7;0;0;2;1;1;A01
201300029966;1;7;0;0;1;3;1;Z01
201300029967;0;7;0;0;1;1;1;A01
201300029968;0;7;0;1;1;1;1;A01
201300029969;2;7;0;6;0;1;16;Z01
201300029970;0;7;0;0;2;3;1;B01
201300029970;0;7;0;0;2;1;1;A01
201300029971;0;7;0;0;2;3;1;B01
201300029971;0;30;0;0;2;1;17;A01
201300029972;0;30;0;0;2;2;19;A01
201300029972;0;7;0;0;2;3;1;B01
201300029973;0;7;0;0;1;0;0;A01
201300029974;1;7;0;0;0;0;0;Z01
201300029974;0;1;0;0;0;0;0;B01
201300029975;0;10;0;3;0;4;1;B01
201300029975;0;15;0;0;2;1;1;A01
201300029975;0;15;0;0;2;4;1;C01
201300029975;0;10;0;0;2;4;1;D01
201300029975;0;15;0;0;0;4;1;E01
201300029976;0;7;0;0;1;0;0;A01
201300029977;0;33;0;8;0;1;1;A01
201300029978;1;7;0;0;0;0;0;Z01
201300029978;0;32;0;0;0;0;0;B01
201300029979;0;7;0;0;1;0;0;A01
201300029980;0;2;0;0;2;1;1;A01
201300029980;0;31;0;0;0;4;1;B01
201300029981;0;7;0;0;0;0;0;B01
201300029981;1;15;0;0;0;0;0;Z01
201300029982;0;7;0;6;0;1;0;A01
201300029983;0;99;0;0;0;0;0;A01
201300029984;0;15;0;0;2;1;23;C01
201300029984;0;15;0;0;2;4;23;D01
201300029984;0;15;0;0;2;1;1;A01
201300029984;0;7;0;0;2;4;23;B01
201300029985;0;7;0;0;1;0;0;A01
201300029986;0;1;0;0;0;0;0;B01
201300029986;1;7;0;0;0;0;0;Z01
201300029987;0;7;0;0;1;1;1;A01
201300029988;0;7;0;0;1;4;0;A01
201300029989;1;7;0;0;1;0;1;Z01
201300029990;0;7;0;0;1;0;0;A01
201300029991;0;7;0;0;0;1;2;A01
201300029991;0;17;0;0;0;6;2;B01
201300029992;1;7;0;0;0;2;1;A01
201300029992;0;1;0;0;0;1;19;B01
201300029993;0;2;0;0;2;1;0;A01
201300029993;0;1;0;0;2;8;9;B01
201300029994;0;1;0;0;2;4;2;A01
201300029994;0;33;0;0;2;1;2;B01
201300029995;0;7;0;0;2;1;1;A01
201300029995;0;21;0;0;2;6;1;B01
201300029996;0;7;0;0;2;2;1;A01
201300029996;0;7;0;0;1;3;1;B01
201300029997;0;1;0;0;2;3;2;B01
201300029997;0;7;0;0;9;2;1;A01
201300029998;0;7;0;0;1;1;1;A01
201300029999;0;7;0;0;2;3;13;B01
201300029999;0;33;0;0;2;7;1;A01
201300030000;0;7;0;8;0;3;11;A01
201300030001;0;7;0;7;0;1;12;A01
201300030002;0;7;0;0;1;1;1;A01
201300030003;0;7;0;0;1;1;0;A01
201300030004;1;7;0;0;2;1;13;Z01
201300030004;0;7;0;0;2;3;2;A01
201300030005;1;7;0;0;1;3;9;A01
201300030006;0;7;0;0;2;1;1;A01
201300030006;0;7;0;0;2;4;1;B01
201300030007;0;7;0;0;1;3;15;A01
201300030008;0;7;0;0;1;1;1;A01
201300030009;0;30;0;0;2;4;1;A01
201300030009;1;99;0;0;0;0;0;Z01
201300030010;0;7;0;0;1;1;1;A01
201300030011;0;7;0;0;2;1;1;B01
201300030011;0;7;0;0;2;5;15;A01
201300030012;0;7;0;0;1;1;1;A01
201300030013;0;1;0;0;2;1;1;A01
201300030013;1;99;0;0;0;0;0;Z01
201300030014;0;2;0;12;0;1;1;A01
201300030015;0;31;0;0;2;3;1;B01
201300030015;0;7;0;0;2;2;9;A01
201300030016;0;2;0;0;2;1;1;A01
201300030016;0;7;0;0;2;4;1;B01
201300030017;0;7;0;0;2;2;18;A01
201300030017;0;7;0;0;2;3;15;B01
201300030018;0;7;0;0;1;1;1;A01
201300030019;0;1;0;0;2;8;1;B01
201300030019;0;7;0;0;2;1;15;A01
201300030020;0;7;0;0;1;3;1;A01
201300030021;0;1;0;0;2;1;19;A01
201300030021;0;37;1;0;2;1;1;B01
201300030022;0;2;0;0;2;1;1;A01
201300030022;1;7;0;0;2;1;15;Z01
201300030023;0;7;0;0;2;3;13;A01
201300030023;0;7;0;0;2;1;1;B01
201300030024;0;7;0;0;1;1;1;A01
201300030025;0;7;0;0;1;8;1;A01
201300030026;0;7;0;0;2;0;1;A01
201300030026;0;7;0;0;2;0;1;B01
201300030027;0;7;0;0;1;1;15;A01
201300030028;0;7;0;0;1;1;1;A01
201300030029;1;32;0;0;1;1;1;Z01
201300030030;0;7;0;2;0;1;1;A01
201300030031;0;7;0;0;2;2;1;A01
201300030031;0;1;0;0;2;4;1;B01
201300030032;0;7;0;6;0;0;1;A01
201300030033;0;33;0;0;2;1;15;A01
201300030033;0;7;0;0;2;8;1;B01
201300030034;0;30;0;0;2;1;1;B01
201300030034;0;7;0;0;2;3;15;A01
201300030035;0;7;0;0;1;0;1;A01
201300030036;0;7;0;0;1;0;1;A01
201300030037;0;7;0;0;1;1;1;A01
201300030038;0;7;0;0;1;1;1;A01
201300030039;0;7;0;0;1;2;1;A01
201300030040;0;7;0;0;2;1;9;A01
201300030040;0;2;0;0;2;1;1;B01
201300030041;0;7;0;0;2;1;1;B01
201300030041;0;7;0;0;2;7;1;A01
201300030042;0;2;0;0;2;1;1;A01
201300030042;0;7;0;0;2;1;1;B01
201300030043;0;15;0;0;2;5;15;A01
201300030043;0;31;0;0;2;1;1;B01
201300030044;0;15;0;0;2;2;1;A01
201300030044;0;7;0;0;2;1;9;B01
201300030045;0;7;0;0;1;1;1;A01
201300030046;0;14;0;0;2;0;1;A01
201300030046;0;33;0;0;2;4;1;B01
201300030047;0;7;0;1;1;1;0;A01
201300030047;0;7;0;0;2;1;1;B01
201300030048;0;7;0;0;1;1;1;A01
201300030049;0;7;0;0;1;1;1;A01
201300030050;0;7;0;0;2;1;1;B01
201300030050;0;7;0;0;0;3;15;A01
201300030051;0;7;0;9;0;1;1;A01
201300030052;0;7;0;0;2;7;1;A01
201300030052;0;30;0;0;2;1;1;B01
201300030053;0;7;0;0;1;1;1;A01
201300030054;0;7;0;0;2;2;1;A01
201300030054;0;7;0;0;2;0;1;D01
201300030054;0;7;0;0;2;6;1;C01
201300030054;0;7;0;0;2;6;1;B01
201300030055;0;7;0;0;1;1;1;A01
201300030056;0;7;0;0;1;2;1;A01
201300030057;0;7;0;0;2;1;9;B01
201300030057;0;10;0;3;2;1;9;A01
201300030058;0;7;0;0;1;1;1;A01
201300030059;0;30;0;0;2;1;5;A01
201300030059;0;7;0;0;0;3;15;B01
201300030060;0;7;0;0;1;1;1;A01
201300030061;0;30;0;0;2;1;2;A01
201300030062;0;7;0;0;2;4;24;B01
201300030062;0;7;0;1;0;9;1;A01
201300030063;0;33;0;0;2;1;17;A01
201300030063;0;7;0;0;2;3;1;B01
201300030064;0;10;0;0;1;4;4;A01
201300030065;0;7;0;0;1;1;1;A01
201300030066;0;7;0;1;1;1;1;A01
201300030067;0;7;0;0;2;1;15;A01
201300030067;0;2;0;0;2;1;1;B01
201300030068;0;7;0;0;1;1;1;A01
201300030069;0;10;0;0;2;4;23;B01
201300030069;0;7;0;0;2;4;1;A01
201300030070;0;7;0;0;2;6;1;A01
201300030070;0;1;0;0;2;1;9;B01
201300030071;2;7;0;0;0;9;1;A01
201300030072;0;7;0;6;0;1;0;A01
201300030073;0;7;0;0;2;2;2;B01
201300030073;0;2;0;0;2;1;18;A01
201300030074;0;7;0;2;1;1;15;A01
201300030075;0;7;0;0;1;3;15;A01
201300030076;0;33;0;0;2;1;1;A01
201300030076;0;7;0;0;2;3;15;B01
201300030077;0;7;0;0;1;4;4;A01
201300030078;0;7;0;0;1;1;1;A01
201300030079;0;10;0;0;1;1;1;A01
201300030080;2;7;0;9;0;1;1;A01
201300030081;0;7;0;0;2;1;1;A01
201300030081;0;7;0;0;2;1;1;B01
201300030082;0;7;0;0;2;1;1;A01
201300030082;0;33;0;0;2;1;1;B01
201300030083;0;7;0;0;2;1;10;A01
201300030083;0;1;0;0;2;1;1;B01
201300030084;0;7;0;0;2;6;20;A01
201300030084;0;2;0;0;2;1;1;B01
201300030085;0;30;0;0;2;1;1;B01
201300030085;0;7;0;0;2;8;10;A01
201300030086;0;7;0;0;2;8;22;A01
201300030086;0;1;0;0;2;1;1;B01
201300030087;0;7;0;0;2;4;4;A01
201300030087;0;2;0;0;2;1;23;B01
201300030088;0;32;0;0;2;1;1;B01
201300030088;0;7;0;0;2;1;1;A01
201300030089;0;7;0;0;1;2;1;A01
201300030090;0;7;0;0;2;1;1;B01
201300030090;0;7;0;0;2;1;13;A01
201300030091;0;7;0;0;1;2;1;A01
201300030092;0;2;0;0;2;1;15;A01
201300030092;0;7;0;0;2;8;1;B01
201300030093;0;7;0;0;2;3;15;A01
201300030093;0;2;0;0;2;1;17;B01
201300030094;0;7;0;0;1;1;1;A01
201300030095;0;7;0;0;1;0;1;A01
201300030096;0;7;0;0;1;1;1;A01
201300030097;0;30;0;1;0;1;1;A01
201300030098;0;7;0;0;2;1;15;B01
201300030098;0;7;0;0;2;1;1;A01
201300030099;0;7;0;0;2;1;1;A01
201300030099;0;7;0;0;2;1;1;B01
201300030100;0;7;0;1;0;0;1;A01
201300030101;0;34;0;0;2;1;17;A01
201300030101;0;1;0;0;2;8;15;B01
201300030102;1;7;0;0;2;1;1;Z01
201300030102;0;7;0;0;2;2;1;A01
201300030103;1;7;0;0;1;1;5;A01
201300030104;0;7;0;0;2;2;15;A01
201300030104;0;32;0;0;2;1;1;B01
201300030105;0;7;0;0;2;1;1;B01
201300030105;0;7;0;0;2;1;1;A01
201300030106;0;2;0;0;2;1;1;B01
201300030106;0;3;0;0;2;1;15;A01
201300030107;0;7;0;0;1;1;1;A01
201300030108;0;7;0;0;1;1;15;A01
201300030109;0;7;0;0;1;1;1;A01
201300030110;0;7;0;0;2;1;1;A01
201300030110;0;7;0;0;2;4;1;B01
201300030111;0;7;0;0;2;5;9;B01
201300030111;0;33;0;0;2;1;9;A01
201300030112;0;1;0;0;2;1;1;B01
201300030112;0;7;0;0;9;8;24;A01
201300030113;0;7;0;0;1;1;1;A01
201300030114;0;7;0;0;2;1;10;A01
201300030114;0;7;0;9;2;0;1;B01
201300030115;0;1;0;0;2;0;1;A01
201300030115;0;7;0;0;9;1;1;B01
201300030116;0;7;0;0;2;1;1;A01
201300030116;0;7;0;0;2;4;1;B01
201300030117;0;7;0;0;2;3;0;A01
201300030117;0;10;0;0;2;3;1;B01
201300030118;0;31;0;0;2;1;1;B01
201300030118;0;7;0;0;2;3;10;A01
201300030119;0;7;0;0;1;4;4;A01
201300030120;0;7;0;0;2;2;15;A01
201300030120;0;7;0;0;2;1;1;B01
201300030121;0;14;0;0;1;1;1;A01
201300030122;0;2;0;12;0;8;13;A01
201300030123;0;7;0;0;1;1;1;A01
201300030124;0;7;0;15;0;0;0;A01
201300030125;0;7;0;0;1;1;1;A01
201300030126;0;10;0;1;0;1;0;A01
201300030126;0;7;0;0;1;4;24;B01
201300030127;0;7;0;0;2;2;15;A01
201300030127;0;33;0;0;2;1;1;B01
201300030128;0;7;0;0;1;0;1;A01
201300030129;0;7;0;0;2;1;1;A01
201300030129;0;7;0;0;2;1;1;B01
201300030130;0;32;0;0;2;1;1;A01
201300030130;0;7;0;0;2;8;1;B01
201300030131;0;7;0;0;1;3;1;A01
201300030132;0;7;0;1;2;1;13;A01
201300030132;0;7;0;0;2;1;1;B01
201300030133;0;7;0;5;0;1;1;A01
201300030134;0;7;0;4;2;2;1;A01
201300030134;0;7;0;0;2;6;13;B01
201300030135;0;7;0;0;2;1;17;A01
201300030135;0;7;0;0;2;1;1;B01
201300030136;0;7;0;0;1;3;9;A01
201300030137;0;33;0;0;2;1;17;A01
201300030137;0;7;0;0;2;2;1;B01
201300030138;0;7;0;0;2;1;1;A01
201300030138;0;1;0;0;2;4;1;B01
201300030139;0;7;0;0;2;2;20;A01
201300030139;0;33;0;0;2;1;1;B01
201300030140;0;7;0;0;1;1;1;A01
201300030141;0;7;0;0;1;7;17;A01
201300030142;0;7;0;0;1;1;1;A01
201300030143;0;2;0;0;2;1;17;B01
201300030143;0;7;0;0;2;3;20;A01
201300030144;0;7;0;0;2;4;2;B01
201300030144;0;30;0;0;2;1;2;A01
201300030145;1;7;0;0;1;0;0;Z01
201300030146;0;7;0;0;2;4;1;B01
201300030146;0;7;0;0;2;1;1;A01
201300030147;0;30;0;0;2;8;0;B01
201300030148;0;7;0;0;2;1;1;A01
201300030148;0;7;0;0;2;4;1;B01
201300030149;0;1;0;0;2;1;1;B01
201300030149;0;7;0;0;2;3;15;A01
201300030150;0;7;0;0;2;1;1;A01
201300030150;0;7;0;0;2;4;23;B01
201300030151;1;7;0;0;2;1;9;Z01
201300030151;0;1;0;0;2;1;9;A01
201300030152;0;32;0;0;2;1;1;A01
201300030152;0;7;0;0;2;6;15;B01
201300030153;0;37;1;0;2;7;1;B01
201300030153;0;7;0;0;2;1;9;A01
201300030154;1;7;0;0;0;0;0;Z01
201300030154;0;30;0;0;0;0;1;A01
201300030155;1;30;0;0;1;1;0;A01
201300030156;0;10;0;0;2;3;10;A01
201300030156;0;33;0;0;2;1;1;B01
201300030157;0;7;0;8;0;7;1;A01
201300030158;0;32;0;0;2;1;1;B01
201300030158;0;7;0;0;2;8;15;A01
201300030159;0;7;0;0;2;5;16;A01
201300030159;0;1;0;0;0;0;1;B01
201300030160;0;33;0;12;0;1;13;A01
201300030161;0;7;0;0;1;2;15;A01
201300030162;1;7;0;0;1;1;0;Z01
201300030163;0;7;0;0;2;1;1;A01
201300030163;0;7;0;2;2;2;1;B01
201300030164;0;33;0;0;0;0;21;A01
201300030165;0;7;0;0;2;4;1;B01
201300030165;0;1;0;0;2;1;1;A01
201300030166;0;7;0;0;1;7;1;A01
201300030167;0;2;0;0;2;1;1;B01
201300030167;0;7;0;0;2;1;9;A01
201300030168;0;7;0;0;2;3;19;A01
201300030168;0;7;0;0;2;1;2;B01
201300030169;0;7;0;6;0;1;13;A01
201300030170;0;7;0;0;1;3;1;A01
201300030171;1;7;0;0;2;1;9;Z01
201300030171;2;7;0;1;2;3;1;A01
201300030172;0;33;0;0;2;1;17;A01
201300030172;0;7;0;0;2;3;15;B01
201300030173;0;7;0;0;2;1;1;A01
201300030173;0;1;0;0;2;0;1;B01
201300030174;0;7;0;0;1;2;1;A01
201300030175;0;33;0;0;0;0;1;A01
201300030175;0;7;0;0;0;0;15;B01
201300030176;0;30;0;0;2;1;1;B01
201300030176;0;7;0;0;2;3;15;A01
201300030177;0;7;0;0;2;5;1;A01
201300030177;0;7;0;0;2;2;1;B01
201300030178;0;7;0;0;1;1;1;A01
201300030179;0;2;0;0;2;1;1;B01
201300030179;0;7;0;0;2;8;10;A01
201300030180;0;7;0;0;2;1;1;A01
201300030180;0;33;0;0;2;1;15;B01
201300030181;0;33;0;3;2;1;1;A01
201300030181;0;7;0;0;2;6;1;B01
201300030181;0;7;0;0;2;7;1;C01
201300030182;0;7;0;0;2;1;1;B01
201300030182;0;7;0;0;2;1;1;A01
201300030183;0;7;0;0;2;1;1;A01
201300030183;0;7;0;0;2;4;23;B01
201300030183;0;7;0;0;2;4;23;C01
201300030184;0;31;0;0;2;1;15;A01
201300030184;0;7;0;0;2;3;15;B01
201300030185;1;2;0;0;1;1;9;Z01
201300030186;0;7;0;0;1;3;1;A01
201300030187;0;15;0;0;9;5;1;A01
201300030187;0;1;0;0;2;1;16;B01
201300030188;0;10;0;0;2;6;10;A01
201300030188;0;31;0;0;2;1;17;B01
201300030189;0;37;1;0;1;1;2;A01
201300030190;0;7;0;0;2;1;1;A01
201300030190;0;7;0;0;2;2;15;B01
201300030191;0;7;0;0;2;3;5;C01
201300030191;0;7;0;0;2;3;2;A01
201300030191;0;10;0;0;2;6;0;B01
201300030192;0;7;0;0;2;1;16;A01
201300030192;0;1;0;0;2;1;1;B01
201300030193;0;7;0;0;2;1;20;A01
201300030193;0;33;0;0;2;7;1;B01
201300030194;0;7;0;0;2;1;1;B01
201300030194;0;10;0;1;2;1;1;A01
201300030195;0;7;0;0;1;1;15;A01
201300030196;0;33;0;0;2;8;1;B01
201300030196;0;7;0;0;2;1;15;A01
201300030197;0;7;0;0;1;3;15;A01
201300030198;0;7;0;0;2;4;23;C01
201300030198;0;7;0;0;2;4;23;B01
201300030198;2;7;0;0;2;1;1;A01
201300030199;0;33;0;0;2;1;1;A01
201300030199;0;7;0;0;2;4;1;B01
201300030200;0;1;0;0;2;7;1;B01
201300030200;0;7;0;1;2;3;20;A01
201300030201;0;7;0;0;2;1;5;A01
201300030201;0;7;0;0;2;1;1;C01
201300030201;0;7;0;0;2;1;1;B01
201300030202;0;30;0;0;2;1;1;B01
201300030202;0;30;0;0;2;1;1;A01
201300030203;0;7;0;0;1;1;1;A01
201300030204;0;33;0;6;0;1;1;A01
201300030205;0;30;0;0;2;0;0;A01
201300030205;1;7;0;0;2;0;0;Z01
201300030206;0;10;0;6;0;0;1;A01
201300030207;0;1;0;0;1;1;1;A01
201300030208;0;30;0;0;0;1;1;B01
201300030208;0;7;0;0;2;1;1;C01
201300030208;0;7;0;0;2;8;1;A01
201300030209;0;7;0;0;2;3;1;B01
201300030209;0;30;0;0;2;2;1;A01
201300030210;0;7;0;0;1;1;1;A01
201300030211;0;7;0;0;2;3;16;B01
201300030211;0;7;0;0;2;2;1;A01
201300030212;0;7;0;0;2;2;15;A01
201300030212;0;30;0;0;2;3;16;B01
201300030213;0;34;0;0;2;1;1;B01
201300030213;0;7;0;0;2;6;10;A01
201300030214;0;7;0;0;1;1;1;A01
201300030215;0;7;0;0;1;2;1;A01
201300030216;0;7;0;0;2;2;15;A01
201300030216;0;7;0;0;2;6;1;B01
201300030217;0;7;0;0;2;3;15;A01
201300030217;1;7;0;0;2;2;16;Z01
201300030218;0;1;0;0;0;0;1;B01
201300030218;0;37;1;0;0;0;9;A01
201300030219;0;7;0;0;1;1;1;A01
201300030220;0;7;0;0;1;1;1;A01
201300030221;0;7;0;0;1;0;1;A01
201300030222;0;7;0;7;0;3;5;A01
201300030223;2;7;0;8;0;1;1;A01
201300030224;0;30;0;0;1;1;1;A01
201300030225;0;7;0;0;1;2;1;A01
201300030226;0;32;0;0;2;2;1;B01
201300030226;0;7;0;0;2;3;15;A01
201300030227;0;7;0;0;2;2;16;A01
201300030227;0;1;0;0;2;1;1;B01
201300030228;1;99;0;0;2;1;1;Z01
201300030228;0;1;0;0;2;4;1;A01
201300030229;0;7;0;0;2;1;1;A01
201300030229;0;7;0;0;2;8;1;B01
201300030230;0;33;0;0;2;1;1;A01
201300030230;0;7;0;0;2;4;1;B01
201300030231;0;33;0;0;2;1;1;A01
201300030231;0;37;1;0;2;7;15;B01
201300030232;0;7;0;0;2;2;1;A01
201300030232;0;7;0;0;2;5;1;B01
201300030233;1;7;0;0;1;1;15;Z01
201300030234;0;10;0;0;2;8;1;B01
201300030234;0;7;0;0;2;1;11;A01
201300030235;0;7;0;0;2;7;15;B01