num_acc;senc;catv;occutc;obs;obsm;choc;manv;num_veh
201300030235;0;34;0;0;2;1;1;A01
201300030236;0;7;0;0;1;2;1;A01
201300030237;0;7;0;0;1;8;1;A01
201300030238;0;7;0;0;2;1;1;B01
201300030238;0;33;0;0;2;2;15;A01
201300030239;1;33;0;12;0;0;1;A01
201300030240;0;1;0;0;2;1;18;B01
201300030240;0;7;0;0;2;7;22;A01
201300030241;0;7;0;0;1;1;1;A01
201300030242;0;7;0;0;1;2;1;A01
201300030243;0;7;0;0;2;8;9;C01
201300030243;0;7;0;0;2;8;9;B01
201300030243;2;7;0;0;2;0;9;A01
201300030244;0;7;0;0;2;6;1;A01
201300030244;1;7;0;0;2;2;9;Z01
201300030245;0;7;0;0;2;1;1;B01
201300030245;0;7;0;0;2;1;1;A01
201300030246;0;7;0;0;2;1;15;A01
201300030246;0;37;4;0;2;8;1;B01
201300030247;0;2;0;0;2;0;0;B01
201300030247;0;7;0;0;2;3;1;A01
201300030248;1;15;0;0;2;7;14;Z01
201300030248;0;7;0;0;2;8;1;A01
201300030249;0;7;0;0;1;7;1;A01
201300030250;0;7;0;0;2;4;1;B01
201300030250;0;7;0;0;2;1;1;A01
201300030251;0;7;0;0;2;5;9;A01
201300030251;0;10;0;0;2;1;9;B01
201300030252;0;37;1;0;1;1;1;A01
201300030253;0;7;0;0;2;1;5;A01
201300030253;0;33;0;0;2;1;1;B01
201300030254;0;1;0;0;2;4;1;A01
201300030254;1;7;0;0;2;1;1;Z01
201300030255;0;7;0;0;1;1;1;A01
201300030256;0;7;0;0;1;1;13;A01
201300030257;0;34;0;0;2;7;1;B01
201300030257;0;7;0;0;2;6;9;A01
201300030258;0;2;0;1;0;1;1;A01
201300030259;0;7;0;0;1;3;1;A01
201300030260;0;31;0;0;2;0;1;A01
201300030260;0;7;0;0;2;0;1;B01
201300030261;0;7;0;1;0;1;0;A01
201300030262;0;7;0;0;0;9;1;A01
201300030263;1;33;0;0;0;0;1;A01
201300030264;0;31;0;0;0;0;9;A01
201300030265;0;7;0;0;2;0;15;B01
201300030265;0;7;0;0;2;1;1;A01
201300030266;0;7;0;0;1;1;1;A01
201300030267;0;1;0;0;2;8;13;A01
201300030267;0;33;0;0;2;7;1;B01
201300030268;0;33;0;0;2;1;17;B01
201300030268;0;7;0;6;2;3;11;A01
201300030269;0;33;0;0;2;3;2;A01
201300030269;0;7;0;0;2;6;0;B01
201300030270;1;7;0;0;1;0;0;Z01
201300030271;0;7;0;0;2;2;17;A01
201300030271;0;34;0;0;2;3;2;B01
201300030272;0;30;0;0;0;0;0;A01
201300030272;1;7;0;0;0;0;0;Z01
201300030273;0;7;0;0;1;3;15;A01
201300030274;0;7;0;0;1;1;1;A01
201300030275;0;7;0;0;1;1;1;A01
201300030276;0;10;0;0;1;7;17;A01
201300030277;0;33;0;0;2;1;1;A01
201300030277;0;7;0;0;2;4;1;B01
201300030278;0;7;0;0;2;1;15;A01
201300030278;0;1;0;0;2;1;15;B01
201300030279;0;7;0;0;1;1;1;A01
201300030280;0;38;1;0;1;1;15;A01
201300030281;0;31;0;0;2;4;15;B01
201300030281;0;7;0;0;2;1;1;A01
201300030282;1;33;0;0;1;1;1;Z01
201300030283;0;7;0;0;2;5;9;A01
201300030283;0;1;0;0;2;1;19;B01
201300030283;0;1;0;0;2;7;0;C01
201300030284;0;1;0;0;2;1;1;B01
201300030284;0;7;0;0;2;1;1;A01
201300030285;0;7;0;0;1;1;1;A01
201300030286;0;7;0;0;2;1;1;A01
201300030286;0;7;0;0;2;4;1;C01
201300030286;0;7;0;0;2;0;1;B01
201300030287;2;32;0;1;0;1;0;A01
201300030288;0;7;0;0;1;1;1;A01
201300030289;0;7;0;0;1;1;1;A01
201300030290;0;30;0;0;2;0;0;B01
201300030290;1;31;0;0;2;0;0;A01
201300030291;0;33;0;0;2;1;1;B01
201300030291;0;7;0;0;2;4;10;A01
201300030292;0;7;0;0;1;1;1;A01
201300030293;0;7;0;0;1;1;16;A01
201300030294;0;33;0;0;2;1;17;A01
201300030294;0;7;0;0;2;3;15;B01
201300030295;0;1;0;0;2;2;9;A01
201300030295;0;10;0;0;2;1;1;B01
201300030296;0;10;0;6;0;1;1;A01
201300030297;0;7;0;0;2;2;1;C01
201300030297;0;1;0;1;0;1;1;B01
201300030297;0;7;0;0;2;3;24;A01
201300030298;0;7;0;0;2;3;15;A01
201300030298;0;7;0;0;2;1;1;B01
201300030299;0;30;0;0;2;0;0;A01
201300030299;0;7;0;0;2;0;0;B01
201300030300;0;7;0;0;1;1;1;A01
201300030301;0;7;0;0;1;2;1;A01
201300030302;0;7;0;0;0;9;1;A01
201300030303;0;31;0;0;2;6;9;B01
201300030303;0;7;0;0;2;1;9;A01
201300030304;0;30;0;0;2;1;1;B01
201300030304;0;7;0;0;2;7;16;A01
201300030305;0;7;0;0;1;1;1;A01
201300030306;0;7;0;0;2;0;0;B01
201300030306;0;7;0;0;2;0;0;A01
201300030307;0;7;0;0;1;1;15;A01
201300030308;1;7;0;0;0;0;0;Z01
201300030308;0;30;0;0;2;4;0;A01
201300030309;0;1;0;0;2;1;1;B01
201300030309;0;10;0;0;2;6;9;A01
201300030310;0;7;0;0;1;3;9;A01
201300030311;0;30;0;0;2;0;1;B01
201300030311;0;7;0;0;2;0;15;A01
201300030312;0;7;0;0;2;4;1;B01
201300030312;0;7;0;0;2;1;1;A01
201300030313;0;7;0;0;2;4;2;B01
201300030313;0;7;0;0;2;1;2;A01
201300030314;0;14;0;0;1;1;16;A01
201300030315;0;7;0;0;2;1;1;C01
201300030315;0;7;0;0;2;0;1;B01
201300030315;0;7;0;0;2;9;1;A01
201300030316;0;7;0;1;1;2;1;A01
201300030317;0;7;0;0;2;1;1;B01
201300030317;0;7;0;0;2;3;13;A01
201300030318;0;2;0;0;2;1;1;B01
201300030318;0;7;0;0;2;2;16;A01
201300030319;0;7;0;0;1;7;1;A01
201300030320;0;7;0;0;2;9;1;A01
201300030320;0;7;0;0;2;0;0;D01
201300030320;0;7;0;0;2;0;0;C01
201300030320;0;7;0;0;2;0;1;B01
201300030321;0;7;0;1;2;0;0;A01
201300030321;0;7;0;0;2;0;0;B01
201300030322;0;7;0;0;2;1;15;A01
201300030322;0;30;0;0;2;1;1;B01
201300030323;0;30;0;0;2;1;1;B01
201300030323;0;10;0;0;2;7;1;A01
201300030324;0;10;0;0;1;3;1;A01
201300030325;0;33;0;0;2;1;2;B01
201300030325;0;7;0;0;2;3;2;A01
201300030326;0;1;0;0;2;1;19;B01
201300030326;0;7;0;0;2;1;1;A01
201300030327;0;7;0;0;1;0;15;A01
201300030328;0;15;0;0;2;7;1;A01
201300030328;0;7;0;0;2;1;1;B01
201300030329;0;7;0;0;2;1;9;A01
201300030329;0;1;0;0;2;2;9;B01
201300030330;0;7;0;0;1;5;1;A01
201300030331;0;7;0;0;2;1;1;A01
201300030331;0;7;0;0;2;0;1;B01
201300030332;0;1;0;0;2;0;1;B01
201300030332;0;3;0;0;2;3;1;A01
201300030333;0;7;0;0;1;1;1;A01
201300030334;0;7;0;0;2;3;22;A01
201300030334;0;1;0;1;0;1;1;B01
201300030335;0;7;0;0;2;4;1;B01
201300030335;0;7;0;0;2;1;1;A01
201300030336;0;1;0;0;2;7;1;A01
201300030336;0;10;0;0;2;7;1;B01
201300030337;0;7;0;0;1;1;1;A01
201300030338;0;7;0;0;1;1;1;A01
201300030339;0;30;0;0;2;1;1;B01
201300030339;0;7;0;0;2;0;10;A01
201300030340;0;7;0;0;2;1;1;B01
201300030340;0;1;0;0;2;7;1;A01
201300030341;0;7;0;0;2;3;11;B01
201300030341;0;7;0;0;2;5;17;A01
201300030342;0;31;0;0;2;1;9;A01
201300030342;0;7;0;0;2;3;1;B01
201300030343;0;7;0;1;2;1;1;B01
201300030343;0;7;0;0;2;2;15;A01
201300030344;0;7;0;0;2;6;20;A01
201300030344;0;30;0;0;2;1;1;B01
201300030345;0;7;0;1;0;2;1;A01
201300030346;0;7;0;15;2;3;1;A01
201300030346;0;7;0;0;2;1;1;B01
201300030347;0;7;0;0;2;7;1;B01
201300030347;0;7;0;0;2;8;11;A01
201300030348;0;7;0;0;1;1;10;A01
201300030349;0;33;0;0;2;1;0;B01
201300030349;0;7;0;0;2;6;10;A01
201300030350;0;7;0;0;0;4;23;A01
201300030350;0;30;0;0;2;1;2;B01
201300030351;0;7;0;0;2;0;1;A01
201300030351;0;33;0;0;2;1;1;B01
201300030352;0;7;0;0;2;2;1;B01
201300030352;0;7;0;0;2;4;1;A01
201300030353;0;7;0;0;9;4;23;B01
201300030353;0;1;0;0;2;1;11;A01
201300030354;0;7;0;0;1;3;1;A01
201300030355;0;14;0;0;1;2;16;A01
201300030356;0;1;0;0;2;7;0;B01
201300030356;0;7;0;0;9;5;0;A01
201300030357;1;7;0;0;2;0;1;Z01
201300030357;0;1;0;0;2;0;1;B01
201300030358;0;7;0;0;1;1;1;A01
201300030359;0;1;0;0;2;0;1;A01
201300030359;0;7;0;0;2;3;1;B01
201300030360;0;37;0;0;2;1;1;B01
201300030360;0;33;0;0;2;8;1;A01
201300030361;0;7;0;0;2;1;0;A01
201300030361;0;7;0;6;2;1;0;B01
201300030362;0;7;0;0;2;1;15;B01
201300030362;0;33;0;0;2;1;1;A01
201300030363;0;7;0;0;1;1;15;A01
201300030364;0;7;0;0;1;1;1;A01
201300030365;0;7;0;0;1;1;0;A01
201300030366;0;7;0;0;2;8;1;B01
201300030366;0;33;0;0;2;8;21;A01
201300030367;0;7;0;0;2;8;0;B01
201300030367;0;7;0;0;2;1;1;A01
201300030368;1;7;0;0;9;3;0;Z01
201300030368;0;34;0;0;2;7;0;A01
201300030369;0;7;0;2;0;9;1;A01
201300030370;0;7;0;0;2;2;0;B01
201300030370;0;7;0;0;2;5;0;A01
201300030371;0;30;0;0;2;1;1;A01
201300030371;0;7;0;0;2;3;16;B01
201300030372;0;99;0;0;2;7;1;B01
201300030372;0;7;0;0;2;3;1;A01
201300030373;0;7;0;0;2;8;1;B01
201300030373;0;7;0;0;2;1;1;A01
201300030374;0;10;0;0;1;2;9;A01
201300030375;0;7;0;0;2;3;3;A01
201300030375;0;7;0;0;2;1;3;B01
201300030376;0;7;0;0;2;2;1;B01
201300030376;0;7;0;0;2;3;13;A01
201300030377;0;7;0;0;2;1;15;A01
201300030377;0;30;0;0;2;1;1;B01
201300030378;0;7;0;0;2;3;1;B01
201300030378;0;7;0;0;2;1;1;A01
201300030379;0;7;0;0;2;1;0;A01
201300030379;0;20;0;0;2;5;1;B01
201300030380;0;7;0;0;2;4;1;B01
201300030380;0;32;0;0;2;1;1;A01
201300030381;0;7;0;0;1;1;0;A01
201300030382;0;7;0;0;1;8;15;A01
201300030383;0;7;0;0;1;4;4;A01
201300030384;0;7;0;0;1;1;0;A01
201300030385;0;7;0;0;2;1;1;A01
201300030385;0;33;0;0;2;1;1;B01
201300030386;0;7;0;0;1;8;1;A01
201300030387;0;2;0;0;2;8;0;A01
201300030387;0;7;0;0;9;5;0;C01
201300030387;0;7;0;0;9;5;0;B01
201300030388;0;7;0;0;1;0;0;A01
201300030389;0;7;0;0;2;1;0;B01
201300030389;0;7;0;0;2;1;0;A01
201300030390;0;7;0;0;1;1;0;A01
201300030391;0;33;0;0;2;6;1;A01
201300030391;0;7;0;0;2;3;9;B01
201300030392;0;7;0;0;2;2;1;B01
201300030392;0;7;0;0;2;3;1;A01
201300030393;0;20;0;1;0;1;1;A01
201300030394;0;7;0;0;2;0;0;A01
201300030394;0;7;0;0;2;4;0;B01
201300030395;0;7;0;0;1;1;0;A01
201300030396;0;7;0;0;1;3;0;A01
201300030397;0;99;0;0;2;3;0;Z01
201300030397;0;7;0;0;2;8;0;A01
201300030398;0;40;0;0;1;2;1;A01
201300030399;0;7;0;0;2;3;15;A01
201300030399;0;1;0;0;2;3;1;B01
201300030400;0;7;0;0;2;1;1;B01
201300030400;0;2;0;0;2;1;15;A01
201300030401;0;7;0;9;2;3;1;A01
201300030401;0;7;0;0;2;1;1;B01
201300030402;0;7;0;0;2;1;0;A01
201300030402;0;7;0;0;2;1;1;B01
201300030403;0;7;0;0;9;3;0;A01
201300030403;0;1;0;0;2;8;1;B01
201300030404;0;7;0;0;1;0;0;A01
201300030405;0;7;0;0;1;1;0;A01
201300030406;0;7;0;0;2;4;0;C01
201300030406;0;7;0;0;2;1;0;A01
201300030406;0;7;0;0;2;2;0;B01
201300030407;0;7;0;0;1;1;0;A01
201300030408;0;7;0;0;1;0;0;A01
201300030409;0;1;0;0;2;1;1;B01
201300030409;0;7;0;0;2;2;15;A01
201300030410;0;1;0;0;2;8;0;B01
201300030410;0;7;0;0;2;1;0;A01
201300030411;0;7;0;0;1;2;1;A01
201300030412;0;7;0;0;1;1;1;A01
201300030412;0;7;0;0;2;5;0;B01
201300030413;0;7;0;0;1;1;0;A01
201300030414;0;7;0;0;1;1;1;A01
201300030415;0;7;0;0;1;7;9;A01
201300030416;0;7;0;0;9;3;0;B01
201300030416;0;30;0;0;2;8;0;A01
201300030417;0;2;0;0;2;1;0;A01
201300030417;0;7;0;0;9;8;0;B01
201300030417;0;7;0;0;9;5;0;C01
201300030418;0;7;0;0;9;8;0;B01
201300030418;0;2;0;0;2;1;0;A01
201300030418;0;7;0;0;9;5;0;C01
201300030419;0;7;0;0;1;1;0;A01
201300030420;0;10;0;0;2;8;9;A01
201300030420;0;30;0;0;2;1;1;B01
201300030421;0;7;0;0;1;1;0;A01
201300030422;0;7;0;0;2;1;0;A01
201300030422;0;7;0;0;2;1;0;B01
201300030423;0;7;0;0;1;0;0;A01
201300030424;0;7;0;0;1;0;0;A01
201300030425;1;7;0;0;1;0;0;Z01
201300030426;0;7;0;0;1;1;0;A01
201300030427;0;7;0;14;0;1;1;A01
201300030427;0;7;0;0;2;4;23;B01
201300030428;0;7;0;0;2;4;1;B01
201300030428;0;7;0;0;2;1;0;A01
201300030429;0;33;0;0;1;1;1;A01
201300030430;0;7;0;0;1;0;0;A01
201300030431;1;7;0;0;1;3;13;A01
201300030432;0;33;0;0;2;1;10;B01
201300030432;0;7;0;0;2;8;0;A01
201300030433;0;7;0;0;1;1;0;A01
201300030434;0;7;0;0;2;5;9;A01
201300030434;1;7;0;0;2;1;0;Z01
201300030435;0;7;0;0;2;1;1;B01
201300030435;0;10;0;0;2;4;4;A01
201300030436;0;13;0;0;2;1;0;A01
201300030436;0;7;0;0;9;4;0;B01
201300030437;0;7;0;0;1;0;0;A01
201300030438;0;7;0;0;2;0;0;A01
201300030438;0;99;0;0;2;1;0;B01
201300030439;0;10;0;0;9;0;16;A01
201300030439;0;30;0;0;2;0;0;B01
201300030440;0;1;0;0;2;7;0;B01
201300030440;0;7;0;0;2;7;0;A01
201300030441;0;7;0;0;2;4;1;B01
201300030441;0;7;0;0;2;1;1;A01
201300030442;0;7;0;0;1;2;14;A01
201300030443;0;7;0;0;1;1;13;A01
201300030444;0;7;0;0;1;2;1;A01
201300030445;0;7;0;0;1;2;1;A01
201300030446;0;10;0;0;1;2;1;A01
201300030447;0;7;0;2;0;2;1;A01
201300030448;0;31;0;0;2;0;1;A01
201300030448;0;10;0;0;2;2;15;B01
201300030449;0;10;0;0;0;9;1;A01
201300030450;0;10;0;0;0;3;9;A01
201300030450;0;7;0;0;0;1;1;B01
201300030451;0;7;0;0;0;6;6;A01
201300030451;0;7;0;0;0;1;2;B01
201300030452;0;7;0;0;2;1;2;A01
201300030452;0;7;0;0;0;4;23;B01
201300030453;0;7;0;0;1;0;1;A01
201300030454;0;7;0;0;2;1;2;A01
201300030454;0;7;0;2;0;4;15;B01
201300030455;0;7;0;0;1;7;0;A01
201300030456;0;7;0;0;2;8;15;A01
201300030456;0;30;0;0;2;1;17;B01
201300030457;0;10;0;0;1;2;1;A01
201300030458;0;7;0;9;0;1;15;A01
201300030459;0;7;0;0;1;2;1;A01
201300030460;0;7;0;0;0;1;1;A01
201300030461;0;2;0;0;0;0;1;A01
201300030462;0;32;0;0;2;8;0;B01
201300030462;1;7;0;0;2;1;10;Z01
201300030463;1;7;0;0;1;1;2;Z01
201300030464;0;7;0;0;0;6;23;B01
201300030464;0;30;0;14;0;1;2;A01
201300030465;0;32;0;0;2;7;2;B01
201300030465;0;7;0;0;2;8;2;A01
201300030466;0;7;0;0;0;4;23;B01
201300030466;0;7;0;14;1;1;2;A01
201300030466;0;7;0;0;0;4;0;C01
201300030467;0;7;0;0;2;3;11;A01
201300030467;0;7;0;0;2;3;2;B01
201300030468;0;7;0;0;2;1;15;A01
201300030468;0;30;0;0;2;3;1;B01
201300030469;0;7;0;0;2;1;15;B01
201300030469;0;30;0;0;2;7;7;A01
201300030470;0;30;0;0;0;0;0;B01
201300030471;0;7;0;1;1;9;4;A01
201300030472;0;7;0;0;2;0;0;B01
201300030472;0;7;0;0;2;0;9;A01
201300030473;0;1;0;0;2;8;11;A01
201300030473;0;7;0;0;2;2;1;B01
201300030474;0;7;0;0;0;1;1;A01
201300030474;0;7;0;0;0;3;0;B01
201300030475;1;99;0;0;1;0;0;Z01
201300030476;0;2;0;0;2;7;17;A01
201300030476;0;7;0;0;2;2;15;B01
201300030477;0;7;0;0;1;2;2;A01
201300030478;0;7;0;0;0;2;1;B01
201300030478;0;37;1;0;0;1;15;A01
201300030479;0;7;0;0;1;3;0;A01
201300030480;0;7;0;0;1;1;15;A01
201300030481;0;7;0;0;0;8;15;B01
201300030481;0;7;0;0;2;3;1;A01
201300030482;1;10;0;0;2;1;16;Z01
201300030482;0;7;0;0;2;1;23;B01
201300030483;0;7;0;0;1;3;0;A01
201300030484;0;7;0;0;1;2;1;A01
201300030485;0;7;0;6;0;2;0;A01
201300030486;0;7;0;0;2;1;1;B01
201300030486;0;7;0;1;2;8;1;A01
201300030487;0;7;0;0;1;1;1;B01
201300030488;0;7;0;0;0;1;0;A01
201300030488;0;7;0;0;0;2;1;B01
201300030489;0;2;0;0;2;1;1;B01
201300030489;0;7;0;0;2;1;1;A01
201300030490;1;7;0;14;1;0;0;Z01
201300030491;0;7;0;1;0;1;1;A01
201300030492;0;7;0;0;2;7;16;A01
201300030492;0;2;0;0;2;1;1;B01
201300030493;0;7;0;9;2;1;1;A01
201300030493;0;7;0;0;2;2;1;B01
201300030494;0;10;0;15;0;2;0;A01
201300030494;0;1;0;0;2;3;0;B01
201300030495;0;7;0;0;1;1;1;A01
201300030496;0;7;0;13;0;9;0;A01
201300030497;0;3;0;0;2;2;0;A01
201300030497;0;7;0;0;2;3;0;C01
201300030497;0;7;0;0;2;6;0;B01
201300030498;0;2;0;0;2;8;2;B01
201300030498;0;7;0;0;2;1;0;A01
201300030499;0;33;0;0;1;1;0;A01
201300030500;0;7;0;0;1;1;1;A01
201300030501;0;13;0;0;9;0;23;A01
201300030501;0;7;0;0;9;7;1;B01
201300030502;0;7;0;0;1;1;2;A01
201300030503;0;34;0;0;1;2;2;A01
201300030504;0;7;0;0;0;3;0;A01
201300030504;0;1;0;16;0;0;0;B01
201300030505;0;7;0;0;1;1;0;A01
201300030506;0;3;0;0;1;3;15;A01
201300030507;0;2;0;0;2;1;1;B01
201300030507;0;7;0;0;0;2;15;A01
201300030508;0;7;0;0;2;1;2;B01
201300030508;0;7;0;0;2;2;2;A01
201300030509;0;33;0;0;1;1;0;A01
201300030510;1;2;0;0;2;1;0;A01
201300030510;0;7;0;0;2;1;0;B01
201300030511;0;7;0;0;1;2;16;A01
201300030512;0;14;0;0;9;2;10;A01
201300030512;0;1;0;0;2;1;1;B01
201300030513;0;30;0;0;1;1;0;A01
201300030514;1;10;0;0;1;1;0;Z01
201300030515;0;7;0;0;2;2;15;A01
201300030515;0;1;0;0;2;1;1;B01
201300030516;0;7;0;0;1;3;2;A01
201300030517;0;7;0;0;1;2;0;A01
201300030518;0;2;0;0;1;1;1;A01
201300030519;0;7;0;4;0;3;0;A01
201300030520;1;7;0;0;9;0;16;Z01
201300030520;0;1;0;0;2;3;1;B01
201300030521;1;7;0;0;1;1;15;Z01
201300030522;0;2;0;0;2;8;2;B01
201300030522;1;7;0;0;9;1;0;Z01
201300030523;0;7;0;0;2;3;1;A01
201300030523;2;7;0;0;2;2;1;Z01
201300030524;0;7;0;0;0;6;0;A01
201300030524;0;32;0;0;2;1;1;B01
201300030525;0;1;0;0;0;0;15;A01
201300030525;0;7;0;0;0;0;1;B01
201300030526;0;10;0;0;1;1;15;A01
201300030527;0;7;0;0;2;0;15;A01
201300030527;0;30;0;0;2;0;0;B01
201300030528;0;33;0;0;2;1;1;A01
201300030528;0;7;0;0;2;7;15;B01
201300030529;0;2;0;0;2;3;16;A01
201300030529;0;7;0;0;9;2;16;B01
201300030530;0;7;0;0;2;8;15;B01
201300030530;2;10;0;0;2;1;2;A01
201300030531;0;7;0;0;1;3;2;A01
201300030532;0;7;0;0;9;1;1;A01
201300030532;0;1;0;0;0;2;15;B01
201300030533;0;10;0;0;1;7;1;A01
201300030534;0;2;0;0;0;3;2;A01
201300030534;0;7;0;0;0;5;2;B01
201300030535;0;30;0;0;2;1;18;A01
201300030535;0;7;0;0;2;7;15;B01
201300030536;0;7;0;0;1;2;2;A01
201300030537;0;7;0;0;2;2;13;A01
201300030537;0;7;0;0;2;3;1;B01
201300030538;0;33;0;0;2;1;12;A01
201300030538;0;7;0;0;9;3;1;B01
201300030539;1;7;0;0;1;0;15;Z01
201300030540;0;7;0;0;9;2;12;A01
201300030540;0;30;0;0;2;8;0;B01
201300030541;0;1;0;0;2;1;15;B01
201300030541;0;7;0;0;9;3;2;A01
201300030542;0;2;0;0;0;2;0;B01
201300030543;0;33;0;0;2;1;17;A01
201300030543;0;7;0;0;0;8;15;B01
201300030544;0;37;1;0;1;2;2;A01
201300030545;0;33;0;0;2;1;2;B01
201300030545;0;7;0;0;2;2;13;A01
201300030546;0;7;0;0;0;8;1;B01
201300030546;0;1;0;0;2;0;14;A01
201300030547;0;7;0;1;2;7;10;A01
201300030547;0;7;0;1;0;1;24;C01
201300030547;0;10;0;0;2;2;21;B01
201300030548;0;7;0;0;2;4;2;B01
201300030548;0;7;0;0;2;1;2;A01
201300030549;0;7;0;0;1;8;1;A01
201300030550;0;36;0;1;0;1;0;A01
201300030550;0;7;0;0;0;0;0;B01
201300030551;0;1;0;0;2;1;1;A01
201300030551;0;7;0;0;2;3;1;B01
201300030552;0;30;0;0;0;0;1;A01
201300030553;0;7;0;0;2;8;10;A01
201300030553;0;33;0;0;2;1;0;B01
201300030554;0;7;0;0;0;3;1;B01
201300030554;0;7;0;0;0;1;15;A01
201300030555;0;33;0;0;2;9;21;A01
201300030555;0;10;0;0;0;6;17;B01
201300030556;0;7;0;15;0;1;1;A01
201300030557;0;7;0;4;0;1;0;A01
201300030558;0;7;0;0;1;3;15;A01
201300030559;0;10;0;0;0;0;1;A01
201300030559;0;33;0;14;0;1;1;B01
201300030560;0;7;0;0;1;1;15;A01
201300030561;0;7;0;0;2;2;11;B01
201300030561;0;10;0;1;2;1;2;A01
201300030562;1;7;0;0;2;0;0;A01
201300030562;0;7;0;0;2;3;0;B01
201300030563;0;2;0;0;1;0;0;A01
201300030564;0;2;0;0;2;8;16;A01
201300030564;0;7;0;0;2;3;1;B01
201300030565;0;7;0;0;1;3;1;A01
201300030566;0;7;0;15;2;7;1;B01
201300030566;0;7;0;0;2;1;19;A01
201300030567;0;7;0;0;2;3;10;A01
201300030567;0;7;0;0;2;2;17;B01
201300030568;0;30;0;0;2;8;1;B01
201300030568;0;3;0;0;0;2;19;A01
201300030569;0;33;0;0;2;3;2;A01
201300030569;0;7;0;0;0;3;9;B01
201300030570;0;2;0;0;2;1;1;B01
201300030570;0;7;0;0;2;3;0;A01
201300030571;0;30;0;0;0;0;0;A01
201300030572;0;7;0;0;1;1;0;A01
201300030573;0;1;0;0;2;7;1;B01
201300030573;0;10;0;0;2;1;16;A01
201300030574;1;99;0;0;1;1;1;A01
201300030575;0;1;0;0;0;4;1;B01
201300030575;0;7;0;0;2;1;16;A01
201300030576;0;7;0;0;0;7;1;B01
201300030576;0;10;0;0;2;1;1;A01
201300030577;0;7;0;0;2;3;9;B01
201300030577;0;2;0;0;2;1;1;A01
201300030578;0;7;0;0;2;3;1;B01
201300030578;0;7;0;0;2;7;15;A01
201300030579;0;7;0;0;0;2;14;A01
201300030580;0;7;0;0;2;3;2;B01
201300030580;0;7;0;0;2;1;15;A01
201300030581;0;7;0;0;1;0;1;A01
201300030582;0;7;0;0;2;2;15;A01
201300030582;0;31;0;0;2;1;2;B01
201300030583;0;7;0;0;2;1;0;A01
201300030583;0;7;0;0;2;3;1;B01
201300030584;0;7;0;6;2;2;1;B01
201300030584;0;7;0;0;2;1;0;A01
201300030585;0;7;0;0;2;1;2;A01
201300030585;0;34;0;0;2;1;2;B01
201300030586;0;7;0;0;1;1;0;A01
201300030587;0;7;0;0;1;3;2;A01
201300030588;0;7;0;0;2;3;0;A01
201300030588;2;7;0;0;2;1;0;B01
201300030589;0;1;0;0;2;8;9;B01
201300030589;0;7;0;0;2;3;1;A01
201300030590;0;7;0;0;2;5;15;A01
201300030590;0;2;0;0;2;1;1;B01
201300030591;0;7;0;0;2;4;0;B01
201300030591;0;7;0;0;0;4;0;A01
201300030592;0;2;0;0;2;0;1;A01
201300030593;0;13;0;0;0;1;23;B01
201300030593;0;1;0;0;0;1;1;A01
201300030594;0;7;0;0;1;8;1;A01
201300030595;1;99;0;0;0;0;0;A01
201300030595;0;1;0;0;2;0;2;B01
201300030596;0;7;0;0;0;9;2;B01
201300030596;0;7;0;0;0;4;2;D01
201300030596;0;7;0;0;0;1;2;A01
201300030596;0;7;0;0;0;9;2;C01
201300030597;0;7;0;0;1;1;2;A01
201300030598;0;7;0;0;2;1;1;C01
201300030598;0;7;0;8;2;8;1;B01
201300030598;0;7;0;0;2;1;19;A01
201300030599;0;33;0;9;2;3;1;A01
201300030599;0;7;0;0;2;2;16;B01
201300030600;0;7;0;1;0;8;10;A01
201300030600;0;1;0;0;2;1;13;B01
201300030601;0;7;0;0;2;6;2;B01
201300030601;0;7;0;0;2;2;2;A01
201300030602;0;2;0;0;2;1;0;B01
201300030602;0;7;0;0;2;3;0;A01
201300030603;0;7;0;0;1;2;1;A01
201300030604;0;7;0;0;0;2;9;B01
201300030604;0;1;0;0;0;1;0;A01
201300030605;0;7;0;0;1;3;15;A01
201300030606;0;7;0;4;0;8;1;A01
201300030607;0;7;0;1;2;6;1;A01
201300030607;0;7;0;0;2;1;1;B01
201300030608;0;2;0;0;2;1;1;A01
201300030608;0;7;0;0;2;3;1;B01
201300030609;1;99;0;0;1;1;1;A01
201300030610;0;7;0;0;2;6;15;A01
201300030610;0;33;0;0;2;1;17;B01
201300030611;0;7;0;0;0;1;1;B01
201300030611;0;99;0;0;0;7;17;A01
201300030612;1;7;0;0;0;2;15;Z01
201300030612;0;2;0;0;2;2;1;A01
201300030613;0;30;0;0;1;2;0;A01
201300030614;0;7;0;14;0;1;14;A01
201300030615;0;7;0;14;0;4;23;C01
201300030615;0;7;0;14;0;1;2;A01
201300030615;0;7;0;14;0;4;23;B01
201300030616;0;7;0;0;2;1;1;A01
201300030616;0;7;0;0;2;8;1;B01
201300030617;2;7;0;0;2;3;0;A01
201300030617;0;7;0;0;2;9;1;B01
201300030618;0;20;0;0;9;3;1;A01
201300030618;0;33;0;0;9;2;17;B01
201300030619;0;7;0;0;1;1;0;A01
201300030620;0;7;0;0;2;1;1;A01
201300030620;0;7;0;0;2;7;1;B01
201300030621;2;7;0;0;1;1;1;A01
201300030622;0;7;0;3;0;1;0;A01
201300030623;0;7;0;0;2;8;1;A01
201300030623;0;7;0;0;2;1;1;B01
201300030624;0;7;0;0;2;1;2;A01
201300030624;0;3;0;0;0;6;2;B01
201300030625;0;7;0;0;2;1;2;B01
201300030625;0;7;0;0;2;7;15;A01
201300030626;0;7;0;1;2;2;1;B01
201300030626;0;7;0;0;2;6;11;A01
201300030627;0;7;0;0;2;3;1;A01