num_acc;senc;catv;occutc;obs;obsm;choc;manv;num_veh
201300030627;0;10;0;0;2;1;1;B01
201300030628;0;7;0;0;2;3;17;B01
201300030628;0;2;0;0;2;1;17;A01
201300030629;0;7;0;8;0;1;15;A01
201300030630;0;7;0;0;1;1;15;A01
201300030631;0;7;0;0;1;1;0;A01
201300030632;0;21;0;0;1;1;16;A01
201300030633;0;7;0;8;0;1;16;A01
201300030634;0;7;0;0;1;7;2;A01
201300030635;0;7;0;1;0;1;20;A01
201300030636;0;7;0;0;1;1;1;A01
201300030637;0;7;0;0;2;3;0;B01
201300030637;0;7;0;0;2;2;0;A01
201300030638;0;7;0;0;1;3;1;A01
201300030639;1;7;0;0;1;2;1;Z01
201300030640;0;1;0;0;2;2;9;B01
201300030640;1;7;0;0;0;3;9;A01
201300030641;0;7;0;1;0;2;2;A01
201300030642;0;7;0;0;2;3;15;A01
201300030642;0;30;0;0;2;1;1;B01
201300030643;2;7;0;8;0;1;0;A01
201300030644;0;7;0;0;2;3;0;B01
201300030644;0;7;0;0;2;2;12;A01
201300030645;0;7;0;0;1;3;16;A01
201300030646;0;7;0;0;9;1;2;B01
201300030646;0;1;0;0;2;7;11;A01
201300030647;0;7;0;0;2;7;1;A01
201300030647;0;7;0;0;2;1;1;B01
201300030648;0;30;0;0;2;0;1;A01
201300030649;0;10;0;0;2;1;15;A01
201300030649;0;33;0;0;2;1;13;B01
201300030650;0;7;0;0;0;2;10;A01
201300030650;0;2;0;0;2;1;0;B01
201300030651;0;2;0;0;2;1;1;B01
201300030651;0;7;0;0;2;3;0;A01
201300030652;0;34;0;0;1;1;0;A01
201300030653;0;7;0;0;1;3;1;A01
201300030654;0;7;0;0;2;1;1;B01
201300030654;0;7;0;0;2;2;15;A01
201300030655;0;30;0;0;2;7;15;B01
201300030655;1;7;0;0;2;2;0;A01
201300030656;0;7;0;0;1;2;0;A01
201300030657;1;99;0;0;1;2;0;A01
201300030658;0;7;0;0;1;1;1;A01
201300030659;0;7;0;0;1;1;1;A01
201300030660;0;7;0;0;1;3;0;A01
201300030661;0;7;0;0;0;4;2;B01
201300030661;0;7;0;0;2;1;2;A01
201300030662;0;7;0;0;2;1;0;B01
201300030662;0;7;0;0;0;2;0;A01
201300030663;0;7;0;0;0;0;19;A01
201300030663;0;7;0;8;0;1;1;B01
201300030664;0;7;0;0;1;1;2;A01
201300030665;0;7;0;0;2;8;9;A01
201300030665;0;2;0;0;2;1;1;B01
201300030666;0;7;0;0;0;1;1;A01
201300030667;0;2;0;0;2;1;1;A01
201300030667;0;7;0;0;2;0;0;B01
201300030668;1;7;0;0;9;1;16;Z01
201300030668;0;1;0;0;0;4;0;B01
201300030669;0;7;0;0;0;8;15;A01
201300030669;0;7;0;0;2;1;1;B01
201300030670;0;37;20;0;1;2;1;A01
201300030671;0;30;0;0;1;1;0;A01
201300030672;0;7;0;0;1;1;1;A01
201300030673;0;30;0;0;2;1;1;B01
201300030673;0;7;0;0;2;7;19;A01
201300030674;0;30;0;1;0;1;13;A01
201300030675;0;7;0;0;2;7;1;B01
201300030675;0;7;0;0;2;2;19;A01
201300030676;0;3;0;0;0;1;1;B01
201300030676;0;7;0;0;2;1;6;A01
201300030677;0;2;0;0;0;0;0;B01
201300030677;0;2;0;0;2;1;1;A01
201300030678;0;7;0;0;1;2;21;A01
201300030679;0;1;0;0;2;0;0;B01
201300030679;1;99;0;0;9;0;16;Z01
201300030680;0;7;0;0;2;1;2;A01
201300030680;0;7;0;0;0;4;2;B01
201300030681;0;7;0;0;2;1;1;A01
201300030681;0;7;0;0;2;5;15;B01
201300030682;0;7;0;0;1;1;1;A01
201300030683;0;7;0;0;9;0;0;A01
201300030683;0;1;0;0;2;0;0;B01
201300030684;0;7;0;0;2;1;1;B01
201300030684;0;7;0;3;2;0;0;A01
201300030685;0;7;0;0;1;4;4;A01
201300030686;0;2;0;0;2;1;1;A01
201300030686;0;7;0;0;2;3;16;B01
201300030687;1;7;0;0;1;0;16;A01
201300030688;0;7;0;1;1;2;1;A01
201300030689;0;10;0;0;1;2;1;B01
201300030689;0;7;0;0;2;1;1;A01
201300030690;0;7;0;0;2;3;2;B01
201300030690;0;7;0;0;2;1;10;A01
201300030691;0;7;0;0;1;1;15;A01
201300030692;0;7;0;0;0;2;11;A01
201300030692;0;30;0;0;2;1;1;B01
201300030693;0;7;0;6;0;0;0;A01
201300030694;0;14;0;13;0;7;0;A01
201300030695;0;7;0;0;2;3;12;A01
201300030695;0;37;1;0;2;2;1;B01
201300030696;0;7;0;0;0;5;2;B01
201300030696;0;2;0;0;2;8;2;A01
201300030697;0;7;0;0;2;1;0;A01
201300030697;0;7;0;0;2;1;0;B01
201300030698;0;7;0;0;2;1;1;A01
201300030698;0;7;0;6;0;3;1;B01
201300030699;0;2;0;0;0;1;0;A01
201300030700;0;7;0;0;1;1;1;A01
201300030701;0;7;0;0;0;0;15;A01
201300030701;0;33;0;9;0;1;21;B01
201300030702;0;7;0;2;2;7;1;A01
201300030702;0;7;0;2;2;5;1;B01
201300030703;0;33;0;0;2;2;11;A01
201300030703;0;7;0;0;9;6;15;B01
201300030704;0;7;0;1;0;0;0;A01
201300030705;0;7;0;0;2;1;2;A01
201300030705;0;7;0;0;0;4;2;B01
201300030706;0;7;0;0;1;1;1;A01
201300030707;1;7;0;0;0;2;11;Z01
201300030707;0;7;0;0;2;1;1;A01
201300030708;0;7;0;0;2;3;5;A01
201300030708;0;7;0;0;2;3;1;B01
201300030709;0;7;0;14;0;9;0;A01
201300030710;0;37;2;8;2;5;16;A01
201300030710;0;30;0;0;2;0;23;B01
201300030711;0;7;0;0;1;2;1;A01
201300030712;0;7;0;2;0;3;0;A01
201300030713;0;7;0;3;0;8;1;A01
201300030714;0;7;0;0;1;1;1;A01
201300030715;0;2;0;0;2;7;17;A01
201300030715;0;7;0;0;9;8;15;B01
201300030716;0;7;0;0;1;2;2;A01
201300030717;0;7;0;0;1;1;15;A01
201300030718;0;7;0;0;2;1;1;A01
201300030718;0;10;0;0;2;1;15;B01
201300030719;0;7;0;0;2;3;15;A01
201300030719;0;15;0;0;2;2;0;B01
201300030720;1;7;0;0;2;7;15;A01
201300030720;0;31;0;0;2;7;1;B01
201300030721;0;20;0;0;1;0;16;A01
201300030722;0;7;0;0;1;2;1;A01
201300030723;0;7;0;0;0;1;2;A01
201300030723;0;7;0;0;0;4;15;B01
201300030724;0;2;0;0;2;6;0;B01
201300030724;0;7;0;0;2;3;0;A01
201300030725;0;7;0;0;0;2;9;B02
201300030725;0;30;0;0;2;1;1;A01
201300030726;0;7;0;1;0;1;14;A01
201300030727;0;7;0;0;2;2;1;A01
201300030727;0;7;0;0;2;1;1;B01
201300030728;0;7;0;0;1;1;1;A01
201300030729;0;30;0;0;2;1;1;B01
201300030729;0;7;0;0;2;2;15;A01
201300030730;0;7;0;0;2;5;0;B01
201300030730;0;33;0;0;2;4;24;C02
201300030730;0;7;0;0;2;1;21;A01
201300030731;0;7;0;0;9;3;9;A01
201300030731;0;1;0;0;2;7;9;B01
201300030731;0;1;0;0;2;7;9;C01
201300030732;0;7;0;0;2;3;15;A01
201300030732;0;2;0;0;2;7;1;B01
201300030733;0;30;0;0;0;0;1;A01
201300030734;0;7;0;0;0;0;0;A01
201300030734;0;30;0;0;0;0;0;B01
201300030735;0;7;0;0;1;1;1;A01
201300030736;0;7;0;0;0;3;10;A01
201300030736;0;33;0;0;0;2;17;B01
201300030737;0;7;0;0;1;2;1;A01
201300030738;0;2;0;0;2;1;1;A01
201300030738;1;99;0;0;0;0;15;Z01
201300030739;0;13;0;0;2;2;2;A01
201300030739;0;7;0;0;1;4;23;B01
201300030740;0;33;0;0;2;8;9;A01
201300030740;0;10;0;0;0;4;2;B01
201300030741;0;7;0;0;9;8;22;A01
201300030741;0;1;0;1;0;1;21;B01
201300030742;0;7;0;0;2;2;1;B01
201300030742;0;7;0;0;2;2;9;A01
201300030743;0;7;0;0;2;7;10;A01
201300030743;0;7;0;0;2;0;0;B01
201300030744;0;7;0;1;0;2;2;A01
201300030744;0;7;0;0;2;6;23;B01
201300030745;0;7;0;0;1;4;4;A01
201300030746;0;7;0;12;0;9;14;A01
201300030747;0;7;0;0;1;1;1;A01
201300030748;0;7;0;0;1;2;1;A01
201300030749;0;7;0;14;0;1;1;A01
201300030749;0;7;0;0;0;4;1;B01
201300030750;0;32;0;0;2;1;2;A01
201300030750;0;7;0;0;2;4;2;B01
201300030751;0;7;0;0;1;2;0;A01
201300030752;0;7;0;0;2;2;0;B01
201300030752;0;30;0;0;2;1;19;A01
201300030753;0;7;0;0;2;2;1;B01
201300030753;0;7;0;0;2;8;9;A01
201300030754;0;7;0;0;2;4;1;A01
201300030754;0;32;0;0;0;4;23;B01
201300030755;0;7;0;0;0;2;15;A01
201300030755;0;31;0;0;0;1;1;B01
201300030756;0;7;0;0;1;1;2;A01
201300030757;0;7;0;0;0;1;15;A01
201300030757;0;1;0;0;2;1;0;B01
201300030758;0;1;0;0;0;4;2;B01
201300030758;0;10;0;0;0;1;2;A01
201300030759;0;7;0;0;2;3;1;B01
201300030759;0;2;0;0;2;1;5;A01
201300030760;0;7;0;0;2;1;15;A01
201300030760;0;7;0;0;2;3;1;B01
201300030761;0;7;0;0;2;1;5;A01
201300030761;0;7;0;0;2;1;15;B01
201300030762;0;7;0;0;2;3;9;A01
201300030762;0;33;0;0;2;1;1;B01
201300030763;0;3;0;0;1;1;0;A01
201300030764;0;7;0;0;2;2;2;A01
201300030764;0;7;0;0;2;6;2;B01
201300030765;0;7;0;0;1;2;1;A01
201300030766;0;7;0;0;1;0;0;A01
201300030767;0;7;0;0;2;2;16;A01
201300030767;0;37;30;0;2;3;7;B01
201300030768;0;7;0;0;0;2;10;A01
201300030768;0;33;0;0;2;1;0;B01
201300030769;0;7;0;6;0;1;0;A01
201300030770;0;7;0;2;0;1;2;A01
201300030771;0;7;0;0;2;1;15;A01
201300030771;0;14;0;0;2;2;0;B01
201300030772;0;7;0;0;2;3;1;A01
201300030772;0;7;0;0;2;2;1;B01
201300030773;0;7;0;0;2;7;15;A01
201300030773;0;30;0;0;2;1;1;B01
201300030774;0;7;0;0;1;1;1;A01
201300030775;0;7;0;0;1;1;1;A01
201300030776;1;99;0;0;1;0;0;Z01
201300030777;0;7;0;0;2;3;15;A01
201300030777;0;7;0;0;2;3;1;B01
201300030778;0;7;0;0;1;2;1;A01
201300030779;0;7;0;0;2;2;17;A01
201300030779;0;30;0;0;2;4;15;B01
201300030780;0;7;0;0;2;2;2;A01
201300030780;0;1;0;0;2;3;2;B01
201300030781;0;7;0;0;1;1;1;A01
201300030782;0;2;0;0;2;6;2;B01
201300030782;1;10;0;0;9;7;16;Z01
201300030783;0;30;0;0;2;8;1;A01
201300030783;0;7;0;0;2;5;15;B01
201300030784;0;31;0;0;2;0;1;A01
201300030784;0;7;0;0;2;0;1;B01
201300030785;0;7;0;6;0;3;0;A01
201300030786;0;7;0;8;0;1;0;A01
201300030787;0;7;0;13;0;1;1;A01
201300030788;0;7;0;0;2;9;1;B01
201300030788;0;7;0;0;2;1;1;A01
201300030789;0;2;0;0;2;1;9;A01
201300030789;0;7;0;0;2;7;1;B01
201300030790;0;7;0;0;1;8;1;A01
201300030791;0;7;0;0;1;2;1;A01
201300030792;0;7;0;15;1;3;1;A01
201300030792;0;7;0;0;2;7;1;B01
201300030793;0;30;0;0;2;1;1;A01
201300030793;0;7;0;0;0;4;23;B01
201300030794;0;7;0;0;0;1;1;C01
201300030794;0;7;0;0;0;1;1;D01
201300030794;0;7;0;0;0;1;1;B01
201300030794;0;7;0;0;2;4;1;A01
201300030795;0;7;0;0;2;6;15;B01
201300030795;0;34;0;0;0;1;0;A01
201300030796;0;7;0;0;1;1;1;A01
201300030797;0;32;0;0;2;1;1;A01
201300030797;1;7;0;0;2;6;16;Z01
201300030798;0;1;0;0;2;2;1;B01
201300030798;0;7;0;0;2;3;1;A01
201300030799;0;1;0;0;2;8;1;B01
201300030799;1;7;0;0;9;7;12;Z01
201300030800;0;7;0;0;1;2;7;A01
201300030801;0;30;0;0;2;1;1;A01
201300030801;0;7;0;0;2;3;15;B01
201300030802;0;7;0;0;2;2;1;B01
201300030802;0;7;0;0;2;2;9;A01
201300030803;0;30;0;0;0;7;15;A01
201300030804;1;7;0;0;2;1;1;Z01
201300030804;0;31;0;0;2;7;1;B01
201300030805;0;7;0;0;2;2;19;B01
201300030805;0;2;0;0;2;3;17;A01
201300030806;0;7;0;0;2;3;19;A01
201300030806;0;7;0;0;2;1;1;B01
201300030807;0;7;0;0;1;3;0;A01
201300030808;1;7;0;0;1;0;17;Z01
201300030809;0;2;0;0;2;1;1;A01
201300030809;0;37;10;0;9;7;1;B01
201300030810;0;7;0;0;1;3;0;A01
201300030811;0;7;0;0;1;1;1;A01
201300030812;0;30;0;0;2;1;14;A01
201300030812;0;7;0;0;2;5;1;B01
201300030813;0;10;0;1;1;7;17;A01
201300030814;0;7;0;0;2;7;11;A01
201300030814;0;7;0;0;2;1;1;B01
201300030815;0;7;0;0;2;1;15;A01
201300030815;0;7;0;0;2;3;1;B01
201300030816;1;99;0;0;0;0;0;A01
201300030816;0;7;0;0;0;3;20;B01
201300030817;0;10;0;0;1;1;21;A01
201300030818;0;7;0;0;1;1;1;A01
201300030819;0;7;0;0;2;0;0;A01
201300030819;0;1;0;0;2;1;0;B01
201300030820;0;7;0;1;1;2;14;A01
201300030821;0;7;0;0;2;1;1;A01
201300030821;0;7;0;0;2;8;1;B01
201300030822;0;10;0;0;1;2;6;A01
201300030823;0;10;0;0;1;1;15;A01
201300030824;0;2;0;0;2;2;17;A01
201300030824;0;7;0;0;2;6;15;B01
201300030825;0;7;0;0;2;2;1;B01
201300030825;0;7;0;1;2;3;20;A01
201300030826;1;7;0;0;1;1;0;Z01
201300030827;0;7;0;0;1;1;16;A01
201300030828;0;30;0;0;1;1;0;A01
201300030829;0;37;1;0;1;2;1;A01
201300030830;0;7;0;0;1;1;15;A01
201300030831;0;7;0;8;0;7;0;A01
201300030832;0;7;0;1;0;1;13;A01
201300030833;0;7;0;1;0;5;14;A01
201300030834;0;7;0;1;0;4;1;A01
201300030835;0;7;0;0;2;3;18;A01
201300030835;0;10;0;0;2;5;1;B01
201300030835;0;7;0;0;2;6;1;C01
201300030836;0;7;0;0;2;4;0;B01
201300030836;0;10;0;0;2;1;1;A01
201300030837;0;7;0;0;1;3;1;A01
201300030838;0;7;0;0;1;2;9;A01
201300030839;1;7;0;0;0;0;0;Z01
201300030839;0;30;0;0;2;8;16;B01
201300030840;0;7;0;0;0;1;0;A01
201300030840;0;7;0;0;0;4;0;B01
201300030841;0;7;0;0;1;1;1;A01
201300030842;0;7;0;0;1;4;20;A01
201300030843;0;7;0;0;2;8;15;B01
201300030843;0;7;0;6;2;2;17;A01
201300030844;0;7;0;0;2;7;2;B01
201300030844;0;7;0;0;2;1;0;A01
201300030845;0;7;0;0;0;2;1;B01
201300030845;0;7;0;0;0;6;1;A01
201300030846;0;7;0;0;0;3;2;B01
201300030846;0;7;0;0;0;1;15;A01
201300030847;0;7;0;0;1;3;16;A01
201300030848;0;7;0;0;2;2;1;A01
201300030848;0;31;0;0;2;4;0;B01
201300030849;0;7;0;0;2;1;1;A01
201300030849;0;7;0;9;2;5;1;B01
201300030850;0;7;0;0;2;0;0;A01
201300030850;0;1;0;0;2;0;0;B01
201300030851;0;7;0;9;0;1;1;A01
201300030852;0;33;0;0;2;7;1;B01
201300030852;0;7;0;0;2;3;16;A01
201300030853;0;7;0;0;2;7;15;A01
201300030853;0;7;0;0;2;1;1;B01
201300030854;0;7;0;0;1;1;1;A01
201300030855;0;7;0;0;2;1;19;A01
201300030855;0;30;0;0;2;1;1;B01
201300030856;0;7;0;0;1;1;1;A01
201300030857;0;7;0;0;2;1;1;B01
201300030857;0;7;0;0;2;1;15;A01
201300030858;0;7;0;1;0;1;0;A01
201300030859;0;7;0;0;2;1;5;A01
201300030859;0;7;0;0;2;1;1;B01
201300030860;2;33;0;14;;;1;A01
201300030861;0;30;0;6;0;1;0;A01
201300030862;0;7;0;0;1;0;0;A01
201300030863;0;7;0;2;0;2;1;A01
201300030864;0;7;0;0;1;3;1;A01
201300030865;0;7;0;0;2;8;15;A01
201300030865;0;33;0;0;2;1;1;B01
201300030866;0;7;0;0;2;3;1;A01
201300030866;0;7;0;0;2;1;1;B01
201300030867;0;30;0;0;2;4;1;B01
201300030867;0;7;0;0;2;2;15;A01
201300030868;0;7;0;0;1;1;1;A01
201300030869;0;10;0;0;2;4;1;C01
201300030869;0;7;0;0;2;1;1;B01
201300030869;0;10;0;0;2;1;1;A01
201300030870;0;7;0;0;1;2;1;A01
201300030871;0;2;0;0;2;0;1;A01
201300030871;1;7;0;0;2;0;16;Z01
201300030872;0;7;0;0;2;8;15;B01
201300030872;0;33;0;0;2;7;17;A01
201300030873;0;7;0;0;1;0;15;A01
201300030874;0;30;0;0;2;0;1;B01
201300030874;0;7;0;0;2;1;15;A01
201300030875;0;7;0;0;2;8;15;A01
201300030875;0;7;0;0;2;1;1;B01
201300030876;0;30;0;0;4;1;1;A01
201300030876;0;40;0;0;2;7;1;B01
201300030877;0;7;0;0;1;1;1;A01
201300030878;0;7;0;1;0;1;0;A01
201300030879;0;1;0;0;4;1;13;A01
201300030879;0;40;0;0;2;1;1;B01
201300030880;1;1;0;0;1;1;1;Z01
201300030881;0;33;0;0;2;1;2;A01
201300030881;0;7;0;0;2;4;15;B01
201300030882;0;7;0;0;1;2;1;A01
201300030883;0;7;0;0;1;1;1;A01
201300030884;0;7;0;0;2;1;0;A01
201300030884;0;33;0;0;2;4;2;B01
201300030885;0;7;0;0;1;0;0;A01
201300030886;0;7;0;0;1;1;1;A01
201300030887;0;7;0;0;1;1;1;A01
201300030888;0;7;0;0;2;3;0;B01
201300030888;0;7;0;0;2;1;1;A01
201300030889;0;7;0;1;0;1;0;A01
201300030890;0;1;0;0;2;1;0;A01
201300030890;0;7;0;0;2;3;1;B01
201300030891;0;7;0;0;2;3;13;A01
201300030891;0;7;0;0;2;0;0;B01
201300030892;0;7;0;0;2;7;17;A01
201300030892;0;30;0;0;2;8;1;B01
201300030893;0;33;0;0;2;1;17;A01
201300030893;0;7;0;0;2;1;16;B01
201300030894;0;7;0;0;2;3;16;A01
201300030894;0;2;0;0;2;7;16;B01
201300030895;0;33;0;0;2;8;1;A01
201300030895;0;7;0;0;2;1;16;B01
201300030896;0;7;0;0;2;0;15;A01
201300030896;0;2;0;0;2;0;1;B01
201300030897;0;7;0;0;2;8;15;B01
201300030897;0;30;0;0;2;1;17;A01
201300030898;0;7;0;1;0;2;14;A01
201300030899;0;1;0;0;2;0;15;B01
201300030899;0;7;0;0;2;3;1;A01
201300030900;0;7;0;0;2;1;1;A01
201300030900;0;7;0;0;2;7;1;B01
201300030901;0;7;0;0;2;1;15;A01
201300030901;0;7;0;0;2;1;1;B01
201300030902;0;7;0;0;0;0;1;A01
201300030903;0;7;0;9;2;2;17;A01
201300030903;0;7;0;1;2;3;13;B01
201300030904;0;1;0;0;2;0;0;A01
201300030904;0;7;0;0;2;3;1;B01
201300030905;1;7;0;0;1;1;0;Z01
201300030906;0;7;0;0;1;2;1;A01
201300030907;0;7;0;0;1;2;1;A01
201300030908;0;30;0;0;2;1;1;B01
201300030908;0;7;0;0;2;7;15;A01
201300030909;0;7;0;0;2;8;9;A01
201300030909;0;7;0;0;2;1;1;B01
201300030910;0;7;0;0;2;2;1;A01
201300030910;0;1;0;0;2;1;11;B01
201300030911;0;7;0;0;2;1;15;A01
201300030911;0;7;0;0;2;2;1;B01
201300030912;0;7;0;0;1;1;1;A01
201300030913;0;7;0;0;2;3;16;B01
201300030913;0;7;0;0;2;3;16;A01
201300030914;0;7;0;1;1;2;0;A01
201300030915;0;10;0;0;1;2;1;A01
201300030916;0;7;0;6;0;1;1;A01
201300030917;0;30;0;1;0;1;0;A01
201300030918;0;7;0;0;1;2;1;A01
201300030919;0;3;0;0;1;1;1;A01
201300030920;0;7;0;0;1;2;1;A01
201300030921;0;40;0;0;1;1;1;A01
201300030922;0;7;0;0;2;8;9;A01
201300030922;0;7;0;0;2;1;1;B01
201300030923;0;2;0;0;2;7;1;A01
201300030923;0;7;0;0;2;3;1;B01
201300030924;0;7;0;0;2;3;15;B01
201300030924;0;7;0;6;2;1;1;A01
201300030925;0;7;0;0;1;2;0;A01
201300030926;0;7;0;9;0;3;1;A01
201300030927;0;7;0;0;2;1;0;B01
201300030927;0;30;0;0;2;1;0;A01
201300030928;0;7;0;0;2;1;1;A01
201300030928;0;7;0;0;2;4;1;B01
201300030928;0;7;0;0;2;4;1;C01
201300030929;0;7;0;0;1;2;1;A01
201300030930;0;7;0;0;1;1;1;A01
201300030931;0;30;0;0;2;1;9;A01
201300030931;0;7;0;0;2;2;15;B01
201300030932;0;7;0;0;1;3;1;A01
201300030933;0;7;0;0;1;1;0;A01
201300030934;0;7;0;0;1;3;1;A01
201300030935;0;30;0;0;0;0;1;A01
201300030936;0;7;0;0;2;1;1;B01
201300030936;0;7;0;0;2;8;10;A01
201300030937;0;7;0;0;2;2;1;A01
201300030937;0;31;0;0;2;8;1;B02
201300030938;0;2;0;7;0;1;1;A01
201300030939;0;33;0;0;2;1;17;A01
201300030939;0;7;0;0;2;2;1;C03
201300030939;0;7;0;0;2;3;1;B02
201300030940;0;10;0;0;2;3;15;A01
201300030940;0;33;0;0;2;1;1;B02
201300030940;0;10;0;1;2;8;24;C03
201300030941;0;7;0;0;1;2;1;A01
201300030942;0;2;0;0;2;0;15;A01
201300030942;0;7;0;0;2;3;16;B02
201300030943;0;7;0;0;0;7;1;A01
201300030943;0;14;0;0;2;1;1;B02
201300030944;0;7;0;6;0;2;1;A01
201300030945;0;30;0;0;2;1;13;A01
201300030945;0;7;0;0;2;3;1;B02
201300030946;0;7;0;0;2;3;1;B02
201300030946;0;10;0;0;2;3;13;A01
201300030947;0;7;0;13;0;1;14;A01
201300030948;0;7;0;0;2;7;1;B01
201300030948;0;2;0;0;2;1;1;A01
201300030949;0;7;0;0;2;1;1;A01
201300030949;0;7;0;0;2;8;1;B01
201300030950;2;1;0;0;1;1;1;A01
201300030951;0;2;0;0;1;9;1;A01
201300030952;0;30;0;0;2;1;1;B01
201300030952;0;7;0;0;2;5;1;C01
201300030952;0;7;0;0;2;1;5;A01
201300030953;0;7;0;1;1;1;23;B01
201300030953;0;7;0;1;0;1;2;A01
201300030953;0;7;0;0;2;4;23;C01
201300030954;0;7;0;0;2;1;15;A01
201300030954;0;7;0;0;2;3;1;B01
201300030955;0;7;0;0;1;1;1;A01
201300030956;0;7;0;0;2;2;1;A01
201300030956;0;7;0;0;2;8;1;B01
201300030957;1;7;0;0;1;3;1;A01
201300030958;0;7;0;0;1;2;1;A01
201300030959;0;7;0;0;2;1;15;A01
201300030959;0;2;0;0;2;8;1;B01
201300030960;0;33;0;0;0;1;1;A01
201300030961;0;34;0;0;2;1;18;A01
201300030961;0;33;0;0;0;5;1;B01
201300030962;0;33;0;0;2;2;1;B01
201300030962;0;7;0;0;2;2;9;A01
201300030963;0;33;0;13;0;1;1;A01
201300030963;0;15;0;0;0;0;4;B01
201300030964;0;7;0;1;0;3;24;C01
201300030964;0;7;0;6;2;1;1;A01
201300030964;0;7;0;0;2;2;1;B01
201300030965;0;33;0;12;0;1;1;A01
201300030966;0;7;0;0;2;2;1;B01
201300030966;0;7;0;0;2;7;13;A01
201300030967;0;7;0;0;1;3;1;A01
201300030968;0;7;0;0;1;2;1;A01
201300030969;0;30;0;0;2;7;9;A01
201300030969;0;7;0;0;2;3;1;B01
201300030970;0;33;0;1;2;7;1;B01
201300030970;0;7;0;0;2;1;9;A01
201300030971;0;7;0;0;2;3;1;A01
201300030971;0;7;0;0;2;3;1;B01
201300030972;0;7;0;0;2;3;1;A01
201300030972;0;7;0;9;2;8;15;B01
201300030973;0;7;0;13;2;3;1;B01
201300030973;0;7;0;0;2;3;15;A01
201300030974;0;7;0;9;2;7;14;A01
201300030974;0;37;1;0;2;1;1;B01
201300030975;0;2;0;0;2;1;0;A01
201300030975;0;7;0;0;2;8;15;B01
201300030976;0;7;0;2;0;1;1;A01
201300030977;0;7;0;0;2;8;9;A01
201300030977;0;33;0;0;2;1;1;B01
201300030978;0;7;0;0;1;1;1;A01
201300030979;0;30;0;0;1;1;17;A01
201300030980;0;1;0;0;0;0;0;A01
201300030981;0;30;0;0;0;8;1;B01
201300030981;0;7;0;0;0;0;10;A01
201300030982;0;7;0;0;1;2;16;A01
201300030983;0;7;0;0;2;1;9;A01
201300030983;0;1;0;0;2;1;0;B01
201300030984;0;7;0;0;2;1;1;B01
201300030984;0;1;0;0;2;1;9;A01
201300030985;0;7;0;0;1;7;1;A01
201300030986;1;2;0;2;0;1;0;A01
201300030987;0;3;0;0;1;5;16;A01
201300030988;0;2;0;0;1;1;1;A01
201300030989;0;7;0;0;1;1;1;A01
201300030990;0;7;0;0;1;4;4;A01
201300030991;0;7;0;4;0;1;13;A01
201300030992;0;2;0;0;2;8;1;B01
201300030992;0;10;0;0;2;1;1;A01
201300030993;0;7;0;0;2;1;21;C01
201300030993;0;7;0;0;2;1;1;B01
201300030993;0;7;0;0;2;1;5;A01
201300030994;0;7;0;0;2;8;13;A01
201300030994;0;1;0;0;2;1;2;B01
201300030995;0;7;0;0;1;7;1;A01
201300030996;0;7;0;0;2;8;13;A01
201300030996;0;7;0;0;2;1;1;B01
201300030996;0;7;0;0;2;1;2;C01
201300030997;0;31;0;0;2;2;17;A01
201300030997;0;7;0;0;2;3;15;B01
201300030998;0;30;0;1;0;1;1;A01
201300030999;0;30;0;1;2;7;14;A01
201300031000;0;7;0;0;2;2;2;A01
201300031000;0;34;0;0;2;1;2;B01
201300031001;0;10;0;0;1;1;1;A01
201300031002;0;7;0;0;2;1;5;A01
201300031002;0;7;0;0;2;3;1;B01
201300031002;0;7;0;0;2;3;1;C01
201300031003;0;2;0;1;0;1;1;A01
201300031003;0;7;0;0;2;3;0;B01
201300031004;0;7;0;4;0;1;12;A01
201300031005;0;7;0;0;2;2;0;B01
201300031005;0;7;0;3;2;7;0;A01
201300031006;0;7;0;0;2;4;2;E01
201300031006;0;99;0;0;2;4;0;B01
201300031006;0;7;0;0;2;4;2;D01
201300031006;0;7;0;0;2;1;2;A01
201300031006;0;7;0;0;2;1;2;C01
201300031007;0;7;0;0;2;1;0;A01
201300031007;0;7;0;0;2;3;0;B01
201300031008;0;31;0;0;2;1;0;B01
201300031008;0;7;0;0;2;8;15;A01
201300031009;0;7;0;0;1;0;19;A01
201300031010;0;7;0;0;1;1;2;A01
201300031011;0;2;0;0;2;1;1;B01
201300031011;0;7;0;0;2;0;15;A01
201300031012;0;3;0;9;0;1;1;A01
201300031013;0;7;0;0;2;3;15;A01
201300031013;0;33;0;0;2;8;1;B02
201300031014;0;10;0;13;0;1;1;A01
201300031015;0;2;0;0;2;2;1;B01
201300031015;0;7;0;0;2;3;14;A01
201300031016;0;10;0;2;2;5;1;B01
201300031016;0;7;0;0;2;3;13;A01
201300031017;0;7;0;0;2;3;15;B01
201300031017;0;2;0;0;2;1;1;A01
201300031018;0;2;0;0;2;1;1;B01
201300031018;0;7;0;0;2;3;15;A01
201300031019;0;7;0;0;2;4;1;C01
201300031019;0;7;0;0;2;1;2;A01
201300031019;0;7;0;0;2;4;1;B01
201300031020;0;7;0;0;1;2;1;A01
201300031021;0;33;0;9;0;1;21;A01
201300031022;0;7;0;0;1;2;1;A01
201300031023;0;32;0;0;0;1;0;A01
201300031024;0;7;0;0;1;3;0;A01
201300031025;0;7;0;0;2;2;11;B01
201300031025;0;30;0;0;2;1;13;A01
201300031026;1;7;0;0;1;1;1;X01
201300031027;0;7;0;0;2;2;1;A01
201300031027;0;2;0;0;2;1;6;B01