num_acc;senc;catv;occutc;obs;obsm;choc;manv;num_veh
201300031418;0;7;0;0;2;7;16;A01
201300031418;0;7;0;0;2;1;1;B01
201300031419;0;7;0;0;0;1;1;A01
201300031419;0;7;0;0;2;3;1;B01
201300031420;0;7;0;0;1;3;1;A01
201300031421;0;7;0;0;0;3;1;B01
201300031421;0;7;0;0;0;1;1;A01
201300031422;0;7;0;0;2;1;5;A01
201300031422;0;7;0;0;2;1;1;B01
201300031423;0;7;0;0;2;0;1;B01
201300031423;0;7;0;0;2;3;1;A01
201300031424;1;7;0;0;1;0;0;A01
201300031425;0;7;0;3;0;0;0;A01
201300031426;0;7;0;0;2;1;1;B01
201300031426;0;7;0;0;0;7;1;A01
201300031427;0;30;0;0;2;0;9;A01
201300031427;0;7;0;0;2;1;1;B01
201300031428;0;7;0;0;2;3;10;A01
201300031428;0;33;0;0;2;1;1;B01
201300031429;0;31;0;0;0;0;0;A01
201300031430;0;31;0;0;2;1;1;B01
201300031430;0;7;0;0;2;0;15;A01
201300031431;0;7;0;0;1;2;1;A01
201300031432;0;33;0;0;2;1;1;B01
201300031432;0;7;0;0;2;8;9;A01
201300031433;0;7;0;0;2;1;1;B01
201300031433;0;7;0;0;2;2;15;A01
201300031434;0;7;0;0;9;6;1;B01
201300031434;0;2;0;0;2;1;1;A01
201300031435;0;7;0;0;1;1;1;A01
201300031436;0;7;0;0;1;3;1;A01
201300031437;0;1;0;0;2;1;5;A01
201300031437;0;7;0;0;9;3;1;B01
201300031438;0;7;0;0;2;1;5;A01
201300031438;0;7;0;0;2;3;1;B01
201300031439;0;7;0;0;2;1;1;B01
201300031439;0;7;0;0;2;7;15;A01
201300031440;0;7;0;0;1;6;20;A01
201300031441;0;7;0;0;1;7;1;A01
201300031442;0;1;0;0;2;0;0;A01
201300031442;0;7;0;0;0;0;0;B01
201300031443;0;7;0;0;2;1;1;D01
201300031443;0;7;0;0;2;1;1;C01
201300031443;0;7;0;0;2;1;5;A01
201300031443;0;7;0;0;2;6;1;B01
201300031444;0;7;0;0;0;8;24;B01
201300031444;0;7;0;1;0;1;2;A01
201300031445;0;7;0;0;2;1;1;B01
201300031445;0;7;0;0;2;1;17;A01
201300031445;0;7;0;0;0;8;23;C01
201300031446;0;37;1;0;1;2;0;A01
201300031447;0;7;0;0;2;2;21;A01
201300031447;0;1;0;0;0;3;23;B01
201300031448;0;7;0;0;2;1;1;B01
201300031448;0;10;0;0;2;3;1;A01
201300031449;0;7;0;0;0;2;1;A01
201300031450;0;7;0;8;0;1;2;A01
201300031451;0;1;0;0;2;8;15;B01
201300031451;1;7;0;0;2;3;15;A01
201300031452;0;7;0;15;0;1;14;A01
201300031453;0;2;0;0;2;3;13;A01
201300031453;0;7;0;0;2;3;1;B01
201300031454;0;7;0;0;0;2;2;A01
201300031454;0;3;0;0;0;6;2;B01
201300031455;0;33;0;0;2;1;17;A01
201300031455;0;7;0;0;2;3;15;B01
201300031456;0;7;0;0;0;3;0;C01
201300031456;0;7;0;0;0;3;0;A01
201300031456;0;7;0;0;0;3;0;B01
201300031457;0;7;0;0;1;2;1;A01
201300031458;0;7;0;0;2;1;5;A01
201300031458;0;7;0;0;2;1;1;B01
201300031459;0;33;0;14;0;0;21;A01
201300031460;1;7;0;0;1;0;0;Z01
201300031461;0;31;0;0;2;9;21;A01
201300031461;0;7;0;0;2;3;9;B01
201300031461;0;10;0;0;2;3;1;C01
201300031462;0;7;0;0;2;1;1;A01
201300031462;0;1;0;0;2;0;1;B01
201300031463;0;7;0;14;0;2;5;A01
201300031464;0;2;0;0;0;4;2;A01
201300031464;1;7;0;0;2;1;0;Z01
201300031465;0;2;0;0;2;1;19;A01
201300031465;0;7;0;0;0;3;19;B01
201300031466;0;7;0;0;2;7;1;A01
201300031466;0;7;0;0;2;1;1;B01
201300031467;0;21;0;0;1;3;0;A01
201300031467;0;7;0;0;2;6;1;B01
201300031468;1;99;0;0;0;0;0;A01
201300031468;0;1;0;0;2;6;2;B01
201300031469;0;7;0;8;0;2;0;A01
201300031470;0;2;0;0;2;3;15;B01
201300031470;0;7;0;0;2;1;1;A01
201300031471;0;7;0;0;1;1;1;A01
201300031472;0;30;0;0;2;1;21;B01
201300031472;0;7;0;0;2;1;15;A01
201300031473;1;7;0;0;2;8;1;A01
201300031473;0;30;0;0;2;8;1;B01
201300031474;0;30;0;0;2;8;11;A01
201300031474;0;7;0;0;2;3;1;B01
201300031475;0;7;0;0;1;3;1;A01
201300031476;0;7;0;0;2;1;1;A01
201300031476;0;7;0;7;2;3;1;B01
201300031477;0;7;0;0;9;1;0;A01
201300031477;0;1;0;0;2;1;13;B01
201300031478;0;7;0;0;2;1;1;A01
201300031478;0;1;0;1;2;8;1;B01
201300031479;0;10;0;0;1;2;1;A01
201300031480;0;7;0;0;1;2;2;A01
201300031481;0;37;30;0;1;7;1;A01
201300031482;0;7;0;0;2;1;1;A01
201300031482;0;7;0;0;2;3;16;B01
201300031483;0;7;0;2;0;1;1;A01
201300031484;0;7;0;0;2;8;15;A01
201300031484;0;31;0;0;2;1;21;B01
201300031485;0;7;0;0;2;3;1;B01
201300031485;0;30;0;0;2;0;1;A01
201300031486;0;7;0;0;1;3;1;A01
201300031487;0;7;0;2;0;8;13;A01
201300031488;0;30;0;0;2;1;2;B01
201300031488;0;7;0;0;2;8;2;A01
201300031489;0;7;0;0;2;3;2;A01
201300031489;0;1;0;0;2;1;19;B01
201300031490;0;7;0;2;0;2;2;A01
201300031491;0;7;0;0;2;2;19;A01
201300031491;0;10;0;15;2;1;1;B01
201300031492;0;7;0;0;2;1;0;A01
201300031492;0;7;0;0;0;8;0;B01
201300031493;0;1;0;0;2;4;5;A01
201300031493;0;7;0;0;2;6;0;B01
201300031494;0;7;0;0;2;1;15;A01
201300031494;0;7;0;0;2;3;5;B01
201300031495;0;7;0;2;0;1;1;A01
201300031496;0;7;0;0;2;1;15;A01
201300031496;0;30;0;0;2;1;1;B01
201300031497;0;7;0;0;2;0;0;A01
201300031497;0;7;0;0;2;0;13;B01
201300031498;0;7;0;0;2;1;2;A01
201300031498;0;7;0;0;0;4;1;B01
201300031499;0;7;0;0;2;2;10;A01
201300031499;0;32;0;0;2;1;1;B01
201300031500;0;31;0;0;2;1;1;B01
201300031500;0;7;0;0;2;8;9;A01
201300031501;0;30;0;1;0;9;1;A01
201300031502;0;7;0;0;2;3;1;A01
201300031502;0;1;0;0;2;1;1;B01
201300031503;0;7;0;0;4;1;1;A01
201300031503;0;40;0;0;2;8;1;B01
201300031504;0;31;0;0;1;1;1;A01
201300031505;0;7;0;6;0;1;14;A01
201300031506;0;7;0;0;2;1;15;A01
201300031506;0;7;0;0;2;1;1;B01
201300031507;1;99;0;0;0;0;0;Z01
201300031507;0;30;0;0;2;4;2;B01
201300031508;0;7;0;0;2;3;9;A01
201300031508;0;1;0;0;2;2;1;B01
201300031509;0;7;0;3;2;1;16;A01
201300031509;0;7;0;0;2;3;1;B01
201300031510;0;7;0;9;0;1;14;A01
201300031511;0;7;0;0;1;1;1;B01
201300031512;0;7;0;0;2;1;0;A01
201300031512;0;15;0;0;2;3;1;B01
201300031513;0;7;0;0;2;2;1;A01
201300031513;0;33;0;0;2;8;1;B01
201300031514;0;7;0;0;1;3;1;A01
201300031515;0;7;0;2;2;1;1;A01
201300031515;0;7;0;0;2;4;23;B01
201300031515;0;7;0;0;2;4;23;C01
201300031516;0;30;0;12;0;0;0;A01
201300031517;0;7;0;0;2;1;2;A01
201300031517;0;7;0;0;2;4;2;B01
201300031517;0;7;0;0;2;4;2;C01
201300031518;0;7;0;0;2;1;0;A01
201300031518;0;1;0;0;2;1;1;B01
201300031519;0;7;0;0;2;0;0;A01
201300031519;0;1;0;0;0;0;0;B01
201300031520;0;34;0;16;0;7;14;A01
201300031521;0;7;0;15;0;1;1;B01
201300031521;0;7;0;0;0;0;19;A01
201300031522;0;7;0;0;2;1;1;B01
201300031522;0;2;0;0;2;1;1;A01
201300031523;0;7;0;0;1;1;1;A01
201300031524;0;7;0;0;2;1;1;A01
201300031524;0;7;0;0;0;4;1;B01
201300031525;0;7;0;0;1;3;15;A01
201300031526;0;7;0;0;2;1;15;A01
201300031526;0;7;0;6;2;1;1;B01
201300031527;0;7;0;0;2;1;1;A01
201300031527;0;7;0;0;2;2;1;C01
201300031527;0;7;0;0;2;7;1;B01
201300031528;0;7;0;0;2;1;2;A01
201300031528;0;7;0;0;0;4;2;B01
201300031528;0;7;0;0;0;4;2;C01
201300031529;0;7;0;15;0;1;0;A01
201300031530;0;7;0;9;2;1;1;B01
201300031530;0;30;0;0;2;7;1;A01
201300031531;0;7;0;0;2;1;9;A01
201300031531;0;30;0;0;2;1;1;B01
201300031532;0;7;0;0;2;1;1;A01
201300031532;0;7;0;0;1;4;2;B01
201300031533;0;7;0;0;1;2;1;A01
201300031534;0;40;0;0;0;0;1;B01
201300031534;0;2;0;0;2;3;15;A01
201300031535;0;7;0;0;1;1;1;A01
201300031536;0;7;0;0;2;3;1;B01
201300031536;0;7;0;0;2;2;15;A01
201300031537;0;7;0;0;0;1;1;A01
201300031538;0;7;0;0;2;2;15;A01
201300031538;0;1;0;0;2;1;1;B01
201300031539;0;7;0;0;2;2;4;A01
201300031539;0;7;0;0;2;1;0;B01
201300031540;0;7;0;0;1;1;1;A01
201300031541;0;7;0;0;2;4;1;B01
201300031541;0;7;0;0;2;1;0;A01
201300031541;0;7;0;0;2;4;1;C01
201300031542;0;7;0;0;1;1;1;A01
201300031543;0;7;0;0;1;1;1;A01
201300031544;0;7;0;6;0;3;13;A01
201300031545;0;7;0;9;0;2;14;A01
201300031546;0;7;0;0;2;3;0;A01
201300031546;0;7;0;8;2;2;1;B01
201300031547;0;7;0;0;1;2;1;A01
201300031548;0;14;0;0;1;1;1;A01
201300031549;0;7;0;0;2;3;20;B01
201300031549;0;7;0;0;2;2;17;A01
201300031550;0;7;0;0;1;1;1;A01
201300031551;0;30;0;0;2;1;1;A01
201300031551;0;10;0;0;2;7;1;B01
201300031552;0;7;0;0;2;2;1;A01
201300031552;0;7;0;0;2;0;23;B01
201300031553;0;7;0;0;2;1;19;A01
201300031553;0;7;0;0;2;8;1;B01
201300031554;0;30;0;0;0;0;0;A01
201300031555;0;31;0;0;2;1;1;B01
201300031555;0;7;0;0;2;8;9;A01
201300031556;0;35;0;0;2;1;1;A01
201300031556;0;10;0;0;2;2;15;B01
201300031557;0;7;0;0;2;4;2;C01
201300031557;0;7;0;0;2;4;2;B01
201300031557;0;7;0;0;2;1;2;A01
201300031558;0;7;0;0;1;3;1;A01
201300031559;0;37;1;0;1;2;1;A01
201300031560;0;37;10;0;1;7;1;A01
201300031561;0;7;0;0;2;5;1;B01
201300031561;0;7;0;0;2;1;1;A01
201300031562;0;7;0;0;2;1;1;A01
201300031562;0;7;0;0;2;8;1;B01
201300031563;0;7;0;16;0;1;0;A01
201300031564;0;31;0;0;0;7;1;A01
201300031565;0;31;0;0;1;1;1;A01
201300031566;0;7;0;0;2;1;16;A01
201300031566;0;7;0;0;2;0;1;B01
201300031567;0;7;0;0;2;3;15;A01
201300031567;0;2;0;0;2;0;15;B01
201300031568;0;7;0;0;1;3;15;A01
201300031569;0;7;0;0;1;1;1;A01
201300031570;0;7;0;0;2;3;0;B01
201300031570;0;7;0;0;2;1;16;A01
201300031571;0;7;0;0;2;1;1;A01
201300031571;0;7;0;0;2;5;23;B01
201300031572;0;7;0;0;0;1;13;A01
201300031573;0;7;0;0;2;2;1;B01
201300031573;0;7;0;0;2;3;16;A01
201300031574;0;7;0;0;1;2;1;A01
201300031575;0;7;0;9;0;1;14;A01
201300031576;0;2;0;0;2;1;2;A01
201300031576;0;7;0;0;2;5;2;B01
201300031577;0;7;0;0;1;1;15;A01
201300031578;0;7;0;0;1;3;1;A01
201300031579;0;7;0;0;2;1;14;A01
201300031579;0;7;0;0;2;4;23;B01
201300031580;0;7;0;0;1;4;4;A01
201300031581;0;7;0;0;1;3;15;A01
201300031582;0;7;0;0;2;3;15;A01
201300031582;0;30;0;0;2;1;1;B01
201300031583;0;7;0;0;2;3;0;A01
201300031583;0;1;0;0;2;1;1;B01
201300031584;0;7;0;8;2;7;0;A01
201300031584;0;7;0;0;2;1;1;B01
201300031585;0;33;0;0;2;1;2;A01
201300031585;0;7;0;0;2;4;2;B01
201300031586;0;7;0;0;0;0;0;A01
201300031586;0;7;0;0;0;0;0;B01
201300031586;0;30;0;0;0;0;0;C01
201300031587;0;7;0;0;2;3;16;A01
201300031587;0;7;0;0;2;8;1;B01
201300031588;0;7;0;8;0;7;13;A01
201300031589;0;7;0;0;2;2;2;A01
201300031589;0;7;0;0;2;4;23;B01
201300031590;0;7;0;0;1;1;15;A01
201300031591;0;33;0;0;2;2;12;A01
201300031591;0;7;0;0;2;8;1;B01
201300031592;0;7;0;0;2;3;15;A01
201300031592;0;31;0;0;2;6;1;B01
201300031593;0;7;0;3;0;3;0;A01
201300031594;0;7;0;0;2;1;1;B01
201300031594;0;7;0;0;2;1;1;A01
201300031595;0;7;0;0;2;3;1;A01
201300031595;0;7;0;0;0;1;1;B01
201300031596;0;7;0;0;2;4;2;B01
201300031596;0;13;0;0;0;1;1;A01
201300031597;0;7;0;0;2;1;9;A01
201300031597;0;1;0;0;2;1;1;B01
201300031598;0;7;0;0;2;3;0;A01
201300031598;0;33;0;0;2;0;0;B01
201300031599;0;7;0;6;0;1;0;A01
201300031600;0;7;0;0;1;1;1;A01
201300031601;0;7;0;0;2;2;1;A01
201300031601;0;2;0;0;2;3;1;B01
201300031602;0;7;0;0;2;8;11;A01
201300031602;0;31;0;0;2;7;1;B01
201300031603;0;30;0;0;2;1;1;A01
201300031603;0;7;0;0;2;5;1;B01
201300031604;0;7;0;0;1;2;1;A01
201300031605;0;7;0;8;0;1;1;A01
201300031606;0;7;0;0;2;7;15;A01
201300031606;0;37;3;0;2;2;1;B01
201300031607;0;7;0;9;0;1;13;A01
201300031608;0;7;0;0;2;3;0;A01
201300031608;0;31;0;0;2;4;1;B01
201300031609;0;7;0;0;1;1;1;A01
201300031610;0;7;0;0;2;1;1;B01
201300031610;0;7;0;0;2;3;15;A01
201300031611;0;7;0;0;2;3;9;A01
201300031611;0;1;0;0;2;4;2;B01
201300031612;0;7;0;0;2;3;1;A01
201300031612;0;7;0;0;2;5;1;B01
201300031613;0;7;0;0;2;1;1;A01
201300031613;0;7;0;0;2;4;23;B01
201300031614;0;13;0;0;2;1;0;A01
201300031614;0;7;0;0;2;3;0;B01
201300031615;0;37;4;0;2;8;9;B01
201300031615;0;7;0;0;2;5;12;A01
201300031616;0;1;0;0;0;0;1;B01
201300031616;0;7;0;0;2;0;1;A01
201300031617;0;31;0;0;2;1;1;B01
201300031617;0;7;0;0;2;2;1;A01
201300031618;0;7;0;0;2;4;1;B01
201300031618;0;7;0;0;2;1;1;A01
201300031619;0;7;0;0;2;1;0;A01
201300031619;0;7;0;0;2;2;0;B01
201300031620;0;7;0;0;2;2;1;B01
201300031620;0;7;0;0;2;2;15;A01
201300031621;0;7;0;0;1;4;4;A01
201300031622;0;7;0;0;2;7;13;A01
201300031622;0;7;0;0;2;1;1;B01
201300031623;0;14;0;0;2;1;1;A01
201300031623;0;7;0;0;2;1;1;B01
201300031624;0;7;0;0;2;1;2;A01
201300031624;0;7;0;0;2;4;23;B01
201300031625;0;7;0;0;2;8;15;A01
201300031625;0;33;0;0;2;1;17;B01
201300031626;0;7;0;0;2;4;23;C01
201300031626;0;10;0;0;2;1;1;A01
201300031626;0;7;0;0;2;4;23;B01
201300031627;0;7;0;0;2;1;1;A01
201300031627;0;33;0;0;2;4;23;B01
201300031627;0;7;0;0;2;4;23;C01
201300031627;0;7;0;0;2;4;23;D01
201300031628;0;7;0;0;2;1;1;A01
201300031628;0;7;0;0;2;1;1;B01
201300031629;0;33;0;0;2;1;1;B01
201300031629;0;7;0;0;2;3;0;A01
201300031630;0;7;0;6;0;1;0;A01
201300031631;0;10;0;0;1;7;0;A01
201300031632;0;7;0;0;2;1;1;A01
201300031632;0;7;0;0;2;4;1;B01
201300031632;0;7;0;0;2;4;1;C01
201300031633;0;7;0;6;0;1;0;A01
201300031634;0;7;0;0;2;7;1;A01
201300031634;0;7;0;0;2;1;1;B01
201300031635;0;14;0;0;2;2;12;A01
201300031635;0;7;0;0;2;3;1;B01
201300031636;0;30;0;0;0;7;0;A01
201300031637;0;7;0;0;1;1;1;A01
201300031638;0;7;0;0;2;1;2;A01
201300031638;0;7;0;0;0;4;2;B01
201300031639;0;7;0;0;2;4;1;B01
201300031639;0;7;0;0;2;1;1;A01
201300031640;0;7;0;0;2;1;1;B01
201300031640;0;7;0;0;2;8;9;A01
201300031641;0;30;0;0;2;1;1;A01
201300031641;1;7;0;0;0;4;1;Z01
201300031642;0;2;0;0;0;0;0;A01
201300031643;0;7;0;0;2;2;1;B01
201300031643;0;2;0;0;2;1;1;A01
201300031644;0;7;0;9;0;1;1;A01
201300031645;0;7;0;0;1;1;1;A01
201300031646;0;7;0;0;2;1;9;A01
201300031646;0;7;0;0;2;7;1;B01
201300031647;0;10;0;0;2;1;1;B01
201300031647;0;7;0;0;2;2;10;A01
201300031648;0;7;0;0;2;1;1;B01
201300031648;0;7;0;0;2;6;9;A01
201300031649;0;7;0;0;0;0;0;A01
201300031649;0;32;0;0;0;0;0;B01
201300031650;0;7;0;0;0;9;1;A01
201300031651;0;7;0;0;2;1;1;B01
201300031651;0;7;0;0;2;2;15;A01
201300031652;0;7;0;0;1;3;1;A01
201300031653;0;7;0;0;2;4;2;B01
201300031653;0;10;0;0;2;1;1;A01
201300031653;0;7;0;0;2;4;2;C01
201300031654;0;7;0;0;2;2;9;B01
201300031654;0;1;0;0;2;1;5;A01
201300031655;0;10;0;0;1;1;1;A01
201300031656;0;10;0;0;2;1;1;A01
201300031656;0;37;49;0;2;1;1;B01
201300031657;0;7;0;0;0;0;1;A01
201300031657;0;1;0;0;2;1;0;B01
201300031658;0;7;0;0;1;5;5;A01
201300031659;0;7;0;0;2;2;10;A01
201300031659;0;33;0;0;2;1;1;B01
201300031660;0;7;0;0;2;3;9;A01
201300031660;0;31;0;0;0;3;1;B01
201300031661;0;2;0;0;2;1;1;A01
201300031661;0;7;0;0;2;3;1;B01
201300031662;0;7;0;0;2;1;1;A01
201300031662;0;7;0;0;0;4;1;B01
201300031662;0;7;0;0;0;4;1;C01
201300031663;0;37;1;0;2;2;1;A01
201300031663;0;7;0;0;2;4;1;B01
201300031664;0;7;0;0;2;1;0;A01
201300031664;0;7;0;0;2;1;1;B01
201300031665;0;7;0;0;2;1;1;A01
201300031665;0;7;0;0;2;4;1;B01
201300031665;0;7;0;0;0;4;1;C01
201300031666;0;7;0;0;2;3;11;A01
201300031666;0;10;0;0;2;1;1;B01
201300031666;0;7;0;0;2;5;1;C01
201300031667;0;7;0;0;2;1;2;A01
201300031667;0;7;0;0;2;4;2;B01
201300031668;0;7;0;0;0;0;14;A01
201300031669;0;10;0;0;1;3;0;A01
201300031670;0;7;0;0;2;1;1;A01
201300031670;0;32;0;0;2;7;15;B01
201300031671;0;30;0;0;2;1;1;A01
201300031671;0;7;0;0;2;5;1;B01
201300031672;0;7;0;0;2;2;1;A01
201300031672;0;7;0;0;2;2;1;B01
201300031673;0;34;0;0;2;2;1;B01
201300031673;0;7;0;0;2;1;15;A01
201300031674;0;7;0;0;2;1;15;A01
201300031674;0;32;0;0;2;1;1;B01
201300031675;0;7;0;0;1;0;0;A01
201300031676;0;2;0;16;0;0;0;A01
201300031677;0;7;0;8;0;1;1;A01
201300031678;0;7;0;0;2;2;1;B01
201300031678;0;7;0;0;2;3;1;A01
201300031679;0;7;0;0;2;3;1;B01
201300031679;0;33;0;0;2;3;15;A01
201300031680;0;7;0;0;2;1;15;A01
201300031680;0;7;0;0;2;1;1;B01
201300031681;0;7;0;0;2;1;1;A01
201300031681;0;32;0;0;2;4;1;B01
201300031682;0;34;0;0;2;8;1;B01
201300031682;0;7;0;0;2;1;19;A01
201300031683;0;7;0;0;2;4;1;A01
201300031683;0;7;0;0;2;4;2;D01
201300031683;0;7;0;0;2;4;2;C01
201300031683;0;7;0;0;2;4;2;B01
201300031684;0;7;0;0;0;0;6;A01
201300031684;0;7;0;0;0;4;1;B01
201300031684;0;7;0;0;2;0;1;C01
201300031685;0;7;0;0;2;1;1;B01
201300031685;0;7;0;0;2;8;15;A01
201300031686;0;7;0;0;1;2;15;A01
201300031687;0;7;0;0;1;1;16;A01
201300031688;0;7;0;0;1;1;1;A01
201300031689;1;7;0;0;1;1;1;A01
201300031690;0;7;0;0;2;3;0;A01
201300031690;0;33;0;0;2;4;0;B01
201300031691;0;7;0;0;2;1;1;A01
201300031691;0;7;0;0;2;5;0;B01
201300031691;0;7;0;0;2;4;0;C01
201300031692;0;7;0;0;2;1;1;A01
201300031692;0;7;0;0;2;4;23;B01
201300031693;0;7;0;0;2;2;1;B01
201300031693;0;7;0;0;2;6;9;A01
201300031694;0;7;0;0;2;2;1;A01
201300031694;0;30;0;0;2;1;9;B01
201300031695;0;2;0;0;2;1;1;A01
201300031695;0;7;0;0;0;1;1;B01
201300031696;0;2;0;0;0;0;1;A01
201300031697;0;7;0;0;2;2;1;A01
201300031697;0;7;0;0;2;3;1;B01
201300031698;0;7;0;0;2;3;1;B01
201300031698;0;7;0;0;2;2;9;A01
201300031699;0;7;0;0;2;4;2;B01
201300031699;0;7;0;0;2;1;2;A01
201300031699;0;7;0;0;2;4;2;C01
201300031699;0;7;0;0;2;4;2;D01
201300031700;0;7;0;0;2;6;16;A01
201300031700;0;33;0;0;2;1;1;B01
201300031701;0;7;0;0;0;4;0;B01
201300031701;0;33;0;0;2;1;1;A01
201300031702;0;7;0;0;2;2;15;A01
201300031702;0;33;0;0;2;2;1;B01
201300031703;0;7;0;1;1;1;14;A01
201300031704;0;37;1;0;2;1;1;A01
201300031704;0;7;0;0;2;4;1;B01
201300031704;0;7;0;0;2;4;1;C01
201300031705;0;7;0;0;1;2;1;A01
201300031706;0;7;0;0;2;4;1;B01
201300031706;0;7;0;0;2;1;1;A01
201300031707;0;7;0;0;0;8;13;A01
201300031707;0;2;0;0;2;8;1;B01
201300031708;0;7;0;0;1;0;1;A01
201300031709;1;99;0;0;1;7;0;Z01
201300031710;0;7;0;0;1;1;1;A01
201300031711;0;33;0;0;1;0;1;A01
201300031712;0;7;0;0;2;1;0;B01
201300031712;0;7;0;0;2;1;0;A01
201300031713;0;7;0;0;1;2;15;A01
201300031714;0;7;0;0;2;4;1;B01
201300031714;0;7;0;0;2;1;0;A01
201300031714;0;7;0;0;2;4;2;C01
201300031715;0;7;0;0;1;1;1;A01
201300031716;0;10;0;9;1;9;0;A01
201300031717;0;7;0;0;2;1;0;A01
201300031717;0;31;0;0;2;3;0;B01
201300031718;0;7;0;0;1;1;1;A01
201300031719;0;7;0;0;2;4;2;B01
201300031719;0;7;0;0;2;1;2;A01
201300031720;0;7;0;0;2;2;16;A01
201300031720;0;1;0;0;2;7;19;B01
201300031721;0;1;0;0;0;0;0;A01
201300031722;0;7;0;0;2;1;1;B01
201300031722;0;7;0;0;2;8;10;A01
201300031723;0;32;0;0;2;1;1;A01
201300031723;0;7;0;0;2;2;1;B01
201300031724;0;33;0;16;0;0;14;A01
201300031725;0;33;0;0;2;1;0;A01
201300031725;0;7;0;0;2;3;0;B01
201300031726;0;30;0;8;0;1;1;A01
201300031727;0;7;0;0;1;1;1;A01
201300031728;0;7;0;0;1;3;1;A01
201300031729;0;30;0;1;0;2;1;A01
201300031730;0;7;0;0;2;2;9;A01
201300031730;0;30;0;0;2;1;1;B01
201300031731;0;30;0;0;1;1;1;A01
201300031732;0;7;0;0;2;3;1;B01
201300031732;0;7;0;0;2;2;15;A01
201300031733;0;7;0;0;2;7;9;A01
201300031733;0;7;0;0;2;1;1;B01
201300031734;0;7;0;0;2;1;1;A01
201300031734;0;1;0;0;2;8;19;B01
201300031735;0;7;0;0;2;2;1;A01
201300031735;0;7;0;0;2;3;1;B01
201300031736;0;7;0;0;2;8;1;A01
201300031736;0;7;0;0;2;1;1;B01
201300031737;0;10;0;0;2;2;1;A01
201300031737;0;7;0;0;2;3;15;B01
201300031738;0;7;0;0;2;7;9;B01
201300031738;0;7;0;0;2;1;9;A01
201300031739;0;7;0;0;2;7;15;A01
201300031739;0;30;0;0;2;1;1;B01
201300031740;0;32;0;0;2;1;1;A01
201300031740;0;7;0;0;0;2;1;B01
201300031741;0;7;0;0;2;2;0;C01
201300031741;0;7;0;0;2;2;1;B01
201300031741;0;7;0;0;2;1;0;A01
201300031742;0;33;0;0;2;1;1;B01
201300031742;0;7;0;0;0;1;9;A01
201300031743;0;7;0;0;1;7;1;A01
201300031744;0;7;0;0;2;8;1;B01
201300031744;0;7;0;0;0;1;1;A01
201300031745;0;30;0;0;2;1;15;A01
201300031745;0;7;0;0;2;1;1;B01
201300031746;0;7;0;0;2;0;1;A01
201300031746;0;7;0;0;2;0;1;B01
201300031747;0;7;0;0;2;1;1;A01
201300031747;0;7;0;0;2;1;1;B01
201300031748;0;7;0;0;2;3;15;A01
201300031748;0;33;0;0;2;1;17;B01
201300031749;0;7;0;0;2;1;0;B01
201300031749;0;7;0;0;2;7;1;A01
201300031750;0;7;0;0;2;1;1;A01
201300031750;0;7;0;0;0;0;0;C01
201300031750;0;7;0;0;2;4;0;B01
201300031751;0;7;0;0;2;1;2;A01
201300031751;0;7;0;0;2;4;2;B01
201300031752;0;37;11;0;1;1;15;A01
201300031753;0;7;0;0;2;1;15;A01
201300031753;0;7;0;0;2;8;1;B01
201300031754;0;7;0;0;2;1;15;A01
201300031754;0;33;0;0;2;8;1;B01
201300031755;0;7;0;0;2;1;2;A01
201300031755;0;7;0;0;0;4;2;B01
201300031756;0;7;0;0;2;4;1;C01
201300031756;0;7;0;0;2;1;1;B01
201300031756;0;7;0;0;2;1;1;A01
201300031757;0;7;0;0;2;5;15;A01
201300031757;0;1;0;0;2;1;1;B01
201300031758;0;7;0;0;1;2;1;A01
201300031759;0;7;0;0;2;1;9;A01
201300031759;0;2;0;0;2;5;1;B01
201300031760;0;7;0;1;0;1;1;A01
201300031761;0;7;0;0;2;8;15;A01
201300031761;0;33;0;0;2;1;1;B01
201300031762;0;2;0;0;1;7;0;A01
201300031763;0;7;0;0;2;1;1;B01
201300031763;0;7;0;0;2;2;1;A01
201300031764;0;7;0;0;2;4;1;B01
201300031764;0;33;0;0;2;4;1;A01
201300031765;0;7;0;0;2;7;15;A01
201300031765;0;30;0;0;2;1;1;B01
201300031766;0;7;0;0;0;4;2;D01
201300031766;0;7;0;0;2;4;2;B01
201300031766;0;7;0;0;2;1;2;A01
201300031766;0;7;0;0;2;4;2;C01
201300031767;0;7;0;0;2;0;0;B01
201300031767;0;7;0;0;2;0;0;A01
201300031768;0;7;0;0;1;4;4;A01
201300031769;0;7;0;0;2;3;20;B01
201300031769;0;30;0;0;2;1;20;A01
201300031770;0;7;0;0;1;3;1;A01
201300031771;0;7;0;0;0;4;2;B01
201300031771;0;7;0;0;2;1;2;A01
201300031772;0;10;0;0;1;0;0;Z01
201300031773;0;7;0;0;1;2;1;A01
201300031774;0;7;0;8;0;1;1;A01
201300031775;0;7;0;0;1;5;1;A01
201300031776;0;1;0;0;2;1;19;B01
201300031776;0;7;0;0;2;5;1;A01
201300031777;0;7;0;0;1;4;4;A01
201300031778;0;7;0;0;1;5;1;A01
201300031779;0;7;0;0;2;5;0;B01
201300031779;0;7;0;0;2;3;3;A01
201300031780;0;7;0;0;2;8;1;B01
201300031780;0;7;0;0;2;1;1;A01
201300031781;0;1;0;0;2;1;3;A01
201300031781;0;7;0;0;2;6;1;B01
201300031782;0;31;0;3;0;0;1;A01
201300031783;0;1;0;0;0;0;0;A01
201300031784;0;1;0;0;2;1;1;A01
201300031784;0;7;0;0;2;3;1;B01
201300031785;0;7;0;0;2;8;15;A01
201300031785;0;34;0;0;2;7;17;B01