num_acc;senc;catv;occutc;obs;obsm;choc;manv;num_veh
201300031786;0;7;0;0;1;0;1;A01
201300031787;0;7;0;0;2;6;21;A01
201300031787;0;33;0;0;2;1;1;B01
201300031788;0;7;0;0;2;1;15;A01
201300031788;0;31;0;0;2;3;1;B01
201300031789;0;7;0;0;1;4;4;A01
201300031790;0;7;0;0;1;0;0;A01
201300031791;0;7;0;0;2;1;1;A01
201300031791;0;7;0;0;2;4;1;B01
201300031791;0;31;0;0;2;4;1;C01
201300031792;0;31;0;0;2;1;1;B01
201300031792;0;2;0;0;0;0;1;A01
201300031793;0;7;0;1;0;1;2;A01
201300031793;0;7;0;0;2;4;2;B01
201300031793;0;7;0;0;2;4;2;C01
201300031794;0;7;0;1;0;2;0;A01
201300031795;0;7;0;0;2;2;15;A01
201300031795;0;7;0;0;2;3;1;B01
201300031796;0;7;0;0;2;1;1;A01
201300031796;0;7;0;0;0;4;1;B01
201300031797;0;31;0;0;2;1;1;B01
201300031797;0;7;0;0;2;5;1;A01
201300031798;0;7;0;0;2;2;12;A01
201300031798;0;33;0;0;2;3;1;B01
201300031799;0;7;0;0;2;1;1;A01
201300031799;0;7;0;0;2;4;1;B01
201300031799;0;7;0;0;2;4;1;C01
201300031799;0;7;0;0;2;4;1;D01
201300031800;0;7;0;0;2;1;1;A01
201300031800;0;1;0;0;2;4;1;B01
201300031801;0;7;0;0;2;3;15;A01
201300031801;0;31;0;0;2;3;1;B01
201300031802;0;7;0;0;1;1;1;A01
201300031803;0;33;0;0;2;1;18;A01
201300031803;0;7;0;0;2;7;16;B01
201300031804;0;7;0;0;2;1;1;B01
201300031804;0;7;0;0;2;7;15;A01
201300031805;0;7;0;0;2;1;1;A01
201300031805;0;7;0;0;2;4;1;B01
201300031806;0;7;0;0;2;1;1;A01
201300031806;0;7;0;0;2;8;1;B01
201300031807;0;31;0;0;0;0;16;A01
201300031808;0;7;0;6;0;1;1;A01
201300031809;0;7;0;0;0;4;2;B01
201300031809;0;7;0;0;0;1;2;A01
201300031810;0;7;0;0;2;4;13;A01
201300031810;0;7;0;0;2;8;1;B01
201300031811;0;7;0;0;2;8;1;A01
201300031811;0;33;0;0;2;1;1;B01
201300031812;0;7;0;0;1;1;1;A01
201300031813;0;10;0;0;2;8;10;A01
201300031813;0;33;0;0;2;2;1;B01
201300031814;0;30;0;0;2;8;1;A01
201300031814;0;37;1;0;2;7;9;B01
201300031815;0;7;0;0;0;4;2;B01
201300031815;0;7;0;0;2;1;2;A01
201300031816;0;7;0;15;0;1;0;A01
201300031817;0;7;0;11;0;1;0;A01
201300031818;0;7;0;0;2;1;1;A01
201300031818;0;7;0;0;2;4;1;B01
201300031819;0;7;0;0;2;7;1;A01
201300031819;0;7;0;0;2;8;1;B01
201300031820;0;99;0;0;2;1;17;A01
201300031820;0;1;0;0;2;8;15;B01
201300031821;0;30;0;0;0;0;0;A01
201300031822;0;7;0;0;2;0;1;A01
201300031822;0;7;0;0;2;0;1;B01
201300031823;0;7;0;0;2;2;16;A01
201300031823;0;1;0;0;2;3;1;B01
201300031824;0;2;0;0;2;7;1;A01
201300031824;0;7;0;0;2;8;1;B01
201300031825;0;33;0;0;2;3;15;A01
201300031825;0;2;0;0;0;1;1;B01
201300031826;0;7;0;0;2;1;2;A01
201300031826;0;7;0;0;0;4;2;B01
201300031827;0;7;0;0;2;1;1;A01
201300031827;0;7;0;0;2;5;1;B01
201300031828;0;7;0;0;2;3;15;A01
201300031828;0;40;0;0;2;2;7;B01
201300031829;0;14;0;0;1;1;1;A01
201300031830;0;2;0;0;2;1;16;A01
201300031830;0;7;0;0;2;1;1;B01
201300031831;0;7;0;0;2;1;13;A01
201300031831;0;7;0;0;2;1;1;B01
201300031832;0;30;0;0;1;0;1;A01
201300031833;0;34;0;0;2;3;1;A01
201300031833;0;7;0;0;2;3;15;B01
201300031834;0;1;0;10;0;0;0;A01
201300031835;0;1;0;0;2;1;1;B01
201300031835;1;7;0;0;2;1;9;Z01
201300031836;0;7;0;0;2;0;15;A01
201300031836;0;30;0;0;2;7;1;B01
201300031837;0;2;0;0;2;4;2;B01
201300031837;0;7;0;0;2;1;2;A01
201300031837;0;7;0;0;2;4;2;C01
201300031838;0;30;0;0;0;0;0;A01
201300031839;0;10;0;0;2;1;9;A01
201300031839;0;2;0;0;2;7;1;B01
201300031840;0;33;0;0;2;1;1;B01
201300031840;0;7;0;0;2;2;15;A01
201300031841;0;7;0;9;0;1;0;A01
201300031842;0;7;0;0;2;1;1;A01
201300031842;0;1;0;0;2;7;1;B01
201300031843;0;7;0;3;0;9;1;A01
201300031844;0;7;0;0;2;2;0;B01
201300031844;0;1;0;0;2;1;1;A01
201300031845;0;30;0;0;2;8;0;B01
201300031845;0;7;0;0;2;7;0;A01
201300031846;0;10;0;0;1;3;15;A01
201300031847;0;30;0;0;1;1;1;A01
201300031848;0;1;0;0;4;1;1;B01
201300031848;0;40;0;0;2;1;1;A01
201300031849;0;7;0;0;1;3;15;A01
201300031850;0;7;0;0;1;4;4;A01
201300031851;0;34;0;0;2;3;21;A01
201300031851;0;7;0;0;2;3;1;B01
201300031852;0;7;0;0;2;5;9;A01
201300031852;0;30;0;0;2;1;1;B01
201300031853;0;7;0;14;0;1;14;A01
201300031854;0;7;0;0;2;2;15;A01
201300031854;0;33;0;0;2;1;1;B01
201300031855;0;7;0;0;2;3;9;A01
201300031855;0;32;0;0;2;2;1;B01
201300031856;0;33;0;0;2;2;1;B01
201300031856;0;7;0;0;2;3;1;A01
201300031857;0;7;0;0;0;7;15;A01
201300031857;0;7;0;0;2;1;1;B01
201300031858;0;7;0;9;2;6;9;A01
201300031858;0;7;0;0;2;1;1;B01
201300031859;0;7;0;0;2;4;1;B01
201300031859;0;7;0;0;2;1;1;A01
201300031859;0;7;0;0;0;4;1;C01
201300031860;0;2;0;0;0;7;0;A01
201300031861;0;7;0;0;0;1;15;A01
201300031861;0;33;0;0;2;1;1;B01
201300031862;0;10;0;0;2;1;1;A01
201300031862;0;7;0;0;2;4;0;B01
201300031863;0;10;0;0;2;2;1;A01
201300031863;0;7;0;1;2;4;1;B01
201300031864;0;7;0;0;2;1;15;A01
201300031864;0;7;0;0;2;1;1;B01
201300031865;0;7;0;0;2;8;11;A01
201300031865;0;7;0;0;2;2;1;B01
201300031866;0;7;0;0;1;1;1;A01
201300031867;0;7;0;0;2;2;1;B01
201300031867;0;1;0;0;2;3;1;A01
201300031868;0;33;0;0;0;0;1;A01
201300031869;0;7;0;0;2;8;1;A01
201300031869;0;7;0;0;2;3;1;B01
201300031870;0;7;0;0;2;1;5;A01
201300031870;0;37;1;0;2;1;1;B01
201300031871;0;7;0;0;1;1;15;A01
201300031872;1;7;0;0;1;0;0;Z01
201300031873;0;40;0;0;1;1;1;A01
201300031874;0;7;0;0;1;1;1;A01
201300031875;0;10;0;0;1;3;15;A01
201300031876;0;10;0;10;0;4;1;A01
201300031877;0;7;0;0;1;1;1;A01
201300031878;0;7;0;0;2;1;15;A01
201300031878;0;7;0;0;2;0;1;B01
201300031878;0;7;0;0;2;0;1;C01
201300031879;0;7;0;2;0;2;1;A01
201300031880;0;7;0;0;2;0;9;A01
201300031880;0;7;0;0;2;0;9;B01
201300031881;0;7;0;0;2;1;2;A01
201300031881;0;7;0;0;2;4;2;B01
201300031881;0;7;0;0;2;4;2;C01
201300031882;0;7;0;1;0;1;1;A01
201300031882;0;7;0;0;2;2;0;B01
201300031883;0;7;0;0;2;1;0;A01
201300031884;0;13;0;6;0;1;1;A01
201300031885;0;7;0;0;1;2;1;A01
201300031886;0;7;0;0;2;1;1;A01
201300031886;0;7;0;0;2;4;1;B01
201300031887;0;7;0;0;2;1;2;A01
201300031887;0;7;0;0;2;4;1;B01
201300031888;0;30;0;0;2;1;1;B01
201300031888;0;7;0;0;2;1;15;A01
201300031889;0;7;0;1;2;3;1;B01
201300031889;0;7;0;0;2;1;13;A01
201300031890;0;7;0;0;2;1;2;A01
201300031890;0;10;0;0;0;4;1;B01
201300031891;0;7;0;1;0;1;14;A01
201300031892;0;37;1;0;1;3;1;A01
201300031893;0;7;0;0;0;3;21;B01
201300031893;0;7;0;0;0;0;15;A01
201300031894;0;7;0;0;2;1;1;A01
201300031894;0;7;0;0;2;1;1;B01
201300031895;0;7;0;0;1;4;4;A01
201300031896;0;7;0;0;2;8;1;B01
201300031896;0;7;0;0;2;1;15;A01
201300031897;0;7;0;0;2;7;1;A01
201300031897;0;7;0;0;2;3;1;B01
201300031898;0;37;1;0;1;3;9;A01
201300031899;0;7;0;0;1;4;4;A01
201300031900;0;7;0;0;1;1;1;A01
201300031901;0;31;0;0;0;0;0;A01
201300031902;0;7;0;0;1;3;1;A01
201300031903;0;7;0;0;1;1;1;A01
201300031904;1;7;0;0;1;2;1;Z01
201300031905;1;7;0;0;1;2;1;Z01
201300031906;0;7;0;0;2;2;1;A01
201300031906;0;7;0;0;2;4;1;B01
201300031907;1;7;0;0;1;0;0;Z01
201300031908;0;7;0;0;1;2;20;A01
201300031909;0;32;0;3;0;1;14;A01
201300031910;0;7;0;0;0;4;23;B01
201300031910;0;7;0;6;2;1;1;A01
201300031911;0;7;0;0;1;1;1;A01
201300031912;0;7;0;0;0;6;1;B01
201300031912;0;7;0;0;2;1;15;A01
201300031913;0;7;0;1;0;1;13;A01
201300031913;0;10;0;1;0;3;24;B01
201300031914;0;7;0;0;2;1;1;B01
201300031914;0;7;0;0;0;5;15;A01
201300031915;0;7;0;0;2;7;9;B01
201300031915;0;2;0;0;2;1;1;A01
201300031916;0;7;0;0;0;7;1;B01
201300031916;0;7;0;0;2;1;1;A01
201300031917;0;31;0;0;0;1;0;B01
201300031917;0;7;0;0;2;3;9;A01
201300031918;1;7;0;0;2;1;2;A01
201300031918;0;7;0;0;0;6;23;B01
201300031919;0;31;0;0;2;1;2;A01
201300031919;0;7;0;0;0;5;2;B01
201300031920;0;7;0;0;2;1;2;A01
201300031920;0;7;0;0;2;1;2;B01
201300031920;0;7;0;0;0;4;2;C01
201300031921;0;7;0;0;2;8;15;A01
201300031921;0;33;0;0;2;1;17;B01
201300031922;0;36;0;6;0;1;0;A01
201300031923;0;7;0;0;2;1;2;A01
201300031923;0;7;0;0;0;4;2;B01
201300031923;0;7;0;0;2;1;1;C01
201300031924;0;33;0;0;2;1;2;A01
201300031924;0;7;0;0;0;4;2;B01
201300031925;0;7;0;0;0;0;15;A01
201300031925;0;1;0;0;0;0;21;B01
201300031926;0;33;0;0;2;0;1;B01
201300031926;0;7;0;0;2;3;1;C01
201300031926;0;7;0;0;2;5;19;A01
201300031927;0;2;0;0;0;0;1;A01
201300031928;0;7;0;0;2;1;2;A01
201300031928;0;7;0;0;0;4;2;B01
201300031929;0;7;0;0;2;1;1;B01
201300031929;0;7;0;0;0;8;9;A01
201300031930;0;2;0;0;2;1;1;B01
201300031930;0;7;0;0;2;1;15;A01
201300031931;0;34;0;0;2;1;2;B01
201300031931;0;7;0;0;2;3;13;A01
201300031932;0;7;0;0;2;1;1;B01
201300031932;0;7;0;0;0;7;1;A01
201300031933;0;30;0;0;2;1;1;B01
201300031933;0;15;0;0;2;3;15;A01
201300031934;0;7;0;0;2;1;1;A01
201300031934;0;33;0;0;0;7;1;B01
201300031935;0;7;0;0;2;1;2;A01
201300031935;0;7;0;0;0;4;2;B01
201300031936;0;7;0;15;0;1;1;A01
201300031937;0;33;0;0;2;1;17;B01
201300031937;0;7;0;0;2;1;15;A01
201300031938;0;7;0;13;0;1;1;A01
201300031939;0;34;0;0;0;7;1;B01
201300031939;0;10;0;0;2;8;9;A01
201300031940;0;7;0;0;0;0;15;A01
201300031940;0;1;0;0;0;0;1;B01
201300031941;0;1;0;0;0;8;5;A01
201300031941;0;7;0;0;2;3;15;B01
201300031942;0;30;0;5;0;1;1;A01
201300031943;0;37;34;0;2;2;1;A01
201300031943;0;7;0;0;0;3;1;B01
201300031944;0;7;0;0;2;6;10;A01
201300031944;0;34;0;0;2;1;1;B01
201300031945;0;1;0;0;0;0;0;A01
201300031946;0;7;0;0;0;6;15;B01
201300031946;0;30;0;0;2;1;17;A01
201300031947;0;7;0;0;9;3;16;A01
201300031947;0;1;0;0;2;2;0;B01
201300031948;0;7;0;0;2;1;1;A01
201300031948;0;7;0;0;0;4;23;B01
201300031948;0;7;0;0;2;3;1;C01
201300031948;0;7;0;0;2;8;1;D01
201300031949;0;7;0;0;2;1;1;A01
201300031949;0;7;0;0;2;4;23;B01
201300031950;0;7;0;6;0;2;1;A01
201300031951;0;30;0;0;0;0;1;A01
201300031951;0;14;0;0;0;0;9;B01
201300031952;0;7;0;0;0;7;1;B01
201300031952;0;10;0;0;2;1;9;A01
201300031953;0;10;0;5;0;0;1;A01
201300031954;0;7;0;0;2;2;1;B01
201300031954;0;7;0;0;2;5;15;A01
201300031955;0;7;0;0;2;1;1;B01
201300031955;0;30;0;0;2;1;1;A01
201300031956;0;7;0;15;0;1;1;A01
201300031957;0;7;0;1;0;2;1;A01
201300031958;0;7;0;0;1;1;1;A01
201300031959;0;15;0;0;0;4;2;B01
201300031959;0;14;0;0;2;1;2;A01
201300031960;0;7;0;2;0;6;1;A01
201300031961;0;7;0;0;2;2;17;A01
201300031961;0;7;0;0;0;3;15;B01
201300031962;0;33;0;0;2;1;9;A01
201300031962;0;7;0;0;2;2;1;B01
201300031963;0;2;0;0;2;3;19;A01
201300031963;0;31;0;0;2;3;1;B01
201300031964;0;7;0;0;1;2;1;A01
201300031965;0;7;0;0;1;1;20;A01
201300031966;0;37;1;0;2;1;1;B01
201300031966;0;7;0;0;2;1;1;A01
201300031967;0;7;0;15;1;1;1;A01
201300031968;0;7;0;0;0;0;1;B01
201300031968;0;1;0;0;2;1;1;A01
201300031969;0;7;0;0;2;8;1;A01
201300031969;0;7;0;0;2;1;1;B01
201300031970;0;7;0;0;2;0;9;A01
201300031970;0;33;0;0;2;0;1;B01
201300031971;0;7;0;0;1;0;4;A01
201300031972;0;7;0;0;0;4;23;B01
201300031972;0;33;0;14;0;1;1;A01
201300031973;0;7;0;0;2;3;15;B01
201300031973;0;7;0;0;2;2;1;A01
201300031974;0;7;0;0;2;1;5;A01
201300031974;0;7;0;0;2;1;1;B01
201300031974;0;7;0;0;2;1;1;C01
201300031974;0;7;0;0;2;1;1;D01
201300031974;0;7;0;0;2;1;1;E01
201300031974;0;7;0;0;2;1;1;F02
201300031974;0;7;0;0;2;1;1;G02
201300031975;0;7;0;0;2;1;1;B01
201300031975;2;7;0;0;2;1;16;A01
201300031976;0;7;0;1;0;1;1;A01
201300031976;0;7;0;0;0;4;1;B01
201300031977;0;7;0;14;0;1;1;A01
201300031978;0;7;0;0;2;3;19;A01
201300031978;0;33;0;0;2;8;1;B01
201300031979;0;7;0;0;1;1;1;A01
201300031980;0;7;0;2;2;1;17;A01
201300031980;0;7;0;0;2;4;10;B01
201300031981;0;7;0;0;2;4;2;C01
201300031981;0;7;0;0;2;1;2;A01
201300031981;0;33;0;0;2;4;2;B01
201300031982;0;7;0;0;1;3;1;A01
201300031983;0;7;0;0;1;4;4;A01
201300031984;0;10;0;0;2;2;21;A01
201300031984;0;7;0;0;2;6;2;B01
201300031985;0;7;0;0;1;6;4;A01
201300031986;0;2;0;0;2;1;1;B01
201300031986;0;7;0;0;2;8;9;A01
201300031987;0;7;0;0;1;2;1;A01
201300031988;0;10;0;0;1;2;1;A01
201300031989;0;7;0;0;2;3;23;B01
201300031989;0;7;0;0;2;1;13;A01
201300031990;0;7;0;0;1;7;1;A01
201300031991;0;30;0;16;2;8;2;A01
201300031991;0;7;0;0;2;1;2;B01
201300031992;0;7;0;0;2;3;9;A01
201300031992;0;31;0;0;2;5;1;B01
201300031993;0;7;0;0;0;6;15;B01
201300031993;0;32;0;0;2;1;17;A01
201300031994;0;10;0;0;2;1;1;B01
201300031994;0;7;0;0;2;1;1;A01
201300031995;0;7;0;8;0;1;1;A01
201300031996;0;30;0;0;2;1;1;B01
201300031996;0;7;0;0;2;2;19;A01
201300031997;0;2;0;0;2;1;17;A01
201300031997;0;7;0;0;0;8;15;B01
201300031998;0;7;0;0;0;1;1;A01
201300031998;0;7;0;0;0;4;23;B01
201300031999;0;7;0;0;0;1;1;A01
201300031999;0;33;0;0;2;1;21;B01
201300032000;0;30;0;0;0;1;1;A01
201300032001;0;30;0;0;2;7;7;A01
201300032001;0;10;0;0;2;7;12;B01
201300032002;0;7;0;6;0;6;23;A01
201300032003;0;7;0;0;2;2;16;B01
201300032003;0;30;0;0;2;8;7;A01
201300032004;1;30;0;0;1;2;0;Z01
201300032005;0;7;0;0;1;3;1;A01
201300032006;0;33;0;0;2;2;17;A01
201300032006;0;37;1;0;2;8;15;B01
201300032007;0;2;0;0;1;1;1;A01
201300032008;0;30;0;0;2;0;7;A01
201300032008;0;7;0;0;2;7;9;B01
201300032009;0;30;0;0;2;1;7;A01
201300032009;0;7;0;0;2;7;16;B01
201300032010;0;7;0;0;2;8;15;A01
201300032010;0;33;0;0;2;7;17;B01
201300032011;0;30;0;0;2;1;2;A01
201300032011;0;7;0;0;2;4;23;B01
201300032012;0;31;0;12;0;1;14;A01
201300032013;0;2;0;0;2;1;1;B01
201300032013;0;7;0;0;0;3;9;A01
201300032014;0;2;0;0;2;1;1;A01
201300032014;0;7;0;0;0;6;23;B01
201300032015;0;2;0;0;2;1;17;A01
201300032015;0;7;0;0;2;1;15;B01
201300032016;0;33;0;0;2;1;17;A01
201300032016;0;7;0;0;2;3;15;B01
201300032017;0;10;0;0;0;2;16;B01
201300032017;0;33;0;0;2;1;7;A01
201300032018;0;7;0;0;2;5;15;B01
201300032018;0;33;0;0;2;1;3;A01
201300032019;0;33;0;0;0;1;1;A01
201300032020;0;30;0;0;2;4;1;B01
201300032020;0;33;0;0;2;1;2;A01
201300032021;0;33;0;11;0;1;17;A01
201300032022;0;10;0;0;2;5;4;A01
201300032022;0;2;0;0;2;2;21;B01
201300032023;0;7;0;0;2;1;1;A01
201300032023;0;7;0;0;0;4;23;C01
201300032023;0;7;0;0;2;4;23;B01
201300032024;0;7;0;0;2;8;19;A01
201300032024;0;30;0;0;2;7;1;B01
201300032025;0;32;0;11;0;1;13;A01
201300032026;0;33;0;14;0;8;1;A01
201300032027;0;7;0;0;0;3;15;A01
201300032027;0;33;0;0;2;7;1;B01
201300032028;0;7;0;0;1;3;1;A01
201300032029;0;32;0;0;2;7;17;A01
201300032029;0;7;0;0;2;8;23;B01
201300032029;0;7;0;0;2;1;1;C01
201300032030;0;33;0;0;0;7;21;A01
201300032031;0;7;0;0;1;1;15;A01
201300032032;0;7;0;2;0;1;21;A01
201300032033;0;3;0;0;2;7;16;A01
201300032033;0;30;0;0;2;0;1;B01
201300032034;0;2;0;0;0;1;1;A01
201300032035;0;2;0;0;0;4;23;B01
201300032035;0;7;0;0;2;1;1;A01
201300032036;1;7;0;0;2;8;13;A01
201300032036;0;30;0;0;2;7;1;B01
201300032037;0;30;0;0;0;8;1;A01
201300032038;0;30;0;1;0;1;1;A01
201300032039;1;7;0;0;1;7;0;Z01
201300032040;0;33;0;12;0;1;14;A01
201300032041;0;2;0;0;0;8;1;A01
201300032042;0;2;0;0;2;1;1;A01
201300032042;0;10;0;0;0;5;1;B01
201300032043;0;7;0;0;2;1;19;A01
201300032043;0;30;0;0;2;1;1;B01
201300032044;0;7;0;0;0;5;1;B01
201300032044;0;1;0;0;2;1;19;A01
201300032045;0;7;0;0;2;1;1;A01
201300032045;0;7;0;0;0;4;23;B01
201300032046;0;7;0;0;0;3;15;A01
201300032046;0;32;0;0;2;1;1;B01
201300032047;1;7;0;0;2;0;17;Z01
201300032047;0;1;0;0;2;4;1;A01
201300032048;0;33;0;0;2;8;21;B01
201300032048;0;7;0;0;0;0;5;A01
201300032049;0;32;0;0;2;1;0;B01
201300032049;0;7;0;0;0;2;0;A01
201300032050;0;33;0;0;2;7;1;B01
201300032050;0;10;0;0;0;0;9;A01
201300032051;0;7;0;0;2;2;15;A01
201300032051;0;7;0;0;2;1;1;B01
201300032052;0;2;0;0;2;1;1;A01
201300032052;0;10;0;0;0;4;23;B01
201300032053;0;31;0;11;0;8;21;A01
201300032054;0;2;0;0;0;8;1;A01
201300032055;0;7;0;2;0;1;14;A01
201300032056;0;10;0;0;2;1;1;B01
201300032056;0;7;0;0;2;1;13;A01
201300032056;0;7;0;0;2;1;1;C01
201300032057;0;7;0;0;2;1;13;A01
201300032057;0;7;0;0;2;1;1;B01
201300032058;0;7;0;0;0;5;15;A01
201300032058;0;33;0;0;2;1;1;B01
201300032059;0;2;0;0;2;1;1;B01
201300032059;0;7;0;0;2;2;15;A01
201300032060;0;7;0;0;2;3;1;B01
201300032060;0;33;0;0;0;1;13;A01
201300032061;0;7;0;0;0;3;1;B01
201300032061;0;1;0;0;2;1;16;A01
201300032062;0;7;0;0;2;8;15;A01
201300032062;0;31;0;0;2;7;17;B01
201300032063;0;33;0;0;1;1;1;A01
201300032064;0;33;0;0;0;0;7;A01
201300032064;0;3;0;0;2;2;16;B01
201300032065;0;33;0;0;2;1;21;A01
201300032066;0;2;0;0;0;7;1;A01
201300032067;0;30;0;11;0;1;13;A01
201300032068;0;7;0;0;1;0;16;A01
201300032069;0;7;0;0;0;1;13;A01
201300032069;0;33;0;0;2;1;1;B01
201300032070;0;31;0;0;2;1;1;B01
201300032070;0;7;0;0;0;1;15;A01
201300032071;0;7;0;0;1;2;1;A01
201300032072;0;7;0;0;0;1;13;A01
201300032072;0;7;0;0;2;1;1;B01
201300032073;0;7;0;0;0;3;15;A01
201300032073;0;2;0;0;2;1;1;B01
201300032074;0;2;0;0;2;1;0;A01
201300032074;0;7;0;0;2;2;16;B01
201300032075;0;2;0;0;0;7;12;A01
201300032075;0;7;0;0;2;1;1;B01
201300032076;0;33;0;0;2;2;17;A01
201300032076;0;10;0;0;0;3;15;B01
201300032077;0;1;0;0;2;1;1;B01
201300032077;1;99;0;0;0;0;0;Z01
201300032078;0;1;0;0;1;8;1;A01
201300032079;0;7;0;0;0;2;16;B01
201300032079;0;2;0;0;2;1;7;A01
201300032080;0;10;0;0;1;1;1;A01
201300032081;0;7;0;0;0;1;13;A01
201300032081;0;10;0;0;2;1;1;B01
201300032082;0;2;0;0;0;8;15;A01
201300032082;0;2;0;0;2;2;21;B01
201300032083;0;2;0;0;0;0;0;A01
201300032084;0;7;0;0;2;7;16;B01
201300032084;0;30;0;0;2;1;7;A01
201300032085;0;33;0;0;0;0;1;A01
201300032086;0;2;0;0;2;1;1;A01
201300032086;0;7;0;0;2;8;15;B01
201300032087;0;30;0;0;2;1;2;A01
201300032087;0;2;0;0;2;4;1;B01
201300032088;0;1;0;0;2;4;2;B01
201300032088;0;1;0;0;2;1;2;A01
201300032089;0;7;0;0;2;2;15;B01
201300032089;0;2;0;0;2;1;1;A01
201300032090;0;7;0;0;2;4;23;B01
201300032090;0;7;0;0;2;1;2;A01
201300032091;0;7;0;0;1;0;15;A01
201300032092;0;10;0;0;1;4;4;A01
201300032093;0;7;0;0;2;1;1;B01
201300032093;0;7;0;0;0;8;15;A01
201300032094;0;7;0;0;1;3;9;A01
201300032095;0;10;0;0;1;5;4;A01
201300032096;0;2;0;0;1;1;17;A01
201300032097;0;33;0;0;0;0;16;A01
201300032098;0;7;0;0;2;2;15;A01
201300032098;0;2;0;0;2;1;8;B01
201300032099;1;7;0;0;0;0;3;A01
201300032099;0;7;0;8;0;1;21;B01
201300032100;0;7;0;3;0;9;1;A01
201300032101;0;33;0;0;2;8;1;B01
201300032101;0;7;0;0;0;3;13;A01
201300032102;0;32;0;0;2;1;1;B01
201300032102;0;7;0;0;0;1;15;A01
201300032103;0;33;0;0;2;1;14;A01
201300032103;0;7;0;0;0;3;23;B01
201300032104;0;33;0;0;2;4;2;B01
201300032104;0;7;0;0;2;1;2;A01
201300032105;0;2;0;0;2;7;1;B01
201300032105;0;7;0;0;2;3;9;A01
201300032106;0;10;0;0;1;1;1;A01
201300032107;0;1;0;0;2;0;1;B01
201300032107;0;7;0;0;0;5;16;A01
201300032108;0;2;0;0;2;1;17;A01
201300032108;0;7;0;0;2;6;15;B01
201300032109;0;30;0;0;2;1;7;A01
201300032109;0;7;0;0;2;2;16;B01
201300032110;0;7;0;0;2;3;5;C01
201300032110;0;33;0;0;2;1;2;A01
201300032110;0;7;0;0;2;4;23;B01
201300032111;1;7;0;0;1;0;0;Z01
201300032112;0;30;0;0;1;1;7;A01
201300032113;0;7;0;0;2;4;2;C01
201300032113;0;10;0;0;2;1;2;A01
201300032113;0;7;0;0;2;4;2;B01
201300032114;0;2;0;0;2;8;19;A01
201300032114;0;7;0;0;2;7;1;B01
201300032115;0;30;0;0;2;7;17;A01
201300032115;0;7;0;0;2;8;15;B01
201300032116;0;2;0;0;2;1;2;A01
201300032116;0;7;0;0;2;5;1;B01
201300032117;0;7;0;1;0;0;13;A01
201300032118;0;7;0;0;1;0;0;A01
201300032119;0;32;0;12;0;1;14;A01
201300032120;0;2;0;0;2;8;1;B01
201300032120;0;7;0;0;2;3;9;A01
201300032121;0;7;0;0;2;3;9;A01
201300032121;0;1;0;0;2;0;1;B01
201300032122;0;7;0;0;2;2;14;A01
201300032122;0;2;0;0;2;8;2;B01
201300032123;0;31;0;0;2;1;17;B01
201300032123;0;7;0;0;2;8;15;A01
201300032124;0;1;0;0;2;1;19;A01
201300032124;0;7;0;0;2;7;1;B01
201300032125;0;7;0;0;2;3;15;A01
201300032125;0;33;0;0;2;1;1;B01
201300032126;0;7;0;0;2;2;15;A01
201300032126;0;32;0;0;2;1;1;B01
201300032127;0;2;0;0;2;7;1;B01
201300032127;0;7;0;0;2;1;9;A01
201300032128;0;7;0;7;0;1;0;A01
201300032129;0;7;0;1;0;3;13;A01
201300032130;0;7;0;0;2;3;2;A01
201300032130;0;2;0;0;2;1;1;B01
201300032131;0;2;0;0;2;4;1;B01
201300032131;0;7;0;0;2;1;1;A01
201300032132;0;7;0;0;2;1;15;A01
201300032132;0;2;0;0;2;1;1;B01
201300032133;0;7;0;0;2;4;23;C01
201300032133;0;7;0;0;2;9;23;B01
201300032133;0;10;0;1;0;1;1;A01
201300032134;0;10;0;12;0;3;13;A01
201300032135;0;30;0;1;0;1;14;A01
201300032136;0;7;0;0;9;3;15;A01
201300032136;0;31;0;0;2;1;17;B01
201300032137;0;32;0;0;9;1;14;A01
201300032138;0;7;0;0;2;3;13;A01
201300032138;0;7;0;0;2;3;1;B01
201300032139;0;2;0;1;0;1;13;A01
201300032140;0;2;0;6;0;1;1;A01
201300032141;0;7;0;0;1;3;1;A01
201300032142;1;99;0;0;1;0;0;Z01
201300032143;0;7;0;0;9;6;11;A01
201300032143;0;32;0;1;2;2;17;B01
201300032144;0;7;0;0;9;1;13;A01
201300032144;0;30;0;0;2;8;1;B01
201300032145;0;2;0;0;2;1;2;A01
201300032145;0;7;0;0;9;5;15;B01
201300032146;0;7;0;0;2;3;1;B01
201300032146;0;2;0;0;2;1;5;A01
201300032147;0;33;0;0;0;0;0;A01
201300032148;0;32;0;12;0;1;13;A01
201300032149;0;2;0;14;0;1;1;A01
201300032150;0;2;0;0;1;1;21;A01
201300032151;0;2;0;0;0;1;0;A01
201300032152;0;33;0;0;2;1;17;B01
201300032152;0;7;0;0;2;8;22;A01
201300032153;0;7;0;0;2;1;1;A01
201300032153;0;31;0;0;2;4;1;B01
201300032153;0;7;0;0;2;4;1;C01
201300032154;0;34;0;0;2;7;17;B01
201300032154;0;7;0;0;9;8;2;A01
201300032155;0;33;0;0;2;7;1;B01
201300032155;0;7;0;1;9;3;9;A01
201300032156;0;33;0;0;2;8;1;B01
201300032156;0;7;0;0;9;1;10;A01
201300032157;0;30;0;0;9;4;23;B01
201300032157;0;30;0;0;9;1;2;A01