num_acc;senc;catv;occutc;obs;obsm;choc;manv;num_veh
201300032158;0;31;0;1;9;7;12;A01
201300032158;0;1;0;0;9;8;1;B01
201300032159;0;7;0;0;9;1;9;A01
201300032159;0;33;0;0;2;7;17;B01
201300032160;1;7;0;0;1;1;1;Z01
201300032161;0;7;0;13;0;1;1;A01
201300032162;0;10;0;0;2;1;1;A01
201300032162;0;7;0;0;1;1;23;B01
201300032163;0;33;0;0;2;4;17;A01
201300032163;0;7;0;0;2;3;15;B01
201300032164;0;7;0;0;2;1;15;A01
201300032164;0;34;0;0;2;1;17;B01
201300032165;0;7;0;0;1;2;16;A01
201300032166;0;7;0;0;2;6;15;A01
201300032166;0;33;0;0;2;3;1;B01
201300032167;0;1;0;0;2;1;1;B01
201300032167;0;7;0;0;9;7;1;A01
201300032168;0;7;0;0;2;5;15;A01
201300032168;0;7;0;0;2;3;1;C01
201300032168;0;7;0;0;2;8;1;B01
201300032169;0;2;0;0;9;0;0;A01
201300032170;0;7;0;0;1;1;20;A01
201300032171;0;7;0;0;9;3;15;A01
201300032171;0;34;0;0;2;1;17;B01
201300032172;0;7;0;0;2;2;1;A01
201300032172;0;2;0;0;2;6;1;B01
201300032173;0;7;0;2;0;1;0;A01
201300032174;0;7;0;0;1;4;4;A01
201300032175;0;7;0;0;2;1;1;A01
201300032175;0;7;0;0;2;8;1;B01
201300032176;0;7;0;0;1;1;1;A01
201300032177;0;7;0;0;2;6;1;B01
201300032177;0;1;0;0;2;1;1;A01
201300032178;0;7;0;0;1;4;4;A01
201300032179;0;7;0;0;1;1;1;A01
201300032180;0;7;0;0;2;2;15;A01
201300032180;0;2;0;0;2;1;1;B01
201300032181;0;7;0;0;2;8;17;A01
201300032181;0;33;0;1;2;3;1;B01
201300032182;0;7;0;0;1;1;1;A01
201300032183;0;7;0;0;1;1;1;A01
201300032184;0;10;0;0;2;3;13;A01
201300032184;0;7;0;0;2;3;1;B01
201300032185;0;30;0;0;2;8;15;A01
201300032185;0;7;0;0;2;3;1;B01
201300032186;0;7;0;0;2;1;15;A01
201300032186;0;30;0;0;2;1;18;B01
201300032187;0;7;0;0;2;7;1;A01
201300032187;0;7;0;0;2;1;1;B01
201300032188;0;7;0;0;2;4;23;C01
201300032188;0;7;0;0;2;1;1;A01
201300032188;0;7;0;0;2;4;23;B01
201300032189;0;1;0;0;1;1;16;A01
201300032190;0;10;0;0;2;6;13;B01
201300032190;0;7;0;0;2;2;16;A01
201300032191;0;10;0;7;0;1;1;A01
201300032192;0;10;0;0;2;0;9;A01
201300032192;0;1;0;0;0;0;1;B01
201300032193;0;7;0;0;2;1;1;B01
201300032193;0;7;0;0;2;1;17;A01
201300032194;0;7;0;0;2;3;16;A01
201300032194;0;37;2;0;2;1;1;B01
201300032195;0;7;0;0;2;2;15;A01
201300032195;0;33;0;0;2;1;1;B01
201300032196;0;7;0;0;2;6;1;A01
201300032196;0;1;0;0;2;1;12;B01
201300032197;0;7;0;0;2;1;1;B01
201300032197;0;7;0;0;2;3;9;A01
201300032198;0;7;0;0;0;1;2;A01
201300032198;0;7;0;0;2;4;23;B01
201300032199;0;7;0;0;2;3;15;B01
201300032199;0;2;0;1;2;1;17;A01
201300032200;1;7;0;0;2;3;6;Z01
201300032200;0;7;0;0;2;8;1;B01
201300032201;0;7;0;0;2;1;2;A01
201300032201;0;7;0;0;2;4;1;B01
201300032202;0;32;0;0;2;1;1;B01
201300032202;0;7;0;0;2;1;15;A01
201300032203;0;7;0;0;2;5;23;B01
201300032203;0;30;0;0;2;3;1;A01
201300032204;0;7;0;0;2;2;5;A01
201300032204;0;7;0;0;2;1;1;C01
201300032204;0;14;0;0;2;3;1;B01
201300032205;0;7;0;0;2;1;1;A01
201300032205;0;7;0;0;2;4;23;C01
201300032205;0;7;0;0;2;4;23;B01
201300032206;0;7;0;0;2;1;1;B01
201300032206;0;7;0;0;2;7;15;A01
201300032207;0;7;0;0;2;3;15;A01
201300032207;0;33;0;0;2;1;1;B01
201300032208;0;7;0;0;1;1;16;A01
201300032209;0;7;0;0;1;1;1;A01
201300032210;0;7;0;0;2;1;15;A01
201300032210;0;10;0;0;2;8;1;B01
201300032211;0;37;0;0;2;0;1;B01
201300032211;0;7;0;0;2;0;16;A01
201300032212;0;7;0;8;0;1;1;A01
201300032213;0;7;0;0;1;1;1;A01
201300032214;0;7;0;0;2;4;23;B01
201300032214;0;7;0;0;2;1;2;A01
201300032215;0;7;0;0;2;4;23;C01
201300032215;0;7;0;0;2;1;1;A01
201300032215;0;7;0;0;2;4;23;B01
201300032215;0;7;0;0;2;4;23;D01
201300032216;0;7;0;0;2;7;15;A01
201300032216;0;33;0;0;2;1;1;B01
201300032217;0;7;0;0;2;2;15;A01
201300032217;0;33;0;0;2;7;1;B01
201300032218;0;7;0;0;2;3;1;B01
201300032218;0;7;0;0;2;1;16;A01
201300032219;0;7;0;0;2;1;1;A01
201300032219;0;7;0;0;2;2;1;B01
201300032220;0;7;0;0;2;2;16;A01
201300032220;0;1;0;0;2;6;1;B01
201300032221;0;7;0;0;2;1;1;A01
201300032221;0;7;0;0;1;4;1;B01
201300032222;0;7;0;0;2;1;1;A01
201300032222;0;37;1;0;2;4;23;B01
201300032223;0;7;0;9;0;1;14;A01
201300032224;0;7;0;0;2;8;1;B01
201300032224;0;2;0;0;2;1;0;A01
201300032225;0;7;0;0;2;1;1;A01
201300032225;0;7;0;0;2;4;23;B01
201300032226;0;30;0;0;2;1;1;A01
201300032226;0;7;0;0;2;5;1;B01
201300032227;0;7;0;0;2;4;13;B01
201300032227;0;32;0;0;2;1;1;A01
201300032228;0;7;0;0;2;1;1;B01
201300032228;0;10;0;0;2;1;13;A01
201300032229;0;3;0;0;2;3;9;A01
201300032229;0;7;0;0;2;1;1;B01
201300032230;0;7;0;0;2;1;1;A01
201300032230;0;7;0;0;2;4;23;B01
201300032231;0;7;0;0;2;4;1;B01
201300032231;0;3;0;0;2;4;1;D01
201300032231;0;7;0;0;2;1;1;A01
201300032231;0;7;0;0;2;4;1;C01
201300032232;0;7;0;0;2;1;1;A01
201300032232;0;7;0;6;2;7;1;B01
201300032233;0;7;0;6;0;1;1;A01
201300032234;0;30;0;0;2;3;1;A01
201300032234;0;7;0;0;2;6;23;B01
201300032235;0;31;0;0;2;7;1;B01
201300032235;0;7;0;0;2;8;10;A01
201300032236;0;7;0;0;2;3;15;A01
201300032236;0;32;0;0;2;1;17;B01
201300032237;0;7;0;0;2;1;1;A01
201300032237;0;7;0;0;2;4;23;B01
201300032238;0;7;0;0;2;3;9;A01
201300032238;0;7;0;0;2;8;1;C01
201300032238;0;7;0;0;2;6;1;B01
201300032239;0;7;0;0;2;5;23;B01
201300032239;0;7;0;0;2;1;1;A01
201300032239;0;7;0;0;2;4;23;C01
201300032240;0;7;0;0;2;8;15;B01
201300032240;0;32;0;0;2;1;17;A01
201300032241;0;3;0;0;2;1;15;A01
201300032241;0;10;0;0;2;3;1;B01
201300032242;0;3;0;4;0;1;1;A01
201300032243;0;7;0;6;0;1;6;A01
201300032244;0;7;0;0;2;1;15;A01
201300032244;0;30;0;0;2;1;1;B01
201300032245;0;7;0;0;2;4;23;B01
201300032245;0;7;0;0;2;4;23;C01
201300032245;0;7;0;0;2;4;23;D01
201300032245;0;7;0;0;2;1;1;A01
201300032246;0;7;0;11;0;1;1;A01
201300032247;0;7;0;0;2;7;16;A01
201300032247;0;30;0;0;2;1;1;B01
201300032248;0;7;0;0;2;4;23;C01
201300032248;0;7;0;0;2;1;2;A01
201300032248;0;7;0;0;2;4;23;B01
201300032249;0;7;0;0;2;1;2;A01
201300032249;0;7;0;0;2;4;23;C01
201300032249;0;7;0;0;2;1;23;B01
201300032250;0;30;0;0;2;1;1;A01
201300032250;0;7;0;0;2;7;1;B01
201300032251;0;7;0;0;2;7;16;B01
201300032251;0;30;0;0;2;2;1;A01
201300032252;0;2;0;0;2;1;1;A01
201300032252;0;7;0;0;2;6;1;B01
201300032253;0;7;0;0;2;1;15;A01
201300032253;0;33;0;0;2;3;1;B01
201300032254;0;7;0;0;2;1;15;A01
201300032254;0;30;0;0;2;8;1;B01
201300032255;0;7;0;0;2;6;1;B01
201300032255;0;30;0;0;2;1;1;A01
201300032256;0;7;0;0;2;4;23;C01
201300032256;0;7;0;0;2;4;1;B01
201300032256;0;7;0;0;2;1;1;A01
201300032257;0;14;0;0;2;5;1;B01
201300032257;0;2;0;0;2;1;2;A01
201300032258;0;7;0;0;1;3;15;A01
201300032259;0;7;0;0;2;5;23;A01
201300032259;0;7;0;0;2;3;1;B01
201300032260;0;7;0;0;1;2;1;A01
201300032261;0;7;0;0;2;3;20;A01
201300032261;0;31;0;0;2;7;1;B01
201300032262;0;7;0;0;2;4;1;B01
201300032262;0;7;0;0;2;4;1;C01
201300032262;0;7;0;0;2;1;1;A01
201300032263;0;7;0;0;2;4;1;B01
201300032263;0;7;0;0;2;1;1;A01
201300032264;0;1;0;1;0;1;1;B01
201300032264;0;7;0;0;2;2;22;A01
201300032265;0;2;0;0;2;1;1;A01
201300032265;0;7;0;0;2;6;1;B01
201300032266;1;7;0;0;2;1;1;Z01
201300032266;0;1;0;0;2;1;1;A01
201300032267;0;7;0;0;2;3;1;B01
201300032267;0;7;0;0;2;1;1;A01
201300032268;0;33;0;0;2;3;1;B01
201300032268;0;7;0;0;2;1;15;A01
201300032269;0;7;0;0;1;4;4;A01
201300032270;0;7;0;0;2;4;2;B01
201300032270;0;30;0;0;2;1;9;A01
201300032271;0;7;0;0;2;8;9;A01
201300032271;0;33;0;0;2;1;1;B01
201300032272;0;7;0;0;2;1;1;A01
201300032272;0;7;0;0;2;8;1;B01
201300032273;0;7;0;0;2;1;1;A01
201300032273;0;10;0;0;2;4;1;B01
201300032274;0;7;0;0;2;4;1;C01
201300032274;0;7;0;0;2;4;1;D01
201300032274;0;10;0;0;2;4;1;B01
201300032274;0;7;0;0;2;1;1;A01
201300032275;0;7;0;0;2;3;20;A01
201300032275;0;2;0;0;2;1;1;B01
201300032276;0;7;0;0;2;1;2;A01
201300032276;0;7;0;0;2;4;23;C01
201300032276;0;7;0;0;2;4;23;B01
201300032277;0;7;0;0;2;7;9;A01
201300032277;0;7;0;0;2;8;1;B01
201300032278;0;7;0;0;2;6;1;B01
201300032278;0;7;0;0;2;1;1;A01
201300032278;0;7;0;0;2;3;1;C01
201300032279;0;7;0;0;2;1;9;A01
201300032279;0;7;0;0;2;3;1;B01
201300032280;1;1;0;0;1;1;1;Z01
201300032281;0;30;0;0;1;1;1;A01
201300032282;0;1;0;0;2;1;1;B01
201300032282;0;7;0;0;2;3;9;A01
201300032283;0;7;0;0;2;4;23;B01
201300032283;0;7;0;0;2;4;23;C01
201300032283;0;7;0;0;2;1;2;A01
201300032284;0;7;0;0;1;1;1;A01
201300032285;0;7;0;0;2;3;1;B01
201300032285;0;7;0;0;2;2;15;A01
201300032286;0;7;0;0;2;6;15;A01
201300032286;0;7;0;0;2;1;1;B01
201300032287;0;7;0;0;2;1;1;A01
201300032287;0;7;0;0;2;4;1;B01
201300032288;0;32;0;0;2;1;1;B01
201300032288;0;7;0;0;2;3;23;A01
201300032289;0;7;0;0;2;4;23;C01
201300032289;0;7;0;0;2;4;23;B01
201300032289;0;7;0;0;2;1;2;A01
201300032290;0;7;0;0;1;1;1;A01
201300032291;0;34;0;0;1;1;1;A01
201300032292;0;7;0;0;2;1;9;A01
201300032292;0;7;0;0;2;4;1;B01
201300032293;0;1;0;0;2;7;9;A01
201300032293;0;7;0;0;2;8;1;B01
201300032294;0;7;0;0;2;8;15;A01
201300032294;0;32;0;0;2;1;17;B01
201300032295;0;7;0;0;2;4;23;C01
201300032295;0;7;0;0;2;1;2;A01
201300032295;0;7;0;0;2;4;23;B01
201300032296;0;1;0;0;2;3;19;B01
201300032296;0;7;0;0;2;1;1;A01
201300032297;0;7;0;0;2;1;1;A01
201300032297;0;7;0;0;2;4;1;B01
201300032298;0;1;0;0;2;8;9;A01
201300032298;0;7;0;0;2;1;1;B01
201300032299;0;7;0;0;2;7;15;A01
201300032299;0;31;0;0;2;1;1;B01
201300032300;0;10;0;0;2;2;15;A01
201300032300;0;30;0;0;2;1;1;B01
201300032301;0;7;0;0;2;4;1;B01
201300032301;0;1;0;0;2;1;2;A01
201300032302;0;7;0;0;2;2;15;A01
201300032302;0;1;0;0;2;1;1;B01
201300032303;0;7;0;0;2;4;1;B01
201300032303;0;33;0;0;2;1;2;A01
201300032304;0;7;0;1;0;1;14;A01
201300032305;0;7;0;0;2;8;13;A01
201300032305;0;7;0;0;2;8;1;B01
201300032306;0;7;0;0;2;1;2;A01
201300032306;0;7;0;0;2;4;23;B01
201300032307;0;1;0;0;2;1;5;A01
201300032307;0;7;0;0;2;1;1;B01
201300032308;0;2;0;0;2;1;1;B01
201300032308;0;7;0;0;2;7;15;A01
201300032309;0;7;0;0;1;2;0;A01
201300032310;0;7;0;0;2;4;23;B01
201300032310;0;7;0;0;2;4;23;D01
201300032310;0;7;0;0;2;4;23;E01
201300032310;0;7;0;0;2;4;23;C01
201300032310;0;7;0;0;2;1;2;A01
201300032311;0;13;0;0;2;1;1;B01
201300032311;0;7;0;0;2;3;5;A01
201300032312;0;1;0;0;1;1;1;A01
201300032313;0;7;0;0;2;1;1;C01
201300032313;0;7;0;0;2;3;16;A01
201300032313;0;10;0;0;2;6;1;B01
201300032314;0;7;0;0;2;1;1;A01
201300032314;0;7;0;0;2;4;23;B01
201300032315;0;30;0;0;2;1;1;A01
201300032315;0;7;0;0;2;4;23;B01
201300032316;0;30;0;0;2;1;1;A01
201300032316;0;7;0;0;2;4;23;B01
201300032317;0;13;0;0;2;1;2;A01
201300032317;0;7;0;0;2;4;23;B01
201300032318;0;30;0;0;2;1;18;A01
201300032318;0;7;0;0;2;5;15;B01
201300032319;0;7;0;0;2;1;2;A01
201300032319;0;7;0;0;2;4;23;B01
201300032319;0;7;0;0;2;4;23;C01
201300032320;0;7;0;0;2;4;23;B01
201300032320;0;7;0;0;2;1;2;A01
201300032321;0;7;0;0;2;4;23;B01
201300032321;0;7;0;0;2;4;23;C01
201300032321;0;7;0;0;2;1;1;A01
201300032322;0;7;0;0;2;1;16;A01
201300032322;0;7;0;0;2;2;1;B01
201300032323;0;7;0;0;2;7;15;A01
201300032323;0;30;0;0;2;1;1;B01
201300032324;0;7;0;0;2;1;2;A01
201300032324;0;7;0;0;2;4;23;B01
201300032324;0;7;0;0;2;4;23;C01
201300032325;0;7;0;0;2;4;23;B01
201300032325;0;7;0;0;2;1;1;A01
201300032325;0;7;0;0;2;4;23;C01
201300032326;0;7;0;0;2;8;1;B01
201300032326;0;7;0;0;2;1;1;A01
201300032327;0;1;0;0;2;2;13;B01
201300032327;0;7;0;0;2;1;9;A01
201300032328;0;7;0;0;2;1;1;A01
201300032328;0;7;0;0;2;4;23;B01
201300032329;0;1;0;1;0;7;1;B01
201300032329;0;7;0;0;2;8;22;A01
201300032330;0;7;0;0;1;2;1;A01
201300032331;0;7;0;1;0;2;14;A01
201300032332;0;7;0;0;2;3;15;A01
201300032332;0;33;0;0;2;2;1;B01
201300032333;0;30;0;0;2;7;1;B01
201300032333;0;7;0;0;2;1;9;A01
201300032334;0;1;0;0;2;2;1;B01
201300032334;0;7;0;0;2;2;11;A01
201300032335;0;1;0;0;2;7;1;B01
201300032335;0;7;0;0;2;8;20;A01
201300032336;0;7;0;1;0;7;14;A01
201300032337;0;3;0;0;2;7;1;B01
201300032337;1;7;0;0;2;1;1;Z01
201300032338;0;7;0;0;2;3;9;A01
201300032338;0;1;0;0;2;1;1;B01
201300032339;0;32;0;0;2;7;1;B01
201300032339;0;7;0;0;2;3;9;A01
201300032340;0;7;0;0;2;1;1;A01
201300032340;0;1;0;0;2;7;6;B01
201300032341;0;7;0;1;0;1;14;A01
201300032342;0;7;0;0;1;1;1;A01
201300032343;0;2;0;0;2;8;1;A01
201300032343;0;7;0;0;2;2;12;B01
201300032344;0;7;0;0;2;7;16;A01
201300032344;0;2;0;0;2;1;1;B01
201300032345;0;7;0;0;2;4;23;B01
201300032346;0;33;0;0;2;1;1;A01
201300032346;0;7;0;0;2;8;15;B01
201300032347;0;7;0;0;2;8;15;A01
201300032347;0;2;0;0;2;1;17;B01
201300032348;0;7;0;3;2;2;1;B01
201300032348;0;7;0;0;2;3;1;A01
201300032349;0;7;0;0;2;1;1;A01
201300032349;0;7;0;0;2;4;23;B01
201300032349;0;7;0;0;2;4;23;C01
201300032350;0;1;0;0;2;7;1;B01
201300032350;0;7;0;0;2;3;9;A01
201300032351;0;34;0;0;1;8;1;A01
201300032352;0;7;0;0;2;4;1;C01
201300032352;0;7;0;0;2;1;1;A01
201300032352;0;7;0;0;2;4;1;B01
201300032353;0;1;0;0;2;2;1;B01
201300032353;0;7;0;0;2;1;15;A01
201300032354;0;7;0;0;1;4;4;A01
201300032355;0;32;0;0;2;1;1;A01
201300032355;0;7;0;0;2;4;23;B01
201300032356;0;1;0;0;2;4;15;B01
201300032356;0;7;0;0;2;1;1;A01
201300032357;0;7;0;0;2;1;1;B01
201300032357;0;7;0;0;2;1;13;A01
201300032358;0;7;0;0;1;1;1;A01
201300032359;0;7;0;0;2;1;15;A01
201300032359;0;7;0;0;2;3;1;B01
201300032360;0;10;0;0;0;0;1;A01
201300032360;0;7;0;0;2;3;1;B01
201300032360;0;34;0;0;2;7;1;C01
201300032361;0;2;0;0;2;1;13;A01
201300032361;0;7;0;0;2;1;1;B01
201300032362;0;34;0;0;2;1;1;A01
201300032362;0;7;0;0;2;4;1;B01
201300032363;0;31;0;0;2;7;1;B01
201300032363;0;7;0;0;2;3;16;A01
201300032364;0;7;0;0;2;1;9;A01
201300032364;0;2;0;0;2;7;1;B01
201300032365;0;7;0;0;2;3;9;A01
201300032365;0;2;0;0;2;7;1;B01
201300032366;0;1;0;0;2;1;16;B01
201300032366;0;7;0;0;2;1;15;A01
201300032367;0;33;0;0;2;1;1;A01
201300032368;0;15;0;0;0;8;1;A01
201300032369;0;1;0;0;2;4;1;B01
201300032369;0;1;0;0;2;4;1;C01
201300032369;0;7;0;0;2;2;14;A01
201300032370;0;30;0;0;2;3;18;A01
201300032370;0;7;0;0;2;7;16;B01
201300032371;0;7;0;0;2;2;1;A01
201300032371;0;30;0;0;2;8;15;B01
201300032372;0;1;0;0;2;8;1;B01
201300032372;0;2;0;0;2;7;15;A01
201300032373;0;7;0;0;2;1;1;B01
201300032373;0;7;0;0;2;7;15;A01
201300032374;0;7;0;0;2;4;1;C01
201300032374;0;7;0;0;2;1;1;A01
201300032374;0;7;0;0;2;4;1;B01
201300032375;0;7;0;0;2;1;15;A01
201300032375;0;7;0;0;2;3;1;B01
201300032376;0;7;0;0;2;1;1;A01
201300032376;0;1;0;0;2;4;1;B01
201300032377;0;2;0;0;2;1;1;A01
201300032377;0;10;0;0;2;4;1;B01
201300032378;0;7;0;0;2;1;15;B01
201300032378;0;7;0;0;2;2;1;A01
201300032379;0;1;0;0;2;8;1;B01
201300032379;0;7;0;0;2;3;15;A01
201300032380;0;7;0;0;2;4;1;B01
201300032380;0;7;0;0;2;1;1;A01
201300032381;0;7;0;0;2;1;23;B01
201300032381;0;7;0;0;2;7;1;A01
201300032381;0;7;0;0;2;1;23;C01
201300032382;0;7;0;0;2;4;23;B01
201300032382;0;7;0;0;2;1;1;A01
201300032383;0;7;0;0;1;1;1;A01
201300032384;0;7;0;0;2;1;1;B01
201300032384;0;2;0;0;2;3;1;A01
201300032385;0;7;0;0;2;7;16;A01
201300032385;0;37;2;0;2;1;1;B01
201300032386;0;2;0;0;2;1;1;A01
201300032386;0;7;0;0;2;4;17;B01
201300032387;0;2;0;0;2;0;1;B01
201300032387;0;7;0;0;2;0;10;A01
201300032388;0;7;0;0;2;7;15;A01
201300032388;0;33;0;0;2;1;17;B01
201300032389;0;33;0;0;2;1;1;B01
201300032389;0;7;0;0;2;1;15;A01
201300032390;0;7;0;0;2;1;2;A01
201300032390;0;7;0;0;2;4;23;B01
201300032391;0;2;0;0;2;1;0;A01
201300032391;0;2;0;0;2;1;0;B01
201300032392;0;2;0;0;2;1;2;A01
201300032392;0;7;0;0;2;4;23;B01
201300032393;0;7;0;0;1;1;1;A01
201300032394;0;36;0;0;1;1;21;A01
201300032395;0;7;0;0;2;2;2;C01
201300032395;0;7;0;0;2;3;1;B01
201300032395;0;2;0;0;2;1;13;A01
201300032396;0;13;0;0;2;7;16;A01
201300032396;0;1;0;0;2;6;2;B01
201300032397;0;1;0;0;2;5;1;B01
201300032397;0;7;0;0;2;1;9;A01
201300032398;0;30;0;0;2;8;15;B01
201300032398;0;7;0;0;2;7;17;A01
201300032399;0;30;0;0;5;1;1;A01
201300032400;0;34;0;0;1;1;1;A01
201300032401;0;7;0;0;2;4;23;B01
201300032401;0;7;0;0;2;4;23;C01
201300032401;0;7;0;0;2;1;1;A01
201300032402;0;7;0;0;1;1;15;A01
201300032403;0;7;0;0;1;1;1;A01
201300032404;0;1;0;8;0;1;5;A01
201300032405;0;7;0;0;2;6;15;A01
201300032405;0;30;0;0;2;1;1;B01
201300032406;0;30;0;0;2;1;1;A01
201300032406;0;7;0;0;2;4;23;B01
201300032407;0;32;0;0;2;2;1;B01
201300032407;0;7;0;0;2;7;9;A01
201300032408;1;15;0;0;2;8;13;Z01
201300032408;0;7;0;0;2;8;1;B01
201300032409;0;7;0;0;2;7;1;B01
201300032409;0;7;0;0;2;1;9;A01
201300032410;0;7;0;0;2;4;23;B01
201300032410;0;7;0;0;2;1;2;A01
201300032411;0;7;0;0;2;8;1;B01
201300032411;0;7;0;1;2;1;1;A01
201300032412;0;2;0;0;2;8;1;B01
201300032412;0;7;0;0;2;1;9;A01
201300032413;0;7;0;0;2;1;1;A01
201300032413;0;7;0;0;2;4;23;B01
201300032414;0;7;0;0;2;2;10;A01
201300032414;0;33;0;0;2;1;1;B01
201300032415;0;7;0;0;2;7;15;A01
201300032415;0;7;0;0;2;1;1;B01
201300032416;0;7;0;0;1;1;1;A01
201300032417;0;7;0;0;2;4;23;C01
201300032417;0;7;0;0;2;1;2;A01
201300032417;0;7;0;0;2;4;23;B01
201300032418;0;2;0;0;2;1;17;B01
201300032418;0;7;0;0;2;3;16;A01
201300032419;0;7;0;0;1;2;1;A01
201300032420;0;2;0;0;1;2;1;A01
201300032421;0;7;0;0;2;3;15;A01
201300032421;0;2;0;6;2;6;1;B01
201300032422;0;34;0;0;2;2;1;A01
201300032422;0;7;0;0;2;3;15;B01
201300032423;0;7;0;0;2;3;15;A01
201300032423;0;7;0;0;2;3;1;B01
201300032424;0;7;0;0;2;6;15;A01
201300032424;0;33;0;0;2;2;1;B01
201300032425;0;1;0;0;2;7;5;B01
201300032425;0;7;0;0;2;1;1;A01
201300032426;0;7;0;0;2;4;1;C01
201300032426;0;7;0;0;2;3;1;A01
201300032426;0;7;0;0;2;4;1;B01
201300032427;0;2;0;0;2;7;15;A01
201300032427;0;10;0;0;2;3;1;B01
201300032428;0;7;0;0;1;2;1;A01
201300032429;0;1;0;0;2;1;16;B01
201300032429;0;7;0;0;2;5;16;A01
201300032430;0;33;0;0;2;1;1;B01
201300032430;0;7;0;0;2;4;1;A01
201300032431;0;2;0;0;2;1;1;B01
201300032431;0;7;0;0;2;3;15;A01
201300032432;0;1;0;0;2;1;1;B01
201300032432;0;7;0;0;2;1;15;A01
201300032433;0;7;0;1;0;2;17;A01
201300032434;0;7;0;0;2;8;9;A01
201300032434;0;33;0;0;2;1;1;B01
201300032435;1;7;0;0;0;0;0;Z01
201300032435;0;7;0;9;2;8;13;A01
201300032436;0;7;0;0;2;8;1;B01
201300032436;0;7;0;0;2;1;15;A01
201300032437;0;7;0;0;2;1;2;A01
201300032437;0;7;0;0;2;4;23;B01
201300032438;0;30;0;0;2;1;15;B01
201300032438;1;7;0;0;2;0;1;Z01
201300032439;0;7;0;0;2;7;9;A01
201300032439;0;31;0;0;2;1;1;B01
201300032440;0;7;0;0;2;5;15;B01
201300032440;0;7;0;0;2;1;1;A01
201300032441;0;7;0;0;2;1;9;A01
201300032441;0;2;0;0;2;8;1;B01
201300032442;0;7;0;0;1;1;1;A01
201300032443;0;2;0;0;2;1;2;A01
201300032443;0;7;0;0;2;4;23;B01
201300032444;0;1;0;0;2;1;1;B01
201300032444;0;7;0;0;2;4;4;A01
201300032445;0;7;0;0;2;4;23;B01
201300032445;0;7;0;0;2;1;2;A01
201300032446;0;30;0;0;2;7;1;B01
201300032446;0;7;0;0;2;3;9;A01
201300032447;0;7;0;0;2;1;2;A01
201300032447;0;7;0;0;2;4;23;B01
201300032448;0;7;0;0;2;7;15;B01
201300032448;0;33;0;0;2;1;17;A01
201300032449;0;1;0;0;1;1;1;A01
201300032450;0;7;0;0;1;1;1;A01
201300032451;0;7;0;0;2;1;15;A01
201300032451;0;7;0;0;2;1;1;B01
201300032452;1;14;0;0;1;2;9;A01
201300032453;0;7;0;0;1;1;15;A01
201300032454;0;30;0;0;2;1;1;B01
201300032454;0;7;0;0;2;1;15;A01
201300032455;0;7;0;0;2;3;1;B01
201300032455;0;7;0;0;2;3;13;A01
201300032456;0;1;0;0;2;7;1;B01
201300032456;0;7;0;0;2;1;9;A01
201300032457;0;7;0;0;1;1;15;A01
201300032458;0;7;0;0;2;1;2;A01
201300032458;0;7;0;0;2;4;23;B01
201300032458;0;7;0;0;2;4;23;C01
201300032459;0;7;0;0;2;8;13;A01
201300032459;0;7;0;0;0;8;1;B01
201300032460;0;7;0;0;2;1;2;A01
201300032460;0;7;0;0;0;4;23;B01
201300032461;0;30;0;0;2;8;1;B01
201300032461;1;7;0;0;2;7;2;Z01
201300032462;0;7;0;0;2;1;1;B01
201300032462;0;7;0;0;2;5;1;A01
201300032463;0;33;0;0;2;2;15;A01
201300032463;0;1;0;0;2;1;1;B01
201300032464;0;7;0;7;2;3;1;B01
201300032464;0;7;0;0;2;2;15;A01
201300032465;0;7;0;0;2;7;1;B01
201300032465;0;7;0;0;2;2;1;A01
201300032466;0;7;0;0;2;1;13;A01
201300032466;0;7;0;0;2;1;1;B01
201300032466;0;7;0;0;2;1;1;C01
201300032467;0;7;0;0;0;4;23;B01
201300032467;0;10;0;0;2;1;2;A01
201300032468;0;13;0;0;2;4;2;B01
201300032468;0;30;0;0;2;1;2;A01
201300032469;0;7;0;0;2;4;2;B01
201300032469;0;7;0;0;2;4;2;C01
201300032469;0;7;0;0;2;1;1;A01
201300032470;0;7;0;0;2;1;2;A01
201300032470;0;7;0;0;2;4;1;B01
201300032471;0;7;0;0;2;3;1;A01
201300032471;0;30;0;0;2;7;2;B01
201300032472;0;7;0;0;2;4;2;B01
201300032472;0;7;0;0;2;1;1;A01
201300032473;0;2;0;0;2;1;1;B01
201300032473;0;7;0;0;2;3;15;A01
201300032474;0;10;0;0;2;4;4;B01
201300032474;0;10;0;0;2;1;1;A01
201300032475;0;7;0;0;2;1;9;A01
201300032475;0;30;0;0;2;7;1;B01
201300032476;0;10;0;0;2;2;13;A01
201300032476;0;10;0;0;2;8;1;B01
201300032477;0;1;0;0;2;1;1;A01
201300032477;0;21;0;0;9;0;23;B01
201300032478;0;7;0;0;2;1;13;A01
201300032478;0;7;0;0;2;3;1;B01
201300032479;0;7;0;0;1;1;1;A01
201300032480;0;32;0;0;2;1;9;A01
201300032480;0;7;0;0;2;2;1;B01
201300032481;0;7;0;0;2;2;1;B01
201300032481;0;7;0;0;2;1;15;A01
201300032482;0;7;0;0;2;3;2;B01
201300032482;0;7;0;0;2;3;1;A01
201300032483;0;7;0;0;2;8;15;B01
201300032483;0;2;0;0;2;1;17;A01
201300032484;0;7;0;0;2;3;0;A01
201300032484;0;7;0;0;2;8;0;B01
201300032485;0;7;0;0;2;2;1;B01
201300032485;0;1;0;0;2;1;19;A01
201300032486;0;10;0;0;2;1;9;A01