num_acc;senc;catv;occutc;obs;obsm;choc;manv;num_veh
201300032486;0;10;0;0;2;2;1;B01
201300032487;0;10;0;14;2;1;2;A01
201300032487;0;10;0;0;2;4;23;C01
201300032487;0;10;0;0;2;5;23;B01
201300032488;0;10;0;0;2;2;1;A01
201300032488;0;10;0;0;2;1;1;B01
201300032489;0;7;0;0;1;3;1;A01
201300032490;0;7;0;0;2;3;15;B01
201300032490;0;30;0;0;2;1;17;A01
201300032491;1;7;0;0;2;0;1;Z01
201300032491;0;2;0;0;2;4;1;A01
201300032492;1;7;0;0;1;0;1;Z01
201300032493;0;2;0;0;2;1;1;B01
201300032493;0;10;0;0;2;4;4;A01
201300032494;0;10;0;0;1;1;1;A01
201300032495;0;7;0;0;2;2;1;B01
201300032495;0;32;0;0;2;1;18;A01
201300032496;0;33;0;0;2;1;17;A01
201300032496;0;10;0;0;2;8;15;B01
201300032497;0;10;0;0;1;2;1;A01
201300032498;0;7;0;0;2;2;13;A01
201300032498;0;7;0;0;2;1;1;B01
201300032499;0;7;0;0;2;4;23;C01
201300032499;0;7;0;0;2;1;2;A01
201300032499;0;7;0;0;2;4;23;D01
201300032499;0;7;0;0;2;4;23;B01
201300032500;0;7;0;0;2;8;16;B01
201300032500;0;31;0;0;2;7;0;A01
201300032501;0;7;0;0;2;1;9;A01
201300032501;0;7;0;0;2;3;1;B01
201300032502;0;10;0;0;2;3;9;A01
201300032502;0;30;0;0;2;1;1;B01
201300032503;0;1;0;0;2;4;15;A01
201300032503;0;10;0;0;2;2;1;B01
201300032504;0;10;0;0;2;3;9;A01
201300032504;0;2;0;0;2;1;1;B01
201300032505;0;2;0;0;1;1;1;A01
201300032506;0;7;0;0;2;7;16;A01
201300032506;0;1;0;0;2;1;1;B01
201300032507;0;2;0;0;2;1;18;A01
201300032507;0;7;0;0;2;5;2;B01
201300032508;0;7;0;0;2;1;15;A01
201300032508;0;34;0;0;2;1;1;B01
201300032509;0;7;0;1;0;2;14;A01
201300032510;0;7;0;0;2;3;1;B01
201300032510;0;7;0;0;2;2;9;A01
201300032511;0;7;0;0;2;8;1;B01
201300032511;0;7;0;0;2;3;13;A01
201300032512;0;7;0;0;2;1;13;A01
201300032513;0;7;0;0;2;1;13;A01
201300032513;0;17;0;0;2;3;1;B01
201300032514;0;7;0;0;2;8;15;B01
201300032514;0;30;0;0;2;1;17;A01
201300032515;0;30;0;0;2;1;17;A01
201300032515;0;7;0;0;2;8;15;B01
201300032516;0;7;0;0;2;4;2;B01
201300032516;0;10;0;0;2;1;2;A01
201300032517;0;7;0;0;2;3;19;A01
201300032517;0;1;0;0;2;1;1;B01
201300032518;0;2;0;0;2;1;2;A01
201300032518;0;7;0;0;2;4;1;B01
201300032519;0;7;0;0;2;6;9;A01
201300032519;0;2;0;0;2;1;1;B01
201300032520;1;2;0;0;2;1;2;Z01
201300032520;0;2;0;0;2;4;2;A01
201300032521;0;7;0;0;1;2;1;A01
201300032522;0;1;0;0;2;8;0;A01
201300032522;0;7;0;0;2;0;1;B01
201300032523;0;10;0;0;2;1;2;A01
201300032523;0;7;0;0;2;4;1;B01
201300032524;0;7;0;0;2;4;1;B01
201300032524;0;7;0;0;2;1;2;A01
201300032525;0;7;0;0;2;1;13;A01
201300032525;0;7;0;0;2;0;1;B01
201300032526;0;7;0;0;0;4;23;B01
201300032526;0;7;0;0;2;1;1;A01
201300032527;0;7;0;0;2;3;15;A01
201300032527;0;30;0;0;2;1;1;B01
201300032528;0;7;0;0;1;7;19;A01
201300032529;0;7;0;0;1;3;1;A01
201300032530;0;7;0;0;2;7;16;A01
201300032530;0;1;0;0;2;1;1;B01
201300032531;0;7;0;0;2;1;2;A01
201300032531;0;7;0;0;2;4;2;B01
201300032531;0;7;0;0;2;4;2;C01
201300032532;0;7;0;0;2;3;1;B01
201300032532;0;7;0;0;2;3;15;A01
201300032533;0;7;0;0;1;1;1;A01
201300032534;0;7;0;0;2;1;2;A01
201300032534;0;7;0;0;0;4;2;C01
201300032534;0;7;0;0;2;9;2;B01
201300032535;0;7;0;13;0;8;13;A01
201300032536;0;7;0;2;0;1;14;A01
201300032537;0;7;0;0;2;1;1;A01
201300032537;0;7;0;0;2;3;15;B01
201300032538;0;7;0;16;0;7;14;A01
201300032539;0;2;0;16;0;7;14;A01
201300032540;0;2;0;0;2;8;18;A01
201300032540;0;10;0;0;2;2;16;B01
201300032541;0;7;0;0;1;2;1;A01
201300032542;0;7;0;0;2;1;2;A01
201300032542;0;2;0;0;2;4;1;B01
201300032543;0;31;0;0;2;1;1;B01
201300032543;0;7;0;0;2;3;16;A01
201300032544;0;7;0;0;1;1;1;A01
201300032545;0;7;0;0;1;1;2;A01
201300032546;0;7;0;0;2;2;24;B01
201300032546;0;7;0;1;0;1;1;A01
201300032547;0;32;0;0;2;1;1;B01
201300032547;0;7;0;0;2;3;15;A01
201300032548;0;2;0;0;0;7;0;A01
201300032549;0;30;0;0;1;1;1;A01
201300032550;0;7;0;0;2;4;16;B01
201300032550;0;7;0;0;2;1;2;A01
201300032551;0;33;0;0;2;1;2;A01
201300032551;0;7;0;0;2;4;1;B01
201300032552;0;7;0;0;2;1;13;A01
201300032552;0;7;0;0;2;1;1;B01
201300032553;0;10;0;0;0;4;23;B01
201300032553;0;10;0;0;2;1;2;A01
201300032554;0;7;0;0;2;5;1;C01
201300032554;0;1;0;0;2;1;2;B01
201300032554;0;7;0;0;0;0;16;A01
201300032555;0;1;0;0;2;4;1;B01
201300032555;0;7;0;0;2;2;2;A01
201300032556;0;10;0;0;0;3;23;B01
201300032556;0;33;0;0;2;1;1;A01
201300032557;0;7;0;0;2;3;1;B01
201300032557;0;33;0;0;2;1;16;A01
201300032558;0;1;0;0;2;4;1;B01
201300032558;0;7;0;0;2;2;2;A01
201300032559;0;2;0;0;2;1;2;A01
201300032559;0;7;0;0;2;4;15;B01
201300032560;0;7;0;0;2;1;23;C01
201300032560;0;33;0;0;2;1;17;A01
201300032560;0;7;0;0;2;3;1;B01
201300032561;0;7;0;2;0;1;14;A01
201300032562;0;33;0;0;2;1;1;B01
201300032562;0;7;0;0;2;1;19;A01
201300032563;0;7;0;0;1;3;1;A01
201300032564;0;7;0;0;2;7;15;A01
201300032564;0;33;0;0;2;1;1;B01
201300032565;0;7;0;0;2;2;17;A01
201300032565;0;7;0;0;2;8;15;B01
201300032566;0;7;0;0;1;2;1;A01
201300032567;0;7;0;0;1;2;1;A01
201300032568;0;34;0;0;2;2;17;A01
201300032568;0;10;0;0;2;8;15;B01
201300032569;0;7;0;0;0;0;14;A01
201300032570;0;7;0;2;0;2;14;A01
201300032571;1;7;0;0;0;0;0;Z01
201300032571;0;2;0;0;2;8;1;B01
201300032572;0;7;0;0;1;2;16;A01
201300032573;0;1;0;0;2;1;0;B01
201300032573;1;7;0;0;9;8;0;A01
201300032574;0;7;0;0;2;1;1;A01
201300032574;0;7;0;0;2;4;2;B01
201300032575;0;7;0;13;0;1;1;A01
201300032576;0;7;0;0;1;2;9;A01
201300032577;0;7;0;0;1;1;1;A01
201300032578;0;2;0;0;1;1;1;A01
201300032579;0;7;0;0;1;7;1;A01
201300032580;0;7;0;0;9;1;2;A01
201300032580;0;1;0;0;2;1;19;B01
201300032581;0;7;0;0;1;1;1;A01
201300032582;0;7;0;0;2;3;2;B01
201300032582;0;7;0;0;2;6;15;A01
201300032583;0;7;0;0;2;4;2;B01
201300032583;0;7;0;0;2;1;2;A01
201300032584;0;7;0;0;2;1;2;A01
201300032584;0;7;0;0;2;4;23;B01
201300032585;0;7;0;0;2;1;1;A01
201300032585;0;1;0;0;2;4;2;B01
201300032586;0;7;0;0;1;3;1;A01
201300032587;0;7;0;0;1;2;16;A01
201300032588;0;32;0;0;1;2;1;A01
201300032589;0;7;0;0;2;5;15;A01
201300032589;0;2;0;0;2;1;1;B01
201300032590;0;33;0;0;2;7;1;B01
201300032590;0;7;0;0;9;3;10;A01
201300032591;0;7;0;0;9;1;16;A01
201300032591;0;1;0;0;2;7;1;B01
201300032592;0;7;0;0;2;1;1;B01
201300032592;0;2;0;0;2;1;13;A01
201300032593;0;7;0;0;1;4;4;A01
201300032594;0;7;0;0;2;3;0;B01
201300032594;0;10;0;0;2;3;13;A01
201300032595;0;7;0;1;2;7;1;A01
201300032595;0;7;0;0;2;1;9;B01
201300032596;0;7;0;0;9;2;16;B01
201300032596;0;30;0;0;2;3;18;A01
201300032597;0;7;0;0;0;0;1;A01
201300032597;0;7;0;0;9;2;1;B01
201300032598;0;7;0;0;1;7;1;A01
201300032599;0;7;0;0;2;8;1;B01
201300032599;0;7;0;0;2;8;13;A01
201300032600;0;7;0;0;2;2;1;B01
201300032600;0;7;0;0;2;3;16;A01
201300032601;0;7;0;0;1;1;1;A01
201300032602;0;7;0;0;0;4;1;B01
201300032602;0;7;0;9;2;1;2;A01
201300032603;0;7;0;0;2;3;13;A01
201300032603;0;15;0;0;2;3;21;B01
201300032604;0;7;0;0;2;4;1;A01
201300032604;0;7;0;0;2;9;2;B01
201300032604;0;7;0;0;2;1;2;C01
201300032605;0;7;0;0;2;8;19;A01
201300032605;0;7;0;0;2;1;1;B01
201300032606;0;7;0;0;2;2;1;A01
201300032606;0;7;0;0;2;1;1;B01
201300032607;0;7;0;0;2;1;2;A01
201300032607;0;10;0;0;2;4;15;B01
201300032608;0;7;0;0;2;3;1;B01
201300032608;0;7;0;0;2;1;15;A01
201300032609;0;7;0;0;2;1;2;A01
201300032609;0;7;0;0;2;4;2;B01
201300032610;0;7;0;0;2;1;2;A01
201300032610;0;7;0;0;2;4;2;B01
201300032611;0;7;0;0;2;8;1;B01
201300032611;0;7;0;0;2;2;19;A01
201300032612;0;7;0;0;9;2;16;B01
201300032612;0;1;0;0;2;1;1;A01
201300032613;0;7;0;0;1;1;16;A01
201300032614;0;7;0;0;9;1;2;A01
201300032614;0;1;0;0;0;4;2;B01
201300032615;0;7;0;0;1;2;0;A01
201300032616;0;1;0;0;2;1;1;B01
201300032616;0;7;0;0;2;4;4;A01
201300032617;0;7;0;0;2;0;22;A01
201300032617;0;1;0;0;2;1;1;B01
201300032618;0;7;0;0;1;3;1;A01
201300032619;0;7;0;2;0;7;0;A01
201300032620;0;7;0;0;2;3;15;B01
201300032620;0;7;0;0;2;2;19;A01
201300032621;0;7;0;0;2;1;1;A01
201300032621;0;10;0;0;2;4;1;C01
201300032621;0;7;0;0;2;4;2;B01
201300032622;0;7;0;0;2;6;24;B01
201300032622;0;7;0;1;0;2;1;A01
201300032623;0;7;0;0;2;1;1;B01
201300032623;0;7;0;0;2;1;21;A01
201300032624;0;7;0;0;2;1;1;A01
201300032624;0;1;0;0;2;5;1;B01
201300032625;0;7;0;0;1;2;1;A01
201300032626;0;7;0;0;2;1;19;A01
201300032626;0;7;0;0;2;3;16;B01
201300032627;0;7;0;0;2;1;1;A01
201300032627;0;7;0;0;2;4;1;B01
201300032628;0;7;0;0;0;4;2;D01
201300032628;0;7;0;0;2;1;2;C01
201300032628;0;7;0;0;2;1;2;B01
201300032628;0;7;0;0;2;1;2;A01
201300032629;0;7;0;0;2;4;2;C01
201300032629;0;7;0;0;2;4;2;B01
201300032629;0;7;0;0;2;1;2;A01
201300032630;0;7;0;0;1;8;15;A01
201300032631;0;7;0;0;2;1;1;A01
201300032631;0;7;0;0;2;4;15;B01
201300032632;0;2;0;0;1;1;1;A01
201300032633;0;7;0;0;2;4;2;C01
201300032633;0;7;0;0;2;4;2;B01
201300032633;0;7;0;0;2;1;2;A01
201300032634;0;7;0;0;2;1;1;B01
201300032634;0;7;0;0;2;1;13;A01
201300032635;0;7;0;0;2;3;1;B01
201300032635;0;7;0;0;2;8;15;A01
201300032636;0;7;0;0;2;7;16;B01
201300032636;0;32;0;0;2;8;2;A01
201300032637;0;7;0;0;1;4;4;A01
201300032638;0;7;0;0;2;7;19;A01
201300032638;0;7;0;0;2;1;19;B01
201300032639;0;7;0;0;2;1;19;A01
201300032639;0;1;0;0;2;1;1;B01
201300032640;0;7;0;0;2;6;15;B01
201300032640;0;1;0;0;2;6;2;A01
201300032641;0;3;0;0;2;7;19;A01
201300032641;0;30;0;0;2;1;1;B01
201300032642;0;31;0;0;2;1;1;B01
201300032642;0;7;0;0;2;1;15;A01
201300032643;0;7;0;0;2;1;1;B01
201300032643;0;7;0;0;2;1;13;A01
201300032643;0;7;0;0;2;3;2;C01
201300032644;0;7;0;0;1;3;15;A01
201300032645;0;7;0;0;2;8;1;B01
201300032645;0;7;0;0;2;1;15;A01
201300032646;0;7;0;0;2;2;1;B01
201300032646;0;7;0;0;2;3;9;A01
201300032647;2;7;0;0;2;2;2;A01
201300032647;0;30;0;0;2;6;23;B01
201300032648;0;33;0;0;2;8;1;B01
201300032648;0;10;0;0;2;1;19;A01
201300032649;0;30;0;0;2;1;1;B01
201300032649;0;10;0;0;2;0;15;A01
201300032650;0;7;0;0;2;4;1;B01
201300032650;0;7;0;0;2;1;2;A01
201300032651;0;7;0;0;2;3;15;A01
201300032651;0;33;0;0;2;1;1;B01
201300032652;0;7;0;0;2;2;1;A01
201300032652;0;10;0;0;2;3;15;B01
201300032653;0;7;0;9;2;9;19;A01
201300032653;0;7;0;0;2;2;19;B01
201300032654;0;7;0;0;1;3;15;A01
201300032655;0;7;0;0;2;7;19;B01
201300032655;0;7;0;0;2;3;19;A01
201300032656;0;7;0;0;2;8;13;A01
201300032657;0;30;0;0;2;1;16;A01
201300032657;0;7;0;0;2;5;1;B01
201300032658;0;32;0;0;2;1;1;B01
201300032658;0;7;0;0;2;2;10;A01
201300032659;0;7;0;0;2;1;1;A01
201300032659;0;7;0;0;2;4;1;B01
201300032660;0;7;0;0;2;5;15;A01
201300032660;0;33;0;0;2;1;1;B01
201300032661;0;30;0;0;2;1;2;A01
201300032661;0;7;0;0;2;4;15;B01
201300032662;0;7;0;0;2;1;23;B01
201300032662;0;7;0;0;2;1;5;A01
201300032663;0;7;0;0;2;2;1;A01
201300032663;0;7;0;0;2;3;15;B01
201300032664;0;7;0;8;2;4;2;B01
201300032664;0;7;0;0;2;1;2;A01
201300032665;0;30;0;0;2;1;2;A01
201300032665;0;7;0;0;2;4;2;B01
201300032666;0;1;0;0;2;1;19;A01
201300032666;0;7;0;0;2;7;1;B01
201300032667;0;7;0;0;2;1;13;A01
201300032667;0;30;0;0;2;1;1;B01
201300032668;0;7;0;0;2;2;1;B01
201300032668;0;7;0;0;2;5;15;A01
201300032669;0;7;0;0;2;7;1;A01
201300032669;0;7;0;0;2;1;1;B01
201300032670;0;7;0;0;2;1;1;B01
201300032670;0;2;0;0;2;1;1;A01
201300032671;0;10;0;6;0;1;1;A01
201300032672;0;7;0;0;2;7;15;A01
201300032672;0;2;0;0;2;1;1;B01
201300032673;0;33;0;0;2;4;23;B01
201300032673;0;7;0;0;2;1;1;A01
201300032674;0;1;0;0;2;8;1;B01
201300032674;0;7;0;0;2;2;1;A01
201300032675;0;30;0;0;2;0;1;B01
201300032675;0;7;0;0;2;1;1;A01
201300032676;0;7;0;0;2;3;15;A01
201300032676;0;1;0;0;2;2;1;B01
201300032677;0;7;0;6;0;3;0;A01
201300032678;0;7;0;0;2;1;2;A01
201300032678;0;7;0;0;2;4;2;B01
201300032678;0;7;0;0;2;4;2;C01
201300032679;0;33;0;1;0;0;1;A01
201300032680;0;7;0;0;2;2;1;A01
201300032680;0;7;0;0;2;3;9;B01
201300032681;0;7;0;0;2;2;15;A01
201300032681;0;30;0;0;2;1;1;B01
201300032682;0;7;0;0;2;1;2;A01
201300032682;0;7;0;0;0;4;2;C01
201300032682;0;7;0;0;2;9;2;B01
201300032683;0;7;0;0;2;3;5;B01
201300032683;0;33;0;0;2;1;5;A01
201300032684;0;10;0;0;2;6;1;B01
201300032684;0;7;0;0;2;8;5;A01
201300032685;0;7;0;0;2;1;19;A01
201300032685;0;7;0;0;2;2;1;B01
201300032685;0;37;1;0;2;1;23;C01
201300032686;0;10;0;0;2;8;15;B01
201300032686;0;30;0;0;2;1;19;A01
201300032687;0;7;0;0;2;3;15;A01
201300032687;0;33;0;0;2;1;1;B01
201300032688;0;7;0;0;2;1;9;A01
201300032688;0;1;0;0;2;5;1;B01
201300032689;0;7;0;0;2;4;2;B01
201300032689;0;7;0;0;2;1;2;A01
201300032690;0;7;0;0;2;1;1;A01
201300032690;0;7;0;0;2;0;15;B01
201300032690;0;7;0;0;2;0;23;C01
201300032691;0;7;0;0;1;1;1;A01
201300032692;0;7;0;0;2;4;2;B01
201300032692;0;10;0;0;2;1;2;A01
201300032693;0;10;0;0;1;1;15;A01
201300032694;0;7;0;0;2;3;19;B01
201300032694;0;10;0;0;2;1;19;A01
201300032695;0;7;0;0;2;1;2;A01
201300032695;0;7;0;0;2;4;2;B01
201300032696;0;7;0;0;2;8;19;B01
201300032696;0;33;0;0;2;1;1;A01
201300032697;0;7;0;0;2;1;2;A01
201300032697;0;7;0;0;2;4;2;C01
201300032697;0;7;0;0;2;4;2;B01
201300032698;0;7;0;0;1;0;2;B01
201300032698;0;7;0;0;2;1;2;A01
201300032699;0;7;0;0;2;2;2;B01
201300032699;0;7;0;0;2;3;2;C01
201300032699;0;7;0;0;2;1;2;A01
201300032700;0;7;0;0;2;3;6;A01
201300032700;0;7;0;0;2;3;1;B01
201300032701;0;7;0;0;2;6;15;B01
201300032701;0;10;0;0;2;3;1;A01
201300032702;0;33;0;0;2;1;1;B01
201300032702;0;7;0;0;2;3;15;A01
201300032703;0;33;0;0;2;2;1;A01
201300032703;0;7;0;0;2;2;15;B01
201300032704;0;1;0;0;2;7;1;B01
201300032704;0;7;0;0;2;1;9;A01
201300032705;0;7;0;0;2;1;1;B01
201300032705;0;7;0;0;2;8;10;A01
201300032706;0;1;0;0;2;8;11;A01
201300032706;0;7;0;0;9;2;1;B01
201300032707;0;7;0;0;2;4;2;B01
201300032707;0;7;0;0;2;1;2;A01
201300032708;0;7;0;0;2;3;19;A01
201300032708;0;33;0;0;2;1;13;B01
201300032709;0;7;0;8;0;0;1;B01
201300032709;0;7;0;8;2;1;0;A01
201300032710;0;7;0;0;2;1;15;A01
201300032710;0;33;0;0;2;1;1;B01
201300032711;0;7;0;0;2;1;15;B01
201300032711;0;30;0;0;2;1;17;A01
201300032712;0;10;0;0;1;1;1;A01
201300032713;0;7;0;0;2;8;15;B01
201300032713;0;7;0;0;2;1;1;A01
201300032714;0;30;0;0;2;7;17;A01
201300032714;0;7;0;0;2;3;15;B01
201300032715;0;17;0;0;2;7;0;A01
201300032715;0;1;0;0;2;0;1;B01
201300032716;0;7;0;0;2;1;2;B01
201300032716;0;7;0;0;0;4;2;C01
201300032716;1;7;0;0;2;1;2;Z01
201300032717;0;15;0;0;2;8;1;A01
201300032717;0;10;0;0;2;6;1;B01
201300032718;0;10;0;6;1;0;17;A01
201300032718;0;7;0;0;2;3;15;B01
201300032719;0;30;0;0;2;7;16;B01
201300032719;0;7;0;0;2;1;15;A01
201300032720;0;7;0;0;2;1;9;A01
201300032720;0;1;0;0;2;3;1;B01
201300032721;0;7;0;0;2;3;15;A01
201300032721;0;7;0;0;2;7;1;B01
201300032722;0;30;0;0;2;2;1;A01
201300032722;0;2;0;0;2;8;1;B01
201300032723;0;10;0;0;1;7;1;A01
201300032724;0;7;0;0;2;1;11;A01
201300032724;0;7;0;0;2;3;1;B01
201300032725;0;7;0;0;2;2;2;A01
201300032725;0;1;0;0;2;4;2;B01
201300032726;0;7;0;0;2;2;1;A01
201300032726;0;7;0;0;2;1;15;B01
201300032727;0;2;0;0;2;7;17;A01
201300032727;0;7;0;0;2;8;15;B01
201300032728;0;7;0;0;2;1;9;A01
201300032728;0;33;0;0;2;1;0;B01
201300032729;0;7;0;0;1;3;15;A01
201300032730;0;7;0;0;1;1;1;A01
201300032731;0;7;0;0;2;1;1;C01
201300032731;0;17;0;0;0;0;15;A01
201300032731;0;33;0;0;2;1;1;B01
201300032732;0;7;0;0;1;1;15;A01
201300032733;0;7;0;0;2;8;15;B01
201300032733;0;33;0;0;2;1;1;A01
201300032734;0;7;0;4;0;3;2;A01
201300032735;1;7;0;;;;;A01
201300032735;0;33;0;0;0;0;1;B01
201300032736;0;7;0;0;2;3;9;A01
201300032736;0;30;0;0;2;1;21;B01
201300032737;0;7;0;0;2;8;13;A01
201300032737;0;7;0;0;2;3;1;B01
201300032738;0;37;20;0;2;2;21;A01
201300032738;0;7;0;0;2;3;21;B01
201300032739;0;7;0;0;2;6;15;A01
201300032739;0;33;0;0;2;1;21;B01
201300032740;0;7;0;0;2;3;15;A01
201300032740;0;7;0;0;2;1;21;B01
201300032741;0;7;0;0;2;1;1;A01
201300032741;0;10;0;0;2;4;23;B01
201300032742;0;7;0;0;1;2;0;A01
201300032743;0;7;0;0;1;3;1;A01
201300032744;0;7;0;0;1;4;4;A01
201300032745;0;32;0;11;0;1;1;A01
201300032746;0;30;0;0;2;7;1;B01
201300032746;0;7;0;0;2;8;11;A01
201300032747;0;7;0;0;2;7;16;B01
201300032747;0;2;0;0;2;1;18;A01
201300032748;0;7;0;0;2;3;16;B01
201300032748;0;30;0;0;2;5;12;A01
201300032749;0;7;0;14;0;3;21;C01
201300032749;0;7;0;14;0;3;21;D01
201300032749;0;7;0;0;9;1;21;B01
201300032749;0;1;0;0;2;8;19;A01
201300032750;0;7;0;0;2;3;1;B01
201300032750;0;7;0;0;2;3;15;A01
201300032751;0;7;0;0;2;7;15;A01
201300032751;0;7;0;0;2;1;1;B01
201300032752;0;7;0;0;1;2;1;A01
201300032753;0;7;0;0;2;5;2;B01
201300032753;0;33;0;0;2;1;2;A01
201300032754;0;7;0;0;2;3;13;A01
201300032754;0;7;0;0;2;2;21;B01
201300032755;0;7;0;0;1;1;1;A01
201300032756;0;7;0;0;2;1;13;A01
201300032756;0;17;0;0;2;3;1;B01
201300032757;0;30;0;0;2;1;1;A01
201300032757;0;7;0;0;2;4;2;B01
201300032758;0;7;0;0;2;5;19;A01
201300032758;0;1;0;0;2;1;1;B01
201300032759;0;7;0;0;2;2;19;A01
201300032759;0;7;0;0;2;1;1;B01
201300032760;0;33;0;0;1;1;21;A01
201300032761;0;7;0;15;2;2;12;A01
201300032761;0;7;0;0;2;3;1;B01
201300032762;0;7;0;0;2;4;2;B01
201300032762;0;7;0;0;2;1;2;A01
201300032763;0;7;0;0;2;4;23;C01
201300032763;0;7;0;0;2;4;23;B01
201300032763;0;7;0;0;2;1;12;A01
201300032764;0;7;0;0;2;2;10;A01
201300032764;0;7;0;0;2;3;1;B01
201300032765;0;7;0;0;1;1;1;A01
201300032766;0;7;0;0;1;1;16;A01
201300032767;0;7;0;0;2;7;16;A01
201300032767;0;30;0;0;2;8;2;B01
201300032768;0;7;0;0;2;3;9;A01
201300032768;0;32;0;0;2;1;16;B01
201300032769;0;7;0;0;2;7;1;A01
201300032769;0;10;0;0;2;3;1;B01
201300032770;0;7;0;0;2;1;1;B01
201300032770;0;7;0;0;2;7;1;A01
201300032771;0;34;0;0;2;4;23;B01
201300032771;0;7;0;0;2;1;1;A01
201300032772;0;2;0;0;2;8;21;B01
201300032772;0;7;0;0;2;1;15;A01
201300032773;0;32;0;0;2;8;15;A01
201300032773;0;7;0;0;2;3;15;B01
201300032774;0;7;0;0;2;2;9;A01
201300032774;0;33;0;0;2;1;0;B01
201300032775;0;2;0;0;2;1;1;A01
201300032775;1;7;0;0;2;1;16;Z01
201300032776;0;30;0;0;2;8;1;A01
201300032776;1;7;0;0;2;7;17;Z01
201300032777;0;10;0;4;2;1;2;A01
201300032777;0;7;0;4;2;1;1;B01
201300032777;0;7;0;0;2;8;23;C01
201300032778;0;30;0;0;0;0;1;A01
201300032779;0;7;0;0;1;1;15;A01
201300032780;2;7;0;8;1;1;14;A01
201300032781;0;7;0;0;1;3;16;A01
201300032782;0;7;0;0;1;3;1;A01
201300032783;0;1;0;0;2;8;2;B01
201300032783;0;7;0;0;2;3;1;C01
201300032783;0;7;0;0;2;0;2;A01
201300032784;0;7;0;0;1;1;1;A01
201300032785;0;7;0;1;0;1;16;A01
201300032786;1;99;0;0;1;0;0;A01
201300032787;0;32;0;0;2;8;1;B01
201300032787;0;7;0;0;2;7;14;A01
201300032788;1;32;0;0;1;1;5;Z01
201300032789;0;7;0;0;2;3;1;A01
201300032789;0;7;0;0;2;3;1;B01
201300032790;0;7;0;0;2;2;17;A01
201300032790;0;7;0;0;2;8;15;B01
201300032791;0;32;0;0;2;1;1;B01
201300032791;0;7;0;0;2;7;1;A01
201300032792;1;7;0;0;1;0;0;Z01
201300032793;0;7;0;0;2;3;15;A01
201300032793;0;1;0;0;2;2;1;B01
201300032794;0;32;0;0;2;4;2;B01
201300032794;0;7;0;0;2;1;2;A01
201300032795;0;7;0;0;2;1;2;A01
201300032795;0;7;0;0;2;4;2;B01
201300032796;0;7;0;1;0;1;14;A01
201300032797;0;33;0;0;2;8;9;A01
201300032797;0;7;0;0;2;1;1;B01
201300032798;0;7;0;0;1;2;1;A01
201300032799;0;2;0;0;2;1;13;A01
201300032799;0;7;0;0;2;8;15;B01
201300032800;0;7;0;0;1;6;4;A01
201300032801;0;7;0;0;1;1;21;A01
201300032802;0;7;0;0;1;2;1;A01
201300032803;0;7;0;0;1;1;1;A01
201300032804;0;7;0;0;2;1;2;A01
201300032804;0;7;0;0;2;4;2;B01
201300032805;0;7;0;0;1;2;9;A01
201300032806;1;7;0;0;2;0;0;Z01
201300032806;0;7;0;13;0;0;13;B01
201300032807;0;7;0;0;1;3;4;A01
201300032808;0;7;0;0;1;1;0;A01
201300032809;0;30;0;0;2;1;5;A01
201300032809;0;7;0;0;2;3;1;B01
201300032810;0;7;0;0;2;2;15;A01
201300032810;0;30;0;0;2;1;18;B01
201300032811;0;7;0;0;1;3;1;A01
201300032812;0;33;0;3;2;1;2;A01
201300032812;0;7;0;0;2;5;2;B01
201300032813;0;33;0;0;0;1;1;A01
201300032814;0;7;0;0;2;1;1;A01
201300032814;0;7;0;0;2;4;1;B01
201300032815;0;7;0;0;1;1;1;A01
201300032816;0;7;0;0;2;3;0;A01
201300032816;0;7;0;0;2;2;0;B01
201300032817;0;30;0;0;2;1;0;A01
201300032817;0;7;0;0;2;8;0;B01
201300032818;0;7;0;0;2;1;13;A01
201300032818;0;30;0;0;2;1;0;B01
201300032818;0;7;0;0;2;6;1;C01
201300032819;2;7;0;0;2;0;0;Z01
201300032819;0;34;0;0;2;1;1;B01
201300032820;1;7;0;0;1;1;1;A01
201300032821;0;31;0;10;0;1;17;A01
201300032822;0;7;0;14;0;1;21;B01
201300032822;0;30;0;0;0;0;0;A01
201300032823;0;7;0;0;2;1;0;A01
201300032823;0;7;0;0;2;7;1;B01
201300032824;0;7;0;0;2;4;1;B01
201300032824;0;7;0;0;2;1;1;A01
201300032825;0;33;0;0;2;1;12;A01
201300032825;0;7;0;0;2;3;11;B01
201300032826;0;34;0;0;2;2;17;A01
201300032826;0;7;0;0;2;8;15;B01
201300032827;0;7;0;0;2;2;15;A01
201300032827;0;33;0;0;2;1;1;B01
201300032828;1;7;0;0;1;0;0;Z01
201300032829;0;7;0;0;2;1;2;A01
201300032829;0;7;0;0;2;4;2;B01
201300032830;0;7;0;0;2;1;2;A01
201300032830;0;7;0;0;2;4;2;B01
201300032831;2;7;0;4;0;3;1;A01
201300032831;0;32;0;14;0;1;1;B01
201300032832;0;30;0;0;2;1;2;A01
201300032832;0;7;0;0;0;6;1;B01
201300032833;0;7;0;0;1;1;1;A01
201300032834;0;7;0;0;2;3;1;A01
201300032834;0;7;0;0;2;3;1;B01
201300032835;0;2;0;0;1;1;1;A01
201300032836;0;32;0;0;0;7;1;B01
201300032836;0;7;0;0;2;3;1;A01
201300032837;0;7;0;0;2;2;15;A01
201300032837;0;32;0;0;2;1;21;B01
201300032838;0;7;0;0;2;5;15;A01