num_acc;senc;catv;occutc;obs;obsm;choc;manv;num_veh
201300032838;0;34;0;0;2;1;21;B01
201300032839;0;7;0;0;2;3;21;B01
201300032839;0;2;0;0;2;1;13;A01
201300032840;0;7;0;0;2;3;13;A01
201300032840;0;7;0;0;2;3;1;B01
201300032841;0;3;0;0;0;4;1;A01
201300032841;0;7;0;0;2;1;2;B01
201300032842;0;7;0;0;2;1;1;A01
201300032842;2;7;0;0;2;1;0;B01
201300032843;0;30;0;0;2;3;1;A01
201300032843;0;7;0;0;2;3;1;B01
201300032844;0;7;0;0;2;3;9;A01
201300032844;0;33;0;0;2;1;21;B01
201300032845;0;1;0;0;0;5;1;B01
201300032845;0;7;0;0;2;1;15;A01
201300032846;0;7;0;0;1;4;4;A01
201300032847;0;7;0;0;2;1;21;B01
201300032847;0;7;0;0;2;1;5;A01
201300032848;1;7;0;0;1;4;4;A01
201300032849;0;14;0;0;2;2;2;A01
201300032849;0;1;0;0;0;8;2;B01
201300032850;0;7;0;0;2;3;9;A01
201300032850;0;1;0;0;2;4;1;B01
201300032851;0;7;0;0;2;7;15;A01
201300032851;0;34;0;0;2;1;1;B01
201300032852;0;7;0;0;1;1;1;A01
201300032853;0;7;0;0;1;1;1;A01
201300032854;0;30;0;0;2;1;8;B01
201300032854;0;7;0;0;2;2;15;A01
201300032855;0;7;0;0;2;1;13;A01
201300032855;0;7;0;0;2;1;1;B01
201300032856;0;7;0;0;2;1;9;A01
201300032856;0;7;0;0;2;7;1;B01
201300032857;0;7;0;0;1;1;1;A01
201300032858;0;7;0;0;2;1;1;A01
201300032858;0;33;0;0;0;4;1;B01
201300032859;0;2;0;0;4;8;9;A01
201300032859;0;39;1;0;2;1;1;B01
201300032860;0;1;0;0;2;4;1;B01
201300032860;0;7;0;0;2;2;14;A01
201300032861;0;7;0;0;2;1;1;B01
201300032861;0;7;0;0;2;2;1;A01
201300032862;0;7;0;0;2;2;15;B01
201300032862;0;2;0;0;2;1;8;A01
201300032863;0;2;0;0;2;3;18;A01
201300032863;0;7;0;0;2;2;16;B01
201300032864;0;2;0;0;2;8;1;B01
201300032864;0;7;0;0;2;1;15;A01
201300032865;0;7;0;0;2;7;23;B01
201300032865;0;33;0;0;2;3;18;A01
201300032866;0;7;0;0;2;3;15;A01
201300032866;0;33;0;0;2;1;1;B01
201300032867;0;7;0;0;1;1;1;A01
201300032868;0;33;0;0;2;1;21;B01
201300032868;0;7;0;0;2;2;9;A01
201300032869;0;7;0;0;2;1;5;A01
201300032869;0;13;0;0;2;1;21;B01
201300032870;0;30;0;0;2;3;18;A01
201300032870;0;7;0;0;2;2;1;B01
201300032871;0;7;0;0;1;1;21;A01
201300032872;0;7;0;0;1;2;1;A01
201300032873;0;7;0;0;2;3;1;A01
201300032873;0;7;0;0;2;1;1;B01
201300032874;0;7;0;0;1;1;1;Z01
201300032875;0;33;0;0;2;1;13;A01
201300032875;0;7;0;0;2;1;1;B01
201300032876;0;10;0;0;2;4;0;D01
201300032876;0;10;0;0;2;3;2;A01
201300032876;0;7;0;0;2;4;23;C01
201300032876;0;7;0;0;2;4;0;B01
201300032877;0;7;0;0;2;1;17;A01
201300032877;0;7;0;0;2;1;21;B01
201300032878;0;7;0;0;2;1;13;A01
201300032878;0;17;0;0;2;2;1;B01
201300032879;0;7;0;0;2;3;17;A01
201300032879;0;7;0;0;2;3;1;B01
201300032880;0;33;0;2;0;0;14;A01
201300032881;0;7;0;0;1;0;4;A01
201300032882;0;10;0;0;2;3;1;B01
201300032882;0;7;0;0;2;5;0;A01
201300032883;0;2;0;0;0;0;0;A01
201300032884;0;7;0;0;2;1;1;B01
201300032884;0;7;0;0;2;1;11;A01
201300032885;0;7;0;0;2;3;15;B01
201300032885;0;33;0;0;2;1;0;A01
201300032886;0;30;0;0;2;1;13;A01
201300032886;0;7;0;0;2;1;1;B01
201300032887;0;7;0;0;2;7;0;B01
201300032887;0;7;0;0;2;1;0;A01
201300032888;0;7;0;0;2;3;15;A01
201300032888;0;31;0;0;2;3;1;B01
201300032889;0;7;0;0;2;1;0;A01
201300032889;0;10;0;0;2;3;1;B01
201300032890;0;10;0;0;1;2;1;A01
201300032891;0;10;0;0;1;3;15;A01
201300032892;0;7;0;0;0;4;2;A01
201300032892;0;33;0;0;2;1;2;B01
201300032893;0;7;0;0;1;2;1;A01
201300032894;0;7;0;0;2;1;15;A01
201300032894;0;33;0;0;2;1;2;B01
201300032895;0;7;0;0;1;3;2;A01
201300032896;0;10;0;0;0;0;23;B01
201300032896;0;7;0;0;1;1;17;A01
201300032897;0;1;0;0;2;1;15;A01
201300032897;0;7;0;0;2;1;16;B01
201300032898;0;7;0;1;0;1;10;A01
201300032898;0;7;0;0;2;3;24;B01
201300032899;0;31;0;0;2;1;1;B01
201300032899;0;7;0;0;2;7;15;A01
201300032900;0;7;0;0;2;1;1;A01
201300032900;0;7;0;0;2;4;1;B01
201300032901;0;33;0;0;2;1;1;B01
201300032901;0;7;0;0;2;1;1;A01
201300032902;0;7;0;0;2;2;1;B01
201300032902;0;7;0;0;2;3;1;A01
201300032903;0;1;0;0;2;8;9;B01
201300032903;0;34;0;0;2;1;1;A01
201300032904;0;7;0;0;2;1;2;A01
201300032904;0;7;0;0;2;4;2;B01
201300032905;0;7;0;0;2;4;1;B01
201300032905;0;7;0;0;2;1;1;A01
201300032906;0;7;0;0;1;1;1;A01
201300032907;0;7;0;0;1;1;1;A01
201300032908;0;7;0;1;0;1;1;A01
201300032909;0;33;0;0;2;7;1;B01
201300032909;0;7;0;0;2;3;9;A01
201300032910;0;1;0;0;2;4;23;C01
201300032910;0;7;0;0;2;4;23;B01
201300032910;0;10;0;0;2;1;2;A01
201300032911;0;7;0;0;1;1;1;A01
201300032912;0;7;0;0;2;1;1;B01
201300032912;0;7;0;0;2;7;15;A01
201300032913;0;7;0;0;1;3;1;A01
201300032914;0;1;0;0;2;2;14;A01
201300032914;0;7;0;0;2;5;1;B01
201300032915;0;37;11;0;2;7;1;B01
201300032915;0;1;0;0;2;7;19;A01
201300032916;1;7;0;0;1;2;1;Z01
201300032917;0;10;0;0;2;7;1;B01
201300032917;0;7;0;0;2;1;1;A01
201300032918;0;7;0;0;2;8;1;B01
201300032918;0;7;0;0;2;7;0;A01
201300032918;0;7;0;0;2;8;1;C01
201300032919;0;7;0;0;2;2;10;A01
201300032919;0;7;0;0;2;6;1;B01
201300032920;0;7;0;0;1;2;1;A01
201300032921;0;7;0;0;1;1;1;A01
201300032922;0;7;0;0;2;8;1;B01
201300032922;0;7;0;0;2;1;1;A01
201300032923;0;33;0;0;2;7;15;B01
201300032923;0;7;0;0;2;1;1;A01
201300032924;0;1;0;0;2;7;19;B01
201300032924;0;7;0;0;2;1;16;A01
201300032925;0;7;0;0;1;1;1;A01
201300032926;0;7;0;0;2;2;15;B01
201300032926;0;7;0;0;2;1;1;A01
201300032927;0;10;0;0;2;1;1;A01
201300032927;0;7;0;0;2;3;1;B01
201300032928;0;1;0;0;2;7;19;B01
201300032928;0;2;0;0;2;1;1;A01
201300032929;0;40;0;0;2;1;1;B01
201300032929;0;1;0;0;4;4;19;A01
201300032930;0;33;0;0;2;1;15;A01
201300032930;0;30;0;0;2;2;1;B01
201300032931;0;7;0;0;1;1;1;A01
201300032932;0;7;0;0;2;1;1;B01
201300032932;0;7;0;0;2;2;20;A01
201300032933;0;7;0;0;2;3;10;A01
201300032933;0;7;0;0;2;1;1;B01
201300032934;0;7;0;0;2;2;1;A01
201300032934;0;7;0;0;2;1;1;B01
201300032935;0;1;0;0;2;7;19;B01
201300032935;0;7;0;0;2;1;1;A01
201300032936;0;7;0;0;1;1;1;A01
201300032937;0;7;0;0;1;2;1;A01
201300032938;0;37;46;0;2;7;1;B01
201300032938;0;1;0;0;2;0;13;A01
201300032939;0;7;0;0;2;3;1;B01
201300032939;0;7;0;0;2;7;1;A01
201300032940;0;7;0;0;1;1;1;A01
201300032941;0;7;0;0;2;3;1;B01
201300032941;0;7;0;0;2;3;1;A01
201300032942;0;7;0;0;2;7;1;A01
201300032943;0;7;0;0;2;8;1;B01
201300032943;0;7;0;0;2;1;15;A01
201300032944;0;7;0;0;1;2;1;A01
201300032945;1;7;0;0;1;3;1;Z01
201300032946;0;7;0;0;2;4;2;C01
201300032946;0;7;0;0;2;1;2;A01
201300032946;0;7;0;0;2;4;2;B01
201300032946;0;7;0;0;2;4;2;D01
201300032947;0;30;0;0;2;2;1;B01
201300032947;0;7;0;0;2;1;16;A01
201300032948;0;7;0;0;2;1;15;A01
201300032948;1;30;0;0;2;2;0;B01
201300032949;0;10;0;0;2;7;15;A01
201300032949;0;7;0;0;2;1;1;B01
201300032950;0;37;5;0;2;1;1;B01
201300032950;1;7;0;0;2;0;14;Z01
201300032951;0;2;0;0;2;1;1;A01
201300032951;0;7;0;0;2;2;1;B01
201300032952;0;7;0;0;1;1;1;A01
201300032953;0;7;0;0;2;1;1;A01
201300032953;0;10;0;0;2;7;1;B01
201300032954;0;7;0;0;2;1;1;A01
201300032954;0;7;0;0;2;4;1;B01
201300032955;0;1;0;1;0;1;1;B01
201300032955;0;7;0;0;2;8;22;A01
201300032956;0;7;0;0;2;1;1;A01
201300032956;0;7;0;0;2;1;15;B01
201300032957;0;1;0;0;2;1;1;B01
201300032957;0;7;0;0;2;3;15;A01
201300032958;0;7;0;0;2;7;1;A01
201300032958;0;7;0;0;2;1;1;B01
201300032959;0;7;0;0;2;4;16;B01
201300032959;0;2;0;0;2;1;1;A01
201300032960;0;7;0;0;2;4;1;C01
201300032960;0;7;0;0;2;4;1;B01
201300032960;0;7;0;0;2;1;1;A01
201300032961;0;7;0;0;2;7;15;A01
201300032961;0;7;0;0;2;1;1;B01
201300032962;0;7;0;1;0;1;15;A01
201300032963;0;1;0;0;2;8;1;B01
201300032963;0;7;0;0;2;1;15;A01
201300032964;0;40;0;0;2;2;1;B01
201300032964;0;7;0;0;4;3;15;A01
201300032965;0;7;0;0;2;3;23;C01
201300032965;0;7;0;0;2;5;1;B01
201300032965;0;7;0;0;2;2;1;A01
201300032966;1;7;0;0;1;0;0;Z01
201300032967;0;7;0;0;2;1;1;A01
201300032967;0;7;0;0;2;4;2;B01
201300032968;0;30;0;0;2;1;1;B01
201300032968;0;7;0;0;2;3;23;A01
201300032969;0;1;0;0;2;1;1;B01
201300032969;0;7;0;0;2;1;16;A01
201300032970;0;7;0;0;2;4;1;B01
201300032970;0;30;0;0;2;1;1;A01
201300032971;0;7;0;0;2;1;1;A01
201300032972;0;7;0;0;2;2;15;A01
201300032972;0;30;0;0;2;1;15;B01
201300032973;0;40;0;0;2;1;1;B01
201300032973;0;1;0;0;4;8;19;A01
201300032974;0;1;0;0;2;1;19;B01
201300032974;0;7;0;0;2;3;15;A01
201300032975;0;2;0;0;2;1;1;A01
201300032975;0;2;0;0;2;1;1;B01
201300032976;0;7;0;0;2;5;15;B01
201300032976;0;30;0;0;2;1;1;A01
201300032977;0;7;0;0;2;1;1;A01
201300032977;0;1;0;0;2;8;1;B01
201300032978;0;7;0;0;2;4;1;B01
201300032978;0;2;0;0;2;1;1;A01
201300032979;0;7;0;0;2;1;1;A01
201300032979;0;7;0;0;2;4;1;D01
201300032979;0;7;0;0;2;4;1;C01
201300032979;0;7;0;0;2;4;1;B01
201300032980;0;10;0;0;1;3;1;A01
201300032981;1;7;0;0;1;1;17;Z01
201300032982;0;7;0;0;1;1;1;A01
201300032983;0;31;0;0;2;3;1;B01
201300032983;0;7;0;0;2;3;1;A01
201300032984;0;30;0;0;0;0;1;B01
201300032984;0;7;0;0;0;0;9;A01
201300032985;0;30;0;0;2;1;1;B01
201300032985;0;1;0;0;2;1;19;A01
201300032986;0;7;0;14;0;6;1;B01
201300032986;0;7;0;0;2;1;1;A01
201300032987;0;7;0;0;2;1;1;B01
201300032987;0;7;0;0;2;8;10;A01
201300032988;0;7;0;2;0;1;21;A01
201300032989;0;7;0;0;2;7;15;B01
201300032989;0;1;0;0;2;1;1;A01
201300032990;0;2;0;0;2;1;1;B01
201300032990;0;7;0;0;2;6;15;A01
201300032991;0;7;0;0;1;1;1;A01
201300032992;0;10;0;0;2;1;1;A01
201300032992;0;7;0;0;2;4;1;B01
201300032993;0;7;0;0;2;7;17;A01
201300032993;0;10;0;0;2;8;1;B01
201300032994;0;7;0;0;1;1;1;A01
201300032995;0;7;0;0;1;7;1;A01
201300032996;0;1;0;0;2;1;1;B01
201300032996;0;7;0;0;2;1;16;A01
201300032997;0;7;0;0;1;1;20;A01
201300032998;0;40;0;0;1;2;1;A01
201300032999;1;1;0;0;2;0;1;Z01
201300032999;0;1;0;0;2;0;1;A01
201300033000;0;1;0;0;2;8;19;B01
201300033000;0;7;0;0;2;5;1;A01
201300033001;0;30;0;0;2;0;1;A01
201300033001;1;7;0;0;2;0;1;Z01
201300033002;0;1;0;0;2;8;19;A01
201300033002;0;7;0;0;2;1;1;B01
201300033003;0;7;0;0;2;1;1;A01
201300033003;0;2;0;0;2;2;1;B01
201300033004;0;7;0;0;2;1;15;A01
201300033004;0;7;0;0;2;3;1;B01
201300033005;0;37;1;0;2;1;1;C01
201300033005;0;10;0;0;2;2;1;B01
201300033005;0;7;0;0;2;1;1;A01
201300033006;0;2;0;0;2;1;1;A01
201300033006;0;7;0;0;2;6;20;B01
201300033007;0;33;0;0;2;1;1;B01
201300033007;0;7;0;0;2;1;15;A01
201300033008;0;7;0;0;2;7;1;A01
201300033008;0;7;0;0;2;3;1;B01
201300033009;0;7;0;0;2;3;1;B01
201300033009;0;1;0;0;2;1;19;A01
201300033010;0;31;0;0;2;1;1;A01
201300033010;0;10;0;0;2;8;15;B01
201300033011;0;2;0;0;2;7;15;A01
201300033011;0;7;0;0;2;1;1;B01
201300033012;0;30;0;0;2;1;1;A01
201300033012;0;7;0;0;2;8;1;B01
201300033013;0;7;0;0;1;1;1;A01
201300033014;0;7;0;0;2;1;1;A01
201300033014;0;1;0;0;2;8;1;B01
201300033015;0;7;0;6;0;9;17;A01
201300033016;0;31;0;0;2;7;1;A01
201300033016;0;10;0;0;2;8;15;B01
201300033017;0;7;0;0;1;1;1;A01
201300033018;0;7;0;0;2;1;16;A01
201300033019;1;10;0;0;1;2;16;Z01
201300033020;0;7;0;0;2;4;1;B01
201300033020;0;7;0;0;2;5;1;C01
201300033020;0;7;0;0;2;1;1;A01
201300033021;0;7;0;0;1;3;2;A01
201300033022;0;7;0;0;2;7;15;B01
201300033022;0;2;0;0;2;1;1;A01
201300033023;0;7;0;0;0;0;0;A01
201300033024;0;7;0;0;2;3;1;B01
201300033024;0;15;0;0;2;5;16;A01
201300033025;0;7;0;0;2;2;15;A01
201300033025;0;33;0;0;2;1;1;B01
201300033026;0;2;0;0;0;0;10;A01
201300033027;0;31;0;0;2;1;1;B01
201300033027;0;7;0;0;2;8;13;A01
201300033028;1;7;0;0;2;1;1;Z01
201300033028;0;7;0;0;2;8;1;A01
201300033029;0;30;0;0;2;0;15;B01
201300033029;0;7;0;0;2;8;1;A01
201300033030;0;1;0;0;1;1;19;A01
201300033031;0;40;0;0;2;1;1;B01
201300033031;0;1;0;0;4;7;19;A01
201300033032;0;1;0;0;2;1;19;B01
201300033032;0;10;0;0;2;2;16;A01
201300033033;0;10;0;0;2;6;19;A01
201300033033;0;7;0;0;2;5;24;C01
201300033033;0;33;0;1;2;1;1;B01
201300033034;0;7;0;0;2;4;23;B01
201300033034;0;7;0;0;2;3;1;A01
201300033035;0;7;0;0;1;3;15;A01
201300033036;0;7;0;0;2;1;1;A01
201300033036;0;10;0;0;2;1;20;B01
201300033037;0;7;0;0;2;3;1;B01
201300033037;0;30;0;0;2;7;1;A01
201300033038;0;7;0;0;2;4;9;A01
201300033038;0;7;0;0;2;6;24;C01
201300033038;0;7;0;0;2;1;1;B01
201300033039;0;1;0;0;2;2;14;A01
201300033039;0;7;0;0;2;3;16;B01
201300033040;0;7;0;0;2;3;9;A01
201300033040;0;7;0;0;2;3;1;B01
201300033041;0;10;0;0;1;4;4;A01
201300033042;0;37;1;0;2;8;1;B01
201300033042;0;1;0;0;2;1;19;A01
201300033043;0;1;0;0;2;1;18;B01
201300033043;0;7;0;0;2;1;1;A01
201300033044;0;10;0;0;1;6;1;A01
201300033045;0;7;0;0;2;1;15;A01
201300033045;0;34;0;0;2;1;1;B01
201300033046;0;7;0;0;1;1;16;A01
201300033047;0;7;0;0;2;1;0;B01
201300033047;0;7;0;0;2;1;0;A01
201300033048;0;40;0;0;1;1;0;A01
201300033049;0;1;0;0;2;3;1;B01
201300033049;0;7;0;0;2;7;15;A01
201300033050;0;7;0;0;2;1;1;A01
201300033050;0;7;0;0;2;4;1;B01
201300033051;0;1;0;0;2;1;19;A01
201300033051;0;7;0;0;2;0;1;B01
201300033052;0;7;0;0;2;8;1;B01
201300033052;0;10;0;0;2;1;1;A01
201300033053;0;7;0;0;2;5;1;B01
201300033053;0;31;0;0;2;1;1;A01
201300033054;0;7;0;0;2;1;1;B01
201300033054;0;2;0;0;2;8;15;A01
201300033055;0;1;0;0;2;1;15;A01
201300033055;0;7;0;0;0;3;1;B01
201300033056;0;2;0;1;0;7;1;A01
201300033057;0;10;0;0;2;1;2;A01
201300033057;0;31;0;0;2;4;2;B01
201300033058;0;7;0;0;2;1;15;B01
201300033058;0;7;0;0;2;8;23;C01
201300033058;0;31;0;0;2;5;1;A01
201300033059;0;32;0;0;2;7;1;A01
201300033059;0;7;0;0;2;1;9;B01
201300033060;0;7;0;0;1;1;2;A01
201300033061;0;7;0;0;1;3;1;A01
201300033062;0;7;0;0;2;3;9;A01
201300033062;0;32;0;0;2;5;1;B01
201300033063;0;7;0;0;1;1;1;A01
201300033064;0;1;0;0;2;1;19;A01
201300033064;0;40;0;0;2;2;1;B01
201300033065;0;7;0;0;2;1;1;A01
201300033065;0;1;0;0;2;1;19;B01
201300033066;0;7;0;0;2;1;1;B01
201300033066;0;7;0;0;2;2;15;A01
201300033067;0;30;0;0;2;1;17;B01
201300033067;0;7;0;0;2;3;11;A01
201300033068;0;1;0;0;2;8;19;B01
201300033068;0;7;0;0;2;1;1;A01
201300033069;0;7;0;0;2;1;1;B01
201300033069;0;1;0;0;2;8;19;A01
201300033070;0;7;0;0;2;1;1;B01
201300033070;0;7;0;0;2;1;15;A01
201300033071;0;7;0;0;2;4;15;B01
201300033071;0;33;0;0;2;1;15;C01
201300033071;1;38;30;0;0;0;1;Z01
201300033072;0;7;0;0;2;8;1;B01
201300033072;0;7;0;0;2;1;1;A01
201300033073;0;1;0;1;0;1;1;B01
201300033074;0;7;0;3;0;1;1;A01
201300033075;1;7;0;0;2;0;13;A01
201300033075;0;31;0;0;2;7;17;B01
201300033076;0;7;0;0;1;2;1;A01
201300033077;0;7;0;0;2;1;2;A01
201300033077;0;7;0;0;2;4;2;B01
201300033077;0;7;0;0;2;4;2;C01
201300033077;0;7;0;0;2;4;2;D01
201300033078;0;10;0;1;2;8;20;A01
201300033078;0;7;0;0;2;2;1;B01
201300033079;0;7;0;2;0;1;1;A01
201300033080;1;7;0;0;1;3;1;Z01
201300033081;0;2;0;0;2;1;15;A01
201300033081;0;7;0;0;2;2;15;B01
201300033082;0;7;0;0;2;5;1;C01
201300033082;0;7;0;0;2;1;1;A01
201300033082;0;31;0;1;2;4;1;B01
201300033083;0;7;0;0;0;0;23;B01
201300033083;0;1;0;0;0;0;1;A01
201300033084;0;7;0;0;2;1;15;B01
201300033084;0;7;0;0;2;1;1;A01
201300033085;0;1;0;0;2;8;1;B01
201300033085;0;7;0;0;2;1;15;A01
201300033086;0;1;0;0;2;5;19;A01
201300033086;0;7;0;0;2;3;1;B01
201300033087;0;1;0;0;4;3;19;A01
201300033087;0;40;0;0;2;1;1;B01
201300033088;0;1;0;0;2;7;5;A01
201300033088;0;7;0;0;2;1;23;B01
201300033089;0;7;0;0;2;1;1;B01
201300033089;0;7;0;0;2;7;15;A01
201300033090;0;30;0;0;2;1;1;B01
201300033090;0;7;0;0;2;3;1;A01
201300033091;0;7;0;0;2;3;9;A01
201300033091;0;33;0;0;2;8;1;B01
201300033092;0;10;0;2;0;1;1;A01
201300033093;0;10;0;0;1;2;1;A01
201300033094;0;7;0;0;1;2;1;A01
201300033095;0;2;0;0;2;1;1;B01
201300033095;0;7;0;0;2;3;1;A01
201300033096;0;7;0;0;1;3;1;A01
201300033097;0;40;0;0;1;2;1;A01
201300033098;0;2;0;0;2;6;1;B01
201300033098;0;7;0;0;2;3;1;A01
201300033099;0;7;0;8;0;1;1;A01
201300033100;1;7;0;0;2;0;1;B01
201300033100;0;1;0;0;2;7;19;A01
201300033101;0;7;0;0;2;3;22;A01
201300033101;0;1;0;0;2;7;1;B01
201300033102;0;33;0;0;2;1;1;A01
201300033102;0;7;0;0;2;5;16;B01
201300033103;0;30;0;2;0;1;1;A01
201300033104;0;7;0;0;1;1;1;A01
201300033105;0;1;0;0;2;1;5;A01
201300033105;0;1;0;0;2;1;1;B01
201300033106;0;7;0;0;2;1;1;B01
201300033106;0;3;0;0;2;1;5;A01
201300033107;0;7;0;0;2;3;16;A01
201300033107;0;1;0;0;2;5;1;B01
201300033108;0;7;0;0;2;1;1;C01
201300033108;0;7;0;0;2;1;17;A01
201300033108;0;7;0;0;2;8;1;B01
201300033109;0;7;0;0;1;1;1;A01
201300033110;0;13;0;0;1;3;15;A01
201300033111;0;7;0;0;2;8;1;B01
201300033111;0;32;0;0;2;1;1;A01
201300033112;0;34;0;0;2;6;5;A01
201300033112;0;10;0;0;2;6;15;B01
201300033113;0;7;0;0;1;4;20;A01
201300033114;0;10;0;1;2;1;1;A01
201300033114;0;7;0;1;2;3;1;B01
201300033115;0;30;0;0;2;1;1;B01
201300033115;0;7;0;0;2;2;15;A01
201300033116;0;7;0;0;2;7;1;B01
201300033116;0;7;0;0;2;3;1;A01
201300033117;0;33;0;0;2;1;1;B01
201300033117;0;7;0;0;2;3;9;A01
201300033118;0;15;0;0;2;8;1;A01
201300033118;0;1;0;0;2;7;1;B01
201300033119;0;1;0;0;1;1;1;A01
201300033120;0;1;0;0;2;1;1;B01
201300033120;0;7;0;0;2;8;22;A01
201300033121;0;7;0;2;0;1;1;A01
201300033122;0;40;0;0;2;2;1;B01
201300033122;0;1;0;0;4;1;19;A01
201300033123;0;30;0;15;0;1;1;A01
201300033124;0;7;0;0;2;8;15;B01
201300033124;0;10;0;0;2;2;17;A01
201300033125;0;1;0;0;2;1;0;A01
201300033125;0;1;0;0;2;1;0;B01
201300033126;0;2;0;0;2;1;1;A01
201300033126;0;7;0;0;2;7;0;B01
201300033127;0;7;0;2;0;8;0;A01
201300033128;0;7;0;0;2;8;0;A01
201300033128;0;33;0;0;2;0;1;B01
201300033129;0;1;0;0;1;1;1;A01
201300033130;0;7;0;0;1;1;1;A01
201300033131;0;1;0;0;2;1;1;A01
201300033131;0;1;0;0;2;1;1;B01
201300033132;0;7;0;0;2;8;10;A01
201300033132;0;33;0;0;2;1;1;B01
201300033133;0;7;0;0;2;1;1;A01
201300033133;0;7;0;0;2;4;1;B01
201300033134;0;1;0;0;2;8;19;A01
201300033134;0;33;0;0;2;1;1;B01
201300033135;0;30;0;0;0;1;1;A01
201300033136;0;7;0;0;2;1;16;B01
201300033136;2;7;0;0;2;1;15;A01
201300033137;0;1;0;0;1;1;1;B01
201300033138;0;7;0;0;1;4;20;A01
201300033139;0;7;0;0;2;1;15;B01
201300033139;0;7;0;1;2;3;1;A01
201300033140;0;7;0;0;2;8;15;A01
201300033140;0;30;0;0;2;1;12;B01
201300033141;0;7;0;1;0;1;1;A01
201300033142;0;7;0;0;2;1;1;B01
201300033142;0;7;0;0;2;1;15;A01
201300033143;0;7;0;0;2;1;1;A01
201300033143;0;1;0;0;2;8;1;B01
201300033144;0;1;0;0;4;3;19;A01
201300033144;0;40;0;0;2;1;1;B01
201300033145;0;2;0;0;2;1;1;A01
201300033145;0;7;0;0;2;7;15;B01
201300033146;0;33;0;11;0;1;1;A01
201300033147;0;7;0;0;2;1;16;B01
201300033147;0;1;0;0;2;1;1;A01
201300033148;1;34;0;0;1;0;1;Z01
201300033149;0;1;0;0;4;1;1;A01
201300033149;1;40;0;0;2;8;1;B01
201300033150;0;7;0;0;1;1;15;A01
201300033151;0;7;0;0;0;0;15;A01
201300033151;0;31;0;0;0;0;1;B01
201300033152;0;30;0;0;2;1;1;A01
201300033152;0;7;0;0;2;4;15;B01
201300033153;0;1;0;0;2;1;15;A01
201300033153;0;7;0;0;2;3;1;B01
201300033154;0;1;0;0;1;1;1;A01
201300033155;0;7;0;0;2;1;5;A01
201300033155;0;7;0;0;2;1;1;B01
201300033156;0;7;0;0;2;1;15;A01
201300033156;0;7;0;0;2;3;1;B01
201300033157;0;1;0;0;2;7;1;B01
201300033157;0;7;0;0;2;0;15;A01
201300033158;0;7;0;9;0;1;1;A01
201300033159;0;7;0;2;0;1;1;A01
201300033160;0;7;0;0;2;1;15;A01
201300033160;0;31;0;0;2;5;1;B01
201300033161;0;7;0;0;1;1;1;A01
201300033162;0;10;0;0;2;1;1;A01
201300033162;0;7;0;0;2;4;23;D01
201300033162;0;10;0;0;2;4;1;B01
201300033162;0;7;0;0;2;4;23;C01
201300033163;0;1;0;0;2;8;1;B01
201300033163;0;10;0;0;2;1;1;A01
201300033164;0;7;0;0;2;1;15;B01
201300033164;0;10;0;0;2;9;15;A01
201300033165;0;13;0;0;1;2;1;A01
201300033166;0;33;0;0;2;1;17;A01
201300033166;0;10;0;0;2;3;15;B01
201300033167;0;40;0;0;1;2;1;A01
201300033168;0;7;0;0;2;1;1;A01
201300033168;0;7;0;0;2;4;1;C01
201300033168;0;7;0;0;2;4;1;B01
201300033169;0;7;0;0;2;2;1;A01
201300033169;0;1;0;0;2;7;19;B01
201300033170;0;37;13;0;2;2;1;A01
201300033170;0;99;0;10;2;3;1;B01
201300033170;0;7;0;0;2;8;23;C01
201300033170;0;7;0;0;2;2;23;D01
201300033171;0;10;0;0;1;1;1;A01
201300033172;0;7;0;0;2;0;15;B01
201300033172;0;2;0;0;2;7;1;A01
201300033173;0;7;0;0;2;2;10;A01
201300033173;0;30;0;0;2;1;1;B01
201300033174;0;7;0;0;2;1;1;A01
201300033174;0;7;0;0;2;6;1;B01
201300033175;0;7;0;0;0;1;15;B01
201300033175;0;33;0;0;0;0;1;A01
201300033176;0;7;0;0;2;3;1;A01
201300033176;0;2;0;0;2;1;1;B01
201300033177;0;1;0;0;1;1;1;A01
201300033178;0;7;0;0;1;2;1;A01
201300033179;0;7;0;0;1;2;1;A01
201300033180;0;7;0;0;2;1;1;B01
201300033180;0;7;0;0;2;7;16;A01
201300033181;0;32;0;0;2;1;1;B01
201300033181;0;7;0;0;2;7;15;A01
201300033182;0;10;0;0;1;8;1;A01
201300033183;0;40;0;0;1;1;1;A01
201300033184;0;7;0;0;2;3;1;B01
201300033184;0;33;0;0;2;3;1;A01
201300033185;0;7;0;0;2;2;1;B01
201300033185;0;1;0;0;2;6;11;A01
201300033186;0;1;0;0;2;8;19;B01
201300033186;0;7;0;0;2;1;1;A01
201300033187;0;7;0;0;0;0;21;A01
201300033188;0;40;0;0;1;2;1;A01
201300033189;0;32;0;0;2;1;1;A01
201300033189;0;7;0;0;2;2;24;B01
201300033190;0;7;0;1;0;6;1;A01
201300033191;1;30;0;0;2;0;1;B01
201300033191;0;7;0;0;2;2;15;A01
201300033192;0;40;0;0;1;2;1;A01
201300033193;0;1;0;1;0;1;1;B01
201300033193;0;7;0;0;2;8;22;A01
201300033194;0;7;0;0;1;1;1;A01
201300033195;0;7;0;0;2;2;16;A01
201300033195;0;31;0;0;2;1;1;B01
201300033196;0;1;0;0;2;7;19;B01
201300033196;1;7;0;0;2;1;16;A01
201300033197;0;7;0;0;2;4;2;B01
201300033197;0;7;0;0;2;4;2;A01