num_acc;senc;catv;occutc;obs;obsm;choc;manv;num_veh
201300033198;0;7;0;1;2;9;1;B01
201300033198;0;7;0;0;2;1;1;A01
201300033199;0;1;0;0;2;1;19;B01
201300033199;0;7;0;0;2;8;16;A01
201300033200;0;7;0;0;2;3;15;A01
201300033200;0;33;0;0;2;1;1;B01
201300033201;0;7;0;0;2;8;9;A01
201300033201;0;34;0;0;2;1;1;B01
201300033202;0;7;0;0;1;4;4;A01
201300033203;0;1;0;0;2;7;1;A01
201300033203;0;33;0;0;2;1;1;B01
201300033204;0;7;0;0;2;1;1;A01
201300033204;0;1;0;0;2;8;19;B01
201300033205;0;7;0;0;2;1;1;B01
201300033205;0;7;0;0;2;3;1;A01
201300033206;0;7;0;0;1;1;16;A01
201300033207;0;7;0;0;0;9;1;A01
201300033208;0;7;0;0;2;1;1;A01
201300033208;0;1;0;0;2;7;1;B01
201300033209;0;7;0;0;2;1;16;A01
201300033209;0;33;0;0;2;5;1;B01
201300033210;0;1;0;0;2;8;1;B01
201300033210;0;7;0;0;2;1;15;A01
201300033211;0;2;0;0;2;1;1;B01
201300033211;0;7;0;0;2;2;15;A01
201300033212;0;40;0;0;1;1;1;A01
201300033213;0;7;0;0;2;3;15;A01
201300033213;0;33;0;0;2;1;1;B01
201300033214;0;7;0;0;1;3;15;A01
201300033215;0;37;46;0;1;5;16;A01
201300033216;0;7;0;2;0;1;1;A01
201300033217;0;7;0;0;2;3;1;A01
201300033217;0;32;0;0;2;2;15;B01
201300033218;0;1;0;0;2;1;19;B01
201300033218;0;10;0;0;2;7;1;A01
201300033219;0;7;0;0;2;4;24;B01
201300033219;0;1;0;0;2;1;1;A01
201300033220;0;1;0;0;2;3;1;A01
201300033220;1;7;0;0;2;1;17;Z01
201300033221;0;2;0;0;2;2;1;B01
201300033221;0;7;0;0;2;1;15;A01
201300033222;0;7;0;0;2;1;16;A01
201300033222;0;1;0;0;2;8;1;B01
201300033223;0;7;0;0;1;1;16;A01
201300033224;1;30;0;0;1;1;1;Z01
201300033225;0;7;0;15;0;1;1;A01
201300033226;0;7;0;0;2;1;1;A01
201300033226;1;7;0;0;2;1;1;Z01
201300033227;0;30;0;1;0;1;1;A01
201300033228;0;7;0;0;1;2;1;A01
201300033229;0;7;0;0;1;2;1;A01
201300033230;0;7;0;0;2;1;2;A01
201300033230;0;7;0;0;2;4;2;C01
201300033230;0;7;0;0;2;6;2;B01
201300033230;0;7;0;0;2;6;2;E01
201300033230;0;7;0;0;2;0;2;D01
201300033231;1;7;0;0;1;1;1;A01
201300033232;0;10;0;0;2;1;15;A01
201300033232;0;30;0;0;2;1;1;B01
201300033233;0;2;0;0;0;0;20;A01
201300033234;0;3;0;0;1;1;1;A01
201300033235;0;7;0;0;1;2;15;A01
201300033236;0;32;0;0;2;4;1;B01
201300033236;0;7;0;0;2;1;1;A01
201300033237;0;7;0;0;2;1;1;A01
201300033237;0;7;0;0;2;4;1;B01
201300033238;0;10;0;0;2;4;13;A01
201300033238;0;32;0;0;2;1;1;B01
201300033239;0;7;0;0;2;2;16;B01
201300033239;0;1;0;0;2;1;1;A01
201300033240;0;7;0;0;2;3;15;A01
201300033240;0;7;0;0;2;8;1;C01
201300033240;0;7;0;0;2;8;1;B01
201300033241;0;30;0;0;2;8;1;A01
201300033241;0;10;0;0;2;8;15;B01
201300033242;0;7;0;0;1;1;1;A01
201300033243;0;7;0;0;2;2;1;B01
201300033243;0;99;0;0;2;1;1;A01
201300033244;0;7;0;0;1;5;1;A01
201300033245;0;33;0;0;2;2;1;B01
201300033245;0;7;0;0;2;2;20;A01
201300033246;0;7;0;0;1;1;1;A01
201300033247;0;7;0;0;1;1;1;A01
201300033248;0;7;0;0;1;1;9;A01
201300033249;0;7;0;0;1;1;1;A01
201300033250;0;7;0;0;2;3;1;B01
201300033250;0;7;0;0;2;1;13;A01
201300033251;0;7;0;0;1;3;16;A01
201300033252;0;2;0;0;2;3;1;A01
201300033252;0;7;0;0;2;1;15;B01
201300033253;0;7;0;0;1;1;15;A01
201300033254;0;7;0;0;2;1;1;B01
201300033254;0;7;0;0;2;1;1;A01
201300033255;0;1;0;0;2;3;15;B01
201300033255;0;7;0;0;2;1;1;A01
201300033256;0;33;0;1;2;9;9;A01
201300033256;0;7;0;0;2;8;1;B01
201300033257;0;7;0;0;2;3;11;A01
201300033257;0;30;0;0;2;1;1;B01
201300033258;0;1;0;0;2;1;1;B01
201300033258;0;1;0;0;2;1;19;A01
201300033259;0;7;0;0;2;1;1;A01
201300033259;0;7;0;0;2;4;23;C01
201300033259;0;30;0;0;2;4;23;B01
201300033260;1;2;0;0;1;1;14;Z01
201300033261;0;32;0;0;0;7;0;A01
201300033262;0;7;0;0;2;2;15;A01
201300033262;0;2;0;0;2;7;1;B01
201300033263;0;7;0;0;2;7;15;A01
201300033263;0;7;0;1;2;2;1;B01
201300033264;0;7;0;0;2;3;15;A01
201300033264;0;2;0;0;2;7;1;B01
201300033265;1;15;0;0;1;0;1;A01
201300033266;0;13;0;0;4;1;1;A01
201300033266;0;40;0;0;2;3;1;B01
201300033267;0;7;0;0;2;1;15;A01
201300033267;0;30;0;0;2;1;1;B01
201300033268;0;7;0;0;1;1;1;A01
201300033269;0;7;0;0;2;3;15;A01
201300033269;0;1;0;0;2;1;17;B01
201300033269;0;7;0;0;2;4;23;C01
201300033270;0;30;0;0;2;1;1;B01
201300033270;0;7;0;0;2;3;15;A01
201300033271;0;7;0;0;1;8;1;A01
201300033271;0;7;0;0;2;1;15;B01
201300033272;0;10;0;0;2;1;6;A01
201300033272;0;7;0;0;2;1;1;B01
201300033272;0;7;0;0;2;1;1;C01
201300033273;0;7;0;0;1;1;15;A01
201300033274;0;7;0;0;2;1;1;A01
201300033274;0;10;0;0;2;8;17;B01
201300033275;0;30;0;0;0;7;1;A01
201300033276;0;7;0;0;2;8;1;A01
201300033276;0;7;0;0;2;1;1;B01
201300033277;0;1;0;0;1;1;1;A01
201300033278;0;7;0;1;0;1;1;A01
201300033279;0;40;0;0;2;1;1;B01
201300033279;0;7;0;8;4;8;16;A01
201300033280;0;7;0;0;1;1;1;A01
201300033281;0;31;0;0;2;7;17;A01
201300033281;0;7;0;0;2;8;1;B01
201300033282;0;7;0;0;1;1;1;A01
201300033283;0;30;0;0;2;1;1;A01
201300033283;0;7;0;0;2;2;15;B01
201300033284;0;7;0;0;2;1;1;A01
201300033284;0;10;0;0;2;1;1;B01
201300033285;0;1;0;0;2;8;5;A01
201300033285;0;37;1;0;2;2;9;B01
201300033286;0;7;0;0;2;3;9;A01
201300033286;0;31;0;0;2;1;1;B01
201300033287;0;7;0;0;2;1;1;A01
201300033287;0;7;0;0;2;4;1;B01
201300033288;0;7;0;0;2;1;1;B01
201300033288;0;2;0;0;2;1;1;A01
201300033289;0;7;0;0;2;1;1;A01
201300033289;0;7;0;0;2;1;2;B01
201300033289;0;7;0;0;2;4;2;C01
201300033290;0;7;0;0;2;1;1;A01
201300033290;0;1;0;0;2;4;0;B01
201300033291;0;2;0;0;2;1;1;A01
201300033291;0;7;0;0;2;8;15;B01
201300033292;0;7;0;0;2;7;1;A01
201300033292;0;1;0;0;2;4;11;A02
201300033293;0;7;0;0;1;2;1;A01
201300033294;0;7;0;0;1;1;15;A01
201300033295;0;7;0;0;1;7;1;A01
201300033296;2;7;0;0;2;2;1;A01
201300033296;0;1;0;0;2;4;1;B01
201300033297;0;2;0;0;2;1;17;B01
201300033297;0;7;0;0;2;2;9;A01
201300033298;0;7;0;2;0;1;1;A01
201300033299;0;7;0;0;2;1;2;A01
201300033299;0;7;0;0;2;6;1;B01
201300033300;0;7;0;0;2;3;1;A01
201300033300;0;7;0;2;2;4;1;B01
201300033301;0;7;0;3;0;1;1;A01
201300033302;0;7;0;0;2;1;15;A01
201300033302;0;1;0;0;2;1;1;B01
201300033303;0;7;0;0;2;3;9;A01
201300033303;0;7;0;0;2;1;1;B01
201300033304;1;99;0;0;2;1;17;A01
201300033304;0;7;0;0;2;3;15;B01
201300033305;0;7;0;0;2;2;5;A01
201300033305;0;7;0;0;2;1;1;B01
201300033306;0;7;0;0;2;1;1;A01
201300033306;0;1;0;0;2;1;19;B01
201300033307;1;7;0;0;1;1;1;Z01
201300033308;0;2;0;0;2;1;15;A01
201300033308;0;7;0;0;2;2;15;B01
201300033309;0;7;0;0;1;1;1;A01
201300033310;0;7;0;0;2;1;15;A01
201300033310;0;2;0;0;2;1;1;B01
201300033311;0;7;0;0;2;1;9;A01
201300033311;0;7;0;0;2;6;1;B01
201300033312;0;7;0;0;2;8;15;A01
201300033312;0;33;0;0;2;1;17;B01
201300033313;0;7;0;0;1;1;15;A01
201300033314;0;7;0;1;0;1;20;A01
201300033315;0;33;0;0;2;1;17;A01
201300033315;0;7;0;0;2;2;15;B01
201300033316;0;7;0;0;2;4;23;A01
201300033316;0;7;0;0;2;1;2;B01
201300033317;1;7;0;0;1;0;0;Z01
201300033318;0;7;0;0;1;1;1;A01
201300033319;0;7;0;0;2;1;2;A01
201300033319;0;7;0;0;2;4;23;B01
201300033319;0;3;0;0;2;4;23;C01
201300033320;0;7;0;0;2;1;1;B01
201300033320;0;7;0;0;2;2;1;A01
201300033321;0;7;0;0;2;6;15;A01
201300033321;0;33;0;0;2;1;1;A02
201300033322;0;33;0;0;0;0;15;A01
201300033322;0;37;1;0;0;0;9;B01
201300033323;0;33;0;0;2;1;1;B01
201300033323;1;7;0;0;2;4;11;Z01
201300033324;0;7;0;0;2;8;1;A01
201300033324;0;34;0;0;2;1;1;B01
201300033325;0;7;0;0;2;3;1;A01
201300033325;0;7;0;0;2;8;15;B01
201300033326;0;7;0;0;2;1;15;A01
201300033326;0;1;0;0;2;1;19;A02
201300033327;0;7;0;0;1;1;1;A01
201300033328;0;7;0;0;2;3;1;A01
201300033328;0;7;0;0;2;2;1;B01
201300033329;0;7;0;0;2;1;9;A01
201300033329;0;1;0;0;2;1;0;B01
201300033330;0;7;0;0;2;3;13;A01
201300033330;0;7;0;2;2;3;1;B01
201300033331;0;7;0;0;1;1;9;A01
201300033332;0;7;0;0;2;2;16;A01
201300033332;0;1;0;0;2;1;1;B01
201300033333;0;1;0;0;2;1;9;B01
201300033333;0;1;0;0;2;1;1;A01
201300033334;1;7;0;0;1;4;4;A01
201300033335;0;7;0;0;1;3;15;A01
201300033336;0;7;0;0;2;3;22;A01
201300033336;0;2;0;1;0;1;1;B01
201300033337;0;7;0;0;2;1;1;B01
201300033337;0;7;0;0;2;3;15;A01
201300033338;0;7;0;0;1;2;1;A01
201300033339;0;7;0;0;1;3;9;A01
201300033340;0;7;0;0;2;1;9;A01
201300033340;0;33;0;0;2;1;1;B01
201300033341;0;7;0;0;1;1;12;A01
201300033342;0;2;0;0;2;7;1;A01
201300033342;0;7;0;0;2;1;1;B01
201300033343;1;14;0;0;2;2;16;A01
201300033343;0;1;0;5;2;1;1;B01
201300033344;0;7;0;0;2;1;9;A01
201300033344;0;1;0;0;2;1;1;B01
201300033345;0;7;0;0;1;1;6;A01
201300033346;1;7;0;0;1;4;4;Z01
201300033347;0;7;0;0;1;3;1;A01
201300033348;0;7;0;0;2;1;5;A01
201300033348;0;7;0;0;2;1;1;B01
201300033348;0;7;0;0;2;8;1;C01
201300033349;0;30;0;12;0;7;1;A01
201300033350;0;7;0;0;1;1;1;A01
201300033351;0;10;0;1;0;2;1;A01
201300033352;0;7;0;0;2;1;1;A01
201300033352;0;7;0;0;2;3;1;B01
201300033353;0;1;0;0;1;1;0;A01
201300033354;0;40;1;0;1;2;1;A01
201300033355;0;7;0;0;1;3;9;A01
201300033356;0;7;0;0;1;2;2;A01
201300033357;0;1;0;0;1;1;0;A01
201300033358;0;7;0;0;1;5;4;A01
201300033359;0;7;0;0;1;3;1;A01
201300033360;0;7;0;0;1;0;1;A01
201300033361;0;7;0;0;1;2;1;A01
201300033362;0;33;0;1;0;1;0;A01
201300033362;0;7;0;0;2;6;0;B01
201300033363;0;7;0;0;1;1;0;A01
201300033364;0;7;0;0;1;2;1;A01
201300033365;0;7;0;0;1;1;1;A01
201300033366;0;10;0;0;1;3;15;A01
201300033367;0;7;0;0;1;4;0;A01
201300033368;0;10;0;0;2;2;0;A01
201300033368;0;31;0;0;2;8;0;B01
201300033369;0;7;0;0;1;3;1;A01
201300033370;0;7;0;0;2;3;1;A01
201300033370;0;1;0;0;2;8;0;B01
201300033371;0;7;0;0;1;3;2;A01
201300033372;0;13;0;0;1;2;1;A01
201300033373;0;7;0;0;2;8;0;B01
201300033373;0;7;0;0;2;3;0;A01
201300033374;0;7;0;0;1;1;0;A01
201300033375;0;7;0;0;2;2;14;A01
201300033375;0;1;0;0;2;2;0;B01
201300033376;0;7;0;0;1;2;1;A01
201300033377;0;7;0;0;1;3;15;A01
201300033378;0;7;0;0;2;5;1;B01
201300033378;0;7;0;0;2;5;1;C01
201300033378;0;7;0;1;2;1;1;A01
201300033379;0;7;0;0;2;1;11;A01
201300033379;0;7;0;0;2;1;1;B01
201300033380;0;7;0;0;2;7;0;A01
201300033380;0;1;0;0;2;1;0;B01
201300033381;0;7;0;0;1;1;2;A01
201300033382;0;7;0;0;1;1;1;A01
201300033383;0;10;0;0;1;2;1;A01
201300033384;0;10;0;0;1;2;2;A01
201300033385;0;1;0;0;2;1;2;B01
201300033385;0;7;0;0;2;1;15;A01
201300033386;0;7;0;0;1;2;2;A01
201300033387;0;30;0;0;1;1;1;A01
201300033388;0;7;0;0;2;3;2;A01
201300033388;0;7;0;0;0;5;2;B01
201300033389;0;7;0;0;2;0;1;A01
201300033389;0;33;0;0;2;0;1;B01
201300033390;0;7;0;0;1;3;9;A01
201300033391;0;7;0;6;0;1;17;A01
201300033391;0;7;0;0;0;0;11;B01
201300033392;0;7;0;0;2;2;15;A01
201300033392;0;30;0;0;2;1;1;B01
201300033393;0;7;0;0;2;1;2;A01
201300033393;0;7;0;14;0;4;0;B01
201300033394;0;10;0;0;2;1;2;A01
201300033394;0;7;0;0;0;4;2;B01
201300033395;0;7;0;0;1;3;12;A01
201300033395;0;7;0;0;1;0;23;T01
201300033396;0;7;0;0;2;7;1;A01
201300033396;1;7;0;0;2;1;1;B01
201300033396;2;10;0;1;0;0;0;C01
201300033396;2;7;0;1;0;0;1;D01
201300033397;0;10;0;0;1;1;2;A01
201300033398;0;7;0;0;2;1;11;A01
201300033398;0;2;0;0;2;1;1;B01
201300033399;0;33;0;0;2;3;15;A01
201300033399;0;7;0;0;2;2;15;B01
201300033400;0;7;0;0;2;3;1;A01
201300033400;0;30;0;0;2;7;2;B01
201300033401;0;1;0;0;2;0;16;B01
201300033401;1;7;0;0;9;0;0;Y01
201300033402;0;7;0;0;2;2;0;A01
201300033402;0;1;0;0;2;7;0;B01
201300033403;0;7;0;0;1;2;2;A01
201300033404;0;7;0;0;2;2;10;A01
201300033404;0;7;0;1;0;3;21;B01
201300033405;0;7;0;0;1;1;1;A01
201300033406;0;7;0;0;1;1;1;A01
201300033407;0;7;0;5;0;3;0;A01
201300033407;0;7;0;1;2;4;21;B01
201300033407;0;7;0;1;2;1;14;C01
201300033408;0;2;0;0;2;2;19;A01
201300033408;0;7;0;0;2;3;1;B01
201300033409;0;30;0;0;2;8;2;A01
201300033409;0;10;0;0;2;7;15;B01
201300033410;0;7;0;0;1;2;2;A01
201300033411;0;7;0;0;9;1;0;A01
201300033411;0;1;0;0;2;7;0;B01
201300033412;0;7;0;0;1;1;19;A01
201300033413;0;7;0;0;1;3;15;A01
201300033414;0;7;0;0;1;1;0;A01
201300033415;0;7;0;0;1;1;1;A01
201300033416;0;7;0;0;1;1;1;A01
201300033417;0;1;0;0;2;7;1;B01
201300033417;0;7;0;0;9;1;9;A01
201300033418;0;7;0;0;2;2;21;B01
201300033418;0;7;0;1;2;3;21;C01
201300033418;0;7;0;0;2;6;9;A01
201300033419;1;14;0;0;2;7;1;A01
201300033419;0;2;0;0;2;8;1;B01
201300033420;1;1;0;0;2;1;1;A01
201300033420;1;7;0;0;2;2;16;Z01
201300033421;0;7;0;0;2;1;2;A01
201300033421;0;7;0;0;0;4;2;B01
201300033422;0;7;0;0;1;4;2;A01
201300033423;0;1;0;0;2;3;1;B01
201300033423;0;7;0;0;9;1;1;A01
201300033424;0;7;0;0;1;3;1;A01
201300033425;0;1;0;0;2;1;1;B01
201300033425;0;7;0;0;2;1;15;A01
201300033426;0;7;0;0;1;1;1;A01
201300033427;0;2;0;0;2;3;19;A01
201300033427;0;7;0;0;2;2;1;B01
201300033428;0;7;0;0;2;3;1;A01
201300033428;0;1;0;0;2;1;1;B01
201300033429;0;7;0;0;2;2;2;A01
201300033429;0;7;0;0;2;5;2;B01
201300033429;0;7;0;0;2;4;2;C01
201300033430;0;7;0;0;2;3;9;A01
201300033430;0;7;0;0;2;1;1;B01
201300033431;0;7;0;0;1;2;2;A01
201300033432;0;7;0;0;1;1;1;A01
201300033433;0;7;0;0;2;1;15;A01
201300033433;0;1;0;0;2;1;15;B01
201300033434;0;33;0;0;2;1;1;A01
201300033434;0;7;0;0;0;3;15;B01
201300033435;0;7;0;0;2;2;15;A01
201300033435;0;1;0;0;2;1;1;B01
201300033436;0;7;0;0;1;7;21;A01
201300033437;0;7;0;0;1;1;2;A01
201300033438;0;7;0;0;2;7;15;A01
201300033438;0;30;0;0;2;1;1;B01
201300033439;0;7;0;0;0;4;1;A01
201300033439;0;7;0;0;2;1;2;B01
201300033439;0;7;0;1;0;4;2;C01
201300033439;0;7;0;0;2;1;2;D01
201300033440;0;17;0;1;0;2;2;A01
201300033440;0;10;0;0;0;6;0;B01
201300033441;0;7;0;0;1;3;2;A01
201300033442;0;7;0;0;2;7;15;A01
201300033442;0;33;0;0;2;1;2;B01
201300033443;0;7;0;0;1;2;1;A01
201300033444;0;7;0;0;1;1;1;A01
201300033445;0;7;0;0;2;1;1;B01
201300033445;0;7;0;0;2;2;1;A01
201300033446;0;7;0;7;2;0;1;A01
201300033446;0;7;0;0;2;4;23;B01
201300033447;0;7;0;0;1;3;16;A01
201300033448;0;10;0;0;1;2;1;A01
201300033449;0;1;0;0;2;1;1;B01
201300033449;0;7;0;0;2;8;9;A01
201300033450;1;7;0;0;1;0;1;Z01
201300033451;0;7;0;0;2;3;1;A01
201300033451;0;33;0;0;2;4;2;B01
201300033452;0;7;0;8;0;6;13;A01
201300033453;0;7;0;0;2;1;1;A01
201300033453;0;7;0;0;2;7;1;B01
201300033454;0;30;0;2;0;3;1;A01
201300033455;0;32;0;0;1;3;1;A01
201300033456;0;33;0;0;2;8;1;B01
201300033456;0;7;0;0;2;2;1;A01
201300033457;0;10;0;0;1;1;16;A01
201300033458;0;7;0;0;2;4;23;B01
201300033458;0;7;0;0;0;1;2;A01
201300033458;1;7;0;0;0;4;23;Z01
201300033459;0;7;0;0;2;2;15;B01
201300033459;0;7;0;0;2;8;15;A01
201300033460;0;7;0;0;2;1;1;A01
201300033460;0;33;0;0;2;8;1;B01
201300033461;0;7;0;0;1;1;1;A01
201300033462;0;7;0;0;2;8;1;A01
201300033462;0;7;0;0;2;1;1;B01
201300033463;2;7;0;0;2;3;15;B01
201300033463;0;7;0;0;2;3;1;C01
201300033463;0;33;0;0;2;1;1;A01
201300033464;0;7;0;0;2;7;15;A01
201300033464;0;32;0;0;2;8;15;B01
201300033465;0;7;0;0;2;4;2;C01
201300033465;0;7;0;0;2;4;2;B01
201300033465;0;7;0;0;2;1;1;A01
201300033466;0;7;0;0;1;2;15;A01
201300033467;0;7;0;1;0;4;20;A01
201300033468;2;7;0;0;2;0;12;Z01
201300033468;0;7;0;0;2;3;1;A01
201300033469;0;7;0;2;0;1;14;A01
201300033470;0;30;0;0;5;1;1;A01
201300033471;0;7;0;0;2;1;1;B01
201300033471;0;10;0;0;2;1;5;A01
201300033472;0;7;0;0;2;7;15;A01
201300033472;0;33;0;0;2;1;1;B01
201300033473;0;7;0;0;2;3;15;B01
201300033473;0;7;0;0;2;1;1;A01
201300033474;0;7;0;0;1;2;1;A01
201300033475;0;7;0;0;2;1;2;A01
201300033475;0;7;0;0;2;1;2;B01
201300033475;0;7;0;0;2;4;2;C01
201300033476;0;7;0;0;2;3;2;A01
201300033476;1;7;0;0;0;0;0;Z01
201300033477;0;7;0;0;2;3;15;A01
201300033477;0;7;0;0;2;2;1;B01
201300033478;0;7;0;0;2;2;1;A01
201300033478;0;7;0;0;2;1;1;B01
201300033479;0;7;0;0;2;5;15;A01
201300033479;0;33;0;0;2;1;1;B01
201300033479;0;7;0;0;2;2;1;C01
201300033480;0;7;0;12;0;1;1;A01
201300033480;0;7;0;10;0;2;1;B01
201300033481;0;10;0;0;1;5;4;A01
201300033482;0;7;0;2;0;1;1;A01
201300033482;1;7;0;0;2;0;0;B01
201300033483;0;7;0;0;2;3;9;A01
201300033483;0;1;0;0;2;5;1;B01
201300033484;0;7;0;0;2;1;2;A01
201300033484;0;7;0;0;2;1;2;B01
201300033484;0;7;0;0;2;1;2;C01
201300033484;0;7;0;0;2;4;2;D01
201300033485;0;7;0;0;1;3;1;A01
201300033486;0;7;0;8;0;7;1;A01
201300033487;0;10;0;0;1;2;1;A01
201300033488;0;10;0;0;2;4;23;C01
201300033488;0;7;0;0;2;1;2;A01
201300033488;0;7;0;0;2;4;23;B01
201300033489;0;7;0;0;1;2;15;A01
201300033490;0;2;0;0;2;1;2;A01
201300033490;0;10;0;0;2;4;2;B01
201300033491;0;1;0;0;2;7;1;B01
201300033491;0;7;0;0;2;1;9;A01
201300033492;0;7;0;0;2;4;2;B01
201300033492;0;7;0;0;2;1;2;A01
201300033493;0;10;0;0;2;4;2;B01
201300033493;0;7;0;0;2;4;15;C01
201300033493;0;7;0;0;2;1;1;A01
201300033494;0;1;0;0;2;7;1;B01
201300033494;0;7;0;0;2;3;9;A01
201300033495;0;1;0;0;1;0;0;A01
201300033496;0;7;0;0;2;2;10;A01
201300033496;0;31;0;1;2;3;1;B01
201300033497;0;33;0;0;2;7;3;A01
201300033497;0;7;0;0;2;1;9;B01
201300033498;0;33;0;12;0;1;1;A01
201300033498;0;33;0;12;0;4;1;B01
201300033499;0;7;0;0;2;2;1;A01
201300033499;0;33;0;0;2;3;9;B01
201300033500;0;7;0;0;2;8;1;A01
201300033500;0;2;0;0;2;1;1;B01
201300033501;0;7;0;0;1;7;1;A01
201300033502;0;7;0;0;2;1;1;A01
201300033502;0;10;0;0;2;4;1;B01
201300033502;0;7;0;0;2;4;1;C01
201300033503;0;37;1;0;2;4;23;A01
201300033503;0;7;0;14;2;4;2;B01
201300033503;1;7;0;0;2;1;2;Z01
201300033504;0;2;0;14;0;1;13;A01
201300033505;0;33;0;0;2;1;2;A01
201300033505;0;7;0;0;2;3;15;B01
201300033506;0;7;0;8;0;1;15;A01
201300033507;0;32;0;0;2;2;8;A01
201300033507;0;7;0;0;2;7;15;B01
201300033508;0;7;0;0;2;1;1;B01
201300033508;0;1;0;0;2;1;5;A01
201300033509;0;7;0;12;0;2;1;A01
201300033510;0;7;0;0;2;1;2;A01
201300033510;0;10;0;0;0;4;2;B01
201300033511;0;7;0;6;0;9;15;A01
201300033512;0;7;0;0;0;9;1;A01
201300033513;0;7;0;0;2;3;1;B01
201300033513;0;7;0;0;2;2;9;A01
201300033514;0;7;0;1;0;8;2;A01
201300033515;0;7;0;0;2;1;2;A01
201300033515;0;7;0;0;2;4;2;B01
201300033516;0;33;0;14;0;8;1;A01
201300033517;0;7;0;0;1;1;2;A01
201300033518;0;7;0;4;0;2;1;A01
201300033519;0;7;0;1;0;3;0;A01
201300033520;0;30;0;0;2;4;1;B01
201300033520;1;7;0;0;2;0;0;Z01
201300033521;0;7;0;3;0;3;1;A01
201300033522;0;7;0;0;2;1;2;A01
201300033522;0;7;0;0;2;4;23;B01
201300033523;0;7;0;0;2;2;16;B01
201300033523;0;30;0;0;2;0;0;A01
201300033524;0;33;0;0;2;1;1;B01
201300033524;0;7;0;0;2;3;15;A01
201300033525;0;7;0;0;1;2;1;A01
201300033526;0;1;0;0;2;8;9;B01
201300033526;0;7;0;0;2;7;1;A01
201300033527;0;7;0;0;1;1;0;A01
201300033528;0;7;0;0;2;2;1;A01
201300033528;0;33;0;0;2;4;1;B01
201300033529;0;31;0;0;2;1;17;A01
201300033529;0;7;0;0;2;8;15;B01
201300033530;0;7;0;0;2;2;15;A01
201300033530;0;1;0;0;2;1;1;B01
201300033531;0;7;0;0;1;1;1;A01
201300033532;0;7;0;0;2;4;2;B01
201300033532;0;7;0;0;2;4;2;C01
201300033532;0;7;0;0;2;1;2;A01
201300033533;0;7;0;0;2;4;1;B01
201300033533;0;7;0;0;2;1;2;A01
201300033534;0;7;0;7;0;1;1;A01
201300033535;0;10;0;0;2;4;0;A01
201300033535;0;7;0;0;2;4;23;B01
201300033536;0;7;0;0;2;4;2;B01
201300033536;0;10;0;0;2;1;2;A01
201300033537;0;7;0;0;0;9;1;A01
201300033538;0;33;0;0;2;8;1;B01
201300033538;0;1;0;0;2;7;12;A01
201300033539;0;7;0;0;2;6;15;A01
201300033539;0;32;0;0;2;7;12;B01
201300033540;0;7;0;11;1;2;15;A01
201300033541;0;17;0;0;2;1;1;B01
201300033541;0;15;0;0;2;1;1;A01
201300033542;0;7;0;0;2;4;2;B01
201300033542;0;7;0;0;2;3;2;A01
201300033543;0;7;0;0;1;7;1;A01
201300033544;0;7;0;0;1;1;1;A01
201300033545;0;7;0;0;1;1;1;A01
201300033546;0;7;0;0;1;4;4;A01
201300033547;0;7;0;0;2;1;1;A01
201300033547;0;1;0;0;2;0;21;B01
201300033548;0;7;0;0;2;3;1;A01
201300033548;0;7;0;0;2;3;2;C01
201300033548;0;7;0;0;2;3;15;B01
201300033549;0;7;0;0;1;8;1;A01
201300033550;0;7;0;0;2;7;1;B01
201300033550;0;33;0;0;2;1;16;A01
201300033551;0;7;0;0;1;2;0;A01
201300033552;0;7;0;0;2;3;1;A01
201300033552;0;7;0;0;2;3;1;B01
201300033553;0;7;0;0;2;8;11;B01
201300033553;0;13;0;0;2;1;1;A01
201300033554;0;99;0;0;2;2;1;A01
201300033554;0;7;0;0;2;1;1;B01
201300033555;0;33;0;0;2;8;1;B01
201300033555;0;7;0;0;2;8;9;A01
201300033556;0;7;0;0;2;8;0;B01
201300033556;1;7;0;0;2;3;0;A01
201300033557;0;7;0;6;0;1;1;A01
201300033558;1;7;0;0;1;0;0;A01
201300033559;0;7;0;0;2;3;20;A01
201300033559;0;1;0;0;0;0;0;B01
201300033560;0;2;0;0;0;0;1;A01
201300033561;0;7;0;0;2;1;2;A01
201300033561;0;10;0;0;2;4;2;B01
201300033562;0;1;0;8;0;7;0;B01
201300033562;0;7;0;0;0;1;0;A01
201300033563;0;7;0;1;0;4;4;A01
201300033563;0;1;0;1;2;1;21;B01
201300033564;0;7;0;0;2;7;1;B01
201300033564;0;7;0;0;0;1;21;A01
201300033565;1;7;0;0;0;1;16;Z01
201300033565;0;7;0;0;0;5;1;A01
201300033566;0;7;0;0;2;9;2;B01
201300033566;0;7;0;0;2;1;1;A01
201300033567;0;7;0;0;0;1;1;A01
201300033568;0;7;0;0;0;1;1;A01
201300033569;0;7;0;0;0;9;1;A01
201300033570;0;7;0;3;0;1;1;A01
201300033571;0;33;0;0;0;1;1;B01
201300033571;0;7;0;0;0;2;15;A01
201300033572;0;21;0;0;9;0;14;B01
201300033572;0;1;0;0;2;0;1;A01
201300033573;0;7;0;0;2;2;15;A01
201300033573;0;7;0;0;2;1;1;B01
201300033574;0;30;0;15;0;1;5;A01
201300033575;0;7;0;0;0;2;2;A01
201300033576;0;7;0;0;0;0;2;B01
201300033576;0;1;0;0;2;1;2;A01
201300033577;0;7;0;7;0;1;1;A01
201300033578;0;32;0;0;5;1;1;B01
201300033578;0;7;0;0;5;5;1;A01
201300033579;0;7;0;12;0;2;14;A01
201300033579;0;7;0;0;2;1;1;B01
201300033580;0;33;0;0;2;1;3;A01