num_acc;senc;catv;occutc;obs;obsm;choc;manv;num_veh
201300033580;0;7;0;0;2;3;9;B01
201300033581;0;33;0;7;0;0;0;A01
201300033582;0;7;0;1;1;3;2;A01
201300033583;0;7;0;0;0;5;16;A01
201300033583;0;1;0;0;0;2;1;B01
201300033584;0;14;0;12;0;7;15;A01
201300033585;0;7;0;8;0;1;0;A01
201300033586;0;7;0;0;2;3;0;B01
201300033586;0;30;0;0;2;1;1;A01
201300033587;0;7;0;1;0;3;15;A01
201300033588;0;7;0;9;2;1;1;B01
201300033588;0;7;0;9;2;5;23;A01
201300033589;0;7;0;0;1;1;1;A01
201300033590;0;7;0;0;2;2;19;A01
201300033590;0;7;0;0;2;2;21;B01
201300033591;0;2;0;0;2;0;2;B01
201300033591;0;7;0;0;2;3;15;A01
201300033592;0;2;0;0;1;1;1;A01
201300033593;0;7;0;0;2;3;15;A01
201300033593;0;1;0;0;2;1;1;B01
201300033594;0;7;0;0;1;8;15;A01
201300033595;0;7;0;0;1;3;16;A01
201300033596;0;7;0;1;0;1;1;A01
201300033597;0;31;0;0;2;1;1;B01
201300033597;1;7;0;0;2;1;15;Z01
201300033598;0;33;0;0;2;1;1;B01
201300033598;0;7;0;0;2;2;15;A01
201300033599;0;7;0;0;1;4;20;A01
201300033600;0;33;0;0;2;3;18;B01
201300033600;0;7;0;0;2;2;16;A01
201300033601;0;7;0;0;0;0;14;A01
201300033601;0;33;0;14;0;7;21;B01
201300033602;0;7;0;0;2;2;2;A01
201300033602;0;7;0;0;2;6;23;B01
201300033603;0;1;0;0;2;1;2;A01
201300033603;0;7;0;0;2;4;23;B01
201300033604;0;10;0;0;2;1;1;B01
201300033604;0;7;0;0;2;1;0;A01
201300033605;0;7;0;0;2;4;23;B01
201300033605;0;30;0;0;2;1;2;A01
201300033606;0;99;0;0;2;1;2;A01
201300033606;0;7;0;0;2;4;23;B01
201300033607;0;7;0;0;2;2;17;B01
201300033607;0;7;0;0;2;8;13;A01
201300033608;0;7;0;0;2;3;1;B01
201300033608;0;7;0;0;2;1;13;A01
201300033609;0;7;0;0;1;2;1;A01
201300033610;0;7;0;4;2;2;13;A01
201300033610;0;10;0;0;2;7;1;B01
201300033611;0;7;0;0;2;3;15;A01
201300033611;0;30;0;8;2;1;1;B01
201300033612;0;30;0;0;2;1;1;B01
201300033612;0;7;0;0;2;0;0;A01
201300033613;0;7;0;0;2;1;1;A01
201300033613;0;7;0;0;1;4;1;B01
201300033614;0;30;0;0;2;4;1;B01
201300033614;0;7;0;0;2;2;1;A01
201300033615;0;33;0;0;0;0;1;B01
201300033615;0;7;0;0;0;0;5;A01
201300033616;0;1;0;0;0;4;2;B01
201300033616;0;7;0;0;2;3;2;A01
201300033617;0;7;0;0;1;1;1;A01
201300033618;0;7;0;0;2;2;1;B01
201300033618;0;7;0;0;2;1;1;A01
201300033619;0;37;1;0;1;3;15;A01
201300033620;0;7;0;0;0;4;23;C01
201300033620;0;7;0;0;2;4;23;B01
201300033620;1;7;0;0;2;1;2;Z01
201300033621;0;7;0;8;0;1;1;A01
201300033622;0;7;0;0;1;1;1;A01
201300033623;0;7;0;0;1;5;17;A01
201300033624;1;2;0;0;0;0;2;A01
201300033624;0;2;0;0;2;8;2;B01
201300033625;0;7;0;0;2;1;17;A01
201300033625;0;37;1;0;2;8;1;B01
201300033626;0;7;0;0;2;3;15;B01
201300033626;0;31;0;0;2;7;2;A01
201300033627;0;7;0;14;0;4;2;B01
201300033627;0;7;0;0;2;1;2;A01
201300033628;0;7;0;2;0;1;13;A01
201300033629;0;7;0;0;1;1;1;A01
201300033630;0;7;0;9;0;1;1;A01
201300033631;0;7;0;3;2;1;1;A01
201300033631;0;7;0;12;2;1;1;B01
201300033631;0;7;0;12;2;1;1;C01
201300033632;0;7;0;0;9;1;7;B01
201300033632;0;1;0;0;2;1;16;A01
201300033633;0;7;0;0;1;2;1;A01
201300033634;0;10;0;1;0;1;1;A01
201300033635;0;7;0;0;1;2;1;A01
201300033636;0;31;0;0;2;7;1;B01
201300033636;0;7;0;0;2;7;15;A01
201300033637;0;30;0;0;1;1;1;A01
201300033638;0;7;0;0;1;2;1;A01
201300033639;0;10;0;0;2;2;1;A01
201300033639;0;1;0;0;2;3;19;B01
201300033640;0;7;0;0;1;7;1;A01
201300033641;0;14;0;0;2;7;16;A01
201300033641;0;1;0;0;2;8;1;B01
201300033642;0;7;0;0;2;3;15;A01
201300033642;0;31;0;0;2;7;17;B01
201300033643;0;32;0;0;1;2;17;A01
201300033644;0;7;0;0;2;3;1;B01
201300033644;0;7;0;6;2;1;15;A01
201300033645;0;10;0;0;2;5;13;B01
201300033645;0;37;1;0;2;1;13;A01
201300033646;0;7;0;0;1;3;16;A01
201300033647;0;10;0;0;2;1;1;A01
201300033647;0;7;0;0;2;4;1;B01
201300033648;0;7;0;0;2;8;9;A01
201300033648;0;7;0;0;2;2;1;B01
201300033649;0;7;0;0;2;4;23;B01
201300033649;0;1;0;0;2;1;1;A01
201300033650;0;7;0;0;1;1;1;A01
201300033651;0;7;0;8;0;1;1;A01
201300033652;0;7;0;15;0;7;1;A01
201300033653;0;7;0;0;2;1;9;B01
201300033653;0;33;0;1;2;2;3;A01
201300033654;0;7;0;0;2;3;1;B01
201300033654;0;7;0;0;2;2;15;A01
201300033655;0;2;0;0;2;1;1;B01
201300033655;0;7;0;0;2;1;15;A01
201300033656;0;7;0;0;2;7;16;A01
201300033656;0;2;0;0;2;8;0;B01
201300033657;0;32;0;0;2;0;1;B01
201300033657;0;7;0;0;2;3;16;A01
201300033658;0;7;0;0;2;1;2;A01
201300033658;0;7;0;0;0;4;1;B01
201300033659;0;7;0;0;1;3;2;A01
201300033660;0;7;0;0;1;6;15;A01
201300033661;0;14;0;0;2;2;2;A01
201300033661;0;7;0;0;0;4;2;B01
201300033662;0;7;0;0;1;0;1;A01
201300033663;0;33;0;12;2;0;17;A01
201300033663;0;7;0;12;2;0;15;B01
201300033664;0;7;0;0;1;1;1;A01
201300033665;0;7;0;0;1;2;0;A01
201300033666;0;7;0;0;2;4;1;A01
201300033666;0;7;0;0;2;1;2;B01
201300033666;0;7;0;0;2;1;2;C01
201300033667;0;7;0;0;1;1;15;A01
201300033668;0;7;0;0;1;1;1;A01
201300033669;0;7;0;1;2;1;13;A01
201300033669;0;7;0;0;2;3;24;B01
201300033670;0;7;0;0;1;2;1;A01
201300033671;0;7;0;0;2;3;1;B01
201300033671;0;7;0;0;2;1;15;A01
201300033672;0;7;0;1;0;2;14;A01
201300033673;0;40;25;0;2;2;1;B01
201300033673;0;7;0;0;4;1;1;A01
201300033674;0;7;0;0;2;2;1;B01
201300033674;0;1;0;0;2;2;16;A01
201300033675;0;10;0;0;2;6;4;C01
201300033675;0;7;0;0;2;8;1;B01
201300033675;0;7;0;0;2;3;13;A01
201300033676;1;7;0;0;2;0;9;Z01
201300033676;0;31;0;0;2;7;1;A01
201300033677;0;32;0;0;1;3;1;A01
201300033678;0;7;0;0;2;1;15;A01
201300033678;0;32;0;0;2;1;1;B01
201300033679;0;7;0;0;2;2;1;B01
201300033679;0;7;0;0;2;3;16;A01
201300033680;0;7;0;0;2;1;1;B01
201300033680;0;3;0;0;2;1;5;A01
201300033680;0;7;0;0;2;3;23;C01
201300033681;0;7;0;0;2;1;1;B01
201300033681;0;1;0;0;2;0;1;A01
201300033682;0;7;0;0;1;2;1;A01
201300033683;0;10;0;0;2;7;1;B01
201300033683;0;2;0;0;2;1;1;A01
201300033684;0;1;0;0;2;0;1;A01
201300033684;0;30;0;0;2;1;1;Z01
201300033685;0;30;0;0;2;1;5;A01
201300033685;0;7;0;0;2;8;15;B01
201300033686;0;30;0;0;2;7;1;A01
201300033686;0;10;0;0;2;1;1;B01
201300033687;0;7;0;0;2;7;15;B01
201300033687;0;33;0;0;2;1;1;A01
201300033688;2;7;0;0;2;1;15;Z01
201300033688;0;33;0;0;2;2;17;A01
201300033689;0;7;0;0;2;4;23;B01
201300033689;0;7;0;0;2;1;1;A01
201300033690;0;7;0;0;2;3;0;B01
201300033690;0;7;0;0;2;1;0;A01
201300033691;0;7;0;0;2;3;1;B01
201300033691;0;7;0;0;2;1;15;A01
201300033692;0;7;0;0;0;1;0;A01
201300033693;0;7;0;15;0;9;1;A01
201300033694;2;10;0;0;1;1;1;A01
201300033695;0;7;0;0;2;3;10;A01
201300033695;0;34;0;0;2;1;1;B01
201300033696;0;7;0;0;1;1;1;B01
201300033696;0;7;0;0;1;2;17;A01
201300033697;0;7;0;0;2;3;1;B01
201300033697;0;10;0;0;2;3;15;A01
201300033698;0;31;0;6;0;1;1;B01
201300033698;0;7;0;6;0;2;15;A01
201300033699;0;7;0;0;2;3;13;A01
201300033699;0;7;0;0;0;3;1;B01
201300033700;0;7;0;0;2;3;1;A01
201300033700;0;7;0;1;2;1;15;B01
201300033700;0;7;0;12;0;3;1;C01
201300033701;0;32;0;0;2;1;1;B01
201300033701;0;7;0;0;2;7;15;A01
201300033702;0;7;0;0;1;7;1;A01
201300033703;0;7;0;8;2;2;15;A01
201300033703;0;7;0;0;2;1;2;B01
201300033704;0;7;0;0;1;1;1;A01
201300033705;0;7;0;0;1;3;1;A01
201300033706;0;32;0;0;2;1;21;B01
201300033706;0;7;0;0;2;3;19;A01
201300033707;0;37;25;0;2;1;15;A01
201300033707;0;7;0;0;2;8;1;B01
201300033708;0;7;0;0;2;1;1;A01
201300033708;0;7;0;8;2;4;13;B01
201300033709;0;31;0;0;2;3;2;B01
201300033709;1;99;0;0;0;1;19;A01
201300033710;0;7;0;0;2;3;0;A01
201300033710;0;7;0;0;2;3;1;B01
201300033711;0;7;0;0;1;2;1;A01
201300033712;0;7;0;9;2;6;15;A01
201300033712;0;7;0;0;2;1;1;B01
201300033713;0;7;0;0;2;7;1;B01
201300033713;0;7;0;0;2;1;19;A01
201300033714;0;7;0;0;2;3;1;B01
201300033714;0;7;0;0;2;3;0;A01
201300033715;0;7;0;0;1;3;1;A01
201300033716;0;7;0;0;2;7;15;A01
201300033716;0;7;0;0;2;1;1;B01
201300033717;1;7;0;0;2;2;1;B01
201300033717;0;7;0;0;2;3;1;A01
201300033718;0;7;0;0;2;1;1;A01
201300033718;0;7;0;0;2;2;1;B01
201300033719;0;33;0;11;0;1;1;A01
201300033720;0;7;0;0;2;1;2;A01
201300033720;0;15;0;0;2;4;4;B01
201300033721;0;7;0;0;2;1;5;A01
201300033721;0;7;0;0;2;1;16;B01
201300033722;0;10;0;8;0;2;1;A01
201300033723;0;7;0;1;2;1;1;B01
201300033723;2;7;0;0;2;7;19;A01
201300033724;0;7;0;6;0;1;0;A01
201300033725;0;7;0;0;1;8;1;A01
201300033726;0;7;0;0;2;3;1;B01
201300033726;0;7;0;0;2;2;1;A01
201300033727;0;7;0;0;9;1;1;A01
201300033728;0;7;0;0;2;2;2;A01
201300033728;0;10;0;0;2;3;15;B01
201300033729;0;7;0;0;1;2;1;A01
201300033730;0;7;0;0;1;6;4;A01
201300033731;0;7;0;0;1;1;0;A01
201300033732;0;32;0;0;2;1;1;B01
201300033732;0;7;0;0;2;5;16;A01
201300033733;0;31;0;0;2;1;1;A01
201300033733;0;7;0;0;2;5;1;B01
201300033734;0;30;0;0;2;1;1;A01
201300033734;0;7;0;0;2;3;15;B01
201300033735;0;7;0;0;1;2;1;A01
201300033736;0;1;0;0;2;4;1;B01
201300033736;0;7;0;0;2;2;16;A01
201300033737;0;7;0;0;1;2;1;A01
201300033738;0;7;0;0;0;1;2;A01
201300033738;0;7;0;0;0;1;1;B01
201300033738;0;7;0;0;0;0;1;C01
201300033739;0;30;0;0;1;3;19;A01
201300033739;0;7;0;0;2;3;1;B01
201300033740;0;33;0;15;0;8;11;A01
201300033741;0;10;0;0;2;1;2;A01
201300033741;0;10;0;0;2;4;2;B01
201300033742;0;7;0;0;2;1;2;A01
201300033742;0;7;0;0;2;4;1;B01
201300033742;0;7;0;0;2;4;23;C01
201300033743;0;7;0;0;2;1;1;A01
201300033743;0;7;0;0;2;4;23;B01
201300033744;0;7;0;8;0;1;1;A01
201300033745;0;7;0;0;2;1;2;A01
201300033745;0;7;0;0;2;4;1;B01
201300033746;0;33;0;0;2;8;1;B01
201300033746;0;7;0;0;2;1;15;A01
201300033747;0;31;0;0;2;1;1;B01
201300033747;0;10;0;0;2;1;5;A01
201300033748;1;99;0;0;1;2;2;Z01
201300033749;0;7;0;0;2;2;1;A01
201300033749;0;7;0;0;2;3;15;B01
201300033750;0;7;0;0;2;2;1;A01
201300033750;0;7;0;0;2;3;1;B01
201300033751;1;30;0;0;1;1;1;Z01
201300033752;0;7;0;0;1;2;1;A01
201300033753;0;33;0;0;2;3;2;B01
201300033753;0;7;0;0;2;2;15;A01
201300033754;0;7;0;0;2;7;21;B01
201300033754;0;7;0;0;2;1;13;A01
201300033755;0;7;0;0;2;2;16;A01
201300033755;0;33;0;0;2;3;1;B01
201300033756;0;1;0;0;2;1;1;C01
201300033756;0;1;0;0;2;1;1;B01
201300033756;1;99;0;0;2;7;16;Z01
201300033757;0;7;0;0;2;1;15;A01
201300033757;0;7;0;0;2;6;1;B01
201300033758;0;1;0;0;2;4;1;B01
201300033758;1;7;0;0;2;1;1;Z01
201300033759;0;7;0;0;1;1;2;A01
201300033760;0;7;0;0;2;6;1;A01
201300033760;0;1;0;0;2;1;1;B01
201300033761;0;7;0;0;2;8;15;B01
201300033761;0;7;0;0;2;2;17;A01
201300033762;0;7;0;0;2;5;15;A01
201300033762;0;33;0;0;2;8;1;B01
201300033763;0;32;0;0;0;0;0;A01
201300033764;0;30;0;0;2;1;18;A01
201300033764;0;7;0;0;2;5;16;B01
201300033765;0;14;0;0;1;2;14;A01
201300033766;0;7;0;1;0;2;1;A01
201300033767;0;10;0;0;1;2;1;A01
201300033768;0;7;0;0;2;1;1;A01
201300033768;0;7;0;0;2;2;15;B01
201300033769;0;7;0;0;1;3;1;A01
201300033770;0;7;0;0;2;1;2;A01
201300033770;0;7;0;8;2;4;23;B01
201300033771;0;7;0;0;2;0;1;B01
201300033771;0;34;0;0;2;1;1;A01
201300033772;0;30;0;0;2;0;0;A01
201300033772;0;30;0;0;2;1;10;B01
201300033773;0;7;0;0;1;1;1;A01
201300033774;0;10;0;14;0;0;1;A01
201300033775;0;33;0;0;2;1;3;B01
201300033775;0;7;0;0;2;6;15;A01
201300033776;0;7;0;8;0;1;2;A01
201300033777;1;2;0;0;2;1;1;A01
201300033777;0;10;0;0;2;3;1;B01
201300033778;0;7;0;0;2;6;17;A01
201300033778;0;15;0;0;0;3;15;B01
201300033779;0;7;0;0;2;1;1;B01
201300033779;0;7;0;0;2;7;15;A01
201300033780;0;7;0;2;0;1;1;A01
201300033781;0;7;0;0;2;2;2;B01
201300033781;0;7;0;0;2;7;1;A01
201300033782;0;7;0;8;2;1;21;B01
201300033782;2;2;0;8;2;0;1;A01
201300033783;0;7;0;0;2;8;15;B01
201300033783;0;7;0;0;0;1;0;A01
201300033784;0;7;0;0;2;3;1;A01
201300033784;0;1;0;0;2;0;0;B01
201300033785;0;7;0;0;1;7;2;A01
201300033786;0;7;0;0;2;3;10;A01
201300033786;0;32;0;0;2;1;2;B01
201300033787;0;7;0;0;1;1;1;A01
201300033788;0;1;0;0;2;4;9;A01
201300033788;0;7;0;0;2;1;1;B01
201300033789;0;32;0;0;2;7;17;B01
201300033789;0;7;0;0;2;3;15;A01
201300033790;1;7;0;0;2;0;0;Z01
201300033790;1;30;0;1;2;0;1;A01
201300033791;0;33;0;0;2;1;1;B01
201300033791;0;7;0;0;2;7;15;A01
201300033792;0;10;0;0;2;2;1;A01
201300033792;0;3;0;0;2;8;15;B01
201300033793;0;7;0;0;1;1;15;A01
201300033794;0;7;0;0;1;2;1;A01
201300033795;0;2;0;0;2;1;2;A01
201300033795;0;7;0;0;0;1;0;B01
201300033796;0;7;0;0;2;1;17;B01
201300033796;0;10;0;0;2;6;15;A01
201300033797;0;7;0;1;0;3;20;B01
201300033797;0;1;0;1;0;1;1;A01
201300033798;0;7;0;0;2;6;9;B01
201300033798;0;30;0;0;2;2;2;A01
201300033799;0;7;0;0;2;8;1;A01
201300033799;0;7;0;0;2;1;19;B01
201300033800;1;33;0;0;1;0;1;Z01
201300033801;0;7;0;0;2;4;23;B01
201300033801;0;7;0;0;2;1;2;A01
201300033802;0;7;0;0;2;4;2;B01
201300033802;0;1;0;0;2;1;2;A01
201300033803;0;2;0;12;0;0;0;A01
201300033804;2;3;0;0;2;2;15;A01
201300033804;0;7;0;0;2;3;1;B01
201300033805;0;7;0;0;2;0;0;B01
201300033805;0;7;0;0;2;1;15;A01
201300033806;0;7;0;0;1;4;4;A01
201300033807;0;7;0;0;2;1;5;A01
201300033807;0;7;0;0;2;1;1;C01
201300033807;0;7;0;0;2;1;1;B01
201300033808;0;32;0;6;0;1;14;A01
201300033809;0;7;0;0;1;6;4;A01
201300033810;0;1;0;0;2;8;1;A01
201300033810;0;7;0;0;2;1;15;B01
201300033811;1;99;0;0;2;0;0;Z01
201300033811;0;7;0;0;2;8;1;B01
201300033812;0;7;0;0;2;5;1;A01
201300033812;0;7;0;0;2;1;1;B01
201300033813;0;7;0;0;2;5;9;A01
201300033813;0;7;0;0;2;3;2;B01
201300033814;0;7;0;0;1;5;4;A01
201300033815;0;7;0;0;2;4;2;B01
201300033815;0;7;0;0;2;1;2;A01
201300033816;0;7;0;0;2;4;2;B01
201300033816;0;7;0;0;2;1;2;A01
201300033817;0;7;0;0;2;3;1;A01
201300033817;1;34;0;0;2;0;15;X01
201300033818;1;7;0;0;2;1;1;Z01
201300033818;0;2;0;0;2;1;1;A01
201300033819;0;7;0;0;2;4;2;B01
201300033819;0;7;0;0;2;1;2;A01
201300033819;0;7;0;0;0;4;2;C01
201300033820;0;7;0;0;2;2;1;A01
201300033820;0;7;0;0;2;1;1;B01
201300033821;0;7;0;0;2;1;23;B01
201300033821;0;7;0;0;2;1;13;A01
201300033822;0;7;0;0;2;1;2;A01
201300033822;0;7;0;0;2;4;2;C01
201300033822;0;7;0;0;2;1;2;B01
201300033823;0;7;0;0;2;5;1;B01
201300033823;0;7;0;0;2;6;13;A01
201300033824;0;40;40;0;1;2;2;A01
201300033825;0;7;0;0;0;3;1;B01
201300033825;0;7;0;0;2;2;1;A01
201300033826;0;30;0;0;2;1;1;B01
201300033826;0;99;0;0;2;4;4;A01
201300033827;1;7;0;0;1;2;1;Z01
201300033828;0;7;0;0;2;2;2;C01
201300033828;0;7;0;0;2;2;14;A01
201300033828;0;7;0;8;2;3;1;B01
201300033829;0;7;0;0;2;1;2;A01
201300033829;0;7;0;0;2;4;1;B01
201300033830;0;7;0;0;2;1;5;A01
201300033830;0;7;0;0;0;1;1;B01
201300033831;0;32;0;1;0;7;1;A01
201300033832;0;30;0;0;2;2;1;B01
201300033832;0;7;0;0;2;3;9;A01
201300033833;0;7;0;1;2;1;9;A01
201300033833;0;33;0;0;2;7;1;B01
201300033834;0;7;0;0;1;8;2;A01
201300033835;0;7;0;0;2;4;2;B01
201300033835;0;7;0;0;2;4;1;C01
201300033835;0;7;0;0;2;1;2;A01
201300033836;1;30;0;0;1;1;1;Z01
201300033837;0;7;0;0;1;2;16;A01
201300033838;0;7;0;0;1;1;1;B01
201300033838;0;7;0;0;2;1;2;A01
201300033839;0;1;0;0;2;1;0;A01
201300033840;0;1;0;0;1;8;1;A01
201300033841;0;7;0;0;0;4;15;C01
201300033841;0;7;0;0;0;1;2;A01
201300033841;0;7;0;0;2;1;2;B01
201300033842;0;7;0;0;2;1;1;B01
201300033842;0;7;0;0;2;1;0;A01
201300033842;0;7;0;0;0;0;0;C01
201300033843;0;7;0;2;0;1;1;A01
201300033844;0;2;0;0;2;8;2;A01
201300033844;0;7;0;0;2;2;2;B01
201300033845;0;7;0;0;2;1;1;A01
201300033845;0;7;0;0;2;6;1;B01
201300033846;0;30;0;0;2;1;1;B01
201300033846;0;7;0;0;0;2;15;A01
201300033847;0;7;0;0;2;7;5;A01
201300033847;0;7;0;0;2;1;1;B01
201300033848;0;7;0;0;1;2;0;A01
201300033849;0;14;0;0;2;1;13;B01
201300033849;0;13;0;13;0;3;2;A01
201300033850;0;7;0;0;1;1;1;A01
201300033851;0;34;0;0;1;3;17;A01
201300033852;0;7;0;0;1;1;0;A01
201300033853;0;1;0;0;2;1;1;B01
201300033853;0;7;0;0;2;2;15;A01
201300033854;0;7;0;0;1;1;0;A01
201300033855;0;7;0;0;1;2;1;A01
201300033856;0;7;0;0;9;7;1;B01
201300033856;0;30;0;0;2;8;0;A01
201300033857;0;7;0;0;1;1;2;A01
201300033858;0;13;0;0;2;8;19;B01
201300033858;0;13;0;0;2;3;17;A01
201300033859;0;2;0;1;0;1;13;A01
201300033860;0;7;0;0;1;2;9;A01
201300033861;0;7;0;0;2;7;13;A01
201300033861;0;7;0;0;2;1;1;B01
201300033862;0;2;0;0;2;7;1;B01
201300033862;0;7;0;0;2;1;0;A01
201300033863;0;7;0;0;1;4;4;A01
201300033864;0;7;0;1;0;0;1;A01
201300033865;0;7;0;0;2;7;19;B01
201300033865;0;7;0;0;2;1;1;A01
201300033866;0;32;0;0;2;1;1;B01
201300033866;0;7;0;0;2;5;11;A01
201300033867;0;7;0;0;1;1;21;A01
201300033868;0;7;0;15;2;6;1;B01
201300033868;0;7;0;0;2;1;1;A01
201300033869;0;7;0;0;1;3;15;A01
201300033870;0;7;0;0;2;1;1;B01
201300033870;0;7;0;0;2;3;15;A01
201300033871;0;7;0;0;1;4;4;A01
201300033872;1;7;0;0;2;1;2;Z01
201300033872;0;10;0;0;2;4;23;B01
201300033872;0;7;0;0;2;1;1;A01
201300033873;0;7;0;0;1;1;1;A01
201300033874;0;7;0;0;1;1;1;A01
201300033875;0;7;0;0;2;2;23;A01
201300033875;0;32;0;0;2;3;18;B01
201300033876;0;7;0;0;1;2;1;A01
201300033877;0;7;0;0;2;3;16;A01
201300033877;0;7;0;0;2;1;23;C01
201300033877;0;30;0;0;2;1;1;B01
201300033878;0;7;0;0;2;1;1;A01
201300033878;0;1;0;0;2;8;1;B01
201300033879;0;33;0;0;2;2;21;B01
201300033879;0;7;0;0;2;3;9;A01
201300033880;0;7;0;0;2;4;23;B01
201300033880;0;7;0;0;2;1;1;A01
201300033880;0;37;1;0;2;4;23;C01
201300033881;0;7;0;0;2;1;1;A01
201300033881;0;1;0;0;2;0;19;B01
201300033882;0;7;0;0;1;3;1;A01
201300033883;0;10;0;0;2;3;10;A01
201300033883;0;32;0;0;2;2;2;B01
201300033884;0;7;0;1;0;1;1;A01
201300033884;0;7;0;0;2;4;1;B01
201300033884;0;7;0;0;2;4;1;C01
201300033885;0;10;0;0;1;1;15;A01
201300033886;0;1;0;0;2;0;1;B01
201300033886;0;40;50;0;2;0;15;A01
201300033887;0;7;0;0;2;3;15;A01
201300033887;0;1;0;0;2;1;1;B01
201300033888;0;7;0;0;2;3;23;B01
201300033888;1;7;0;0;2;3;16;Z01
201300033889;0;7;0;0;2;1;1;B01
201300033890;0;33;0;0;2;1;1;B01
201300033890;0;2;0;0;2;3;16;A01
201300033891;0;7;0;0;1;2;1;A01
201300033892;0;7;0;0;1;2;1;A01
201300033893;0;33;0;0;1;1;17;A01
201300033893;0;7;0;0;2;2;1;B01
201300033894;0;7;0;0;2;1;1;B01
201300033894;0;7;0;0;2;2;1;A01
201300033895;0;7;0;0;1;4;20;A01
201300033896;0;7;0;0;2;3;1;B01
201300033896;0;7;0;0;2;2;1;A01
201300033897;0;1;0;0;0;1;13;A01
201300033898;0;7;0;0;1;2;1;A01
201300033899;0;99;0;0;2;1;19;B01
201300033899;0;7;0;0;0;2;1;A01
201300033900;0;30;0;0;2;0;1;B01
201300033900;0;7;0;0;2;1;1;A01
201300033901;0;30;0;0;2;2;12;A01
201300033901;0;1;0;0;2;4;1;B01
201300033902;1;7;0;0;2;0;0;Z01
201300033902;0;30;0;0;2;8;9;A01
201300033903;0;7;0;0;2;1;5;A01
201300033903;0;7;0;0;2;1;1;B01
201300033904;0;30;0;8;2;7;0;A01
201300033904;0;7;0;0;2;1;1;B01
201300033905;0;7;0;8;2;2;17;B01
201300033905;0;7;0;0;2;3;15;A01
201300033906;0;7;0;0;2;1;1;A01
201300033906;0;7;0;7;2;2;1;B01
201300033907;0;40;35;0;2;0;1;B01
201300033907;0;40;35;0;4;0;1;A01
201300033908;0;7;0;0;2;1;1;A01
201300033908;0;7;0;1;2;2;1;B01
201300033909;0;7;0;0;1;3;1;A01
201300033910;0;31;0;0;2;1;1;A01
201300033910;0;7;0;0;2;5;23;B01
201300033911;0;1;0;0;2;3;1;B01
201300033911;0;7;0;0;2;0;1;A01
201300033912;0;7;0;0;1;1;1;A01
201300033913;0;10;0;0;1;2;1;A01
201300033914;0;7;0;0;1;4;0;A01
201300033915;0;7;0;0;2;4;2;B01
201300033915;0;34;0;0;2;1;1;A01
201300033916;0;10;0;0;1;1;1;A01
201300033917;2;7;0;0;1;0;0;A01
201300033918;0;7;0;0;2;6;1;A01
201300033918;0;7;0;0;2;3;1;B01
201300033919;1;7;0;0;1;0;1;A01
201300033920;0;7;0;15;1;2;1;A01
201300033921;0;7;0;0;1;2;2;A01
201300033922;0;1;0;0;2;1;0;B01
201300033922;0;7;0;0;9;1;16;A01
201300033923;0;7;0;0;2;2;15;A01
201300033923;0;32;0;0;2;1;1;B01
201300033924;0;10;0;0;1;1;16;A01
201300033925;1;99;0;0;0;0;0;Z01
201300033925;0;33;0;0;2;1;1;A01
201300033926;0;7;0;0;2;6;1;B01
201300033926;0;30;0;0;2;3;1;A01
201300033927;0;7;0;0;1;3;1;A01
201300033928;0;30;0;0;2;1;1;B01
201300033928;0;7;0;0;2;1;15;A01
201300033929;0;33;0;0;2;1;1;B01
201300033929;0;7;0;0;2;7;9;A01
201300033930;0;7;0;0;1;1;16;A01
201300033931;0;31;0;0;2;1;1;A01
201300033931;0;7;0;0;2;7;10;B01
201300033932;0;7;0;0;2;5;1;A01
201300033932;0;7;0;0;2;1;1;B01
201300033933;0;7;0;0;2;1;1;A01
201300033933;0;7;0;0;2;7;15;B01
201300033934;0;7;0;0;1;1;1;A01
201300033935;0;7;0;1;0;2;2;A01
201300033936;0;7;0;0;2;3;9;A01
201300033936;0;1;0;0;2;2;1;B01
201300033937;0;7;0;0;2;2;1;B01
201300033937;0;30;0;0;2;1;15;A01
201300033938;0;99;0;15;1;0;1;A01
201300033939;0;33;0;0;2;0;1;A01
201300033939;0;7;0;0;2;0;1;B01
201300033940;0;7;0;0;1;3;15;A01
201300033941;0;33;0;1;0;3;1;A01
201300033942;0;7;0;0;2;0;1;A01
201300033942;0;33;0;0;2;8;18;B01
201300033943;0;7;0;0;1;4;4;A01
201300033944;0;7;0;0;2;5;15;A01
201300033944;0;33;0;0;2;1;1;B01
201300033945;0;7;0;0;2;3;15;A01
201300033945;0;31;0;0;2;8;1;B01
201300033946;0;7;0;0;2;3;1;A01
201300033946;0;1;0;0;2;1;15;B01
201300033947;0;7;0;0;2;3;23;C01
201300033947;0;7;0;0;2;3;1;B01
201300033947;0;30;0;0;2;1;15;A01
201300033948;0;7;0;0;1;1;1;A01
201300033949;0;34;0;0;2;4;0;B01
201300033949;0;7;0;0;2;2;1;C01
201300033949;1;7;0;0;2;0;0;Z01
201300033950;0;7;0;0;2;4;13;A01
201300033950;0;7;0;0;2;3;1;B01
201300033951;0;7;0;0;1;3;1;A01
201300033952;0;7;0;0;1;1;1;A01
201300033953;1;99;0;0;1;0;0;Z01
201300033954;1;7;0;0;2;1;16;Z01
201300033954;0;1;0;0;2;7;1;B01
201300033955;0;30;0;15;2;1;1;A01
201300033955;0;7;0;0;2;3;1;B01
201300033956;1;7;0;0;1;0;0;Z01
201300033957;0;7;0;0;2;1;0;A01
201300033957;0;1;0;0;2;0;0;B01