num_acc;senc;catv;occutc;obs;obsm;choc;manv;num_veh
201300033958;0;30;0;0;1;1;14;A01
201300033958;1;7;0;0;0;0;0;Z01
201300033959;0;7;0;0;1;2;1;A01
201300033960;0;7;0;12;0;3;1;A01
201300033961;0;7;0;8;0;3;1;A01
201300033962;0;7;0;6;0;1;0;A01
201300033963;0;7;0;0;2;3;13;A01
201300033963;0;21;0;0;2;6;1;B01
201300033964;0;30;0;0;1;0;1;A01
201300033965;0;33;0;0;0;8;21;A01
201300033965;1;7;0;0;0;0;1;Z01
201300033966;0;14;0;0;2;2;16;B01
201300033966;0;33;0;0;2;8;1;A01
201300033967;0;7;0;0;2;3;9;A01
201300033967;0;1;0;0;2;0;1;B01
201300033968;0;2;0;0;0;0;1;A01
201300033969;0;7;0;0;1;2;1;A01
201300033970;0;7;0;0;2;3;15;A01
201300033970;0;34;0;0;2;7;1;B01
201300033971;0;10;0;6;0;7;1;A01
201300033972;0;30;0;0;2;2;17;A01
201300033972;0;7;0;0;2;3;1;B01
201300033973;0;7;0;1;2;3;9;A01
201300033973;0;7;0;0;2;2;21;B01
201300033973;0;7;0;0;2;3;24;C01
201300033974;0;7;0;0;2;1;15;B01
201300033974;0;30;0;0;2;7;1;A01
201300033975;0;7;0;0;1;2;1;A01
201300033976;0;7;0;0;2;2;0;C01
201300033976;0;7;0;1;1;7;17;B01
201300033977;0;40;35;0;1;1;1;A01
201300033978;0;2;0;8;0;2;1;A01
201300033979;0;7;0;0;2;1;1;A01
201300033979;0;7;0;0;2;4;1;B01
201300033980;0;7;0;6;0;2;15;A01
201300033981;0;7;0;0;1;8;1;A01
201300033982;0;7;0;14;2;2;15;B01
201300033982;0;10;0;2;2;1;1;A01
201300033983;0;7;0;1;2;6;9;A01
201300033983;0;7;0;12;2;2;0;B01
201300033984;0;37;2;0;2;2;1;A01
201300033984;1;7;0;15;2;5;15;Z01
201300033985;0;36;0;6;0;1;21;A01
201300033986;1;7;0;0;2;1;0;Z01
201300033986;0;1;0;0;2;4;1;A01
201300033987;0;7;0;0;2;1;2;B01
201300033987;0;7;0;0;2;3;2;A01
201300033988;0;7;0;0;2;3;1;E01
201300033988;0;7;0;0;2;1;1;D01
201300033988;0;7;0;0;2;0;1;C01
201300033988;0;7;0;0;2;1;1;A01
201300033988;0;7;0;0;2;7;1;B01
201300033989;0;7;0;0;2;3;15;A01
201300033989;0;33;0;0;2;2;17;B01
201300033990;1;10;0;0;1;0;0;Z01
201300033991;0;7;0;0;1;3;1;A01
201300033992;0;34;0;0;0;1;13;A01
201300033993;0;33;0;0;0;8;1;A01
201300033994;0;7;0;0;1;1;1;A01
201300033995;0;33;0;1;2;1;1;A01
201300033995;0;7;0;0;2;1;23;B01
201300033996;0;7;0;0;1;2;1;A01
201300033997;0;31;0;0;2;0;1;B01
201300033997;0;7;0;0;2;0;15;A01
201300033998;0;7;0;0;1;1;1;A01
201300033999;0;32;0;0;0;1;1;A01
201300034000;0;7;0;0;1;1;1;A01
201300034001;0;7;0;0;2;4;2;B01
201300034001;0;7;0;0;2;1;2;A01
201300034001;0;7;0;0;0;4;2;C01
201300034002;0;7;0;6;0;6;1;A01
201300034003;0;7;0;0;2;1;2;A01
201300034003;0;7;0;0;0;4;2;C01
201300034003;0;7;0;0;2;4;2;B01
201300034004;0;33;0;0;0;0;1;A01
201300034005;0;7;0;0;1;3;2;A01
201300034006;0;1;0;0;2;1;1;B01
201300034006;0;7;0;0;2;5;15;A01
201300034007;0;7;0;0;2;1;2;B01
201300034007;0;7;0;0;2;8;10;A01
201300034008;0;30;0;0;2;7;17;B01
201300034008;0;7;0;0;2;3;15;A01
201300034009;0;2;0;16;2;0;2;A01
201300034009;0;10;0;0;2;5;2;B01
201300034010;0;7;0;0;2;1;1;B01
201300034010;0;7;0;0;2;8;1;A01
201300034011;0;7;0;0;2;1;2;A01
201300034011;0;7;0;0;2;4;2;B01
201300034012;0;7;0;0;2;1;5;A01
201300034012;0;7;0;0;2;1;1;B01
201300034013;0;2;0;0;2;7;1;B01
201300034013;0;10;0;0;2;3;9;A01
201300034014;0;33;0;13;0;6;1;A01
201300034015;0;7;0;0;1;3;1;A01
201300034016;1;7;0;0;1;0;0;Z01
201300034017;0;7;0;12;2;2;1;A01
201300034017;0;7;0;0;2;2;1;B01
201300034018;0;7;0;0;2;7;22;A01
201300034018;0;1;0;0;2;1;18;B01
201300034019;0;7;0;0;2;1;2;A01
201300034019;0;7;0;0;2;4;1;B01
201300034020;0;7;0;0;1;2;1;A01
201300034021;0;33;0;0;2;1;1;A01
201300034021;0;7;0;0;2;6;15;B01
201300034022;0;7;0;0;2;1;2;A01
201300034022;0;7;0;0;2;4;23;B01
201300034023;0;1;0;0;2;7;1;A01
201300034023;0;7;0;0;2;3;15;B01
201300034024;0;7;0;0;1;4;4;A01
201300034025;0;7;0;0;2;4;1;C01
201300034025;0;7;0;0;2;1;2;A01
201300034025;0;7;0;0;2;4;2;B01
201300034026;1;7;0;0;1;3;1;Z01
201300034027;0;7;0;0;2;1;1;B01
201300034027;0;7;0;8;2;8;1;A01
201300034028;1;7;0;0;2;0;4;Z01
201300034028;0;33;0;0;2;8;21;A01
201300034029;0;33;0;0;2;7;1;B01
201300034029;0;17;0;0;2;1;1;A01
201300034030;0;7;0;0;2;3;1;B01
201300034030;0;7;0;0;2;1;15;A01
201300034031;0;7;0;8;0;8;17;A01
201300034032;0;7;0;0;2;1;2;A01
201300034032;0;7;0;0;2;4;1;B01
201300034033;0;7;0;0;2;3;15;B01
201300034033;0;33;0;0;2;7;17;A01
201300034034;0;31;0;7;2;7;15;A01
201300034034;0;7;0;0;2;1;1;B01
201300034035;0;40;40;0;2;1;1;B01
201300034035;0;7;0;0;4;8;1;A01
201300034036;0;7;0;0;2;1;1;A01
201300034036;0;7;0;0;2;4;2;B01
201300034037;0;7;0;0;2;1;1;A01
201300034037;0;1;0;0;2;7;1;B01
201300034038;0;7;0;0;2;3;1;A01
201300034038;0;7;0;0;2;3;1;B01
201300034039;0;33;0;0;2;2;1;B01
201300034039;0;7;0;0;2;3;15;A01
201300034040;0;2;0;0;2;7;17;B01
201300034040;0;7;0;0;2;8;13;A01
201300034041;0;30;0;0;2;1;1;A01
201300034041;0;7;0;0;2;3;15;B01
201300034042;0;33;0;1;0;1;13;A01
201300034043;0;7;0;0;2;2;1;B01
201300034043;0;7;0;0;2;4;19;A01
201300034044;0;7;0;0;2;1;19;A01
201300034044;0;7;0;0;2;1;1;B01
201300034045;0;7;0;0;2;3;1;B01
201300034045;0;7;0;0;2;1;15;A01
201300034046;0;7;0;0;2;1;1;A01
201300034046;0;7;0;0;2;7;1;B01
201300034047;0;7;0;0;2;1;1;B01
201300034047;1;33;0;0;2;0;1;A01
201300034048;0;2;0;1;0;1;18;A01
201300034048;0;17;0;0;2;5;23;B01
201300034049;0;7;0;0;2;1;1;B01
201300034049;0;7;0;0;2;4;1;A01
201300034050;1;7;0;0;1;2;0;Z01
201300034051;0;7;0;0;2;2;1;B01
201300034051;0;7;0;0;2;3;1;A01
201300034052;0;7;0;0;1;1;15;A01
201300034053;0;10;0;0;1;4;4;A01
201300034054;0;7;0;6;0;2;1;A01
201300034055;0;7;0;0;2;8;15;B01
201300034055;0;7;0;0;2;7;1;A01
201300034056;0;7;0;12;0;0;1;A01
201300034057;0;7;0;0;2;3;9;A01
201300034057;0;30;0;0;2;2;2;B01
201300034058;0;7;0;0;9;8;1;A01
201300034058;0;7;0;0;9;8;1;B01
201300034058;0;1;0;0;2;1;19;C01
201300034059;0;2;0;0;2;2;1;A01
201300034059;0;7;0;0;2;3;1;B01
201300034060;0;7;0;0;2;3;1;A01
201300034060;1;10;0;0;2;5;17;Z01
201300034061;0;7;0;0;2;5;2;B01
201300034061;0;7;0;0;2;5;15;C01
201300034061;0;7;0;0;2;3;1;A01
201300034062;0;7;0;0;2;3;15;A01
201300034062;0;7;0;0;2;3;1;B01
201300034063;0;7;0;15;2;5;15;B01
201300034063;0;7;0;0;2;1;1;A01
201300034064;0;7;0;0;2;1;2;A01
201300034064;0;7;0;0;2;4;1;B01
201300034065;0;7;0;0;2;1;15;A01
201300034065;0;7;0;0;2;4;2;B01
201300034066;0;7;0;0;0;7;15;A01
201300034066;0;7;0;0;2;3;1;B01
201300034067;0;7;0;0;2;1;1;A01
201300034067;0;7;0;0;2;4;2;B01
201300034068;0;7;0;0;2;1;1;A01
201300034068;0;7;0;7;2;3;1;B01
201300034069;0;7;0;0;2;3;15;B01
201300034069;0;7;0;0;2;2;17;A01
201300034070;0;7;0;1;2;3;9;B01
201300034070;0;7;0;0;2;2;1;A01
201300034071;0;7;0;0;2;1;1;A01
201300034071;0;7;0;0;2;4;2;B01
201300034072;0;7;0;0;2;1;1;B01
201300034072;0;10;0;0;2;1;13;A01
201300034073;0;7;0;0;2;4;15;D01
201300034073;0;7;0;0;2;1;1;A01
201300034073;0;7;0;0;2;4;2;B01
201300034073;0;7;0;0;2;4;2;C01
201300034074;0;7;0;0;2;4;2;B01
201300034074;0;7;0;0;2;1;1;A01
201300034075;0;7;0;0;2;1;1;A01
201300034075;0;7;0;0;2;3;1;B01
201300034076;0;7;0;15;0;0;0;A01
201300034077;0;7;0;0;0;6;15;A01
201300034077;0;33;0;0;2;1;2;B01
201300034078;0;7;0;0;9;3;0;A01
201300034078;0;1;0;0;0;7;0;B01
201300034079;0;10;0;1;0;8;24;B01
201300034079;0;17;0;1;1;2;14;A01
201300034080;0;7;0;12;2;1;9;A01
201300034080;0;7;0;8;2;8;16;B01
201300034081;0;31;0;0;1;1;14;A01
201300034082;0;7;0;0;2;5;17;A01
201300034082;0;1;0;0;2;8;15;B01
201300034083;0;7;0;13;0;4;1;B01
201300034083;0;7;0;0;2;1;1;A01
201300034084;0;7;0;4;0;1;16;A01
201300034085;0;2;0;0;2;2;15;A01
201300034085;0;7;0;0;2;1;1;B01
201300034086;0;7;0;0;1;1;15;A01
201300034087;0;33;0;0;2;1;1;B01
201300034087;0;7;0;0;2;8;9;A01
201300034088;0;31;0;8;0;2;17;A01
201300034089;0;30;0;1;0;2;14;A01
201300034090;0;1;0;0;2;1;23;B01
201300034090;2;7;0;15;2;1;13;A01
201300034091;0;7;0;0;1;8;13;A01
201300034092;2;7;0;0;1;1;1;A01
201300034093;0;7;0;0;2;3;1;B01
201300034093;0;31;0;0;2;1;17;A01
201300034094;0;1;0;0;2;8;9;B01
201300034094;0;7;0;0;2;1;9;A01
201300034095;0;7;0;8;0;4;14;A01
201300034096;0;7;0;0;2;1;1;B01
201300034096;2;7;0;0;2;1;13;A01
201300034097;0;7;0;0;1;1;1;A01
201300034098;0;7;0;2;0;7;13;A01
201300034099;0;7;0;0;2;1;1;B01
201300034099;0;7;0;0;2;6;9;A01
201300034100;0;30;0;0;2;2;1;B01
201300034100;0;7;0;0;2;3;9;A01
201300034101;0;7;0;15;0;1;14;A01
201300034102;0;37;3;0;1;1;9;A01
201300034103;0;7;0;0;2;3;2;A01
201300034103;0;7;0;0;0;2;15;B01
201300034104;0;7;0;0;2;3;1;A01
201300034104;0;1;0;0;2;8;1;B01
201300034105;0;7;0;0;2;2;9;A01
201300034105;0;33;0;0;2;0;2;B01
201300034106;0;7;0;0;1;3;15;A01
201300034107;0;7;0;0;1;4;4;A01
201300034108;0;30;0;0;2;1;1;B01
201300034108;0;7;0;0;2;2;9;A01
201300034109;0;7;0;0;2;1;1;A01
201300034109;0;7;0;0;2;1;1;B01
201300034110;0;7;0;0;2;1;1;B01
201300034110;0;7;0;6;2;3;19;A01
201300034111;0;7;0;0;2;2;15;A01
201300034111;0;33;0;0;2;1;1;B01
201300034112;0;7;0;0;2;1;15;A01
201300034112;0;7;0;0;2;1;1;B01
201300034113;0;7;0;13;2;1;5;A01
201300034113;0;17;0;3;2;3;1;B01
201300034114;0;7;0;0;2;2;15;A01
201300034114;0;7;0;0;2;3;1;B01
201300034115;0;7;0;0;2;1;17;A01
201300034115;0;7;0;0;2;1;1;B01
201300034116;0;7;0;0;2;1;1;A01
201300034116;0;7;0;0;2;4;1;B01
201300034117;0;2;0;0;2;1;1;A01
201300034117;0;7;0;0;0;4;1;B01
201300034118;0;7;0;0;2;1;15;A01
201300034118;0;7;0;0;2;8;1;B01
201300034119;0;10;0;0;1;4;4;A01
201300034120;0;1;0;0;2;8;0;A01
201300034120;0;7;0;0;2;1;1;B01
201300034121;0;7;0;0;2;1;1;A01
201300034121;0;7;0;0;2;8;15;B01
201300034122;0;31;0;0;2;1;17;A01
201300034122;0;7;0;0;2;8;19;B01
201300034123;0;7;0;0;2;3;9;A01
201300034123;0;1;0;0;2;2;1;B01
201300034124;0;7;0;0;2;2;9;A01
201300034124;0;7;0;0;1;1;1;B01
201300034124;0;7;0;0;0;3;0;D01
201300034125;0;1;0;0;2;1;5;A01
201300034125;0;7;0;0;2;1;1;B01
201300034126;0;7;0;0;2;3;15;A01
201300034126;0;7;0;0;2;7;1;B01
201300034127;0;7;0;0;2;1;15;A01
201300034127;0;7;0;0;2;1;1;B01
201300034128;0;7;0;0;1;1;1;A01
201300034129;0;7;0;0;1;1;1;A01
201300034130;0;7;0;0;1;2;1;A01
201300034131;0;31;0;0;2;1;1;B01
201300034131;0;7;0;0;2;8;15;A01
201300034132;0;33;0;0;2;1;17;A01
201300034132;0;7;0;0;2;1;9;B01
201300034132;0;7;0;0;2;3;23;C01
201300034133;0;30;0;0;2;7;19;A01
201300034133;0;37;1;0;2;1;7;B01
201300034134;0;7;0;0;1;8;1;A01
201300034135;0;7;0;0;1;1;1;A01
201300034136;0;7;0;0;2;2;15;A01
201300034136;0;33;0;0;2;1;1;B01
201300034137;0;33;0;0;2;1;17;B01
201300034137;0;7;0;7;2;8;15;A01
201300034138;0;7;0;0;1;2;1;A01
201300034139;0;7;0;0;1;2;1;A01
201300034140;0;7;0;0;2;7;15;A01
201300034140;0;31;0;0;2;1;1;B01
201300034141;0;7;0;0;2;2;15;A01
201300034141;0;7;0;0;2;1;1;B01
201300034142;0;7;0;0;1;1;1;A01
201300034143;0;7;0;0;2;1;1;B01
201300034143;0;7;0;0;2;3;15;A01
201300034144;0;2;0;0;2;1;1;B01
201300034144;0;10;0;0;2;3;15;A01
201300034145;0;7;0;0;2;7;15;A01
201300034145;0;7;0;0;2;1;1;B01
201300034146;0;7;0;0;2;8;15;A01
201300034146;0;2;0;0;2;1;1;B01
201300034147;0;7;0;0;2;1;13;A01
201300034147;0;7;0;0;2;1;1;B01
201300034148;0;7;0;0;1;0;1;A01
201300034149;0;7;0;0;2;3;1;B01
201300034149;0;7;0;0;2;3;15;A01
201300034150;0;7;0;0;1;1;1;A01
201300034151;0;7;0;0;2;1;9;A01
201300034151;0;31;0;0;2;8;1;B01
201300034151;0;7;0;14;0;5;23;C01
201300034152;0;7;0;0;2;2;15;A01
201300034152;0;1;0;0;2;7;1;Y01
201300034153;0;7;0;0;2;1;13;A01
201300034153;0;7;0;0;2;1;1;B01
201300034154;0;7;0;8;0;1;13;A01
201300034155;0;7;0;0;2;1;1;A01
201300034155;0;1;0;0;0;4;1;B01
201300034156;0;7;0;0;2;3;9;A01
201300034156;0;1;0;0;2;7;1;B01
201300034157;0;7;0;0;2;1;13;A01
201300034157;0;7;0;0;2;1;1;B01
201300034158;0;7;0;0;1;2;1;A01
201300034159;0;7;0;0;2;1;1;A01
201300034159;0;7;0;0;0;7;1;B01
201300034160;0;33;0;1;0;1;1;A01
201300034161;0;7;0;0;2;7;15;A01
201300034161;0;33;0;0;2;1;1;B01
201300034161;0;10;0;0;2;6;1;C01
201300034162;0;1;0;0;2;7;1;B01
201300034162;0;7;0;0;2;1;15;A01
201300034163;0;7;0;0;2;1;13;A01
201300034163;0;7;0;0;2;1;1;B01
201300034164;0;7;0;0;1;1;1;A01
201300034165;0;7;0;0;2;2;1;B01
201300034165;0;2;0;0;2;8;19;A01
201300034166;0;7;0;0;1;3;1;A01
201300034167;0;7;0;0;2;1;2;A01
201300034167;0;7;0;0;0;4;2;B01
201300034168;0;10;0;9;0;1;21;A01
201300034169;0;7;0;14;0;1;1;A01
201300034169;0;7;0;14;0;4;2;B01
201300034169;0;7;0;14;0;4;2;C01
201300034169;0;7;0;0;0;8;15;D01
201300034170;0;30;0;12;0;7;14;A01
201300034171;0;7;0;0;2;8;13;A01
201300034171;0;15;0;0;0;8;1;B01
201300034172;0;7;0;3;0;1;14;A01
201300034173;0;2;0;14;0;7;16;A01
201300034174;0;7;0;1;1;1;14;A01
201300034175;0;34;0;0;2;1;19;A01
201300034175;0;7;0;0;0;8;1;B01
201300034176;0;7;0;0;2;3;9;A01
201300034176;0;2;0;0;2;1;1;B01
201300034177;0;7;0;0;2;8;1;B01
201300034177;0;34;0;0;2;1;15;A01
201300034178;0;7;0;0;1;1;1;A01
201300034179;0;7;0;0;1;1;1;A01
201300034180;0;30;0;9;0;8;14;A01
201300034181;0;7;0;6;0;1;14;A01
201300034182;0;7;0;0;1;2;14;A01
201300034183;0;7;0;9;0;1;13;A01
201300034184;0;7;0;0;2;1;15;A01
201300034184;0;2;0;0;2;1;1;B01
201300034185;0;7;0;0;1;2;1;A01
201300034186;0;7;0;0;2;1;15;A01
201300034186;0;3;0;0;0;6;1;B01
201300034187;0;7;0;0;1;8;15;A01
201300034188;0;10;0;0;0;7;15;A01
201300034188;0;2;0;0;2;1;1;B01
201300034189;0;7;0;0;1;1;1;A01
201300034190;2;7;0;0;2;1;1;A01
201300034190;0;7;0;0;2;2;1;B01
201300034191;0;7;0;0;2;7;15;A01
201300034191;0;30;0;0;2;1;1;B01
201300034192;0;33;0;0;2;1;17;A01
201300034192;0;30;0;0;2;8;15;B01
201300034193;0;30;0;8;0;7;14;A01
201300034194;0;37;1;0;2;1;1;A01
201300034194;0;2;0;0;2;4;1;B01
201300034195;0;7;0;3;0;1;14;A01
201300034196;0;7;0;0;2;2;16;A01
201300034196;0;33;0;0;2;1;1;B01
201300034197;0;37;1;0;2;6;15;A01
201300034197;0;33;0;0;2;3;1;B01
201300034198;0;7;0;0;1;3;15;A01
201300034199;0;7;0;0;2;3;9;A01
201300034199;0;1;0;0;2;1;1;B01
201300034200;0;7;0;1;0;1;1;A01
201300034201;0;7;0;8;0;1;1;A01
201300034202;0;7;0;0;1;1;1;A01
201300034203;0;7;0;0;1;1;1;A01
201300034204;0;7;0;0;2;1;1;A01
201300034204;0;33;0;0;2;2;1;B01
201300034205;0;7;0;0;2;1;17;A01
201300034205;0;7;0;1;0;8;15;B01
201300034206;0;1;0;0;0;2;1;B01
201300034206;1;7;0;0;2;1;9;Z01
201300034207;0;33;0;0;0;0;0;A01
201300034208;0;33;0;0;2;5;16;A01
201300034208;0;1;0;0;2;0;1;B01
201300034209;0;2;0;0;2;1;1;B01
201300034209;0;7;0;0;2;3;15;A01
201300034210;0;7;0;0;2;7;1;A01
201300034210;0;1;0;0;2;1;1;B01
201300034211;0;33;0;2;0;0;1;A01
201300034212;0;7;0;0;1;3;1;A01
201300034213;0;2;0;0;0;1;1;A01
201300034214;0;10;0;0;0;3;1;A01
201300034214;0;7;0;0;2;1;1;B01
201300034215;1;10;0;0;2;1;14;Z01
201300034215;0;1;0;0;0;4;1;B01
201300034216;0;33;0;0;2;8;1;B01
201300034216;0;7;0;0;0;1;15;A01
201300034217;0;33;0;0;2;1;1;B01
201300034217;0;33;0;0;2;1;17;A01
201300034218;0;1;0;0;0;4;1;B01
201300034218;0;10;0;0;2;3;12;A01
201300034219;0;7;0;0;0;4;2;C01
201300034219;1;99;0;0;2;1;2;Z01
201300034219;0;10;0;0;2;4;2;B01
201300034220;0;33;0;1;2;1;17;A01
201300034220;0;7;0;0;0;6;1;C01
201300034221;0;7;0;0;1;8;1;A01
201300034222;0;7;0;0;2;1;1;B01
201300034222;1;7;0;0;2;3;1;Z01
201300034223;0;7;0;8;0;1;16;A01
201300034224;0;33;0;0;1;8;1;A01
201300034225;0;33;0;0;0;1;23;B01
201300034225;0;33;0;0;0;4;23;C01
201300034225;0;33;0;3;2;1;21;A01
201300034226;0;7;0;0;1;1;1;A01
201300034227;0;7;0;0;1;1;1;A01
201300034228;0;7;0;0;2;3;13;A01
201300034228;0;7;0;0;2;3;1;B01
201300034229;0;7;0;0;1;2;1;A01
201300034230;0;7;0;0;2;1;2;A01
201300034230;0;7;0;0;0;4;2;B01
201300034231;0;7;0;0;1;1;1;A01
201300034232;0;7;0;0;2;5;15;A01
201300034232;0;31;0;0;2;1;1;B01
201300034233;0;7;0;0;2;1;2;B01
201300034233;0;7;0;0;2;1;2;A01
201300034234;0;7;0;0;2;1;15;A01
201300034234;0;31;0;0;0;8;1;B01
201300034235;0;7;0;0;2;3;9;A01
201300034235;0;31;0;0;2;1;1;B01
201300034236;0;7;0;0;1;2;1;A01
201300034237;0;30;0;0;0;4;1;A01
201300034237;0;1;0;0;2;1;2;B01
201300034238;0;33;0;0;0;8;1;A01
201300034238;0;1;0;0;2;1;15;B01
201300034239;0;99;0;0;2;4;23;B01
201300034239;0;7;0;14;0;1;2;A01
201300034240;0;7;0;0;1;1;1;A01
201300034241;0;7;0;0;1;1;9;A01
201300034242;0;7;0;0;2;2;1;A01
201300034242;0;7;0;0;2;3;9;B01
201300034243;0;33;0;0;0;3;12;B01
201300034243;0;7;0;0;0;3;15;A01
201300034244;0;7;0;0;1;3;19;A01
201300034245;0;7;0;0;1;3;15;A01
201300034246;0;7;0;0;1;3;1;A01
201300034247;0;7;0;0;0;4;1;B01
201300034247;0;7;0;0;2;1;1;A01
201300034248;0;37;1;0;1;0;0;A01
201300034249;0;2;0;0;2;3;17;A01
201300034249;0;7;0;0;2;3;15;B01
201300034250;0;30;0;0;1;1;1;A01
201300034251;0;7;0;0;1;1;1;A01
201300034252;0;7;0;0;2;6;10;A01
201300034252;0;2;0;0;2;1;1;B01
201300034253;0;7;0;0;2;3;15;A01
201300034253;0;1;0;0;2;1;1;B01
201300034254;0;33;0;0;2;1;1;B01
201300034254;0;7;0;0;2;3;15;A01
201300034255;0;1;0;9;2;1;1;A01
201300034255;0;7;0;0;2;3;10;B01
201300034256;0;7;0;0;1;1;1;A01
201300034257;0;7;0;0;2;2;15;A01
201300034257;0;30;0;0;2;1;2;B01
201300034258;0;7;0;0;0;0;15;B01
201300034258;0;33;0;0;0;8;17;A01
201300034259;0;7;0;0;2;1;5;A01
201300034259;0;7;0;0;2;1;5;B01
201300034259;0;7;0;0;2;1;2;C01
201300034260;0;10;0;0;1;1;1;A01
201300034261;0;33;0;0;2;5;18;A01
201300034261;0;14;0;0;0;0;0;B01
201300034262;0;7;0;0;1;1;0;A01
201300034263;0;7;0;0;1;1;1;A01
201300034264;0;7;0;0;1;2;1;A01
201300034265;0;7;0;0;1;1;1;A01
201300034266;1;99;0;0;1;4;4;A01
201300034267;0;7;0;0;2;7;15;A01
201300034267;0;7;0;0;0;1;1;B01
201300034268;0;7;0;0;1;4;4;A01
201300034269;0;30;0;12;0;1;1;A01
201300034270;0;10;0;0;1;0;1;A01
201300034271;0;7;0;0;2;4;4;A01
201300034271;0;2;0;0;0;1;1;B01
201300034272;0;7;0;0;2;1;15;A01
201300034272;0;7;0;0;0;1;1;B01
201300034273;0;7;0;0;1;4;4;A01
201300034274;0;7;0;0;1;1;1;A01
201300034275;0;33;0;6;0;1;1;A01
201300034276;0;7;0;0;1;1;1;A01
201300034277;0;31;0;0;1;1;1;A01
201300034278;0;33;0;0;2;1;1;A01
201300034278;0;7;0;0;0;4;1;B01
201300034279;0;7;0;0;2;6;15;A01
201300034279;0;33;0;0;0;1;1;B01
201300034280;0;33;0;0;2;1;1;A01
201300034280;0;7;0;0;0;2;0;B01
201300034281;0;38;0;0;1;0;0;A01
201300034282;0;7;0;0;2;0;15;A01
201300034282;0;2;0;0;0;0;0;B01
201300034283;0;7;0;0;2;4;16;A01
201300034283;0;33;0;0;0;0;1;B01
201300034284;0;7;0;0;2;3;15;A01
201300034284;0;7;0;0;0;0;1;B01
201300034285;0;7;0;0;2;1;1;A01
201300034285;0;33;0;0;0;0;1;B01
201300034286;0;2;0;0;2;1;1;A01
201300034286;0;7;0;0;0;0;1;B01
201300034287;0;1;0;0;0;1;1;B01
201300034287;0;7;0;0;2;2;15;A01
201300034288;0;33;0;0;2;6;1;A01
201300034288;0;7;0;0;0;0;1;B01
201300034289;0;7;0;0;0;0;1;B01
201300034289;0;2;0;0;2;1;1;A01
201300034290;0;7;0;0;2;1;15;A01
201300034290;0;7;0;0;0;1;1;B01
201300034291;0;33;0;0;0;8;1;B01
201300034291;0;7;0;0;2;7;15;A01
201300034292;0;7;0;0;2;3;10;A01
201300034292;0;2;0;0;0;1;1;B01
201300034293;0;7;0;0;2;1;13;A01
201300034293;0;38;41;0;0;2;1;B01
201300034293;0;7;0;0;0;1;1;C01
201300034294;0;7;0;0;2;0;16;A01
201300034294;0;2;0;0;0;4;23;B01
201300034295;0;7;0;0;2;3;9;A01
201300034295;0;30;0;0;2;1;1;B01
201300034296;0;7;0;0;1;2;1;A01
201300034297;0;7;0;0;1;2;1;A01
201300034298;0;13;0;0;0;2;15;A01
201300034298;0;31;0;0;2;1;1;B01
201300034299;0;7;0;0;2;2;15;A01
201300034299;0;2;0;0;2;1;1;B01
201300034300;0;7;0;0;1;1;15;A01
201300034301;0;13;0;0;1;1;1;A01
201300034302;0;7;0;0;1;1;1;A01
201300034303;0;13;0;0;2;2;1;B01
201300034303;0;7;0;0;2;1;15;A01
201300034304;0;3;0;0;1;1;1;A01
201300034305;0;7;0;0;1;8;1;A01
201300034306;0;7;0;0;2;4;24;B01
201300034306;0;10;0;0;0;4;24;C01
201300034306;0;7;0;0;2;1;2;A01
201300034307;0;7;0;0;2;1;1;B01
201300034307;0;7;0;0;2;1;13;A01
201300034308;0;7;0;0;1;0;2;A01
201300034309;0;7;0;0;1;1;2;A01
201300034310;0;7;0;0;1;1;2;A01
201300034311;0;7;0;0;1;3;15;A01
201300034312;0;7;0;0;1;1;0;A01
201300034313;0;7;0;0;1;5;2;A01
201300034314;0;7;0;1;1;4;2;A01
201300034314;0;7;0;0;0;4;24;B01
201300034315;0;7;0;0;2;8;0;B01
201300034315;0;31;0;0;2;1;1;A01
201300034316;0;7;0;0;2;6;15;A01
201300034316;0;33;0;0;2;1;2;B01
201300034317;0;7;0;0;1;2;1;A01
201300034318;0;7;0;0;2;3;9;A01
201300034318;0;30;0;0;2;1;1;B01
201300034319;0;33;0;0;2;1;13;A01
201300034319;0;7;0;0;2;8;1;B01
201300034319;0;7;0;0;2;8;1;C01
201300034319;0;7;0;0;2;8;2;D01
201300034320;0;7;0;0;0;8;11;A01
201300034320;0;2;0;0;2;9;2;B01
201300034321;0;7;0;0;1;1;1;A01
201300034322;0;7;0;0;0;5;9;A01
201300034322;0;2;0;0;2;1;2;B01
201300034323;0;33;0;0;2;1;1;A01
201300034323;0;2;0;0;2;1;9;B01
201300034324;0;7;0;0;1;2;2;A01
201300034325;0;7;0;0;1;9;23;A01
201300034325;0;7;0;0;2;1;2;B01
201300034326;0;7;0;0;2;8;10;A01
201300034326;0;33;0;0;2;1;2;B01
201300034327;0;7;0;0;0;4;23;A01
201300034327;0;34;0;0;2;1;2;B01
201300034328;0;7;0;0;1;1;1;A01
201300034329;0;7;0;0;1;2;1;A01
201300034330;0;1;0;0;2;1;2;A01
201300034330;0;7;0;0;0;4;23;B01
201300034330;0;7;0;0;0;7;23;C01
201300034331;0;7;0;0;2;6;11;A01
201300034331;0;7;0;0;2;2;1;B01
201300034332;0;7;0;0;2;6;9;B01
201300034332;0;33;0;0;2;3;17;A01
201300034333;0;7;0;0;2;3;15;B01
201300034333;0;33;0;0;2;7;2;A01
201300034334;0;7;0;0;2;1;2;A01
201300034334;0;7;0;0;2;1;2;B01
201300034335;0;33;0;0;2;1;1;B01
201300034335;0;7;0;0;2;8;15;A01