num_acc;senc;catv;occutc;obs;obsm;choc;manv;num_veh
201300034336;0;7;0;0;2;3;15;A01
201300034336;0;30;0;0;2;3;1;B01
201300034337;0;7;0;0;1;2;2;A01
201300034338;0;7;0;0;2;3;15;B01
201300034338;0;32;0;0;2;8;17;A01
201300034339;0;7;0;0;2;3;9;A01
201300034339;0;1;0;0;2;1;2;B01
201300034340;0;7;0;0;2;8;9;A01
201300034340;0;2;0;0;2;7;0;B01
201300034341;0;7;0;0;2;0;9;A01
201300034341;0;1;0;0;2;0;1;B01
201300034342;0;7;0;0;2;3;19;A01
201300034342;0;7;0;0;2;1;1;B01
201300034343;0;7;0;0;1;1;9;A01
201300034344;0;7;0;0;1;1;16;A01
201300034345;0;7;0;0;1;1;17;A01
201300034346;0;7;0;0;2;2;15;A01
201300034346;0;1;0;0;2;1;2;B01
201300034347;0;7;0;0;1;3;2;A01
201300034348;0;7;0;0;1;1;16;A01
201300034349;0;7;0;0;1;2;15;A01
201300034350;0;7;0;0;1;1;2;A01
201300034351;1;7;0;0;1;1;2;A01
201300034352;0;13;0;0;2;1;2;A01
201300034352;0;7;0;0;2;4;2;B01
201300034353;0;7;0;0;2;1;13;A01
201300034353;0;7;0;0;2;1;1;B01
201300034354;0;7;0;0;2;3;9;A01
201300034354;0;10;0;0;2;1;1;B01
201300034355;0;7;0;0;2;1;1;B01
201300034355;0;32;0;0;2;6;15;A01
201300034356;0;7;0;0;2;3;1;A01
201300034356;0;7;0;0;2;3;1;B01
201300034357;0;7;0;0;2;1;1;A01
201300034357;0;3;0;0;0;4;23;B01
201300034357;0;7;0;0;2;6;1;C01
201300034358;0;7;0;0;2;3;13;A01
201300034358;0;7;0;0;2;3;1;B01
201300034359;0;7;0;6;0;2;1;A01
201300034360;0;7;0;0;2;8;15;B01
201300034360;0;7;0;0;2;1;1;A01
201300034361;0;7;0;0;2;1;13;A01
201300034361;0;7;0;0;2;2;21;B01
201300034362;0;30;0;0;2;1;17;A01
201300034362;0;7;0;0;2;3;2;B01
201300034363;0;13;0;0;1;1;1;A01
201300034364;0;30;0;0;2;1;11;A01
201300034364;0;7;0;0;2;3;1;B01
201300034365;0;33;0;0;0;2;5;A01
201300034365;0;7;0;0;0;3;11;B01
201300034366;0;1;0;0;2;1;0;A01
201300034366;0;37;14;0;9;2;1;B01
201300034367;0;7;0;0;1;2;2;A01
201300034368;0;1;0;0;0;1;1;B01
201300034368;0;7;0;0;0;3;1;A01
201300034369;0;7;0;0;1;2;1;A01
201300034370;1;7;0;0;1;2;1;A01
201300034371;0;7;0;0;1;1;15;A01
201300034372;0;30;0;13;0;7;1;A01
201300034373;0;7;0;0;1;1;16;A01
201300034374;0;7;0;0;1;0;11;A01
201300034375;0;7;0;1;0;1;13;A01
201300034376;0;7;0;0;2;1;1;A01
201300034376;0;7;0;0;2;6;15;B01
201300034377;0;30;0;0;1;1;17;A01
201300034378;0;7;0;0;2;3;1;A01
201300034378;0;7;0;0;2;2;1;B01
201300034379;0;33;0;0;2;1;13;A01
201300034379;0;7;0;0;0;1;1;B01
201300034379;0;1;0;0;0;4;13;C01
201300034380;0;7;0;0;9;2;1;A01
201300034380;0;1;0;0;2;1;1;B01
201300034381;0;7;0;0;1;3;0;A01
201300034381;1;99;0;0;0;0;0;Z01
201300034382;0;7;0;0;1;2;1;A01
201300034383;1;7;0;0;0;0;0;A01
201300034383;0;30;0;0;2;3;1;B01
201300034384;0;7;0;0;2;1;1;A01
201300034384;0;7;0;0;2;3;16;B01
201300034385;0;1;0;0;2;1;0;A01
201300034385;0;7;0;0;9;2;16;B01
201300034386;0;2;0;0;1;0;0;A01
201300034387;0;7;0;0;9;1;11;A01
201300034387;0;1;0;0;2;1;1;B01
201300034388;0;7;0;0;1;4;4;A01
201300034389;0;14;0;0;1;1;1;A01
201300034390;0;7;0;0;0;3;1;A01
201300034391;0;7;0;0;9;1;2;A01
201300034391;0;1;0;0;2;4;2;B01
201300034392;0;7;0;13;0;9;5;A01
201300034393;0;3;0;0;2;8;2;B01
201300034393;0;7;0;0;2;7;17;A01
201300034394;0;15;0;0;2;3;1;B01
201300034394;0;7;0;0;2;7;15;A01
201300034395;0;7;0;0;2;9;13;A01
201300034395;0;7;0;0;2;1;1;B01
201300034395;0;7;0;0;2;2;2;C01
201300034396;0;10;0;0;9;2;17;A01
201300034396;0;1;0;0;2;3;2;B01
201300034397;0;10;0;15;0;1;14;A01
201300034398;1;99;0;0;1;1;0;Z01
201300034399;0;2;0;0;2;1;1;B01
201300034399;0;7;0;0;2;3;15;A01
201300034400;0;7;0;0;1;1;1;A01
201300034401;0;7;0;0;1;8;1;A01
201300034402;0;7;0;15;0;3;13;A01
201300034403;0;2;0;0;0;0;1;A01
201300034404;0;2;0;0;2;8;1;B01
201300034404;0;7;0;0;2;2;9;A01
201300034405;0;10;0;0;2;3;1;B01
201300034405;0;7;0;0;2;3;13;A01
201300034406;0;7;0;0;0;9;0;A01
201300034407;0;33;0;0;5;1;1;A01
201300034407;0;7;0;0;5;1;1;B01
201300034408;0;7;0;0;2;8;0;B01
201300034408;0;7;0;0;2;3;0;C01
201300034408;0;7;0;0;2;3;0;A01
201300034409;0;7;0;0;2;4;2;C01
201300034409;0;7;0;0;2;4;2;D01
201300034409;0;7;0;0;2;4;2;B01
201300034409;0;10;0;0;2;1;2;A01
201300034410;0;15;0;0;2;2;2;A01
201300034410;0;21;0;0;2;3;23;B01
201300034411;0;7;0;0;1;1;0;A01
201300034412;2;10;0;8;0;1;0;A01
201300034413;0;7;0;0;2;1;2;A01
201300034413;0;7;0;0;0;4;23;B01
201300034414;0;7;0;0;2;7;12;A01
201300034414;0;30;0;0;2;8;2;B01
201300034415;0;7;0;0;1;1;16;A01
201300034416;0;7;0;0;2;8;15;A01
201300034416;0;7;0;0;2;3;1;B01
201300034417;0;7;0;8;0;2;14;A01
201300034418;0;7;0;0;0;9;14;A01
201300034419;0;10;0;0;1;1;2;A01
201300034420;0;33;0;0;2;1;1;B01
201300034420;0;7;0;0;2;3;11;A01
201300034421;0;30;0;0;1;1;1;A01
201300034422;0;10;0;0;2;3;1;C01
201300034422;0;7;0;0;2;8;1;B01
201300034422;0;7;0;0;2;3;13;A01
201300034423;0;7;0;6;0;2;14;A01
201300034424;0;2;0;0;0;0;0;A01
201300034425;0;7;0;0;2;2;1;B01
201300034425;0;7;0;0;0;3;15;A01
201300034426;0;7;0;0;2;3;13;A01
201300034426;0;30;0;0;2;1;1;B01
201300034427;0;7;0;0;2;4;2;B01
201300034427;0;7;0;0;2;1;2;A01
201300034428;0;7;0;3;0;1;1;A01
201300034429;0;7;0;0;1;1;15;A01
201300034430;0;7;0;0;1;1;1;A01
201300034431;0;7;0;0;2;4;2;C01
201300034431;0;7;0;0;2;1;2;A01
201300034431;0;7;0;0;2;4;2;B01
201300034432;0;7;0;0;2;7;1;B01
201300034432;0;7;0;0;2;8;11;A01
201300034433;0;7;0;6;0;1;11;A01
201300034434;1;1;0;0;1;8;16;A01
201300034435;0;7;0;0;2;1;0;B01
201300034435;0;1;0;0;2;1;0;A01
201300034436;0;7;0;1;0;2;1;A01
201300034437;0;33;0;0;0;0;0;A01
201300034438;0;33;0;0;2;1;17;A01
201300034438;0;7;0;0;2;8;15;B01
201300034439;1;17;0;0;0;5;0;Z01
201300034439;0;1;0;0;2;8;2;B01
201300034440;0;7;0;1;1;3;1;A01
201300034441;0;7;0;0;2;1;2;A01
201300034441;0;7;0;0;2;4;1;B01
201300034442;0;7;0;13;0;9;14;A01
201300034443;0;33;0;12;2;8;1;B01
201300034443;0;7;0;0;0;7;14;A01
201300034444;0;7;0;0;1;3;1;A01
201300034445;0;30;0;0;2;1;1;B01
201300034445;0;7;0;0;0;7;1;A01
201300034446;0;7;0;1;0;1;1;A01
201300034447;0;7;0;0;2;3;1;B01
201300034447;0;33;0;0;2;1;17;A01
201300034448;0;7;0;0;1;3;1;A01
201300034449;0;7;0;0;2;4;2;C01
201300034449;0;7;0;0;2;1;2;A01
201300034449;0;7;0;0;2;4;2;B01
201300034450;0;7;0;0;2;4;23;B01
201300034450;0;7;0;0;2;1;2;A01
201300034451;0;7;0;0;1;7;1;A01
201300034452;0;7;0;0;1;3;1;A01
201300034453;0;7;0;0;2;1;1;B01
201300034453;0;7;0;0;2;1;13;A01
201300034454;0;7;0;0;2;8;15;B01
201300034454;0;31;0;0;2;1;17;A01
201300034455;0;7;0;0;2;3;15;A01
201300034455;0;2;0;0;2;1;1;B01
201300034456;0;7;0;0;1;1;1;A01
201300034457;0;7;0;0;1;1;1;A01
201300034458;0;32;0;0;2;7;1;B01
201300034458;0;7;0;0;2;1;15;A01
201300034459;0;7;0;6;0;4;0;A01
201300034460;0;30;0;0;2;1;2;A01
201300034460;0;7;0;0;0;6;2;B01
201300034461;0;7;0;0;2;5;4;A01
201300034461;0;2;0;0;2;1;1;B01
201300034462;0;7;0;0;2;8;17;A01
201300034462;0;10;0;0;2;2;17;B01
201300034463;0;33;0;0;0;8;1;A01
201300034464;0;2;0;1;0;1;1;A01
201300034465;0;10;0;13;0;1;2;A01
201300034466;0;7;0;0;2;1;2;A01
201300034466;0;7;0;0;0;4;2;B01
201300034467;0;7;0;13;0;9;13;A01
201300034468;0;7;0;0;1;2;1;A01
201300034469;0;7;0;0;2;3;1;B01
201300034469;0;7;0;0;2;1;19;A01
201300034470;0;7;0;6;0;1;1;A01
201300034471;0;7;0;2;0;9;1;A01
201300034472;0;7;0;0;1;2;1;A01
201300034473;0;7;0;1;2;9;1;A01
201300034473;0;7;0;0;2;3;1;C01
201300034473;0;7;0;0;2;1;1;B01
201300034474;0;1;0;0;0;0;1;A01
201300034475;0;7;0;0;2;6;1;B01
201300034475;0;7;0;0;2;3;5;A01
201300034476;0;7;0;0;1;1;1;A01
201300034477;0;7;0;0;2;3;15;A01
201300034477;0;30;0;0;2;1;1;B01
201300034478;0;33;0;0;2;0;1;A01
201300034478;0;7;0;0;2;6;1;B01
201300034479;0;7;0;0;1;2;1;A01
201300034480;0;7;0;2;0;4;0;A01
201300034481;0;30;0;1;0;1;1;A01
201300034482;0;7;0;0;2;1;2;B01
201300034482;0;7;0;0;2;1;5;A01
201300034483;0;7;0;0;2;7;15;A01
201300034483;0;33;0;0;2;1;1;B01
201300034484;0;2;0;0;2;2;17;B01
201300034484;0;7;0;0;0;6;15;A01
201300034485;0;7;0;0;0;5;15;A01
201300034485;0;30;0;0;2;1;1;B01
201300034486;0;7;0;2;0;2;2;A01
201300034487;0;1;0;0;2;1;16;B01
201300034487;0;7;0;0;2;2;1;A01
201300034488;0;2;0;0;1;1;1;A01
201300034489;0;15;0;0;2;2;1;C01
201300034489;0;7;0;5;2;1;1;A01
201300034489;0;17;0;0;2;4;2;B01
201300034490;0;7;0;2;0;9;13;A01
201300034491;0;7;0;0;1;2;1;A01
201300034492;0;1;0;0;2;8;15;B01
201300034492;0;7;0;0;2;1;1;A01
201300034493;0;7;0;3;0;7;1;A01
201300034494;0;7;0;0;2;3;15;A01
201300034494;0;31;0;0;2;8;1;B01
201300034495;1;7;0;0;1;8;15;Z01
201300034496;0;7;0;14;0;9;1;B01
201300034496;0;7;0;0;2;4;1;C01
201300034496;0;7;0;14;0;1;1;A01
201300034497;0;10;0;0;1;3;15;A01
201300034498;0;7;0;0;1;2;1;A01
201300034499;0;7;0;0;2;2;15;A01
201300034499;0;2;0;0;2;1;1;B01
201300034500;0;30;0;0;2;1;15;A01
201300034500;0;7;0;0;2;3;1;B01
201300034501;0;33;0;0;2;1;1;B01
201300034501;0;7;0;0;2;1;15;A01
201300034502;1;7;0;0;1;0;0;A01
201300034503;0;7;0;0;1;1;1;A01
201300034504;0;7;0;0;2;6;23;B01
201300034504;0;33;0;1;0;2;1;A01
201300034505;0;30;0;0;2;7;17;B01
201300034505;0;7;0;0;2;3;16;A01
201300034506;0;7;0;0;2;1;15;A01
201300034506;0;1;0;0;2;8;1;B01
201300034507;0;7;0;0;1;1;1;A01
201300034508;0;31;0;0;2;1;1;A01
201300034508;0;37;1;0;2;5;15;B01
201300034509;0;7;0;0;1;2;1;A01
201300034510;0;7;0;0;1;1;1;A01
201300034511;0;7;0;7;0;1;1;A01
201300034512;0;7;0;0;2;1;1;C01
201300034512;0;10;0;0;2;4;23;E01
201300034512;1;7;0;0;0;;;A01
201300034512;0;7;0;16;0;9;1;B01
201300034512;0;7;0;0;2;4;23;D01
201300034512;0;7;0;0;2;1;1;F02
201300034513;0;33;0;0;2;1;1;B01
201300034513;0;7;0;0;2;8;15;A01
201300034514;1;7;0;0;2;1;15;Z01
201300034514;0;30;0;0;2;1;1;A01
201300034515;0;7;0;0;1;1;1;A01
201300034516;0;31;0;0;2;1;1;A01
201300034516;0;7;0;0;2;8;1;B01
201300034517;2;7;0;1;0;1;0;A01
201300034518;0;7;0;16;0;9;1;A01
201300034519;0;2;0;0;1;0;1;A01
201300034520;0;30;0;0;2;3;9;B01
201300034520;0;7;0;0;2;1;1;A01
201300034521;1;7;0;0;1;1;1;A01
201300034522;0;7;0;0;2;1;13;A01
201300034522;0;7;0;0;2;3;1;B01
201300034523;0;20;0;0;2;8;1;B01
201300034523;0;17;0;5;2;7;17;A01
201300034524;0;7;0;14;0;1;1;A01
201300034525;0;7;0;0;1;2;1;A01
201300034526;0;7;0;0;1;1;1;A01
201300034527;0;7;0;0;2;3;15;A01
201300034527;0;2;0;1;2;4;1;B01
201300034528;0;7;0;0;1;0;23;A01
201300034529;0;7;0;0;1;1;1;A01
201300034530;0;7;0;0;2;1;1;A01
201300034530;0;2;0;0;2;8;9;B01
201300034531;0;30;0;0;2;1;1;A01
201300034531;0;17;0;0;2;6;23;B01
201300034532;0;7;0;8;0;1;1;A01
201300034533;0;7;0;8;0;1;1;A01
201300034534;0;31;0;0;2;2;1;A01
201300034534;1;7;0;0;2;0;10;Z01
201300034535;2;7;0;0;2;3;15;A01
201300034535;0;7;0;0;2;7;1;B01
201300034536;0;30;0;0;1;1;1;A01
201300034537;1;7;0;0;1;1;1;Z01
201300034538;0;30;0;0;0;0;1;A01
201300034539;0;7;0;0;2;1;1;A01
201300034539;0;7;0;0;2;8;15;B01
201300034540;0;1;0;0;0;0;0;A01
201300034541;0;7;0;0;2;5;10;A01
201300034541;0;30;0;0;2;1;1;B01
201300034542;0;7;0;4;0;3;1;A01
201300034543;0;33;0;16;0;7;1;A01
201300034544;0;7;0;0;2;4;23;B01
201300034544;0;33;0;0;2;1;2;A01
201300034545;0;2;0;16;0;7;1;A01
201300034546;0;33;0;1;2;1;17;A01
201300034546;0;7;0;0;2;8;15;B01
201300034547;0;7;0;4;0;8;1;A01
201300034548;0;2;0;0;2;1;1;A01
201300034548;1;7;0;0;2;2;1;Z01
201300034549;0;40;0;0;1;1;1;A01
201300034550;0;7;0;0;2;8;23;A01
201300034550;1;7;0;0;2;3;16;Z01
201300034551;0;7;0;1;0;1;1;A01
201300034552;0;30;0;6;0;1;1;A01
201300034553;0;1;0;0;2;1;1;A01
201300034553;0;7;0;0;2;3;1;B01
201300034554;0;7;0;0;2;4;1;B01
201300034554;0;33;0;0;2;1;1;A01
201300034555;0;2;0;12;0;1;15;A01
201300034556;1;7;0;0;1;0;0;A01
201300034557;0;7;0;0;1;3;15;A01
201300034558;0;7;0;0;2;3;1;B01
201300034558;0;7;0;0;2;1;1;A01
201300034559;0;30;0;0;2;1;1;A01
201300034559;0;7;0;0;2;4;1;B01
201300034560;0;30;0;0;0;1;1;A01
201300034561;0;7;0;3;0;3;1;A01
201300034562;0;7;0;0;2;3;1;B01
201300034562;0;2;0;0;2;1;1;A01
201300034563;0;7;0;0;2;8;10;A01
201300034563;0;33;0;0;2;1;1;B01
201300034564;0;7;0;0;1;3;1;A01
201300034565;0;30;0;2;0;3;1;A01
201300034566;0;7;0;0;1;1;1;A01
201300034567;0;2;0;0;2;1;1;A01
201300034567;0;7;0;0;2;2;15;B01
201300034568;0;7;0;0;2;3;1;B01
201300034568;0;7;0;0;2;3;1;A01
201300034569;0;30;0;0;2;1;2;A01
201300034569;0;10;0;0;2;4;2;B01
201300034570;0;7;0;16;0;9;1;A01
201300034571;0;7;0;0;1;4;4;A01
201300034572;0;10;0;0;2;2;1;B01
201300034572;0;7;0;0;2;8;9;A01
201300034573;0;7;0;0;1;3;1;A01
201300034574;0;33;0;0;0;4;1;B01
201300034574;0;33;0;0;2;1;2;A01
201300034575;0;34;0;4;0;8;1;A01
201300034576;0;7;0;6;0;1;1;A01
201300034577;0;30;0;15;0;2;1;A01
201300034578;0;31;0;0;2;1;13;B01
201300034578;0;7;0;0;2;8;10;A01
201300034579;0;7;0;0;2;4;23;B01
201300034579;0;7;0;0;2;1;1;A01
201300034580;0;7;0;0;1;1;1;A01
201300034581;0;1;0;0;1;1;1;A01
201300034582;0;33;0;0;2;1;1;B01
201300034582;1;7;0;0;2;8;10;A01
201300034583;0;7;0;0;1;2;1;A01
201300034584;0;7;0;0;1;1;1;A01
201300034585;0;37;1;0;2;4;23;B01
201300034585;0;33;0;0;2;1;1;A01
201300034586;0;7;0;0;1;1;17;A01
201300034587;0;33;0;0;2;1;1;B01
201300034587;0;7;0;0;2;1;15;A01
201300034588;0;30;0;0;2;1;1;A01
201300034588;0;7;0;0;2;4;23;B01
201300034589;0;7;0;0;2;1;1;A01
201300034589;0;7;0;0;2;4;1;B01
201300034590;0;1;0;0;2;1;1;A01
201300034590;0;7;0;0;2;7;16;B01
201300034591;0;7;0;0;2;1;13;A01
201300034591;0;7;0;0;2;1;1;B01
201300034592;0;7;0;4;0;3;1;A01
201300034593;0;7;0;0;2;1;1;B01
201300034593;0;2;0;0;2;7;15;A01
201300034594;0;33;0;0;2;1;17;A01
201300034594;0;7;0;0;2;3;15;B01
201300034595;0;1;0;0;1;1;1;A01
201300034596;0;30;0;0;0;0;1;A01
201300034597;0;2;0;0;2;1;5;A01
201300034597;0;7;0;0;2;1;1;B01
201300034598;0;33;0;0;2;1;2;A01
201300034598;0;7;0;0;2;4;23;B01
201300034599;0;2;0;16;0;8;1;A01
201300034600;0;2;0;16;0;7;1;A01
201300034601;0;7;0;0;2;7;23;B01
201300034601;0;1;0;0;2;1;1;A01
201300034602;1;7;0;0;2;2;1;A01
201300034602;0;1;0;0;2;3;9;B01
201300034603;0;7;0;0;2;8;1;B01
201300034603;0;7;0;0;2;1;1;A01
201300034604;0;1;0;0;2;8;1;A01
201300034604;0;7;0;0;2;1;1;B01
201300034605;0;7;0;16;0;9;1;A01
201300034606;0;31;0;0;2;1;1;A01
201300034606;0;7;0;0;2;4;10;B01
201300034607;0;7;0;0;2;1;1;A01
201300034607;0;7;0;0;2;3;1;B01
201300034608;0;7;0;0;1;3;15;A01
201300034609;0;33;0;0;2;1;1;B01
201300034609;0;7;0;0;2;2;15;A01
201300034610;0;7;0;0;2;1;1;A01
201300034610;0;1;0;0;2;8;16;B01
201300034611;2;30;0;0;2;1;1;A01
201300034611;1;31;0;0;2;1;1;Z01
201300034612;0;31;0;0;2;1;1;B01
201300034612;0;7;0;0;2;7;15;A01
201300034613;0;7;0;0;2;1;1;C01
201300034613;0;10;0;0;2;2;1;B01
201300034613;0;7;0;0;2;1;16;A01
201300034614;0;1;0;0;2;3;19;A01
201300034614;0;7;0;0;2;1;1;B01
201300034615;0;1;0;0;0;0;1;A01
201300034616;0;30;0;0;2;7;15;B01
201300034616;0;7;0;0;2;8;15;A01
201300034617;0;7;0;0;1;2;1;A01
201300034618;0;1;0;0;0;0;16;A01
201300034619;0;7;0;0;2;3;13;A01
201300034619;0;7;0;0;2;1;23;C01
201300034620;0;7;0;4;0;3;1;A01
201300034621;0;33;0;0;2;2;1;B01
201300034621;0;7;0;0;2;1;15;A01
201300034622;1;7;0;0;1;1;14;Z01
201300034623;0;7;0;0;2;3;15;A01
201300034623;0;30;0;0;2;3;1;B01
201300034624;0;7;0;1;2;1;1;A01
201300034624;0;7;0;0;2;8;1;B01
201300034625;0;7;0;0;1;1;16;A01
201300034626;0;7;0;0;2;5;15;A01
201300034626;0;30;0;0;2;1;1;B01
201300034627;0;2;0;16;0;0;1;A01
201300034628;0;7;0;0;2;7;15;A01
201300034628;0;33;0;0;2;1;1;B01
201300034629;0;31;0;0;2;7;2;A01
201300034629;0;7;0;0;9;6;2;B01
201300034630;0;7;0;0;2;7;14;A01
201300034630;0;1;0;0;2;1;1;B01
201300034631;0;30;0;0;2;1;1;A01
201300034631;0;7;0;0;2;7;1;B01
201300034632;0;1;0;14;0;0;0;A01
201300034633;0;30;0;0;0;0;1;A01
201300034634;0;33;0;11;0;0;0;A01
201300034635;0;31;0;0;2;8;1;B01
201300034635;0;7;0;0;2;1;15;A01
201300034636;0;7;0;0;1;1;1;A01
201300034637;1;17;0;0;0;0;0;B01
201300034637;0;30;0;0;2;5;1;A01
201300034638;0;7;0;0;0;0;15;A01
201300034638;0;33;0;0;2;0;1;B01
201300034639;0;7;0;0;0;1;0;A01
201300034639;0;31;0;0;0;1;0;B01
201300034640;0;7;0;0;2;1;2;A01
201300034640;0;3;0;0;2;4;2;B01
201300034641;0;7;0;0;1;0;0;A01
201300034642;0;7;0;0;2;3;1;B01
201300034642;0;32;0;0;2;7;1;A01
201300034643;0;1;0;0;0;1;1;A01
201300034644;0;99;0;0;0;0;1;A01
201300034645;0;7;0;0;0;7;15;A01
201300034645;0;30;0;0;0;1;1;B01
201300034646;0;7;0;0;2;3;15;A01
201300034646;0;7;0;0;2;3;1;B01
201300034647;1;7;0;0;1;1;1;Z01
201300034648;0;7;0;14;0;1;1;A01
201300034648;0;7;0;4;0;1;1;B01
201300034649;0;37;1;0;1;1;16;A01
201300034650;0;30;0;16;0;0;1;A01
201300034651;2;7;0;0;1;4;4;A01
201300034652;1;30;0;0;1;0;0;A01
201300034653;0;1;0;15;0;1;1;A01
201300034654;0;7;0;0;2;2;15;A01
201300034654;0;1;0;0;2;1;1;B01
201300034655;0;30;0;0;0;1;0;A01
201300034655;0;7;0;0;0;8;0;B01
201300034656;0;7;0;0;0;0;1;A01
201300034657;0;14;0;0;2;5;12;A01
201300034657;0;7;0;0;2;8;1;B01
201300034658;0;30;0;11;0;1;1;A01
201300034659;1;33;0;16;0;0;1;A01
201300034660;0;33;0;0;2;8;15;A01
201300034660;0;7;0;0;2;2;1;B01
201300034661;0;2;0;0;2;1;1;B01
201300034661;0;7;0;0;2;7;1;A01
201300034662;0;7;0;0;2;8;22;A01
201300034662;0;2;0;0;2;1;1;B01
201300034663;0;1;0;1;0;3;15;A01
201300034664;0;30;0;0;2;8;1;B01
201300034664;0;7;0;0;2;2;15;A01
201300034665;0;10;0;0;2;7;1;B01
201300034665;0;30;0;0;2;1;9;A01
201300034666;0;7;0;15;0;8;1;A01
201300034667;0;30;0;1;0;1;1;A01
201300034668;0;10;0;16;0;9;1;A01
201300034669;0;7;0;0;1;3;0;A01
201300034670;0;7;0;0;2;1;15;A01
201300034670;0;33;0;0;2;1;1;B01
201300034671;0;7;0;0;1;1;0;A01
201300034672;0;10;0;0;2;8;15;B01
201300034672;0;7;0;0;2;1;1;A01
201300034673;0;7;0;0;0;1;9;A01
201300034674;0;10;0;0;1;2;1;A01
201300034675;0;7;0;0;1;2;1;A01
201300034676;0;15;0;0;2;4;23;B01
201300034676;0;33;0;0;2;1;1;A01
201300034677;1;7;0;0;2;5;12;A01
201300034677;0;7;0;4;2;3;1;B01
201300034678;0;30;0;0;1;1;1;A01
201300034679;0;7;0;0;1;1;1;A01
201300034680;0;30;0;0;1;1;16;A01
201300034681;0;7;0;0;2;2;14;B01
201300034681;0;33;0;0;2;3;18;A01
201300034682;1;10;0;0;1;2;1;Z01
201300034683;0;7;0;0;1;1;1;A01
201300034684;1;99;0;0;2;1;2;Z01
201300034684;0;10;0;0;0;4;2;A01
201300034684;0;10;0;0;2;9;2;C01
201300034684;0;7;0;0;2;9;2;D01
201300034684;0;7;0;0;2;1;2;B01
201300034685;0;30;0;0;1;1;1;A01
201300034686;0;7;0;0;2;1;15;A01
201300034686;0;31;0;0;2;7;1;B01
201300034687;0;7;0;7;0;9;1;A01
201300034688;0;1;0;0;2;7;1;A01
201300034688;1;7;0;0;2;1;9;Z01
201300034689;0;7;0;0;1;2;16;A01
201300034690;0;3;0;0;1;1;15;A01
201300034691;0;33;0;4;0;1;1;A01
201300034692;0;7;0;0;1;1;1;A01
201300034693;0;7;0;0;2;1;1;B01
201300034693;0;7;0;0;2;5;1;A01
201300034694;1;30;0;0;1;1;0;Z01
201300034695;0;7;0;0;1;1;1;A01
201300034696;0;7;0;0;2;1;2;A01
201300034696;0;7;0;0;0;4;2;B01
201300034697;0;7;0;0;2;1;1;A01
201300034697;0;7;0;6;2;7;1;B01
201300034698;0;7;0;0;1;1;15;A01
201300034699;0;7;0;0;2;2;13;A01
201300034699;0;7;0;0;2;1;1;B01
201300034700;0;7;0;4;0;8;1;A01
201300034701;0;7;0;0;2;3;15;A01
201300034701;0;7;0;15;2;1;1;B01
201300034702;0;7;0;0;2;1;15;B01
201300034702;0;7;0;0;2;1;15;A01
201300034703;0;7;0;0;2;8;1;B01
201300034703;0;7;0;0;2;1;1;A01
201300034704;0;7;0;0;1;4;4;A01
201300034705;0;7;0;0;1;2;1;A01
201300034706;0;7;0;0;1;1;1;A01
201300034707;0;7;0;0;2;1;0;A01
201300034707;0;7;0;0;2;6;15;B01
201300034708;0;14;0;0;2;1;1;B01
201300034708;0;7;0;0;2;4;1;A01
201300034709;0;10;0;6;2;2;0;A01
201300034709;0;7;0;0;2;6;1;B01
201300034710;0;7;0;0;1;3;1;A01
201300034711;0;7;0;0;1;1;1;A01
201300034712;0;32;0;0;1;7;1;A01
201300034713;0;1;0;0;1;1;17;A01
201300034714;0;7;0;0;2;0;15;A01
201300034714;0;1;0;0;2;0;1;B01
201300034715;0;7;0;0;2;2;0;B01
201300034715;0;1;0;0;2;0;5;A01
201300034716;0;7;0;0;2;3;15;B01
201300034716;0;33;0;0;2;1;17;A01
201300034717;0;7;0;0;2;3;1;B01
201300034717;0;7;0;0;2;1;1;A01
201300034718;0;7;0;0;1;3;1;A01
201300034719;0;7;0;0;2;8;1;B01
201300034719;0;7;0;0;2;1;0;A01
201300034719;0;7;0;0;2;5;0;C01
201300034720;0;7;0;0;2;0;0;A01
201300034720;0;7;0;0;2;4;1;B01
201300034721;0;37;1;0;2;2;0;B01
201300034721;0;7;0;0;2;3;0;A01
201300034722;0;7;0;0;2;1;1;B01
201300034722;0;7;0;0;2;2;1;A01
201300034723;0;7;0;15;0;1;0;A01
201300034724;0;7;0;0;1;1;15;A01
201300034725;0;1;0;0;2;7;1;B01
201300034725;0;7;0;0;9;1;0;A01
201300034726;0;7;0;0;2;8;21;B01
201300034726;0;7;0;0;2;3;5;A01
201300034727;0;7;0;0;2;3;1;A01
201300034727;0;33;0;0;2;2;2;B01
201300034728;0;32;0;0;2;7;1;B01
201300034728;0;7;0;0;2;1;15;A01
201300034729;0;7;0;0;1;1;16;A01
201300034730;2;7;0;4;0;3;0;A01
201300034731;0;15;0;0;1;2;16;A01
201300034732;0;7;0;0;2;4;23;B01
201300034732;0;7;0;0;2;4;23;C01
201300034732;0;7;0;0;2;1;2;A01
201300034733;0;7;0;1;0;2;10;A01
201300034734;0;7;0;0;2;1;0;A01
201300034734;0;7;0;0;2;4;0;B01
201300034735;0;2;0;0;2;1;1;B01
201300034735;0;7;0;0;2;2;9;A01
201300034736;2;7;0;6;0;0;0;A01
201300034737;0;7;0;0;2;2;0;A01
201300034737;0;7;0;8;2;1;15;B01
201300034738;0;7;0;0;1;0;1;A01
201300034739;0;33;0;0;2;0;17;B01
201300034739;0;7;0;0;2;3;15;A01
201300034740;0;10;0;0;1;3;15;A01
201300034741;0;10;0;0;2;3;15;A01