num_acc;senc;catv;occutc;obs;obsm;choc;manv;num_veh
201300035113;0;1;0;0;2;6;13;A01
201300035113;0;7;0;0;9;2;2;B01
201300035114;0;2;0;0;0;8;15;A01
201300035115;0;32;0;4;0;1;11;B01
201300035116;0;7;0;0;2;1;2;A01
201300035116;0;7;0;14;0;4;2;B01
201300035116;0;7;0;0;0;4;2;C01
201300035117;0;7;0;0;0;4;1;A01
201300035117;0;3;0;0;2;1;2;B01
201300035118;0;7;0;0;2;1;6;A01
201300035118;0;7;0;0;2;8;21;B01
201300035119;0;33;0;12;0;1;6;A01
201300035120;0;7;0;0;1;3;17;A01
201300035121;1;99;0;0;1;1;1;A01
201300035122;0;7;0;0;2;4;23;B01
201300035122;0;7;0;0;2;1;2;A01
201300035123;0;7;0;0;2;1;19;A01
201300035123;0;7;0;3;2;7;1;B01
201300035124;0;7;0;0;0;3;9;A01
201300035124;0;1;0;0;0;4;1;B01
201300035125;0;7;0;8;0;2;1;A01
201300035126;0;33;0;14;0;1;13;A01
201300035127;0;7;0;0;1;2;16;A01
201300035128;0;7;0;0;1;8;1;A01
201300035129;1;7;0;0;2;0;0;Z01
201300035129;0;7;0;0;2;8;1;B01
201300035130;0;7;0;0;0;6;23;B01
201300035130;0;34;0;0;0;2;2;A01
201300035131;0;7;0;0;1;7;1;A01
201300035132;0;33;0;0;1;7;1;A01
201300035133;0;7;0;0;0;1;16;B01
201300035133;0;33;0;0;2;7;17;A01
201300035134;0;7;0;14;0;4;2;B01
201300035134;2;7;0;14;0;1;2;A01
201300035134;0;7;0;0;0;4;2;D01
201300035134;0;7;0;14;0;4;2;C01
201300035135;0;37;1;4;2;3;1;B01
201300035135;0;7;0;4;2;3;0;A01
201300035136;0;15;0;0;2;4;23;B01
201300035136;0;30;0;1;0;1;1;A01
201300035137;0;7;0;0;2;8;15;B01
201300035137;0;7;0;0;2;1;2;A01
201300035138;0;7;0;0;2;3;1;B01
201300035138;0;7;0;0;2;3;15;A01
201300035139;0;14;0;0;6;0;1;A01
201300035140;0;7;0;0;1;7;9;A01
201300035141;0;7;0;0;0;8;10;A01
201300035141;0;7;0;1;2;1;2;B01
201300035142;0;7;0;0;2;5;15;A01
201300035142;0;33;0;0;2;1;1;B01
201300035143;0;33;0;0;2;8;10;A01
201300035143;0;10;0;0;9;1;1;B01
201300035144;0;7;0;0;1;2;1;A01
201300035145;0;7;0;3;2;7;5;A01
201300035145;0;15;0;0;2;2;1;B01
201300035146;0;7;0;0;2;8;15;A01
201300035146;1;7;0;0;2;1;19;B01
201300035147;0;7;0;0;2;1;17;A01
201300035147;0;7;0;0;2;1;1;B01
201300035148;0;7;0;0;2;1;13;A01
201300035148;0;17;0;0;0;1;1;B01
201300035149;0;7;0;0;9;5;15;A01
201300035149;0;1;0;0;2;1;1;B01
201300035150;0;10;0;0;2;0;17;A01
201300035150;0;1;0;0;0;8;1;B01
201300035151;0;7;0;0;2;3;10;A01
201300035151;0;7;0;0;2;7;17;B01
201300035152;0;7;0;0;2;1;11;A01
201300035152;0;1;0;0;2;1;1;B01
201300035153;0;7;0;0;9;7;1;A01
201300035153;0;1;0;0;2;0;1;B01
201300035154;0;7;0;0;1;0;11;A01
201300035155;0;30;0;0;2;5;1;A01
201300035155;0;7;0;0;2;1;1;B01
201300035156;0;7;0;0;2;4;4;A01
201300035156;0;2;0;0;2;1;1;B01
201300035157;0;17;0;0;1;8;1;A01
201300035158;0;7;0;13;0;1;1;A01
201300035159;0;7;0;0;1;2;1;A01
201300035160;0;7;0;8;0;3;1;A01
201300035161;0;34;0;11;2;7;17;A01
201300035161;0;17;0;0;2;8;0;B01
201300035162;0;7;0;0;2;1;13;B01
201300035162;0;7;0;0;2;3;1;A01
201300035163;0;7;0;15;0;8;16;A01
201300035164;0;7;0;0;1;2;16;A01
201300035165;0;7;0;0;2;8;2;B01
201300035165;0;7;0;0;2;3;2;C01
201300035165;0;7;0;0;2;1;2;A01
201300035166;0;7;0;0;1;0;1;A01
201300035167;0;2;0;0;2;4;2;B01
201300035167;0;7;0;0;2;3;9;A01
201300035168;0;7;0;0;2;7;1;B01
201300035168;0;7;0;0;2;1;1;A01
201300035169;0;33;0;0;2;1;17;B01
201300035169;0;7;0;0;2;3;15;A01
201300035170;0;7;0;0;1;7;1;A01
201300035171;0;7;0;0;2;6;12;A01
201300035171;0;7;0;0;2;2;1;B01
201300035172;0;7;0;1;0;7;1;A01
201300035173;0;7;0;3;2;8;13;A01
201300035173;0;7;0;0;2;9;1;B01
201300035174;0;33;0;0;0;1;18;A01
201300035174;0;7;0;0;2;5;2;B01
201300035175;0;7;0;1;2;7;1;B01
201300035175;0;7;0;1;2;1;1;A01
201300035176;0;37;1;0;1;5;2;A01
201300035177;0;7;0;0;2;8;9;A01
201300035177;0;7;0;0;2;1;1;B01
201300035178;0;7;0;0;2;1;1;A01
201300035178;0;7;0;0;2;3;1;B01
201300035179;0;7;0;0;1;2;1;A01
201300035180;0;7;0;0;2;2;15;A01
201300035180;0;7;0;0;2;1;1;B01
201300035181;0;35;0;0;2;1;1;A01
201300035181;0;7;0;0;2;7;1;B01
201300035182;0;7;0;0;1;3;1;A01
201300035183;0;7;0;1;0;3;13;A01
201300035183;0;7;0;0;2;7;24;B01
201300035184;0;7;0;0;2;3;13;A01
201300035184;0;7;0;0;2;3;1;B01
201300035185;0;7;0;0;2;7;1;A01
201300035185;0;30;0;0;2;8;11;B01
201300035186;0;33;0;0;0;0;1;A01
201300035187;0;7;0;0;2;1;1;A01
201300035187;0;7;0;0;2;7;15;B01
201300035188;0;7;0;0;2;1;1;A01
201300035188;0;7;0;0;2;8;1;B01
201300035189;0;7;0;0;2;2;15;A01
201300035189;0;30;0;0;2;1;1;B01
201300035190;0;7;0;0;2;1;1;A01
201300035190;0;7;0;0;2;1;1;B01
201300035190;0;7;0;0;2;1;1;C01
201300035191;0;7;0;0;2;5;17;A01
201300035191;0;7;0;0;2;3;2;B01
201300035192;0;7;0;0;1;4;4;A01
201300035193;0;33;0;15;0;9;1;A01
201300035194;0;7;0;0;2;6;1;B01
201300035194;0;15;0;0;2;3;21;C01
201300035194;0;7;0;0;2;1;17;A01
201300035194;0;10;0;0;1;1;24;D01
201300035195;0;7;0;0;1;2;1;A01
201300035196;0;7;0;0;2;6;9;A01
201300035196;0;1;0;0;2;1;1;B01
201300035197;0;7;0;0;2;8;10;A01
201300035197;0;31;0;0;2;1;1;B01
201300035198;0;37;0;0;1;5;1;A01
201300035199;0;7;0;0;2;6;11;A01
201300035199;0;7;0;15;2;2;1;B01
201300035200;0;33;0;0;0;7;1;A01
201300035201;0;7;0;0;1;1;1;A01
201300035202;0;7;0;2;9;0;0;A01
201300035203;0;7;0;12;0;0;0;A01
201300035204;0;2;0;0;2;1;1;A01
201300035204;0;7;0;0;2;2;1;B01
201300035205;0;38;1;0;2;0;2;A01
201300035205;0;7;0;0;2;4;2;B01
201300035205;0;7;0;0;2;4;2;C01
201300035205;0;7;0;0;2;1;2;D01
201300035206;0;10;0;0;2;1;1;A01
201300035206;0;7;0;0;2;6;2;B01
201300035207;0;7;0;0;0;4;2;A01
201300035207;0;7;0;0;2;1;2;B01
201300035208;0;10;0;0;2;2;2;B01
201300035208;0;33;0;0;2;1;5;A01
201300035209;0;7;0;14;0;1;1;A01
201300035209;0;7;0;0;2;4;1;B01
201300035209;1;7;0;0;2;4;1;C01
201300035210;0;2;0;0;2;1;1;A01
201300035210;0;7;0;0;0;8;15;B01
201300035211;0;7;0;0;2;2;15;A01
201300035211;0;32;0;0;2;1;1;B01
201300035212;0;33;0;0;0;0;0;A01
201300035213;0;7;0;0;1;3;2;A01
201300035214;1;99;0;0;0;0;0;A01
201300035214;0;1;0;0;0;0;1;B01
201300035215;0;7;0;0;2;1;5;A01
201300035215;0;7;0;0;0;8;1;B01
201300035216;0;7;0;0;2;6;10;A01
201300035216;0;2;0;0;2;1;2;B01
201300035217;0;7;0;0;2;2;15;A01
201300035217;0;7;0;0;2;8;1;C01
201300035217;0;7;0;0;2;6;1;B01
201300035218;0;7;0;0;9;2;1;A01
201300035218;0;1;0;0;2;4;1;B01
201300035219;1;7;0;0;1;2;1;A01
201300035220;0;7;0;2;0;3;14;A01
201300035221;0;7;0;0;0;7;15;A01
201300035221;0;33;0;0;0;1;1;B01
201300035222;0;7;0;0;2;1;2;A01
201300035222;0;33;0;0;2;4;2;B01
201300035223;0;31;0;0;1;1;1;A01
201300035224;0;7;0;0;2;1;1;A01
201300035224;0;7;0;0;2;4;1;B01
201300035224;0;7;0;0;2;4;2;C01
201300035225;0;1;0;0;0;2;0;B01
201300035225;0;7;0;0;0;3;9;A01
201300035226;0;7;0;0;0;8;16;A01
201300035226;0;15;0;0;0;2;21;B01
201300035227;0;7;0;0;0;2;14;A01
201300035227;0;7;0;0;0;6;1;B01
201300035227;0;7;0;0;0;9;14;C01
201300035227;0;37;1;0;9;8;2;D01
201300035227;0;7;0;0;0;1;2;E01
201300035228;0;30;0;15;0;0;5;A01
201300035229;0;33;0;0;0;7;1;A01
201300035229;1;7;0;;;;;B01
201300035230;0;7;0;0;1;1;0;A01
201300035231;0;7;0;0;2;1;2;A01
201300035231;0;38;0;0;0;4;2;B01
201300035232;0;7;0;0;0;7;15;A01
201300035232;0;7;0;0;0;1;1;B01
201300035233;0;7;0;0;2;1;9;A01
201300035233;0;1;0;0;0;4;1;B01
201300035234;1;7;0;0;1;0;0;Z01
201300035235;0;7;0;0;2;1;0;A01
201300035235;0;7;0;0;2;4;1;B01
201300035236;0;2;0;15;0;1;13;A01
201300035237;0;7;0;0;2;1;1;A01
201300035237;0;7;0;0;2;8;19;B01
201300035238;0;7;0;0;1;1;2;A01
201300035239;0;7;0;16;2;3;5;A01
201300035239;0;10;0;0;2;3;1;B01
201300035239;0;7;0;0;0;0;1;C01
201300035240;0;2;0;0;2;4;15;A01
201300035240;0;33;0;0;2;1;17;B01
201300035241;0;7;0;1;1;2;1;A01
201300035241;0;7;0;1;1;6;1;B01
201300035242;0;33;0;0;2;1;2;A01
201300035242;0;7;0;0;0;4;2;B01
201300035243;0;13;0;0;2;1;2;A01
201300035243;0;1;0;0;2;8;0;B01
201300035244;0;7;0;0;2;2;15;A01
201300035244;0;2;0;0;2;1;1;B01
201300035245;0;7;0;0;2;1;1;A01
201300035245;0;7;0;0;2;2;1;B01
201300035246;0;33;0;0;2;8;1;A01
201300035246;0;37;1;0;9;3;1;B01
201300035247;0;7;0;0;2;4;0;A01
201300035247;0;7;0;0;0;4;0;B01
201300035247;0;7;0;0;0;4;0;C01
201300035247;0;7;0;0;0;4;0;D01
201300035247;0;7;0;0;0;1;0;E01
201300035248;0;7;0;1;0;1;2;A01
201300035248;0;7;0;0;0;4;23;B01
201300035249;0;7;0;0;2;4;0;B01
201300035249;0;7;0;0;2;1;2;C01
201300035249;0;7;0;0;2;8;9;A01
201300035250;0;10;0;0;1;6;4;A01
201300035251;1;2;0;0;1;0;0;A01
201300035252;0;7;0;0;2;8;15;B01
201300035252;0;30;0;0;2;1;5;A01
201300035253;0;33;0;8;2;1;3;A01
201300035253;0;7;0;0;2;3;15;B01
201300035254;0;7;0;0;2;3;5;A01
201300035254;0;33;0;2;2;8;1;B01
201300035254;0;7;0;0;2;6;1;C01
201300035254;0;7;0;0;0;0;0;D01
201300035254;0;7;0;0;0;0;0;E01
201300035254;0;7;0;0;0;0;0;F02
201300035255;0;7;0;0;2;2;19;A01
201300035255;0;33;0;0;2;1;15;B01
201300035256;0;37;1;0;1;1;0;A01
201300035257;0;7;0;13;0;1;17;A01
201300035257;0;7;0;0;0;0;1;B01
201300035258;0;7;0;0;2;1;1;B01
201300035258;0;7;0;0;2;7;1;A01
201300035259;0;7;0;0;2;2;12;A01
201300035259;0;33;0;3;2;8;3;B01
201300035260;0;32;0;0;2;7;0;A01
201300035260;0;7;0;0;2;2;15;B01
201300035261;0;7;0;8;2;1;0;A01
201300035261;0;30;0;0;2;0;0;B01
201300035262;1;14;0;;;;;A01
201300035262;0;7;0;0;0;8;23;B01
201300035263;0;7;0;0;2;6;11;A01
201300035263;0;7;0;0;2;2;1;B01
201300035264;0;7;0;0;2;2;2;A01
201300035264;0;2;0;0;0;4;2;B01
201300035265;0;7;0;1;1;1;15;A01
201300035266;0;7;0;0;1;1;1;A01
201300035267;0;10;0;0;2;1;1;A01
201300035267;0;33;0;0;2;6;1;B01
201300035268;0;33;0;0;2;1;1;B01
201300035268;0;10;0;0;2;8;10;A01
201300035269;0;37;2;0;2;3;2;A01
201300035269;0;7;0;0;2;2;12;B01
201300035270;0;7;0;0;2;1;1;A01
201300035270;0;7;0;0;0;4;1;B01
201300035270;0;37;0;0;2;7;16;C01
201300035271;0;7;0;0;2;1;17;A01
201300035271;0;7;0;0;2;8;15;B01
201300035272;0;33;0;8;0;9;0;A01
201300035273;0;33;0;0;0;1;1;A01
201300035273;0;7;0;0;0;0;1;B01
201300035274;0;7;0;12;0;1;0;A01
201300035275;0;7;0;0;1;2;1;A01
201300035276;0;32;0;0;2;3;1;B01
201300035276;1;7;0;0;2;3;1;A01
201300035277;0;7;0;0;2;5;14;B01
201300035277;0;32;0;0;2;8;18;A01
201300035278;0;7;0;0;2;1;1;A01
201300035278;0;1;0;0;2;8;19;B01
201300035279;0;33;0;3;0;0;0;A01
201300035280;0;33;0;0;1;1;21;A01
201300035281;0;7;0;0;9;1;15;A01
201300035281;0;1;0;0;2;8;19;B01
201300035282;0;2;0;0;2;3;13;A01
201300035282;0;7;0;0;2;3;0;B01
201300035283;0;33;0;1;0;1;13;A01
201300035284;0;7;0;0;1;3;0;A01
201300035285;0;1;0;0;2;4;1;B01
201300035285;0;1;0;0;2;6;1;C01
201300035285;1;7;0;0;2;2;17;A01
201300035286;0;7;0;0;1;2;1;A01
201300035287;0;1;0;0;2;1;2;A01
201300035287;0;7;0;0;9;4;2;B01
201300035288;0;7;0;0;2;2;1;B01
201300035288;0;7;0;0;2;1;9;A01
201300035289;0;7;0;0;1;1;1;A01
201300035290;0;7;0;0;2;9;2;B01
201300035290;0;7;0;0;2;4;2;C01
201300035290;0;7;0;0;2;1;2;A01
201300035291;0;33;0;0;2;4;1;B01
201300035291;0;7;0;0;2;1;1;A01
201300035292;0;7;0;0;0;9;1;A01
201300035293;0;10;0;0;2;1;15;A01
201300035293;0;7;0;0;2;7;1;B01
201300035294;0;2;0;0;2;1;9;A01
201300035294;0;14;0;0;2;5;1;B01
201300035295;0;33;0;0;2;1;1;B01
201300035295;0;7;0;0;2;6;1;C01
201300035295;0;7;0;0;2;5;15;A01
201300035296;0;7;0;4;0;8;1;A01
201300035297;0;7;0;0;1;4;4;A01
201300035298;0;7;0;0;2;1;2;A01
201300035298;0;7;0;0;2;4;23;B01
201300035299;0;7;0;0;2;3;9;A01
201300035299;0;30;0;0;2;2;1;B01
201300035300;0;33;0;0;2;7;1;B01
201300035300;0;7;0;0;2;0;11;A01
201300035301;0;33;0;0;2;2;1;B01
201300035301;0;7;0;0;2;2;15;A01
201300035302;0;2;0;0;0;1;2;A01
201300035302;0;7;0;0;0;5;2;B01
201300035303;0;7;0;0;2;1;0;B01
201300035303;0;7;0;0;2;3;0;A01
201300035304;0;33;0;0;2;1;1;B01
201300035304;0;7;0;0;2;8;16;A01
201300035305;0;7;0;0;2;1;1;B01
201300035305;0;10;0;0;2;7;15;A01
201300035306;0;7;0;0;2;1;1;A01
201300035306;0;7;0;0;2;7;1;B01
201300035307;0;7;0;0;2;2;9;A01
201300035307;0;32;0;0;2;3;1;B01
201300035308;0;7;0;0;0;5;23;B01
201300035308;0;1;0;0;2;3;15;A01
201300035309;0;33;0;0;2;6;9;B01
201300035309;0;7;0;0;2;2;1;A01
201300035310;0;7;0;0;1;1;15;A01
201300035311;0;7;0;0;1;1;2;A01
201300035312;0;7;0;0;9;1;1;A01
201300035312;0;1;0;0;2;7;19;B01
201300035312;0;7;0;0;9;1;1;C01
201300035313;0;7;0;12;0;3;2;A01
201300035314;0;10;0;0;1;4;4;A01
201300035315;0;1;0;0;2;6;19;B01
201300035315;0;7;0;0;9;1;1;A01
201300035316;0;7;0;0;1;1;20;A01
201300035317;0;7;0;0;2;2;1;A01
201300035317;0;33;0;0;2;6;15;B01
201300035318;0;7;0;0;2;2;15;A01
201300035318;0;7;0;0;2;1;1;B01
201300035319;0;7;0;0;9;4;4;A01
201300035319;0;1;0;0;2;1;1;B01
201300035320;0;7;0;0;1;1;1;A01
201300035321;0;7;0;0;2;1;1;A01
201300035321;0;7;0;0;2;4;2;B01
201300035321;0;7;0;0;2;4;2;C01
201300035322;0;7;0;0;2;3;2;A01
201300035322;0;7;0;0;0;5;2;B01
201300035323;0;7;0;0;1;3;16;A01
201300035324;0;7;0;0;2;4;4;A01
201300035324;0;7;0;0;2;3;1;B01
201300035325;0;7;0;0;2;6;1;B01
201300035325;0;7;0;0;2;2;2;A01
201300035326;0;7;0;0;2;1;9;A01
201300035326;0;7;0;0;2;7;15;B01
201300035327;0;7;0;0;2;1;2;A01
201300035327;0;7;0;0;0;4;2;B01
201300035328;0;7;0;0;2;4;23;B01
201300035328;0;7;0;0;2;1;2;A01
201300035329;0;7;0;0;2;5;21;A01
201300035329;0;7;0;0;2;3;1;B01
201300035330;0;7;0;0;2;1;11;A01
201300035330;0;7;0;0;2;4;23;C01
201300035330;0;7;0;0;2;0;11;B01
201300035331;0;7;0;0;2;1;19;A01
201300035331;0;7;0;0;2;8;1;B01
201300035332;0;7;0;0;1;1;2;A01
201300035332;0;7;0;0;2;1;2;B01
201300035333;0;33;0;0;2;1;1;A01
201300035333;0;7;0;0;2;3;1;B01
201300035334;0;30;0;4;2;1;17;B01
201300035334;0;7;0;4;2;8;15;A01
201300035335;0;7;0;0;1;1;1;A01
201300035336;0;33;0;0;2;0;21;A01
201300035337;0;33;0;0;2;1;1;B01
201300035337;0;7;0;0;2;6;10;A01
201300035338;0;7;0;0;2;5;15;A01
201300035338;0;7;0;0;2;3;1;B01
201300035339;0;2;0;0;0;7;1;A01
201300035340;1;7;0;0;1;0;1;A01
201300035341;0;1;0;1;0;1;2;A01
201300035342;1;30;0;8;0;1;16;A01
201300035343;0;33;0;0;2;5;1;B01
201300035343;0;7;0;0;2;3;9;A01
201300035344;0;7;0;0;2;1;1;A01
201300035344;0;7;0;8;2;2;1;B01
201300035345;0;1;0;0;0;8;1;B01
201300035345;0;1;0;0;2;4;1;A01
201300035346;0;7;0;0;1;7;1;A01
201300035347;0;7;0;0;1;3;1;A01
201300035348;0;7;0;0;1;3;1;A01
201300035349;0;13;0;0;2;2;1;B01
201300035349;0;13;0;0;2;3;1;A01
201300035350;0;7;0;15;0;1;1;A01
201300035351;0;37;6;0;2;0;15;A01
201300035351;0;7;0;0;0;0;15;B01
201300035352;0;33;0;0;2;2;15;B01
201300035352;0;7;0;0;2;3;1;A01
201300035353;0;1;0;14;0;1;1;A01
201300035354;0;7;0;0;2;8;1;A01
201300035354;0;33;0;0;2;1;17;B01
201300035355;0;33;0;1;1;0;1;A01
201300035356;1;7;0;12;0;1;9;A01
201300035356;0;7;0;0;0;0;0;B01
201300035357;0;33;0;0;2;6;1;A01
201300035357;0;7;0;0;2;6;17;B01
201300035358;0;7;0;0;1;2;1;A01
201300035359;0;7;0;0;2;1;1;A01
201300035359;0;32;0;0;2;1;1;B01
201300035360;0;7;0;0;1;3;1;A01
201300035361;0;7;0;0;1;4;4;A01
201300035362;0;7;0;0;2;3;1;B01
201300035362;0;7;0;0;2;1;15;A01
201300035363;0;13;0;0;0;4;1;B01
201300035363;0;13;0;0;2;1;1;A01
201300035364;0;33;0;0;2;2;12;B01
201300035364;0;7;0;0;2;3;2;A01
201300035365;0;1;0;0;2;5;19;B01
201300035365;0;7;0;0;2;1;15;A01
201300035366;0;10;0;0;1;2;1;A01
201300035367;0;7;0;0;1;1;1;A01
201300035368;0;7;0;0;1;2;16;A01
201300035369;0;32;0;0;1;1;1;A01
201300035370;0;7;0;0;2;4;2;B01
201300035370;0;7;0;0;2;1;2;A01
201300035371;0;1;0;0;2;7;0;B01
201300035371;0;37;0;0;2;1;1;A01
201300035372;0;7;0;0;1;1;1;A01
201300035373;0;14;0;0;0;0;23;B01
201300035373;0;10;0;0;2;7;17;A01
201300035374;0;33;0;15;0;1;1;A01
201300035375;0;7;0;0;1;1;1;A01
201300035376;0;2;0;0;2;1;1;A01
201300035376;1;7;0;0;2;0;15;Z01
201300035377;0;33;0;0;2;5;1;B01
201300035377;0;7;0;0;2;2;9;A01
201300035378;0;30;0;0;2;1;0;B01
201300035378;0;7;0;0;2;8;1;A01
201300035379;0;7;0;0;2;1;0;B01
201300035379;0;7;0;0;2;1;0;A01
201300035380;0;1;0;0;2;1;5;B01
201300035380;0;10;0;0;2;1;9;A01
201300035381;0;7;0;0;2;6;4;A01
201300035381;0;7;0;0;2;3;1;B01
201300035382;0;7;0;0;2;2;10;A01
201300035382;0;33;0;0;2;8;1;B01
201300035383;0;7;0;0;1;2;0;A01
201300035384;0;31;0;0;1;1;17;A01
201300035385;0;7;0;0;1;2;1;A01
201300035386;0;7;0;0;2;5;23;B01
201300035386;0;7;0;0;2;1;2;A01
201300035386;0;7;0;0;2;6;23;C01
201300035387;0;33;0;0;0;0;3;A01
201300035388;1;7;0;0;2;1;2;Z01
201300035388;0;2;0;0;2;8;2;A01
201300035389;0;7;0;0;2;3;15;B01
201300035389;0;33;0;0;2;1;17;A01
201300035390;0;30;0;0;2;7;17;B01
201300035390;0;7;0;0;2;6;20;A01
201300035391;0;7;0;0;1;2;21;A01
201300035392;0;2;0;0;2;1;1;B01
201300035392;0;7;0;0;2;3;1;A01
201300035393;0;7;0;0;1;6;20;A01
201300035394;0;7;0;0;2;1;15;B01
201300035394;0;7;0;12;2;1;1;A01
201300035395;0;17;0;0;1;1;1;A01
201300035396;0;30;0;0;0;8;2;B01
201300035396;0;7;0;0;2;3;15;A01
201300035397;0;7;0;0;1;2;1;A01
201300035398;0;2;0;12;0;6;11;A01
201300035399;0;17;0;0;0;4;23;B01
201300035399;0;7;0;0;2;1;2;A01
201300035400;0;7;0;0;1;2;2;A01
201300035401;0;2;0;0;2;1;1;B01
201300035401;0;10;0;0;2;3;15;A01
201300035402;0;10;0;0;1;1;1;A01
201300035403;0;10;0;0;2;2;15;A01
201300035403;0;2;0;0;2;1;1;B01
201300035404;0;15;0;0;2;8;1;B01
201300035404;0;7;0;0;2;7;17;A01
201300035404;0;10;0;0;2;3;1;C01
201300035405;0;7;0;0;1;1;1;A01
201300035406;0;37;1;0;1;0;1;A01
201300035407;0;10;0;0;1;1;1;A01
201300035408;0;2;0;0;2;1;1;B01
201300035408;0;7;0;0;2;3;9;A01
201300035409;0;7;0;0;1;1;1;A01
201300035410;0;7;0;0;2;7;15;A01
201300035410;0;33;0;0;2;1;1;B01
201300035411;0;7;0;0;2;3;1;B01
201300035411;0;7;0;0;2;3;13;A01
201300035412;0;1;0;0;2;1;1;A01
201300035412;0;7;0;0;2;1;1;B01
201300035413;0;7;0;0;1;1;0;A01
201300035413;0;7;0;0;1;1;0;B01
201300035414;2;7;0;0;1;1;0;A01
201300035415;0;7;0;0;2;1;1;A01
201300035415;0;31;0;0;2;8;1;B01
201300035416;0;31;0;0;2;1;1;B01
201300035416;0;7;0;0;2;1;15;A01
201300035417;0;33;0;0;2;1;17;A01
201300035417;0;7;0;0;2;2;21;B01
201300035418;0;2;0;0;0;0;1;B01
201300035418;0;7;0;0;2;1;1;A01
201300035419;0;7;0;0;1;0;0;A01
201300035420;0;7;0;0;1;1;0;A01
201300035421;0;7;0;0;0;6;10;A01
201300035421;0;33;0;0;2;1;0;B01
201300035422;0;7;0;0;1;1;1;A01
201300035423;0;7;0;0;0;3;0;A01
201300035424;0;7;0;0;0;2;14;B01
201300035424;0;33;0;0;2;3;18;A01
201300035425;0;33;0;0;2;3;17;A01
201300035425;0;7;0;0;2;3;1;B01
201300035426;0;33;0;0;2;1;1;B01
201300035426;0;7;0;0;2;3;9;A01
201300035427;0;7;0;0;2;1;2;A01
201300035427;0;7;0;0;0;4;2;B01
201300035428;0;30;0;0;1;0;0;A01
201300035429;0;7;0;0;2;1;15;A01
201300035429;0;7;0;0;2;1;1;B01
201300035430;0;7;0;11;0;1;1;A01
201300035431;0;7;0;0;2;1;15;A01
201300035431;0;7;0;0;2;1;1;B01
201300035432;0;7;0;0;1;1;1;A01
201300035433;0;33;0;0;2;1;1;B01
201300035433;0;14;0;0;0;4;9;A01
201300035434;0;7;0;0;2;1;15;A01
201300035434;0;33;0;0;2;1;1;B01
201300035435;0;7;0;0;1;4;4;A01
201300035436;0;7;0;0;2;5;10;A01
201300035436;0;33;0;0;2;1;1;B01
201300035437;0;7;0;0;2;1;13;A01
201300035437;0;7;0;0;2;1;1;B01
201300035438;0;7;0;0;2;1;1;B01
201300035438;0;7;0;0;2;7;13;A01
201300035439;0;7;0;0;1;3;1;A01
201300035440;0;7;0;0;1;1;1;A01
201300035441;0;7;0;0;0;2;2;A01
201300035441;0;33;0;1;0;8;2;B01
201300035442;0;7;0;0;2;2;10;A01
201300035442;0;33;0;0;2;1;1;B01
201300035443;0;7;0;0;1;4;4;A01
201300035444;0;31;0;0;0;8;1;B01
201300035444;0;7;0;0;0;2;0;A01
201300035445;0;34;0;0;2;3;9;A01
201300035445;1;7;0;0;2;2;1;B01
201300035446;0;10;0;0;0;1;2;A01
201300035446;0;7;0;0;0;4;2;B01
201300035447;1;7;0;6;0;7;21;A01
201300035448;0;34;0;14;0;3;1;A01
201300035449;0;1;0;0;2;3;2;B01
201300035449;0;7;0;0;9;1;15;A01
201300035450;0;7;0;2;0;2;1;A01
201300035451;0;30;0;0;1;1;1;A01
201300035452;0;30;0;1;0;1;1;A01
201300035453;0;7;0;0;0;0;1;A01
201300035454;0;7;0;0;2;1;13;A01
201300035454;0;7;0;0;2;8;1;B01
201300035455;0;7;0;0;2;6;23;B01
201300035455;0;7;0;0;2;7;23;C01
201300035455;0;33;0;0;2;1;1;A01
201300035456;0;7;0;0;2;5;1;A01
201300035456;0;7;0;0;2;8;1;B01
201300035457;0;7;0;0;2;7;1;B01
201300035457;0;7;0;0;2;2;1;C01
201300035457;0;7;0;0;2;1;9;A01
201300035458;0;7;0;0;2;2;1;B01
201300035458;0;7;0;0;2;3;15;A01
201300035459;0;7;0;0;2;4;23;B01
201300035459;0;7;0;0;2;1;1;A01
201300035459;0;7;0;0;2;4;23;C01
201300035460;0;7;0;0;2;3;1;B01
201300035460;0;7;0;0;2;4;23;A01
201300035461;0;7;0;0;2;3;13;A01
201300035461;0;7;0;0;2;3;1;B01
201300035462;0;7;0;0;1;2;1;A01
201300035463;0;7;0;0;2;3;1;B01
201300035463;0;7;0;1;2;3;17;A01
201300035464;0;7;0;0;1;3;9;A01
201300035465;0;7;0;0;2;4;23;B01
201300035465;0;37;2;0;2;4;2;A01
201300035466;0;33;0;0;2;1;1;B01
201300035466;0;7;0;0;2;3;10;A01
201300035467;0;7;0;0;1;1;1;A01
201300035468;0;2;0;8;2;2;21;A01
201300035469;0;7;0;0;1;2;1;A01
201300035470;0;7;0;11;0;1;2;A01
201300035471;0;7;0;0;0;3;2;B01
201300035471;0;7;0;0;0;6;23;A01
201300035472;0;7;0;9;2;1;0;A01
201300035473;0;7;0;0;2;2;17;A01
201300035473;0;7;0;3;2;8;15;B01
201300035474;0;7;0;0;2;3;1;C01
201300035474;0;7;0;0;2;3;1;B01
201300035474;0;10;0;0;2;1;15;A01
201300035475;0;7;0;0;2;2;12;B01
201300035475;0;33;0;0;2;3;1;A01
201300035476;0;30;0;0;0;8;2;B01
201300035476;0;7;0;0;0;5;2;A01
201300035477;0;7;0;0;0;1;0;A01
201300035477;0;33;0;0;2;1;0;B01
201300035478;0;7;0;0;0;4;2;D01