num_acc;senc;catv;occutc;obs;obsm;choc;manv;num_veh
201300035478;0;7;0;0;0;4;2;B01
201300035478;0;7;0;0;0;4;2;C01
201300035478;0;7;0;0;0;1;2;A01
201300035479;0;7;0;0;1;1;1;A01
201300035480;0;7;0;0;0;1;1;A01
201300035481;0;1;0;0;0;3;19;B01
201300035481;0;7;0;1;0;7;13;A01
201300035482;0;10;0;0;1;4;20;A01
201300035483;1;7;0;0;1;1;2;A01
201300035484;0;15;0;0;1;1;1;A01
201300035485;0;7;0;15;0;0;0;A01
201300035486;0;7;0;0;2;1;0;A01
201300035486;0;7;0;0;0;4;0;B01
201300035487;0;7;0;6;0;1;21;A01
201300035488;0;7;0;0;2;1;15;A01
201300035488;0;1;0;0;2;1;0;B01
201300035489;0;10;0;0;2;1;2;A01
201300035489;0;37;0;0;0;6;23;B01
201300035490;0;7;0;0;1;3;1;A01
201300035491;0;7;0;0;0;0;0;B01
201300035491;0;7;0;0;0;0;0;A01
201300035492;0;7;0;0;0;0;0;A01
201300035492;0;7;0;0;0;0;0;B01
201300035493;0;7;0;0;0;3;9;A01
201300035493;0;7;0;0;2;7;2;B01
201300035494;0;33;0;0;2;7;1;B01
201300035494;0;7;0;0;0;7;1;A01
201300035495;0;7;0;0;1;2;1;A01
201300035496;0;7;0;0;1;2;2;A01
201300035497;0;7;0;0;1;2;1;A01
201300035498;0;15;0;0;0;6;0;B01
201300035498;0;7;0;0;0;3;13;A01
201300035499;0;7;0;0;0;4;0;B01
201300035499;0;7;0;0;0;0;0;C01
201300035499;0;10;0;0;2;1;0;A01
201300035500;0;7;0;0;2;4;0;B01
201300035500;0;7;0;0;0;4;0;D01
201300035500;0;7;0;0;2;4;0;C01
201300035500;0;7;0;0;2;2;0;A01
201300035501;0;33;0;0;0;0;0;B01
201300035501;0;7;0;0;0;0;0;A01
201300035502;0;7;0;0;1;1;0;A01
201300035503;0;33;0;0;0;8;15;A01
201300035504;0;7;0;0;1;1;1;A01
201300035505;1;7;0;0;1;0;0;A01
201300035506;0;7;0;0;0;1;5;C01
201300035506;0;14;0;8;2;6;0;A01
201300035506;0;33;0;8;2;6;2;B01
201300035507;0;17;0;0;0;0;2;A01
201300035508;0;3;0;0;1;6;0;A01
201300035509;0;7;0;12;0;1;2;A01
201300035510;0;7;0;0;0;4;1;C01
201300035510;0;13;0;0;2;1;1;A01
201300035510;0;7;0;0;2;4;1;B01
201300035511;0;7;0;0;2;3;13;A01
201300035511;0;7;0;0;2;3;13;B01
201300035512;0;2;0;14;0;1;1;A01
201300035513;0;7;0;0;2;1;1;A01
201300035513;0;1;0;0;2;8;1;B01
201300035514;0;7;0;0;0;3;2;B01
201300035514;1;7;0;0;0;8;10;A01
201300035515;1;10;0;1;0;1;2;A01
201300035515;0;16;0;0;0;4;2;B01
201300035515;0;7;0;0;0;4;2;C01
201300035516;0;3;0;0;2;8;9;C01
201300035516;0;3;0;0;2;2;2;B01
201300035516;0;3;0;0;2;1;2;A01
201300035517;0;7;0;2;0;9;0;A01
201300035518;0;7;0;0;1;2;0;A01
201300035519;0;7;0;0;1;1;0;A01
201300035520;0;33;0;14;0;1;0;A01
201300035520;0;13;0;14;0;4;2;B01
201300035521;0;10;0;0;0;3;15;B01
201300035521;0;3;0;0;2;1;5;A01
201300035522;0;7;0;0;0;3;1;A01
201300035522;0;7;0;8;0;6;2;B01
201300035523;0;7;0;0;2;3;0;A01
201300035523;0;32;0;0;0;0;0;B01
201300035524;0;37;1;0;1;2;1;A01
201300035525;0;7;0;12;0;3;0;A01
201300035526;0;32;0;0;2;1;0;B01
201300035526;0;7;0;0;2;3;19;A01
201300035527;0;1;0;0;0;1;0;Y01
201300035527;0;7;0;0;0;1;9;A01
201300035528;0;7;0;0;2;2;15;A01
201300035528;0;1;0;0;0;1;0;B01
201300035529;0;7;0;0;1;3;1;A01
201300035530;0;7;0;0;0;2;2;A01
201300035530;0;7;0;0;0;6;2;B01
201300035531;0;37;1;0;2;2;2;A01
201300035531;0;7;0;0;0;6;0;D01
201300035531;0;7;0;1;0;4;9;B01
201300035531;0;7;0;0;0;3;0;C01
201300035532;0;7;0;0;1;1;0;A01
201300035533;0;7;0;0;2;1;1;A01
201300035533;0;7;0;0;0;7;1;B01
201300035533;0;7;0;0;0;8;0;C01
201300035534;0;7;0;0;2;1;1;A01
201300035534;0;7;0;0;2;1;1;B01
201300035535;0;7;0;0;0;0;0;B01
201300035535;0;7;0;0;0;8;0;A01
201300035536;1;7;0;0;1;0;0;A01
201300035537;0;7;0;0;0;0;23;B01
201300035537;0;10;0;0;0;6;4;A01
201300035538;1;3;0;0;0;0;0;Z01
201300035538;0;7;0;0;0;0;0;B01
201300035538;0;15;0;0;0;0;0;C01
201300035539;0;7;0;0;0;5;2;A01
201300035539;1;7;0;0;2;1;2;B01
201300035540;0;1;0;0;2;1;0;B01
201300035540;0;7;0;0;2;3;9;A01
201300035541;0;7;0;0;1;2;15;A01
201300035542;0;7;0;0;1;2;9;A01
201300035543;0;7;0;0;1;3;15;A01
201300035544;0;7;0;0;1;2;1;A01
201300035545;0;1;0;0;2;1;21;B01
201300035545;0;7;0;0;2;0;9;A01
201300035546;0;99;0;13;0;0;0;A01
201300035547;0;7;0;0;2;1;15;A01
201300035547;0;7;0;0;2;1;1;B01
201300035548;0;7;0;0;1;1;1;A01
201300035549;0;7;0;0;1;2;2;A01
201300035550;0;7;0;0;1;7;2;A01
201300035551;0;7;0;0;2;2;2;A01
201300035551;0;7;0;0;2;3;15;B01
201300035552;0;30;0;0;0;4;2;B01
201300035552;0;7;0;0;2;1;2;A01
201300035553;0;7;0;0;1;2;2;A01
201300035554;0;7;0;0;2;8;9;A01
201300035554;0;7;0;0;2;1;1;B01
201300035555;0;7;0;0;2;1;2;A01
201300035555;0;7;0;0;0;4;23;B01
201300035556;0;7;0;0;2;0;0;A01
201300035556;0;7;0;0;0;0;13;B01
201300035557;0;7;0;0;2;8;5;A01
201300035557;0;13;0;0;2;7;2;C01
201300035557;0;7;0;0;2;7;2;B01
201300035558;0;7;0;0;2;1;1;A01
201300035558;0;1;0;0;0;4;2;B01
201300035559;0;7;0;0;1;3;2;A01
201300035560;0;7;0;0;2;2;11;A01
201300035560;0;7;0;0;0;6;15;B01
201300035561;0;2;0;0;2;1;1;A01
201300035561;0;7;0;0;9;3;14;B01
201300035562;0;7;0;0;2;3;10;A01
201300035562;0;7;0;0;2;1;13;B01
201300035563;0;10;0;0;2;1;2;A01
201300035563;0;7;0;0;0;4;2;B01
201300035564;0;7;0;0;0;9;2;A01
201300035565;0;7;0;0;2;7;9;A01
201300035565;0;7;0;0;2;1;2;B01
201300035566;0;32;0;0;1;1;9;A01
201300035567;0;7;0;0;1;1;1;A01
201300035568;1;7;0;0;0;0;9;A01
201300035568;0;33;0;0;2;0;21;B01
201300035569;0;7;0;8;2;1;21;A01
201300035569;0;7;0;0;2;3;19;B01
201300035570;0;10;0;0;0;6;2;A01
201300035570;0;37;2;0;2;1;15;B01
201300035571;0;33;0;0;0;8;2;A01
201300035572;0;7;0;0;2;3;15;A01
201300035572;0;33;0;0;2;0;2;B01
201300035573;0;7;0;0;2;1;2;A01
201300035573;0;7;0;0;2;2;15;B01
201300035574;0;7;0;0;2;1;15;A01
201300035574;0;33;0;0;0;3;2;B01
201300035575;0;33;0;0;0;0;0;A01
201300035576;1;7;0;0;0;0;9;A01
201300035576;0;37;5;0;2;0;1;B01
201300035577;0;2;0;0;2;8;21;B01
201300035577;0;7;0;0;2;2;17;C01
201300035577;0;7;0;0;0;0;4;A01
201300035578;0;7;0;0;0;9;2;A01
201300035579;0;7;0;0;0;4;2;B01
201300035579;0;30;0;0;2;1;2;A01
201300035580;0;33;0;0;2;8;9;B01
201300035580;0;7;0;0;2;8;9;A01
201300035581;0;7;0;0;2;3;2;A01
201300035581;0;33;0;0;2;4;23;B01
201300035582;0;7;0;0;0;0;2;A01
201300035582;0;1;0;0;0;0;9;B01
201300035583;0;33;0;0;2;1;2;A01
201300035584;0;7;0;0;0;8;15;B01
201300035584;0;30;0;0;2;1;17;A01
201300035585;0;33;0;0;2;2;1;A01
201300035585;0;7;0;0;0;6;13;B01
201300035586;0;7;0;0;2;7;15;B01
201300035586;0;33;0;0;2;8;1;A01
201300035587;0;7;0;0;2;3;1;B01
201300035587;0;15;0;0;2;4;4;A01
201300035588;0;7;0;0;9;1;16;A01
201300035588;0;1;0;0;2;7;15;B01
201300035589;0;10;0;0;1;8;1;A01
201300035590;0;7;0;0;0;8;2;B01
201300035590;0;33;0;0;2;8;2;A01
201300035591;0;7;0;15;0;1;1;A01
201300035592;0;7;0;0;2;2;10;A01
201300035592;0;1;0;0;2;0;1;B01
201300035593;0;7;0;0;0;7;0;A01
201300035594;0;7;0;0;1;0;0;A01
201300035595;0;7;0;0;2;3;2;B01
201300035595;0;7;0;0;2;1;9;A01
201300035596;0;7;0;0;2;1;17;A01
201300035596;0;7;0;0;2;1;1;B01
201300035597;0;7;0;8;0;1;21;B01
201300035597;1;7;0;0;0;0;17;A01
201300035598;0;7;0;0;2;2;1;A01
201300035598;0;7;0;0;2;7;15;B01
201300035599;1;7;0;0;1;0;0;A01
201300035600;0;2;0;0;0;7;1;A01
201300035601;0;33;0;0;2;4;1;B01
201300035601;0;7;0;0;2;1;1;A01
201300035602;0;7;0;0;1;2;21;A01
201300035603;0;7;0;14;0;1;6;A01
201300035604;1;7;0;0;0;0;12;B01
201300035604;0;7;0;0;9;7;21;A01
201300035605;0;2;0;0;2;1;2;A01
201300035605;0;2;0;0;0;4;0;B01
201300035606;0;7;0;0;2;1;2;A01
201300035606;0;7;0;0;2;4;2;B01
201300035607;0;7;0;14;0;1;1;A01
201300035608;0;7;0;12;0;9;2;A01
201300035609;0;7;0;6;0;1;1;A01
201300035610;0;7;0;0;2;4;23;D01
201300035610;0;7;0;0;2;4;23;B01
201300035610;0;7;0;0;2;1;2;A01
201300035610;0;7;0;0;2;4;23;C01
201300035611;0;7;0;8;1;3;1;A01
201300035612;0;7;0;0;2;7;1;B01
201300035612;0;7;0;0;2;1;1;A01
201300035613;0;7;0;0;2;5;1;B01
201300035613;1;7;0;0;2;0;19;A01
201300035614;1;7;0;0;0;1;2;A01
201300035614;0;7;0;0;0;4;2;B01
201300035615;0;7;0;0;2;1;5;A01
201300035615;0;7;0;0;2;3;0;B01
201300035616;2;7;0;0;0;0;0;A01
201300035616;0;7;0;0;0;0;1;B01
201300035617;0;7;0;0;2;3;21;B01
201300035617;0;30;0;0;2;1;13;A01
201300035618;0;33;0;0;2;1;1;A01
201300035618;0;7;0;0;0;8;1;B01
201300035619;0;31;0;0;0;8;2;B01
201300035619;1;7;0;0;0;0;5;A01
201300035620;0;3;0;14;0;1;0;A01
201300035621;0;7;0;0;2;0;1;C01
201300035621;1;99;0;0;0;0;0;A01
201300035621;0;7;0;0;0;3;23;D01
201300035621;0;33;0;0;0;3;23;B01
201300035621;0;7;0;0;0;0;23;E01
201300035622;1;7;0;0;1;0;11;A01
201300035623;1;7;0;0;1;1;1;A01
201300035624;0;2;0;2;0;1;2;A01
201300035625;0;33;0;0;2;1;1;B01
201300035625;0;7;0;0;2;2;10;A01
201300035626;0;7;0;0;1;3;1;A01
201300035627;0;7;0;0;2;4;23;B01
201300035627;0;15;0;0;2;1;2;A01
201300035628;0;7;0;0;2;1;1;B01
201300035628;0;7;0;0;2;8;10;A01
201300035629;0;7;0;0;2;1;1;A01
201300035629;0;7;0;0;2;8;15;B01
201300035630;0;7;0;0;2;2;9;A01
201300035630;0;2;0;0;2;7;1;B01
201300035631;0;7;0;0;2;1;1;B01
201300035631;0;7;0;0;2;7;13;A01
201300035632;0;7;0;0;2;1;13;A01
201300035632;0;7;0;0;2;1;1;B01
201300035633;0;7;0;0;2;5;1;B01
201300035633;0;33;0;0;2;9;2;A01
201300035633;0;7;0;0;2;3;9;C01
201300035634;0;33;0;0;2;1;2;A01
201300035634;0;7;0;0;2;4;11;B01
201300035635;0;33;0;8;0;1;21;A01
201300035636;0;33;0;0;0;0;1;A01
201300035637;0;7;0;2;0;8;12;A01
201300035638;0;7;0;0;2;2;1;B01
201300035638;0;1;0;0;2;1;9;A01
201300035639;0;30;0;0;2;1;17;A01
201300035639;0;7;0;0;2;3;15;B01
201300035640;0;1;0;0;2;1;5;A01
201300035640;0;7;0;0;2;3;15;B01
201300035641;0;7;0;5;2;2;21;A01
201300035642;0;7;0;0;0;0;1;A01
201300035643;0;7;0;0;1;1;1;A01
201300035644;0;7;0;0;1;1;15;A01
201300035645;0;7;0;0;2;3;22;B01
201300035645;0;37;1;0;2;5;2;A01
201300035646;0;1;0;0;2;8;1;B01
201300035646;0;31;0;0;2;1;1;A01
201300035647;0;7;0;0;2;3;16;A01
201300035647;0;37;1;0;2;3;1;B01
201300035648;0;33;0;0;5;0;21;A01
201300035649;1;7;0;0;1;1;0;A01
201300035650;0;10;0;0;2;3;13;A01
201300035650;0;7;0;0;9;8;2;C01
201300035650;0;7;0;0;2;1;1;B01
201300035651;0;7;0;0;0;4;23;C01
201300035651;0;7;0;0;0;4;23;B01
201300035651;0;7;0;0;2;1;2;A01
201300035651;0;7;0;0;0;4;23;D01
201300035652;0;7;0;13;0;2;0;A01
201300035653;0;1;0;0;2;1;0;B01
201300035653;0;7;0;0;9;3;1;A01
201300035654;0;7;0;4;0;4;1;A01
201300035655;0;7;0;8;0;9;1;A01
201300035656;0;7;0;0;2;3;10;A01
201300035656;0;33;0;0;2;8;0;B01
201300035657;0;7;0;0;1;8;1;A01
201300035658;0;7;0;0;0;0;1;B01
201300035658;0;7;0;0;0;3;15;A01
201300035659;1;7;0;0;2;3;1;B01
201300035659;0;7;0;0;2;8;12;A01
201300035660;0;7;0;0;5;1;1;B01
201300035660;0;7;0;0;5;1;1;A01
201300035661;0;7;0;0;1;1;15;A01
201300035662;0;7;0;0;2;3;9;A01
201300035662;0;33;0;0;2;1;1;B01
201300035663;0;32;0;0;2;2;2;A01
201300035663;0;33;0;1;2;3;2;B01
201300035664;0;7;0;0;1;1;16;A01
201300035665;0;7;0;0;2;3;19;A01
201300035665;0;33;0;0;2;1;1;B01
201300035666;0;7;0;0;9;3;2;B01
201300035666;0;1;0;0;0;4;13;A01
201300035667;0;33;0;0;2;1;1;A01
201300035667;0;2;0;0;2;7;1;B01
201300035668;0;7;0;0;2;1;15;A01
201300035668;0;7;0;0;2;5;1;B01
201300035669;0;7;0;0;1;1;1;A01
201300035670;0;31;0;0;2;7;3;A01
201300035670;0;7;0;0;2;1;15;B01
201300035671;0;7;0;0;1;2;1;A01
201300035672;0;7;0;0;0;4;1;C01
201300035672;0;7;0;0;2;4;2;B01
201300035672;0;7;0;0;2;1;2;A01
201300035673;0;7;0;0;1;1;1;A01
201300035674;0;7;0;0;1;3;1;A01
201300035675;0;34;0;0;1;1;17;A01
201300035676;0;7;0;0;2;8;13;A01
201300035676;0;7;0;0;2;3;1;B01
201300035677;0;7;0;0;1;2;1;A01
201300035678;0;7;0;0;2;3;9;B01
201300035678;0;33;0;0;2;1;17;A01
201300035679;1;7;0;0;2;8;11;A01
201300035679;0;30;0;0;2;8;1;B01
201300035680;0;10;0;0;2;1;1;A01
201300035680;0;7;0;0;2;7;1;B01
201300035681;0;10;0;0;2;3;13;A01
201300035681;0;10;0;0;2;8;1;C01
201300035681;0;7;0;0;2;8;1;B01
201300035682;0;7;0;0;2;4;23;D01
201300035682;0;7;0;0;2;1;1;A01
201300035682;0;7;0;0;2;1;1;B01
201300035682;0;7;0;0;2;4;23;E01
201300035682;0;7;0;0;2;4;23;C01
201300035683;0;7;0;0;2;1;1;A01
201300035683;0;7;0;0;2;4;1;B01
201300035684;0;33;0;5;0;1;14;A01
201300035685;0;33;0;0;2;1;17;B01
201300035685;0;7;0;0;2;3;10;A01
201300035686;0;7;0;0;1;2;1;A01
201300035687;0;7;0;0;1;1;1;A01
201300035688;0;7;0;0;2;1;1;B01
201300035688;0;7;0;0;2;8;1;A01
201300035689;0;7;0;0;2;1;1;B01
201300035689;0;7;0;0;2;8;9;A01
201300035690;0;10;0;0;1;0;1;A01
201300035691;0;7;0;0;1;2;1;A01
201300035692;0;7;0;0;1;1;1;A01
201300035693;0;7;0;0;2;3;1;A01
201300035693;0;1;0;0;2;8;19;B01
201300035694;0;30;0;0;2;1;1;B01
201300035694;0;7;0;0;2;3;9;A01
201300035695;0;7;0;0;1;2;1;A01
201300035696;0;1;0;0;2;3;1;B01
201300035696;0;7;0;0;2;2;9;A01
201300035697;0;7;0;0;1;7;1;A01
201300035698;0;7;0;0;1;3;1;A01
201300035699;0;15;0;0;2;2;1;A01
201300035699;0;7;0;0;2;1;16;B01
201300035700;0;34;0;0;1;1;1;A01
201300035700;0;7;0;0;2;4;24;B01
201300035701;0;7;0;0;2;7;15;A01
201300035701;0;34;0;0;2;1;1;B01
201300035702;0;7;0;0;2;2;15;B01
201300035702;0;33;0;0;2;1;1;A01
201300035703;0;7;0;12;0;2;16;A01
201300035704;0;2;0;0;1;7;1;A01
201300035705;1;7;0;0;1;1;1;Z01
201300035706;0;1;0;0;2;3;19;B01
201300035706;0;2;0;0;9;1;1;A01
201300035707;0;7;0;0;1;3;1;A01
201300035708;0;13;0;0;2;2;1;B01
201300035708;0;30;0;0;2;4;10;A01
201300035709;0;7;0;0;1;8;1;B01
201300035710;0;7;0;0;1;3;1;A01
201300035711;0;13;0;0;1;3;1;A01
201300035712;0;7;0;0;0;7;15;A01
201300035712;0;32;0;0;2;1;1;B01
201300035713;0;7;0;0;2;3;9;A01
201300035713;0;2;0;0;2;1;1;B01
201300035714;0;30;0;0;2;8;17;A01
201300035714;0;7;0;0;2;3;17;B01
201300035715;0;33;0;0;0;0;1;B01
201300035715;0;7;0;0;9;1;1;A01
201300035716;0;7;0;0;1;2;1;A01
201300035717;0;7;0;0;2;4;23;B01
201300035717;0;7;0;0;2;1;2;C01
201300035717;0;37;6;0;2;1;2;A01
201300035718;0;7;0;0;1;3;1;A01
201300035719;0;7;0;0;1;3;1;A01
201300035720;0;7;0;0;1;1;1;A01
201300035721;0;10;0;0;9;1;1;A01
201300035721;0;34;0;0;2;1;5;B01
201300035722;0;7;0;0;0;4;1;B01
201300035722;0;33;0;0;2;4;3;A01
201300035723;0;7;0;0;2;1;2;A01
201300035723;0;1;0;0;0;4;2;B01
201300035724;0;15;0;0;2;6;1;C01
201300035724;0;33;0;0;2;1;3;A01
201300035724;1;10;0;0;9;4;1;B01
201300035725;0;33;0;0;2;8;3;B01
201300035725;0;7;0;0;2;7;14;A01
201300035726;0;37;15;0;1;1;15;A01
201300035727;0;7;0;0;1;3;15;A01
201300035728;0;7;0;0;2;1;1;B01
201300035728;0;33;0;0;2;2;16;A01
201300035729;0;7;0;0;2;3;20;A01
201300035729;0;2;0;0;2;7;21;B01
201300035730;0;7;0;0;1;1;1;A01
201300035731;0;7;0;0;2;3;10;A01
201300035731;0;33;0;0;2;6;17;B01
201300035732;0;7;0;0;1;0;2;A01
201300035733;0;7;0;15;0;0;0;A01
201300035734;0;1;0;0;1;1;16;A01
201300035735;0;7;0;1;0;3;1;A01
201300035736;0;7;0;0;1;1;20;A01
201300035737;0;7;0;0;1;2;1;A01
201300035738;0;7;0;0;2;5;15;A01
201300035738;0;33;0;0;2;1;1;B01
201300035739;0;7;0;0;1;2;1;A01
201300035740;0;14;0;0;1;1;1;A01
201300035741;0;7;0;0;0;9;11;A01
201300035742;0;7;0;2;2;1;2;B01
201300035742;0;7;0;0;2;4;4;A01
201300035743;0;7;0;0;2;5;2;A01
201300035743;0;1;0;1;0;8;18;B01
201300035744;0;30;0;0;0;4;0;A01
201300035745;0;30;0;14;0;1;1;A01
201300035746;0;33;0;11;0;2;1;A01
201300035747;0;2;0;0;2;3;1;A01
201300035747;0;7;0;0;2;2;15;B01
201300035748;1;2;0;0;2;2;0;Z01
201300035749;0;7;0;4;0;3;12;A01
201300035750;0;7;0;0;2;3;13;A01
201300035750;0;33;0;0;2;3;1;B01
201300035751;0;7;0;0;1;2;16;A01
201300035752;0;7;0;0;1;1;1;A01
201300035753;0;7;0;0;1;3;1;A01
201300035754;0;7;0;0;1;3;0;A01
201300035755;0;7;0;0;1;5;15;A01
201300035756;0;7;0;0;1;3;1;A01
201300035757;0;7;0;0;2;8;20;A01
201300035757;0;34;0;0;2;1;17;B01
201300035758;0;2;0;0;2;3;2;B01
201300035758;0;7;0;0;2;6;12;A01
201300035759;0;38;16;0;1;3;15;A01
201300035760;0;1;0;0;2;4;2;C01
201300035760;0;7;0;0;2;1;1;A01
201300035760;0;1;0;0;2;4;2;B01
201300035761;0;7;0;0;1;2;1;A01
201300035762;0;38;50;0;1;7;1;A01
201300035763;0;7;0;0;1;0;0;A01
201300035764;0;10;0;0;1;1;15;A01
201300035765;0;7;0;0;2;3;9;A01
201300035765;0;1;0;0;2;1;17;B01
201300035766;0;33;0;0;2;0;0;B01
201300035766;0;7;0;0;2;0;0;A01
201300035767;0;7;0;0;1;3;2;A01
201300035768;0;7;0;0;1;1;0;A01
201300035769;0;7;0;0;1;4;4;A01
201300035770;0;7;0;0;0;4;2;B01
201300035770;0;1;0;0;2;1;2;A01
201300035771;0;33;0;0;2;8;21;A01
201300035771;0;7;0;0;2;6;23;B01
201300035772;0;7;0;0;1;1;1;A01
201300035773;0;7;0;0;1;2;1;A01
201300035774;0;7;0;0;1;7;0;A01
201300035775;0;7;0;0;0;3;1;A01
201300035775;0;33;0;0;2;1;0;B01
201300035776;0;7;0;0;1;7;0;A01
201300035777;0;1;0;1;2;3;0;B01
201300035777;0;7;0;0;9;8;22;A01
201300035777;0;7;0;0;9;3;0;C01
201300035778;0;2;0;0;2;1;1;A01
201300035778;0;2;0;0;2;8;11;B01
201300035779;0;7;0;0;1;2;1;A01
201300035780;0;7;0;0;9;4;9;A01
201300035780;0;33;0;0;2;0;1;B01
201300035781;0;10;0;0;1;2;0;A01
201300035782;0;7;0;0;0;1;0;A01
201300035782;0;34;0;0;0;3;1;B01
201300035783;0;2;0;0;2;7;2;B01
201300035783;0;7;0;0;2;3;10;A01
201300035784;0;14;0;0;1;6;0;A01
201300035784;0;7;0;0;0;0;0;B01
201300035785;0;7;0;0;1;3;1;A01
201300035786;0;7;0;0;1;1;1;A01
201300035787;0;33;0;0;2;7;1;B01
201300035787;0;7;0;0;2;8;16;A01
201300035788;0;7;0;0;9;3;22;A01
201300035788;0;1;0;1;0;1;0;B01
201300035789;0;7;0;0;1;2;1;A01
201300035790;0;7;0;0;1;1;16;A01
201300035791;0;31;0;1;2;1;1;A01
201300035791;1;30;0;0;2;1;1;Z01
201300035792;0;7;0;14;0;1;1;A01
201300035793;0;7;0;0;1;8;1;A01
201300035794;0;7;0;0;1;1;1;A01
201300035795;0;7;0;0;1;1;1;A01
201300035796;0;10;0;0;2;3;0;A01
201300035796;0;33;0;0;2;7;9;B01
201300035797;0;7;0;16;0;7;0;A01
201300035798;0;7;0;0;2;5;15;A01
201300035798;0;2;0;0;2;1;1;B01
201300035799;0;7;0;0;2;1;1;B01
201300035799;0;7;0;15;2;2;15;A01
201300035800;0;33;0;0;2;1;1;B01
201300035800;0;7;0;0;2;7;1;A01
201300035801;0;10;0;0;2;5;15;A01
201300035801;0;33;0;0;2;5;1;B01
201300035802;0;7;0;0;2;6;1;C01
201300035802;0;7;0;0;2;3;9;A01
201300035802;0;33;0;0;2;7;2;B01
201300035803;0;7;0;0;2;6;9;A01
201300035803;0;33;0;0;2;3;1;B01
201300035804;0;7;0;0;2;4;1;B01
201300035804;0;34;0;0;2;1;1;A01
201300035805;0;33;0;0;2;1;1;B01
201300035805;0;10;0;0;2;8;1;A01
201300035806;0;7;0;0;2;3;24;A01
201300035806;0;1;0;1;0;7;1;B01
201300035807;0;7;0;3;2;3;1;B01
201300035807;0;7;0;3;2;2;6;A01
201300035808;0;31;0;0;2;1;1;B01
201300035808;0;7;0;0;2;6;9;A01
201300035809;0;33;0;0;1;7;1;A01
201300035810;0;7;0;0;1;1;1;B01
201300035811;0;14;0;14;0;2;6;A01
201300035812;0;33;0;0;2;1;17;A01
201300035812;0;7;0;0;2;3;15;B01
201300035813;0;7;0;0;2;1;1;A01
201300035813;0;1;0;0;0;0;1;C01
201300035813;0;7;0;0;2;1;21;B01
201300035814;0;7;0;0;2;5;4;A01
201300035814;0;34;0;0;2;1;1;B01
201300035815;0;2;0;0;1;1;21;A01
201300035816;0;33;0;0;2;1;1;B01
201300035816;0;7;0;0;2;6;15;A01
201300035817;0;10;0;0;1;1;1;A01
201300035818;0;7;0;0;2;8;15;B01
201300035818;0;33;0;0;2;0;17;A01
201300035819;0;1;0;0;2;6;2;B01
201300035819;1;7;0;0;2;7;2;A01
201300035820;0;33;0;0;0;0;17;A01
201300035821;0;10;0;0;2;1;1;B01
201300035821;0;2;0;0;2;8;1;A01
201300035822;0;7;0;0;1;2;1;A01
201300035823;0;31;0;0;2;1;3;A01
201300035823;0;7;0;0;2;3;15;B01
201300035824;0;2;0;0;2;1;2;A01
201300035824;0;7;0;0;2;4;2;C01
201300035824;0;7;0;0;2;4;2;B01
201300035825;0;7;0;0;2;2;2;A01
201300035825;0;7;0;0;2;8;9;C01
201300035825;0;7;0;0;2;3;2;B01
201300035826;0;7;0;0;2;2;1;B01
201300035826;0;1;0;0;2;3;16;A01
201300035827;0;7;0;0;1;1;2;B01
201300035827;0;2;0;0;2;1;2;A01
201300035828;0;1;0;1;0;7;1;A01
201300035829;0;7;0;8;0;5;1;A01
201300035830;0;33;0;0;1;1;1;A01
201300035831;0;33;0;0;0;0;21;A01
201300035832;0;7;0;0;2;4;2;B01
201300035832;0;33;0;0;2;1;2;A01
201300035833;0;2;0;8;0;1;1;A01
201300035834;0;7;0;0;0;5;15;A01
201300035834;0;3;0;0;2;1;1;B01
201300035835;0;7;0;0;0;4;2;B01
201300035835;0;2;0;0;0;1;2;A01
201300035836;0;2;0;0;0;7;1;A01
201300035837;0;7;0;6;0;1;0;A01
201300035838;0;2;0;0;0;0;0;A01
201300035839;0;7;0;0;2;1;16;A01
201300035839;0;7;0;0;2;3;1;B01
201300035840;0;7;0;0;2;1;9;A01
201300035840;0;2;0;0;2;7;1;B01
201300035841;0;7;0;0;1;3;1;B01
201300035842;0;7;0;0;0;9;1;A01
201300035843;0;7;0;0;2;1;1;B01
201300035843;0;7;0;0;2;2;15;A01
201300035844;0;2;0;0;2;1;1;A01
201300035844;0;7;0;0;0;4;23;B01
201300035845;0;7;0;0;2;8;24;A01
201300035845;0;1;0;1;2;1;21;B01
201300035846;0;7;0;0;2;1;1;B01
201300035846;0;7;0;0;2;3;9;A01
201300035847;0;35;0;12;0;7;1;A01
201300035848;0;7;0;0;0;0;17;B01
201300035848;0;1;0;0;2;0;15;A01
201300035849;0;7;0;0;0;5;2;B01
201300035849;0;2;0;0;2;1;2;A01
201300035850;0;2;0;0;0;0;0;A01
201300035851;0;2;0;0;0;0;1;A01
201300035852;1;7;0;1;1;2;1;A01
201300035853;0;7;0;0;2;3;1;B01
201300035853;0;7;0;0;0;1;15;A01
201300035854;0;2;0;0;2;1;6;B01
201300035854;0;2;0;0;2;1;6;A01
201300035854;0;7;0;0;2;8;15;C01
201300035855;0;2;0;0;0;4;1;B01
201300035855;0;7;0;0;2;4;2;A01
201300035856;0;33;0;11;0;9;1;A01
201300035857;0;7;0;6;2;8;1;A01
201300035857;0;7;0;0;2;1;1;B01
201300035858;0;30;0;0;0;7;16;A01
201300035859;0;7;0;0;2;1;9;B01
201300035859;0;7;0;0;0;3;9;A01
201300035860;0;10;0;0;2;2;1;B01
201300035860;0;1;0;0;2;1;19;A01
201300035861;0;7;0;0;1;2;1;A01
201300035862;0;7;0;0;2;3;2;A01
201300035862;0;7;0;0;2;1;1;B01
201300035863;0;30;0;0;2;2;1;B01