num_acc;senc;catv;occutc;obs;obsm;choc;manv;num_veh
201300035863;0;7;0;0;2;3;20;A01
201300035864;0;7;0;0;1;2;1;A01
201300035865;0;7;0;0;2;1;9;A01
201300035865;0;1;0;16;0;2;19;B01
201300035866;0;7;0;0;1;3;11;A01
201300035867;0;7;0;11;2;3;21;B01
201300035867;0;7;0;6;2;6;2;A01
201300035868;0;7;0;0;2;5;15;A01
201300035868;0;31;0;0;2;1;1;B01
201300035869;0;7;0;0;1;3;1;A01
201300035870;0;7;0;0;0;7;1;B01
201300035870;0;7;0;0;2;3;9;A01
201300035871;0;10;0;0;1;6;1;A01
201300035872;0;7;0;0;2;7;1;A01
201300035872;0;7;0;0;2;1;1;B01
201300035873;0;33;0;0;2;1;1;B01
201300035873;0;7;0;0;2;8;10;A01
201300035874;0;1;0;0;0;1;1;A01
201300035874;0;7;0;0;9;2;23;B01
201300035875;0;33;0;0;2;1;1;B01
201300035875;0;7;0;0;2;8;9;A01
201300035876;0;7;0;0;0;3;5;A01
201300035877;0;7;0;0;2;3;15;A01
201300035877;0;2;0;0;2;1;1;B01
201300035878;0;7;0;0;2;8;1;C01
201300035878;0;10;0;0;2;6;1;B01
201300035878;0;7;0;0;2;8;1;D01
201300035878;0;7;0;0;2;1;1;E01
201300035878;0;7;0;0;2;1;13;A01
201300035879;0;7;0;16;0;9;1;A01
201300035880;0;1;0;0;2;1;1;A01
201300035880;0;7;0;0;2;1;16;B01
201300035881;0;7;0;0;2;1;1;A01
201300035881;0;7;0;0;2;4;1;B01
201300035882;0;7;0;8;0;8;1;A01
201300035883;0;2;0;0;2;8;1;B01
201300035883;0;7;0;0;2;3;1;A01
201300035884;0;2;0;0;1;7;1;A01
201300035885;0;2;0;0;2;2;9;A01
201300035885;0;7;0;0;2;2;1;B01
201300035886;0;7;0;0;2;7;1;B01
201300035886;0;37;1;0;2;1;15;A01
201300035887;0;7;0;0;2;5;15;A01
201300035887;0;1;0;0;2;0;1;B01
201300035888;1;7;0;0;1;0;0;A01
201300035889;0;30;0;0;2;1;1;B01
201300035889;0;7;0;0;2;1;15;A01
201300035890;0;1;0;0;2;4;1;B01
201300035890;0;15;0;0;2;3;1;A01
201300035891;0;7;0;0;2;4;1;B01
201300035891;0;7;0;1;0;1;1;A01
201300035892;0;31;0;0;2;1;1;B01
201300035892;0;7;0;0;2;2;15;A01
201300035893;0;7;0;0;1;2;1;A01
201300035894;0;1;0;0;2;1;1;A01
201300035894;0;7;0;0;2;8;1;B01
201300035895;0;7;0;1;2;1;1;A01
201300035895;0;7;0;0;2;1;1;B01
201300035895;0;7;0;0;2;4;1;C01
201300035896;0;7;0;0;2;3;15;A01
201300035896;0;2;0;0;2;4;1;B01
201300035897;0;30;0;0;2;1;1;A01
201300035897;0;10;0;0;2;3;1;B01
201300035898;0;7;0;3;2;1;1;B01
201300035898;0;7;0;0;2;8;15;A01
201300035899;0;7;0;0;1;7;1;A01
201300035900;0;7;0;0;2;1;20;A01
201300035900;0;7;0;0;2;4;1;B01
201300035901;0;7;0;0;1;7;1;A01
201300035902;0;2;0;0;2;8;1;B01
201300035902;0;7;0;0;2;3;1;A01
201300035903;0;10;0;0;2;1;1;B01
201300035903;0;10;0;0;2;4;1;A01
201300035904;0;10;0;0;2;3;1;A01
201300035904;0;7;0;0;2;7;1;B01
201300035905;0;30;0;0;2;1;1;B01
201300035905;0;7;0;0;2;3;1;A01
201300035906;0;7;0;0;2;3;0;A01
201300035906;0;37;1;0;2;7;1;B01
201300035907;0;7;0;0;2;1;1;A01
201300035907;0;7;0;0;2;8;15;B01
201300035908;0;7;0;0;2;3;1;A01
201300035908;0;7;0;0;2;3;1;B01
201300035909;0;7;0;0;2;4;1;B01
201300035909;0;7;0;0;2;4;1;C01
201300035909;0;7;0;0;2;1;1;A01
201300035910;0;7;0;15;0;9;1;A01
201300035911;0;7;0;0;1;0;9;A01
201300035912;0;1;0;0;2;4;1;B01
201300035912;0;7;0;0;2;3;15;A01
201300035913;0;7;0;0;1;1;1;A01
201300035914;0;7;0;16;0;1;1;A01
201300035915;0;7;0;0;1;0;1;A01
201300035916;1;7;0;0;2;0;1;Z01
201300035916;0;33;0;0;1;1;1;A01
201300035917;0;7;0;8;0;1;1;A01
201300035918;0;7;0;0;2;4;1;B01
201300035918;0;7;0;0;2;1;1;A01
201300035919;0;7;0;0;2;0;1;D01
201300035919;0;7;0;0;2;1;1;B01
201300035919;0;7;0;0;2;1;1;A01
201300035919;0;7;0;0;2;4;1;C01
201300035920;0;1;0;0;2;7;12;A01
201300035920;0;17;0;0;2;1;1;B01
201300035921;0;7;0;0;2;5;15;A01
201300035921;0;7;0;0;2;1;1;B01
201300035922;0;7;0;0;2;1;1;A01
201300035922;0;7;0;0;2;1;1;B01
201300035923;0;32;0;0;2;1;1;A01
201300035923;0;7;0;0;2;8;15;B01
201300035924;0;7;0;0;1;2;1;A01
201300035925;0;7;0;0;2;1;1;A01
201300035925;0;7;0;0;2;0;9;B01
201300035926;0;7;0;8;2;2;1;B01
201300035926;0;7;0;0;2;1;1;A01
201300035927;1;7;0;0;2;1;1;A01
201300035927;0;2;0;0;2;1;1;B01
201300035928;0;7;0;0;2;4;1;B01
201300035928;0;7;0;0;2;1;1;A01
201300035929;0;7;0;0;1;2;1;A01
201300035930;0;7;0;2;5;1;17;A01
201300035931;0;7;0;10;1;1;24;A01
201300035932;0;33;0;0;1;7;1;A01
201300035933;1;7;0;0;1;1;1;A01
201300035934;0;7;0;0;2;3;1;B01
201300035934;0;7;0;0;2;3;15;A01
201300035935;0;1;0;0;0;0;16;A01
201300035935;0;7;0;0;2;1;1;B01
201300035936;0;2;0;0;2;1;1;B01
201300035936;0;7;0;0;2;4;10;A01
201300035937;0;1;0;0;2;8;15;B01
201300035937;1;7;0;0;2;2;1;A01
201300035938;0;7;0;0;1;1;1;A01
201300035939;0;7;0;0;2;8;1;B01
201300035939;0;13;0;0;2;5;12;A01
201300035940;0;7;0;8;0;1;1;A01
201300035941;1;7;0;0;2;1;15;A01
201300035941;0;33;0;0;2;3;1;B01
201300035942;0;37;5;0;2;1;1;B01
201300035942;0;7;0;0;2;3;16;A01
201300035943;0;7;0;0;2;3;13;A01
201300035943;0;7;0;0;2;3;1;B01
201300035944;0;7;0;0;2;5;1;B01
201300035944;0;30;0;0;2;1;1;A01
201300035945;1;7;0;0;2;1;15;A01
201300035945;0;30;0;0;2;1;1;B01
201300035946;0;7;0;0;2;3;9;A01
201300035946;0;1;0;0;2;7;9;B01
201300035947;0;7;0;0;2;8;1;A01
201300035947;0;7;0;0;2;3;1;B01
201300035948;0;7;0;1;1;3;1;A01
201300035949;0;33;0;8;2;1;1;A01
201300035949;1;7;0;0;0;0;16;B01
201300035950;0;7;0;0;2;4;1;B01
201300035950;0;7;0;0;2;1;1;A01
201300035950;0;7;0;0;2;4;1;C01
201300035951;0;7;0;0;2;7;1;A01
201300035951;0;7;0;0;2;1;1;B01
201300035952;0;7;0;0;2;6;1;B01
201300035952;0;7;0;0;2;7;1;A01
201300035953;0;7;0;0;2;2;1;A01
201300035953;0;7;0;0;2;8;1;B01
201300035954;0;1;0;0;2;1;15;A01
201300035954;0;7;0;0;2;1;1;B01
201300035955;0;7;0;0;2;1;1;B01
201300035955;0;7;0;0;2;1;1;A01
201300035956;0;7;0;0;2;1;1;A01
201300035956;0;1;0;0;2;1;19;B01
201300035957;0;7;0;0;2;7;9;B01
201300035957;0;7;0;0;2;7;9;A01
201300035958;0;7;0;0;2;3;15;A01
201300035958;0;7;0;0;2;5;1;B01
201300035959;0;7;0;0;1;7;1;A01
201300035960;0;7;0;0;1;0;1;A01
201300035961;0;7;0;0;1;2;1;A01
201300035962;0;7;0;0;2;0;1;A01
201300035962;0;7;0;0;2;4;1;B01
201300035963;0;1;0;0;2;1;1;B01
201300035963;0;7;0;0;2;3;1;A01
201300035964;0;7;0;0;2;1;1;A01
201300035964;0;1;0;0;2;1;15;B01
201300035965;0;7;0;2;0;1;1;A01
201300035966;0;7;0;0;1;7;15;A01
201300035967;1;2;0;0;2;1;1;A01
201300035967;0;1;0;0;2;4;1;B01
201300035968;0;7;0;1;2;1;17;A01
201300035968;0;1;0;0;2;7;19;B01
201300035969;0;7;0;0;1;1;1;A01
201300035970;0;2;0;0;2;1;1;B01
201300035970;0;14;0;0;2;4;4;A01
201300035971;0;7;0;13;0;1;1;A01
201300035972;0;7;0;0;2;1;0;C01
201300035972;0;33;0;0;2;1;1;B01
201300035972;0;7;0;0;2;4;9;A01
201300035973;0;7;0;0;2;1;1;A01
201300035973;0;7;0;0;2;4;1;D01
201300035973;0;7;0;0;2;4;1;B01
201300035973;0;7;0;0;2;4;1;C01
201300035974;0;7;0;0;1;8;1;A01
201300035975;0;7;0;0;2;2;1;B01
201300035975;0;1;0;0;2;1;5;A01
201300035976;0;7;0;0;1;1;1;A01
201300035977;0;7;0;0;2;4;1;B01
201300035977;0;1;0;0;2;1;1;A01
201300035978;0;10;0;0;2;1;1;A01
201300035978;0;7;0;0;2;8;1;B01
201300035979;0;10;0;0;2;1;1;A01
201300035979;0;7;0;0;2;4;4;B01
201300035980;0;7;0;1;2;4;16;B01
201300035980;0;10;0;0;2;1;1;A01
201300035981;0;15;0;0;2;7;9;A01
201300035981;0;7;0;0;2;1;1;B01
201300035982;2;7;0;0;2;3;13;A01
201300035982;0;7;0;0;2;7;1;B01
201300035983;0;7;0;0;2;8;1;B01
201300035983;0;10;0;0;2;1;1;A01
201300035984;0;33;0;0;2;1;1;B01
201300035984;0;7;0;0;2;7;15;A01
201300035985;0;2;0;0;2;1;1;B01
201300035985;0;7;0;0;2;2;15;A01
201300035986;0;7;0;0;2;4;1;B01
201300035986;1;7;0;0;2;1;1;A01
201300035987;0;1;0;0;1;1;1;A01
201300035988;0;7;0;0;2;8;9;A01
201300035988;0;33;0;0;2;1;1;B01
201300035989;0;34;0;0;2;1;18;A01
201300035989;0;7;0;0;2;2;15;B01
201300035990;0;7;0;0;2;1;1;A01
201300035990;0;7;0;0;2;4;1;B01
201300035991;0;7;0;0;2;1;1;A01
201300035991;0;7;0;0;2;3;1;B01
201300035992;0;7;0;0;2;1;1;A01
201300035992;0;7;0;0;2;4;1;B01
201300035992;0;7;0;0;2;4;1;C01
201300035993;0;7;0;0;2;0;20;B01
201300035993;0;2;0;0;2;1;1;A01
201300035994;0;7;0;0;2;0;24;B01
201300035994;0;2;0;1;0;1;1;A01
201300035995;0;7;0;8;0;1;1;A01
201300035996;0;2;0;0;2;3;1;A01
201300035996;0;7;0;0;2;1;9;B01
201300035997;0;2;0;11;0;1;1;A01
201300035998;0;2;0;0;2;1;1;A01
201300035998;0;7;0;0;2;3;10;B01
201300035999;0;7;0;0;2;6;10;A01
201300035999;0;33;0;0;2;1;1;B01
201300036000;0;7;0;0;2;1;1;A01
201300036000;0;7;0;0;2;8;1;B01
201300036001;0;7;0;0;2;1;1;A01
201300036001;0;7;0;0;2;4;1;B01
201300036002;0;2;0;0;2;1;1;A01
201300036002;0;7;0;0;2;1;15;B01
201300036003;0;7;0;0;2;1;1;A01
201300036003;0;7;0;0;2;4;1;B01
201300036004;0;7;0;0;1;1;1;A01
201300036005;0;7;0;0;2;1;15;A01
201300036005;0;2;0;0;2;1;1;B01
201300036006;0;7;0;0;2;1;1;B01
201300036006;0;7;0;0;2;1;1;A01
201300036007;0;2;0;0;2;1;1;A01
201300036007;0;10;0;0;2;4;24;B01
201300036008;0;7;0;6;0;2;0;A01
201300036009;0;7;0;0;2;7;1;B01
201300036009;0;7;0;0;2;1;20;A01
201300036010;0;34;0;0;2;1;17;A01
201300036010;0;7;0;0;2;1;1;B01
201300036011;0;7;0;0;1;8;1;A01
201300036012;0;7;0;16;0;1;1;A01
201300036013;0;1;0;0;1;1;1;A01
201300036014;0;7;0;0;2;3;15;A01
201300036014;0;33;0;0;2;1;1;B01
201300036015;0;33;0;14;0;1;1;A01
201300036016;0;7;0;0;2;5;15;A01
201300036016;0;1;0;0;2;1;1;B01
201300036017;0;7;0;9;0;1;1;A01
201300036018;0;7;0;0;2;4;1;B01
201300036018;0;7;0;0;2;1;1;A01
201300036019;0;7;0;0;2;1;1;B01
201300036019;0;10;0;0;2;1;9;A01
201300036020;0;7;0;0;2;2;1;A01
201300036020;0;7;0;0;2;3;1;B01
201300036021;0;14;0;0;2;8;1;B01
201300036021;0;33;0;14;2;1;17;A01
201300036022;0;1;0;0;2;1;19;B01
201300036022;0;7;0;0;2;1;16;A01
201300036023;0;1;0;0;2;0;1;B01
201300036023;0;7;0;0;2;3;15;A01
201300036024;0;17;0;0;2;7;9;A01
201300036024;0;15;0;0;2;3;1;B01
201300036025;0;7;0;0;2;8;1;A01
201300036025;0;1;0;0;2;7;1;B01
201300036026;0;7;0;0;2;4;1;B01
201300036026;0;7;0;0;2;1;1;A01
201300036027;0;7;0;0;2;1;1;A01
201300036027;0;7;0;0;2;4;1;B01
201300036028;0;7;0;0;2;1;1;A01
201300036028;0;7;0;0;2;4;1;B01
201300036029;0;2;0;0;2;4;1;B01
201300036029;0;7;0;0;2;2;1;A01
201300036030;0;33;0;0;2;8;1;B01
201300036030;0;7;0;0;2;3;10;A01
201300036031;0;2;0;0;2;0;0;A01
201300036031;0;1;0;0;2;4;0;B01
201300036032;0;7;0;0;2;1;15;B01
201300036032;0;31;0;0;2;3;1;A01
201300036033;0;7;0;0;2;1;1;B01
201300036033;0;7;0;0;2;1;15;A01
201300036034;0;7;0;16;0;9;1;A01
201300036035;0;7;0;1;0;1;1;A01
201300036036;0;7;0;0;2;2;10;A01
201300036036;0;34;0;0;2;1;1;B01
201300036037;0;7;0;6;0;1;1;A01
201300036038;0;30;0;1;0;1;1;A01
201300036039;0;7;0;0;2;1;5;A01
201300036039;0;33;0;1;2;1;1;B01
201300036040;0;7;0;1;1;1;1;A01
201300036041;0;7;0;0;0;4;1;B01
201300036041;0;3;0;0;2;1;1;A01
201300036042;0;10;0;0;2;2;1;A01
201300036042;0;7;0;0;2;3;9;B01
201300036043;0;1;0;0;2;7;19;A01
201300036043;0;7;0;0;2;1;1;B01
201300036044;0;3;0;0;2;4;1;B01
201300036044;0;7;0;0;2;1;1;A01
201300036045;0;37;30;0;2;8;1;B01
201300036045;0;7;0;0;2;7;16;A01
201300036046;0;31;0;0;2;1;15;B01
201300036046;0;7;0;0;2;3;1;A01
201300036047;0;10;0;0;2;1;1;C01
201300036047;0;7;0;0;2;7;1;B01
201300036047;0;10;0;0;2;1;1;A01
201300036048;0;14;0;0;1;7;1;A01
201300036049;0;7;0;13;0;7;1;A01
201300036050;0;10;0;0;2;3;1;A01
201300036050;0;7;0;0;2;6;1;B01
201300036051;0;7;0;6;2;1;1;A01
201300036052;0;33;0;0;2;1;1;B01
201300036052;0;7;0;0;2;2;1;A01
201300036053;1;7;0;0;1;1;1;A01
201300036054;0;33;0;0;2;1;1;B01
201300036054;0;7;0;0;2;2;10;A01
201300036055;0;7;0;0;0;4;0;B01
201300036055;0;7;0;0;2;1;1;A01
201300036056;0;31;0;0;2;1;0;B01
201300036056;0;7;0;0;2;3;0;A01
201300036057;0;30;0;0;2;3;0;B01
201300036057;0;7;0;0;2;2;0;A01
201300036058;0;7;0;0;2;1;0;A01
201300036058;0;7;0;0;2;1;1;B01
201300036058;0;7;0;0;0;4;1;C01
201300036059;0;7;0;0;9;3;1;B01
201300036059;0;1;0;0;2;2;1;A01
201300036060;0;1;0;0;1;2;1;A01
201300036061;0;2;0;0;2;1;1;A01
201300036061;0;7;0;0;0;4;1;B01
201300036062;0;7;0;0;1;1;15;A01
201300036063;0;7;0;0;1;1;15;A01
201300036064;0;7;0;0;0;0;1;B01
201300036064;0;2;0;0;2;1;1;A01
201300036065;0;7;0;0;1;1;1;A01
201300036066;0;7;0;0;2;1;1;A01
201300036066;0;7;0;0;2;4;0;B01
201300036067;0;7;0;0;1;2;1;A01
201300036068;0;7;0;0;2;1;1;A01
201300036068;0;7;0;0;0;4;1;B01
201300036069;0;7;0;0;1;3;1;A01
201300036070;0;7;0;0;1;3;1;A01
201300036071;0;7;0;7;0;9;1;A01
201300036072;0;7;0;0;2;8;15;B01
201300036072;0;34;0;0;2;1;17;A01
201300036073;0;7;0;0;2;3;15;A01
201300036073;0;2;0;0;2;2;1;B01
201300036074;0;7;0;16;0;9;1;A01
201300036075;0;7;0;0;1;3;1;A01
201300036076;0;2;0;0;2;6;1;B01
201300036076;0;7;0;0;9;1;15;A01
201300036077;0;7;0;0;2;1;0;A01
201300036077;0;7;0;0;2;1;1;B01
201300036077;0;7;0;0;2;4;1;C01
201300036078;0;7;0;0;1;3;0;A01
201300036079;0;2;0;16;0;1;1;A01
201300036080;0;2;0;0;1;1;1;A01
201300036081;0;13;0;0;1;5;20;A01
201300036082;0;30;0;0;2;5;1;B01
201300036082;0;7;0;0;2;2;0;A01
201300036083;0;7;0;0;1;1;1;A01
201300036084;0;33;0;0;1;1;1;A01
201300036085;0;7;0;0;2;4;1;B01
201300036085;0;7;0;0;2;1;1;A01
201300036085;0;7;0;0;2;4;1;C01
201300036086;0;2;0;0;1;1;1;A01
201300036087;0;7;0;0;1;1;1;A01
201300036088;0;10;0;0;2;4;4;A01
201300036088;0;2;0;0;2;1;1;B01
201300036089;0;7;0;0;2;4;1;C01
201300036089;0;7;0;0;2;1;1;A01
201300036089;0;7;0;0;2;4;1;B01
201300036090;0;10;0;0;2;1;15;B01
201300036090;0;33;0;0;2;1;1;A01
201300036091;0;7;0;0;1;1;1;A01
201300036092;0;7;0;9;0;1;1;A01
201300036093;0;7;0;13;0;1;1;A01
201300036094;0;3;0;0;1;0;16;A01
201300036095;0;33;0;0;2;1;1;A01
201300036095;0;7;0;0;2;4;11;B01
201300036096;0;7;0;0;2;8;15;B01
201300036096;0;2;0;0;2;1;1;A01
201300036097;0;7;0;0;2;2;15;A01
201300036097;0;7;0;0;2;3;9;B01
201300036098;0;7;0;0;2;1;1;B01
201300036098;0;7;0;0;2;2;1;A01
201300036099;0;37;1;0;2;8;1;B01
201300036099;0;7;0;0;2;7;15;A01
201300036100;1;14;0;0;2;1;1;A01
201300036100;0;37;30;0;2;6;1;B01
201300036101;0;7;0;0;2;1;1;A01
201300036101;0;30;0;0;2;1;1;B01
201300036102;0;1;0;0;2;8;19;A01
201300036102;0;7;0;0;2;1;1;B01
201300036103;0;7;0;0;2;1;1;B01
201300036103;0;7;0;0;2;4;1;A01
201300036104;0;7;0;0;1;1;1;A01
201300036105;0;7;0;0;1;1;1;A01
201300036106;0;7;0;0;1;1;15;A01
201300036107;0;7;0;0;2;7;1;A01
201300036107;0;30;0;0;2;7;1;B01
201300036108;0;7;0;0;2;4;1;A01
201300036108;0;7;0;0;2;1;15;B01
201300036109;0;2;0;0;2;7;1;B01
201300036109;0;7;0;0;9;3;20;A01
201300036110;0;7;0;0;2;1;1;B01
201300036110;0;7;0;0;2;1;17;A01
201300036111;0;7;0;0;2;1;15;B01
201300036111;0;33;0;0;2;1;17;A01
201300036112;0;7;0;2;2;8;1;B01
201300036112;0;7;0;0;2;2;5;A01
201300036113;0;7;0;0;1;1;1;A01
201300036114;0;7;0;0;2;4;1;B01
201300036114;0;7;0;0;2;1;1;A01
201300036115;0;30;0;0;0;0;1;A01
201300036116;0;7;0;0;1;1;15;A01
201300036117;0;7;0;0;2;4;1;B01
201300036117;0;7;0;0;2;4;11;A01
201300036118;0;7;0;0;1;1;1;A01
201300036119;0;7;0;0;1;1;1;A01
201300036120;0;7;0;0;2;7;15;B01
201300036120;0;7;0;0;2;1;1;A01
201300036121;0;7;0;0;2;3;13;A01
201300036121;0;37;10;0;2;3;2;B01
201300036122;0;7;0;0;2;3;15;B01
201300036122;0;34;0;0;2;3;1;A01
201300036123;0;33;0;6;0;7;14;A01
201300036124;0;7;0;0;1;1;1;A01
201300036125;0;7;0;0;2;1;11;A01
201300036125;0;7;0;0;2;1;2;B01
201300036126;0;7;0;0;1;1;19;A01
201300036127;0;7;0;2;0;3;13;A01
201300036128;0;7;0;0;1;1;1;A01
201300036129;0;7;0;0;1;0;4;A01
201300036130;0;7;0;0;1;1;1;A01
201300036131;0;30;0;0;2;8;1;A01
201300036131;0;15;0;0;2;1;2;B01
201300036132;1;30;0;0;1;1;1;A01
201300036133;0;7;0;0;2;1;1;B01
201300036133;0;7;0;0;0;8;1;A01
201300036134;0;2;0;12;0;1;14;A01
201300036135;0;7;0;0;2;1;1;A01
201300036135;0;7;0;0;0;4;1;B01
201300036136;0;7;0;0;2;1;1;B01
201300036136;0;7;0;0;0;5;15;A01
201300036137;0;7;0;2;0;8;14;A01
201300036138;0;33;0;0;2;1;2;A01
201300036138;0;10;0;0;0;4;2;B01
201300036139;0;7;0;0;2;1;15;A01
201300036139;0;33;0;0;0;8;1;B01
201300036140;0;7;0;2;0;5;1;B01
201300036140;0;7;0;0;2;1;1;A01
201300036141;0;7;0;0;2;3;1;B01
201300036141;0;7;0;0;2;1;1;A01
201300036142;0;7;0;0;1;1;15;A01
201300036143;0;7;0;0;0;1;1;A01
201300036143;0;1;0;0;2;7;19;B01
201300036144;0;31;0;0;2;8;0;A01
201300036145;0;32;0;12;0;3;0;A01
201300036146;0;33;0;0;0;0;18;A01
201300036147;0;1;0;0;0;4;2;B01
201300036147;0;2;0;0;2;1;2;A01
201300036148;0;1;0;0;2;1;1;B01
201300036148;0;7;0;0;2;2;15;A01
201300036149;0;7;0;9;0;1;0;A01
201300036150;0;7;0;0;1;2;0;A01
201300036151;0;2;0;0;2;3;1;A01
201300036151;0;7;0;0;0;4;1;B01
201300036152;0;7;0;0;1;1;19;A01
201300036153;0;7;0;0;1;2;1;A01
201300036154;0;7;0;0;2;8;19;A01
201300036154;0;15;0;0;2;6;1;B01
201300036155;0;7;0;13;0;9;1;A01
201300036156;0;7;0;0;2;1;5;A01
201300036156;0;7;0;0;2;3;2;B01
201300036157;0;7;0;0;0;4;2;A01
201300036157;0;7;0;0;2;1;2;B01
201300036158;0;7;0;0;9;8;5;A01
201300036158;0;21;0;0;2;8;5;B01
201300036159;0;7;0;0;2;1;2;A01
201300036159;0;2;0;0;2;4;2;B01
201300036160;0;7;0;10;0;1;1;A01
201300036161;0;7;0;8;2;9;21;A01
201300036161;0;7;0;0;2;2;5;C01
201300036161;0;7;0;0;2;1;19;B01
201300036162;0;7;0;0;2;3;1;B01
201300036162;0;7;0;0;2;3;15;A01
201300036163;0;7;0;2;2;1;2;A01
201300036163;0;7;0;0;2;6;2;B01
201300036164;0;7;0;0;4;8;0;A01
201300036164;0;39;0;0;2;3;1;B01
201300036165;0;7;0;0;2;3;0;A01
201300036165;0;7;0;6;2;3;0;B01
201300036165;0;7;0;0;2;7;11;C01
201300036165;0;7;0;0;2;8;2;D01
201300036166;0;30;0;0;2;7;1;B01
201300036166;0;7;0;0;2;3;9;A01
201300036167;0;7;0;0;2;1;2;A01
201300036167;0;7;0;6;0;9;2;B01
201300036167;0;7;0;0;2;4;15;C01
201300036168;0;2;0;0;2;7;1;B01
201300036168;0;7;0;0;2;3;9;A01
201300036169;0;31;0;0;2;3;18;B01
201300036169;1;7;0;0;2;2;16;Z01
201300036170;0;30;0;0;2;8;1;A01
201300036170;1;7;0;0;2;1;15;Z01
201300036171;0;7;0;3;0;2;14;A01
201300036172;1;7;0;0;1;1;0;Z01
201300036173;0;7;0;0;2;3;5;A01
201300036173;0;7;0;0;2;3;1;B01
201300036173;0;7;0;0;2;8;1;C01
201300036173;0;7;0;14;0;1;1;D01
201300036174;0;7;0;0;2;2;15;A01
201300036174;0;30;0;0;2;1;1;B01
201300036175;0;7;0;0;2;1;1;B01
201300036175;0;7;0;0;2;3;19;A01
201300036176;0;7;0;0;2;7;15;A01
201300036176;0;30;0;0;2;1;1;B01
201300036177;0;7;0;0;2;1;13;A01
201300036177;0;14;0;0;2;3;1;B01
201300036178;0;7;0;0;2;1;1;A01
201300036178;1;7;0;0;2;0;0;Z01
201300036179;0;7;0;0;2;3;15;A01
201300036179;0;1;0;0;2;1;0;B01
201300036180;0;2;0;0;1;3;1;A01
201300036181;0;7;0;0;2;3;15;A01
201300036181;0;7;0;0;2;1;1;B01
201300036182;0;31;0;0;2;1;2;A01
201300036182;0;7;0;0;0;4;1;B01
201300036183;0;7;0;12;0;2;14;A01
201300036184;0;7;0;15;0;1;0;A01
201300036185;0;2;0;0;2;0;21;B01
201300036185;0;7;0;0;0;7;16;A01
201300036186;0;7;0;6;2;9;1;B01
201300036186;0;7;0;0;2;1;19;A01
201300036187;0;31;0;0;2;1;13;A01
201300036187;0;7;0;0;2;3;1;B01
201300036188;0;7;0;6;0;8;1;A01
201300036189;0;2;0;0;2;1;13;A01
201300036189;0;7;0;0;2;3;21;B01
201300036190;0;7;0;0;2;1;2;A01
201300036190;0;7;0;0;0;4;15;B01
201300036191;0;7;0;0;1;2;1;A01
201300036192;0;2;0;13;0;0;0;A01
201300036193;0;7;0;0;1;2;1;A01
201300036194;0;7;0;6;2;2;1;B01
201300036194;0;7;0;6;2;6;2;A01
201300036195;0;7;0;0;1;2;1;A01
201300036196;0;7;0;0;1;1;1;A01
201300036197;0;7;0;1;0;2;14;A01
201300036197;0;7;0;9;0;6;24;B01
201300036198;0;1;0;0;2;7;1;B01
201300036198;0;7;0;0;9;1;19;A01
201300036199;0;7;0;0;2;2;19;A01
201300036199;0;1;0;0;2;1;1;B01
201300036200;0;7;0;0;1;3;0;A01
201300036201;0;7;0;0;1;5;1;A01
201300036202;0;7;0;0;2;1;13;A01
201300036202;0;7;0;0;2;1;1;B01
201300036203;0;7;0;0;1;2;0;A01
201300036204;0;1;0;0;2;8;1;B01
201300036204;0;7;0;0;2;1;1;A01
201300036205;0;33;0;0;2;3;0;B01
201300036205;0;7;0;0;2;2;15;A01
201300036206;0;7;0;3;2;3;1;B01
201300036206;0;7;0;0;2;2;15;A01
201300036207;0;33;0;0;2;0;1;B01
201300036207;0;10;0;0;2;3;15;A01
201300036208;0;7;0;0;2;1;13;A01
201300036208;0;7;0;0;2;1;1;B01
201300036209;0;31;0;0;0;0;1;B01
201300036209;0;10;0;0;0;0;9;A01
201300036210;0;7;0;0;2;3;13;A01
201300036210;0;7;0;2;2;3;1;B01
201300036211;0;7;0;0;2;1;1;A01
201300036211;0;10;0;0;0;4;15;B01
201300036212;0;7;0;0;2;8;10;A01
201300036212;0;33;0;0;2;1;17;B01
201300036213;0;36;0;0;5;1;1;A01
201300036214;0;7;0;0;1;2;1;A01
201300036215;0;2;0;0;0;8;1;A01
201300036216;0;7;0;0;1;3;1;A01
201300036217;0;7;0;0;2;2;15;A01
201300036217;0;2;0;0;2;1;17;B01
201300036218;0;33;0;0;2;3;13;A01
201300036218;0;7;0;0;2;3;1;B01
201300036219;0;7;0;0;2;3;1;B01
201300036219;2;7;0;9;2;2;17;Z01
201300036220;0;1;0;0;1;1;5;A01
201300036221;0;7;0;0;2;2;15;A01
201300036221;0;33;0;0;2;1;1;B01
201300036222;0;7;0;0;2;1;15;A01
201300036222;0;7;0;0;2;1;1;B01
201300036223;0;10;0;2;0;1;13;A01
201300036224;0;7;0;0;2;1;15;A01
201300036224;0;7;0;13;2;3;1;B01
201300036225;0;3;0;0;1;2;1;A01
201300036226;0;7;0;0;1;2;1;A01
201300036227;0;7;0;0;2;8;15;B01
201300036227;0;2;0;0;2;1;17;A01
201300036228;0;7;0;0;2;1;0;A01
201300036228;0;1;0;0;2;1;0;B01
201300036229;0;7;0;0;1;3;2;A01
201300036230;0;7;0;0;1;3;0;A01
201300036231;0;7;0;0;2;1;9;A01
201300036231;0;7;0;0;2;2;2;B01
201300036232;0;7;0;0;2;1;1;A01
201300036232;0;7;0;0;0;4;2;B01
201300036233;0;7;0;0;1;3;1;A01
201300036234;0;7;0;0;2;1;1;B01
201300036234;0;7;0;0;2;3;15;A01
201300036235;0;33;0;0;2;2;17;A01