num_acc;senc;catv;occutc;obs;obsm;choc;manv;num_veh
201300036235;0;7;0;0;2;8;15;B01
201300036236;0;14;0;0;2;3;1;B01
201300036236;0;7;0;0;2;3;13;A01
201300036237;0;7;0;0;0;6;2;B01
201300036237;0;33;0;0;2;2;2;A01
201300036238;0;7;0;0;9;3;0;A01
201300036238;0;30;0;0;2;7;9;B01
201300036239;0;7;0;0;1;2;1;A01
201300036240;0;7;0;0;0;8;17;A01
201300036240;0;33;0;0;2;7;17;B01
201300036241;0;7;0;0;1;3;1;A01
201300036241;1;7;0;0;1;0;0;Z01
201300036242;0;1;0;0;2;6;2;B01
201300036242;0;7;0;0;9;2;2;A01
201300036243;0;7;0;0;2;3;13;A01
201300036243;0;33;0;0;2;1;0;B01
201300036243;0;7;0;0;2;6;2;C01
201300036244;0;7;0;0;2;3;0;A01
201300036244;0;33;0;0;2;2;0;B01
201300036245;0;33;0;12;0;1;13;A01
201300036246;0;7;0;0;2;1;15;A01
201300036246;0;2;0;0;2;8;0;B01
201300036247;0;7;0;0;1;2;1;A01
201300036248;0;2;0;0;2;1;1;A01
201300036248;0;7;0;0;2;3;9;B01
201300036249;0;7;0;0;2;4;2;C01
201300036249;0;7;0;0;2;4;2;B01
201300036249;0;7;0;0;2;4;2;A01
201300036250;0;7;0;0;1;4;4;A01
201300036251;0;30;0;1;1;1;1;A01
201300036252;0;30;0;0;2;1;1;B01
201300036252;0;7;0;0;2;2;11;A01
201300036253;0;7;0;0;2;1;2;A01
201300036253;0;7;0;0;0;5;2;B01
201300036254;0;7;0;0;2;1;1;A01
201300036254;0;7;0;0;2;5;4;B01
201300036255;0;7;0;0;2;1;2;A01
201300036255;0;7;0;0;2;4;2;C01
201300036255;0;7;0;0;2;4;2;B01
201300036256;0;2;0;0;0;8;1;A01
201300036257;0;7;0;0;1;3;1;A01
201300036258;0;7;0;0;1;1;1;A01
201300036259;0;7;0;0;0;1;2;A01
201300036259;0;7;0;0;0;4;2;B01
201300036260;0;2;0;0;2;8;2;A01
201300036260;1;7;0;;0;0;;B01
201300036261;0;7;0;0;1;1;1;A01
201300036262;0;7;0;0;1;6;4;A01
201300036263;0;1;0;0;2;0;2;B01
201300036263;0;7;0;0;2;0;2;A01
201300036264;0;7;0;0;0;0;1;A01
201300036265;0;33;0;0;2;1;2;A01
201300036265;0;7;0;0;0;5;11;B01
201300036266;0;7;0;13;2;3;1;B01
201300036266;0;30;0;0;2;1;5;A01
201300036267;0;7;0;0;2;6;1;B01
201300036267;0;7;0;0;2;2;2;A01
201300036268;0;15;0;2;0;1;13;A01
201300036269;0;7;0;0;1;2;1;A01
201300036270;0;7;0;8;0;7;1;A01
201300036271;0;34;0;0;2;3;0;A01
201300036271;0;7;0;0;9;3;9;B01
201300036272;0;7;0;0;2;8;1;C01
201300036272;0;7;0;0;2;8;1;B01
201300036272;0;34;0;0;2;8;13;A01
201300036273;0;1;0;1;0;0;0;A01
201300036274;0;7;0;0;1;1;1;A01
201300036275;1;7;0;0;2;5;1;Z01
201300036275;0;30;0;1;2;0;12;A01
201300036276;0;7;0;0;1;2;1;A01
201300036277;0;10;0;0;2;1;13;A01
201300036277;0;7;0;0;2;3;1;B01
201300036278;0;7;0;0;1;7;1;A01
201300036279;0;33;0;0;1;1;1;A01
201300036280;0;33;0;0;2;1;13;B01
201300036280;0;7;0;0;2;8;15;A01
201300036281;0;17;0;0;2;3;1;A01
201300036281;0;2;0;0;2;1;1;B01
201300036282;0;34;0;0;2;8;3;A01
201300036282;0;13;0;0;2;6;1;B01
201300036283;0;7;0;0;2;2;0;A01
201300036283;0;2;0;0;2;3;0;B01
201300036284;0;2;0;0;2;1;1;A01
201300036284;0;7;0;0;2;2;15;B01
201300036285;0;7;0;0;1;1;1;A01
201300036286;0;7;0;0;2;3;11;B01
201300036286;0;2;0;0;2;1;1;A01
201300036287;0;1;0;0;2;1;1;B01
201300036287;0;10;0;4;9;3;13;A01
201300036288;0;7;0;5;0;3;14;A01
201300036289;0;33;0;0;2;9;13;B01
201300036289;0;7;0;0;0;1;1;A01
201300036290;0;2;0;0;2;1;1;B01
201300036290;0;7;0;0;2;7;15;A01
201300036291;0;7;0;0;1;1;0;A01
201300036292;0;7;0;1;9;7;12;A01
201300036292;0;1;0;0;2;8;1;B01
201300036293;0;33;0;9;0;1;14;A01
201300036294;0;3;0;0;1;2;1;A01
201300036295;0;30;0;0;2;1;2;B01
201300036295;0;7;0;0;2;4;2;A01
201300036296;0;1;0;0;2;1;1;B01
201300036296;0;7;0;0;9;7;11;A01
201300036297;0;7;0;0;0;6;10;B01
201300036297;0;33;0;0;2;1;1;A01
201300036298;0;33;0;0;0;0;1;A01
201300036299;0;33;0;11;1;1;1;A01
201300036300;0;7;0;0;2;2;1;B01
201300036300;0;2;0;0;2;1;5;A01
201300036301;0;7;0;0;2;3;23;C01
201300036301;0;7;0;0;2;3;15;B01
201300036301;0;30;0;14;2;1;2;A01
201300036302;0;33;0;0;0;0;1;A01
201300036303;0;7;0;0;0;4;0;B01
201300036303;0;7;0;0;0;3;1;D01
201300036303;0;34;0;0;0;9;1;A01
201300036303;0;7;0;0;0;1;1;C01
201300036304;0;7;0;0;1;2;1;A01
201300036305;0;7;0;0;2;2;1;A01
201300036305;0;31;0;0;2;4;1;B01
201300036306;0;7;0;0;1;1;1;A01
201300036307;0;7;0;0;2;0;0;B01
201300036307;0;34;0;13;2;7;0;A01
201300036308;0;34;0;0;2;1;1;B01
201300036308;0;7;0;0;2;2;15;A01
201300036309;0;30;0;0;9;8;1;B01
201300036309;0;30;0;0;9;1;11;A01
201300036310;0;33;0;0;0;0;0;A01
201300036311;0;2;0;0;2;1;0;A01
201300036311;0;7;0;0;2;7;0;B01
201300036312;0;7;0;0;1;1;1;A01
201300036313;0;7;0;12;0;1;1;A01
201300036314;0;7;0;0;9;1;1;A01
201300036314;0;1;0;0;2;8;6;B01
201300036315;0;1;0;0;2;1;1;B01
201300036315;0;7;0;0;9;3;1;A01
201300036316;0;7;0;8;0;3;6;A01
201300036317;0;33;0;0;2;7;9;B01
201300036317;0;7;0;0;2;3;9;A01
201300036318;0;2;0;0;0;0;14;A01
201300036319;0;7;0;0;2;2;15;A01
201300036319;0;2;0;0;2;1;0;B01
201300036320;0;7;0;0;0;8;15;B01
201300036320;0;33;0;0;2;1;2;A01
201300036321;0;1;0;0;2;0;0;A01
201300036321;1;7;0;0;0;0;0;B01
201300036322;0;7;0;0;0;2;15;A01
201300036322;0;33;0;0;2;1;1;B01
201300036323;0;7;0;0;2;1;2;A01
201300036323;0;7;0;0;2;4;2;B01
201300036324;0;7;0;0;2;1;0;A01
201300036324;0;32;0;0;2;8;0;B01
201300036325;0;7;0;0;2;1;13;A01
201300036325;0;7;0;0;2;3;1;B01
201300036326;0;7;0;2;0;1;5;A01
201300036327;0;7;0;0;0;0;0;A01
201300036327;0;2;0;0;0;0;0;B01
201300036328;0;7;0;13;0;7;1;A01
201300036329;0;7;0;0;0;2;15;A01
201300036329;0;2;0;0;2;1;17;B01
201300036330;0;7;0;0;1;2;0;A01
201300036331;0;7;0;15;0;1;1;A01
201300036332;0;30;0;0;2;1;1;B01
201300036332;0;7;0;0;2;1;15;A01
201300036333;0;7;0;0;0;6;2;B01
201300036333;0;33;0;0;2;1;2;A01
201300036334;0;7;0;0;2;3;1;B01
201300036334;0;7;0;0;2;3;5;A01
201300036335;0;1;0;0;2;8;15;B01
201300036335;0;7;0;0;9;7;1;A01
201300036336;0;7;0;13;0;1;1;A01
201300036337;0;2;0;0;0;1;0;A01
201300036338;0;7;0;0;9;1;9;A01
201300036338;0;31;0;0;2;2;1;B01
201300036339;0;34;0;0;0;0;1;A01
201300036340;0;33;0;0;2;5;2;A01
201300036340;0;7;0;0;2;3;2;B01
201300036341;0;30;0;0;2;3;13;A01
201300036341;0;7;0;0;2;3;1;B01
201300036342;0;7;0;0;2;3;15;A01
201300036342;0;2;0;0;2;1;1;B01
201300036343;0;7;0;0;2;2;9;B01
201300036343;0;34;0;0;2;1;17;A01
201300036344;0;7;0;0;9;1;16;A01
201300036344;0;1;0;0;2;7;1;B01
201300036345;0;7;0;13;0;9;0;A01
201300036346;0;7;0;2;0;1;6;A01
201300036347;0;7;0;12;2;1;13;A01
201300036347;0;2;0;0;2;0;0;B01
201300036348;0;34;0;0;2;8;1;B01
201300036348;0;7;0;0;2;1;15;A01
201300036349;0;32;0;0;2;1;1;B01
201300036349;0;7;0;0;2;3;9;A01
201300036350;0;14;0;0;2;5;2;B01
201300036350;0;33;0;0;2;1;2;A01
201300036351;0;7;0;2;0;1;1;A01
201300036352;0;1;0;0;2;1;1;Y01
201300036352;0;7;0;0;9;2;15;A01
201300036353;0;7;0;0;1;2;1;A01
201300036354;0;7;0;0;1;3;16;A01
201300036355;0;10;0;3;0;9;16;A01
201300036356;0;7;0;0;2;2;6;A01
201300036356;0;34;0;0;2;3;0;B01
201300036357;0;7;0;0;0;6;2;B01
201300036357;0;33;0;0;2;1;2;A01
201300036358;0;34;0;0;2;1;1;B01
201300036358;0;7;0;0;2;3;15;A01
201300036359;0;7;0;0;1;1;1;A01
201300036360;0;7;0;0;1;1;1;A01
201300036361;0;30;0;0;0;0;0;A01
201300036361;0;7;0;0;0;0;0;B01
201300036362;0;7;0;0;1;3;1;A01
201300036363;0;7;0;0;2;4;1;B01
201300036363;0;2;0;0;2;1;2;A01
201300036364;0;30;0;0;2;8;1;B01
201300036364;0;7;0;0;2;2;15;A01
201300036365;0;1;0;0;2;1;1;B01
201300036365;0;7;0;0;9;3;15;A01
201300036366;0;2;0;0;2;1;1;A01
201300036366;0;7;0;0;2;3;1;B01
201300036367;0;30;0;0;0;1;1;A01
201300036368;0;7;0;0;1;2;1;A01
201300036369;0;7;0;0;9;2;1;B01
201300036369;0;1;0;0;2;1;0;A01
201300036370;0;7;0;0;2;3;10;A01
201300036370;0;32;0;0;2;1;17;B01
201300036371;0;7;0;0;1;1;6;A01
201300036372;0;1;0;0;2;1;1;A01
201300036372;0;7;0;0;2;3;16;B01
201300036373;0;34;0;0;2;8;5;A01
201300036373;0;1;0;0;2;1;0;B01
201300036374;0;31;0;0;2;1;1;B01
201300036374;0;7;0;0;2;8;15;A01
201300036375;0;30;0;0;2;1;1;A01
201300036375;0;7;0;0;2;6;15;B01
201300036376;0;7;0;0;2;8;9;A01
201300036376;0;32;0;0;2;1;1;B01
201300036377;0;1;0;0;2;1;1;B01
201300036377;0;13;0;0;2;7;9;A01
201300036378;1;7;0;0;2;0;13;Z01
201300036378;0;1;0;0;2;0;1;B01
201300036379;0;7;0;12;0;9;0;A01
201300036380;0;7;0;0;2;2;2;B01
201300036380;0;33;0;0;2;4;1;A01
201300036381;0;7;0;0;2;1;9;A01
201300036381;0;7;0;0;2;7;1;B01
201300036382;0;7;0;0;1;2;16;A01
201300036383;0;7;0;0;2;1;1;B01
201300036383;0;7;0;0;2;1;5;A01
201300036384;0;7;0;0;2;3;15;A01
201300036384;0;1;0;0;2;8;1;B01
201300036385;0;33;0;0;2;1;1;B01
201300036385;0;7;0;0;2;3;9;A01
201300036386;0;2;0;0;2;0;21;B01
201300036386;0;7;0;0;2;0;9;A01
201300036387;0;34;0;14;0;1;17;A01
201300036388;0;7;0;0;1;4;4;A01
201300036389;0;30;0;0;0;8;2;A01
201300036389;0;7;0;0;0;7;16;B01
201300036390;0;7;0;0;1;3;1;A01
201300036391;0;30;0;0;2;4;9;B01
201300036391;0;7;0;0;2;1;9;A01
201300036392;0;1;0;0;9;1;1;B01
201300036392;0;1;0;0;2;1;5;A01
201300036393;0;7;0;0;1;1;16;A01
201300036394;0;7;0;0;1;1;1;A01
201300036395;0;7;0;0;1;1;15;A01
201300036396;0;38;1;0;2;3;1;B01
201300036396;0;7;0;0;2;1;1;A01
201300036397;0;7;0;0;1;1;1;A01
201300036398;0;7;0;0;9;1;9;A01
201300036398;0;1;0;0;2;7;1;B01
201300036399;0;7;0;1;1;2;0;A01
201300036400;0;33;0;0;2;1;1;B01
201300036400;0;7;0;0;2;1;15;A01
201300036401;0;7;0;0;1;2;0;A01
201300036402;0;30;0;0;0;0;1;A01
201300036403;0;2;0;1;0;2;14;A01
201300036404;0;7;0;0;2;8;15;A01
201300036404;0;33;0;0;2;1;1;B01
201300036405;0;7;0;0;1;1;16;A01
201300036406;0;33;0;0;2;4;2;B01
201300036406;0;7;0;0;2;1;2;A01
201300036407;0;7;0;0;1;1;16;A01
201300036408;0;7;0;0;2;3;15;B01
201300036408;0;32;0;0;2;2;1;A01
201300036409;0;32;0;0;2;1;1;B01
201300036409;0;7;0;0;2;1;5;A01
201300036410;0;7;0;0;1;0;20;A01
201300036411;0;2;0;1;0;2;0;A01
201300036412;0;2;0;0;2;8;1;A01
201300036412;0;7;0;0;2;4;1;B01
201300036413;0;7;0;0;2;8;10;A01
201300036413;0;32;0;0;2;2;1;B01
201300036414;0;2;0;0;2;1;2;B01
201300036414;0;7;0;0;2;3;15;A01
201300036415;0;14;0;0;2;0;1;B01
201300036415;0;32;0;0;2;1;17;A01
201300036416;0;7;0;0;0;0;15;A01
201300036416;0;32;0;0;0;7;1;B01
201300036417;0;33;0;0;0;9;11;A01
201300036418;0;30;0;0;2;1;17;A01
201300036418;0;7;0;0;2;1;19;B01
201300036419;0;7;0;0;2;3;15;B01
201300036419;0;33;0;0;2;5;1;A01
201300036420;0;33;0;0;0;9;0;A01
201300036421;0;32;0;0;0;1;1;B01
201300036421;0;1;0;0;2;1;15;A01
201300036422;0;2;0;0;1;8;0;B01
201300036422;0;7;0;0;2;1;15;A01
201300036423;0;1;0;0;2;0;15;A01
201300036423;0;7;0;0;0;1;0;B01
201300036424;0;33;0;0;2;1;2;A01
201300036424;0;7;0;0;2;7;10;B01
201300036425;0;33;0;0;2;2;1;B01
201300036425;0;7;0;0;2;3;0;A01
201300036426;0;2;0;0;2;8;9;B01
201300036426;0;7;0;0;2;1;1;A01
201300036427;0;7;0;0;2;3;15;A01
201300036427;0;34;0;0;2;2;17;B01
201300036428;0;7;0;2;0;1;0;A01
201300036429;0;7;0;0;2;1;1;A01
201300036429;0;7;0;0;2;1;5;B01
201300036430;0;2;0;0;1;1;1;A01
201300036431;0;7;0;0;2;3;1;A01
201300036431;0;1;0;0;2;1;19;B01
201300036432;0;14;0;0;2;3;0;B01
201300036432;0;30;0;0;2;1;13;A01
201300036433;0;2;0;0;0;6;1;B01
201300036433;0;7;0;6;2;3;1;A01
201300036434;0;2;0;0;2;2;1;A01
201300036434;0;7;0;0;2;3;1;B01
201300036435;0;2;0;0;2;1;15;A01
201300036435;0;7;0;0;2;2;1;B01
201300036436;0;7;0;0;2;3;5;A01
201300036436;0;7;0;0;2;3;0;B01
201300036437;0;31;0;1;0;1;14;A01
201300036438;0;1;0;0;2;1;1;C01
201300036438;0;1;0;0;2;3;1;B01
201300036438;0;7;0;0;2;1;15;A01
201300036439;0;10;0;0;1;4;4;A01
201300036440;0;7;0;0;2;2;11;A01
201300036440;0;34;0;0;2;8;1;B01
201300036441;0;7;0;0;2;6;10;A01
201300036441;0;2;0;0;2;2;17;B01
201300036442;0;2;0;8;0;7;1;A01
201300036443;0;7;0;0;2;6;11;A01
201300036443;0;32;0;0;2;7;1;B01
201300036444;0;7;0;0;1;2;1;A01
201300036445;0;33;0;0;2;1;2;A01
201300036445;0;7;0;0;2;3;2;B01
201300036446;0;7;0;0;2;1;15;A01
201300036446;0;7;0;0;2;5;1;B01
201300036447;0;7;0;2;0;3;2;A01
201300036448;0;34;0;0;2;1;1;B01
201300036448;0;7;0;0;0;5;15;A01
201300036449;0;7;0;0;2;5;1;B01
201300036449;0;33;0;0;2;8;2;A01
201300036450;0;7;0;0;2;1;1;B01
201300036450;0;7;0;0;2;1;13;A01
201300036451;0;14;0;14;1;5;1;A01
201300036452;0;7;0;0;2;5;9;A01
201300036452;0;30;0;0;2;5;1;B01
201300036453;0;7;0;0;1;2;21;A01
201300036454;0;7;0;0;1;5;4;A01
201300036455;0;7;0;0;1;1;2;A01
201300036456;0;10;0;0;2;5;16;A01
201300036456;0;37;60;0;2;3;1;B01
201300036457;0;7;0;0;1;1;15;A01
201300036458;0;99;0;0;9;3;15;A01
201300036458;0;1;0;0;2;4;1;B01
201300036459;0;33;0;0;2;7;0;B01
201300036459;0;7;0;0;2;3;0;A01
201300036460;0;7;0;0;0;0;9;A01
201300036460;0;33;0;0;0;8;15;B01
201300036461;0;30;0;0;2;1;1;B01
201300036461;0;7;0;0;2;3;0;A01
201300036462;0;7;0;0;1;1;0;A01
201300036463;0;7;0;0;2;2;1;A01
201300036463;0;7;0;0;2;1;1;B01
201300036464;0;33;0;0;2;1;0;B01
201300036464;0;33;0;0;2;1;5;A01
201300036465;0;7;0;0;0;3;0;B01
201300036465;0;2;0;0;2;3;0;A01
201300036466;1;7;0;0;1;2;1;Z01
201300036467;0;10;0;1;1;1;24;A01
201300036468;0;7;0;0;2;3;9;A01
201300036468;0;32;0;0;2;1;1;B01
201300036469;0;7;0;0;2;1;1;A01
201300036469;0;7;0;0;2;4;23;B01
201300036470;0;33;0;12;0;1;9;A01
201300036471;0;7;0;3;0;6;2;A01
201300036472;0;7;0;0;0;1;15;A01
201300036472;0;2;0;0;0;1;1;B01
201300036473;0;7;0;0;1;7;0;A01
201300036474;0;7;0;0;0;5;11;A01
201300036474;0;33;0;0;0;1;19;B01
201300036475;1;99;0;0;2;1;1;Z01
201300036475;0;99;0;0;2;4;2;B01
201300036475;0;7;0;0;2;4;2;C01
201300036475;0;99;0;0;2;4;2;D01
201300036476;0;7;0;0;2;2;1;B01
201300036476;0;7;0;0;1;1;1;A01
201300036477;0;7;0;0;2;1;1;A01
201300036477;0;30;0;0;2;7;15;B01
201300036478;0;30;0;0;2;1;2;A01
201300036478;0;10;0;0;2;4;0;B01
201300036479;0;30;0;0;1;2;17;A01
201300036480;0;7;0;0;2;1;0;A01
201300036480;0;7;0;0;2;3;1;B01
201300036481;0;33;0;0;0;0;1;A01
201300036481;0;20;0;0;2;2;9;B01
201300036482;0;14;0;0;2;2;1;B01
201300036482;0;7;0;0;2;3;16;A01
201300036483;0;33;0;0;2;1;17;A01
201300036483;0;7;0;0;2;3;20;Z01
201300036484;0;7;0;0;1;2;15;A01
201300036485;0;33;0;0;2;1;1;B01
201300036485;0;7;0;0;2;5;15;A01
201300036486;0;33;0;0;0;0;0;B01
201300036486;0;7;0;0;0;1;0;C01
201300036486;0;7;0;0;0;1;11;A01
201300036487;0;37;30;0;1;7;16;A01
201300036488;0;7;0;0;2;7;15;B01
201300036488;0;32;0;0;2;7;1;A01
201300036489;0;14;0;0;2;1;2;A01
201300036489;0;7;0;0;0;4;23;B01
201300036490;0;2;0;0;2;1;17;B01
201300036490;0;7;0;0;2;3;15;A01
201300036491;0;10;0;0;1;2;1;A01
201300036492;0;7;0;0;2;3;15;A01
201300036492;0;2;0;0;2;1;1;B01
201300036493;0;7;0;0;1;3;15;A01
201300036494;0;2;0;0;2;1;1;A01
201300036494;0;32;0;0;2;2;1;B01
201300036495;0;30;0;0;2;1;0;A01
201300036495;0;7;0;0;2;2;16;B01
201300036496;0;7;0;1;0;8;24;A01
201300036497;0;7;0;0;2;1;2;A01
201300036497;0;7;0;0;2;4;2;B01
201300036498;0;7;0;0;2;8;15;B01
201300036498;0;32;0;0;2;7;17;A01
201300036499;0;33;0;0;2;1;2;A01
201300036499;0;10;0;0;2;4;2;C01
201300036499;0;10;0;0;2;4;2;B01
201300036500;0;33;0;0;2;1;1;B01
201300036500;0;33;0;0;2;0;21;C01
201300036500;0;7;0;0;2;3;15;A01
201300036501;0;7;0;0;2;3;19;B01
201300036501;0;30;0;0;2;7;1;A01
201300036502;0;33;0;0;2;2;17;A01
201300036502;0;7;0;0;2;3;15;B01
201300036503;0;7;0;0;2;1;1;B01
201300036503;0;7;0;0;2;3;1;A01
201300036504;0;37;1;0;1;2;15;A01
201300036505;0;7;0;0;0;4;1;B01
201300036505;0;7;0;0;2;1;1;A01
201300036506;0;7;0;0;0;8;0;B01
201300036506;0;7;0;0;1;2;0;A01
201300036507;0;30;0;0;2;7;0;B01
201300036507;0;7;0;0;2;1;0;A01
201300036508;0;7;0;0;2;1;0;A01
201300036508;0;30;0;0;2;5;14;B01
201300036509;0;31;0;0;2;8;1;B01
201300036509;0;7;0;0;2;1;15;A01
201300036510;0;7;0;0;2;2;15;A01
201300036510;0;7;0;0;2;1;0;B01
201300036511;0;10;0;0;0;4;23;B01
201300036511;0;7;0;0;0;0;2;A01
201300036512;0;14;0;0;1;2;1;A01
201300036513;0;7;0;0;1;1;0;A01
201300036514;0;7;0;0;0;4;2;A01
201300036514;0;7;0;0;0;0;2;B01
201300036515;0;7;0;0;2;1;1;A01
201300036515;0;7;0;0;1;3;1;B01
201300036516;0;7;0;0;1;4;20;A01
201300036517;0;7;0;6;0;2;0;A01
201300036518;0;7;0;1;1;9;4;A01
201300036519;0;7;0;0;2;1;2;B01
201300036519;0;7;0;0;2;1;1;A01
201300036519;0;7;0;0;2;6;23;C01
201300036520;0;7;0;0;2;4;2;C01
201300036520;0;7;0;0;2;1;2;A01
201300036520;0;7;0;0;2;4;2;B01
201300036521;1;32;0;0;1;1;1;Z01
201300036522;0;7;0;0;2;1;2;A01
201300036522;0;7;0;0;2;4;1;B01
201300036523;0;30;0;0;2;0;2;A01
201300036524;0;7;0;0;1;1;9;A01
201300036525;0;33;0;0;2;3;12;A01
201300036525;0;32;0;0;2;1;2;C01
201300036525;0;7;0;0;2;3;1;B01
201300036526;0;33;0;0;2;4;2;B01
201300036526;0;7;0;0;2;2;2;A01
201300036527;0;7;0;0;1;1;1;A01
201300036528;1;7;0;0;0;0;0;B01
201300036528;0;33;0;14;0;3;2;A01
201300036529;0;7;0;0;0;1;1;A01
201300036529;0;2;0;0;0;1;2;B01
201300036530;0;2;0;0;2;3;0;A01
201300036530;0;7;0;0;2;2;0;B01
201300036531;0;14;0;0;2;2;1;B01
201300036531;0;7;0;0;2;3;15;A01
201300036532;0;7;0;0;1;2;1;A01
201300036533;0;7;0;0;1;2;1;A01
201300036534;0;33;0;0;2;9;1;B01
201300036534;0;7;0;15;2;2;19;A01
201300036535;0;7;0;0;2;7;15;A01
201300036535;0;2;0;0;2;9;1;B01
201300036536;0;33;0;15;0;1;0;A01
201300036537;1;30;0;0;1;1;17;Z01
201300036538;0;31;0;0;2;0;1;A01
201300036538;1;10;0;0;2;0;15;Z01
201300036539;0;7;0;0;2;3;1;A01
201300036539;0;1;0;0;2;1;1;B01
201300036540;0;33;0;0;2;1;2;B01
201300036540;0;7;0;0;2;2;9;A01
201300036541;0;31;0;0;2;7;15;A01
201300036541;0;7;0;0;2;2;1;B01
201300036542;0;7;0;0;2;3;15;B01
201300036542;0;2;0;0;2;3;17;A01
201300036543;0;7;0;0;2;5;15;B01
201300036543;0;3;0;0;2;1;1;A01
201300036544;0;7;0;0;1;2;1;A01
201300036545;0;7;0;0;2;7;15;B01
201300036545;0;30;0;0;2;1;18;A01
201300036546;0;37;1;0;1;2;1;A01
201300036547;0;7;0;0;1;4;4;A01
201300036548;0;7;0;0;2;3;15;A01
201300036548;0;32;0;0;2;6;1;B01
201300036549;2;30;0;0;2;1;1;A01
201300036549;0;2;0;0;2;7;1;B01
201300036550;0;7;0;0;2;5;15;A01
201300036550;0;7;0;0;2;3;2;C01
201300036550;0;33;0;0;2;1;2;B01
201300036551;0;30;0;0;2;1;2;A01
201300036551;0;7;0;0;0;4;23;B01
201300036552;0;7;0;0;2;7;1;B01
201300036552;0;2;0;0;2;2;15;A01
201300036553;0;7;0;0;1;3;15;A01
201300036554;0;34;0;1;2;1;1;B01
201300036554;0;7;0;0;2;2;10;A01
201300036555;0;2;0;0;2;5;1;A01
201300036555;1;7;0;0;2;1;1;Z01
201300036556;0;30;0;0;2;1;2;B01
201300036556;1;34;0;0;2;5;12;A01
201300036557;0;10;0;0;1;8;1;A01
201300036558;0;7;0;0;2;3;15;B01
201300036558;0;30;0;0;2;1;0;A01
201300036559;0;33;0;1;2;2;1;A01
201300036559;0;7;0;0;2;1;15;B01
201300036560;0;7;0;0;1;1;1;A01
201300036561;0;7;0;0;2;2;2;A01
201300036561;0;7;0;0;0;6;0;B01
201300036562;0;7;0;12;0;1;1;A01
201300036563;0;7;0;0;0;0;0;B01
201300036563;0;30;0;0;0;1;0;A01
201300036564;0;7;0;0;9;1;1;B01
201300036564;1;7;0;0;2;7;1;X01
201300036565;0;1;0;0;2;6;1;B01
201300036565;2;7;0;0;0;0;0;Z01
201300036566;0;33;0;0;2;7;1;B01
201300036566;0;7;0;0;2;4;4;A01
201300036567;0;7;0;0;2;2;13;A01
201300036567;0;7;0;0;2;6;15;B01
201300036568;0;7;0;0;1;3;1;A01
201300036569;0;7;0;0;2;7;14;B01
201300036569;0;34;0;0;2;8;1;C01
201300036569;0;7;0;0;0;0;1;A01
201300036570;0;30;0;0;2;7;0;B01
201300036570;0;7;0;0;2;6;9;A01
201300036571;0;7;0;0;2;0;11;A01
201300036571;0;7;0;0;2;0;1;B01
201300036572;0;7;0;0;1;2;16;A01
201300036573;0;7;0;0;1;2;1;A01
201300036574;0;33;0;0;2;1;17;A01
201300036574;0;7;0;0;2;3;15;B01
201300036575;0;7;0;0;0;8;24;D01
201300036575;1;99;0;0;2;3;13;Z01
201300036575;0;31;0;0;2;1;1;B01
201300036575;0;7;0;0;0;1;24;C01
201300036575;0;7;0;0;0;0;24;E01
201300036576;0;7;0;8;0;1;1;A01
201300036577;0;7;0;0;2;5;1;A01
201300036577;0;10;0;0;2;1;1;B01
201300036578;0;7;0;0;0;2;15;A01
201300036578;0;7;0;0;0;1;1;B01
201300036579;0;7;0;0;2;3;15;B01
201300036579;0;30;0;0;2;2;17;A01
201300036580;0;7;0;0;2;7;1;B01
201300036580;0;7;0;0;2;1;15;A01
201300036581;0;31;0;0;0;2;1;A01
201300036582;0;33;0;0;2;8;1;B01
201300036582;0;30;0;0;2;7;9;A01
201300036583;0;7;0;0;1;6;0;A01
201300036584;0;7;0;0;0;4;2;D01
201300036584;0;7;0;0;2;4;2;C01
201300036584;0;7;0;0;0;4;2;B01
201300036584;0;7;0;14;0;1;2;A01
201300036585;0;7;0;0;2;1;15;A01
201300036585;0;2;0;0;2;1;1;B01
201300036586;0;7;0;0;2;5;15;A01
201300036586;0;7;0;0;2;2;1;B01
201300036587;0;7;0;0;0;4;23;C01
201300036587;0;7;0;0;0;4;23;B01
201300036587;0;7;0;0;0;1;2;A01
201300036588;0;32;0;0;2;9;23;B01
201300036588;0;7;0;0;2;3;1;A01
201300036588;0;7;0;6;2;3;21;C01
201300036589;0;1;0;0;2;8;1;A01
201300036589;0;7;0;0;0;8;1;B01
201300036590;0;33;0;3;2;1;1;B01
201300036590;0;7;0;0;2;3;17;A01
201300036591;0;33;0;0;1;1;0;A01
201300036592;0;32;0;0;2;8;1;B01
201300036592;0;7;0;0;2;3;16;A01
201300036593;0;7;0;0;2;1;13;A01
201300036593;0;7;0;0;2;1;1;B01
201300036594;0;7;0;0;2;1;2;A01
201300036594;0;7;0;0;2;1;2;B01
201300036595;0;14;0;0;2;2;12;A01
201300036595;0;7;0;0;0;3;1;B01
201300036596;0;7;0;0;1;1;1;A01
201300036597;0;7;0;1;1;1;21;A01
201300036598;0;7;0;0;2;1;1;B01
201300036598;0;34;0;0;2;1;1;A01
201300036599;0;7;0;0;2;4;2;B01
201300036599;0;7;0;0;0;4;2;C01
201300036599;0;7;0;0;2;1;2;A01
201300036600;0;7;0;1;0;3;13;A01
201300036601;1;2;0;0;1;1;0;Z01
201300036602;0;7;0;0;2;1;1;A01
201300036602;0;7;0;0;2;1;1;B01
201300036603;0;7;0;10;0;3;0;A01
201300036604;0;30;0;0;2;2;18;A01