num_acc;senc;catv;occutc;obs;obsm;choc;manv;num_veh
201300036604;0;7;0;0;2;2;12;B01
201300036605;1;7;0;0;2;1;15;Z01
201300036605;0;32;0;0;2;2;1;A01
201300036606;0;7;0;0;1;1;1;A01
201300036607;0;99;0;0;1;1;16;A01
201300036608;0;99;0;0;9;1;9;A01
201300036608;0;33;0;0;2;7;16;B01
201300036609;0;32;0;0;2;1;1;A01
201300036609;0;7;0;0;2;1;15;B01
201300036610;0;7;0;0;2;4;2;D01
201300036610;0;7;0;0;2;4;2;B01
201300036610;0;7;0;0;2;1;2;A01
201300036610;0;7;0;0;2;4;2;C01
201300036611;0;1;0;0;2;8;15;B01
201300036611;0;33;0;0;2;1;2;A01
201300036612;0;1;0;0;2;4;1;B01
201300036612;0;10;0;0;2;1;2;A01
201300036613;2;7;0;0;2;3;13;A01
201300036613;0;7;0;0;0;3;1;B01
201300036614;0;7;0;0;1;1;1;A01
201300036615;0;30;0;0;2;1;1;A01
201300036615;0;7;0;0;2;6;1;B01
201300036616;0;2;0;0;2;3;1;A01
201300036616;0;7;0;0;0;5;23;B01
201300036617;0;7;0;0;1;1;1;A01
201300036618;0;32;0;0;2;1;1;A01
201300036618;0;7;0;0;2;5;15;B01
201300036619;0;34;0;0;1;1;1;A01
201300036620;0;7;0;0;2;5;0;A01
201300036620;0;34;0;0;2;3;2;B01
201300036621;0;10;0;0;1;1;15;A01
201300036622;0;7;0;0;2;8;15;B01
201300036622;0;30;0;0;2;2;17;A01
201300036623;0;7;0;0;2;4;15;B01
201300036623;0;33;0;0;2;1;17;A01
201300036624;0;37;1;0;2;0;1;B01
201300036625;0;10;0;0;1;4;4;A01
201300036626;0;7;0;0;2;1;2;A01
201300036626;0;7;0;0;2;4;2;C01
201300036626;0;7;0;0;2;4;2;B01
201300036627;0;7;0;0;2;3;13;A01
201300036627;0;7;0;0;2;6;2;B01
201300036628;0;7;0;0;1;4;4;A01
201300036629;0;7;0;0;2;3;15;B01
201300036629;0;33;0;0;2;7;0;A01
201300036630;0;7;0;0;2;7;16;B01
201300036630;0;30;0;0;2;3;18;A01
201300036631;0;7;0;0;0;4;2;B01
201300036631;0;30;0;14;0;1;2;A01
201300036632;0;10;0;0;1;2;1;A01
201300036633;0;7;0;0;0;3;0;A01
201300036633;0;7;0;0;0;3;0;B01
201300036634;0;7;0;0;2;7;15;A01
201300036634;0;7;0;0;2;1;1;B01
201300036635;1;7;0;0;2;0;1;Z01
201300036635;0;30;0;0;2;0;1;B01
201300036636;0;33;0;0;2;0;21;B01
201300036636;0;7;0;0;9;3;15;A01
201300036637;0;34;0;0;2;6;2;A01
201300036637;0;7;0;0;2;6;2;B01
201300036638;0;7;0;0;1;2;1;A01
201300036639;0;34;0;0;2;1;1;B01
201300036639;0;7;0;0;2;8;15;A01
201300036640;0;10;0;0;0;4;1;B01
201300036640;0;7;0;0;2;1;2;A01
201300036641;0;33;0;0;2;1;1;B01
201300036641;0;7;0;0;2;7;15;Z01
201300036642;0;7;0;0;1;3;15;A01
201300036643;0;10;0;0;1;1;0;A01
201300036644;0;7;0;0;9;3;15;A01
201300036644;0;33;0;0;2;1;1;B01
201300036645;0;10;0;0;2;1;1;B01
201300036645;0;10;0;0;2;2;15;A01
201300036646;0;31;0;0;1;1;3;A01
201300036647;0;7;0;0;1;2;2;A01
201300036648;0;7;0;0;1;2;11;A01
201300036649;0;33;0;0;2;1;17;A01
201300036649;0;7;0;0;2;8;15;B01
201300036650;0;7;0;2;0;1;1;A01
201300036651;1;32;0;0;1;8;1;A01
201300036652;0;7;0;0;1;1;1;A01
201300036653;0;7;0;0;2;3;15;B01
201300036653;0;33;0;0;2;2;17;A01
201300036654;0;34;0;0;2;1;0;A01
201300036654;0;7;0;0;2;1;1;B01
201300036655;0;33;0;0;0;0;0;B01
201300036655;0;7;0;0;0;7;15;A01
201300036656;0;7;0;0;2;1;2;A01
201300036656;0;7;0;0;2;4;2;B01
201300036657;0;7;0;0;2;5;1;B01
201300036657;0;7;0;0;2;1;2;A01
201300036658;0;7;0;0;1;3;15;A01
201300036659;0;33;0;0;2;1;1;B01
201300036659;0;7;0;0;2;2;15;A01
201300036660;0;1;0;0;2;1;15;A01
201300036660;0;7;0;0;2;8;2;B01
201300036661;0;7;0;0;1;1;1;A01
201300036662;0;7;0;0;1;1;15;A01
201300036663;0;7;0;0;1;1;16;A01
201300036664;0;7;0;0;1;0;1;A01
201300036665;0;33;0;8;0;8;1;A01
201300036666;0;7;0;0;2;2;21;B01
201300036666;0;7;0;0;2;2;15;A01
201300036667;0;7;0;0;1;6;23;A01
201300036668;0;7;0;12;2;3;2;B01
201300036668;0;7;0;0;2;2;10;A01
201300036669;0;7;0;0;1;7;1;A01
201300036670;0;7;0;0;2;1;2;A01
201300036670;0;7;0;0;2;4;2;B01
201300036671;0;10;0;0;1;1;1;A01
201300036672;0;2;0;0;2;7;15;A01
201300036672;0;7;0;0;2;3;2;B01
201300036673;0;30;0;0;2;8;1;B01
201300036673;0;7;0;0;2;3;15;A01
201300036674;0;7;0;0;2;1;19;A01
201300036674;0;2;0;0;2;1;15;B01
201300036675;0;36;0;0;1;1;1;A01
201300036676;0;32;0;0;2;1;1;B01
201300036676;0;7;0;0;2;2;15;A01
201300036677;0;7;0;0;2;2;1;B01
201300036677;0;30;0;0;2;1;2;A01
201300036678;0;7;0;0;1;0;1;A01
201300036679;0;7;0;0;2;3;15;A01
201300036679;0;32;0;0;2;1;1;B01
201300036680;1;99;0;0;1;1;0;A01
201300036681;0;7;0;0;1;4;4;A01
201300036682;0;7;0;0;2;1;9;A01
201300036682;0;34;0;0;2;7;2;B01
201300036683;0;7;0;0;2;7;0;A01
201300036683;0;7;0;0;2;7;1;B01
201300036683;0;7;0;0;2;0;1;C01
201300036683;0;7;0;0;0;4;1;D01
201300036684;0;7;0;0;1;5;0;A01
201300036685;0;2;0;0;2;1;7;A01
201300036685;0;7;0;0;2;5;16;B01
201300036686;0;7;0;0;2;1;1;A01
201300036686;0;7;0;0;2;3;1;B01
201300036687;1;7;0;0;1;2;1;Z01
201300036688;0;34;0;0;2;8;1;B01
201300036688;0;33;0;0;2;7;16;A01
201300036689;0;37;1;0;2;2;2;A01
201300036689;0;7;0;0;0;6;2;B01
201300036690;0;7;0;0;1;1;1;A01
201300036691;1;7;0;0;1;1;1;A01
201300036692;1;7;0;0;1;0;0;Z01
201300036693;0;7;0;0;1;1;1;A01
201300036694;0;99;0;0;9;3;15;B01
201300036694;0;99;0;0;9;1;1;C01
201300036694;0;33;0;0;2;1;1;A01
201300036695;0;30;0;0;2;1;1;A01
201300036695;0;7;0;0;0;4;16;B01
201300036696;0;33;0;0;1;1;1;A01
201300036697;0;2;0;0;2;3;1;A01
201300036697;0;7;0;0;9;1;15;B01
201300036698;0;37;20;0;1;2;1;A01
201300036699;0;7;0;0;2;6;15;A01
201300036699;0;33;0;0;2;1;1;B01
201300036700;0;7;0;0;0;5;1;B01
201300036700;0;7;0;0;0;3;1;A01
201300036701;0;7;0;0;2;3;15;A01
201300036701;0;30;0;0;2;7;17;B01
201300036702;0;34;0;0;2;1;0;B01
201300036702;0;10;0;0;2;3;9;A01
201300036703;0;7;0;0;0;1;2;A01
201300036703;0;7;0;0;2;4;2;C01
201300036703;0;7;0;0;2;4;2;B01
201300036704;1;7;0;0;0;0;0;Z01
201300036704;0;32;0;0;2;1;1;B01
201300036705;0;7;0;0;1;1;1;A01
201300036706;0;7;0;0;2;1;2;A01
201300036706;0;7;0;0;2;4;2;B01
201300036707;0;33;0;0;2;1;1;B01
201300036707;0;7;0;0;0;2;15;A01
201300036708;0;7;0;0;1;0;0;A01
201300036709;0;99;0;0;1;8;1;A01
201300036710;0;7;0;0;1;3;2;A01
201300036711;0;7;0;0;0;5;9;A01
201300036711;0;7;0;0;0;1;1;C01
201300036711;0;7;0;0;0;1;1;B01
201300036712;0;7;0;0;2;2;16;A01
201300036712;0;1;0;0;2;8;1;Y01
201300036713;0;7;0;0;2;3;15;A01
201300036713;0;2;0;0;2;8;1;B01
201300036714;1;7;0;0;2;1;9;Z01
201300036714;0;7;0;0;2;6;16;B01
201300036715;0;10;0;0;1;4;4;A01
201300036716;0;7;0;0;2;3;1;C01
201300036716;0;32;0;0;2;1;1;B01
201300036716;0;7;0;0;2;1;1;A01
201300036717;0;32;0;0;2;1;1;A01
201300036717;1;32;0;0;0;0;0;Z01
201300036718;0;2;0;0;1;0;0;A01
201300036719;0;7;0;0;2;6;1;B01
201300036719;0;7;0;0;2;6;2;A01
201300036720;0;7;0;0;1;2;16;A01
201300036721;0;7;0;2;0;7;14;A01
201300036722;0;7;0;0;2;1;2;A01
201300036722;0;15;0;0;2;8;23;C01
201300036722;0;7;0;0;2;4;23;B01
201300036723;0;7;0;0;0;8;2;B01
201300036723;0;7;0;0;2;1;1;A01
201300036724;1;31;0;1;2;1;1;A01
201300036724;0;7;0;0;2;3;1;B01
201300036725;0;10;0;0;1;4;4;A01
201300036726;0;7;0;0;1;2;17;A01
201300036727;0;7;0;0;2;1;1;A01
201300036727;0;7;0;0;2;1;1;B01
201300036728;0;7;0;0;1;1;1;A01
201300036729;0;7;0;0;2;4;2;B01
201300036729;0;7;0;0;0;4;2;C01
201300036729;0;7;0;0;2;1;2;A01
201300036730;0;7;0;0;2;1;1;A01
201300036730;0;38;1;0;2;2;9;B01
201300036731;0;33;0;0;2;1;1;B01
201300036731;0;7;0;0;2;6;13;A01
201300036732;0;7;0;0;2;1;2;C01
201300036732;0;7;0;0;2;1;5;A01
201300036732;0;7;0;0;2;1;1;B01
201300036733;0;7;0;11;0;1;19;A01
201300036734;0;7;0;0;1;1;1;A01
201300036735;0;7;0;0;2;2;1;B01
201300036735;0;99;0;0;2;3;5;A01
201300036736;0;7;0;0;2;8;1;B01
201300036736;0;7;0;0;2;1;23;C01
201300036736;0;7;0;0;2;1;1;A01
201300036737;0;34;0;1;2;1;2;A01
201300036737;0;7;0;0;0;4;23;B01
201300036738;0;7;0;0;2;1;1;B01
201300036738;0;7;0;0;2;8;1;A01
201300036739;0;7;0;0;2;1;1;A01
201300036739;0;7;0;0;2;4;2;B01
201300036740;0;7;0;0;2;1;9;B01
201300036740;0;2;0;0;2;2;1;A01
201300036741;0;7;0;0;2;3;13;A01
201300036741;0;34;0;0;2;7;1;B01
201300036741;0;33;0;0;2;7;1;C01
201300036742;0;1;0;0;2;3;2;A01
201300036742;0;7;0;0;9;5;12;B01
201300036743;0;7;0;0;2;3;10;A01
201300036743;0;33;0;0;2;1;17;B01
201300036744;0;7;0;0;2;2;15;A01
201300036744;0;33;0;0;2;1;1;B01
201300036745;0;7;0;0;2;2;1;B01
201300036745;0;7;0;0;2;2;17;A01
201300036746;0;1;0;0;0;4;13;B01
201300036746;0;7;0;0;2;1;13;A01
201300036747;0;7;0;0;1;7;11;A01
201300036748;0;7;0;0;2;2;16;B01
201300036748;0;32;0;0;2;2;1;A01
201300036749;0;33;0;0;2;6;2;A01
201300036749;0;7;0;0;2;6;9;B01
201300036750;0;7;0;0;1;3;1;A01
201300036751;0;7;0;0;1;1;15;A01
201300036752;0;7;0;8;0;0;14;A01
201300036753;0;34;0;0;2;1;19;A01
201300036753;0;7;0;0;0;3;9;B01
201300036754;0;7;0;0;1;1;1;A01
201300036755;0;34;0;0;2;1;2;A01
201300036755;0;7;0;0;0;0;15;B01
201300036756;0;7;0;0;1;2;1;A01
201300036757;0;33;0;0;2;7;21;B01
201300036757;0;7;0;0;0;3;9;A01
201300036758;2;7;0;0;2;1;9;B01
201300036758;0;7;0;15;2;3;9;A01
201300036759;0;7;0;11;2;1;19;A01
201300036759;0;7;0;0;0;6;23;B01
201300036759;0;38;1;0;0;2;23;C01
201300036760;0;7;0;0;2;3;5;A01
201300036760;0;2;0;0;2;6;1;B01
201300036761;0;34;0;0;1;1;1;A01
201300036762;0;7;0;0;1;1;1;A01
201300036763;0;33;0;0;2;1;1;B01
201300036763;0;7;0;0;0;7;13;A01
201300036764;0;1;0;0;9;0;1;A01
201300036764;0;1;0;0;9;0;1;B01
201300036765;0;2;0;12;0;1;0;A01
201300036766;0;2;0;0;2;1;1;A01
201300036766;0;7;0;0;2;7;1;B01
201300036767;0;1;0;0;0;8;2;C01
201300036767;0;1;0;0;2;6;11;A01
201300036767;0;7;0;0;9;2;2;B01
201300036768;0;20;0;0;1;0;15;A01
201300036769;2;30;0;0;2;5;5;A01
201300036769;0;7;0;0;2;1;1;B01
201300036770;0;7;0;0;0;4;1;B01
201300036770;0;33;0;0;2;1;2;A01
201300036771;0;7;0;0;2;1;5;A01
201300036771;0;7;0;0;2;1;1;B01
201300036772;0;1;0;0;1;1;1;A01
201300036773;0;7;0;6;0;1;15;A01
201300036774;0;7;0;0;2;1;1;C01
201300036774;0;7;0;0;2;1;13;A01
201300036774;0;7;0;0;2;4;1;B01
201300036775;0;3;0;0;0;4;2;B01
201300036775;0;7;0;0;2;1;2;A01
201300036776;0;30;0;12;0;1;0;A01
201300036777;0;7;0;12;0;1;0;A01
201300036778;0;7;0;0;2;1;1;B01
201300036778;0;7;0;0;2;1;13;A01
201300036779;0;7;0;0;2;7;15;A01
201300036779;0;1;0;0;0;1;1;B01
201300036780;0;7;0;0;1;1;1;A01
201300036781;0;7;0;0;1;1;13;A01
201300036782;0;33;0;0;2;1;17;B01
201300036782;0;7;0;0;2;6;15;A01
201300036783;0;10;0;0;1;1;1;A01
201300036784;0;33;0;0;2;1;16;A01
201300036784;0;7;0;0;0;6;1;B01
201300036785;0;7;0;6;0;2;14;A01
201300036786;0;7;0;0;0;7;15;A01
201300036786;0;33;0;0;2;1;1;B01
201300036787;0;7;0;0;1;2;1;A01
201300036788;0;7;0;8;0;1;6;A01
201300036789;0;7;0;0;1;1;1;A01
201300036790;0;7;0;0;2;8;1;B01
201300036790;0;7;0;0;2;1;5;A01
201300036790;0;15;0;0;2;1;1;C01
201300036791;0;7;0;2;0;8;1;A01
201300036792;0;7;0;0;0;7;15;B01
201300036792;0;33;0;0;2;1;1;A01
201300036793;0;7;0;0;2;1;1;A01
201300036793;0;10;0;0;2;1;1;B01
201300036794;0;7;0;0;2;7;1;B01
201300036794;0;7;0;0;2;1;1;C01
201300036794;0;7;0;0;2;1;1;A01
201300036795;2;7;0;0;2;1;1;A01
201300036795;0;7;0;0;2;4;15;B01
201300036795;0;17;0;0;2;4;1;C01
201300036796;0;7;0;0;2;1;1;A01
201300036796;0;2;0;0;2;4;15;B01
201300036797;0;31;0;0;2;1;1;A01
201300036797;0;7;0;0;2;1;1;B01
201300036798;0;30;0;0;2;1;1;B01
201300036798;0;7;0;0;2;3;0;A01
201300036799;0;7;0;0;2;1;1;A01
201300036799;0;1;0;0;2;1;1;B01
201300036800;1;7;0;0;2;1;1;A01
201300036800;0;1;0;0;2;8;1;B01
201300036801;0;7;0;13;2;1;1;B01
201300036801;0;7;0;0;2;3;17;A01
201300036802;0;7;0;0;2;3;15;A01
201300036802;0;2;0;0;2;1;17;B01
201300036803;0;33;0;0;2;1;1;A01
201300036803;0;7;0;0;2;5;15;B01
201300036804;0;31;0;1;1;1;17;A01
201300036805;0;7;0;0;1;1;1;A01
201300036806;0;7;0;0;1;2;1;A01
201300036807;0;7;0;0;1;2;1;A01
201300036808;0;7;0;0;2;1;21;B01
201300036808;0;7;0;0;2;1;15;A01
201300036809;0;7;0;8;2;3;15;B01
201300036809;0;7;0;6;2;1;17;A01
201300036810;0;10;0;0;2;3;9;A01
201300036810;0;10;0;0;0;1;1;C01
201300036810;0;2;0;0;2;1;1;B01
201300036811;0;7;0;0;1;8;1;A01
201300036812;0;7;0;0;1;2;0;A01
201300036813;0;7;0;0;1;1;0;A01
201300036814;0;7;0;0;1;1;1;A01
201300036815;0;7;0;0;1;3;1;A01
201300036816;0;1;0;0;0;1;1;B01
201300036816;0;7;0;0;2;1;9;A01
201300036817;0;2;0;9;0;2;14;A01
201300036818;0;7;0;0;0;8;10;A01
201300036818;0;33;0;0;2;1;17;B01
201300036819;0;1;0;0;2;1;1;B01
201300036819;0;7;0;0;2;7;16;A01
201300036820;0;7;0;0;1;2;1;A01
201300036821;0;7;0;0;1;1;0;A01
201300036822;0;10;0;0;2;3;16;A01
201300036822;0;1;0;0;2;0;15;B01
201300036823;0;7;0;0;1;3;1;A01
201300036824;0;10;0;0;0;1;1;B01
201300036824;0;10;0;0;2;1;13;A01
201300036825;0;2;0;0;2;1;5;B01
201300036825;0;7;0;0;2;3;15;A01
201300036826;0;2;0;0;2;1;17;B01
201300036826;0;7;0;0;0;3;15;A01
201300036827;0;31;0;0;2;1;1;B01
201300036827;0;7;0;0;2;6;9;A01
201300036828;0;7;0;0;0;3;9;A01
201300036828;0;2;0;0;2;1;1;B01
201300036829;0;2;0;0;2;1;2;B01
201300036829;0;10;0;0;2;3;10;A01
201300036830;0;33;0;0;2;1;17;A01
201300036830;0;10;0;0;0;8;15;B01
201300036831;0;7;0;0;2;4;2;A01
201300036831;0;7;0;0;2;4;2;B01
201300036832;0;10;0;0;0;2;15;A01
201300036832;0;2;0;0;2;1;1;B01
201300036833;0;33;0;0;1;8;1;A01
201300036834;0;7;0;0;1;2;0;A01
201300036835;0;1;0;0;0;7;1;B01
201300036835;0;10;0;0;2;1;9;A01
201300036836;0;7;0;0;1;1;0;A01
201300036837;0;32;0;0;2;1;1;A01
201300036837;0;7;0;0;2;5;15;B01
201300036838;0;7;0;0;1;2;1;A01
201300036839;0;7;0;0;2;9;23;B01
201300036839;0;7;0;0;2;4;23;C01
201300036839;0;7;0;0;2;1;1;A01
201300036840;0;31;0;12;0;0;1;A01
201300036841;0;7;0;0;1;1;1;A01
201300036842;0;7;0;0;1;3;1;A01
201300036843;0;30;0;0;0;0;1;A01
201300036844;0;7;0;0;2;8;1;A01
201300036844;0;1;0;6;0;1;1;B01
201300036845;0;10;0;0;2;3;1;B01
201300036845;0;30;0;0;2;1;1;A01
201300036846;0;33;0;0;0;0;1;A01
201300036847;0;31;0;0;0;0;1;A01
201300036848;0;7;0;0;2;8;21;B01
201300036848;0;30;0;0;2;8;13;A01
201300036849;0;7;0;6;0;7;14;A01
201300036850;0;2;0;0;2;8;1;A01
201300036850;1;7;0;0;0;0;1;Z01
201300036851;0;33;0;9;0;1;1;A01
201300036852;1;7;0;0;1;0;1;Z01
201300036853;0;7;0;0;1;2;1;A01
201300036854;0;7;0;0;2;2;9;A01
201300036854;0;30;0;0;2;3;1;B01
201300036855;0;7;0;0;1;8;15;A01
201300036856;0;7;0;0;2;8;9;A01
201300036856;0;31;0;0;2;1;1;B01
201300036857;0;7;0;0;1;3;1;A01
201300036858;0;7;0;0;2;3;1;B01
201300036858;0;33;0;0;2;8;1;A01
201300036859;0;1;0;0;2;1;1;B01
201300036859;0;7;0;0;2;2;9;A01
201300036860;0;1;0;0;2;2;1;B01
201300036860;0;7;0;0;2;3;19;A01
201300036861;0;3;0;1;1;9;4;A01
201300036862;0;30;0;0;2;1;9;A01
201300036862;0;7;0;0;2;2;1;Z01
201300036863;0;30;0;0;2;3;13;A01
201300036863;0;7;0;0;2;3;1;B01
201300036864;0;31;0;0;0;0;1;A01
201300036865;0;1;0;0;1;1;5;A01
201300036866;0;33;0;0;2;1;2;B01
201300036866;0;7;0;0;2;4;1;A01
201300036867;0;1;0;0;2;8;1;B01
201300036867;1;7;0;0;2;0;16;Z01
201300036868;0;33;0;0;0;7;1;A01
201300036869;0;7;0;0;1;1;1;A01
201300036870;0;7;0;0;1;7;1;A01
201300036871;0;7;0;13;0;9;1;A01
201300036872;0;7;0;0;2;1;1;A01
201300036872;0;7;0;0;0;4;1;B01
201300036873;0;7;0;0;2;4;2;B01
201300036873;0;7;0;0;2;1;1;A01
201300036874;0;31;0;0;2;1;1;B01
201300036874;0;7;0;0;2;5;15;A01
201300036875;0;7;0;0;2;3;15;A01
201300036875;0;2;0;0;2;3;16;B01
201300036876;0;7;0;0;1;5;4;A01
201300036877;0;7;0;0;2;3;22;A01
201300036877;0;1;0;1;2;1;1;B01
201300036878;2;7;0;6;0;8;17;A01
201300036879;0;2;0;0;2;1;1;B01
201300036879;0;7;0;0;2;3;10;A01
201300036880;0;7;0;0;2;4;23;B01
201300036880;0;7;0;0;2;1;1;A01
201300036881;0;31;0;0;0;7;1;A01
201300036882;0;7;0;0;2;8;9;A01
201300036882;0;30;0;0;2;1;1;B01
201300036883;0;7;0;0;2;1;1;B01
201300036883;0;1;0;0;2;1;5;A01
201300036884;0;7;0;0;1;2;1;A01
201300036885;0;7;0;0;2;3;15;A01
201300036885;0;2;0;0;2;1;1;B01
201300036886;0;7;0;0;1;1;1;A01
201300036887;0;7;0;0;2;1;2;A01
201300036887;0;33;0;0;2;4;16;B01
201300036888;0;7;0;0;2;8;2;B01
201300036888;0;7;0;8;2;2;17;A01
201300036889;0;7;0;0;0;8;15;A01
201300036889;0;33;0;0;2;1;1;B01
201300036890;0;7;0;15;0;8;0;A01
201300036890;0;7;0;0;2;1;5;B01
201300036891;0;7;0;0;1;7;1;A01
201300036892;0;33;0;0;2;1;17;A01
201300036892;0;7;0;0;2;8;11;B01
201300036893;0;33;0;7;0;1;0;A01
201300036894;0;7;0;0;0;6;0;B01
201300036894;0;1;0;1;0;1;1;A01
201300036895;0;7;0;0;1;2;1;A01
201300036896;0;7;0;0;1;3;0;A01
201300036897;0;1;0;0;2;3;1;B01
201300036897;1;30;0;0;0;1;5;Z01
201300036898;0;7;0;0;2;2;16;B01
201300036898;0;30;0;0;2;8;2;A01
201300036899;1;7;0;0;1;0;0;Z01
201300036900;0;7;0;0;2;1;2;A01
201300036900;0;7;0;0;2;6;15;B01
201300036901;0;33;0;0;2;1;17;A01
201300036901;0;7;0;0;2;3;15;B01
201300036902;1;7;0;0;1;2;0;Z01
201300036903;0;7;0;0;1;1;1;A01
201300036904;0;7;0;0;1;1;1;A01
201300036905;0;7;0;0;2;1;15;A01
201300036905;0;7;0;0;2;1;1;B01
201300036906;0;7;0;0;1;1;1;A01
201300036907;0;7;0;0;1;7;1;A01
201300036908;0;7;0;0;2;5;2;B01
201300036908;0;2;0;0;2;3;2;A01
201300036909;0;7;0;0;2;1;2;B01
201300036909;0;7;0;0;2;4;2;C01
201300036909;0;7;0;0;2;1;2;A01
201300036910;0;7;0;0;2;3;1;B01
201300036910;0;7;0;0;2;3;13;A01
201300036911;0;7;0;0;2;1;1;C01
201300036911;0;7;0;0;2;1;1;B01
201300036911;0;7;0;0;2;1;0;A01
201300036911;0;7;0;0;2;1;0;D01
201300036912;0;2;0;0;2;4;15;B01
201300036912;0;7;0;0;2;1;1;A01
201300036913;0;17;0;3;0;1;1;B01
201300036913;0;17;0;3;0;1;1;A01
201300036914;0;10;0;0;1;2;1;A01
201300036915;0;7;0;0;2;8;9;A01
201300036915;0;2;0;0;2;1;1;B01
201300036916;0;7;0;0;2;2;15;A01
201300036916;0;2;0;0;2;1;8;B01
201300036917;0;7;0;0;1;4;4;A01
201300036918;0;7;0;0;1;2;1;A01
201300036919;0;7;0;0;2;1;1;A01
201300036919;0;7;0;0;2;4;1;B01
201300036920;0;7;0;0;1;2;1;A01
201300036921;0;7;0;0;2;3;13;A01
201300036921;0;7;0;0;2;3;1;B01
201300036922;0;7;0;9;0;1;1;A01
201300036923;0;7;0;0;2;1;2;A01
201300036923;0;7;0;0;2;4;1;C01
201300036923;0;7;0;0;2;4;1;B01
201300036924;0;3;0;0;2;1;1;B01
201300036924;0;7;0;0;2;1;9;A01
201300036925;0;7;0;0;1;2;1;A01
201300036926;0;7;0;1;1;1;14;A01
201300036927;0;7;0;0;2;1;1;B01
201300036927;0;7;0;0;2;2;15;A01
201300036928;0;7;0;0;2;1;1;A01
201300036928;0;7;0;0;2;8;1;B01
201300036929;0;30;0;12;0;2;1;A01
201300036930;0;10;0;0;2;1;1;A01
201300036930;0;7;0;0;2;4;2;B01
201300036931;0;7;0;0;2;2;15;A01
201300036931;0;2;0;0;2;1;1;B01
201300036932;0;7;0;0;2;1;2;A01
201300036932;0;7;0;0;2;4;2;C01
201300036932;0;7;0;0;2;4;2;B01
201300036933;0;7;0;0;2;2;9;A01
201300036933;0;1;0;0;2;1;1;B01
201300036934;0;7;0;11;0;1;1;A01
201300036935;0;33;0;0;2;7;1;B01
201300036935;0;7;0;0;2;1;9;A01
201300036936;0;7;0;0;2;1;1;A01
201300036936;0;1;0;0;2;7;1;B01
201300036937;0;1;0;0;2;1;1;B01
201300036937;0;1;0;0;2;1;1;A01
201300036938;0;2;0;11;0;1;17;A01
201300036939;0;7;0;0;2;8;1;B01
201300036939;0;14;0;0;2;2;12;A01
201300036940;0;3;0;0;1;1;1;A01
201300036941;0;7;0;8;0;1;13;A01
201300036942;0;10;0;0;2;7;23;C01
201300036942;0;7;0;0;2;6;11;B01
201300036942;0;7;0;0;2;1;1;A01
201300036943;0;7;0;0;2;3;1;B01
201300036943;0;7;0;0;2;3;0;A01
201300036944;0;7;0;0;1;3;1;A01
201300036945;0;7;0;0;2;3;15;A01
201300036945;0;1;0;0;2;1;1;B01
201300036946;0;7;0;0;2;4;2;B01
201300036946;0;7;0;0;2;1;1;A01
201300036947;0;7;0;0;2;8;0;C01
201300036947;0;7;0;0;2;6;0;B01
201300036947;0;10;0;0;2;1;0;A01
201300036947;0;14;0;0;2;6;1;D01
201300036948;0;7;0;0;2;2;15;A01
201300036948;0;2;0;0;2;1;1;B01
201300036949;0;10;0;8;0;2;14;A01
201300036950;0;7;0;7;2;2;1;A01
201300036950;0;7;0;0;2;1;1;B01
201300036951;0;7;0;0;2;7;0;A01
201300036951;0;2;0;0;2;8;0;B01
201300036952;0;7;0;0;2;1;1;A01
201300036952;0;7;0;0;1;4;1;B01
201300036953;0;10;0;0;2;1;1;B01
201300036953;0;7;0;0;2;1;5;A01
201300036954;0;7;0;9;0;1;1;A01
201300036955;0;13;0;0;2;4;2;B01
201300036955;0;13;0;0;2;1;2;A01
201300036956;0;7;0;0;1;2;1;A01
201300036957;0;30;0;16;0;7;1;A01
201300036958;0;7;0;0;2;7;1;A01
201300036958;0;7;0;6;2;1;1;B01
201300036959;0;7;0;0;1;7;1;A01
201300036960;0;31;0;12;2;1;1;B01
201300036960;0;7;0;0;2;3;1;A01
201300036961;0;7;0;0;2;4;20;B01
201300036961;0;10;0;0;2;1;2;A01
201300036962;0;7;0;0;2;1;1;A01
201300036962;0;7;0;0;2;4;1;C01
201300036962;0;7;0;0;2;4;1;B01
201300036963;0;7;0;3;0;1;0;A01
201300036964;0;7;0;6;2;1;1;A01
201300036964;0;7;0;0;2;1;2;B01
201300036965;0;1;0;0;2;8;1;B01
201300036965;0;10;0;0;2;7;1;A01
201300036966;0;7;0;8;2;1;1;B01
201300036966;0;7;0;0;2;1;15;A01
201300036967;0;7;0;6;0;1;1;A01
201300036968;0;2;0;0;2;3;17;B01
201300036968;0;2;0;0;2;2;21;A01
201300036968;0;7;0;0;2;3;15;C01
201300036969;0;7;0;3;2;4;2;B01
201300036969;0;7;0;0;2;1;2;A01
201300036970;0;7;0;0;2;1;15;A01
201300036970;0;1;0;0;2;8;1;B01
201300036971;0;7;0;0;1;1;1;A01
201300036972;0;10;0;6;0;1;1;A01
201300036973;0;7;0;0;2;3;1;B01
201300036973;0;30;0;0;2;1;17;A01
201300036974;0;33;0;0;0;0;1;A01
201300036975;0;7;0;0;2;3;9;A01
201300036975;0;31;0;0;2;7;0;B01
201300036976;0;7;0;1;0;1;1;A01
201300036977;0;7;0;0;1;2;1;A01
201300036978;0;2;0;0;2;8;1;B01
201300036978;0;7;0;0;2;3;15;A01
201300036979;0;1;0;0;2;0;1;B01
201300036979;0;7;0;0;2;8;15;A01
201300036980;0;2;0;0;2;8;18;B01
201300036980;0;17;0;0;2;5;1;A01
201300036981;0;7;0;0;2;2;2;A01