num_acc;senc;catv;occutc;obs;obsm;choc;manv;num_veh
201300036981;0;7;0;0;2;4;2;B01
201300036982;0;7;0;0;2;4;2;B01
201300036982;0;7;0;0;2;1;1;A01
201300036982;0;7;0;0;2;4;2;C01
201300036983;0;7;0;0;2;4;2;B01
201300036983;0;7;0;0;2;1;2;A01
201300036984;0;33;0;0;2;2;1;B01
201300036984;0;10;0;0;2;3;2;A01
201300036985;0;7;0;0;1;2;20;A01
201300036986;0;7;0;0;2;2;1;A01
201300036986;0;7;0;0;2;6;2;B01
201300036987;0;7;0;0;1;8;0;A01
201300036988;0;2;0;0;2;5;1;A01
201300036988;0;7;0;0;2;2;1;B01
201300036989;0;7;0;0;2;1;1;B01
201300036989;0;10;0;0;2;7;15;A01
201300036990;0;7;0;5;0;1;0;A01
201300036991;0;7;0;0;2;1;15;A01
201300036991;0;7;0;0;2;1;1;B01
201300036992;0;1;0;0;2;1;1;B01
201300036992;0;7;0;0;2;6;15;A01
201300036993;0;7;0;0;2;3;1;B01
201300036993;0;7;0;0;2;2;15;A01
201300036994;0;2;0;0;2;7;1;B01
201300036994;0;7;0;0;2;3;9;A01
201300036995;0;7;0;0;2;2;15;A01
201300036995;0;7;0;0;2;1;1;B01
201300036996;0;7;0;0;2;4;1;B01
201300036996;0;7;0;0;2;1;1;A01
201300036997;0;10;0;2;0;1;14;A01
201300036998;0;7;0;0;2;2;15;A01
201300036998;0;7;0;0;2;1;1;B01
201300036999;0;34;0;0;0;1;1;A01
201300037000;0;7;0;0;2;4;2;C01
201300037000;0;7;0;0;2;1;2;A01
201300037000;0;7;0;0;2;4;2;B01
201300037001;0;33;0;0;0;8;1;B01
201300037001;0;7;0;0;0;0;15;A01
201300037002;0;7;0;0;2;7;15;A01
201300037002;0;7;0;0;2;1;1;B01
201300037003;0;33;0;0;2;1;1;B01
201300037003;0;7;0;0;2;6;11;A01
201300037004;0;7;0;0;2;1;1;B01
201300037004;0;7;0;0;2;2;9;A01
201300037005;0;7;0;0;2;3;1;B01
201300037005;0;1;0;0;2;1;15;A01
201300037006;0;1;0;6;0;1;1;A01
201300037007;0;7;0;3;0;8;13;A01
201300037008;0;7;0;0;2;4;23;C01
201300037008;0;7;0;0;2;1;2;A01
201300037008;0;7;0;0;2;4;23;B01
201300037009;0;33;0;4;0;1;1;A01
201300037010;0;7;0;0;2;1;1;B01
201300037010;0;7;0;1;2;6;10;A01
201300037011;0;1;0;0;0;0;0;A01
201300037012;0;7;0;0;2;2;10;A01
201300037012;0;1;0;0;2;1;1;B01
201300037013;0;7;0;0;1;0;15;A01
201300037014;0;7;0;16;0;9;1;A01
201300037015;0;7;0;0;2;3;1;B01
201300037015;0;7;0;0;2;1;10;A01
201300037016;0;7;0;9;1;1;1;A01
201300037017;0;7;0;0;2;4;1;B01
201300037017;0;7;0;0;2;1;1;A01
201300037018;0;7;0;0;2;4;1;C01
201300037018;0;7;0;0;2;4;1;B01
201300037018;0;7;0;0;2;4;1;D01
201300037018;0;10;0;0;2;1;1;A01
201300037019;0;7;0;0;2;6;9;A01
201300037019;0;33;0;0;2;1;15;B01
201300037020;0;7;0;0;1;1;1;A01
201300037021;0;7;0;3;0;3;1;A01
201300037022;0;7;0;0;2;3;1;B01
201300037022;0;2;0;0;2;1;15;A01
201300037023;0;30;0;0;2;1;1;A01
201300037023;0;7;0;0;2;3;15;B01
201300037024;0;7;0;0;2;4;1;B01
201300037024;0;10;0;0;2;1;1;A01
201300037024;0;7;0;0;0;4;1;C01
201300037025;0;10;0;0;2;1;1;A01
201300037025;0;7;0;7;2;1;15;B01
201300037026;0;7;0;0;2;1;1;A01
201300037026;0;33;0;0;2;1;1;B01
201300037026;0;7;0;0;2;1;1;C01
201300037026;0;7;0;0;2;6;1;D01
201300037027;0;2;0;0;2;1;1;B01
201300037027;0;7;0;0;2;3;1;A01
201300037028;0;7;0;0;2;3;15;A01
201300037028;0;7;0;0;2;1;1;B01
201300037029;0;7;0;0;2;2;1;B01
201300037029;0;2;0;0;2;1;9;A01
201300037030;0;7;0;0;2;3;1;B01
201300037030;0;7;0;0;2;2;15;A01
201300037031;0;7;0;0;2;1;1;A01
201300037031;0;7;0;0;2;4;2;B01
201300037032;0;7;0;0;2;8;15;A01
201300037032;0;2;0;0;2;1;1;B01
201300037033;0;1;0;0;2;7;17;B01
201300037033;0;7;0;0;2;8;22;A01
201300037034;0;30;0;0;2;7;1;A01
201300037034;0;7;0;0;2;8;1;B01
201300037035;0;7;0;0;2;5;1;B01
201300037035;0;10;0;0;2;8;11;A01
201300037036;0;99;0;0;2;4;1;B01
201300037036;0;7;0;0;2;1;1;A01
201300037037;0;30;0;0;2;1;1;A01
201300037037;0;7;0;0;2;1;1;B01
201300037038;0;7;0;0;2;1;9;A01
201300037038;0;10;0;0;2;2;1;B01
201300037038;0;7;0;0;2;1;1;C01
201300037039;0;10;0;2;0;3;1;A01
201300037040;0;1;0;0;2;8;1;A01
201300037040;1;30;0;0;2;7;16;Z01
201300037041;0;7;0;0;2;1;1;A01
201300037041;0;7;0;0;2;8;1;B01
201300037042;0;30;0;0;2;1;1;A01
201300037042;0;7;0;0;2;2;1;B01
201300037043;0;30;0;0;2;1;1;A01
201300037043;0;7;0;0;2;3;15;B01
201300037044;0;7;0;0;2;2;1;B01
201300037044;0;7;0;0;2;3;1;A01
201300037045;0;2;0;0;2;1;1;A01
201300037045;0;7;0;0;2;2;1;B01
201300037046;0;7;0;0;2;8;11;A01
201300037046;0;2;0;0;2;7;1;B01
201300037047;0;7;0;0;2;1;1;A01
201300037047;0;7;0;0;2;4;1;B01
201300037048;0;7;0;0;2;1;1;A01
201300037048;0;7;0;0;2;4;2;B01
201300037048;0;7;0;0;2;4;2;C01
201300037048;0;7;0;0;2;4;2;D01
201300037049;0;7;0;4;0;1;1;A01
201300037050;0;7;0;0;2;3;1;B01
201300037050;0;2;0;0;2;1;1;A01
201300037051;0;7;0;0;2;2;15;A01
201300037051;0;30;0;0;2;1;1;B01
201300037052;0;7;0;0;1;3;1;A01
201300037053;0;7;0;4;0;1;0;A01
201300037054;0;31;0;0;2;1;1;B01
201300037054;0;7;0;0;2;5;15;A01
201300037055;0;33;0;0;2;1;1;B01
201300037055;0;7;0;0;2;1;1;A01
201300037056;0;7;0;0;1;3;1;A01
201300037057;0;2;0;0;0;8;1;A01
201300037058;0;7;0;0;1;3;1;A01
201300037059;0;31;0;0;0;7;1;A01
201300037060;0;33;0;0;2;1;15;A01
201300037060;0;7;0;0;2;8;1;B01
201300037061;0;7;0;2;0;1;15;A01
201300037062;0;10;0;0;2;4;4;A01
201300037062;0;2;0;0;2;1;1;B01
201300037063;0;7;0;13;0;9;21;A01
201300037064;0;7;0;0;1;0;1;A01
201300037065;0;7;0;0;2;2;15;A01
201300037065;0;2;0;0;2;1;1;B01
201300037066;0;10;0;0;1;1;1;A01
201300037067;0;7;0;0;2;2;1;A01
201300037067;0;30;0;0;2;1;1;B01
201300037068;0;7;0;0;2;1;15;B01
201300037068;0;7;0;0;2;2;1;A01
201300037069;0;7;0;8;0;1;1;A01
201300037070;0;7;0;9;0;1;1;A01
201300037071;0;33;0;0;2;1;1;A01
201300037071;0;7;0;0;2;3;1;B01
201300037072;0;7;0;0;1;3;1;A01
201300037073;0;7;0;0;2;3;1;B01
201300037073;0;7;0;0;2;1;1;A01
201300037074;0;7;0;12;0;1;1;A01
201300037075;0;2;0;0;2;1;1;B01
201300037075;0;7;0;0;2;2;15;A01
201300037076;0;32;0;0;0;1;0;A01
201300037077;0;7;0;3;0;1;1;A01
201300037078;0;7;0;3;2;0;1;B01
201300037078;0;7;0;0;2;1;17;A01
201300037079;0;7;0;0;2;1;1;A01
201300037079;0;7;0;0;2;4;1;B01
201300037080;0;10;0;0;2;7;19;A01
201300037080;0;7;0;0;2;1;1;B01
201300037081;0;7;0;9;0;1;1;A01
201300037082;0;7;0;0;1;1;15;A01
201300037083;0;7;0;0;2;1;1;B01
201300037083;0;7;0;0;2;2;1;A01
201300037084;0;10;0;0;2;4;16;B01
201300037084;0;2;0;0;2;1;1;A01
201300037085;0;7;0;2;0;1;0;A01
201300037086;0;10;0;0;2;1;9;A01
201300037086;0;10;0;9;0;0;0;C01
201300037086;0;7;0;9;0;0;0;D01
201300037086;0;7;0;0;2;8;1;B01
201300037087;0;7;0;0;0;0;15;A01
201300037087;0;2;0;0;0;0;1;B01
201300037088;0;7;0;0;2;7;13;A01
201300037088;0;7;0;0;2;1;1;B01
201300037089;0;7;0;0;2;1;1;B01
201300037089;0;7;0;0;2;5;15;A01
201300037090;0;33;0;0;2;1;17;B01
201300037090;0;7;0;0;2;3;15;A01
201300037091;0;7;0;0;0;9;1;A01
201300037092;0;7;0;0;2;1;1;B01
201300037092;0;7;0;0;2;1;1;A01
201300037093;0;33;0;0;0;8;1;A01
201300037094;0;7;0;0;0;5;1;B01
201300037094;0;33;0;0;2;8;1;A01
201300037095;0;7;0;0;2;4;15;B01
201300037095;0;33;0;0;2;1;2;A01
201300037096;0;10;0;2;0;1;1;A01
201300037097;0;7;0;13;0;1;1;A01
201300037098;0;37;1;0;1;1;1;A01
201300037099;0;7;0;0;2;4;1;B01
201300037099;0;1;0;0;2;1;2;A01
201300037100;0;37;1;0;1;7;1;A01
201300037101;0;7;0;6;0;1;1;A01
201300037102;0;33;0;0;2;1;1;B01
201300037102;0;7;0;0;2;3;15;A01
201300037103;0;7;0;0;1;2;1;A01
201300037104;0;7;0;0;0;5;9;B01
201300037104;0;2;0;0;2;1;1;A01
201300037105;0;7;0;0;2;3;1;A01
201300037105;0;7;0;0;2;4;2;B01
201300037106;0;3;0;1;1;1;13;A01
201300037107;0;10;0;0;2;2;9;A01
201300037107;0;30;0;0;2;1;1;B01
201300037108;0;37;1;0;2;1;1;B01
201300037108;0;7;0;0;2;8;9;A01
201300037109;0;7;0;0;1;1;9;A01
201300037110;0;7;0;15;0;1;1;A01
201300037111;0;7;0;0;2;1;1;A01
201300037111;0;7;0;0;2;7;1;B01
201300037112;0;7;0;0;2;3;9;A01
201300037112;0;30;0;0;2;1;1;B01
201300037113;0;7;0;0;2;1;2;A01
201300037113;0;10;0;0;0;4;2;B01
201300037114;0;7;0;0;1;2;17;A01
201300037115;0;7;0;0;0;4;2;B01
201300037115;0;7;0;0;2;1;2;A01
201300037116;0;7;0;0;2;4;23;B01
201300037116;0;7;0;0;2;1;2;A01
201300037117;0;7;0;0;0;2;1;A01
201300037118;0;7;0;0;1;1;15;A01
201300037119;0;7;0;0;2;1;1;B01
201300037119;0;17;0;0;2;8;1;C01
201300037119;0;7;0;3;2;7;9;A01
201300037120;0;7;0;0;2;1;15;A01
201300037120;0;1;0;0;2;1;1;B01
201300037121;0;7;0;0;2;3;15;A01
201300037121;0;7;0;0;2;3;1;B01
201300037122;0;7;0;8;0;8;0;A01
201300037123;0;10;0;0;2;2;15;A01
201300037123;0;10;0;0;2;2;1;B01
201300037124;0;10;0;0;2;1;1;A01
201300037124;0;10;0;0;0;4;1;B01
201300037125;0;2;0;0;2;1;9;B01
201300037125;0;7;0;0;2;1;9;A01
201300037126;0;10;0;0;2;1;1;B01
201300037126;0;7;0;0;2;8;9;A01
201300037127;0;7;0;4;0;1;1;A01
201300037128;0;7;0;0;1;1;1;A01
201300037129;0;7;0;1;0;4;9;B01
201300037129;0;17;0;0;0;6;23;A01
201300037130;0;17;0;0;0;6;1;B01
201300037130;0;7;0;0;2;2;1;A01
201300037131;0;7;0;0;1;1;1;A01
201300037132;0;7;0;13;0;3;1;A01
201300037133;0;7;0;12;1;1;1;A01
201300037134;0;7;0;0;2;3;9;A01
201300037134;0;2;0;0;2;1;1;B01
201300037135;0;7;0;0;2;5;1;B01
201300037135;0;7;0;0;2;1;2;A01
201300037136;0;7;0;0;2;1;10;A01
201300037136;0;7;0;0;2;2;1;B01
201300037137;0;2;0;0;0;2;1;A01
201300037138;0;32;0;0;0;8;1;A01
201300037139;0;7;0;13;0;1;1;A01
201300037140;0;10;0;0;2;2;9;B01
201300037140;0;7;0;0;2;1;1;A01
201300037141;0;7;0;0;0;4;2;B01
201300037141;0;7;0;0;2;1;2;A01
201300037142;0;7;0;0;2;1;15;A01
201300037142;0;30;0;0;2;1;1;B01
201300037143;0;7;0;0;1;2;1;A01
201300037144;0;7;0;9;2;1;1;B01
201300037144;0;7;0;0;2;3;1;A01
201300037145;0;7;0;0;2;4;23;A01
201300037145;0;7;0;0;2;2;21;B01
201300037145;0;7;0;0;2;1;1;D01
201300037145;0;17;0;0;2;8;1;C01
201300037146;0;30;0;0;2;1;1;B01
201300037146;0;7;0;0;2;3;9;A01
201300037147;0;10;0;0;1;4;4;A01
201300037148;0;7;0;0;2;1;15;A01
201300037148;0;7;0;0;2;1;1;B01
201300037149;0;7;0;0;2;2;0;B01
201300037149;0;30;0;0;2;1;9;A01
201300037150;0;2;0;0;0;8;1;A01
201300037151;0;32;0;8;0;8;1;A01
201300037152;0;13;0;3;0;2;1;A01
201300037153;0;7;0;0;2;4;1;B01
201300037153;0;7;0;0;2;1;2;A01
201300037154;0;2;0;0;1;1;17;A01
201300037155;0;7;0;0;2;3;1;A01
201300037155;0;1;0;0;2;1;19;B01
201300037156;0;7;0;0;2;8;15;A01
201300037156;0;31;0;0;2;1;1;B01
201300037157;0;7;0;9;0;1;0;A01
201300037158;0;2;0;0;0;8;1;A01
201300037159;0;7;0;0;2;8;19;A01
201300037159;0;7;0;0;2;3;1;B01
201300037160;0;7;0;0;2;1;19;A01
201300037160;0;33;0;0;2;8;1;B01
201300037161;0;7;0;0;2;3;17;A01
201300037161;0;37;3;0;2;8;1;C01
201300037161;0;7;0;0;2;3;1;B01
201300037162;0;7;0;0;1;2;1;A01
201300037163;0;7;0;0;1;1;1;A01
201300037164;0;10;0;0;0;4;1;B01
201300037164;0;33;0;0;2;1;1;A01
201300037165;0;7;0;0;1;1;1;A01
201300037166;0;7;0;0;2;2;9;A01
201300037166;0;7;0;0;2;2;1;B01
201300037167;0;2;0;0;2;7;15;B01
201300037167;0;2;0;0;2;8;15;A01
201300037168;0;7;0;0;2;3;1;B01
201300037168;0;7;0;0;2;7;1;A01
201300037169;0;7;0;3;0;2;1;A01
201300037170;0;7;0;0;0;6;9;A01
201300037170;0;31;0;0;2;1;1;B01
201300037171;0;7;0;0;0;4;2;B01
201300037171;0;10;0;0;2;1;2;A01
201300037172;0;7;0;0;2;2;12;A01
201300037172;0;7;0;0;2;3;1;B01
201300037173;0;7;0;0;2;4;23;B01
201300037173;0;30;0;0;2;7;2;A01
201300037174;0;7;0;15;0;1;1;A01
201300037174;0;7;0;13;0;9;0;B01
201300037175;0;7;0;0;2;3;13;A01
201300037175;0;7;0;0;2;3;1;B01
201300037176;0;7;0;6;0;1;1;A01
201300037177;0;33;0;0;2;1;1;B01
201300037177;0;7;0;0;2;6;15;A01
201300037178;0;7;0;0;2;1;1;A01
201300037178;0;7;0;0;2;2;1;B01
201300037179;0;7;0;0;1;1;16;A01
201300037180;0;7;0;13;0;1;1;A01
201300037181;0;7;0;0;1;1;1;A01
201300037182;0;7;0;0;1;1;16;A01
201300037183;0;1;0;0;1;1;1;A01
201300037184;0;7;0;15;0;1;1;A01
201300037185;0;31;0;0;0;2;1;A01
201300037186;0;7;0;0;2;1;2;A01
201300037186;0;31;0;0;2;4;1;B01
201300037187;0;7;0;4;0;1;1;A01
201300037188;0;7;0;13;0;1;1;A01
201300037189;0;7;0;0;2;3;9;A01
201300037189;0;32;0;0;2;4;1;B01
201300037190;0;37;1;0;1;2;1;A01
201300037191;0;30;0;0;2;1;23;A01
201300037191;1;15;0;0;2;4;4;Z01
201300037192;0;7;0;0;0;4;2;C01
201300037192;0;7;0;0;2;1;1;A01
201300037192;0;7;0;0;2;1;2;B01
201300037193;0;7;0;0;2;3;1;A01
201300037193;0;10;0;0;2;3;1;B01
201300037194;0;30;0;0;0;0;1;A01
201300037195;0;32;0;0;0;0;1;A01
201300037196;0;7;0;0;2;8;1;B01
201300037196;0;7;0;0;2;8;1;C01
201300037196;0;10;0;0;2;3;1;A01
201300037197;0;30;0;0;0;7;1;A01
201300037198;0;2;0;0;0;7;1;A01
201300037199;0;7;0;0;0;4;1;B01
201300037199;0;2;0;0;2;1;1;A01
201300037200;0;7;0;0;2;7;1;A01
201300037200;0;7;0;0;2;1;1;B01
201300037201;0;10;0;0;1;2;16;A01
201300037202;0;7;0;0;1;1;1;A01
201300037203;0;7;0;0;1;1;1;A01
201300037204;0;30;0;12;0;0;0;A01
201300037205;0;7;0;1;0;2;1;A01
201300037206;0;7;0;0;2;4;23;C01
201300037206;0;7;0;0;2;1;2;A01
201300037206;0;7;0;0;2;4;1;B01
201300037207;0;10;0;0;1;1;15;A01
201300037208;1;10;0;0;0;0;0;Z01
201300037208;0;7;0;0;2;2;1;A01
201300037208;0;7;0;0;2;3;1;B01
201300037209;0;7;0;14;1;1;16;A01
201300037210;0;7;0;0;2;0;1;A01
201300037210;0;7;0;0;9;1;1;B01
201300037211;0;7;0;0;2;4;23;B01
201300037211;0;7;0;0;2;1;2;A01
201300037212;0;7;0;2;0;1;1;A01
201300037213;0;7;0;0;2;6;15;A01
201300037213;0;7;0;0;2;1;1;B01
201300037214;0;31;0;0;0;7;15;A01
201300037215;0;31;0;0;2;2;17;B01
201300037215;0;7;0;0;2;3;9;A01
201300037216;0;30;0;0;0;7;0;A01
201300037217;0;17;0;0;2;1;2;A01
201300037217;0;7;0;0;2;4;1;B01
201300037218;0;7;0;0;2;5;23;B01
201300037218;0;30;0;0;2;1;2;A01
201300037219;0;7;0;2;0;0;0;A01
201300037220;0;33;0;13;0;1;17;A01
201300037221;0;2;0;0;2;1;1;B01
201300037221;0;7;0;0;2;3;9;A01
201300037222;0;7;0;0;2;1;2;A01
201300037222;0;7;0;0;0;4;1;B01
201300037223;0;7;0;0;2;1;9;A01
201300037223;0;30;0;0;2;8;1;B01
201300037224;0;7;0;0;1;3;1;A01
201300037225;0;7;0;2;0;1;1;A01
201300037226;0;31;0;0;2;2;1;A01
201300037226;1;10;0;0;2;3;1;Z01
201300037227;0;15;0;0;2;4;4;A01
201300037227;0;33;0;0;2;1;2;B01
201300037228;0;2;0;1;0;1;1;A01
201300037229;0;7;0;13;0;9;1;A01
201300037230;0;2;0;12;0;8;1;A01
201300037231;0;7;0;0;2;6;23;B01
201300037231;0;33;0;0;2;1;2;A01
201300037232;0;2;0;0;2;1;9;A01
201300037232;1;7;0;0;2;5;1;B01
201300037233;0;7;0;0;1;1;1;A01
201300037234;0;2;0;0;0;8;1;A01
201300037235;0;33;0;0;0;7;1;A01
201300037236;0;30;0;0;0;8;1;A01
201300037237;0;30;0;0;0;1;1;B01
201300037237;0;10;0;0;0;0;9;A01
201300037238;0;7;0;0;2;4;23;B01
201300037238;0;2;0;0;2;1;2;A01
201300037239;0;1;0;0;2;1;1;B01
201300037239;0;7;0;0;2;3;15;A01
201300037240;0;7;0;0;2;1;1;B01
201300037240;0;10;0;0;2;4;4;A01
201300037241;0;7;0;0;1;8;15;A01
201300037242;0;7;0;1;0;3;1;A01
201300037243;0;7;0;0;2;2;15;A01
201300037243;0;7;0;0;2;1;1;B01
201300037244;0;30;0;0;0;1;1;A01
201300037245;0;7;0;0;2;1;15;A01
201300037245;0;31;0;0;2;1;1;B01
201300037246;0;7;0;0;1;1;9;A01
201300037247;0;7;0;0;2;3;15;A01
201300037247;0;7;0;0;2;3;1;B01
201300037248;0;7;0;0;2;6;15;A01
201300037248;0;7;0;0;2;1;1;B01
201300037249;0;7;0;0;2;1;2;A01
201300037249;0;7;0;0;2;4;23;B01
201300037250;0;7;0;2;0;3;1;A01
201300037251;0;7;0;0;2;3;9;A01
201300037251;0;30;0;0;2;1;1;B01
201300037252;2;10;0;0;2;1;1;Z01
201300037252;0;7;0;0;2;8;1;B01
201300037252;0;7;0;0;2;3;1;C01
201300037253;0;7;0;0;2;3;1;B01
201300037253;0;30;0;0;2;1;9;A01
201300037254;0;7;0;0;0;9;1;A01
201300037255;0;7;0;6;2;1;1;A01
201300037255;0;7;0;1;2;3;15;B01
201300037256;0;7;0;0;2;1;1;B01
201300037256;0;7;0;0;2;1;1;A01
201300037257;0;30;0;0;0;5;1;A01
201300037258;0;30;0;0;0;7;1;A01
201300037259;0;2;0;0;2;1;17;A01
201300037259;0;7;0;0;2;3;15;B01
201300037260;0;10;0;3;0;7;1;A01
201300037261;0;10;0;0;2;2;9;A01
201300037261;0;31;0;0;2;1;1;B01
201300037262;0;7;0;0;2;5;1;B01
201300037262;0;7;0;0;2;6;9;A01
201300037263;0;7;0;0;2;1;2;A01
201300037263;0;7;0;0;2;4;2;B01
201300037264;0;10;0;0;1;2;1;A01
201300037265;0;7;0;0;2;1;2;A01
201300037265;0;7;0;0;2;4;2;B01
201300037266;0;2;0;0;0;7;1;A01
201300037267;0;7;0;0;2;5;15;A01
201300037267;0;7;0;0;2;1;1;B01
201300037268;0;2;0;0;2;2;12;A01
201300037268;0;7;0;0;2;3;1;B01
201300037269;0;7;0;0;2;1;9;A01
201300037269;0;7;0;0;2;2;1;B01
201300037270;0;2;0;0;2;1;1;B01
201300037270;0;7;0;0;2;2;15;A01
201300037271;0;7;0;0;2;2;1;B01
201300037271;0;7;0;0;2;3;1;A01
201300037272;0;7;0;0;2;1;2;A01
201300037272;0;7;0;0;2;4;23;B01
201300037272;0;7;0;0;2;4;23;C01
201300037273;0;30;0;0;0;8;21;A01
201300037274;0;7;0;0;1;2;1;A01
201300037275;0;30;0;0;2;1;2;A01
201300037275;0;7;0;0;2;5;1;B01
201300037276;0;32;0;0;0;7;21;A01
201300037277;0;7;0;0;2;1;1;A01
201300037277;0;33;0;0;2;7;0;B01
201300037278;0;7;0;0;2;7;1;A01
201300037278;0;7;0;0;2;1;1;B01
201300037279;0;7;0;0;2;1;1;B01
201300037279;0;7;0;0;2;1;15;A01
201300037280;0;30;0;0;0;8;0;A01
201300037281;0;10;0;0;2;3;9;A01
201300037281;0;14;0;0;2;7;1;B01
201300037281;0;15;0;0;2;8;1;C01
201300037282;0;33;0;0;2;7;1;A01
201300037282;1;99;0;0;2;3;0;Z01
201300037283;0;2;0;12;0;7;1;A01
201300037284;0;7;0;0;2;1;1;A01
201300037284;0;7;0;0;0;4;2;B01
201300037285;0;7;0;0;1;1;1;A01
201300037286;0;7;0;0;2;4;0;E01
201300037286;0;7;0;4;0;1;1;A01
201300037286;0;7;0;0;2;1;0;F02
201300037286;0;7;0;0;2;1;0;D01
201300037286;0;7;0;0;2;4;23;B01
201300037286;0;7;0;0;2;1;0;C01
201300037287;0;15;0;0;2;2;2;A01
201300037287;0;7;0;0;2;4;2;B01
201300037288;0;33;0;0;2;1;2;A01
201300037288;0;7;0;0;2;5;23;B01
201300037289;0;30;0;0;2;1;2;A01
201300037289;0;7;0;0;2;2;20;B01
201300037290;0;7;0;2;0;9;1;A01
201300037291;0;7;0;0;2;3;1;C01
201300037291;0;10;0;0;2;1;5;A01
201300037291;0;7;0;0;2;1;1;B01
201300037292;0;30;0;8;0;1;1;A01
201300037293;0;32;0;0;2;1;2;A01
201300037293;0;7;0;0;2;4;2;B01
201300037294;0;7;0;0;2;1;1;A01
201300037294;0;7;0;0;2;7;1;B01
201300037295;0;2;0;0;2;1;2;A01
201300037295;0;7;0;0;2;6;2;B01
201300037296;0;10;0;0;1;2;1;A01
201300037297;0;7;0;0;2;3;1;B01
201300037297;0;10;0;0;2;1;1;A01
201300037298;0;7;0;13;0;1;1;A01
201300037299;0;7;0;3;0;1;1;A01
201300037300;0;2;0;0;0;8;0;A01
201300037301;0;2;0;0;0;1;1;A01
201300037302;0;7;0;0;2;1;2;A01
201300037302;0;7;0;0;2;4;23;B01
201300037302;0;7;0;0;2;4;23;C01
201300037303;0;7;0;0;2;3;11;A01
201300037303;0;33;0;0;2;7;1;B01
201300037304;0;7;0;0;2;4;1;A01
201300037304;1;99;0;0;2;1;9;Z01
201300037305;0;7;0;0;2;8;1;B01
201300037305;0;7;0;0;2;3;1;A01
201300037306;0;7;0;0;2;3;1;B01
201300037306;0;10;0;0;2;1;13;A01
201300037307;0;7;0;6;2;2;1;B01
201300037307;0;7;0;0;2;3;9;A01
201300037308;0;7;0;0;2;2;1;A01
201300037308;1;30;0;0;2;2;0;Z01
201300037309;0;7;0;13;0;9;1;A01
201300037310;0;7;0;0;2;3;15;B01
201300037310;0;33;0;0;2;8;17;A01
201300037311;0;30;0;0;0;0;1;A01
201300037312;0;10;0;0;2;1;2;A01
201300037312;0;7;0;0;2;4;23;B01
201300037312;0;7;0;0;2;4;23;D01
201300037312;0;7;0;0;2;4;23;C01
201300037313;0;7;0;0;2;1;1;A01
201300037313;0;7;0;0;2;1;1;B01
201300037314;0;7;0;6;2;3;9;A01
201300037314;0;7;0;0;2;1;1;B01
201300037315;0;2;0;0;2;8;1;B01
201300037315;0;7;0;0;2;2;14;A01
201300037316;0;7;0;0;1;1;1;A01
201300037317;0;7;0;0;1;3;17;A01
201300037318;0;2;0;0;1;3;17;A01
201300037319;0;15;0;0;2;4;2;B01
201300037319;0;10;0;0;2;4;2;C01
201300037319;0;15;0;0;2;1;2;A01
201300037319;0;7;0;0;2;4;2;D01
201300037320;0;7;0;0;2;1;2;A01
201300037320;0;7;0;0;2;4;23;B01
201300037321;0;1;0;0;0;1;1;B01
201300037321;0;7;0;0;0;0;15;A01
201300037322;0;1;0;0;2;1;1;B01
201300037322;1;7;0;0;2;3;15;Z01
201300037323;0;7;0;1;0;2;0;A01
201300037324;0;7;0;0;2;4;2;B01
201300037324;0;7;0;0;2;4;2;C01
201300037324;0;7;0;0;2;1;2;A01
201300037325;0;7;0;0;2;6;15;B01
201300037325;0;33;0;0;2;1;17;A01
201300037326;0;7;0;0;2;4;2;D01
201300037326;0;7;0;0;2;1;2;A01
201300037326;0;7;0;0;2;4;2;B01
201300037326;0;7;0;0;2;4;2;C01
201300037327;0;7;0;0;1;2;1;A01
201300037328;0;7;0;0;2;7;1;A01
201300037328;0;2;0;0;2;1;1;B01
201300037329;0;7;0;0;2;2;15;A01
201300037329;0;7;0;0;2;2;1;B01
201300037330;0;7;0;0;1;2;21;A01
201300037331;0;7;0;0;2;3;9;A01
201300037331;0;2;0;0;2;7;1;B01
201300037332;0;7;0;0;2;4;2;B01
201300037332;1;7;0;0;2;1;2;Z01
201300037333;0;33;0;0;2;1;1;B01
201300037333;0;7;0;0;2;3;15;A01
201300037334;0;1;0;0;0;0;14;A01
201300037335;0;10;0;0;1;3;1;A01
201300037336;0;2;0;0;2;1;1;B01
201300037336;0;7;0;0;2;8;10;A01
201300037337;0;7;0;0;0;1;1;A01
201300037338;0;2;0;0;2;1;1;A01
201300037338;0;7;0;0;2;3;1;B01
201300037339;0;7;0;0;2;3;9;A01
201300037339;0;7;0;0;2;3;1;B01
201300037340;0;7;0;0;1;2;16;A01
201300037341;0;7;0;0;2;3;1;B01
201300037341;0;7;0;0;2;3;13;A01
201300037342;0;31;0;0;2;1;2;A01
201300037342;0;7;0;0;2;4;23;B01
201300037343;0;33;0;0;0;8;0;A01
201300037344;0;7;0;0;1;3;1;A01
201300037345;0;7;0;0;2;2;15;A01
201300037345;0;7;0;0;2;1;1;B01
201300037346;0;2;0;0;2;7;1;A01
201300037346;0;7;0;0;2;1;1;B01
201300037347;0;7;0;2;0;1;21;A01
201300037348;0;7;0;0;1;6;4;A01
201300037349;0;32;0;0;2;8;15;B01
201300037349;0;7;0;0;2;3;15;A01
201300037350;0;10;0;0;1;4;4;A01
201300037351;0;33;0;1;0;1;1;A01
201300037352;0;7;0;0;2;6;15;B01
201300037352;0;2;0;0;2;1;2;A01
201300037353;0;7;0;0;2;3;9;A01
201300037353;0;7;0;0;2;2;1;B01
201300037354;0;37;10;0;1;2;1;A01
201300037355;0;7;0;0;2;6;1;A01
201300037355;0;2;0;0;2;1;16;B01