num_acc;senc;catv;occutc;obs;obsm;choc;manv;num_veh
201300037356;0;7;0;0;0;3;1;A01
201300037357;0;7;0;0;1;3;1;A01
201300037358;0;7;0;0;2;1;9;A01
201300037358;0;1;0;0;2;1;1;B01
201300037359;0;7;0;0;2;3;1;B01
201300037359;0;1;0;0;2;1;5;A01
201300037360;0;7;0;0;2;3;9;A01
201300037360;0;10;0;0;2;1;1;B01
201300037361;0;7;0;0;2;1;13;A01
201300037361;0;10;0;0;2;3;1;B01
201300037362;0;7;0;0;1;2;1;A01
201300037363;0;7;0;0;1;3;1;A01
201300037364;1;99;0;0;0;0;0;Z01
201300037364;0;30;0;0;2;4;1;A01
201300037365;0;30;0;0;2;1;1;A01
201300037365;0;30;0;0;2;4;2;B01
201300037366;0;7;0;0;1;1;9;A01
201300037367;0;2;0;0;2;1;1;B01
201300037367;0;7;0;0;2;1;9;A01
201300037368;0;7;0;0;1;7;1;A01
201300037369;0;37;1;0;1;7;1;A01
201300037370;0;7;0;4;0;1;1;A01
201300037371;0;2;0;0;2;1;1;B01
201300037371;0;7;0;0;2;2;9;A01
201300037372;0;7;0;0;2;4;23;C01
201300037372;0;7;0;0;2;1;2;A01
201300037372;0;7;0;0;2;4;23;B01
201300037373;0;7;0;0;1;1;1;A01
201300037374;0;7;0;0;2;1;1;B01
201300037374;0;7;0;0;2;2;15;A01
201300037375;0;7;0;0;2;2;1;B01
201300037375;0;7;0;0;2;6;11;A01
201300037376;0;7;0;0;2;4;2;B01
201300037376;0;7;0;0;2;1;2;A01
201300037377;0;7;0;0;2;2;1;A01
201300037377;0;30;0;0;2;1;1;B01
201300037378;0;7;0;0;2;8;9;A01
201300037378;0;7;0;0;2;1;1;B01
201300037379;0;7;0;0;2;2;11;A01
201300037379;0;7;0;0;2;3;1;B01
201300037380;0;7;0;0;2;3;1;B01
201300037380;0;7;0;0;2;3;5;A01
201300037381;0;1;0;0;2;1;1;B01
201300037381;0;7;0;0;2;2;15;A01
201300037382;0;7;0;0;1;7;15;A01
201300037383;0;7;0;0;1;1;1;A01
201300037384;0;33;0;0;2;1;2;A01
201300037384;0;7;0;0;2;4;15;B01
201300037385;0;3;0;12;0;1;1;A01
201300037386;0;7;0;0;2;8;9;A01
201300037386;0;7;0;0;2;1;1;B01
201300037387;0;2;0;0;0;1;1;A01
201300037388;0;7;0;0;2;1;1;B01
201300037388;0;7;0;0;2;8;9;A01
201300037389;0;30;0;0;1;1;1;A01
201300037390;0;7;0;0;2;1;2;A01
201300037390;0;7;0;0;2;4;23;B01
201300037391;0;7;0;0;1;2;1;A01
201300037392;0;7;0;0;1;2;1;A01
201300037393;0;7;0;0;2;8;0;A01
201300037393;0;10;0;0;2;2;1;B01
201300037394;0;1;0;0;0;0;16;A01
201300037395;0;2;0;0;2;1;1;B01
201300037395;0;7;0;0;2;3;9;A01
201300037396;0;30;0;0;2;1;2;A01
201300037396;0;7;0;0;2;6;2;B01
201300037397;0;7;0;0;2;8;10;A01
201300037397;0;33;0;0;2;1;1;B01
201300037398;0;7;0;0;2;3;9;A01
201300037398;0;7;0;0;2;6;1;B01
201300037399;0;7;0;0;2;4;2;B01
201300037399;0;2;0;0;2;1;2;A01
201300037400;0;10;0;13;0;2;1;A01
201300037401;0;7;0;0;2;5;1;B01
201300037401;0;7;0;0;2;4;1;F02
201300037401;0;7;0;0;2;4;1;C01
201300037401;0;10;0;0;2;3;2;D01
201300037401;0;7;0;0;2;3;2;A01
201300037401;0;7;0;0;2;4;1;E01
201300037402;0;7;0;0;1;4;4;A01
201300037403;0;30;0;0;2;1;2;A01
201300037403;0;7;0;0;2;4;23;B01
201300037404;0;7;0;0;1;2;1;A01
201300037405;0;33;0;8;0;2;1;A01
201300037406;0;7;0;0;2;3;1;B01
201300037406;0;7;0;8;0;2;1;A01
201300037407;0;7;0;0;2;1;5;A01
201300037407;0;7;0;0;2;1;1;B01
201300037408;0;7;0;0;2;3;1;C01
201300037408;0;7;0;0;2;7;2;B01
201300037408;0;2;0;0;2;1;16;A01
201300037409;0;7;0;8;0;7;1;A01
201300037410;0;7;0;0;2;1;2;A01
201300037410;0;7;0;0;2;4;2;B01
201300037410;0;7;0;0;2;4;2;C01
201300037411;0;33;0;0;2;1;1;B01
201300037411;0;7;0;0;2;3;9;A01
201300037412;0;7;0;0;2;1;1;A01
201300037412;0;7;0;0;2;4;23;B01
201300037413;0;7;0;6;0;3;1;A01
201300037414;0;7;0;0;1;3;1;A01
201300037415;0;7;0;13;0;2;16;A01
201300037416;0;7;0;16;0;1;14;A01
201300037417;0;3;0;0;2;2;15;A01
201300037417;0;7;0;0;2;3;2;B01
201300037418;0;7;0;0;1;2;1;A01
201300037419;0;7;0;0;1;7;4;A01
201300037420;0;7;0;0;1;7;1;A01
201300037421;0;7;0;0;2;1;13;A01
201300037421;0;7;0;0;2;1;1;B01
201300037422;0;33;0;1;0;1;1;A01
201300037423;0;7;0;0;2;2;1;A01
201300037423;0;1;0;0;2;1;1;B01
201300037424;0;31;0;0;0;8;1;A02
201300037424;0;7;0;;2;8;;B02
201300037425;0;7;0;0;2;1;1;B01
201300037425;0;7;0;0;9;1;9;C01
201300037425;0;2;0;0;2;1;9;A01
201300037426;0;7;0;0;1;3;2;A01
201300037427;0;7;0;2;0;1;1;A01
201300037428;0;7;0;0;1;2;1;A01
201300037429;0;7;0;0;2;3;15;A01
201300037429;0;1;0;0;2;1;1;B01
201300037430;0;7;0;0;1;2;1;A01
201300037431;0;33;0;0;2;1;2;A01
201300037431;0;7;0;0;0;4;2;B01
201300037432;0;7;0;0;1;3;15;A01
201300037433;0;1;0;0;1;1;1;A01
201300037434;0;7;0;0;1;4;4;A01
201300037435;0;33;0;0;0;8;0;A01
201300037436;0;7;0;0;1;1;1;A01
201300037437;0;7;0;0;1;1;1;A01
201300037438;0;7;0;0;2;6;1;A01
201300037438;0;1;0;0;2;1;9;B01
201300037439;0;7;0;8;0;3;1;A01
201300037440;0;7;0;0;1;1;15;A01
201300037441;0;7;0;0;1;3;1;A01
201300037442;0;7;0;0;1;1;9;A01
201300037443;0;7;0;0;2;7;15;A01
201300037443;0;7;0;0;2;1;1;B01
201300037444;0;15;0;0;1;2;1;A01
201300037445;0;7;0;0;2;1;1;B01
201300037445;0;7;0;0;2;1;1;C01
201300037445;0;7;0;0;2;1;5;A01
201300037445;0;7;0;0;2;1;11;D01
201300037446;0;17;0;0;2;1;1;B01
201300037446;0;7;0;0;2;8;15;A01
201300037447;0;1;0;0;0;6;2;B01
201300037447;0;33;0;0;2;2;2;A01
201300037448;0;7;0;15;0;3;1;A01
201300037449;0;7;0;0;1;4;4;A01
201300037450;0;7;0;0;2;1;16;A01
201300037450;0;1;0;0;2;2;0;B01
201300037451;0;7;0;0;2;1;1;A01
201300037451;0;10;0;0;2;1;1;B02
201300037452;0;38;1;0;1;1;1;A01
201300037453;0;7;0;13;0;9;1;A01
201300037454;0;7;0;0;9;4;4;A01
201300037454;0;1;0;0;2;1;1;B01
201300037455;0;7;0;0;0;1;0;B01
201300037455;0;7;0;0;0;4;23;A01
201300037456;0;7;0;15;0;2;1;A01
201300037457;0;7;0;6;0;1;1;A01
201300037458;0;7;0;0;2;3;13;A01
201300037458;0;7;0;0;2;3;1;B01
201300037459;0;2;0;9;0;1;14;A01
201300037460;0;2;0;0;2;1;13;A01
201300037460;0;7;0;0;2;1;1;B01
201300037461;0;17;0;0;2;8;15;A01
201300037461;0;7;0;0;2;1;1;B01
201300037462;0;31;0;13;0;1;1;A01
201300037463;0;33;0;11;0;1;1;A01
201300037464;0;33;0;3;2;1;13;A01
201300037464;0;7;0;0;2;8;1;B01
201300037465;0;7;0;0;2;8;10;A01
201300037465;0;33;0;0;2;1;1;B01
201300037466;0;7;0;4;0;3;1;A01
201300037467;0;7;0;0;1;1;16;A01
201300037468;0;7;0;13;0;9;14;A01
201300037469;0;7;0;0;2;2;15;A01
201300037469;0;2;0;0;2;1;1;B01
201300037470;0;7;0;0;1;2;15;A01
201300037471;0;7;0;0;1;2;1;A01
201300037472;0;2;0;0;2;1;1;B01
201300037472;0;7;0;0;2;1;15;A01
201300037473;0;7;0;0;1;1;0;A01
201300037474;0;3;0;0;1;4;4;A01
201300037475;0;7;0;0;1;3;0;A01
201300037475;0;7;0;0;1;2;0;B01
201300037476;0;7;0;0;2;8;10;A01
201300037476;0;30;0;0;2;1;1;B01
201300037477;0;7;0;12;2;2;1;B01
201300037477;0;1;0;0;2;1;0;A01
201300037478;0;30;0;0;2;1;1;A01
201300037478;0;7;0;0;2;8;1;B01
201300037479;0;7;0;0;2;8;15;A01
201300037479;0;33;0;0;2;1;17;B01
201300037480;0;7;0;0;2;1;0;A01
201300037480;0;30;0;0;2;1;0;B01
201300037481;0;33;0;0;2;1;1;A01
201300037481;0;7;0;0;2;4;1;B01
201300037482;0;30;0;0;2;1;13;A01
201300037482;0;7;0;0;2;1;0;B01
201300037483;0;33;0;6;0;1;1;A01
201300037484;0;2;0;0;1;1;0;A01
201300037485;0;33;0;0;2;1;0;B01
201300037485;0;7;0;0;2;6;15;A01
201300037486;0;17;0;3;2;3;1;A01
201300037486;0;7;0;0;2;8;1;B01
201300037487;0;7;0;0;2;1;15;A01
201300037487;0;33;0;0;2;1;1;B01
201300037488;0;7;0;0;1;2;1;A01
201300037489;0;7;0;0;1;4;20;A01
201300037490;0;7;0;0;1;2;16;A01
201300037491;0;7;0;0;1;3;1;A01
201300037492;0;3;0;0;1;1;1;A01
201300037493;0;7;0;0;1;1;1;A01
201300037494;0;7;0;0;1;1;14;A01
201300037495;0;31;0;1;0;1;1;A01
201300037496;0;7;0;0;2;0;15;A01
201300037496;0;7;0;0;2;0;1;B01
201300037497;0;2;0;0;2;1;1;A01
201300037497;0;7;0;0;2;2;1;B01
201300037498;0;33;0;0;2;1;1;A01
201300037498;0;7;0;0;2;4;1;B01
201300037499;0;7;0;0;1;4;4;A01
201300037500;0;10;0;0;1;2;1;A01
201300037501;0;1;0;0;2;1;1;A01
201300037501;0;7;0;0;2;2;1;B01
201300037502;0;7;0;0;2;1;16;A01
201300037502;0;1;0;0;2;8;1;B01
201300037503;0;7;0;0;2;3;10;A01
201300037503;0;33;0;0;2;1;1;B01
201300037504;0;37;1;0;1;5;16;A01
201300037505;0;30;0;1;0;1;0;A01
201300037506;0;7;0;0;2;2;17;A01
201300037506;0;31;0;0;2;1;1;B01
201300037507;0;7;0;0;2;1;1;A01
201300037507;0;1;0;0;2;1;1;B01
201300037508;0;7;0;0;2;2;1;B01
201300037508;0;1;0;0;2;3;16;A01
201300037509;0;7;0;1;0;0;1;A01
201300037510;0;33;0;0;2;1;2;A01
201300037510;0;7;0;0;2;8;20;B01
201300037511;0;7;0;8;0;2;14;A01
201300037512;0;2;0;1;0;1;1;A01
201300037513;0;7;0;0;2;1;2;A01
201300037513;0;7;0;0;2;4;23;B01
201300037514;0;7;0;0;2;1;19;A01
201300037514;0;7;0;0;2;2;15;B01
201300037515;0;7;0;0;2;1;19;B01
201300037515;0;3;0;0;2;5;19;A01
201300037516;0;7;0;13;0;2;1;A01
201300037517;0;7;0;0;2;1;0;A01
201300037517;0;7;0;0;2;1;0;B01
201300037518;0;7;0;0;2;2;1;A01
201300037518;0;7;0;0;0;5;1;B01
201300037518;0;30;0;0;2;9;1;C01
201300037519;0;7;0;0;2;6;10;A01
201300037519;0;2;0;0;2;1;1;B01
201300037520;0;7;0;0;0;7;0;A01
201300037520;0;7;0;0;2;1;1;B01
201300037521;0;7;0;0;2;1;1;A01
201300037521;1;99;0;;0;0;;B01
201300037522;0;7;0;0;2;1;1;A01
201300037522;0;7;0;0;0;4;23;B01
201300037523;0;7;0;0;0;4;2;A01
201300037523;0;7;0;0;2;1;2;B01
201300037523;0;7;0;0;2;1;2;C01
201300037524;0;7;0;0;2;4;23;B01
201300037524;0;7;0;0;2;1;1;A01
201300037525;0;10;0;0;2;2;1;A01
201300037525;0;7;0;0;2;1;1;B01
201300037526;0;7;0;0;1;8;15;A01
201300037527;0;13;0;0;2;1;2;A01
201300037527;0;7;0;0;0;4;2;B01
201300037528;0;14;0;0;1;2;0;A01
201300037529;0;7;0;0;1;1;1;A01
201300037530;0;7;0;0;2;1;0;A01
201300037530;0;7;0;0;2;0;2;C01
201300037530;0;7;0;0;2;9;2;B01
201300037531;0;7;0;0;2;1;5;A01
201300037531;0;7;0;0;2;1;1;B01
201300037532;1;7;0;0;2;0;15;B01
201300037532;0;7;0;0;2;3;1;A01
201300037533;0;7;0;13;0;2;1;A01
201300037534;0;7;0;0;2;1;0;B01
201300037534;0;7;0;0;2;1;1;A01
201300037535;0;7;0;0;1;1;15;A01
201300037536;0;7;0;0;2;1;0;B01
201300037536;0;7;0;0;2;2;13;A01
201300037537;1;99;0;0;1;2;0;A01
201300037538;0;7;0;2;0;1;13;A01
201300037539;0;7;0;0;2;0;0;B01
201300037539;0;7;0;0;2;0;0;A01
201300037540;0;7;0;0;2;1;2;A01
201300037540;0;32;0;0;0;4;2;B01
201300037541;0;1;0;0;2;1;2;A01
201300037541;0;7;0;0;2;4;2;B01
201300037542;0;7;0;0;2;7;1;A01
201300037542;0;7;0;0;2;1;1;B01
201300037543;0;7;0;1;0;2;0;A01
201300037544;0;7;0;0;2;3;0;A01
201300037544;0;7;0;0;2;5;1;B01
201300037545;0;7;0;0;2;1;0;B01
201300037545;0;7;0;0;2;1;6;A01
201300037546;0;7;0;0;1;0;0;A01
201300037547;0;7;0;0;1;2;0;A01
201300037548;0;7;0;0;2;1;16;A01
201300037548;0;7;0;0;2;6;0;B01
201300037549;0;7;0;0;2;1;1;A01
201300037549;0;7;0;0;0;4;1;B01
201300037550;0;30;0;0;0;1;0;A01
201300037551;0;33;0;0;2;1;1;A01
201300037551;0;7;0;0;0;6;1;B01
201300037552;0;1;0;0;2;8;15;B01
201300037552;0;33;0;0;9;1;1;A01
201300037553;0;7;0;0;1;1;14;A01
201300037554;0;7;0;6;0;1;0;A01
201300037555;0;7;0;0;1;2;1;A01
201300037556;0;7;0;0;9;3;15;A01
201300037556;0;33;0;0;2;7;2;B01
201300037557;0;7;0;0;2;2;0;A01
201300037557;0;7;0;0;2;1;0;B01
201300037558;0;7;0;0;2;4;1;A01
201300037558;0;7;0;0;2;1;2;B01
201300037559;0;7;0;0;2;2;12;A01
201300037559;0;7;0;0;2;3;1;B01
201300037560;0;7;0;0;1;4;9;A01
201300037561;0;1;0;8;0;0;0;A01
201300037562;0;7;0;0;2;1;0;A01
201300037562;0;7;0;0;2;0;0;B01
201300037563;0;7;0;0;0;9;0;A01
201300037564;0;2;0;0;0;0;0;A01
201300037565;0;7;0;0;0;0;0;A01
201300037566;0;33;0;1;0;0;0;A01
201300037567;0;2;0;0;0;1;0;A01
201300037568;0;7;0;0;2;1;2;A01
201300037568;0;7;0;0;0;4;23;B01
201300037569;0;7;0;0;2;2;0;A01
201300037569;0;7;0;0;2;8;0;B01
201300037570;0;7;0;0;2;3;15;A01
201300037570;0;1;0;0;2;1;0;B01
201300037571;0;7;0;0;2;1;9;A01
201300037571;0;7;0;0;2;1;0;B01
201300037572;0;7;0;0;0;1;0;A01
201300037573;0;33;0;0;2;1;1;A01
201300037573;0;7;0;0;2;7;10;B01
201300037574;0;2;0;0;0;0;0;A01
201300037575;0;3;0;16;0;0;20;A01
201300037576;0;7;0;0;2;3;0;A01
201300037576;0;33;0;0;2;1;0;B01
201300037577;0;7;0;0;2;1;15;A01
201300037577;0;1;0;0;2;7;19;B01
201300037578;0;7;0;0;0;7;1;A01
201300037579;0;7;0;0;2;7;11;A01
201300037579;0;7;0;0;2;1;1;B01
201300037580;0;7;0;0;9;2;15;A01
201300037580;0;1;0;0;2;1;1;B01
201300037581;0;7;0;0;2;1;9;A01
201300037581;0;7;0;14;2;2;1;B01
201300037582;0;1;0;0;1;8;0;A01
201300037583;0;7;0;0;2;4;4;A01
201300037583;0;7;0;0;2;7;0;B01
201300037584;0;33;0;0;2;1;1;B01
201300037584;0;7;0;0;2;0;1;A01
201300037585;0;33;0;0;2;6;0;B01
201300037585;0;7;0;0;2;3;15;A01
201300037586;1;31;0;2;0;1;0;A01
201300037587;0;31;0;0;2;7;17;A01
201300037587;0;13;0;0;2;8;15;B01
201300037588;0;7;0;0;1;2;16;A01
201300037589;0;7;0;0;1;1;0;A01
201300037590;0;1;0;0;0;0;9;B01
201300037590;0;7;0;0;9;1;9;A01
201300037591;0;7;0;0;1;8;4;A01
201300037592;1;99;0;0;0;0;0;B01
201300037592;0;30;0;0;0;8;0;A01
201300037593;0;31;0;0;2;1;1;A01
201300037593;0;7;0;0;2;4;1;B01
201300037594;1;99;0;0;1;0;0;A01
201300037595;0;7;0;0;1;6;4;A01
201300037596;0;7;0;0;2;1;0;A01
201300037596;0;7;0;0;2;3;0;B01
201300037597;0;1;0;0;2;2;0;B01
201300037597;0;7;0;0;2;8;0;A01
201300037598;0;7;0;0;2;8;9;A01
201300037598;0;33;0;0;2;1;1;B01
201300037599;0;33;0;0;2;7;0;B01
201300037599;0;7;0;0;2;0;11;A01
201300037600;0;7;0;0;2;1;1;C01
201300037600;0;7;0;0;2;3;13;A01
201300037600;0;7;0;0;2;6;1;B01
201300037601;0;7;0;6;0;2;16;A01
201300037602;0;7;0;0;2;2;1;B01
201300037602;0;7;0;0;2;2;0;A01
201300037603;0;33;0;0;0;8;21;A01
201300037604;0;7;0;0;2;8;0;B01
201300037604;0;7;0;0;2;2;15;A01
201300037605;0;7;0;0;2;7;1;B01
201300037606;0;7;0;0;0;3;0;A01
201300037606;0;7;0;0;2;1;0;B01
201300037607;0;7;0;0;2;3;1;B01
201300037607;0;7;0;0;2;2;15;A01
201300037607;0;7;0;0;2;8;23;C01
201300037608;0;7;0;0;2;1;0;A01
201300037608;0;7;0;0;2;4;0;B01
201300037609;0;2;0;0;2;1;9;A01
201300037609;0;7;0;0;2;5;9;B01
201300037610;0;7;0;0;2;1;1;A01
201300037610;0;7;0;0;2;4;2;B01
201300037611;0;7;0;0;2;4;23;B01
201300037611;0;7;0;14;0;1;2;A01
201300037612;0;7;0;0;2;3;0;B01
201300037612;0;7;0;0;2;1;0;A01
201300037613;0;33;0;0;2;1;2;A01
201300037613;0;37;2;0;2;4;2;B01
201300037614;0;1;0;0;2;0;0;A01
201300037615;0;7;0;0;2;1;0;A01
201300037615;1;35;0;0;2;1;1;B01
201300037616;0;7;0;0;2;1;2;A01
201300037616;0;7;0;0;2;4;2;B01
201300037616;0;7;0;0;2;4;2;C01
201300037617;2;7;0;8;2;1;2;A01
201300037617;0;7;0;0;2;4;1;B01
201300037618;0;7;0;0;2;4;2;B01
201300037618;0;7;0;0;2;1;2;A01
201300037619;1;99;0;0;1;2;0;A01
201300037620;0;7;0;0;1;1;1;A01
201300037621;0;7;0;0;1;1;0;A01
201300037622;0;7;0;0;2;3;15;B01
201300037622;0;31;0;0;2;1;17;A01
201300037623;0;7;0;0;2;3;5;A01
201300037623;0;7;0;0;2;3;1;B01
201300037624;0;13;0;0;2;6;2;B01
201300037624;0;7;0;0;2;2;2;A01
201300037625;0;30;0;0;0;0;0;A01
201300037626;0;7;0;0;2;1;9;A01
201300037626;0;7;0;0;0;5;0;B01
201300037627;0;7;0;0;1;3;0;A01
201300037628;0;7;0;0;2;3;11;B01
201300037628;0;31;0;0;2;9;0;A01
201300037629;0;33;0;0;2;7;0;B01
201300037629;0;7;0;0;2;3;11;A01
201300037630;0;7;0;0;1;7;0;A01
201300037631;0;32;0;0;2;1;2;A01
201300037631;0;7;0;0;2;4;2;B01
201300037632;0;7;0;0;0;1;0;A01
201300037633;0;7;0;0;2;7;1;B01
201300037633;1;7;0;0;2;1;0;A01
201300037634;0;7;0;0;2;3;1;B01
201300037634;0;7;0;0;2;2;14;A01
201300037635;0;7;0;0;2;3;2;A01
201300037635;0;2;0;0;2;4;2;B01
201300037636;0;33;0;0;2;1;1;B01
201300037636;0;7;0;0;2;3;0;A01
201300037637;0;7;0;0;1;7;1;A01
201300037638;0;7;0;0;1;2;19;A01
201300037639;0;1;0;0;2;1;15;B01
201300037639;0;7;0;0;2;1;1;A01
201300037640;0;7;0;0;0;3;1;A01
201300037640;0;10;0;0;0;2;0;B01
201300037641;0;37;1;0;9;0;0;A01
201300037641;0;1;0;0;2;1;0;B01
201300037642;0;7;0;8;0;1;15;A01
201300037643;0;7;0;0;2;1;0;B01
201300037643;0;7;0;0;2;1;0;A01
201300037643;0;7;0;0;2;4;23;C01
201300037644;0;7;0;0;0;1;2;A01
201300037644;0;7;0;0;0;4;2;B01
201300037645;0;1;0;0;2;1;0;A01
201300037645;0;7;0;0;2;7;0;B01
201300037646;0;7;0;9;0;2;0;A01
201300037647;0;33;0;0;2;7;1;A01
201300037647;0;7;0;0;2;2;15;B01
201300037648;0;7;0;0;0;1;2;B01
201300037648;0;7;0;0;0;3;15;A01
201300037649;0;7;0;0;1;2;1;A01
201300037650;0;7;0;0;1;3;1;A01
201300037651;0;7;0;0;1;1;0;A01
201300037652;0;7;0;0;1;4;4;A01
201300037653;0;7;0;0;1;2;1;A01
201300037654;0;7;0;0;2;1;0;A01
201300037654;0;7;0;0;2;6;0;B01
201300037655;0;7;0;2;0;2;1;A01
201300037656;0;7;0;0;1;1;1;A01
201300037657;0;7;0;0;1;2;0;A01
201300037658;0;7;0;0;1;1;1;A01
201300037659;0;7;0;0;0;1;2;A01
201300037659;0;7;0;0;0;4;23;B01
201300037659;0;7;0;0;0;4;23;C01
201300037660;0;7;0;0;0;1;1;B01
201300037660;0;7;0;0;0;1;9;A01
201300037661;0;7;0;0;1;1;1;A01
201300037662;0;7;0;0;2;2;5;A01
201300037662;0;7;0;0;2;7;2;B01
201300037663;0;30;0;0;2;0;2;A01
201300037664;2;7;0;0;2;1;1;A01
201300037664;0;7;0;0;2;1;1;B01
201300037664;0;7;0;0;0;4;2;C01
201300037665;0;7;0;0;0;3;15;A01
201300037665;0;30;0;0;0;1;1;B01
201300037666;0;7;0;0;2;3;11;A01
201300037666;0;7;0;0;2;2;1;B01
201300037667;0;37;25;0;1;5;4;A01
201300037668;0;7;0;0;2;4;2;C01
201300037668;0;7;0;0;2;4;2;B01
201300037668;0;7;0;0;2;1;1;A01
201300037669;0;37;1;0;2;2;1;A01
201300037669;0;38;1;0;2;3;1;B01
201300037670;0;7;0;0;1;2;1;A01
201300037671;0;7;0;0;2;1;1;A01
201300037671;0;7;0;0;2;4;2;B01
201300037672;0;7;0;0;2;4;1;B01
201300037672;0;7;0;0;2;1;12;A01
201300037673;0;7;0;0;2;1;9;A01
201300037673;0;33;0;0;2;9;1;B01
201300037674;0;33;0;0;1;1;1;A01
201300037675;0;33;0;0;2;9;1;A01
201300037675;0;7;0;0;2;4;12;B01
201300037676;0;7;0;0;1;1;1;A01
201300037677;0;7;0;0;2;4;9;A01
201300037677;0;7;0;0;2;2;1;B01
201300037678;0;7;0;0;1;1;1;A01
201300037679;0;7;0;1;2;2;16;B01
201300037679;0;7;0;0;2;1;1;A01
201300037680;0;34;0;0;2;4;2;B01
201300037680;0;7;0;0;2;1;1;A01
201300037681;0;7;0;0;1;1;1;A01
201300037682;0;7;0;0;2;3;15;B01
201300037682;0;31;0;0;2;1;17;A01
201300037683;0;1;0;0;2;1;1;B01
201300037683;0;7;0;0;2;3;1;A01
201300037684;0;7;0;0;1;6;4;A01
201300037685;0;7;0;0;2;4;2;B01
201300037685;0;32;0;0;2;1;1;A01
201300037686;0;7;0;0;2;9;13;A01
201300037686;0;7;0;0;2;1;1;B01
201300037687;0;7;0;0;2;1;15;A01
201300037687;0;34;0;0;2;1;1;B01
201300037688;0;7;0;5;2;1;1;A01
201300037688;0;7;0;5;2;4;2;B01
201300037689;0;7;0;0;2;1;1;A01
201300037689;0;10;0;0;2;4;2;B01
201300037690;0;7;0;0;2;4;2;B01
201300037690;0;7;0;0;2;1;1;A01
201300037691;0;7;0;0;2;1;1;A01
201300037691;0;7;0;0;2;4;2;B01
201300037692;0;7;0;0;2;1;1;A01
201300037692;0;7;0;0;2;4;2;B01
201300037693;0;7;0;0;2;4;2;C01
201300037693;0;7;0;0;2;4;2;D01
201300037693;0;7;0;0;2;1;1;A01
201300037693;0;7;0;0;2;4;2;B01
201300037694;0;33;0;0;2;1;1;B01
201300037694;0;7;0;0;2;1;1;A01
201300037695;0;7;0;0;2;4;2;B01
201300037695;0;7;0;0;2;1;1;A01
201300037696;0;7;0;1;0;1;1;A01
201300037697;0;7;0;0;1;1;1;A01
201300037698;0;7;0;0;2;1;13;A01
201300037698;0;7;0;0;2;1;1;B01
201300037699;0;7;0;0;2;1;2;C01
201300037699;0;13;0;0;2;4;1;A01
201300037699;0;13;0;0;2;4;2;B01
201300037700;0;33;0;0;2;1;1;A01
201300037700;0;7;0;0;2;4;1;B01
201300037701;0;7;0;0;2;4;1;B01
201300037701;0;7;0;0;2;1;1;A01
201300037702;0;33;0;0;2;4;1;B01
201300037702;0;33;0;0;2;1;1;A01
201300037703;0;7;0;0;2;8;9;A01
201300037703;0;1;0;0;2;1;2;B01
201300037704;0;7;0;0;2;9;1;B01
201300037704;0;7;0;0;2;1;1;A01
201300037705;0;7;0;0;2;4;1;A01
201300037705;0;7;0;0;2;1;2;B01
201300037706;0;7;0;0;1;2;1;A01
201300037707;0;30;0;0;2;1;1;A01
201300037707;0;7;0;0;2;3;1;B01
201300037708;0;7;0;0;2;8;1;A01
201300037708;0;7;0;0;2;7;1;B01
201300037709;0;7;0;0;2;4;2;C01
201300037709;0;33;0;0;2;1;2;B01
201300037709;0;33;0;0;2;9;1;A01
201300037710;0;7;0;0;2;0;1;A01
201300037710;0;7;0;0;2;0;1;B01
201300037711;0;30;0;0;1;1;1;A01
201300037712;0;7;0;0;2;7;1;B01
201300037712;0;7;0;0;2;8;13;A01
201300037713;0;33;0;0;2;1;1;B01
201300037713;0;7;0;0;2;7;14;A01
201300037714;0;7;0;1;0;1;14;A01
201300037715;0;33;0;0;2;3;1;B01
201300037715;0;7;0;0;2;5;12;A01
201300037716;0;7;0;0;2;4;2;B01
201300037716;1;7;0;0;2;1;1;A01
201300037717;0;7;0;0;2;1;2;D01
201300037717;0;37;1;0;2;4;2;B01
201300037717;0;7;0;0;2;9;2;C01
201300037717;0;7;0;0;2;4;1;A01
201300037718;0;2;0;0;2;1;1;A01
201300037718;0;7;0;0;2;4;2;B01
201300037719;0;14;0;0;2;1;2;B01
201300037719;0;7;0;0;2;4;1;A01
201300037720;0;7;0;0;2;8;9;A01
201300037720;0;33;0;0;2;7;1;B01
201300037721;0;30;0;0;2;7;0;A01
201300037721;0;7;0;0;2;8;1;B01
201300037722;0;7;0;0;2;1;1;B01
201300037722;0;7;0;0;2;7;15;A01
201300037723;0;7;0;0;1;2;1;A01
201300037724;0;1;0;0;2;8;15;A01
201300037724;0;7;0;0;2;1;17;B01
201300037725;0;7;0;0;2;4;2;D01
201300037725;0;7;0;0;2;4;2;C01
201300037725;0;7;0;0;2;4;2;B01
201300037725;0;7;0;0;2;1;1;A01
201300037726;0;1;0;0;2;0;1;B01
201300037726;0;7;0;0;2;3;9;A01
201300037727;0;7;0;0;2;3;1;B01
201300037727;0;7;0;0;2;2;1;A01
201300037728;0;7;0;0;2;1;5;A01
201300037728;0;7;0;0;2;1;1;B01
201300037729;0;7;0;0;2;1;1;A01
201300037729;0;7;0;0;2;4;2;B01
201300037729;0;7;0;0;2;4;2;C01
201300037729;0;7;0;0;2;4;2;D01
201300037730;0;7;0;0;2;3;9;A01
201300037730;0;7;0;0;2;3;1;B01
201300037731;0;7;0;0;2;9;1;C01
201300037731;0;7;0;0;2;1;1;B01
201300037731;0;7;0;0;2;8;9;A01
201300037732;0;7;0;0;2;1;20;A01
201300037732;0;33;0;0;2;9;1;B01
201300037733;0;7;0;0;1;1;1;A01
201300037734;0;7;0;0;1;4;4;A01
201300037735;0;33;0;0;2;1;1;A01
201300037735;0;7;0;0;2;4;23;C01