num_acc;senc;catv;occutc;obs;obsm;choc;manv;num_veh
201300038493;0;7;0;0;2;1;1;A01
201300038494;0;7;0;0;1;3;1;A01
201300038495;0;10;0;0;2;2;16;A01
201300038495;0;7;0;0;2;5;23;B01
201300038495;0;10;0;0;0;4;23;C01
201300038496;0;33;0;11;0;1;1;A01
201300038497;0;7;0;1;0;1;1;A01
201300038498;0;34;0;0;1;1;1;A01
201300038499;0;7;0;0;1;1;1;A01
201300038500;0;32;0;0;2;4;1;B01
201300038500;0;7;0;0;2;6;1;C01
201300038500;0;7;0;0;2;1;1;A01
201300038501;0;30;0;0;2;1;1;B01
201300038501;0;7;0;0;2;3;15;A01
201300038502;0;2;0;0;2;1;1;B01
201300038502;0;7;0;0;2;3;9;A01
201300038503;0;32;0;0;1;1;1;A01
201300038504;0;30;0;0;2;1;3;A01
201300038504;0;7;0;0;2;8;15;B01
201300038505;0;7;0;0;2;8;1;B01
201300038505;0;33;0;0;2;1;1;A01
201300038506;0;30;0;0;2;0;1;B01
201300038506;0;7;0;0;2;1;15;A01
201300038507;0;1;0;0;2;1;1;A01
201300038507;0;34;0;0;2;1;1;B01
201300038508;0;7;0;0;1;2;1;A01
201300038509;0;7;0;0;2;3;9;A01
201300038509;0;33;0;0;2;2;1;B01
201300038510;0;7;0;0;1;1;16;A01
201300038511;0;7;0;0;1;3;1;A01
201300038512;0;10;0;0;2;8;10;A01
201300038512;0;32;0;0;2;1;1;B01
201300038513;0;7;0;0;1;1;1;A01
201300038514;0;37;1;0;1;3;1;A01
201300038515;0;7;0;0;1;1;15;A01
201300038516;0;32;0;0;1;8;1;A01
201300038517;0;10;0;0;2;4;15;B01
201300038517;0;33;0;0;2;0;3;A01
201300038517;0;15;0;0;2;7;0;C01
201300038518;0;7;0;0;2;1;1;B01
201300038518;0;7;0;0;2;7;1;A01
201300038519;0;7;0;0;2;8;15;A01
201300038519;0;32;0;0;2;7;15;B01
201300038520;0;1;0;0;2;1;1;B01
201300038520;0;7;0;0;2;3;1;A01
201300038521;0;32;0;0;0;0;21;A01
201300038522;0;30;0;0;2;0;1;A01
201300038522;1;7;0;0;2;0;0;B01
201300038523;0;34;0;0;2;1;9;A01
201300038523;0;7;0;0;2;6;23;B01
201300038524;0;7;0;0;1;1;1;A01
201300038525;0;33;0;1;0;1;2;B01
201300038525;0;7;0;0;2;4;23;A01
201300038526;0;30;0;0;2;7;17;B01
201300038526;0;7;0;0;2;8;15;A01
201300038527;0;10;0;0;1;3;15;A01
201300038528;0;7;0;0;1;2;1;A01
201300038529;0;32;0;1;0;7;1;B01
201300038529;0;7;0;0;2;8;22;A01
201300038530;0;7;0;0;1;2;16;A01
201300038531;0;2;0;0;2;7;1;B01
201300038531;0;7;0;0;2;8;1;A01
201300038532;0;7;0;0;1;7;1;A01
201300038533;0;30;0;0;2;1;0;B01
201300038533;0;30;0;0;2;8;1;A01
201300038534;0;7;0;8;2;1;1;A01
201300038534;0;7;0;0;2;2;1;B01
201300038535;0;7;0;0;1;1;1;A01
201300038536;0;31;0;0;0;2;1;A01
201300038537;0;7;0;0;1;1;1;A01
201300038538;0;7;0;0;2;4;11;A01
201300038538;0;33;0;0;2;1;1;B01
201300038539;0;7;0;0;1;5;4;A01
201300038540;0;7;0;0;2;6;2;B01
201300038540;0;7;0;0;2;2;1;A01
201300038541;0;33;0;0;1;2;1;A01
201300038542;0;32;0;0;2;1;1;A01
201300038542;0;7;0;0;2;7;15;B01
201300038543;0;7;0;0;2;1;5;B01
201300038543;0;1;0;0;2;1;21;A01
201300038544;1;7;0;0;1;0;0;Z01
201300038545;0;32;0;0;2;1;2;A01
201300038545;0;7;0;0;2;4;2;B01
201300038546;0;10;0;0;2;7;14;A01
201300038546;0;30;0;0;2;8;18;B01
201300038547;0;7;0;0;1;2;1;A01
201300038548;0;31;0;0;2;7;1;A01
201300038548;0;7;0;0;2;8;15;B01
201300038549;1;1;0;0;1;1;1;Z01
201300038550;0;30;0;0;2;1;13;A01
201300038550;0;37;1;0;2;7;1;B01
201300038551;0;1;0;0;2;7;19;A01
201300038551;0;33;0;0;2;1;1;B01
201300038552;0;7;0;0;2;7;22;A01
201300038552;0;1;0;1;0;1;1;B01
201300038553;0;1;0;0;2;7;1;B01
201300038553;0;7;0;0;2;1;1;A01
201300038554;0;7;0;0;2;3;15;A01
201300038554;0;30;0;0;2;1;1;B01
201300038555;0;14;0;0;2;3;1;A01
201300038555;0;7;0;0;2;2;1;B01
201300038556;1;7;0;0;2;7;17;Z01
201300038556;0;32;0;0;2;1;17;B01
201300038557;0;7;0;0;2;1;5;A01
201300038557;0;32;0;0;2;1;1;B01
201300038558;0;10;0;1;0;2;1;A01
201300038559;0;34;0;0;2;3;1;A01
201300038559;0;7;0;0;2;6;15;B01
201300038560;0;34;0;0;2;1;1;A01
201300038560;0;7;0;0;2;6;15;B01
201300038561;0;7;0;1;0;0;1;A01
201300038562;0;7;0;0;2;6;9;A01
201300038562;0;32;0;0;2;7;3;B01
201300038563;0;7;0;0;2;5;2;B01
201300038563;0;7;0;0;2;1;2;A01
201300038564;0;32;0;0;2;8;15;A01
201300038564;0;15;0;0;2;2;1;B01
201300038565;0;7;0;0;1;3;1;A01
201300038566;0;30;0;0;2;8;1;B01
201300038566;0;7;0;0;2;2;1;A01
201300038567;0;34;0;0;1;7;1;A01
201300038568;0;32;0;14;0;1;6;A01
201300038569;0;30;0;12;0;7;1;A01
201300038570;0;31;0;0;2;7;17;B01
201300038570;0;7;0;0;2;1;15;A01
201300038571;0;30;0;0;0;8;15;A01
201300038572;0;30;0;0;0;7;0;A01
201300038573;0;33;0;0;2;4;2;B01
201300038573;0;7;0;0;2;1;2;A01
201300038574;0;7;0;0;2;4;2;B01
201300038574;0;31;0;0;2;1;2;A01
201300038575;0;13;0;0;2;3;1;C01
201300038575;0;7;0;0;2;5;1;B01
201300038575;0;33;0;0;2;3;12;A01
201300038576;0;30;0;0;2;4;1;B01
201300038576;0;7;0;0;2;1;1;A01
201300038577;0;31;0;0;0;0;0;A01
201300038578;1;15;0;0;2;8;17;Z01
201300038578;0;1;0;0;2;7;1;A01
201300038579;0;30;0;0;2;1;1;A01
201300038579;0;7;0;0;2;1;1;B01
201300038580;0;7;0;0;2;1;15;B01
201300038580;0;34;0;0;2;1;1;A01
201300038581;0;7;0;0;2;3;9;A01
201300038581;0;34;0;0;2;7;1;B01
201300038582;0;7;0;14;0;2;1;A01
201300038583;0;30;0;3;0;1;1;A01
201300038584;0;37;40;0;1;1;1;A01
201300038585;0;30;0;0;0;1;1;A01
201300038586;0;7;0;0;2;5;4;A01
201300038586;0;30;0;0;2;2;1;B01
201300038587;0;7;0;0;2;4;1;C01
201300038587;0;32;0;0;2;7;1;B01
201300038587;0;7;0;0;2;8;11;A01
201300038588;0;7;0;0;1;8;15;A01
201300038589;0;34;0;0;1;1;1;A01
201300038590;0;33;0;0;2;7;1;A01
201300038590;0;7;0;0;2;1;1;B01
201300038591;0;2;0;0;9;1;1;A01
201300038592;0;7;0;0;2;5;1;B01
201300038592;0;10;0;0;2;3;11;A01
201300038593;0;2;0;0;2;1;17;B01
201300038593;0;7;0;0;2;3;15;A01
201300038594;0;7;0;0;1;2;15;A01
201300038595;0;7;0;0;1;1;1;A01
201300038596;0;34;0;0;2;2;17;B01
201300038596;0;7;0;0;2;3;15;A01
201300038597;1;7;0;0;1;8;1;A01
201300038598;0;1;0;1;0;1;1;B01
201300038598;0;7;0;0;2;3;22;A01
201300038599;0;7;0;0;2;0;10;A01
201300038599;0;30;0;0;2;0;1;B01
201300038600;0;7;0;0;1;1;16;A01
201300038601;0;30;0;0;0;0;21;A01
201300038602;0;7;0;0;2;1;2;A01
201300038602;0;7;0;0;2;4;2;B01
201300038603;0;33;0;0;0;0;21;A01
201300038604;1;7;0;0;1;1;0;Z01
201300038605;0;7;0;0;2;4;23;B01
201300038605;0;7;0;0;2;1;2;A01
201300038606;0;30;0;0;0;8;1;A01
201300038607;0;7;0;0;2;0;1;A01
201300038607;0;7;0;0;2;4;1;B01
201300038608;0;7;0;2;0;1;1;A01
201300038609;0;31;0;0;2;0;0;A01
201300038609;0;10;0;0;2;3;15;B01
201300038610;0;30;0;0;2;8;18;A01
201300038610;0;7;0;0;2;5;16;B01
201300038611;0;7;0;0;1;3;1;A01
201300038612;0;7;0;0;2;3;15;B01
201300038612;0;30;0;0;2;7;17;A01
201300038613;0;7;0;0;2;3;15;B01
201300038613;0;31;0;0;2;7;1;A01
201300038614;0;7;0;0;2;1;2;A01
201300038614;0;7;0;0;2;4;2;B01
201300038615;0;7;0;0;2;6;0;B01
201300038615;0;32;0;0;2;1;3;A01
201300038616;0;7;0;0;1;3;1;A01
201300038617;0;7;0;0;1;3;15;A01
201300038618;0;1;0;0;1;1;17;A01
201300038619;0;10;0;0;1;4;4;A01
201300038620;1;7;0;0;2;1;1;Z01
201300038620;0;31;0;0;2;4;1;A01
201300038621;0;34;0;11;0;1;1;A01
201300038622;0;7;0;0;2;1;15;A01
201300038622;0;30;0;0;2;1;1;B01
201300038623;0;7;0;0;1;1;1;A01
201300038624;0;7;0;0;1;3;2;A01
201300038625;0;7;0;0;2;7;9;B01
201300038625;0;1;0;0;2;1;1;A01
201300038626;0;33;0;0;2;7;17;A01
201300038626;0;7;0;0;2;3;15;B01
201300038627;0;7;0;0;1;1;1;A01
201300038628;0;30;0;0;1;8;1;A01
201300038629;1;30;0;0;2;1;1;Z01
201300038629;0;1;0;0;2;8;9;B01
201300038630;0;2;0;0;2;4;16;A01
201300038630;1;7;0;0;2;1;1;Z01
201300038631;0;7;0;0;2;1;1;B01
201300038631;0;7;0;0;2;1;15;A01
201300038632;0;7;0;0;1;1;1;A01
201300038633;0;7;0;0;2;3;16;B01
201300038633;0;7;0;0;2;1;1;A01
201300038634;0;20;0;0;2;0;23;A01
201300038634;0;38;9;15;0;0;1;B01
201300038635;0;7;0;15;0;1;1;A01
201300038636;0;7;0;0;2;1;1;A01
201300038636;0;7;0;0;2;5;1;B01
201300038637;0;7;0;0;1;3;1;A01
201300038638;0;7;0;0;2;2;10;A01
201300038638;0;31;0;0;2;1;1;B01
201300038639;0;32;0;0;0;7;1;A01
201300038640;0;7;0;0;2;5;15;A01
201300038640;0;32;0;0;2;1;1;B01
201300038641;0;32;0;0;2;1;1;A01
201300038641;0;7;0;0;2;2;23;B01
201300038642;1;30;0;0;1;1;0;A01
201300038643;0;33;0;0;2;8;1;A01
201300038643;0;7;0;0;2;2;16;B01
201300038644;0;30;0;14;0;1;17;A01
201300038645;0;7;0;0;1;1;15;A01
201300038646;0;33;0;0;2;7;17;B01
201300038646;0;7;0;0;2;3;15;A01
201300038647;0;7;0;0;2;5;2;B01
201300038647;0;31;0;0;2;1;2;A01
201300038648;0;10;0;0;2;5;2;B01
201300038648;0;1;0;0;2;1;2;A01
201300038649;0;32;0;0;2;7;1;B01
201300038649;0;7;0;0;2;1;15;A01
201300038650;0;7;0;0;2;4;2;B01
201300038650;0;37;10;0;2;4;2;C01
201300038650;0;7;0;0;2;1;2;A01
201300038651;0;7;0;0;2;2;10;A01
201300038651;0;31;0;0;2;8;1;B01
201300038652;0;7;0;0;2;3;1;B01
201300038652;2;7;0;0;2;1;1;A01
201300038653;1;30;0;0;1;1;1;A01
201300038654;0;30;0;0;0;7;1;A01
201300038655;0;33;0;0;2;5;17;A01
201300038655;0;7;0;0;2;3;15;B01
201300038656;0;7;0;0;2;2;1;A01
201300038656;0;10;0;0;2;3;16;B01
201300038657;0;7;0;0;2;1;1;B01
201300038657;1;2;0;0;2;8;9;A01
201300038658;0;33;0;0;2;1;1;B01
201300038658;0;7;0;0;2;2;15;A01
201300038659;1;7;0;0;1;1;1;A01
201300038660;0;33;0;0;2;1;2;A01
201300038660;0;7;0;0;2;4;2;B01
201300038661;0;30;0;0;2;3;1;B01
201300038661;0;7;0;0;2;2;15;A01
201300038662;0;7;0;0;2;3;15;B01
201300038662;0;99;0;0;2;1;1;A01
201300038663;0;32;0;0;2;1;1;B01
201300038663;0;7;0;0;2;7;15;A01
201300038664;0;30;0;0;2;1;1;A01
201300038664;0;7;0;0;2;8;1;B01
201300038665;0;7;0;0;2;1;15;A01
201300038665;0;2;0;0;2;8;1;B01
201300038666;0;10;0;0;2;3;9;A01
201300038666;0;33;0;0;2;1;1;B01
201300038667;0;1;0;0;2;4;1;A01
201300038667;0;33;0;0;2;1;1;B01
201300038668;0;30;0;0;2;1;17;A01
201300038668;0;7;0;0;2;3;10;B01
201300038669;0;7;0;0;2;1;2;A01
201300038669;0;34;0;0;2;4;2;B01
201300038670;0;32;0;11;0;1;1;A01
201300038671;0;33;0;0;2;1;1;B01
201300038671;0;7;0;0;2;2;15;A01
201300038672;0;7;0;0;2;3;15;B01
201300038672;0;30;0;0;2;1;1;A01
201300038673;0;7;0;0;2;1;15;A01
201300038673;0;7;0;0;2;1;1;B01
201300038674;0;33;0;16;0;7;1;A01
201300038675;0;7;0;0;1;2;1;A01
201300038676;0;7;0;0;1;1;1;A01
201300038677;0;7;0;0;2;1;15;A01
201300038677;0;7;0;0;2;1;1;B01
201300038678;0;7;0;0;1;2;1;A01
201300038679;0;33;0;0;1;1;1;A01
201300038680;0;32;0;0;1;1;1;A01
201300038681;1;10;0;0;1;1;0;A01
201300038682;0;7;0;0;1;1;1;A01
201300038683;0;10;0;0;1;1;1;A01
201300038684;0;32;0;0;1;1;1;A01
201300038685;0;32;0;0;1;1;21;A01
201300038686;0;33;0;0;0;7;1;A01
201300038687;0;30;0;0;1;1;1;A01
201300038688;0;30;0;0;2;2;21;B01
201300038688;0;7;0;0;2;7;10;A01
201300038689;0;7;0;0;0;0;2;A01
201300038689;0;30;0;0;0;3;2;B01
201300038690;0;33;0;0;2;1;2;B01
201300038690;0;7;0;0;2;5;15;A01
201300038691;0;7;0;9;0;1;1;A01
201300038692;0;31;0;0;0;8;1;A01
201300038693;0;32;0;0;1;1;1;A01
201300038694;0;7;0;0;2;2;12;A01
201300038694;0;33;0;0;2;1;1;B01
201300038695;0;30;0;0;2;1;16;A01
201300038695;0;1;0;0;2;7;1;B01
201300038696;0;10;0;0;2;8;23;A01
201300038696;0;32;0;0;2;2;1;B01
201300038697;0;32;0;11;0;1;13;A01
201300038698;0;10;0;0;2;5;1;A01
201300038698;0;33;0;0;2;3;9;B01
201300038699;0;7;0;0;2;1;2;A01
201300038699;0;7;0;0;2;4;2;B01
201300038700;0;7;0;0;1;3;2;A01
201300038701;0;7;0;0;2;3;2;A01
201300038701;0;33;0;0;2;5;2;B01
201300038702;0;32;0;0;2;0;1;A01
201300038703;0;7;0;0;2;2;15;B01
201300038703;0;30;0;0;2;1;1;A01
201300038704;0;7;0;0;2;2;14;A01
201300038704;0;31;0;0;2;3;1;B01
201300038705;0;32;0;0;1;8;21;A01
201300038706;0;7;0;0;1;1;1;A01
201300038707;0;30;0;0;0;7;1;A01
201300038708;0;34;0;0;0;1;1;A01
201300038708;0;7;0;0;0;0;1;B01
201300038709;0;31;0;0;2;3;18;A01
201300038709;0;7;0;0;2;2;20;B01
201300038710;0;7;0;0;1;3;15;A01
201300038711;0;7;0;0;2;8;10;A01
201300038711;0;34;0;0;2;7;2;B01
201300038712;0;7;0;0;2;3;15;A01
201300038712;0;33;0;0;2;3;1;B01
201300038713;0;7;0;0;1;4;4;A01
201300038714;0;7;0;2;0;1;13;A01
201300038715;0;1;0;0;2;8;13;B01
201300038715;0;10;0;0;2;7;2;A01
201300038716;0;7;0;0;2;1;2;A01
201300038716;0;7;0;0;2;4;2;B01
201300038716;0;7;0;0;2;4;2;D01
201300038716;0;7;0;0;2;4;2;C01
201300038717;0;7;0;0;2;2;1;A01
201300038717;0;7;0;0;2;1;1;B01
201300038718;0;32;0;0;2;7;11;A01
201300038718;0;7;0;0;2;8;11;B01
201300038719;0;7;0;0;1;1;1;A01
201300038720;0;7;0;0;2;4;24;B01
201300038720;0;7;0;0;1;1;20;A01
201300038721;0;7;0;0;1;4;4;A01
201300038722;0;7;0;0;1;1;2;A01
201300038723;0;7;0;0;2;8;15;B01
201300038723;0;32;0;0;2;7;17;A01
201300038724;0;33;0;0;2;1;2;A01
201300038724;1;7;0;0;2;0;7;C01
201300038724;0;7;0;0;2;4;2;B01
201300038725;0;32;0;0;1;1;17;A01
201300038726;0;14;0;0;2;7;15;B01
201300038726;0;32;0;0;2;1;1;A01
201300038727;0;7;0;0;1;5;4;A01
201300038728;0;7;0;0;1;1;2;A01
201300038729;0;31;0;0;2;8;16;B01
201300038729;0;7;0;0;2;2;15;A01
201300038730;0;33;0;0;2;1;1;B01
201300038730;0;7;0;0;2;8;15;A01
201300038731;1;30;0;0;1;0;0;A01
201300038732;0;37;10;0;1;2;1;A01
201300038733;0;7;0;0;2;3;15;A01
201300038733;0;30;0;0;2;1;17;B01
201300038734;0;30;0;0;2;1;1;A01
201300038734;0;7;0;0;2;8;10;B01
201300038735;0;7;0;0;2;4;2;A01
201300038735;0;7;0;0;2;1;2;C01
201300038735;0;7;0;0;2;1;2;B01
201300038736;0;7;0;0;1;1;1;A01
201300038737;0;7;0;0;2;8;15;A01
201300038737;0;30;0;0;2;1;1;B01
201300038738;0;2;0;0;2;1;2;A01
201300038738;0;30;0;0;2;4;2;B01
201300038739;1;30;0;0;1;1;0;A01
201300038740;0;7;0;0;2;2;15;A01
201300038740;0;30;0;0;2;1;1;B01
201300038741;0;7;0;0;2;8;1;B01
201300038741;0;30;0;0;2;1;1;A01
201300038742;0;32;0;0;2;8;12;B01
201300038742;0;7;0;0;2;7;12;A01
201300038743;0;33;0;16;0;3;6;A01
201300038744;0;7;0;0;1;4;4;A01
201300038745;0;2;0;1;0;1;1;A01
201300038746;0;7;0;0;1;1;2;A01
201300038747;0;32;0;0;2;0;21;B01
201300038747;1;7;0;0;2;0;2;A01
201300038748;0;7;0;0;2;8;9;A01
201300038748;0;30;0;0;2;2;3;B01
201300038749;0;7;0;0;1;1;1;A01
201300038750;0;7;0;0;2;4;2;B01
201300038750;0;32;0;0;2;1;2;A01
201300038751;0;7;0;0;2;4;2;B01
201300038751;0;7;0;0;2;1;2;A01
201300038752;0;7;0;0;2;4;2;B01
201300038752;0;7;0;0;2;1;2;A01
201300038753;0;7;0;0;2;3;1;B01
201300038753;0;7;0;0;2;3;19;A01
201300038754;0;7;0;0;2;8;10;A01
201300038754;0;33;0;0;2;1;1;B01
201300038755;0;7;0;0;1;1;1;A01
201300038756;0;7;0;0;1;7;1;A01
201300038757;0;33;0;0;2;1;1;B01
201300038757;0;32;0;0;2;2;15;A01
201300038758;0;7;0;0;1;8;1;A01
201300038759;0;32;0;15;0;3;13;A01
201300038760;0;33;0;0;2;7;17;A01
201300038760;0;10;0;0;2;3;15;B01
201300038760;0;7;0;0;2;1;23;C01
201300038761;0;7;0;0;1;6;4;A01
201300038762;0;31;0;0;2;1;1;A01
201300038762;0;7;0;0;2;8;15;B01
201300038763;1;10;0;0;1;1;2;A01
201300038764;0;30;0;0;2;7;17;B01
201300038764;0;7;0;0;2;8;15;A01
201300038765;0;30;0;0;2;3;2;A01
201300038765;0;7;0;0;2;4;2;B01
201300038766;0;7;0;0;1;1;2;A01
201300038767;0;7;0;0;2;8;1;B01
201300038767;0;30;0;0;2;8;19;A01
201300038768;0;14;0;0;2;8;15;A01
201300038768;0;30;0;0;2;7;15;B01
201300038769;0;7;0;0;2;4;2;B01
201300038769;0;7;0;0;1;3;1;A01
201300038770;0;33;0;0;2;1;2;A01
201300038770;0;7;0;0;2;5;2;B01
201300038771;0;7;0;0;2;7;1;B01
201300038771;0;32;0;0;2;3;1;A01
201300038772;0;7;0;0;1;5;4;A01
201300038773;0;7;0;0;2;3;20;A01
201300038773;0;7;0;0;2;6;24;C01
201300038773;0;34;0;0;2;2;1;B01
201300038774;0;7;0;0;2;2;1;A01
201300038774;0;7;0;0;2;8;10;B01
201300038775;0;7;0;0;2;8;15;A01
201300038775;0;30;0;0;2;2;1;B01
201300038776;0;7;0;0;2;4;23;A01
201300038776;0;7;0;0;2;1;2;B01
201300038776;0;7;0;0;2;4;23;C01
201300038777;0;33;0;0;2;1;15;B01
201300038777;0;7;0;0;2;8;1;A01
201300038778;0;30;0;0;2;1;1;B01
201300038778;0;7;0;0;2;5;4;A01
201300038779;0;7;0;0;2;2;1;A01
201300038779;0;32;0;0;2;3;1;B01
201300038780;0;30;0;0;2;7;17;B01
201300038780;0;10;0;0;2;8;15;A01
201300038781;0;33;0;0;2;7;17;B01
201300038781;0;7;0;0;2;6;11;A01
201300038782;0;7;0;0;1;4;4;A01
201300038783;0;7;0;0;2;3;15;A01
201300038783;0;2;0;0;2;7;1;B01
201300038784;0;7;0;0;1;1;1;A01
201300038785;0;7;0;0;1;2;1;A01
201300038786;0;30;0;0;0;0;0;A01
201300038787;0;34;0;0;2;8;18;B01
201300038787;0;7;0;0;2;2;22;A01
201300038788;0;7;0;0;2;3;9;A01
201300038788;0;30;0;0;2;2;1;B01
201300038789;0;30;0;0;1;1;1;A01
201300038790;0;7;0;0;2;3;10;B01
201300038790;0;30;0;0;2;2;17;A01
201300038791;1;7;0;0;2;8;11;A01
201300038791;0;30;0;0;2;2;1;B01
201300038792;2;2;0;0;2;8;15;B01
201300038792;0;7;0;0;2;2;1;A01
201300038793;0;7;0;0;2;8;22;A01
201300038793;0;33;0;0;2;7;17;B01
201300038794;0;31;0;0;2;0;9;B01
201300038794;0;33;0;0;2;8;1;A01
201300038795;0;30;0;0;9;8;1;A01
201300038796;0;7;0;0;1;2;15;A01
201300038797;0;7;0;0;2;3;11;A01
201300038797;0;7;0;0;2;5;1;B01
201300038798;0;33;0;0;2;1;1;B01
201300038798;1;1;0;0;2;8;19;A01
201300038799;0;7;0;0;2;6;23;C01
201300038799;0;33;0;0;2;8;18;B01
201300038799;0;7;0;0;2;5;23;A01
201300038800;0;7;0;0;2;2;12;A01
201300038800;0;30;0;0;2;8;1;B01
201300038801;0;30;0;0;2;1;1;B01
201300038801;0;7;0;0;2;3;9;A01
201300038802;0;33;0;1;0;7;1;A01
201300038803;0;7;0;0;2;3;15;A01
201300038803;0;33;0;0;2;1;1;B01
201300038804;0;32;0;0;0;1;1;A01
201300038805;0;7;0;0;1;2;1;A01
201300038806;0;7;0;0;1;3;1;A01
201300038807;0;32;0;0;2;3;1;B01
201300038807;0;7;0;0;2;3;15;A01
201300038808;0;31;0;0;2;1;1;A01
201300038808;0;7;0;0;2;4;15;B01
201300038809;0;31;0;0;0;0;1;A01
201300038810;0;32;0;0;2;1;15;A01
201300038810;0;7;0;0;2;4;20;B01
201300038811;0;30;0;0;1;1;1;A01
201300038812;0;7;0;0;1;1;1;A01
201300038813;0;33;0;0;0;7;1;A01
201300038814;0;7;0;0;2;2;15;A01
201300038814;0;33;0;0;2;1;1;B01
201300038815;0;7;0;0;2;6;24;B01
201300038815;0;33;0;0;2;1;21;A01
201300038816;0;7;0;0;2;3;13;A01
201300038816;0;33;0;0;2;1;1;A02
201300038817;0;7;0;0;2;3;15;A01
201300038817;0;33;0;0;2;2;2;B01
201300038818;0;10;0;0;1;1;1;A01
201300038819;0;34;0;0;2;4;2;B01
201300038819;0;7;0;0;2;1;2;A01
201300038820;0;7;0;0;2;3;10;A01
201300038820;0;30;0;0;2;8;1;B01
201300038821;0;32;0;11;0;1;1;A01
201300038822;0;7;0;0;1;1;1;A01
201300038823;1;7;0;0;2;0;2;B01
201300038823;0;34;0;0;2;5;1;A01
201300038824;0;7;0;0;2;5;23;C01
201300038824;0;7;0;0;2;4;23;D01
201300038824;0;7;0;0;2;1;1;A01
201300038824;0;7;0;0;2;9;7;B01
201300038825;0;32;0;0;1;1;3;A01
201300038826;0;33;0;0;2;7;12;A01
201300038826;0;7;0;0;2;1;1;B01
201300038827;0;7;0;0;1;1;1;A01
201300038828;0;7;0;0;1;1;2;A01
201300038829;0;32;0;0;0;7;1;A01
201300038830;0;32;0;0;2;1;1;B01
201300038830;0;10;0;0;2;8;22;A01
201300038831;0;7;0;0;2;8;15;A01
201300038831;0;30;0;0;2;2;1;B01
201300038832;0;7;0;0;1;4;4;A01
201300038833;0;7;0;0;1;3;1;A01
201300038834;0;32;0;0;2;7;13;A01
201300038834;0;7;0;0;2;3;15;B01
201300038835;0;7;0;12;0;3;1;A01
201300038836;0;30;0;0;1;1;1;A01
201300038837;0;7;0;0;1;2;1;A01
201300038838;0;30;0;0;0;8;2;A01
201300038839;0;7;0;0;1;1;15;A01
201300038840;0;7;0;0;2;7;10;A01
201300038840;0;34;0;0;2;1;1;B01
201300038841;0;30;0;0;0;8;23;A01
201300038842;0;30;0;0;2;2;1;B01
201300038842;0;7;0;0;2;6;15;A01
201300038843;0;7;0;0;2;4;2;B01
201300038843;0;30;0;0;2;1;2;A01
201300038844;0;7;0;0;2;4;23;D01
201300038844;0;7;0;0;2;1;2;A01
201300038844;0;7;0;0;2;4;2;B01
201300038844;0;7;0;0;2;1;2;C01
201300038845;0;7;0;0;2;1;1;A01
201300038845;0;7;0;0;2;8;1;B01
201300038846;0;33;0;11;0;8;1;A01
201300038847;0;7;0;4;0;9;1;A01
201300038848;0;7;0;0;2;4;2;B01
201300038848;0;7;0;0;2;1;2;A01
201300038849;0;32;0;0;2;4;2;B01
201300038849;0;14;0;0;2;1;2;A01
201300038850;0;7;0;0;2;1;1;A01
201300038850;0;33;0;0;2;7;15;B01
201300038851;0;30;0;0;2;1;2;A01
201300038851;0;7;0;0;2;4;2;B01
201300038852;0;30;0;0;2;1;21;A01
201300038852;0;7;0;0;2;2;16;B01
201300038853;0;30;0;0;0;8;15;A01
201300038854;0;32;0;0;0;7;1;A01
201300038855;0;7;0;0;2;5;2;B01
201300038855;0;30;0;0;2;1;2;A01
201300038856;0;7;0;0;1;1;16;A01
201300038857;0;7;0;0;1;7;16;A01
201300038858;0;10;0;0;1;4;4;A01
201300038859;0;1;0;0;2;7;19;A01
201300038859;0;7;0;0;2;1;1;B01
201300038860;0;2;0;0;2;8;2;B01
201300038860;0;2;0;0;2;7;14;A01
201300038861;0;14;0;0;1;4;4;A01
201300038862;0;10;0;0;1;4;4;A01
201300038863;0;2;0;0;2;1;1;B01
201300038863;0;7;0;0;2;7;12;A01
201300038864;0;2;0;0;2;2;14;A01
201300038865;0;33;0;0;0;1;21;A01
201300038866;0;7;0;0;1;2;21;A01
201300038867;1;7;0;0;2;0;12;A01
201300038867;0;30;0;0;2;8;1;B01
201300038868;0;30;0;0;2;1;23;B01
201300038868;0;14;0;0;2;4;4;A01
201300038869;0;1;0;0;1;1;1;A01
201300038870;0;1;0;0;2;7;19;B01
201300038870;0;7;0;0;2;1;1;A01
201300038871;0;33;0;0;0;7;17;A01
201300038872;0;7;0;0;1;4;4;A01
201300038873;0;30;0;0;1;1;1;A01
201300038874;0;7;0;0;2;3;17;A01
201300038874;0;32;0;0;2;2;21;B01
201300038875;0;7;0;0;0;2;14;A01
201300038876;0;7;0;0;2;3;19;A01
201300038876;0;33;0;0;2;3;1;B01
201300038877;0;30;0;0;1;1;1;A01
201300038878;0;7;0;0;1;1;15;A01
201300038879;0;30;0;0;2;7;1;B01
201300038879;0;7;0;0;2;6;4;A01
201300038880;0;7;0;0;1;7;1;A01
201300038881;0;7;0;0;2;1;1;A01
201300038881;0;7;0;0;2;4;1;B01
201300038882;0;33;0;0;0;7;1;A01
201300038883;0;30;0;0;0;7;1;A01
201300038884;0;2;0;0;2;1;17;A01
201300038884;0;7;0;0;2;8;15;B01
201300038885;1;7;0;0;1;0;0;A01
201300038886;0;10;0;8;0;1;1;A01
201300038887;0;30;0;0;2;2;21;A01