num_acc;senc;catv;occutc;obs;obsm;choc;manv;num_veh
201300039271;0;7;0;0;1;1;15;A01
201300039272;0;7;0;0;2;8;1;C01
201300039272;0;34;0;0;2;8;3;A01
201300039272;0;7;0;0;2;2;1;B01
201300039273;0;7;0;0;2;2;14;A01
201300039273;0;32;0;0;2;8;1;B01
201300039274;0;31;0;0;0;0;2;A01
201300039275;0;1;0;14;0;1;1;A01
201300039276;0;7;0;0;0;0;1;A01
201300039276;0;2;0;0;2;0;1;B01
201300039277;0;30;0;0;9;1;1;A01
201300039277;0;30;0;0;9;1;2;B01
201300039278;0;7;0;0;1;2;1;A01
201300039279;0;33;0;0;2;1;1;B01
201300039279;0;7;0;0;2;8;9;A01
201300039280;0;7;0;0;2;2;12;A01
201300039280;0;33;0;0;2;8;1;B01
201300039281;0;7;0;0;2;3;21;A01
201300039281;0;33;0;0;2;7;0;B01
201300039282;0;30;0;0;2;8;2;B01
201300039282;0;7;0;0;2;1;15;A01
201300039283;0;34;0;0;2;3;2;B01
201300039283;0;7;0;0;9;3;15;A01
201300039284;0;7;0;0;0;3;9;B01
201300039284;0;30;0;0;2;1;2;A01
201300039285;0;7;0;0;2;3;2;B01
201300039285;0;7;0;0;2;1;15;A01
201300039286;0;33;0;1;0;4;1;A01
201300039286;0;7;0;0;2;5;24;B01
201300039287;0;7;0;0;0;4;1;B01
201300039287;0;1;0;0;2;1;1;A01
201300039288;0;7;0;0;0;7;15;B01
201300039288;0;30;0;0;2;1;2;A01
201300039289;0;2;0;0;0;7;2;A01
201300039290;0;7;0;0;0;2;15;A01
201300039290;0;33;0;0;2;1;2;B01
201300039291;0;7;0;0;9;1;2;A01
201300039291;0;31;0;0;0;4;2;B01
201300039292;0;7;0;0;1;1;1;A01
201300039293;0;34;0;0;2;3;1;B01
201300039293;0;7;0;0;2;7;15;A01
201300039294;0;34;0;0;2;7;23;B01
201300039294;0;37;0;0;0;7;21;A01
201300039295;0;7;0;11;0;1;0;A01
201300039296;0;7;0;0;2;4;9;B01
201300039296;0;33;0;0;2;1;1;A01
201300039297;1;7;0;0;0;0;11;Z01
201300039297;0;33;0;0;2;6;2;A01
201300039297;0;10;0;0;2;6;23;B01
201300039298;0;10;0;0;1;1;15;A01
201300039299;0;33;0;0;2;1;17;A01
201300039299;0;7;0;0;9;1;9;B01
201300039299;0;7;0;0;9;8;24;C01
201300039300;0;10;0;0;1;2;1;A01
201300039301;0;7;0;0;1;1;2;A01
201300039302;0;7;0;0;2;6;19;B01
201300039302;0;31;0;0;2;3;17;A01
201300039303;0;7;0;0;1;3;2;A01
201300039304;0;7;0;0;1;7;13;A01
201300039305;1;34;0;0;1;1;2;A01
201300039306;0;30;0;0;2;4;2;B01
201300039306;1;7;0;0;9;1;2;A01
201300039307;0;7;0;0;2;0;9;A01
201300039307;0;33;0;0;2;0;1;B01
201300039308;0;1;0;0;2;1;1;B01
201300039308;0;7;0;0;2;5;16;A01
201300039309;0;37;1;0;1;5;1;A01
201300039310;0;32;0;0;2;1;2;A01
201300039310;0;33;0;0;2;4;2;B01
201300039311;0;7;0;0;2;1;1;A01
201300039311;0;7;0;0;2;4;23;B01
201300039312;0;7;0;0;2;2;16;B01
201300039312;0;30;0;0;2;8;18;A01
201300039313;0;7;0;0;0;6;9;A01
201300039313;0;32;0;0;2;1;3;B01
201300039314;0;1;0;0;2;1;2;B01
201300039314;2;30;0;0;2;5;15;A01
201300039315;0;33;0;0;2;8;1;B01
201300039315;0;7;0;0;2;7;15;A01
201300039315;0;33;0;0;2;8;1;C01
201300039316;0;37;2;0;2;6;1;B01
201300039316;0;34;0;0;2;1;1;A01
201300039317;0;2;0;0;2;8;17;B01
201300039317;0;7;0;0;9;8;15;A01
201300039318;0;31;0;0;2;1;17;A01
201300039318;0;7;0;0;9;1;2;C01
201300039318;0;7;0;0;0;8;2;B01
201300039319;0;33;0;0;2;5;15;B01
201300039319;0;30;0;0;2;1;2;A01
201300039320;0;7;0;0;2;8;2;C01
201300039320;0;7;0;0;0;4;23;B01
201300039320;0;7;0;4;2;1;6;A01
201300039321;0;33;0;0;2;8;2;B01
201300039321;0;7;0;0;2;7;12;A01
201300039322;0;30;0;9;0;1;21;A01
201300039323;0;10;0;0;1;4;4;A01
201300039324;0;34;0;0;0;2;11;A01
201300039325;0;7;0;0;1;7;1;A01
201300039326;0;7;0;0;2;9;1;B01
201300039326;0;7;0;0;2;7;2;A01
201300039327;0;1;0;0;2;3;15;B01
201300039327;0;10;0;0;2;2;1;A01
201300039328;0;7;0;0;2;1;1;B01
201300039328;0;7;0;8;2;1;15;A01
201300039329;1;7;0;0;2;5;7;Z01
201300039329;0;33;0;0;2;5;1;B01
201300039330;0;7;0;0;1;6;1;A01
201300039331;0;7;0;0;1;3;20;A01
201300039332;0;32;0;0;2;8;1;A01
201300039332;0;31;0;0;2;7;1;B01
201300039333;0;33;0;0;2;8;2;A01
201300039333;0;7;0;0;2;1;2;B01
201300039334;0;2;0;0;1;8;1;B01
201300039335;0;7;0;0;1;4;4;A01
201300039336;0;10;0;0;2;8;15;A01
201300039336;0;2;0;0;2;7;1;B01
201300039337;0;7;0;0;2;1;2;A01
201300039337;0;7;0;0;2;4;2;B01
201300039338;0;7;0;0;2;4;2;B01
201300039338;0;2;0;0;2;1;2;A01
201300039339;0;14;0;0;1;3;16;A01
201300039340;0;2;0;0;0;8;21;A01
201300039341;0;33;0;6;0;8;9;A01
201300039342;0;10;0;0;2;5;17;A01
201300039342;0;1;0;0;2;8;15;B01
201300039343;0;10;0;0;2;7;9;B01
201300039343;0;7;0;0;2;9;9;A01
201300039344;0;30;0;0;2;1;2;A01
201300039344;0;7;0;0;2;5;16;B01
201300039345;0;30;0;0;2;8;1;B01
201300039345;0;7;0;0;2;1;6;A01
201300039346;0;31;0;0;2;1;1;A01
201300039346;0;7;0;0;2;6;15;B01
201300039347;0;32;0;0;1;1;1;A01
201300039348;0;1;0;0;2;9;19;B01
201300039348;0;7;0;0;2;1;1;A01
201300039349;0;7;0;0;1;1;1;A01
201300039350;0;34;0;0;1;2;1;A01
201300039351;0;7;0;0;1;3;1;A01
201300039352;0;7;0;0;1;7;1;A01
201300039353;0;33;0;0;2;1;1;B01
201300039353;0;7;0;0;2;3;15;A01
201300039354;0;7;0;0;2;6;1;B01
201300039354;0;7;0;0;2;3;11;A01
201300039354;0;7;0;0;2;4;1;C01
201300039355;0;34;0;0;1;1;1;A01
201300039356;0;33;0;0;0;8;1;A01
201300039357;0;7;0;0;1;3;1;A01
201300039358;0;7;0;0;2;4;24;B01
201300039358;0;7;0;0;2;1;2;A01
201300039359;0;7;0;0;2;1;10;A01
201300039359;0;7;0;0;2;8;1;B01
201300039360;0;7;0;0;2;5;15;A01
201300039360;0;30;0;0;2;1;1;B01
201300039361;0;33;0;0;0;8;1;A01
201300039362;0;33;0;0;1;7;1;A01
201300039363;0;7;0;0;1;1;1;A01
201300039364;0;7;0;0;2;1;2;A01
201300039364;0;7;0;0;2;4;2;B01
201300039365;0;30;0;0;2;9;1;B01
201300039365;1;7;0;0;2;2;15;Z01
201300039366;0;7;0;0;2;3;1;A01
201300039366;0;30;0;0;2;1;1;B01
201300039367;0;7;0;0;2;1;2;A01
201300039367;0;7;0;0;2;4;1;C01
201300039367;0;7;0;0;2;4;1;B01
201300039368;0;7;0;0;2;2;15;C01
201300039368;0;7;0;0;2;3;1;B01
201300039368;0;7;0;0;2;4;1;D01
201300039368;0;7;0;0;2;9;19;A01
201300039369;0;7;0;0;2;6;15;B01
201300039369;0;34;0;0;2;2;1;A01
201300039370;0;32;0;0;9;7;2;A01
201300039371;0;7;0;0;2;0;10;A01
201300039371;0;1;0;0;2;7;1;B01
201300039372;0;34;0;0;0;1;1;A01
201300039373;0;33;0;0;2;2;17;A01
201300039373;0;7;0;0;2;8;15;B01
201300039374;0;30;0;0;2;0;1;A01
201300039374;0;7;0;0;2;6;1;B01
201300039375;0;7;0;0;1;1;1;A01
201300039376;0;10;0;0;1;1;1;A01
201300039377;0;31;0;0;0;0;21;A01
201300039377;0;7;0;0;0;0;12;B01
201300039378;0;32;0;0;2;8;1;B01
201300039378;0;7;0;0;2;2;12;A01
201300039379;0;30;0;0;2;4;17;B01
201300039379;0;14;0;0;2;1;1;A01
201300039380;0;7;0;0;2;2;17;A01
201300039380;0;33;0;0;2;1;1;B01
201300039381;0;7;0;0;1;1;1;A01
201300039382;1;10;0;0;1;7;22;Z01
201300039383;0;33;0;0;0;0;1;A01
201300039384;0;32;0;0;0;0;12;A01
201300039385;0;34;0;0;2;1;1;A01
201300039385;0;10;0;0;2;5;23;C01
201300039385;0;7;0;0;2;2;23;B01
201300039386;0;30;0;0;2;1;1;A01
201300039386;0;7;0;0;2;6;15;B01
201300039387;0;7;0;0;2;3;1;A01
201300039387;0;7;0;0;2;2;10;C01
201300039387;0;33;0;0;2;1;1;B01
201300039388;0;30;0;0;2;1;1;B01
201300039388;0;7;0;0;2;5;10;A01
201300039389;0;7;0;0;2;8;15;A01
201300039389;0;32;0;0;2;1;17;B01
201300039390;0;7;0;0;1;8;1;A01
201300039391;0;7;0;0;2;1;23;B01
201300039391;0;33;0;0;2;9;1;A01
201300039392;0;7;0;0;2;8;15;B01
201300039392;0;32;0;0;2;1;17;A01
201300039393;0;33;0;15;0;0;1;B01
201300039393;0;14;0;14;0;0;20;A01
201300039394;0;7;0;0;2;8;10;A01
201300039394;0;34;0;0;2;1;17;B01
201300039395;0;32;0;0;1;1;1;A01
201300039396;0;10;0;0;1;3;15;A01
201300039397;0;10;0;0;2;2;1;A01
201300039397;0;7;0;0;2;8;15;B01
201300039398;0;10;0;0;1;1;16;A01
201300039399;0;33;0;0;2;0;3;A01
201300039399;0;7;0;0;2;5;23;B01
201300039400;0;32;0;0;0;7;1;A01
201300039401;0;7;0;0;1;3;1;A01
201300039402;0;7;0;0;1;3;1;A01
201300039403;0;7;0;0;2;8;1;A01
201300039403;0;7;0;0;2;1;1;B01
201300039404;0;7;0;0;2;7;15;A01
201300039404;0;30;0;0;2;1;0;B01
201300039405;0;30;0;14;0;0;13;A01
201300039406;0;7;0;0;2;1;2;A01
201300039406;0;10;0;0;2;4;23;B01
201300039406;0;7;0;0;2;4;23;C01
201300039407;0;7;0;0;1;2;1;A01
201300039408;0;10;0;0;2;2;1;A01
201300039408;0;7;0;0;2;3;1;B01
201300039409;0;14;0;3;0;1;0;A01
201300039410;0;14;0;0;2;2;16;A01
201300039410;0;7;0;0;2;6;16;B01
201300039411;1;7;0;0;1;1;1;Z01
201300039412;0;14;0;0;2;3;15;B01
201300039412;0;30;0;0;2;2;1;A01
201300039413;0;7;0;0;2;1;2;A01
201300039413;0;7;0;0;2;4;23;C01
201300039413;0;7;0;0;2;4;2;B01
201300039414;2;7;0;0;2;1;2;A01
201300039414;0;7;0;0;2;4;23;B01
201300039415;0;7;0;0;1;3;1;A01
201300039416;0;7;0;8;0;1;14;A01
201300039417;0;30;0;0;2;2;17;A01
201300039417;0;7;0;0;2;3;15;B01
201300039418;0;7;0;0;2;8;9;A01
201300039418;0;32;0;0;2;7;1;B01
201300039419;1;13;0;0;2;3;16;Z01
201300039419;0;7;0;0;2;3;1;A01
201300039420;0;32;0;0;2;0;21;A01
201300039420;0;7;0;0;2;0;20;B01
201300039421;0;7;0;0;2;1;2;A01
201300039421;0;7;0;0;2;4;23;B01
201300039422;0;7;0;0;2;4;23;B01
201300039422;0;7;0;0;2;1;2;A01
201300039423;0;2;0;0;1;1;17;A01
201300039424;0;7;0;8;0;3;1;A01
201300039425;0;10;0;0;2;4;1;B01
201300039425;0;7;0;0;2;1;2;A01
201300039426;0;7;0;13;0;0;0;A01
201300039427;0;7;0;0;2;3;1;B01
201300039427;0;7;0;0;2;8;19;A01
201300039428;0;33;0;14;0;1;14;A01
201300039429;0;7;0;0;2;8;10;A01
201300039429;0;30;0;0;2;1;17;B01
201300039430;0;10;0;0;2;7;9;A01
201300039430;0;37;2;0;2;6;1;B01
201300039431;0;1;0;8;0;2;0;A01
201300039432;0;32;0;0;0;0;0;A01
201300039433;0;7;0;0;1;6;1;A01
201300039434;0;7;0;0;2;3;15;B01
201300039434;0;33;0;0;2;2;17;A01
201300039435;0;10;0;0;2;4;23;B01
201300039435;0;34;0;0;2;1;2;A01
201300039436;0;30;0;1;0;3;13;A01
201300039437;0;7;0;6;1;2;14;A01
201300039438;0;32;0;0;2;1;1;B01
201300039438;0;7;0;0;2;2;15;A01
201300039439;0;1;0;0;1;1;1;A01
201300039440;0;7;0;0;2;5;1;B01
201300039440;0;30;0;0;2;0;18;A01
201300039441;0;30;0;0;2;1;1;A01
201300039441;0;10;0;0;2;2;23;B01
201300039442;0;33;0;1;2;8;3;A01
201300039442;0;7;0;0;2;7;22;B01
201300039442;0;7;0;0;2;6;1;C01
201300039443;0;31;0;0;0;7;1;A01
201300039444;2;7;0;0;2;1;1;A01
201300039444;0;10;0;0;2;3;0;B01
201300039445;0;7;0;0;2;1;2;E01
201300039445;0;10;0;0;2;0;6;A01
201300039445;0;10;0;0;0;0;1;B01
201300039445;0;7;0;15;2;4;21;C01
201300039445;0;7;0;0;2;1;2;D01
201300039446;0;7;0;0;2;1;10;A01
201300039446;0;7;0;0;2;8;1;B01
201300039447;0;33;0;0;2;2;1;B01
201300039447;0;99;0;0;2;2;15;A01
201300039448;0;10;0;0;2;4;23;B01
201300039448;0;7;0;0;2;1;14;A01
201300039449;0;37;1;0;1;3;1;A01
201300039450;0;14;0;0;2;2;9;A01
201300039450;0;33;0;0;2;6;1;B01
201300039451;0;14;0;1;0;2;0;A01
201300039451;0;7;0;0;2;4;24;B01
201300039452;0;7;0;0;2;3;9;A01
201300039452;0;2;0;0;2;2;0;B01
201300039453;0;7;0;0;2;6;15;B01
201300039453;0;14;0;0;2;2;1;A01
201300039454;0;10;0;0;2;1;1;A01
201300039454;0;7;0;0;2;7;1;B01
201300039455;0;34;0;0;2;2;17;A01
201300039455;0;7;0;0;2;8;15;B01
201300039456;0;33;0;0;1;2;21;A01
201300039457;0;32;0;0;2;1;1;B01
201300039457;0;7;0;0;2;1;9;A01
201300039458;0;30;0;0;2;1;1;B01
201300039458;0;7;0;0;2;3;15;A01
201300039459;0;7;0;0;2;8;15;B01
201300039459;0;7;0;0;2;2;1;A01
201300039460;0;14;0;0;2;3;24;A01
201300039460;0;1;0;14;2;1;1;B01
201300039461;0;34;0;0;2;1;1;B01
201300039461;0;7;0;0;2;3;9;A01
201300039462;0;7;0;0;2;3;20;A01
201300039462;0;1;0;1;0;2;21;B01
201300039463;0;7;0;1;2;1;14;A01
201300039464;0;14;0;0;2;1;2;A01
201300039464;0;10;0;0;2;4;23;B01
201300039465;0;30;0;0;2;1;1;B01
201300039465;0;7;0;0;2;1;15;A01
201300039466;0;7;0;0;1;3;1;A01
201300039467;0;7;0;0;2;3;9;A01
201300039467;0;1;0;0;2;1;1;B01
201300039468;0;10;0;0;1;8;1;A01
201300039469;0;7;0;0;2;8;15;B01
201300039469;0;32;0;0;2;2;13;A01
201300039470;0;2;0;0;0;0;0;A01
201300039471;0;7;0;0;1;1;1;A01
201300039472;0;30;0;0;0;0;0;A01
201300039473;0;15;0;8;0;1;13;A01
201300039474;0;38;1;0;1;0;1;A01
201300039475;0;7;0;0;2;6;21;A01
201300039475;0;34;0;0;2;2;1;B01
201300039476;0;10;0;0;2;2;10;A01
201300039476;0;34;0;0;2;1;1;B01
201300039477;0;15;0;0;0;0;15;A01
201300039478;0;7;0;1;0;1;14;A01
201300039479;0;7;0;6;1;2;16;A01
201300039480;0;7;0;0;2;3;1;B01
201300039480;0;30;0;0;2;3;13;A01
201300039481;0;7;0;0;1;1;1;A01
201300039482;0;32;0;0;2;3;17;A01
201300039482;0;10;0;0;2;0;17;B01
201300039483;0;7;0;14;2;1;13;A01
201300039483;0;7;0;0;2;1;1;B01
201300039484;0;30;0;0;2;8;0;A01
201300039484;1;13;0;0;2;7;0;Z01
201300039485;0;7;0;0;1;2;1;A01
201300039486;0;32;0;0;0;0;21;A01
201300039487;0;33;0;0;2;0;0;A01
201300039487;0;14;0;0;2;6;16;B01
201300039488;0;7;0;0;2;3;1;A01
201300039488;0;7;0;0;2;2;1;B01
201300039489;0;31;0;14;0;2;0;A01
201300039490;0;7;0;12;2;0;17;A01
201300039490;1;7;0;0;0;0;0;Z01
201300039491;0;10;0;0;1;4;4;A01
201300039492;0;7;0;0;2;1;2;A01
201300039492;0;7;0;0;2;4;2;B01
201300039493;0;7;0;0;2;3;1;B01
201300039493;0;7;0;0;2;3;16;A01
201300039494;0;7;0;4;0;3;13;A01
201300039495;0;33;0;14;0;2;14;A01
201300039496;0;30;0;0;1;1;1;A01
201300039497;0;32;0;0;2;3;1;B01
201300039497;0;7;0;0;2;5;12;A01
201300039498;0;7;0;0;1;2;16;A01
201300039499;0;30;0;0;2;2;17;A01
201300039499;0;7;0;0;2;8;15;B01
201300039500;0;7;0;0;1;1;1;A01
201300039501;0;32;0;0;2;2;17;B01
201300039501;0;10;0;0;2;8;17;A01
201300039502;0;7;0;0;1;1;1;A01
201300039503;0;7;0;0;2;6;15;B01
201300039503;2;10;0;0;2;1;1;A01
201300039504;0;7;0;0;1;6;4;A01
201300039505;0;33;0;0;2;1;1;B01
201300039505;0;15;0;0;2;6;15;A01
201300039506;0;7;0;0;2;2;1;A01
201300039506;0;30;0;0;2;1;18;B01
201300039507;0;10;0;0;1;2;1;A01
201300039508;0;7;0;0;1;5;15;A01
201300039509;0;7;0;0;2;4;23;B01
201300039509;2;7;0;0;2;1;2;A01
201300039510;0;7;0;0;2;3;15;A01
201300039510;0;7;0;0;2;3;23;C01
201300039510;0;31;0;0;2;8;23;B01
201300039511;0;30;0;0;2;7;21;B01
201300039511;0;7;0;0;2;5;15;A01
201300039512;0;7;0;0;2;5;10;B01
201300039512;0;33;0;0;2;1;1;A01
201300039513;0;30;0;0;0;0;1;A01
201300039514;0;1;0;0;2;8;0;A01
201300039514;1;7;0;0;2;0;0;Z01
201300039515;0;32;0;0;2;1;1;B01
201300039515;0;32;0;0;2;8;1;A01
201300039516;0;32;0;0;0;8;2;A01
201300039517;0;32;0;0;2;8;2;A01
201300039517;0;7;0;0;2;0;1;B01
201300039518;0;7;0;0;1;3;15;A01
201300039519;0;14;0;0;2;5;24;A01
201300039519;0;33;0;1;0;2;18;B01
201300039520;0;32;0;0;1;1;2;A01
201300039521;0;7;0;0;2;7;15;A01
201300039521;0;32;0;0;2;1;1;B01
201300039522;0;7;0;0;1;3;16;A01
201300039523;0;7;0;0;2;4;16;B01
201300039523;0;10;0;0;2;2;16;A01
201300039524;0;31;0;0;2;6;1;A01
201300039524;0;10;0;0;2;2;1;B01
201300039525;0;7;0;0;2;7;22;A01
201300039525;0;1;0;0;2;8;18;B01
201300039526;0;7;0;0;2;7;16;A01
201300039526;0;2;0;0;2;8;2;B01
201300039527;0;7;0;0;2;3;0;B01
201300039527;0;30;0;1;0;1;0;A01
201300039528;0;7;0;0;1;1;1;A01
201300039529;0;34;0;0;1;1;0;A01
201300039530;0;14;0;0;2;6;24;B01
201300039530;0;10;0;1;0;2;1;A01
201300039531;0;37;1;0;1;2;1;A01
201300039532;0;1;0;0;2;8;1;B01
201300039532;0;7;0;0;2;1;1;A01
201300039533;0;1;0;0;2;1;2;B01
201300039533;0;7;0;0;2;4;2;A01
201300039534;0;31;0;0;1;2;1;A01
201300039535;0;7;0;0;2;8;10;A01
201300039535;0;33;0;0;2;1;1;B01
201300039536;0;30;0;0;1;1;2;A01
201300039537;0;30;0;0;2;4;2;B01
201300039537;0;32;0;0;2;1;2;A01
201300039538;0;7;0;0;2;3;15;B01
201300039538;0;30;0;0;2;3;0;A01
201300039539;0;1;0;0;1;1;0;A01
201300039540;0;1;0;0;2;1;2;A01
201300039540;0;7;0;0;2;4;2;B01
201300039541;0;32;0;0;2;7;2;B01
201300039541;0;7;0;0;2;3;15;A01
201300039542;0;7;0;0;2;5;9;B01
201300039542;0;2;0;0;2;1;2;A01
201300039543;0;7;0;0;1;1;1;A01
201300039544;0;30;0;0;2;1;2;A01
201300039544;0;7;0;0;2;4;2;B01
201300039545;0;7;0;0;1;3;4;A01
201300039546;0;1;0;0;2;5;15;A01
201300039546;0;7;0;0;2;3;1;B01
201300039547;0;33;0;0;2;3;1;A01
201300039547;0;7;0;0;2;5;20;B01
201300039548;0;2;0;0;1;1;1;A01
201300039549;0;7;0;0;2;4;2;D01
201300039549;0;7;0;0;2;4;2;C01
201300039549;0;7;0;0;2;4;2;B01
201300039549;0;7;0;0;2;2;1;A01
201300039550;0;30;0;0;2;1;17;A01
201300039550;0;1;0;0;2;4;2;B01
201300039551;0;7;0;0;2;3;15;A01
201300039551;0;2;0;0;2;1;1;B01
201300039552;0;31;0;0;2;1;17;A01
201300039552;0;7;0;0;2;8;15;B01
201300039553;0;7;0;0;2;2;15;A01
201300039553;0;33;0;0;2;1;1;B01
201300039554;0;33;0;0;0;0;1;B01
201300039554;0;7;0;0;0;0;15;A01
201300039555;0;32;0;0;1;2;1;A01
201300039556;0;7;0;0;2;2;1;A01
201300039556;0;1;0;0;2;5;5;B01
201300039557;0;7;0;0;1;3;9;A01
201300039558;0;7;0;0;1;1;2;A01
201300039559;0;7;0;0;1;4;4;A01
201300039560;0;34;0;0;2;3;1;B01
201300039560;0;7;0;0;2;5;16;A01
201300039561;0;7;0;0;1;6;4;A01
201300039562;0;2;0;0;2;1;2;A01
201300039562;0;7;0;0;2;3;15;B01
201300039563;0;7;0;0;2;1;2;A01
201300039563;0;7;0;0;2;1;2;C01
201300039563;0;7;0;0;2;1;23;B01
201300039563;0;7;0;0;2;4;2;D01
201300039564;0;34;0;0;2;4;2;B01
201300039564;0;7;0;0;2;2;2;A01
201300039565;0;7;0;1;0;1;1;A01
201300039566;0;32;0;12;0;7;1;A01
201300039567;0;10;0;0;2;3;1;A01
201300039567;0;37;0;0;2;3;1;B01
201300039568;0;7;0;0;2;1;15;B01
201300039568;0;7;0;0;2;2;1;A01
201300039569;0;30;0;0;2;8;15;B01
201300039569;0;7;0;0;2;2;1;A01
201300039570;0;31;0;14;0;1;1;A01
201300039571;0;7;0;0;2;3;9;A01
201300039571;0;34;0;0;2;1;11;B01
201300039572;0;7;0;0;1;2;11;A01
201300039573;0;32;0;0;0;0;2;A01
201300039574;0;2;0;0;2;1;2;B01
201300039574;0;7;0;0;2;3;15;A01
201300039575;0;7;0;9;0;1;1;A01
201300039576;0;30;0;0;1;1;21;A01
201300039577;0;7;0;0;2;1;1;A01
201300039577;0;10;0;1;0;4;24;B01
201300039578;0;7;0;0;1;1;1;A01
201300039579;0;7;0;0;1;1;1;A01
201300039580;0;1;0;1;0;1;1;A01
201300039580;0;7;0;0;0;8;24;B01
201300039581;0;30;0;1;2;1;18;A01
201300039581;0;14;0;0;0;5;2;B01
201300039581;0;14;0;0;0;6;24;C01
201300039582;0;1;0;0;1;8;1;A01
201300039583;0;7;0;0;1;2;16;A01
201300039584;0;30;0;0;0;7;1;A01
201300039585;0;7;0;0;2;7;1;B01
201300039585;0;33;0;9;2;7;18;A01
201300039586;0;7;0;0;2;1;1;A01
201300039586;0;33;0;0;2;4;23;B01
201300039587;0;7;0;0;2;0;15;A01
201300039587;0;33;0;0;2;0;15;B01
201300039588;0;7;0;0;2;2;14;A01
201300039588;0;34;0;0;2;3;12;B01
201300039589;0;10;0;0;1;3;16;A01
201300039590;0;7;0;0;0;0;0;A01
201300039591;0;7;0;0;2;1;2;A01
201300039591;0;7;0;0;2;4;23;B01
201300039592;0;33;0;0;0;0;0;A01
201300039593;0;10;0;0;9;8;11;A01
201300039593;0;32;0;0;2;1;17;B01
201300039594;0;7;0;0;2;8;0;B01
201300039594;0;7;0;0;2;3;0;A01
201300039595;0;7;0;0;9;3;20;A01
201300039595;0;34;0;0;2;1;20;B01
201300039596;0;7;0;0;1;2;1;A01
201300039597;0;31;0;0;2;1;1;B01
201300039597;0;7;0;0;9;2;1;A01
201300039598;0;30;0;0;0;0;1;A01
201300039599;0;31;0;0;0;0;0;A01
201300039600;0;7;0;0;1;1;16;A01
201300039601;0;7;0;0;9;2;1;A01
201300039601;0;1;0;0;2;1;1;B01
201300039602;0;7;0;0;1;8;4;A01
201300039603;0;32;0;0;2;3;0;B01
201300039603;0;7;0;0;2;7;0;A01
201300039604;0;30;0;0;2;7;1;B01
201300039604;0;7;0;0;9;3;4;A01
201300039605;0;7;0;0;1;7;0;A01
201300039606;0;10;0;0;1;2;1;A01
201300039607;0;7;0;0;2;3;9;A01
201300039607;0;32;0;0;2;2;1;B01
201300039608;0;7;0;0;1;2;0;A01
201300039609;0;32;0;0;1;2;21;A01
201300039610;0;33;0;0;1;1;1;A01
201300039611;0;7;0;1;1;3;13;A01
201300039612;0;7;0;0;1;1;0;A01
201300039613;0;33;0;0;1;1;0;A01
201300039614;0;7;0;0;2;2;1;A01
201300039614;0;32;0;0;2;3;1;B01
201300039615;0;7;0;0;0;1;0;A01
201300039615;0;31;0;0;2;7;0;B01
201300039616;0;7;0;0;0;4;1;B01
201300039616;0;7;0;0;2;1;1;A01
201300039617;0;30;0;0;0;5;21;A01
201300039618;0;7;0;0;0;3;18;A01
201300039618;0;7;0;0;2;4;24;B01
201300039619;0;7;0;0;1;0;11;A01
201300039620;0;7;0;0;1;1;0;A01
201300039621;0;7;0;0;1;4;4;A01
201300039622;0;30;0;0;2;1;1;A01
201300039622;0;7;0;0;2;3;1;B01
201300039623;0;34;0;0;1;1;0;A01
201300039624;0;7;0;0;2;2;1;A01
201300039624;0;30;0;0;2;8;1;B01
201300039625;0;7;0;0;1;1;15;A01
201300039626;0;7;0;0;2;1;0;B01
201300039626;0;7;0;0;2;1;0;A01
201300039627;0;7;0;0;1;4;4;A01
201300039628;0;10;0;0;2;1;1;A01
201300039628;0;7;0;0;2;4;1;B01
201300039629;0;34;0;0;1;1;1;A01
201300039630;0;7;0;0;2;1;0;B01
201300039630;0;7;0;0;2;0;0;A01
201300039631;0;7;0;0;2;6;0;A01
201300039631;0;7;0;0;2;7;0;B01
201300039632;0;30;0;0;2;1;18;B01
201300039632;0;7;0;0;2;5;23;A01
201300039633;0;32;0;0;2;1;21;B01
201300039633;0;7;0;0;2;8;22;A01
201300039634;0;7;0;0;1;1;1;A01
201300039635;0;32;0;0;2;0;21;B01
201300039635;0;7;0;0;2;1;10;A01
201300039636;0;7;0;0;1;1;0;A01
201300039637;0;32;0;0;2;1;1;A01
201300039637;0;7;0;0;2;2;11;B01
201300039638;0;30;0;0;2;4;15;B01
201300039638;1;7;0;0;2;1;0;A01
201300039639;0;32;0;0;2;3;0;A01
201300039639;0;37;0;0;2;1;0;B01
201300039640;0;7;0;0;1;1;0;A01
201300039641;0;7;0;0;1;1;0;A01
201300039642;0;2;0;0;0;0;0;A01
201300039643;0;7;0;0;2;1;1;A01
201300039643;0;7;0;0;2;2;1;B01
201300039644;0;7;0;0;1;4;4;A01
201300039645;0;7;0;0;9;1;1;B01
201300039645;0;1;0;0;2;1;1;A01
201300039646;0;30;0;1;0;1;0;A01
201300039647;0;7;0;0;1;4;4;A01
201300039648;0;7;0;0;1;4;4;A01
201300039649;0;7;0;0;1;1;1;A01
201300039650;0;10;0;0;1;1;1;A01
201300039651;0;7;0;0;1;1;0;A01
201300039652;0;7;0;0;0;1;0;A01
201300039653;0;7;0;0;1;2;1;A01
201300039654;0;7;0;0;2;2;1;B01
201300039654;0;2;0;0;2;1;1;A01
201300039655;0;7;0;0;2;4;4;A01
201300039655;0;30;0;0;2;1;0;B01
201300039656;0;33;0;0;2;4;23;B01