num_acc;senc;catv;occutc;obs;obsm;choc;manv;num_veh
201300039656;0;7;0;0;2;1;15;A01
201300039657;0;7;0;0;2;8;15;B01
201300039657;0;33;0;0;2;1;17;A01
201300039658;0;2;0;0;0;8;1;A01
201300039659;0;7;0;0;1;1;13;A01
201300039660;0;7;0;0;1;1;0;A01
201300039661;0;7;0;0;1;1;0;A01
201300039662;0;7;0;0;2;5;0;A01
201300039662;0;31;0;0;2;1;0;B01
201300039663;0;7;0;0;2;3;1;B01
201300039663;0;36;0;0;2;1;1;A01
201300039664;0;2;0;0;0;0;21;B01
201300039664;1;7;0;0;0;0;0;A01
201300039665;0;7;0;1;0;1;9;A01
201300039666;2;10;0;0;1;8;0;A01
201300039667;0;37;1;0;1;2;1;A01
201300039668;0;7;0;0;2;6;15;A01
201300039668;0;34;0;0;2;1;1;B01
201300039669;0;33;0;0;2;1;1;B01
201300039669;0;7;0;0;2;7;15;A01
201300039670;0;7;0;8;0;1;15;A01
201300039671;0;7;0;0;1;2;16;A01
201300039672;0;30;0;0;2;1;1;A01
201300039672;0;7;0;0;2;4;1;B01
201300039673;0;2;0;12;0;1;1;A01
201300039674;0;2;0;14;0;1;1;A01
201300039675;0;3;0;0;2;2;9;A01
201300039675;0;33;0;0;2;1;1;B01
201300039676;0;7;0;0;2;4;11;A01
201300039676;0;32;0;0;2;1;1;B01
201300039677;0;33;0;0;1;1;1;A01
201300039678;0;31;0;0;2;4;1;A01
201300039678;1;7;0;0;2;1;1;Z01
201300039679;0;10;0;0;1;1;1;A01
201300039680;0;7;0;4;0;1;1;A01
201300039681;0;7;0;0;2;3;15;A01
201300039681;0;2;0;0;2;1;1;B01
201300039682;0;7;0;0;1;2;1;A01
201300039683;0;33;0;0;2;1;1;A01
201300039683;0;1;0;0;2;4;1;B01
201300039684;0;31;0;0;0;1;1;A01
201300039685;0;7;0;0;2;8;13;A01
201300039685;0;34;0;0;2;1;17;B01
201300039686;0;30;0;0;2;1;1;B01
201300039686;0;7;0;0;2;6;4;A01
201300039687;0;1;0;0;2;1;1;B01
201300039687;0;7;0;0;2;8;1;A01
201300039688;0;7;0;0;1;1;1;A01
201300039689;0;33;0;8;0;7;15;A01
201300039690;0;2;0;0;1;1;17;A01
201300039691;0;7;0;0;2;3;1;A01
201300039691;0;7;0;0;2;3;13;B01
201300039692;0;2;0;0;0;0;1;A01
201300039693;0;7;0;0;2;1;1;B01
201300039693;0;7;0;0;2;1;1;A01
201300039694;0;33;0;12;0;0;1;A01
201300039695;0;37;4;0;2;1;1;B05
201300039695;0;7;0;0;2;8;1;A05
201300039696;0;30;0;14;0;1;1;A05
201300039697;0;7;0;0;2;1;1;B05
201300039697;0;7;0;9;2;1;1;A05
201300039698;0;7;0;0;2;1;9;A01
201300039698;0;33;0;0;2;1;1;B01
201300039699;0;7;0;0;2;3;15;A01
201300039699;0;33;0;0;2;1;17;B01
201300039700;0;1;0;0;0;1;1;A01
201300039701;0;7;0;0;2;6;10;A01
201300039701;0;30;0;0;2;1;17;B02
201300039702;0;33;0;0;2;8;1;B01
201300039702;0;7;0;0;2;2;9;A01
201300039703;0;7;0;0;2;4;1;B01
201300039703;0;1;0;0;2;1;1;A01
201300039704;0;33;0;0;0;8;1;A01
201300039705;0;7;0;3;0;8;1;A01
201300039706;0;7;0;0;2;1;15;A01
201300039706;0;34;0;0;2;1;1;B01
201300039707;0;7;0;0;1;3;1;A01
201300039708;0;34;0;0;2;1;1;B01
201300039708;0;7;0;0;2;8;9;A01
201300039709;0;7;0;0;1;1;1;A01
201300039710;0;7;0;0;2;7;4;A01
201300039710;0;30;0;0;2;1;1;B01
201300039711;0;7;0;0;1;1;1;A01
201300039712;0;1;0;0;0;1;1;A01
201300039713;0;2;0;0;2;1;1;B01
201300039713;1;10;0;0;2;4;4;A01
201300039714;0;7;0;0;2;1;1;A01
201300039715;0;14;0;1;2;1;24;A01
201300039715;0;14;0;0;2;3;1;B01
201300039716;0;7;0;0;2;2;9;A01
201300039716;0;34;0;1;2;8;1;B01
201300039717;0;7;0;0;1;1;1;A01
201300039718;0;7;0;0;2;3;9;B01
201300039718;0;33;0;0;2;1;1;A01
201300039719;0;30;0;0;1;1;2;A01
201300039720;0;10;0;0;1;2;17;A01
201300039721;0;7;0;1;0;9;1;A01
201300039722;0;7;0;0;1;3;15;A01
201300039723;0;7;0;0;1;3;9;A01
201300039724;0;7;0;0;2;3;15;A01
201300039724;0;31;0;0;2;1;1;B01
201300039725;0;7;0;0;2;1;15;A01
201300039725;0;7;0;0;2;3;2;B01
201300039726;0;7;0;0;1;1;16;A01
201300039727;0;10;0;0;1;2;1;A01
201300039728;0;10;0;0;2;2;1;B01
201300039728;0;7;0;0;2;1;1;A01
201300039729;0;7;0;0;1;2;1;A01
201300039730;0;7;0;0;1;3;1;A01
201300039731;0;32;0;0;2;8;1;A01
201300039731;0;7;0;0;2;1;15;B01
201300039732;0;33;0;0;2;1;1;A01
201300039732;0;7;0;0;2;1;23;B01
201300039733;0;37;1;0;1;3;15;A01
201300039734;0;7;0;0;2;3;10;A01
201300039734;0;31;0;0;2;8;1;B01
201300039735;0;7;0;0;2;8;9;A01
201300039735;0;7;0;0;2;2;1;B01
201300039736;0;34;0;0;1;1;2;A01
201300039737;0;33;0;0;2;1;2;A01
201300039737;0;7;0;0;2;3;2;B01
201300039738;0;10;0;0;0;0;2;B01
201300039738;0;34;0;0;2;0;2;A01
201300039739;0;7;0;0;1;3;1;A01
201300039740;0;7;0;0;1;2;1;A01
201300039741;0;34;0;0;1;1;3;A01
201300039742;0;7;0;0;2;4;2;B01
201300039742;0;7;0;0;2;1;2;A01
201300039743;0;33;0;0;0;8;1;A01
201300039744;0;33;0;15;0;1;21;A01
201300039745;1;7;0;0;0;1;2;Z01
201300039745;0;30;0;0;2;8;2;B01
201300039746;0;7;0;1;0;2;1;A01
201300039747;0;15;0;0;2;3;16;A01
201300039747;0;7;0;12;0;3;16;B01
201300039748;0;7;0;0;1;1;15;A01
201300039749;0;10;0;0;1;2;1;A01
201300039749;0;7;0;0;1;3;1;B01
201300039750;0;1;0;0;2;1;1;B01
201300039750;0;10;0;0;2;5;16;A01
201300039751;0;7;0;0;1;1;1;A01
201300039752;0;33;0;0;1;1;1;A01
201300039753;0;7;0;0;0;8;19;B01
201300039753;0;7;0;0;2;2;10;A01
201300039754;0;14;0;0;1;1;1;A01
201300039755;0;34;0;0;2;1;1;B01
201300039755;0;7;0;0;2;7;15;A01
201300039756;0;7;0;0;1;1;1;A01
201300039757;0;1;0;0;2;1;1;B01
201300039757;0;7;0;0;2;8;24;A01
201300039758;0;33;0;0;2;7;1;B01
201300039758;0;7;0;0;2;1;1;A01
201300039759;0;7;0;0;2;5;15;A01
201300039759;0;33;0;0;2;1;0;B01
201300039760;0;7;0;12;5;2;2;A01
201300039761;0;1;0;1;0;1;1;B01
201300039762;0;31;0;0;1;1;1;A01
201300039763;0;1;0;0;0;1;0;A01
201300039764;0;33;0;12;9;1;2;B01
201300039764;0;7;0;0;2;8;10;A01
201300039765;0;34;0;0;2;4;23;B01
201300039765;2;3;0;9;2;1;2;Z01
201300039765;0;7;0;0;2;1;23;C01
201300039765;0;30;0;0;2;1;23;D01
201300039766;0;7;0;15;0;2;1;A01
201300039767;0;34;0;0;1;1;1;A01
201300039768;0;7;0;0;1;3;9;A01
201300039769;0;32;0;0;0;7;15;A01
201300039769;0;7;0;0;0;3;1;B01
201300039770;0;7;0;0;1;1;5;A01
201300039770;0;7;0;0;2;1;1;B01
201300039771;0;33;0;0;0;4;1;A01
201300039771;0;7;0;0;2;1;1;B01
201300039772;0;1;0;0;2;7;19;B01
201300039772;0;7;0;0;2;2;16;A01
201300039773;0;34;0;0;2;1;19;A01
201300039773;0;7;0;0;0;2;19;B01
201300039774;0;7;0;15;1;1;1;A01
201300039775;0;7;0;0;1;2;0;A01
201300039776;0;31;0;0;2;1;1;A01
201300039776;0;10;0;0;2;7;6;B01
201300039777;0;2;0;0;2;4;6;A01
201300039777;0;34;0;0;2;1;2;B01
201300039778;0;2;0;1;0;1;2;A01
201300039779;0;7;0;0;1;1;14;A01
201300039780;0;32;0;0;2;3;1;A01
201300039780;0;2;0;0;2;7;1;B01
201300039781;0;7;0;0;2;3;15;B01
201300039781;0;2;0;0;2;2;1;A01
201300039782;0;7;0;0;2;2;5;A01
201300039782;0;33;0;0;2;1;1;B01
201300039783;0;7;0;14;0;2;5;A01
201300039784;0;10;0;0;2;3;9;A01
201300039784;0;31;0;0;2;7;1;B01
201300039785;0;7;0;0;1;3;2;A01
201300039786;0;7;0;0;2;3;24;B01
201300039786;0;30;0;1;0;1;1;A01
201300039787;0;10;0;0;2;1;10;A01
201300039787;0;33;0;0;2;1;2;B01
201300039788;0;10;0;0;2;1;1;A01
201300039788;0;7;0;0;2;4;1;B01
201300039789;0;7;0;0;1;7;1;A01
201300039790;0;32;0;0;2;1;1;B01
201300039790;0;10;0;0;2;2;15;A01
201300039791;0;7;0;0;2;3;15;B01
201300039791;0;31;0;0;2;7;17;A01
201300039792;0;7;0;0;1;4;4;A01
201300039793;0;7;0;0;2;4;1;A01
201300039793;0;31;0;0;2;4;10;B01
201300039793;0;10;0;0;2;1;1;C01
201300039794;0;31;0;16;0;7;1;A01
201300039795;1;7;0;0;1;0;1;A01
201300039796;0;7;0;0;1;2;9;A01
201300039797;0;7;0;1;1;4;4;A01
201300039798;0;33;0;1;0;7;1;B01
201300039798;0;7;0;0;2;8;22;A01
201300039799;0;31;0;0;2;7;21;B01
201300039799;0;7;0;0;2;0;15;A01
201300039800;0;10;0;0;2;1;1;A01
201300039800;0;7;0;0;2;4;15;B01
201300039801;0;31;0;0;0;0;0;A01
201300039802;0;1;0;0;2;9;0;C01
201300039802;0;7;0;0;9;8;24;A01
201300039802;0;7;0;0;9;7;2;B01
201300039803;0;7;0;0;2;1;2;A01
201300039803;0;7;0;0;2;4;2;B01
201300039804;0;7;0;0;2;2;15;A01
201300039804;0;34;0;0;2;1;1;B01
201300039805;0;7;0;0;2;3;15;B01
201300039805;0;33;0;0;2;1;5;A01
201300039806;0;7;0;0;2;1;2;A01
201300039806;0;7;0;0;2;4;2;B01
201300039807;0;31;0;14;0;0;0;A01
201300039808;0;15;0;0;2;1;2;A01
201300039808;0;10;0;0;2;4;2;B01
201300039808;0;7;0;0;2;4;2;C01
201300039809;0;32;0;0;0;0;0;A01
201300039810;0;7;0;0;2;1;2;C01
201300039810;0;31;0;0;2;1;2;A01
201300039810;0;7;0;0;2;4;2;B01
201300039811;0;7;0;0;2;3;0;B01
201300039811;0;1;0;0;2;1;0;A01
201300039812;0;17;0;0;1;2;4;A01
201300039813;0;7;0;0;1;1;0;A01
201300039814;1;33;0;0;2;1;17;Z01
201300039814;0;1;0;0;2;0;2;B01
201300039815;0;1;0;0;2;1;5;B01
201300039815;0;20;0;0;2;1;5;A01
201300039816;0;32;0;0;2;0;0;A01
201300039816;0;7;0;0;2;2;0;B01
201300039817;0;7;0;0;1;1;15;A01
201300039818;0;33;0;0;1;0;1;A01
201300039819;1;30;0;0;1;0;16;Z01
201300039820;0;7;0;11;0;1;1;A01
201300039821;0;7;0;0;2;3;24;A01
201300039821;0;1;0;1;0;1;1;B01
201300039822;0;7;0;0;2;2;15;A01
201300039822;0;30;0;0;2;0;1;B01
201300039823;0;2;0;0;2;1;1;A01
201300039823;0;7;0;0;2;2;15;B01
201300039824;0;30;0;0;0;2;1;A01
201300039825;0;33;0;1;2;9;1;B01
201300039825;0;7;0;0;2;3;19;A01
201300039826;0;33;0;0;0;8;1;A01
201300039827;0;7;0;0;1;2;16;A01
201300039828;0;7;0;0;1;1;15;A01
201300039829;0;7;0;0;1;1;16;A01
201300039830;0;7;0;0;1;5;4;A01
201300039831;2;7;0;0;2;4;2;B01
201300039831;0;2;0;0;2;1;2;A01
201300039832;0;7;0;0;1;1;1;A01
201300039833;0;37;99;0;2;6;23;B01
201300039833;0;33;0;1;1;1;17;A01
201300039834;0;33;0;0;1;1;1;A01
201300039835;0;7;0;0;1;1;15;A01
201300039836;0;7;0;15;2;2;1;B01
201300039836;0;7;0;0;2;1;19;A01
201300039837;0;10;0;0;1;2;1;A01
201300039838;0;34;0;0;2;1;2;A01
201300039838;0;7;0;0;2;4;21;B01
201300039839;0;30;0;0;2;0;2;A01
201300039839;0;1;0;0;2;0;2;B01
201300039840;0;31;0;0;0;8;10;A01
201300039841;0;7;0;0;2;3;15;B01
201300039841;0;2;0;0;2;1;17;A01
201300039842;0;34;0;0;2;3;1;B01
201300039842;0;10;0;0;2;1;15;A01
201300039843;0;17;0;0;2;2;17;B01
201300039843;0;31;0;0;2;1;7;A01
201300039844;0;34;0;0;1;1;3;A01
201300039845;0;7;0;0;2;2;15;A01
201300039845;0;33;0;0;2;1;1;B01
201300039846;0;32;0;0;1;2;1;A01
201300039847;0;37;1;0;1;2;1;A01
201300039848;0;7;0;0;2;6;23;A01
201300039848;0;2;0;0;2;2;17;B01
201300039849;0;7;0;0;1;1;1;A01
201300039850;0;34;0;0;0;7;1;A01
201300039851;0;30;0;0;2;4;2;B01
201300039851;0;7;0;0;2;1;2;A01
201300039852;0;7;0;0;2;1;0;A01
201300039852;0;7;0;0;0;4;0;C01
201300039852;0;7;0;0;2;4;0;B01
201300039853;0;7;0;0;2;1;2;A01
201300039853;0;7;0;0;2;1;2;B01
201300039853;0;15;0;0;2;4;1;C01
201300039854;0;7;0;8;0;1;1;A01
201300039855;0;32;0;0;2;5;1;B01
201300039855;0;7;0;0;2;2;15;A01
201300039856;0;7;0;0;1;8;1;A01
201300039857;0;7;0;0;1;1;1;A01
201300039858;0;1;0;0;0;0;2;A01
201300039859;0;7;0;0;2;3;15;B01
201300039859;0;33;0;0;2;2;1;A01
201300039860;0;7;0;0;2;2;0;B01
201300039860;0;30;0;0;2;1;0;A01
201300039861;0;7;0;0;2;1;16;A01
201300039861;0;10;0;0;2;3;1;B01
201300039862;0;1;0;0;2;1;1;B01
201300039862;0;7;0;0;9;2;9;A01
201300039863;0;30;0;8;0;1;21;A01
201300039864;0;34;0;0;2;1;17;A01
201300039864;0;10;0;0;2;6;15;B01
201300039865;0;30;0;0;0;0;21;A01
201300039866;0;7;0;0;1;6;4;A01
201300039867;0;7;0;0;1;3;1;B01
201300039868;0;7;0;7;0;3;17;A01
201300039869;0;10;0;0;1;1;1;A01
201300039870;0;34;0;0;2;1;1;B01
201300039870;0;7;0;0;2;5;15;A01
201300039871;0;7;0;0;2;3;1;B01
201300039871;0;7;0;4;2;3;1;A01
201300039872;0;32;0;0;1;1;1;A01
201300039873;0;7;0;0;2;2;1;A01
201300039873;0;7;0;0;2;1;16;B01
201300039874;0;7;0;0;2;2;9;A01
201300039874;0;30;0;0;2;7;17;B01
201300039875;0;7;0;4;2;1;1;A01
201300039875;0;7;0;0;2;1;23;B01
201300039876;0;2;0;0;2;1;1;B01
201300039876;0;7;0;0;2;2;15;A01
201300039877;0;7;0;0;2;1;2;A01
201300039877;0;7;0;0;2;1;2;B01
201300039877;0;7;0;0;2;4;20;C01
201300039878;0;7;0;0;1;1;1;A01
201300039879;0;7;0;0;2;4;23;A01
201300039879;0;32;0;0;2;1;2;B01
201300039880;0;33;0;0;2;1;1;A01
201300039880;0;7;0;0;2;8;9;B01
201300039881;2;7;0;8;2;8;0;B01
201300039881;2;7;0;6;2;1;0;A01
201300039882;0;1;0;0;2;1;1;B01
201300039882;0;10;0;0;2;2;16;A01
201300039883;0;34;0;0;0;0;2;A01
201300039884;0;30;0;0;0;0;0;B01
201300039884;0;7;0;0;0;0;0;A01
201300039885;0;7;0;0;2;8;1;A01
201300039885;0;34;0;0;2;1;9;B01
201300039886;0;7;0;0;2;5;1;A01
201300039886;0;7;0;0;2;2;1;B01
201300039887;0;7;0;0;1;1;1;A01
201300039888;0;33;0;0;0;0;21;A01
201300039889;0;7;0;0;2;3;16;A01
201300039889;0;33;0;14;2;1;7;B01
201300039890;0;30;0;0;2;1;1;B01
201300039890;0;7;0;0;2;2;1;A01
201300039891;0;30;0;4;0;1;1;Z01
201300039892;0;7;0;0;2;2;15;A01
201300039892;0;30;0;0;2;7;1;B01
201300039893;0;7;0;0;1;1;1;A01
201300039894;0;1;0;0;2;1;19;A02
201300039894;0;7;0;0;2;0;0;A01
201300039895;0;1;0;14;0;1;13;A01
201300039896;0;10;0;0;1;4;4;A01
201300039897;0;7;0;0;2;3;1;A01
201300039897;0;7;0;0;2;2;2;B01
201300039898;2;7;0;0;2;2;0;Z01
201300039898;0;31;0;0;0;1;0;A01
201300039899;0;7;0;0;2;5;23;B01
201300039899;0;33;0;0;2;1;21;A01
201300039899;0;33;0;0;2;6;23;C01
201300039900;0;10;0;0;2;3;11;B01
201300039900;0;31;0;0;2;2;1;A01
201300039901;0;7;0;0;2;2;0;A01
201300039901;0;7;0;0;2;6;1;B01
201300039902;0;10;0;0;2;4;1;C01
201300039902;0;10;0;0;2;1;1;B01
201300039902;0;37;1;0;2;3;15;A01
201300039903;0;10;0;0;1;4;4;A01
201300039904;0;10;0;0;1;3;1;A01
201300039905;0;31;0;0;0;0;0;A01
201300039906;0;10;0;0;2;1;0;B01
201300039906;0;1;0;0;2;1;0;A01
201300039907;0;30;0;0;0;0;2;A01
201300039908;0;7;0;0;1;0;0;A01
201300039909;0;10;0;0;2;1;1;A01
201300039909;0;10;0;0;2;1;1;B01
201300039910;0;30;0;0;2;8;1;A01
201300039910;0;7;0;0;2;4;10;B01
201300039911;0;7;0;0;1;3;1;A01
201300039912;0;13;0;4;0;1;0;A01
201300039913;0;10;0;0;2;3;15;A01
201300039913;0;33;0;0;2;3;1;B01
201300039914;0;33;0;0;2;3;21;A01
201300039914;1;10;0;0;2;1;1;Z01
201300039915;0;14;0;0;2;8;24;B01
201300039915;0;14;0;0;2;2;2;A01
201300039916;0;7;0;12;2;2;1;A01
201300039916;0;7;0;0;2;8;9;B01
201300039917;0;37;1;0;1;2;16;A01
201300039918;0;33;0;0;2;4;1;B01
201300039918;1;7;0;0;2;1;2;Z01
201300039919;0;37;2;0;2;1;18;A01
201300039919;0;7;0;0;2;8;15;B01
201300039920;0;7;0;0;2;7;1;B01
201300039920;0;7;0;0;2;6;13;A01
201300039921;0;7;0;0;2;7;1;B01
201300039921;0;7;0;0;2;1;1;A01
201300039922;1;10;0;0;1;0;0;Z01
201300039923;0;7;0;15;2;7;1;B01
201300039923;0;30;0;0;2;1;1;A01
201300039924;0;1;0;0;2;1;1;B01
201300039924;0;15;0;0;2;2;15;A01
201300039925;0;10;0;0;2;7;15;A01
201300039925;0;10;0;0;2;1;1;B01
201300039926;0;7;0;0;2;1;1;A01
201300039926;0;7;0;0;2;4;1;B01
201300039927;0;30;0;0;2;1;1;B01
201300039927;0;10;0;0;2;3;17;A01
201300039928;0;33;0;0;0;7;1;A01
201300039929;0;7;0;0;2;7;15;B01
201300039929;0;7;0;0;2;1;1;A01
201300039930;0;33;0;0;2;1;1;B01
201300039930;0;7;0;0;2;2;1;A01
201300039931;0;34;0;0;0;0;1;A01
201300039932;0;34;0;15;0;8;0;A01
201300039933;0;7;0;0;2;3;0;B01
201300039933;0;30;0;0;2;1;0;A01
201300039934;0;7;0;1;0;2;14;A01
201300039935;0;7;0;0;1;2;9;A01
201300039936;0;33;0;0;0;0;15;A01
201300039937;0;33;0;0;0;7;0;A01
201300039938;0;7;0;4;0;1;1;A01
201300039939;0;7;0;0;1;4;4;A01
201300039940;0;7;0;0;2;2;1;B01
201300039940;0;7;0;6;2;5;1;A01
201300039941;0;10;0;0;1;2;1;A01
201300039942;0;10;0;0;1;0;1;A01
201300039943;0;13;0;0;2;2;12;A01
201300039943;0;7;0;0;2;6;18;B01
201300039944;0;32;0;0;2;1;16;A01
201300039944;0;7;0;0;2;5;15;B01
201300039945;0;7;0;0;2;1;15;A01
201300039945;0;33;0;0;2;1;1;B01
201300039946;0;30;0;0;0;7;16;A01
201300039947;0;30;0;0;1;1;1;A01
201300039948;0;7;0;0;2;7;10;A01
201300039948;0;7;0;0;2;1;1;B01
201300039949;0;7;0;0;2;2;15;B01
201300039949;0;30;0;0;2;1;1;A01
201300039950;0;37;6;0;1;2;2;A01
201300039951;0;7;0;0;2;2;1;A01
201300039951;0;7;0;0;2;3;1;B01
201300039952;0;31;0;0;2;7;16;B01
201300039952;0;30;0;0;2;1;18;A01
201300039953;0;7;0;0;2;1;1;A01
201300039953;0;7;0;0;2;7;1;B01
201300039954;0;7;0;0;1;1;1;A01
201300039955;0;10;0;0;2;2;16;B01
201300039955;0;34;0;0;2;1;18;A01
201300039956;0;7;0;0;1;1;1;A01
201300039957;0;31;0;0;0;0;0;A01
201300039958;0;7;0;0;1;1;1;A01
201300039959;0;7;0;0;1;1;1;A01
201300039960;0;34;0;0;2;8;17;A01
201300039960;0;10;0;0;0;6;23;B01
201300039961;0;7;0;0;1;7;1;A01
201300039962;0;30;0;0;2;1;1;B01
201300039962;0;10;0;0;2;2;15;A01
201300039963;1;32;0;0;1;2;2;Z01
201300039964;0;7;0;0;1;2;1;A01
201300039965;0;7;0;0;2;1;1;A01
201300039965;0;7;0;0;2;5;1;B01
201300039966;0;2;0;14;0;8;13;A01
201300039967;1;10;0;0;2;0;14;Z01
201300039967;0;30;0;0;2;0;1;B01
201300039968;0;34;0;0;1;1;1;A01
201300039969;0;1;0;0;2;3;19;B01
201300039969;0;10;0;0;2;2;16;A01
201300039970;0;7;0;0;1;1;1;A01
201300039971;0;10;0;0;1;1;15;A01
201300039972;0;33;0;0;0;7;1;A01
201300039973;0;32;0;0;2;1;1;B01
201300039973;0;7;0;0;2;1;17;A01
201300039974;0;37;1;0;1;7;1;A01
201300039975;0;7;0;0;1;7;1;A01
201300039976;0;7;0;0;1;3;1;A01
201300039977;0;7;0;0;2;5;15;A01
201300039977;0;32;0;0;2;1;1;B01
201300039978;0;7;0;0;2;2;10;A01
201300039978;0;31;0;0;2;1;1;B01
201300039979;0;30;0;0;0;0;1;A01
201300039980;0;33;0;0;2;1;1;A01
201300039980;0;7;0;0;2;8;15;B01
201300039981;0;7;0;3;0;9;1;A01
201300039982;0;10;0;0;2;5;1;B01
201300039982;0;33;0;0;2;1;1;A01
201300039983;0;1;0;0;0;1;1;A01
201300039984;0;10;0;0;2;2;15;A01
201300039984;0;37;1;0;2;3;1;B01
201300039985;0;30;0;0;0;7;21;A01
201300039985;0;7;0;0;2;0;0;B01
201300039985;0;7;0;0;0;0;0;C01
201300039986;0;10;0;0;1;5;1;A01
201300039987;0;7;0;0;1;6;4;A01
201300039988;0;7;0;0;0;4;1;B01
201300039988;0;30;0;0;0;1;1;A01
201300039989;0;10;0;0;1;4;4;A01
201300039990;0;33;0;0;1;0;1;A01
201300039991;0;7;0;0;2;3;15;A01
201300039991;0;30;0;0;2;2;17;B01
201300039992;0;10;0;4;0;3;1;A01
201300039993;0;7;0;0;2;1;15;A01
201300039993;0;33;0;0;2;7;1;B01
201300039994;0;10;0;0;2;5;1;B01
201300039994;0;10;0;0;2;3;1;A01
201300039995;0;7;0;3;0;1;1;A01
201300039996;0;7;0;0;1;3;15;A01
201300039997;0;33;0;0;2;1;2;A01
201300039997;0;7;0;0;2;2;16;B01
201300039998;0;7;0;9;1;1;1;A01
201300039998;0;7;0;0;2;3;1;B01
201300039999;0;7;0;0;2;1;1;A01
201300039999;0;34;0;0;0;0;0;B01
201300040000;0;30;0;0;2;9;2;A01
201300040000;0;7;0;0;2;2;14;B01
201300040001;0;7;0;0;2;4;2;B01
201300040001;0;7;0;0;2;1;2;A01
201300040002;0;30;0;0;2;0;1;B01
201300040002;0;7;0;0;2;0;20;A01
201300040003;0;37;0;0;1;2;0;A01
201300040004;0;7;0;0;2;3;9;A01
201300040004;0;32;0;0;2;1;1;B01
201300040005;0;7;0;0;2;2;1;A01
201300040005;0;34;0;0;2;1;9;B01
201300040006;0;32;0;0;2;2;3;A01
201300040006;0;7;0;0;2;4;2;B01
201300040007;0;7;0;0;1;1;1;A01
201300040008;0;10;0;9;1;4;4;A01
201300040009;0;34;0;0;1;1;20;A01
201300040010;0;33;0;0;2;9;1;B01
201300040010;0;7;0;0;2;1;15;A01
201300040011;0;10;0;0;2;2;1;A01
201300040011;0;33;0;0;2;4;15;B01
201300040012;0;2;0;0;0;0;21;A01
201300040013;0;34;0;0;1;1;1;A01
201300040014;0;2;0;0;2;1;1;A01
201300040015;0;31;0;0;2;1;1;B01
201300040015;0;7;0;0;2;3;1;A01
201300040016;0;7;0;0;2;3;1;B01
201300040016;0;30;0;0;2;1;1;A01
201300040017;0;7;0;0;2;7;16;A01
201300040017;0;34;0;0;0;8;18;B01
201300040018;0;7;0;0;2;1;1;A01
201300040018;0;7;0;0;2;1;1;C01
201300040018;0;7;0;0;2;6;1;B01
201300040019;0;14;0;0;1;1;16;A01
201300040020;0;7;0;0;1;1;1;A01
201300040021;0;7;0;0;0;1;1;A01
201300040021;0;1;0;0;0;1;2;B01
201300040022;0;7;0;0;2;2;16;B01
201300040022;0;34;0;0;2;1;5;A01
201300040023;0;32;0;1;0;1;1;A01
201300040024;0;7;0;1;0;1;0;A01
201300040025;0;32;0;16;0;0;1;A01
201300040026;0;32;0;0;1;1;17;A01
201300040027;0;7;0;0;2;4;2;B01
201300040027;0;33;0;0;2;0;2;A01
201300040028;0;33;0;0;2;8;21;B01
201300040028;0;33;0;0;2;1;21;A01
201300040029;0;7;0;0;1;3;1;A01
201300040030;0;7;0;0;1;1;1;A01
201300040031;0;7;0;0;2;4;2;B01
201300040031;0;33;0;0;2;9;2;A01
201300040032;0;31;0;0;2;1;17;B01
201300040032;0;10;0;0;2;8;15;A01
201300040033;0;32;0;0;0;0;16;A01
201300040034;0;33;0;0;1;1;1;A01
201300040035;0;7;0;0;2;1;2;A01
201300040035;0;7;0;0;0;6;2;B01
201300040036;0;30;0;0;0;7;21;A01
201300040037;0;7;0;0;1;1;1;A01
201300040038;0;7;0;0;2;3;0;A01
201300040038;0;1;0;0;2;1;0;B01
201300040039;0;34;0;0;1;1;3;A01
201300040040;0;33;0;0;2;7;1;B01
201300040040;0;7;0;0;2;1;10;A01
201300040041;0;7;0;0;2;3;0;B01
201300040041;0;7;0;0;2;3;15;A01
201300040042;0;31;0;0;2;3;0;A01
201300040042;0;7;0;0;2;8;0;B01
201300040043;0;7;0;0;2;1;1;A01
201300040043;0;7;0;0;2;4;23;B01
201300040044;0;7;0;0;2;8;0;A01
201300040044;0;1;0;0;2;1;0;B01
201300040045;0;7;0;0;1;1;15;A01
201300040046;0;7;0;0;2;1;23;B01
201300040046;0;7;0;0;2;1;2;A01
201300040046;0;10;0;0;0;1;23;C01
201300040047;0;7;0;0;1;4;4;A01
201300040048;0;2;0;0;0;0;0;A01
201300040049;0;31;0;0;2;1;1;B01
201300040049;0;7;0;0;2;8;0;A01
201300040050;0;31;0;0;2;1;0;B01
201300040050;0;7;0;0;2;2;12;A01
201300040051;0;7;0;0;1;1;0;A01
201300040052;0;7;0;0;2;1;9;A01
201300040052;0;32;0;0;2;7;0;B01
201300040053;0;7;0;0;2;6;23;B01
201300040053;0;7;0;1;1;2;2;A01
201300040054;0;2;0;0;2;1;1;A01
201300040054;0;7;0;0;2;7;1;B01
201300040055;0;7;0;0;2;3;15;B01
201300040055;0;32;0;0;2;1;1;A01
201300040056;0;32;0;0;2;1;1;B01
201300040056;0;7;0;0;2;8;10;A01
201300040057;0;33;0;0;2;1;21;A01
201300040057;0;7;0;0;2;4;23;B01
201300040058;0;33;0;0;1;1;1;A01
201300040059;0;31;0;0;2;3;1;B01
201300040059;0;7;0;0;2;8;20;A01