num_acc;senc;catv;occutc;obs;obsm;choc;manv;num_veh
201300040060;0;7;0;0;2;1;1;A01
201300040060;0;7;0;0;2;4;1;B01
201300040061;0;7;0;0;1;4;4;A01
201300040062;0;31;0;0;2;1;2;A01
201300040062;0;7;0;0;2;6;2;B01
201300040063;0;7;0;0;1;2;0;A01
201300040064;0;33;0;0;2;4;2;B01
201300040064;0;7;0;0;2;1;2;A01
201300040065;0;7;0;0;2;5;23;B01
201300040065;0;7;0;0;2;1;20;A01
201300040066;0;7;0;1;0;1;17;A01
201300040067;0;7;0;0;2;6;23;A01
201300040067;0;33;0;0;2;1;18;B01
201300040068;0;32;0;0;2;1;2;A01
201300040068;0;7;0;0;0;4;2;B01
201300040069;0;30;0;1;0;5;21;A01
201300040070;0;7;0;0;2;8;22;A01
201300040070;0;1;0;1;0;1;0;B01
201300040071;1;7;0;0;2;0;0;Z01
201300040071;0;31;0;0;2;7;2;B01
201300040071;0;7;0;0;2;2;2;A01
201300040072;0;7;0;0;1;1;0;A01
201300040073;0;7;0;1;0;3;2;A01
201300040074;0;10;0;0;1;3;0;A01
201300040075;0;7;0;1;0;2;0;A01
201300040076;0;1;0;0;2;3;2;B01
201300040076;0;38;0;0;2;5;16;A01
201300040077;0;7;0;15;1;2;0;A01
201300040078;1;7;0;0;1;0;0;Z01
201300040079;0;33;0;0;2;1;1;B01
201300040079;0;7;0;0;2;7;15;A01
201300040080;0;32;0;0;2;7;1;B01
201300040080;0;7;0;0;2;3;9;A01
201300040081;0;7;0;0;1;1;1;A01
201300040082;0;32;0;0;1;2;1;A01
201300040083;0;7;0;0;2;4;2;B01
201300040083;0;7;0;0;2;1;2;A01
201300040084;0;10;0;0;2;1;15;A01
201300040084;0;30;0;0;2;1;1;B01
201300040085;0;7;0;0;2;0;17;A01
201300040085;0;1;0;0;2;0;15;B01
201300040086;0;7;0;0;2;3;15;B01
201300040086;0;32;0;0;2;3;17;A01
201300040087;0;10;0;0;2;4;2;B01
201300040087;0;30;0;0;2;1;2;A01
201300040088;0;7;0;0;2;1;15;A01
201300040088;0;7;0;0;2;8;1;B01
201300040089;0;33;0;0;2;1;2;A01
201300040089;0;7;0;0;2;4;2;B01
201300040090;0;10;0;0;2;1;0;A01
201300040090;0;32;0;0;2;4;3;B01
201300040091;0;7;0;1;0;1;0;A01
201300040092;0;7;0;0;2;7;14;B01
201300040092;0;34;0;1;2;1;18;A01
201300040093;0;7;0;0;2;2;15;A01
201300040093;0;30;0;0;2;1;0;B01
201300040094;0;7;0;0;2;2;15;A01
201300040094;0;34;0;0;2;1;0;B01
201300040095;0;7;0;0;1;1;0;A01
201300040096;0;30;0;0;0;7;0;A01
201300040097;0;7;0;0;1;1;0;A01
201300040098;0;10;0;0;2;1;1;A01
201300040098;0;7;0;0;2;3;1;B01
201300040099;0;7;0;0;2;1;9;A01
201300040099;0;1;0;0;2;8;5;B01
201300040100;0;30;0;0;0;1;1;A01
201300040101;0;10;0;0;1;1;0;A01
201300040102;0;7;0;0;1;3;1;A01
201300040103;0;32;0;0;2;1;1;B01
201300040103;0;7;0;0;2;5;10;A01
201300040104;0;33;0;0;2;1;0;A01
201300040104;1;7;0;0;2;5;15;Z01
201300040105;0;1;0;0;2;1;0;B01
201300040105;0;7;0;0;2;1;15;A01
201300040106;0;7;0;0;2;1;1;A01
201300040106;0;7;0;0;2;4;23;C01
201300040106;0;7;0;0;2;4;23;B01
201300040107;0;31;0;0;2;1;16;A01
201300040107;0;1;0;0;2;7;19;B01
201300040108;0;10;0;0;2;4;23;B01
201300040108;0;7;0;0;2;4;23;C01
201300040108;0;7;0;0;2;1;1;A01
201300040108;0;7;0;0;2;4;23;D01
201300040109;0;32;0;1;0;7;1;A01
201300040110;0;37;10;0;0;0;1;A01
201300040111;1;7;0;0;1;1;1;A01
201300040112;0;31;0;0;0;8;1;A01
201300040112;1;7;0;0;0;0;0;Z01
201300040113;0;10;0;0;2;7;24;B01
201300040113;0;33;0;1;0;1;1;A01
201300040114;0;7;0;0;1;1;0;A01
201300040115;0;7;0;0;2;7;17;A01
201300040115;0;1;0;0;2;8;2;B01
201300040116;0;32;0;0;2;8;1;B01
201300040116;0;10;0;0;2;3;15;A01
201300040117;0;7;0;0;1;2;1;A01
201300040118;0;10;0;0;2;4;23;B01
201300040118;0;32;0;0;2;1;1;A01
201300040119;0;7;0;0;1;1;14;A01
201300040120;0;7;0;0;2;2;1;A01
201300040120;0;7;0;0;2;6;20;B01
201300040121;0;1;0;0;2;0;0;B01
201300040121;0;7;0;0;2;0;0;A01
201300040122;0;33;0;0;2;4;23;B01
201300040122;0;7;0;0;2;1;2;A01
201300040123;0;7;0;0;1;2;0;A01
201300040124;0;7;0;0;2;7;0;A01
201300040124;0;7;0;0;2;1;0;B01
201300040125;0;2;0;1;0;1;0;A01
201300040126;0;7;0;0;2;2;16;B01
201300040126;0;2;0;0;2;1;18;A01
201300040127;0;7;0;0;2;7;10;A01
201300040127;0;33;0;0;2;1;0;B01
201300040128;0;7;0;0;2;4;1;B01
201300040128;0;10;0;0;2;1;1;A01
201300040129;0;7;0;0;2;4;1;B01
201300040129;0;10;0;0;2;1;1;A01
201300040130;0;7;0;0;0;6;2;B01
201300040130;0;7;0;0;2;1;2;A01
201300040131;0;33;0;0;2;3;0;A01
201300040131;0;7;0;0;2;0;15;C01
201300040132;0;32;0;0;0;7;21;A01
201300040133;0;33;0;0;0;8;1;A01
201300040134;0;7;0;0;2;4;23;B01
201300040134;0;32;0;0;2;1;1;A01
201300040135;0;10;0;0;2;4;2;C01
201300040135;0;7;0;0;2;1;2;A01
201300040135;0;33;0;0;2;4;2;B01
201300040136;0;1;0;0;2;8;0;B01
201300040136;0;10;0;0;2;1;15;A01
201300040137;0;7;0;0;1;1;1;A01
201300040138;0;7;0;0;2;1;0;B01
201300040138;0;7;0;0;2;8;15;A01
201300040139;0;30;0;0;2;1;15;A01
201300040139;0;7;0;0;2;2;2;B01
201300040140;0;33;0;0;1;1;2;A01
201300040141;0;7;0;0;1;1;15;A01
201300040142;0;7;0;0;2;1;1;B01
201300040142;0;7;0;0;2;1;17;A01
201300040143;0;15;0;0;1;5;1;A01
201300040144;0;2;0;0;2;1;1;B01
201300040144;0;7;0;0;2;3;15;A01
201300040145;0;33;0;0;0;8;1;A01
201300040146;0;7;0;0;1;6;4;A01
201300040147;0;7;0;1;0;1;15;A01
201300040148;0;7;0;0;2;4;2;B01
201300040148;0;7;0;0;2;1;2;A01
201300040149;0;33;0;0;0;9;1;A01
201300040150;0;31;0;0;2;8;1;B01
201300040150;0;7;0;0;2;3;9;A01
201300040151;0;33;0;6;2;1;19;A01
201300040151;0;7;0;0;2;1;1;B01
201300040152;0;7;0;0;2;1;2;A01
201300040152;0;10;0;0;2;4;2;B01
201300040153;0;7;0;0;2;4;17;B01
201300040153;0;33;0;0;2;1;2;A01
201300040154;0;10;0;0;2;2;1;A01
201300040154;0;7;0;0;2;1;15;B01
201300040155;0;7;0;0;2;4;4;A01
201300040155;0;31;0;0;2;1;1;B01
201300040156;0;10;0;0;2;1;1;A01
201300040156;0;1;0;0;2;1;2;B01
201300040157;0;7;0;0;2;8;15;B01
201300040157;0;1;0;0;2;1;17;A01
201300040158;0;2;0;1;0;1;1;A01
201300040159;0;30;0;6;0;1;21;A01
201300040160;0;7;0;0;2;3;15;B01
201300040160;0;32;0;0;2;2;1;A01
201300040161;0;30;0;0;1;1;1;A01
201300040162;0;2;0;0;1;1;21;A01
201300040163;0;7;0;0;1;1;2;A01
201300040164;0;7;0;0;1;1;1;A01
201300040165;0;7;0;0;2;1;2;A01
201300040165;0;7;0;0;2;4;2;B01
201300040165;0;7;0;0;2;4;2;C01
201300040166;1;7;0;0;1;1;15;A01
201300040167;0;7;0;0;2;3;15;B01
201300040167;0;30;0;0;2;9;17;A01
201300040168;0;7;0;1;0;1;1;A01
201300040169;0;30;0;0;0;8;1;A01
201300040170;0;32;0;0;1;1;1;A01
201300040171;0;1;0;0;2;7;19;B01
201300040171;0;7;0;0;2;1;1;A01
201300040172;0;30;0;0;2;7;21;A01
201300040172;0;7;0;0;2;1;16;B01
201300040173;0;7;0;8;0;1;0;A01
201300040174;0;7;0;0;1;1;0;A01
201300040175;0;7;0;8;0;1;0;A01
201300040176;0;7;0;0;0;1;0;A01
201300040177;0;7;0;0;2;4;0;B01
201300040177;1;7;0;0;2;1;0;Z01
201300040177;0;7;0;0;2;4;0;A01
201300040178;0;33;0;0;0;1;0;A01
201300040179;0;10;0;0;1;4;4;A01
201300040180;0;32;0;0;2;9;18;A01
201300040180;0;10;0;0;2;5;1;B01
201300040181;0;7;0;0;1;1;15;A01
201300040182;0;7;0;0;2;1;1;A01
201300040182;0;7;0;0;2;4;23;B01
201300040183;0;1;0;0;2;1;1;A01
201300040183;0;7;0;0;2;4;23;B01
201300040184;0;7;0;0;2;1;17;A01
201300040184;0;1;0;0;2;8;1;B01
201300040185;0;7;0;0;1;1;16;A01
201300040186;0;34;0;0;1;1;17;A01
201300040187;0;30;0;0;2;9;17;A01
201300040187;0;7;0;0;2;3;15;B01
201300040188;0;10;0;0;2;1;15;A01
201300040188;0;34;0;0;2;8;1;B01
201300040189;0;34;0;0;2;9;16;A01
201300040189;0;34;0;0;2;9;16;B01
201300040190;0;37;1;0;2;6;23;C01
201300040190;0;34;0;0;2;1;21;A01
201300040190;0;7;0;0;2;2;23;B01
201300040191;0;1;0;0;2;1;15;B01
201300040191;0;7;0;0;2;3;1;A01
201300040192;0;99;0;0;2;4;1;B01
201300040192;0;7;0;0;2;1;2;A01
201300040193;0;10;0;0;2;7;2;B01
201300040193;0;33;0;0;2;7;3;A01
201300040194;0;2;0;0;0;8;2;A01
201300040195;0;7;0;0;2;1;2;A01
201300040195;0;7;0;0;2;8;16;B01
201300040196;0;2;0;12;0;3;1;A01
201300040197;0;20;0;0;1;8;1;A01
201300040198;0;7;0;0;2;8;15;A01
201300040198;0;30;0;0;2;7;17;B01
201300040199;0;7;0;0;9;3;9;A01
201300040199;0;1;0;0;2;1;9;B01
201300040200;0;7;0;0;0;6;23;A01
201300040200;0;32;0;1;0;1;2;B01
201300040201;0;7;0;0;1;2;1;A01
201300040202;0;7;0;0;1;2;2;A01
201300040203;0;7;0;0;0;4;2;B01
201300040203;0;7;0;0;2;1;2;A01
201300040204;0;7;0;14;0;9;1;A01
201300040205;0;7;0;0;2;3;13;A01
201300040205;0;14;0;0;2;3;1;B01
201300040206;0;7;0;0;2;4;23;B01
201300040206;0;7;0;0;2;1;12;A01
201300040207;1;32;0;0;1;1;0;Z01
201300040208;0;30;0;0;2;8;1;B01
201300040208;0;7;0;0;2;0;9;A01
201300040209;0;33;0;0;0;7;16;A01
201300040210;0;34;0;9;0;1;0;A01
201300040211;0;2;0;0;1;1;1;A01
201300040212;0;1;0;0;2;7;2;B01
201300040212;0;7;0;0;2;3;2;A01
201300040213;0;7;0;0;0;0;16;B01
201300040213;0;2;0;0;2;8;18;A01
201300040214;0;7;0;0;2;6;15;B01
201300040214;0;30;0;0;2;1;1;A01
201300040215;0;7;0;0;2;2;1;B01
201300040215;0;7;0;0;2;3;15;A01
201300040216;0;31;0;0;0;8;10;A01
201300040217;0;14;0;0;2;1;4;A01
201300040217;0;1;0;0;2;0;1;B01
201300040218;0;7;0;0;2;7;15;B01
201300040218;0;30;0;0;2;2;18;A01
201300040219;0;33;0;0;2;7;1;B01
201300040219;0;7;0;0;2;1;15;A01
201300040220;0;33;0;0;2;1;17;B01
201300040220;0;7;0;0;2;0;13;A01
201300040221;0;32;0;0;2;8;2;B01
201300040221;0;7;0;0;2;6;9;A01
201300040222;0;1;0;12;0;0;0;A01
201300040223;0;30;0;0;2;7;2;A01
201300040223;1;7;0;0;2;8;9;Z01
201300040224;0;7;0;0;2;1;23;B01
201300040224;0;7;0;0;0;4;23;A01
201300040224;0;7;0;0;2;1;2;C01
201300040225;0;33;0;0;2;1;9;B01
201300040225;0;7;0;0;2;1;9;A01
201300040226;0;7;0;0;1;4;24;A01
201300040227;0;33;0;0;2;1;17;B01
201300040227;0;7;0;0;2;8;15;A01
201300040228;0;7;0;0;1;2;2;A01
201300040229;0;7;0;0;2;2;1;B01
201300040229;0;7;0;0;2;1;15;A01
201300040230;0;2;0;0;0;0;1;A01
201300040231;0;7;0;0;1;2;1;A01
201300040232;0;1;0;0;0;0;1;A01
201300040233;0;32;0;0;0;7;1;A01
201300040234;0;7;0;0;0;0;15;A01
201300040234;0;30;0;0;0;7;1;B01
201300040235;0;2;0;4;0;1;17;A01
201300040236;0;7;0;0;1;3;16;A01
201300040237;0;7;0;0;1;3;15;A01
201300040238;0;7;0;0;1;4;20;A01
201300040239;0;7;0;2;0;1;15;A01
201300040240;0;10;0;0;2;4;1;B01
201300040240;0;38;1;0;2;1;1;A01
201300040241;0;30;0;8;1;1;0;A01
201300040242;0;33;0;0;2;1;1;A01
201300040242;0;1;0;0;2;8;15;B01
201300040243;0;1;0;0;2;3;1;B01
201300040243;0;7;0;0;2;2;9;A01
201300040244;0;7;0;0;2;4;1;B01
201300040244;0;2;0;0;2;1;1;A01
201300040245;0;32;0;12;0;1;2;A01
201300040246;1;31;0;0;2;1;1;Z01
201300040246;0;10;0;0;2;4;1;B01
201300040247;0;1;0;1;0;1;1;B01
201300040247;0;7;0;0;2;8;24;A01
201300040248;0;7;0;0;1;1;16;A01
201300040249;0;7;0;2;0;1;19;A01
201300040250;0;7;0;0;2;8;1;B01
201300040250;0;33;0;0;2;1;1;A01
201300040251;0;30;0;0;0;7;1;A01
201300040252;0;7;0;0;0;4;23;B01
201300040252;0;10;0;0;2;1;2;A01
201300040253;0;30;0;12;0;1;13;A01
201300040254;0;7;0;0;1;2;1;A01
201300040255;0;33;0;0;0;8;1;A01
201300040256;0;30;0;14;0;1;1;A01
201300040257;0;7;0;0;2;4;1;A01
201300040257;0;10;0;0;2;1;1;B01
201300040258;0;7;0;0;2;1;2;A01
201300040258;0;7;0;0;2;4;23;B01
201300040259;0;30;0;0;2;8;1;B01
201300040259;0;7;0;0;2;1;15;A01
201300040260;0;1;0;0;0;0;1;A01
201300040260;0;7;0;0;0;0;20;B01
201300040261;0;2;0;0;2;8;2;A01
201300040261;1;99;0;0;2;1;3;Z01
201300040262;0;34;0;0;2;1;2;A01
201300040262;0;7;0;0;2;6;2;B01
201300040263;2;7;0;0;1;2;0;A01
201300040264;0;7;0;0;1;3;15;A01
201300040265;0;33;0;0;2;2;2;B01
201300040265;0;7;0;0;2;3;15;A01
201300040266;0;7;0;0;1;1;1;A01
201300040267;0;1;0;0;2;0;2;B01
201300040267;0;7;0;0;2;7;14;A01
201300040268;0;7;0;0;2;8;2;B01
201300040268;0;33;0;0;2;7;2;A01
201300040269;0;7;0;0;1;1;1;A01
201300040270;0;7;0;9;0;2;14;A01
201300040271;1;30;0;0;0;0;6;Z01
201300040272;0;7;0;6;2;2;14;A01
201300040273;0;7;0;0;1;0;0;A01
201300040274;0;31;0;0;2;1;1;B01
201300040274;0;10;0;0;2;7;15;A01
201300040275;0;7;0;0;2;1;2;C01
201300040275;0;10;0;0;2;1;2;A01
201300040275;0;7;0;0;2;4;2;B01
201300040275;0;7;0;0;0;4;2;E01
201300040275;0;7;0;0;2;1;2;D01
201300040276;0;34;0;0;2;8;1;B01
201300040276;0;7;0;0;2;3;15;A01
201300040277;0;33;0;0;2;1;1;B01
201300040277;0;7;0;0;2;8;10;A01
201300040278;0;7;0;0;2;1;1;B01
201300040278;0;7;0;0;2;5;4;A01
201300040279;0;10;0;0;2;3;15;A01
201300040279;0;2;0;0;2;1;2;B01
201300040280;0;34;0;0;0;0;1;A01
201300040281;0;1;0;1;0;1;2;A01
201300040281;0;7;0;0;0;8;24;B01
201300040282;0;7;0;0;2;1;1;A01
201300040282;0;7;0;0;2;4;1;B01
201300040283;0;33;0;9;1;8;1;A01
201300040284;0;30;0;0;2;8;9;B01
201300040284;0;7;0;0;2;1;1;A01
201300040285;0;7;0;8;2;1;1;A01
201300040285;0;7;0;0;2;8;1;B01
201300040286;0;30;0;0;0;4;2;A01
201300040286;1;7;0;0;2;1;2;Z01
201300040287;0;33;0;0;0;8;1;A01
201300040288;0;7;0;0;2;4;2;B01
201300040288;0;7;0;0;2;1;2;A01
201300040289;0;7;0;0;1;7;1;A01
201300040290;0;7;0;0;1;3;1;A01
201300040291;0;7;0;0;2;4;2;B01
201300040291;0;7;0;0;2;1;2;A01
201300040292;0;7;0;0;0;4;2;B01
201300040292;0;7;0;0;2;1;2;A01
201300040293;0;7;0;6;0;9;1;A01
201300040294;0;32;0;0;2;1;1;A01
201300040294;0;7;0;0;2;2;1;B01
201300040295;0;10;0;0;2;3;15;A01
201300040295;0;31;0;0;2;1;1;B01
201300040296;0;2;0;0;0;7;16;A01
201300040297;0;2;0;0;1;1;1;A01
201300040298;0;7;0;7;0;3;1;A01
201300040299;0;7;0;0;2;1;1;A01
201300040299;0;10;0;0;2;4;1;B01
201300040300;0;32;0;0;2;1;1;A01
201300040300;0;7;0;0;2;5;1;B01
201300040301;0;32;0;0;2;1;1;B01
201300040301;0;1;0;0;2;8;10;A01
201300040302;0;30;0;0;2;1;1;B01
201300040302;0;10;0;0;2;6;23;A01
201300040303;0;31;0;1;0;7;1;A01
201300040304;0;7;0;0;1;1;1;A01
201300040305;0;31;0;12;0;7;1;A01
201300040306;0;32;0;0;0;0;2;A01
201300040307;0;1;0;0;2;1;0;B01
201300040307;0;7;0;0;2;8;9;A01
201300040308;0;7;0;8;0;1;1;A01
201300040309;0;7;0;0;2;1;1;A01
201300040309;0;33;0;11;2;1;17;B01
201300040310;0;30;0;0;0;8;1;A01
201300040311;0;7;0;0;2;8;10;A01
201300040311;0;33;0;0;2;1;17;B01
201300040312;0;33;0;0;2;0;17;A01
201300040312;0;7;0;0;2;3;15;B01
201300040313;0;7;0;0;1;1;1;A01
201300040314;1;7;0;0;2;7;12;B01
201300040314;0;30;0;0;2;8;1;A01
201300040315;0;32;0;0;0;0;2;A01
201300040316;0;31;0;0;2;7;1;B01
201300040316;0;7;0;0;2;3;11;A01
201300040317;0;7;0;15;0;1;1;A01
201300040318;0;10;0;0;2;2;1;B01
201300040318;0;7;0;0;2;6;15;A01
201300040319;0;33;0;15;0;0;1;A01
201300040320;0;30;0;0;1;0;19;A01
201300040321;0;13;0;8;0;0;1;A01
201300040322;0;31;0;0;2;1;1;A01
201300040322;0;7;0;0;2;4;1;B01
201300040323;0;31;0;0;2;7;1;A01
201300040323;0;7;0;0;2;1;15;B01
201300040324;0;7;0;0;2;3;11;A01
201300040324;0;33;0;0;2;7;1;B01
201300040325;0;30;0;0;2;1;16;B01
201300040325;0;7;0;0;2;2;1;A01
201300040326;0;32;0;12;0;1;1;A01
201300040327;0;10;0;0;2;7;2;B01
201300040327;0;33;0;0;2;8;18;A01
201300040328;0;7;0;6;0;4;20;A01
201300040329;0;32;0;0;0;0;17;A01
201300040329;0;37;1;0;2;0;9;B01
201300040330;0;33;0;0;2;1;2;A01
201300040330;0;7;0;0;2;8;2;C01
201300040330;0;33;0;0;2;4;2;B01
201300040331;0;33;0;0;2;7;1;A01
201300040331;0;7;0;0;2;3;9;B01
201300040332;0;7;0;0;2;1;2;A01
201300040332;0;7;0;0;2;4;23;B01
201300040333;0;33;0;0;2;3;1;A01
201300040333;0;7;0;0;2;5;1;B01
201300040334;0;7;0;0;2;2;10;A01
201300040334;0;33;0;0;2;3;2;B01
201300040335;0;7;0;0;2;6;1;B01
201300040335;0;33;0;0;2;7;1;A01
201300040336;0;7;0;3;0;2;1;A01
201300040337;0;30;0;0;2;7;23;B01
201300040337;0;10;0;0;2;1;2;A01
201300040338;0;30;0;0;2;4;2;B01
201300040338;0;33;0;1;2;1;2;A01
201300040339;0;30;0;14;0;7;2;A01
201300040340;0;10;0;0;2;8;1;B01
201300040340;0;7;0;0;2;1;1;A01
201300040341;0;33;0;0;2;1;2;B01
201300040341;0;15;0;0;2;6;11;A01
201300040342;0;30;0;0;0;0;0;A01
201300040343;0;33;0;0;2;2;1;A01
201300040343;0;7;0;0;2;3;16;B01
201300040344;0;33;0;0;2;1;1;B01
201300040344;0;7;0;0;2;7;15;A01
201300040345;0;32;0;0;0;7;0;A01
201300040346;0;33;0;0;1;1;1;A01
201300040347;0;7;0;0;1;1;1;A01
201300040348;0;7;0;0;1;2;1;A01
201300040349;0;34;0;0;0;8;1;A01
201300040350;0;7;0;0;2;4;2;B01
201300040350;0;7;0;0;2;1;2;A01
201300040351;0;17;0;0;9;1;1;B01
201300040351;0;1;0;0;2;1;1;A01
201300040352;0;1;0;0;0;0;1;A01
201300040353;0;7;0;0;1;1;15;A01
201300040354;0;31;0;0;2;1;1;B01
201300040354;0;13;0;0;2;3;10;A01
201300040355;0;7;0;0;1;1;1;A01
201300040356;0;30;0;0;2;1;1;A01
201300040356;0;30;0;0;2;8;1;B01
201300040357;0;13;0;0;2;1;15;A01
201300040357;0;30;0;0;2;1;15;B01
201300040358;0;31;0;0;2;4;2;A01
201300040358;0;37;3;0;2;1;2;B01
201300040359;0;7;0;0;1;2;1;A01
201300040360;0;33;0;0;2;7;1;B01
201300040360;0;7;0;0;2;3;1;A01
201300040361;0;7;0;0;1;1;1;A01
201300040362;0;7;0;0;2;8;10;A01
201300040362;0;33;0;0;2;1;17;B01
201300040363;0;10;0;0;2;3;15;B01
201300040363;0;34;0;0;2;2;17;A01
201300040364;0;32;0;0;0;7;1;A01
201300040365;0;7;0;0;2;4;1;B01
201300040365;0;10;0;0;2;1;1;C01
201300040365;0;14;0;0;2;1;1;A01
201300040366;0;7;0;0;2;4;2;C01
201300040366;0;7;0;0;2;4;2;B01
201300040366;0;7;0;0;2;4;2;D01
201300040366;0;7;0;0;2;1;1;A01
201300040367;0;7;0;0;6;1;1;A01
201300040368;0;2;0;0;0;7;0;A01
201300040369;0;33;0;0;0;8;1;A01
201300040370;0;32;0;0;2;1;1;B01
201300040370;0;7;0;0;2;1;9;A01
201300040371;0;7;0;0;2;2;15;A01
201300040371;0;7;0;0;2;1;2;B01
201300040372;0;33;0;0;2;1;2;A01
201300040372;0;33;0;0;2;4;2;B01
201300040373;0;30;0;1;0;1;1;A01
201300040374;0;33;0;0;0;3;2;A01
201300040375;0;34;0;0;2;8;1;B01
201300040375;0;7;0;0;2;2;14;A01
201300040376;0;30;0;0;2;8;18;A01
201300040376;0;7;0;0;2;2;14;B01
201300040377;0;30;0;0;1;1;1;A01
201300040378;0;30;0;0;2;1;2;A01
201300040378;0;14;0;0;2;4;2;B01
201300040379;0;32;0;0;2;1;2;A01
201300040379;0;7;0;0;2;4;2;B01
201300040380;0;30;0;0;2;1;17;A01
201300040380;0;7;0;0;2;3;15;B01
201300040381;0;7;0;0;1;4;23;A01
201300040382;0;33;0;0;2;1;17;B01
201300040382;0;7;0;0;2;3;10;A01
201300040383;0;31;0;0;2;1;1;B01
201300040383;0;10;0;0;2;1;5;A01
201300040384;0;7;0;0;2;3;10;A01
201300040384;0;33;0;0;2;1;17;B01
201300040385;0;32;0;0;0;0;1;A01
201300040386;0;14;0;0;1;7;17;A01
201300040387;0;10;0;0;2;8;23;A01
201300040387;0;33;0;0;2;1;17;B01
201300040388;0;7;0;0;2;0;2;C01
201300040388;0;33;0;0;2;1;3;A01
201300040388;0;7;0;0;2;6;1;B01
201300040389;0;7;0;0;2;8;22;B01
201300040389;0;30;0;0;2;7;17;A01
201300040390;0;7;0;0;2;1;2;A01
201300040390;0;7;0;0;2;1;2;B01
201300040391;0;30;0;0;2;3;2;B01
201300040391;0;7;0;0;2;2;16;A01
201300040392;0;33;0;12;0;1;1;A01
201300040393;0;30;0;0;2;1;1;A01
201300040393;0;7;0;0;2;8;9;B01
201300040394;0;37;1;0;1;2;1;A01
201300040395;0;7;0;15;0;1;1;A01
201300040396;0;7;0;0;1;2;17;A01
201300040397;0;13;0;0;1;1;1;A01
201300040398;0;7;0;0;2;1;2;A01
201300040398;0;7;0;0;2;4;2;B01
201300040398;0;7;0;0;2;4;2;C01
201300040399;0;13;0;1;2;2;17;A01
201300040399;0;17;0;0;2;6;23;B01
201300040400;0;7;0;0;2;8;15;A01
201300040400;0;33;0;0;2;1;2;B01
201300040401;0;33;0;0;2;8;18;B01
201300040401;0;33;0;0;2;7;17;A01
201300040402;0;33;0;0;2;1;1;B01
201300040402;0;7;0;0;2;3;10;A01
201300040403;0;7;0;0;1;1;9;A01
201300040404;0;14;0;0;2;4;2;C01
201300040404;0;13;0;0;2;1;2;A01
201300040404;0;7;0;0;2;4;2;B01
201300040405;0;7;0;0;1;1;1;A01
201300040406;0;13;0;0;2;0;1;A01
201300040406;0;1;0;0;2;4;2;B01
201300040407;0;30;0;0;0;7;1;A01
201300040408;0;7;0;0;2;1;23;B01
201300040408;2;7;0;0;2;1;0;A01
201300040409;0;7;0;0;1;0;1;A01
201300040410;0;7;0;0;2;8;10;A01
201300040410;0;33;0;0;2;7;17;B01
201300040411;0;1;0;0;0;8;1;A01
201300040412;0;32;0;0;1;1;1;A01
201300040413;0;13;0;0;2;1;9;B01
201300040413;0;30;0;0;2;7;2;A01
201300040414;0;30;0;0;0;7;2;A01
201300040415;0;33;0;0;2;1;1;B01
201300040415;0;7;0;0;2;8;15;A01
201300040416;0;30;0;0;2;1;1;B01
201300040416;0;7;0;0;2;6;10;A01
201300040417;0;32;0;0;2;1;1;A01
201300040417;0;7;0;0;2;8;9;B01
201300040418;0;30;0;0;2;1;17;A01
201300040418;0;7;0;0;2;3;15;B01
201300040419;0;33;0;0;1;1;1;A01
201300040420;0;30;0;0;0;8;1;A01
201300040421;0;10;0;0;2;1;2;A01
201300040421;0;7;0;0;2;4;2;B01
201300040422;0;1;0;0;0;0;0;A01
201300040423;0;7;0;0;2;1;2;A01
201300040423;0;7;0;0;2;4;2;B01
201300040424;0;7;0;4;0;1;1;A01
201300040425;0;32;0;4;0;1;1;A01
201300040426;0;7;0;0;2;4;23;B01
201300040426;0;7;0;0;2;1;1;A01
201300040427;0;7;0;0;2;3;15;A01
201300040427;0;33;0;0;2;1;17;B01
201300040428;0;7;0;0;0;4;0;A01
201300040429;0;33;0;0;2;1;1;B01
201300040429;0;10;0;0;2;7;1;A01
201300040430;0;7;0;0;2;1;1;A01
201300040430;0;33;0;0;2;4;23;B01
201300040431;0;31;0;0;1;1;1;A01
201300040432;0;7;0;0;1;1;16;A01
201300040433;0;10;0;0;2;6;10;A01
201300040433;0;34;0;0;2;1;1;B01
201300040434;0;7;0;0;1;7;1;A01
201300040435;0;1;0;0;2;1;1;B01
201300040435;0;7;0;0;2;7;15;A01
201300040436;0;7;0;0;2;3;15;A01
201300040436;0;32;0;0;2;1;1;B01
201300040437;0;30;0;0;0;8;1;A01
201300040438;0;7;0;0;2;2;15;A01
201300040438;0;7;0;0;2;1;1;B01
201300040439;0;7;0;0;1;6;1;A01
201300040440;0;7;0;0;2;3;11;A01
201300040440;0;7;0;0;2;5;23;B01
201300040441;0;34;0;0;0;0;1;A01
201300040442;0;37;1;0;1;3;1;A01
201300040443;0;33;0;0;2;1;1;A01
201300040443;0;7;0;0;2;4;23;B01
201300040444;0;30;0;0;2;1;1;A01
201300040444;0;7;0;0;2;3;1;B01
201300040445;0;10;0;0;2;4;1;B01
201300040445;0;7;0;8;2;1;1;A01
201300040446;0;1;0;12;0;1;1;A01
201300040447;0;7;0;0;1;1;15;A01
201300040448;0;7;0;0;2;4;1;B01
201300040448;0;34;0;0;2;1;1;A01
201300040449;0;1;0;0;2;2;18;B01
201300040449;0;7;0;0;2;8;16;A01
201300040450;0;7;0;0;2;8;15;A01
201300040450;0;30;0;0;2;1;17;B01