num_acc;senc;catv;occutc;obs;obsm;choc;manv;num_veh
201300040451;0;30;0;12;0;7;14;A01
201300040452;0;7;0;0;2;0;9;B01
201300040452;0;30;0;0;0;0;1;A01
201300040453;0;7;0;0;1;1;1;A01
201300040454;0;32;0;3;0;1;1;A01
201300040455;0;10;0;0;1;4;4;A01
201300040456;0;10;0;0;1;3;1;A01
201300040457;0;7;0;0;2;4;23;B01
201300040457;0;7;0;2;2;1;1;A01
201300040458;0;30;0;0;2;1;18;A01
201300040458;0;7;0;0;2;7;14;B01
201300040459;0;2;0;0;0;0;1;A01
201300040460;0;1;0;0;2;6;1;B01
201300040460;0;7;0;0;2;7;12;A01
201300040461;0;7;0;0;2;5;1;B01
201300040461;0;1;0;0;2;1;18;A01
201300040462;0;7;0;0;1;1;1;A01
201300040463;0;7;0;0;2;4;1;B01
201300040463;0;7;0;0;2;1;14;A01
201300040464;0;32;0;0;0;0;1;A01
201300040465;0;34;0;0;2;4;15;B01
201300040465;0;7;0;0;2;1;1;A01
201300040466;0;7;0;0;1;1;1;A01
201300040467;0;1;0;0;0;0;1;A01
201300040468;0;7;0;0;2;4;23;B01
201300040468;0;10;0;0;2;1;1;A01
201300040469;0;7;0;0;2;8;10;A01
201300040469;0;30;0;0;2;1;1;B01
201300040470;0;7;0;0;2;1;1;B01
201300040470;0;7;0;0;2;5;4;A01
201300040471;0;33;0;10;0;1;1;A01
201300040472;0;7;0;1;0;2;1;A01
201300040473;0;14;0;0;2;1;1;A01
201300040473;0;7;0;0;2;4;23;C01
201300040473;0;7;0;0;2;4;23;B01
201300040474;0;14;0;0;1;1;1;A01
201300040475;0;7;0;0;1;8;1;A01
201300040476;0;7;0;0;1;1;1;A01
201300040477;0;30;0;0;2;4;1;B01
201300040477;0;10;0;0;2;1;1;A01
201300040478;0;33;0;0;0;0;17;B01
201300040478;0;7;0;0;0;0;15;A01
201300040479;0;33;0;0;0;0;13;A01
201300040480;0;33;0;0;2;2;2;A01
201300040480;0;7;0;0;2;3;13;B01
201300040481;0;7;0;0;2;2;1;A01
201300040481;0;30;0;0;2;8;1;B01
201300040482;0;2;0;0;0;0;17;A01
201300040483;0;30;0;0;2;1;1;B01
201300040483;0;7;0;0;0;8;9;A01
201300040484;0;7;0;0;1;1;1;A01
201300040485;0;7;0;0;2;5;12;B01
201300040485;0;33;0;0;2;1;3;A01
201300040486;0;7;0;0;2;3;16;A01
201300040486;0;1;0;0;2;1;1;B01
201300040487;0;7;0;0;2;1;1;A01
201300040487;0;7;0;0;2;4;1;B01
201300040488;0;7;0;0;2;2;15;B01
201300040488;0;1;0;0;2;1;1;A01
201300040489;0;7;0;0;2;3;15;A01
201300040489;0;31;0;0;2;1;17;B01
201300040490;0;37;1;0;2;1;1;A01
201300040490;0;7;0;0;2;4;1;B01
201300040491;0;32;0;0;2;1;0;B01
201300040491;0;7;0;0;2;4;20;A01
201300040492;0;7;0;0;1;7;1;A01
201300040493;0;1;0;0;2;1;1;B01
201300040493;0;33;0;0;2;1;15;A01
201300040494;0;2;0;0;0;1;1;A01
201300040495;0;33;0;0;2;1;17;B01
201300040495;0;7;0;0;2;3;15;A01
201300040496;0;33;0;0;2;1;1;B01
201300040496;0;7;0;0;2;3;15;A01
201300040497;0;7;0;0;2;4;23;B01
201300040497;0;7;0;0;2;1;1;A01
201300040498;0;32;0;0;1;1;1;A01
201300040499;0;7;0;0;1;1;2;A01
201300040500;0;7;0;0;2;3;15;A01
201300040500;0;33;0;0;2;1;1;B01
201300040501;0;32;0;0;1;1;2;A01
201300040502;0;31;0;0;2;4;2;B01
201300040502;0;10;0;0;2;1;2;A01
201300040503;0;33;0;0;0;0;2;A01
201300040504;0;2;0;0;2;2;16;B01
201300040504;0;7;0;0;2;8;1;A01
201300040505;0;2;0;0;0;0;2;A01
201300040506;0;7;0;0;2;4;23;A01
201300040506;0;7;0;0;2;1;2;C01
201300040506;0;7;0;0;2;4;23;B01
201300040507;0;7;0;0;1;1;2;A01
201300040508;0;30;0;0;2;1;5;A01
201300040508;0;7;0;0;2;7;16;B01
201300040509;0;32;0;0;2;3;2;A01
201300040509;0;7;0;0;2;2;14;B01
201300040510;0;10;0;0;1;3;16;A01
201300040511;0;7;0;1;0;1;5;A01
201300040512;0;7;0;0;2;4;23;A01
201300040512;0;14;0;0;2;1;2;B01
201300040513;0;7;0;0;2;3;13;A01
201300040513;0;7;0;1;2;3;1;B01
201300040514;0;33;0;14;0;3;2;B01
201300040514;0;7;0;0;2;2;9;A01
201300040515;0;7;0;0;2;3;13;A01
201300040515;0;33;0;1;2;7;17;B01
201300040516;0;2;0;1;0;8;1;A01
201300040517;0;1;0;0;1;1;1;A01
201300040518;0;30;0;1;0;0;2;A01
201300040519;0;32;0;0;2;1;1;A01
201300040519;0;33;0;0;0;0;1;C01
201300040519;0;7;0;0;2;6;2;B01
201300040520;0;3;0;0;2;3;10;A01
201300040520;0;32;0;14;0;1;2;B01
201300040521;0;34;0;0;2;2;17;A01
201300040521;0;7;0;0;2;8;15;B01
201300040522;1;7;0;0;1;1;16;A01
201300040523;1;30;0;;1;8;1;A01
201300040524;0;1;0;0;1;1;1;A01
201300040525;0;30;0;0;2;1;1;B01
201300040525;0;7;0;0;2;2;16;A01
201300040526;0;33;0;0;0;4;23;B01
201300040526;0;7;0;14;0;1;2;A01
201300040527;0;33;0;0;2;1;3;A01
201300040527;0;10;0;0;2;5;1;B01
201300040527;0;10;0;0;2;6;23;C01
201300040528;0;7;0;0;1;1;2;A01
201300040529;0;7;0;1;0;1;1;A01
201300040530;0;10;0;0;2;2;16;B01
201300040530;0;33;0;15;0;1;0;A01
201300040531;0;30;0;14;0;0;1;A01
201300040532;0;7;0;0;2;3;23;C01
201300040532;0;7;0;0;1;1;9;A01
201300040533;0;7;0;1;0;2;2;A01
201300040534;0;30;0;0;2;0;0;B01
201300040534;1;7;0;0;2;1;1;Z01
201300040535;0;32;0;0;2;1;17;B01
201300040535;0;7;0;0;2;3;15;A01
201300040536;0;10;0;0;2;4;2;B01
201300040536;0;7;0;0;2;1;2;A01
201300040537;1;7;0;0;2;7;1;B01
201300040537;0;30;0;0;2;1;1;A01
201300040538;0;34;0;1;2;1;2;A01
201300040538;0;7;0;0;2;3;15;B01
201300040539;1;7;0;14;1;2;2;A01
201300040540;0;2;0;0;0;8;21;A01
201300040541;0;30;0;0;1;1;1;A01
201300040542;0;38;1;0;2;8;2;A01
201300040542;0;7;0;0;2;7;16;B01
201300040543;0;30;0;0;2;4;2;B01
201300040543;0;7;0;0;2;1;2;A01
201300040544;0;7;0;0;2;2;2;A01
201300040544;0;32;0;0;2;3;9;B01
201300040545;0;1;0;0;0;0;1;B01
201300040545;0;7;0;0;2;0;1;A01
201300040546;0;2;0;0;2;7;1;A01
201300040546;0;37;0;0;2;8;2;B01
201300040546;0;7;0;0;2;4;1;C01
201300040547;0;2;0;0;2;1;16;B01
201300040547;1;7;0;0;2;1;16;A01
201300040548;0;30;0;0;0;0;1;A01
201300040549;0;33;0;0;2;1;1;B01
201300040549;0;7;0;0;2;3;15;A01
201300040550;0;33;0;0;2;8;16;A01
201300040550;0;7;0;0;2;5;16;B01
201300040551;0;1;0;0;2;1;0;B01
201300040551;0;7;0;0;9;1;15;A01
201300040552;0;7;0;8;0;1;1;A01
201300040553;0;30;0;0;0;0;14;A01
201300040554;0;33;0;0;2;2;1;B01
201300040554;0;7;0;0;2;3;1;A01
201300040555;0;7;0;0;2;5;2;B01
201300040555;0;32;0;0;2;1;2;A01
201300040556;0;7;0;0;2;3;15;B01
201300040556;0;2;0;0;2;1;13;A01
201300040557;0;7;0;0;1;2;1;A01
201300040558;0;7;0;0;2;1;1;A01
201300040558;0;7;0;0;2;4;20;B01
201300040559;0;7;0;0;2;3;13;A01
201300040559;0;32;0;0;2;1;2;B01
201300040560;0;30;0;0;1;1;2;A01
201300040561;0;7;0;0;2;2;16;B01
201300040561;0;2;0;0;2;1;1;A01
201300040562;0;33;0;1;2;1;2;B01
201300040562;0;7;0;0;2;2;12;A01
201300040563;0;7;0;0;2;1;15;A01
201300040563;0;2;0;0;2;1;1;B01
201300040564;0;7;0;0;2;0;15;A01
201300040564;0;30;0;0;2;1;1;B01
201300040565;0;7;0;0;1;1;1;A01
201300040566;0;7;0;1;0;1;1;A01
201300040567;0;7;0;0;2;3;15;A01
201300040567;0;33;0;0;0;1;1;B01
201300040568;0;7;0;0;2;3;1;B01
201300040568;0;33;0;0;2;0;17;A01
201300040569;0;1;0;0;2;0;19;B01
201300040569;0;7;0;0;2;3;1;A01
201300040570;0;32;0;0;2;2;1;B01
201300040570;0;7;0;0;2;1;15;A01
201300040571;0;33;0;0;0;2;1;A01
201300040571;0;38;1;0;0;0;15;B01
201300040572;2;7;0;15;0;2;1;A01
201300040573;0;7;0;0;2;1;4;A01
201300040573;0;32;0;0;2;1;1;B01
201300040574;0;7;0;0;1;3;9;A01
201300040575;0;7;0;8;0;2;1;A01
201300040576;0;7;0;1;0;3;14;A01
201300040577;0;33;0;0;1;1;1;A01
201300040578;0;32;0;0;2;1;17;B01
201300040578;0;7;0;0;2;8;6;A01
201300040579;0;2;0;0;2;6;1;B01
201300040579;0;7;0;0;2;2;20;A01
201300040580;0;34;0;0;2;1;2;B01
201300040580;0;7;0;0;2;6;1;A01
201300040581;0;33;0;15;0;0;1;A01
201300040582;0;1;0;1;0;0;5;A01
201300040583;0;7;0;0;1;8;1;A01
201300040584;1;7;0;0;0;0;1;Z01
201300040584;0;32;0;0;0;0;1;A01
201300040585;0;7;0;0;2;3;9;A01
201300040585;0;33;0;2;2;1;1;B01
201300040586;0;10;0;0;1;1;1;A01
201300040587;0;7;0;0;1;4;4;A01
201300040588;0;32;0;0;2;1;1;B01
201300040588;0;7;0;0;2;8;10;A01
201300040589;0;7;0;0;2;7;15;A01
201300040589;0;32;0;0;2;1;1;B01
201300040590;0;7;0;15;2;2;1;A01
201300040590;0;10;0;0;2;1;1;B01
201300040591;0;7;0;0;1;1;1;A01
201300040592;0;7;0;0;1;1;1;A01
201300040593;0;7;0;0;2;8;1;B01
201300040593;0;30;0;0;2;7;2;A01
201300040594;1;30;0;0;0;0;9;Z01
201300040594;0;30;0;0;0;0;1;A01
201300040595;0;7;0;0;2;7;1;B01
201300040595;0;7;0;0;2;2;0;A01
201300040596;1;7;0;0;2;0;0;Z01
201300040596;0;1;0;0;0;0;15;A01
201300040597;0;7;0;0;1;2;1;A01
201300040598;0;7;0;0;1;3;15;A01
201300040599;0;7;0;0;1;2;1;A01
201300040600;0;30;0;1;0;8;24;B01
201300040600;0;7;0;1;2;0;20;A01
201300040601;0;34;0;0;2;1;1;A01
201300040601;0;7;0;0;2;6;1;B01
201300040602;0;32;0;0;1;1;1;A01
201300040603;0;7;0;0;2;3;9;B01
201300040603;0;33;0;0;2;2;7;A01
201300040604;0;34;0;0;0;7;1;B01
201300040604;0;7;0;0;0;0;10;A01
201300040605;0;1;0;0;0;0;0;A01
201300040605;1;7;0;0;0;0;16;Z01
201300040606;0;10;0;0;2;3;2;A01
201300040606;0;7;0;0;2;4;15;B01
201300040607;0;1;0;0;2;8;19;B01
201300040607;0;1;0;0;2;1;1;A01
201300040608;0;7;0;0;2;1;1;B01
201300040608;0;32;0;0;2;8;15;A01
201300040609;0;34;0;0;1;1;21;A01
201300040610;0;7;0;0;1;0;1;A01
201300040611;0;31;0;0;2;1;17;A01
201300040611;0;10;0;0;2;3;15;B01
201300040612;0;10;0;0;2;4;1;B01
201300040612;0;30;0;0;2;1;1;A01
201300040613;0;34;0;0;2;1;1;B01
201300040613;0;7;0;0;2;3;1;C01
201300040613;0;7;0;0;2;2;15;A01
201300040614;0;7;0;0;2;8;15;B01
201300040614;0;34;0;0;2;1;1;A01
201300040615;0;10;0;0;2;1;2;A01
201300040615;0;10;0;0;0;4;23;B01
201300040616;0;1;0;0;2;1;1;B01
201300040616;0;7;0;0;2;3;15;A01
201300040617;0;7;0;0;0;4;23;B01
201300040617;0;30;0;14;0;1;1;A01
201300040618;0;33;0;0;2;8;1;A01
201300040618;0;7;0;0;2;1;1;B01
201300040619;0;30;0;0;0;8;1;A01
201300040620;0;7;0;0;2;4;23;B01
201300040620;0;7;0;0;2;1;2;A01
201300040620;0;7;0;0;0;4;23;C01
201300040621;1;1;0;0;1;0;0;Z01
201300040622;0;7;0;0;2;2;16;B01
201300040622;0;2;0;0;2;1;1;A01
201300040623;0;7;0;0;2;5;24;B01
201300040623;0;34;0;1;0;8;2;A01
201300040624;0;32;0;0;1;3;17;A01
201300040625;0;30;0;0;2;1;1;A01
201300040625;0;7;0;0;2;1;15;B01
201300040626;0;30;0;0;0;8;1;A01
201300040627;0;7;0;0;1;3;15;A01
201300040628;0;7;0;0;2;3;19;A01
201300040628;0;30;0;0;2;1;1;B01
201300040629;0;33;0;0;2;8;1;B01
201300040629;0;7;0;0;2;2;14;A01
201300040630;0;7;0;0;1;6;20;A01
201300040631;0;31;0;0;2;7;1;B01
201300040631;0;7;0;0;2;2;15;A01
201300040632;0;7;0;0;2;1;1;A01
201300040632;0;7;0;9;2;8;1;B01
201300040633;0;7;0;0;1;6;4;A01
201300040634;0;33;0;0;0;7;15;A01
201300040635;0;7;0;0;2;4;2;B01
201300040635;0;7;0;0;2;1;2;A01
201300040636;1;99;0;0;0;0;0;A01
201300040637;1;7;0;0;1;2;1;A01
201300040638;0;7;0;0;2;3;1;B01
201300040638;0;14;0;0;2;2;9;A01
201300040639;0;1;0;0;1;1;1;A01
201300040640;0;10;0;0;0;3;23;B01
201300040641;1;7;0;0;1;2;21;A01
201300040642;0;7;0;4;0;7;13;A01
201300040643;0;37;10;0;0;3;1;B01
201300040643;0;7;0;0;0;2;15;A01
201300040644;0;7;0;8;0;2;15;A01
201300040645;0;30;0;12;0;1;14;A01
201300040646;0;7;0;0;1;1;1;A01
201300040647;0;30;0;0;0;0;16;A01
201300040648;0;10;0;0;2;3;9;A01
201300040648;0;17;0;0;2;2;1;B01
201300040649;0;10;0;0;2;1;1;B01
201300040649;0;7;0;0;2;1;15;A01
201300040650;0;7;0;1;2;2;1;A01
201300040650;0;7;0;1;1;3;1;B01
201300040651;0;32;0;0;2;1;17;A01
201300040651;0;7;0;0;2;6;15;B01
201300040652;0;33;0;0;2;1;1;B01
201300040652;0;7;0;0;2;5;15;A01
201300040653;1;7;0;0;2;1;0;A01
201300040653;0;1;0;0;2;8;19;B01
201300040654;0;7;0;0;1;1;1;A01
201300040655;0;7;0;1;0;1;1;A01
201300040656;0;10;0;0;2;1;1;B01
201300040656;0;30;0;0;2;1;16;A01
201300040657;0;7;0;0;2;1;16;A01
201300040657;0;7;0;0;2;1;1;B01
201300040657;0;7;0;0;2;3;23;C01
201300040658;0;7;0;0;2;1;2;A01
201300040658;0;7;0;0;2;4;2;B01
201300040658;0;7;0;0;2;4;2;C01
201300040659;0;33;0;0;2;7;0;A01
201300040659;0;7;0;0;2;3;0;B01
201300040660;1;7;0;0;1;7;1;A01
201300040661;0;7;0;1;0;1;19;A01
201300040662;0;32;0;0;2;1;2;A01
201300040662;1;7;0;0;0;4;23;B01
201300040663;0;31;0;0;2;1;1;B01
201300040663;0;7;0;0;2;2;15;A01
201300040663;0;31;0;0;2;0;21;C01
201300040664;0;2;0;0;1;3;0;A01
201300040665;0;7;0;0;1;1;1;A01
201300040666;0;31;0;0;0;8;1;A01
201300040667;0;30;0;0;0;7;16;A01
201300040668;0;33;0;0;0;7;0;A01
201300040669;0;37;0;0;1;5;1;A01
201300040670;0;7;0;4;0;1;0;A01
201300040671;0;30;0;0;0;7;0;A01
201300040672;0;7;0;0;2;3;1;A01
201300040672;0;31;0;0;2;1;16;B01
201300040673;0;7;0;0;2;1;2;A01
201300040673;0;7;0;0;0;4;23;B01
201300040674;0;10;0;0;2;1;2;A01
201300040674;0;31;0;0;0;4;23;B01
201300040675;0;31;0;0;0;7;0;A01
201300040676;0;30;0;0;0;8;15;B01
201300040676;0;7;0;0;2;1;2;A01
201300040677;2;7;0;0;2;1;1;A01
201300040677;0;30;0;0;2;4;2;B01
201300040678;0;7;0;8;0;1;1;A01
201300040679;0;31;0;0;0;8;1;B01
201300040679;0;7;0;0;2;3;1;A01
201300040680;0;37;10;0;1;2;1;A01
201300040681;0;7;0;0;1;3;1;A01
201300040682;0;7;0;1;0;2;1;A01
201300040682;0;20;0;0;0;1;24;B01
201300040683;0;7;0;0;2;5;1;A01
201300040683;0;32;0;0;2;8;3;B01
201300040684;0;32;0;0;2;1;3;B01
201300040684;0;10;0;0;2;8;15;A01
201300040685;0;7;0;0;1;3;1;A01
201300040686;0;14;0;14;0;1;2;A01
201300040687;0;7;0;0;2;7;12;A01
201300040687;0;33;0;0;2;8;21;B01
201300040688;0;7;0;0;2;4;2;C01
201300040688;0;7;0;0;2;4;1;B01
201300040688;0;7;0;0;0;1;2;A01
201300040689;0;7;0;0;1;3;15;A01
201300040690;0;7;0;0;2;1;2;A01
201300040690;0;7;0;0;0;4;2;B01
201300040691;0;7;0;0;2;4;23;D01
201300040691;0;7;0;0;2;4;23;C01
201300040691;0;10;0;0;2;1;2;A01
201300040691;0;34;0;0;2;4;23;B01
201300040692;0;7;0;0;0;0;0;A01
201300040693;0;13;0;0;0;2;0;A01
201300040694;0;31;0;0;0;8;1;A01
201300040695;0;7;0;0;0;4;23;B01
201300040695;1;7;0;0;0;1;0;Z01
201300040696;0;30;0;0;9;1;1;A01
201300040696;0;1;0;0;9;4;11;B01
201300040697;0;33;0;0;2;1;1;B01
201300040697;0;7;0;0;2;2;1;A01
201300040698;0;33;0;1;0;0;13;A01
201300040698;0;10;0;0;0;0;0;B01
201300040699;0;7;0;0;2;1;2;A01
201300040699;0;7;0;0;0;3;2;B01
201300040699;0;7;0;0;2;6;1;C01
201300040700;0;7;0;0;2;4;2;A01
201300040700;0;7;0;0;2;1;2;B01
201300040701;0;7;0;0;1;2;1;A01
201300040701;0;7;0;0;2;1;1;B01
201300040702;0;7;0;15;2;3;2;A01
201300040702;0;7;0;0;2;2;2;B01
201300040703;0;32;0;0;0;1;1;A01
201300040703;0;10;0;0;0;4;1;B01
201300040703;0;7;0;0;0;3;1;C01
201300040704;0;37;1;0;1;1;20;A01
201300040705;0;7;0;0;1;2;2;A01
201300040706;0;33;0;0;1;2;1;A01
201300040707;0;7;0;0;1;1;17;A01
201300040708;1;7;0;0;1;3;1;A01
201300040709;0;32;0;0;2;1;1;A01
201300040709;0;7;0;0;2;4;1;B01
201300040710;0;7;0;0;1;2;1;A01
201300040711;0;30;0;0;0;7;16;A01
201300040712;0;1;0;0;1;1;0;A01
201300040713;0;7;0;0;1;2;1;A01
201300040714;0;7;0;0;2;1;1;A01
201300040714;0;7;0;0;2;7;1;B01
201300040715;0;7;0;0;2;1;2;A01
201300040715;0;7;0;0;0;4;23;B01
201300040715;0;7;0;0;0;4;23;C01
201300040715;0;7;0;0;0;4;23;D01
201300040716;0;7;0;0;1;1;0;A01
201300040717;0;7;0;0;2;1;15;A01
201300040717;0;7;0;0;2;1;1;B01
201300040718;0;33;0;0;1;1;0;A01
201300040718;0;3;0;0;2;7;0;B01
201300040719;0;33;0;0;2;0;21;A01
201300040720;0;3;0;0;0;5;2;B01
201300040720;1;7;0;0;0;0;2;Z01
201300040721;0;33;0;0;2;2;21;B01
201300040721;1;14;0;0;0;0;0;Z01
201300040722;0;99;0;0;2;3;0;A01
201300040722;0;10;0;0;2;6;0;B01
201300040723;0;7;0;0;0;3;1;B01
201300040723;0;7;0;0;2;1;1;A01
201300040724;0;7;0;15;0;1;0;A01
201300040725;0;7;0;0;2;3;9;A01
201300040725;0;34;0;0;2;1;1;B01
201300040726;0;7;0;0;2;1;1;A01
201300040726;0;7;0;0;0;2;1;B01
201300040727;0;7;0;0;1;3;1;A01
201300040728;0;10;0;0;2;3;0;A01
201300040728;0;7;0;0;2;2;1;B01
201300040729;0;7;0;0;2;1;2;A01
201300040729;0;7;0;0;2;4;2;B01
201300040730;0;7;0;0;2;1;2;A01
201300040730;0;7;0;0;0;4;2;B01
201300040731;0;99;0;6;0;3;0;A01
201300040732;0;7;0;0;2;6;20;A01
201300040732;0;7;0;0;2;2;1;B01
201300040733;0;10;0;0;0;5;2;B01
201300040733;0;7;0;0;2;1;15;A01
201300040734;0;7;0;1;1;1;1;A01
201300040735;1;7;0;0;1;0;17;Z01
201300040736;0;7;0;0;1;6;11;A01
201300040737;0;7;0;0;1;3;2;A01
201300040738;0;7;0;0;2;1;10;A01
201300040738;0;34;0;0;2;1;2;B01
201300040739;2;7;0;0;2;1;2;A01
201300040739;0;7;0;0;0;4;2;B01
201300040740;0;7;0;0;1;1;1;A01
201300040741;0;7;0;0;0;3;10;A01
201300040741;0;32;0;0;0;2;3;B01
201300040742;0;7;0;0;1;2;1;A01
201300040743;0;7;0;0;1;5;20;A01
201300040744;0;7;0;0;1;2;1;A01
201300040745;0;32;0;0;2;3;18;A01
201300040745;0;7;0;0;0;5;12;B01
201300040746;0;7;0;0;1;4;4;A01
201300040747;0;7;0;0;1;5;0;A01
201300040748;0;7;0;0;0;3;22;A01
201300040748;0;15;0;1;0;7;21;B01
201300040749;0;7;0;0;2;7;1;A01
201300040749;0;34;0;0;2;1;2;B01
201300040750;0;14;0;0;2;6;0;A01
201300040750;0;37;0;0;2;6;15;B01
201300040751;0;34;0;0;2;0;1;A01
201300040751;0;3;0;0;2;0;1;B01
201300040752;0;7;0;0;1;0;0;A01
201300040753;0;14;0;0;1;1;1;A01
201300040754;0;10;0;0;1;3;0;A01
201300040755;0;7;0;0;1;1;0;A01
201300040756;0;7;0;0;9;1;1;A01
201300040756;0;1;0;0;2;7;9;B01
201300040757;0;37;0;0;1;1;1;A01
201300040758;0;7;0;0;2;3;15;A01
201300040758;0;33;0;0;2;1;2;B01
201300040759;0;14;0;0;1;1;1;A01
201300040760;0;7;0;0;0;1;0;A01
201300040760;0;34;0;0;0;8;0;B01
201300040761;0;10;0;0;0;0;0;C01
201300040761;0;1;0;0;0;0;0;B01
201300040761;0;7;0;0;0;0;0;A01
201300040762;0;7;0;0;0;8;6;A01
201300040762;0;34;0;0;0;7;1;B01
201300040763;1;31;0;0;1;0;0;Z01
201300040764;0;33;0;0;2;8;1;A01
201300040764;0;7;0;0;2;5;9;B01
201300040764;0;7;0;0;2;6;1;C01
201300040765;0;30;0;1;0;1;13;A01
201300040765;0;7;0;0;2;3;23;B01
201300040766;0;7;0;0;2;3;11;A01
201300040766;0;14;0;0;2;2;1;B01
201300040767;0;10;0;0;2;8;15;A01
201300040767;0;1;0;0;2;7;2;B01
201300040768;0;33;0;0;1;1;1;A01
201300040769;0;14;0;0;1;1;1;A01
201300040770;0;34;0;0;2;1;1;B01
201300040770;0;7;0;0;2;8;0;A01
201300040771;0;30;0;14;0;1;2;A01
201300040771;0;10;0;0;0;4;23;B01
201300040772;0;7;0;0;1;1;1;A01
201300040773;1;30;0;0;1;1;0;Z01
201300040774;0;7;0;0;2;5;1;A01
201300040774;0;34;0;0;2;1;5;B01
201300040775;1;30;0;0;1;0;1;Z01
201300040776;0;10;0;0;2;3;10;A01
201300040776;0;7;0;0;2;2;1;B01
201300040777;0;7;0;0;1;1;16;A01
201300040778;0;7;0;0;1;4;4;A01
201300040779;0;2;0;0;2;7;15;A01
201300040779;0;2;0;0;2;1;1;B01
201300040780;0;7;0;0;2;1;2;A01
201300040780;0;7;0;0;2;4;2;B01
201300040781;0;33;0;0;2;1;2;A01
201300040781;0;7;0;0;2;5;23;B01
201300040782;0;7;0;0;0;3;15;A01
201300040782;0;32;0;0;2;1;16;B01
201300040783;0;30;0;0;2;7;17;A01
201300040783;1;7;0;0;2;8;17;Z01
201300040784;1;7;0;0;9;1;0;A01
201300040784;0;1;0;0;0;4;0;B01
201300040785;0;7;0;0;2;3;11;A01
201300040785;0;2;0;0;2;2;1;B01
201300040786;0;7;0;0;1;5;1;A01
201300040787;0;7;0;0;2;8;1;A01
201300040787;0;1;0;0;2;8;0;B01
201300040788;0;7;0;0;1;1;0;A01
201300040789;2;7;0;0;2;5;18;A01
201300040789;0;10;0;0;0;9;1;B01
201300040790;1;7;0;0;1;0;0;Z01
201300040791;2;7;0;0;2;7;15;B01
201300040791;0;7;0;0;2;1;1;A01
201300040792;1;7;0;0;1;0;1;A01
201300040793;0;7;0;0;2;2;19;A01
201300040793;0;34;0;0;1;7;5;B01
201300040794;0;37;0;0;1;3;2;A01
201300040795;0;10;0;0;1;1;2;A01
201300040796;0;33;0;0;2;7;17;B01
201300040796;0;7;0;0;2;2;15;A01
201300040797;0;33;0;0;2;2;2;A01
201300040797;0;7;0;0;2;3;15;B01
201300040798;0;32;0;0;0;8;16;A01
201300040799;0;2;0;0;2;9;2;A01
201300040799;0;7;0;0;2;7;2;B01
201300040800;0;1;0;0;2;1;1;A01
201300040800;1;7;0;0;2;0;0;Z01
201300040801;0;7;0;0;1;3;1;A01
201300040802;0;7;0;0;2;3;11;A01
201300040802;0;34;0;0;2;2;0;B01
201300040803;0;1;0;0;0;1;2;A01
201300040803;0;7;0;0;0;5;1;B01
201300040804;0;7;0;0;2;1;13;A01
201300040804;0;7;0;0;2;8;1;B01
201300040804;0;7;0;0;2;3;1;C01
201300040805;0;7;0;0;2;3;10;A01
201300040805;0;34;0;0;2;2;1;B01
201300040805;0;7;0;0;2;0;5;C01
201300040805;0;37;0;0;2;2;24;D01
201300040806;0;7;0;0;2;1;15;B01
201300040806;0;10;0;0;2;2;2;A01
201300040807;0;7;0;0;1;1;1;A01
201300040808;0;33;0;0;2;3;1;A01
201300040808;1;7;0;0;2;2;1;Z01
201300040809;0;7;0;0;1;2;1;A01
201300040810;0;7;0;0;1;2;0;A01
201300040811;0;7;0;0;2;1;2;A01
201300040811;0;7;0;0;0;4;15;B01
201300040812;1;7;0;0;9;0;0;Z01
201300040812;0;1;0;0;0;1;0;B01
201300040813;0;7;0;0;1;1;2;A01
201300040814;0;7;0;0;0;1;0;A01
201300040814;0;7;0;0;2;2;0;B01
201300040815;1;7;0;0;0;2;2;A01
201300040815;0;2;0;0;0;4;2;B01
201300040816;0;2;0;0;9;0;1;A01
201300040817;0;7;0;0;1;1;2;A01
201300040818;0;7;0;0;1;3;1;A01
201300040819;0;7;0;0;1;0;0;A01
201300040820;0;15;0;0;1;1;2;A01
201300040821;0;10;0;0;1;1;1;A01
201300040822;0;30;0;0;2;1;2;A01
201300040822;0;7;0;0;0;4;2;B01
201300040823;0;7;0;0;2;1;2;A01
201300040823;0;7;0;0;0;4;23;B01
201300040824;0;34;0;0;0;0;0;A01
201300040824;1;34;0;0;0;0;0;B01
201300040825;0;34;0;0;2;1;0;B01
201300040825;0;31;0;0;0;1;0;A01
201300040826;0;7;0;0;0;2;21;B01
201300040826;0;7;0;0;0;3;1;A01
201300040827;0;7;0;0;1;4;4;A01
201300040828;2;7;0;0;2;1;2;A01
201300040828;0;7;0;0;0;4;2;B01
201300040829;1;30;0;0;1;0;0;Z01
201300040830;0;7;0;0;2;3;9;A01
201300040830;0;34;0;0;2;1;2;B01
201300040831;0;33;0;0;1;1;1;A01
201300040832;0;7;0;1;0;3;16;A01
201300040833;0;7;0;0;2;3;15;A01
201300040833;0;30;0;0;2;2;17;B01
201300040834;1;10;0;0;1;0;0;A01
201300040835;0;37;0;0;1;0;0;A01
201300040836;0;7;0;0;1;5;4;A01
201300040837;2;7;0;0;2;1;2;A01
201300040837;0;7;0;0;0;4;2;B01
201300040837;0;7;0;0;0;1;0;C01
201300040838;1;7;0;0;0;3;0;A01
201300040838;0;33;0;0;2;2;17;B01
201300040839;0;30;0;0;2;7;0;B01
201300040839;1;7;0;0;2;1;1;Z01