num_acc;senc;catv;occutc;obs;obsm;choc;manv;num_veh
201300040840;0;7;0;0;0;5;0;A01
201300040840;0;32;0;0;2;5;0;B01
201300040841;0;30;0;0;2;3;13;A01
201300040841;0;7;0;0;2;3;1;B01
201300040842;0;7;0;0;1;1;1;A01
201300040843;0;7;0;0;2;1;1;A01
201300040843;0;7;0;0;2;3;1;B01
201300040844;0;7;0;0;1;1;0;A01
201300040845;0;7;0;0;0;5;16;A01
201300040845;0;1;0;;0;0;0;B02
201300040846;1;7;0;0;1;1;1;Z01
201300040847;0;7;0;0;1;3;2;A01
201300040848;0;7;0;0;0;0;0;A01
201300040848;0;7;0;0;0;0;0;B01
201300040849;0;7;0;15;1;1;1;A01
201300040850;0;7;0;0;2;1;2;A01
201300040850;0;7;0;0;0;4;2;B01
201300040851;0;7;0;1;0;0;1;A01
201300040852;0;7;0;0;2;1;2;A01
201300040852;0;37;30;0;0;4;1;B01
201300040853;0;10;0;0;1;1;1;A01
201300040854;0;7;0;0;1;1;1;A01
201300040855;0;7;0;0;1;1;1;A01
201300040856;0;7;0;0;0;4;0;A01
201300040856;0;7;0;0;2;4;1;B01
201300040856;0;7;0;0;2;1;1;C01
201300040857;0;7;0;0;0;4;1;A01
201300040857;0;30;0;0;2;1;1;B01
201300040858;0;7;0;0;1;7;1;A01
201300040859;0;7;0;0;1;3;1;A01
201300040860;0;7;0;0;2;3;0;A01
201300040860;0;7;0;0;2;6;0;B01
201300040861;0;7;0;0;2;3;1;A01
201300040861;0;1;0;0;2;8;1;B01
201300040862;0;33;0;0;2;0;2;A01
201300040862;1;10;0;0;0;0;10;B01
201300040863;0;30;0;0;2;8;1;B01
201300040863;0;7;0;0;2;2;1;A01
201300040864;0;7;0;0;1;5;0;A01
201300040865;0;7;0;0;2;5;1;A01
201300040865;0;7;0;0;2;1;1;B01
201300040866;0;7;0;0;0;1;2;A01
201300040866;0;7;0;0;2;4;2;B01
201300040867;0;7;0;0;1;1;15;A01
201300040868;0;38;1;0;1;7;16;A01
201300040869;0;7;0;9;2;1;0;A01
201300040869;0;7;0;0;2;8;0;B01
201300040870;0;7;0;0;2;1;9;A01
201300040870;0;1;0;0;2;7;9;B01
201300040871;0;10;0;10;0;1;14;A01
201300040872;0;7;0;0;2;3;9;A01
201300040872;0;2;0;0;2;7;1;B01
201300040873;0;2;0;0;2;1;1;B01
201300040873;0;3;0;0;2;3;9;A01
201300040874;0;7;0;0;0;1;2;B01
201300040874;0;7;0;0;0;7;0;A01
201300040875;0;7;0;1;1;1;1;A01
201300040876;0;7;0;0;2;2;2;A01
201300040876;0;7;0;0;2;1;9;B01
201300040877;0;7;0;0;0;2;11;A01
201300040877;0;32;0;0;0;1;1;B01
201300040878;0;10;0;0;1;3;1;A01
201300040879;0;7;0;0;1;2;1;A01
201300040880;0;7;0;0;1;3;14;A01
201300040880;0;7;0;0;0;5;23;B01
201300040881;0;7;0;0;2;1;1;B01
201300040881;0;7;0;0;2;2;15;A01
201300040882;0;7;0;0;0;8;16;A01
201300040883;0;7;0;0;0;3;10;A01
201300040883;0;37;1;0;0;2;1;B01
201300040884;0;7;0;0;2;1;0;A01
201300040884;0;7;0;0;2;7;0;B01
201300040885;0;7;0;0;0;0;0;B01
201300040885;0;7;0;0;0;0;0;A01
201300040886;0;7;0;0;0;8;10;A01
201300040886;0;33;0;0;0;8;1;B01
201300040887;0;7;0;0;2;3;0;B01
201300040887;0;33;0;0;2;2;0;A01
201300040888;0;7;0;0;2;1;2;A01
201300040888;0;7;0;0;0;4;2;B01
201300040889;0;7;0;0;1;1;1;A01
201300040890;0;7;0;0;0;1;1;B01
201300040890;0;7;0;0;0;2;1;A01
201300040891;0;7;0;0;1;1;0;A01
201300040892;0;7;0;0;1;4;4;A01
201300040893;1;30;0;0;1;0;2;A01
201300040894;0;7;0;0;0;1;1;B01
201300040894;0;2;0;0;2;2;1;A01
201300040895;0;7;0;0;1;2;0;A01
201300040896;0;7;0;0;0;1;0;A01
201300040896;0;7;0;0;0;4;0;B01
201300040897;2;7;0;0;2;3;2;B01
201300040897;0;7;0;0;0;1;19;A01
201300040898;0;37;0;0;1;3;1;A01
201300040899;0;7;0;0;0;1;1;A01
201300040899;0;7;0;0;0;4;1;B01
201300040900;0;37;50;0;0;0;1;A01
201300040901;0;10;0;0;0;3;11;A01
201300040901;0;33;0;0;0;1;1;B01
201300040902;0;7;0;0;2;0;11;A01
201300040902;0;33;0;0;2;0;3;B01
201300040903;0;7;0;8;0;1;1;A01
201300040904;0;7;0;1;0;8;1;A01
201300040905;0;7;0;0;1;1;2;A01
201300040906;0;7;0;0;2;1;5;A01
201300040906;0;7;0;0;2;1;2;B01
201300040907;0;7;0;0;2;1;1;B01
201300040907;0;7;0;0;2;2;15;A01
201300040908;0;7;0;0;2;3;15;A01
201300040908;0;32;0;0;2;1;1;B01
201300040909;0;7;0;1;0;2;1;A01
201300040910;0;7;0;0;0;8;1;A01
201300040910;0;10;0;0;0;0;1;B01
201300040911;0;37;1;1;0;6;7;A01
201300040911;0;37;0;0;0;7;7;B01
201300040912;0;7;0;0;2;6;15;A01
201300040912;0;33;0;0;2;1;17;B01
201300040913;0;7;0;0;2;1;1;A01
201300040913;0;7;0;0;0;4;2;B01
201300040914;0;7;0;0;2;1;1;A01
201300040914;0;7;0;0;2;8;15;B01
201300040915;0;7;0;0;1;2;9;A01
201300040916;0;7;0;0;1;0;15;A01
201300040917;0;7;0;1;0;3;2;A01
201300040917;0;37;21;0;0;6;24;B01
201300040918;0;7;0;12;0;2;15;A01
201300040919;0;7;0;0;1;0;1;A01
201300040920;0;1;0;0;2;1;19;A01
201300040920;0;7;0;0;2;2;1;B01
201300040921;0;1;0;0;2;0;0;A01
201300040921;1;7;0;0;2;0;0;Z01
201300040922;0;7;0;0;1;1;1;A01
201300040923;0;7;0;0;2;0;0;A01
201300040923;0;7;0;0;2;0;0;B01
201300040923;0;7;0;0;2;0;0;C01
201300040924;0;37;1;0;2;3;1;B01
201300040924;0;7;0;0;2;1;1;A01
201300040925;0;7;0;0;1;2;1;A01
201300040926;0;7;0;0;2;0;0;B01
201300040926;0;7;0;0;2;0;0;A01
201300040927;0;7;0;0;1;1;1;A01
201300040928;0;1;0;0;2;0;0;C01
201300040928;0;7;0;0;2;0;0;A01
201300040929;0;10;0;0;1;2;1;A01
201300040930;0;31;0;0;0;8;1;A01
201300040931;2;7;0;0;2;8;13;A01
201300040931;0;7;0;0;2;8;1;B01
201300040932;0;7;0;0;1;3;11;A01
201300040933;1;7;0;0;2;0;0;A01
201300040933;0;7;0;0;2;5;0;B01
201300040934;0;1;0;0;2;1;5;A01
201300040934;0;7;0;0;2;3;9;B01
201300040935;0;7;0;0;1;0;0;A01
201300040936;0;7;0;0;2;1;1;A01
201300040936;0;7;0;0;0;4;0;B01
201300040937;0;7;0;0;2;1;2;A01
201300040937;0;7;0;0;0;4;2;B01
201300040937;0;7;0;0;2;1;2;C01
201300040938;0;7;0;0;2;4;1;A01
201300040938;0;7;0;0;2;1;1;B01
201300040939;0;7;0;0;2;2;0;A01
201300040939;0;7;0;0;2;1;0;B01
201300040940;0;33;0;0;0;0;0;B01
201300040940;0;31;0;0;0;6;11;A01
201300040941;0;7;0;0;1;0;0;A01
201300040942;0;7;0;1;2;1;2;A01
201300040942;0;7;0;0;2;4;2;B01
201300040943;1;7;0;0;9;1;1;A01
201300040943;0;1;0;0;2;7;1;B01
201300040944;0;7;0;1;0;1;2;A01
201300040944;0;7;0;0;0;6;0;B01
201300040945;0;7;0;0;0;3;13;A01
201300040945;0;30;0;0;0;0;2;B01
201300040946;0;7;0;0;2;1;1;A01
201300040946;0;7;0;0;2;3;2;B01
201300040947;0;10;0;0;2;1;0;B01
201300040947;0;7;0;6;2;1;0;A01
201300040948;0;33;0;0;0;3;1;A01
201300040949;0;37;6;0;2;8;1;B01
201300040949;0;15;0;0;2;8;1;A01
201300040950;1;7;0;0;9;2;1;Z01
201300040950;0;1;0;0;2;1;1;A01
201300040951;0;7;0;0;2;1;9;A01
201300040951;0;1;0;0;2;7;15;B01
201300040952;0;7;0;0;1;7;1;A01
201300040953;0;7;0;0;2;1;2;A01
201300040953;0;7;0;0;0;0;2;B01
201300040954;0;7;0;0;1;7;2;A01
201300040955;0;7;0;0;0;7;15;A01
201300040955;0;34;0;0;0;2;2;B01
201300040956;0;7;0;0;1;3;1;A01
201300040957;0;7;0;0;0;0;0;A01
201300040958;0;7;0;0;0;5;0;A01
201300040958;0;2;0;0;0;0;0;B01
201300040959;0;37;1;0;1;2;15;A01
201300040960;0;7;0;0;2;4;2;A01
201300040960;0;7;0;0;2;1;1;B01
201300040961;0;7;0;0;2;3;15;A01
201300040961;0;7;0;0;2;3;2;B01
201300040962;0;34;0;0;2;3;2;A01
201300040962;0;7;0;0;2;2;2;B01
201300040963;0;7;0;0;2;7;10;A01
201300040963;0;7;0;0;2;1;2;B01
201300040964;0;7;0;6;0;1;1;A01
201300040965;0;7;0;0;2;1;1;A01
201300040965;0;7;0;0;2;3;15;B01
201300040966;1;2;0;1;0;0;0;Z01
201300040967;0;7;0;0;2;1;1;A01
201300040967;0;7;0;0;2;1;1;B01
201300040967;0;7;0;0;0;4;1;C01
201300040968;0;7;0;0;0;0;0;B01
201300040968;0;7;0;0;0;0;0;A01
201300040969;0;7;0;0;0;1;0;A01
201300040969;0;16;0;0;0;1;0;B01
201300040970;1;7;0;0;1;4;4;Z01
201300040971;0;7;0;0;0;7;1;A01
201300040971;0;7;0;0;0;1;2;B01
201300040972;0;7;0;0;1;1;2;A01
201300040973;0;7;0;0;1;1;1;A01
201300040974;0;7;0;0;1;2;0;A01
201300040975;0;7;0;0;0;7;14;A01
201300040975;0;34;0;0;0;8;2;B01
201300040976;0;7;0;0;0;0;0;A01
201300040976;0;31;0;0;0;0;0;B01
201300040977;0;7;0;0;2;1;2;B01
201300040978;0;7;0;0;2;2;0;A01
201300040978;0;1;0;0;2;1;19;B01
201300040979;0;7;0;0;2;0;0;A01
201300040979;0;34;0;0;0;0;0;B01
201300040980;0;7;0;0;2;1;2;A01
201300040980;0;7;0;0;2;4;2;B01
201300040981;0;32;0;0;1;1;0;A01
201300040982;0;7;0;1;0;1;2;A01
201300040983;0;7;0;0;2;3;9;A01
201300040983;0;1;0;0;2;0;0;B01
201300040984;1;7;0;0;1;0;0;A01
201300040985;0;7;0;0;2;7;19;A01
201300040985;0;7;0;0;2;1;1;B01
201300040986;0;32;0;0;2;1;2;A01
201300040986;0;7;0;0;2;5;15;B01
201300040987;0;30;0;0;1;1;0;A01
201300040988;0;7;0;0;2;8;10;A01
201300040988;0;7;0;0;2;1;1;B01
201300040989;0;7;0;8;1;1;0;A01
201300040990;0;7;0;14;0;1;0;A01
201300040991;0;7;0;0;2;1;0;A01
201300040991;0;33;0;0;2;1;0;B01
201300040992;2;7;0;0;1;1;1;A01
201300040993;0;7;0;0;2;8;10;A01
201300040993;0;7;0;0;2;0;10;B01
201300040994;0;7;0;0;2;7;0;A01
201300040994;0;7;0;0;2;1;0;B01
201300040995;0;7;0;0;1;0;4;A01
201300040996;0;7;0;16;0;2;2;A01
201300040997;0;7;0;0;1;1;0;A01
201300040998;0;7;0;0;2;7;9;B01
201300040998;0;7;0;0;2;1;1;A01
201300040999;0;7;0;0;2;1;17;A01
201300040999;0;37;0;0;2;3;15;B01
201300041000;0;30;0;0;2;1;2;A01
201300041000;0;7;0;0;2;4;2;B01
201300041001;0;7;0;0;0;5;15;A01
201300041001;0;37;1;0;0;1;0;B01
201300041002;0;7;0;0;2;1;0;A01
201300041002;0;7;0;0;2;7;10;B01
201300041003;0;7;0;0;2;3;1;A01
201300041003;2;7;0;0;2;1;1;B01
201300041004;0;7;0;0;2;3;9;A01
201300041004;0;1;0;0;0;1;0;B01
201300041005;0;7;0;0;2;1;15;A01
201300041005;0;33;0;0;2;9;1;B01
201300041006;0;7;0;14;1;2;0;A01
201300041007;0;34;0;0;1;3;1;A01
201300041008;0;7;0;0;2;1;1;A01
201300041008;0;10;0;0;0;4;1;B01
201300041009;1;10;0;0;1;2;0;A01
201300041010;0;7;0;0;1;2;0;A01
201300041011;0;7;0;0;0;0;0;A01
201300041011;0;10;0;0;0;0;0;B01
201300041012;0;34;0;1;2;9;0;B01
201300041012;0;7;0;0;2;3;0;A01
201300041013;0;7;0;0;1;0;0;A01
201300041014;0;7;0;0;2;3;10;A01
201300041014;0;32;0;0;2;1;1;B01
201300041015;0;7;0;0;1;0;0;A01
201300041016;0;7;0;14;9;1;13;A01
201300041017;1;7;0;0;1;0;0;A01
201300041018;0;7;0;1;0;1;0;A01
201300041019;0;7;0;0;0;4;0;A01
201300041019;0;7;0;0;2;1;2;B01
201300041019;0;7;0;0;2;1;2;C01
201300041020;0;7;0;1;0;8;13;A01
201300041020;0;33;0;0;0;7;2;B01
201300041021;1;7;0;0;1;0;0;A01
201300041022;0;7;0;0;0;6;0;A01
201300041022;1;33;0;0;0;0;0;Z01
201300041023;0;10;0;0;1;1;0;A01
201300041024;0;7;0;0;0;0;0;A01
201300041024;0;7;0;0;0;0;4;B01
201300041024;0;7;0;0;0;0;0;C01
201300041024;0;10;0;0;0;0;0;D01
201300041025;0;7;0;0;0;7;1;A01
201300041025;0;1;0;0;0;3;15;B01
201300041026;0;7;0;0;1;1;0;A01
201300041027;0;7;0;1;0;3;0;A01
201300041027;0;14;0;0;0;7;0;B01
201300041028;0;7;0;0;0;1;2;A01
201300041028;0;34;0;0;0;4;0;B01
201300041028;0;7;0;0;0;5;23;C01
201300041029;0;7;0;0;2;2;15;A01
201300041029;0;32;0;0;2;1;1;B01
201300041030;0;7;0;0;0;7;24;A01
201300041030;0;37;2;1;0;3;1;B01
201300041031;0;7;0;0;2;5;0;A01
201300041031;0;7;0;0;2;1;9;B01
201300041032;0;7;0;0;2;8;20;A01
201300041032;0;33;0;0;2;7;2;B01
201300041033;1;7;0;0;1;0;2;A01
201300041034;0;7;0;0;2;1;1;B01
201300041034;0;7;0;0;2;1;1;A01
201300041035;0;7;0;16;0;1;1;A01
201300041036;0;7;0;0;1;2;0;A01
201300041037;0;3;0;0;1;2;0;A01
201300041038;0;33;0;0;0;1;1;B01
201300041038;0;7;0;0;0;3;19;A01
201300041039;0;2;0;0;2;1;1;A01
201300041039;0;7;0;0;2;1;15;B01
201300041040;0;7;0;0;2;7;1;A01
201300041040;0;13;0;0;2;1;1;B01
201300041041;0;7;0;0;2;5;1;A01
201300041041;0;7;0;0;2;3;2;B01
201300041042;0;7;0;0;1;3;1;A01
201300041043;0;7;0;0;1;1;1;A01
201300041044;0;7;0;15;0;1;17;A01
201300041045;0;7;0;0;1;1;0;A01
201300041046;0;7;0;15;1;2;1;A01
201300041047;1;10;0;0;2;2;1;B01
201300041047;0;10;0;0;2;7;1;A01
201300041048;0;7;0;15;0;1;1;A01
201300041049;1;7;0;0;2;1;2;A01
201300041049;0;7;0;0;0;0;2;B01
201300041049;0;7;0;0;0;0;2;C01
201300041050;0;30;0;12;0;1;1;A01
201300041051;1;7;0;0;2;0;20;A01
201300041051;0;30;0;1;2;2;1;B01
201300041052;0;7;0;0;1;2;16;A01
201300041053;0;7;0;0;2;6;1;A01
201300041053;0;32;0;0;2;1;1;B01
201300041054;0;7;0;0;2;2;2;A01
201300041054;0;7;0;0;2;6;21;B01
201300041054;0;7;0;0;2;6;0;C01
201300041055;0;7;0;0;9;2;12;A01
201300041055;0;1;0;0;0;8;0;B01
201300041056;0;40;0;0;1;0;1;A01
201300041056;0;40;0;0;1;0;1;B01
201300041057;0;7;0;10;0;1;0;A01
201300041058;0;7;0;0;1;1;0;A01
201300041059;0;10;0;0;1;1;0;A01
201300041060;0;7;0;4;0;1;12;A01
201300041061;0;7;0;1;0;2;14;A01
201300041061;0;7;0;0;0;6;24;B01
201300041062;0;33;0;0;2;0;21;A01
201300041062;1;7;0;0;0;0;14;Z01
201300041063;0;7;0;0;2;1;0;A01
201300041063;0;7;0;0;2;1;2;B01
201300041064;1;7;0;14;1;1;11;A01
201300041065;0;3;0;8;0;1;1;A01
201300041066;0;7;0;0;0;1;2;A01
201300041066;0;40;0;0;0;1;0;B01
201300041067;0;7;0;0;2;1;2;A01
201300041067;0;7;0;0;2;1;15;B01
201300041068;0;15;0;0;1;2;0;A01
201300041069;0;10;0;0;0;4;23;A01
201300041069;0;7;0;0;2;1;2;B01
201300041070;0;7;0;0;1;2;0;A01
201300041071;0;7;0;0;1;1;1;A01
201300041072;0;7;0;0;2;2;1;A01
201300041072;0;10;0;0;2;3;1;B01
201300041073;0;40;0;0;2;3;0;B01
201300041073;0;7;0;0;4;2;15;A01
201300041074;0;7;0;15;0;4;2;A01
201300041074;0;7;0;0;0;1;2;B01
201300041075;0;7;0;0;1;5;1;A01
201300041076;1;7;0;0;1;0;0;A01
201300041077;0;7;0;0;2;1;5;A01
201300041077;0;7;0;0;2;2;1;B01
201300041078;1;7;0;0;1;1;1;A01
201300041079;0;7;0;0;0;1;2;A01
201300041079;0;7;0;0;2;4;0;B01
201300041079;0;7;0;0;0;4;0;C01
201300041080;0;3;0;0;2;8;1;B01
201300041080;0;7;0;0;2;3;15;A01
201300041081;0;40;0;0;4;1;1;A01
201300041081;0;7;0;0;0;8;15;B01
201300041082;0;10;0;0;1;1;1;A01
201300041083;0;13;0;0;1;2;0;A01
201300041084;0;2;0;0;0;1;0;A01
201300041085;0;7;0;1;1;1;2;A01
201300041086;0;7;0;0;2;4;23;B01
201300041086;0;14;0;0;2;1;2;A01
201300041087;0;7;0;0;2;4;2;C01
201300041087;0;7;0;0;2;8;0;B01
201300041087;0;7;0;0;2;1;2;A01
201300041088;0;7;0;0;1;3;0;A01
201300041089;0;40;0;0;2;1;1;B01
201300041089;0;7;0;0;0;8;1;A01
201300041090;0;1;0;0;1;1;2;A01
201300041091;0;7;0;0;1;0;0;A01
201300041092;0;7;0;0;1;2;0;A01
201300041093;0;34;0;0;2;1;5;A01
201300041093;0;7;0;0;2;3;9;B01
201300041094;0;99;0;0;0;0;0;A01
201300041095;0;1;0;0;0;7;0;B01
201300041095;0;7;0;0;0;7;0;A01
201300041096;0;2;0;0;2;0;2;A01
201300041096;0;7;0;0;2;3;15;B01
201300041097;0;7;0;0;2;7;19;B01
201300041097;0;13;0;0;2;1;9;A01
201300041098;0;33;0;0;2;8;19;B01
201300041098;0;7;0;0;2;7;12;A01
201300041099;0;7;0;0;2;1;1;B01
201300041099;2;7;0;0;2;8;19;A01
201300041100;0;7;0;0;0;4;23;B01
201300041100;0;10;0;0;2;1;2;A01
201300041101;0;7;0;0;1;1;1;A01
201300041102;0;7;0;0;2;1;11;B01
201300041102;0;1;0;0;2;1;1;A01
201300041103;1;7;0;0;0;7;12;Z01
201300041103;0;33;0;0;2;8;1;A01
201300041104;0;32;0;0;2;3;1;A01
201300041104;2;13;0;0;2;3;1;B01
201300041105;0;33;0;0;1;2;2;A01
201300041106;0;7;0;0;0;4;2;B01
201300041106;0;7;0;0;0;4;2;C01
201300041106;0;7;0;0;0;4;2;D01
201300041106;0;7;0;0;0;1;2;A01
201300041107;0;7;0;0;1;1;0;A01
201300041108;0;7;0;0;2;1;2;B01
201300041108;2;7;0;0;2;4;2;A01
201300041109;0;7;0;0;0;4;1;B01
201300041109;0;7;0;0;2;1;1;A01
201300041110;0;30;0;0;2;4;0;A01
201300041110;0;15;0;0;2;2;0;B01
201300041111;2;7;0;0;2;8;0;A01
201300041111;0;7;0;0;2;7;1;B01
201300041111;0;7;0;0;2;5;1;C01
201300041112;0;10;0;0;1;5;4;A01
201300041113;0;40;0;0;2;2;2;B01
201300041113;0;7;0;0;4;8;9;A01
201300041114;0;7;0;0;2;2;16;A01
201300041114;0;7;0;0;2;3;1;B01
201300041115;0;7;0;0;1;2;2;A01
201300041116;0;7;0;0;0;4;0;A01
201300041116;0;7;0;0;0;0;0;B01
201300041117;0;7;0;0;2;1;2;B01
201300041117;0;7;0;1;2;4;19;A01
201300041118;0;10;0;0;2;3;1;A01
201300041118;0;7;0;0;2;2;1;B01
201300041119;0;7;0;0;4;2;1;A01
201300041119;0;40;0;0;4;2;1;B01
201300041120;0;33;0;0;2;1;0;A01
201300041120;0;37;0;0;0;7;1;B01
201300041121;0;7;0;4;0;1;3;A01
201300041122;0;7;0;0;0;7;2;A01
201300041122;0;7;0;0;0;1;16;B01
201300041123;0;7;0;0;2;1;1;A01
201300041123;0;7;0;0;2;4;1;B01
201300041124;0;7;0;0;2;1;0;B01
201300041124;0;7;0;0;2;5;0;A01
201300041125;0;7;0;0;2;3;0;B01
201300041125;0;10;0;0;2;2;0;A01
201300041126;0;7;0;0;2;1;2;C01
201300041126;0;7;0;0;0;4;2;A01
201300041126;0;10;0;0;2;2;2;B01
201300041127;0;31;0;0;9;8;0;A01
201300041128;0;7;0;1;0;8;22;A01
201300041128;0;2;0;0;2;1;1;B01
201300041129;0;7;0;0;2;0;2;A01
201300041129;0;3;0;0;0;0;1;C01
201300041129;0;3;0;0;2;4;2;B01
201300041130;0;7;0;0;1;3;16;A01
201300041131;0;37;0;0;1;7;19;A01
201300041132;0;7;0;0;2;1;2;A01
201300041132;0;7;0;0;2;4;2;B01
201300041132;0;7;0;0;0;4;2;C01
201300041133;1;7;0;0;1;0;0;Z01
201300041134;0;7;0;1;0;9;2;A01
201300041135;0;7;0;0;2;6;15;A01
201300041135;0;37;0;0;2;2;7;B01
201300041136;0;7;0;14;0;1;0;A01
201300041137;0;7;0;0;0;7;10;A01
201300041137;0;30;0;0;2;1;1;B01
201300041138;0;7;0;15;0;2;2;A01
201300041139;0;7;0;0;0;1;0;A01
201300041139;0;7;0;0;0;8;1;B01
201300041140;0;10;0;0;2;7;12;A01
201300041140;0;2;0;0;2;3;1;B01
201300041141;0;30;0;0;2;6;2;A01
201300041141;1;7;0;0;2;3;2;B01
201300041142;0;33;0;0;1;7;17;A01
201300041143;0;7;0;0;1;1;15;A01
201300041144;0;7;0;0;1;1;16;A01
201300041145;0;7;0;8;0;1;1;A01
201300041146;0;7;0;0;1;1;0;A01
201300041147;0;13;0;0;0;1;0;B01
201300041147;0;7;0;0;0;7;0;A01
201300041148;0;7;0;0;0;0;0;A01
201300041148;0;7;0;0;2;7;0;B01
201300041149;0;7;0;0;2;8;0;A01
201300041149;0;7;0;0;2;1;0;B01
201300041150;1;13;0;0;2;4;12;A01
201300041150;0;30;0;0;0;6;18;B01
201300041151;0;7;0;0;0;0;0;A01
201300041152;1;7;0;0;1;0;0;A01
201300041153;0;7;0;0;1;3;11;A01
201300041154;0;7;0;0;0;9;9;A01
201300041154;0;13;0;0;0;1;1;B01
201300041154;0;7;0;0;0;2;0;C01
201300041155;0;7;0;0;2;7;0;A01
201300041155;1;7;0;0;0;0;0;B01
201300041156;1;7;0;0;1;4;0;A01
201300041157;0;7;0;0;1;3;15;A01
201300041158;2;7;0;0;2;3;2;A01
201300041158;0;7;0;0;0;4;2;B01
201300041158;0;7;0;0;2;4;0;C01
201300041159;0;13;0;0;0;5;16;A01
201300041159;0;30;0;0;2;3;2;B01
201300041160;0;33;0;0;2;3;12;A01
201300041160;0;7;0;0;0;5;2;B01
201300041161;0;7;0;0;2;9;2;A01
201300041161;0;37;1;0;2;1;23;C01
201300041161;0;7;0;0;2;1;23;D01
201300041161;0;37;1;0;2;6;2;B01
201300041162;0;7;0;4;2;9;0;A01
201300041162;0;7;0;4;2;3;0;B01
201300041163;0;7;0;0;1;0;0;A01
201300041164;0;7;0;0;1;3;2;A01
201300041165;0;7;0;0;0;2;0;A01
201300041166;0;7;0;0;0;2;15;A01
201300041166;0;34;0;0;2;1;1;B01
201300041167;0;33;0;0;0;2;15;A01
201300041167;0;7;0;0;0;3;15;B01
201300041168;0;7;0;0;0;1;1;A01
201300041168;0;7;0;0;0;5;1;B01
201300041169;0;7;0;0;1;1;2;A01
201300041170;0;7;0;0;1;7;21;A01
201300041171;0;32;0;0;0;1;1;A01
201300041171;0;7;0;0;0;5;16;B01
201300041172;0;7;0;0;2;1;2;A01
201300041172;0;7;0;0;2;4;23;B01
201300041173;0;34;0;0;1;1;2;A01
201300041174;0;7;0;6;0;1;0;A01
201300041175;0;37;1;0;1;1;1;A01
201300041176;0;7;0;0;2;1;2;A01
201300041176;0;7;0;0;2;1;2;B01
201300041176;0;7;0;0;2;0;2;C01
201300041177;1;99;0;0;1;1;0;A01
201300041178;0;7;0;0;1;1;2;A01
201300041179;0;10;0;0;1;1;1;A01
201300041180;0;7;0;0;1;8;1;A01
201300041181;0;33;0;0;2;1;1;B01
201300041181;0;7;0;0;2;2;10;A01
201300041182;0;7;0;2;0;1;21;A01
201300041183;0;7;0;0;1;1;1;A01
201300041184;0;30;0;0;2;9;3;A01
201300041184;0;7;0;0;0;2;0;B01
201300041185;0;33;0;0;2;2;1;B01
201300041185;0;7;0;0;2;2;11;A01
201300041186;0;7;0;1;0;5;4;A01
201300041186;0;7;0;0;2;2;24;B01
201300041187;0;7;0;0;9;3;15;A01
201300041187;0;1;0;0;2;1;0;B01
201300041188;0;10;0;0;2;6;4;A01
201300041188;0;10;0;0;2;7;1;B01
201300041189;0;10;0;15;0;3;0;A01
201300041190;0;7;0;0;1;6;1;A01
201300041191;0;7;0;0;1;3;2;A01
201300041192;0;10;0;0;2;4;2;B01
201300041192;0;7;0;0;2;4;2;C01
201300041193;0;7;0;0;0;1;2;A01
201300041193;0;34;0;0;0;7;2;B01
201300041194;0;7;0;0;1;1;1;A01
201300041195;2;34;0;0;2;7;1;B01
201300041195;0;34;0;0;2;3;1;A01
201300041196;0;7;0;0;1;3;0;A01
201300041197;0;7;0;0;1;1;11;A01
201300041198;0;37;52;1;2;1;0;A01
201300041198;0;7;0;0;2;3;9;B01
201300041199;0;7;0;0;0;2;10;A01
201300041199;1;99;0;0;0;0;2;B01
201300041200;0;7;0;0;0;1;0;A01
201300041201;0;30;0;0;1;1;13;A01
201300041202;0;30;0;0;2;1;1;B01
201300041202;0;7;0;0;2;2;1;A01
201300041203;0;32;0;0;0;8;3;A01
201300041204;0;7;0;0;2;1;1;A01
201300041204;0;7;0;0;0;4;1;B01
201300041205;2;7;0;0;2;1;2;A01
201300041205;0;7;0;0;2;3;9;B01
201300041206;0;7;0;1;0;0;2;A01
201300041207;0;7;0;0;0;4;0;A01
201300041207;0;7;0;0;0;1;0;B01
201300041208;0;7;0;0;2;3;0;A01
201300041208;0;7;0;0;2;3;0;B01
201300041209;0;7;0;0;1;0;0;A01
201300041210;0;3;0;0;2;7;6;A01
201300041210;0;33;0;0;2;1;1;B01
201300041211;0;7;0;0;0;4;1;A01
201300041211;0;7;0;14;2;1;1;B01
201300041212;0;30;0;0;0;1;2;A01
201300041212;0;7;0;0;0;3;2;B01
201300041213;0;7;0;14;2;1;6;A01
201300041213;0;7;0;0;2;8;1;B01
201300041213;0;7;0;0;2;8;1;C01
201300041214;0;7;0;0;1;2;1;A01
201300041215;0;7;0;0;2;3;13;A01
201300041215;0;7;0;0;2;3;2;B01
201300041216;0;7;0;0;2;4;4;A01
201300041216;0;1;0;0;2;8;19;B01
201300041217;0;30;0;0;2;6;11;B01
201300041217;0;2;0;0;2;1;2;A01
201300041218;0;7;0;0;2;1;2;A01
201300041218;0;7;0;0;2;4;2;B01
201300041219;0;7;0;0;2;3;15;A01
201300041219;0;7;0;0;2;2;5;B01
201300041220;0;7;0;0;2;3;15;A01
201300041220;0;33;0;0;2;1;1;B01
201300041221;0;7;0;0;2;3;1;A01
201300041221;0;7;0;0;2;8;1;B01
201300041222;0;33;0;0;2;1;0;B01
201300041222;0;7;0;0;2;8;0;A01
201300041223;0;3;0;1;0;3;1;A01
201300041224;0;7;0;8;0;1;0;A01
201300041225;0;7;0;0;0;3;11;A01
201300041225;0;30;0;0;0;1;1;B01
201300041226;1;99;0;0;1;0;0;A01
201300041227;0;7;0;0;0;4;2;A01
201300041227;0;33;0;0;2;1;2;B01