num_acc;senc;catv;occutc;obs;obsm;choc;manv;num_veh
201300041228;2;7;0;0;0;8;20;A01
201300041228;0;30;0;0;0;7;2;B01
201300041229;0;1;0;0;1;1;1;A01
201300041230;0;30;0;0;2;1;5;A01
201300041230;0;37;0;0;2;2;0;B01
201300041231;0;7;0;0;0;6;11;A01
201300041231;0;30;0;0;2;7;0;B01
201300041232;0;7;0;0;0;1;2;A01
201300041232;0;7;0;0;0;9;23;B01
201300041232;0;7;0;0;0;4;23;C01
201300041233;0;7;0;0;1;1;1;A01
201300041234;0;7;0;0;1;1;0;A01
201300041235;0;7;0;0;0;4;2;A01
201300041235;1;7;0;0;2;1;0;B01
201300041236;1;99;0;0;0;0;0;A01
201300041236;0;2;0;0;2;8;0;B01
201300041237;0;7;0;0;1;2;10;A01
201300041238;0;7;0;15;0;2;0;A01
201300041239;0;30;0;0;2;2;2;A01
201300041239;0;7;0;0;0;6;2;B01
201300041240;0;3;0;0;2;2;1;A01
201300041240;0;3;0;0;2;1;1;B01
201300041241;0;7;0;0;2;1;2;A01
201300041241;0;7;0;0;2;4;2;B01
201300041242;0;7;0;0;1;7;2;A01
201300041243;0;13;0;0;2;6;11;A01
201300041243;0;10;0;0;2;7;1;B01
201300041244;0;10;0;0;2;1;1;A01
201300041244;0;10;0;0;2;1;0;B01
201300041244;0;7;0;0;0;1;0;C01
201300041245;0;7;0;0;1;1;1;A01
201300041246;0;10;0;2;2;7;1;A01
201300041246;0;7;0;0;2;1;1;B01
201300041247;2;7;0;8;1;1;0;A01
201300041248;0;7;0;1;0;1;2;A01
201300041248;0;7;0;0;0;4;2;B01
201300041249;0;7;0;0;1;2;1;A01
201300041250;0;7;0;2;2;8;2;A01
201300041250;0;7;0;0;2;7;10;B01
201300041251;0;7;0;2;0;1;14;A01
201300041252;0;37;1;0;2;2;1;A01
201300041252;0;7;0;0;2;3;9;B01
201300041253;0;7;0;0;0;8;2;B01
201300041253;0;7;0;0;0;1;2;A01
201300041254;0;7;0;0;2;2;2;A01
201300041254;0;7;0;0;2;2;5;B01
201300041255;0;7;0;0;2;7;2;A01
201300041255;0;7;0;0;2;1;2;B01
201300041256;0;30;0;0;2;8;12;A01
201300041256;0;37;2;0;2;5;16;B01
201300041257;0;2;0;0;2;2;1;A01
201300041257;0;7;0;0;2;3;11;B01
201300041258;0;7;0;0;2;1;1;A01
201300041258;0;7;0;0;2;3;1;B01
201300041259;1;7;0;0;2;1;1;B01
201300041259;0;33;0;0;2;7;1;A01
201300041260;0;7;0;0;2;1;5;A01
201300041260;0;7;0;0;2;1;1;B01
201300041261;0;7;0;0;2;1;0;A01
201300041262;0;7;0;0;2;3;15;A01
201300041262;0;34;0;0;2;1;0;B01
201300041263;0;7;0;0;1;1;1;A01
201300041264;0;7;0;0;2;2;1;B01
201300041264;0;37;2;6;2;3;0;A01
201300041265;0;7;0;1;0;1;5;A01
201300041265;0;7;0;0;2;7;21;B01
201300041266;0;7;0;0;2;8;15;A01
201300041266;0;33;0;0;2;1;17;B01
201300041267;0;7;0;0;2;1;2;B01
201300041267;0;7;0;0;2;3;2;A01
201300041268;0;7;0;0;1;1;1;A01
201300041269;0;7;0;0;1;2;2;A01
201300041270;0;7;0;4;2;1;21;A01
201300041270;1;7;0;0;2;0;15;B01
201300041271;0;7;0;0;2;7;20;A01
201300041271;0;33;0;0;2;1;1;B01
201300041272;0;7;0;1;0;2;1;A01
201300041273;0;37;1;0;0;7;1;A01
201300041274;0;3;0;1;2;1;2;A01
201300041274;0;7;0;0;0;4;2;B01
201300041275;0;7;0;0;2;1;0;A01
201300041275;0;7;0;0;2;7;0;B01
201300041276;0;7;0;1;0;1;1;A01
201300041277;0;7;0;0;1;1;1;A01
201300041278;0;32;0;0;2;1;17;B01
201300041278;0;7;0;0;0;2;15;A01
201300041279;0;7;0;0;1;4;4;A01
201300041280;2;7;0;0;2;1;1;A01
201300041280;0;37;0;9;2;3;1;B01
201300041281;0;7;0;0;1;2;1;A01
201300041282;0;3;0;0;1;0;0;A01
201300041283;0;7;0;0;2;3;2;A01
201300041283;0;30;0;0;2;5;2;B01
201300041284;0;7;0;6;0;1;0;A01
201300041285;0;7;0;0;2;1;5;A01
201300041285;0;13;0;0;2;3;15;B01
201300041286;0;7;0;0;0;1;2;A01
201300041286;0;7;0;0;0;4;2;B01
201300041287;0;34;0;0;1;2;0;A01
201300041288;0;7;0;0;2;1;1;A01
201300041288;0;7;0;0;2;1;5;B01
201300041289;0;33;0;0;2;1;1;A01
201300041289;0;7;0;0;2;3;15;B01
201300041290;0;7;0;1;2;8;2;B01
201300041290;0;10;0;0;2;1;2;A01
201300041291;0;10;0;0;2;1;23;A01
201300041291;0;37;1;0;2;1;23;B01
201300041292;0;7;0;0;1;0;0;A01
201300041293;0;7;0;12;0;1;14;A01
201300041294;0;7;0;0;1;6;0;A01
201300041295;0;7;0;1;2;5;4;A01
201300041295;0;7;0;0;2;3;1;B01
201300041295;0;7;0;0;2;6;24;C01
201300041296;0;7;0;0;0;3;1;B01
201300041296;0;1;0;0;2;2;21;A01
201300041297;0;7;0;0;1;5;1;A01
201300041298;0;7;0;0;2;3;2;A01
201300041298;0;37;0;0;2;3;13;B01
201300041299;0;7;0;0;2;1;13;A01
201300041299;0;7;0;0;2;6;15;B01
201300041300;0;7;0;0;1;2;0;A01
201300041301;0;3;0;0;1;2;1;A01
201300041302;0;7;0;0;0;0;0;A01
201300041302;0;7;0;0;0;4;23;B01
201300041302;0;7;0;0;0;4;23;C01
201300041302;0;31;0;0;0;4;23;D01
201300041302;0;7;0;0;0;4;23;E01
201300041303;0;7;0;0;1;2;1;A01
201300041304;0;7;0;0;1;2;17;A01
201300041305;0;7;0;0;2;3;15;A01
201300041305;0;30;0;0;2;2;1;B01
201300041306;2;10;0;4;0;3;1;A01
201300041307;0;7;0;1;0;1;1;A01
201300041308;2;7;0;0;0;0;0;A01
201300041308;0;7;0;0;0;6;0;B01
201300041308;0;7;0;0;0;4;0;C01
201300041309;0;7;0;0;1;2;1;A01
201300041310;0;1;0;0;0;0;0;A01
201300041310;0;7;0;0;2;7;12;B01
201300041311;0;7;0;0;2;3;0;A01
201300041311;0;14;0;1;0;5;0;B01
201300041311;0;7;0;0;0;0;0;C01
201300041312;0;1;0;0;2;1;2;A01
201300041312;0;7;0;0;9;8;15;B01
201300041313;0;7;0;0;0;4;0;A01
201300041313;0;7;0;0;0;0;2;B01
201300041314;2;7;0;1;0;1;5;A01
201300041315;1;10;0;0;2;1;0;A01
201300041315;0;33;0;0;2;0;0;B01
201300041316;0;33;0;16;0;3;2;A01
201300041316;0;15;0;0;2;8;2;B01
201300041317;0;14;0;0;1;1;16;A01
201300041318;0;10;0;0;1;1;15;A01
201300041319;0;7;0;0;1;1;1;A01
201300041320;0;2;0;0;9;0;0;A01
201300041321;0;10;0;0;1;0;0;A01
201300041322;0;3;0;0;2;1;11;A01
201300041322;0;31;0;0;2;1;0;B01
201300041323;0;31;0;0;0;3;0;A01
201300041323;0;10;0;0;0;0;0;B01
201300041324;0;7;0;6;0;2;0;A01
201300041325;0;7;0;0;2;1;2;A01
201300041325;0;7;0;0;0;4;2;B01
201300041326;0;7;0;0;2;4;2;A01
201300041326;0;7;0;0;2;4;2;B01
201300041326;0;3;0;0;2;4;2;C01
201300041327;0;7;0;0;2;3;2;A01
201300041327;0;31;0;0;0;5;2;B01
201300041328;0;30;0;0;2;3;18;A01
201300041328;0;14;0;0;0;5;1;B01
201300041329;0;7;0;1;1;8;1;A01
201300041330;0;10;0;1;1;1;1;A01
201300041331;0;7;0;0;0;3;4;A01
201300041331;0;33;0;0;2;1;11;B01
201300041332;0;3;0;0;4;8;10;A01
201300041332;0;40;0;0;2;1;1;B01
201300041333;0;7;0;14;0;1;1;A01
201300041334;0;32;0;0;2;1;1;B01
201300041334;0;7;0;0;2;1;1;A01
201300041335;0;7;0;0;1;6;4;A01
201300041336;0;7;0;0;2;8;0;A01
201300041336;0;40;0;0;2;1;1;B01
201300041337;0;7;0;14;2;9;6;A01
201300041337;0;7;0;2;2;6;3;B01
201300041338;0;7;0;0;1;1;1;A01
201300041339;0;13;0;0;2;8;10;A01
201300041339;0;33;0;0;2;1;1;B01
201300041340;0;7;0;0;1;1;16;A01
201300041341;0;10;0;0;2;1;2;A01
201300041341;0;7;0;0;2;4;0;B01
201300041342;0;7;0;0;2;1;2;A01
201300041342;0;7;0;0;2;8;9;B01
201300041343;0;34;0;0;2;1;18;A01
201300041343;0;7;0;0;2;7;16;B01
201300041344;0;7;0;0;1;0;12;A01
201300041345;0;37;1;0;1;3;1;A01
201300041346;0;33;0;0;2;3;1;A01
201300041346;0;15;0;0;0;6;11;B01
201300041347;0;2;0;1;0;2;0;A01
201300041348;0;7;0;1;1;2;2;A01
201300041349;1;7;0;0;1;1;1;A01
201300041350;0;40;0;0;1;0;1;A01
201300041351;0;7;0;0;1;1;1;A01
201300041352;0;7;0;0;2;3;11;A01
201300041352;0;34;0;0;2;7;17;B01
201300041353;0;7;0;0;2;1;1;A01
201300041353;0;7;0;0;2;4;1;B01
201300041354;0;7;0;14;0;1;0;A01
201300041354;0;13;0;0;2;1;0;B01
201300041355;0;3;0;0;2;3;9;B01
201300041355;0;3;0;0;2;1;1;A01
201300041356;1;7;0;0;0;0;0;Z01
201300041356;0;2;0;0;0;8;2;B01
201300041357;0;7;0;0;0;7;11;A01
201300041357;0;34;0;0;2;1;1;B01
201300041358;0;13;0;0;2;1;2;A01
201300041358;0;7;0;0;2;4;2;B01
201300041358;0;14;0;0;0;4;23;C01
201300041359;0;37;95;0;1;2;8;A01
201300041360;0;7;0;0;0;5;23;A01
201300041360;0;31;0;14;0;1;0;B01
201300041361;0;14;0;0;2;2;2;A01
201300041361;0;2;0;0;2;3;2;B01
201300041362;0;10;0;0;1;1;15;A01
201300041363;0;7;0;0;2;3;15;A01
201300041363;0;7;0;0;2;2;1;B01
201300041364;0;33;0;0;2;1;0;A01
201300041364;0;7;0;0;0;5;2;B01
201300041365;0;7;0;0;1;2;2;A01
201300041366;0;7;0;0;1;8;0;A01
201300041367;0;7;0;0;0;1;1;A01
201300041367;0;7;0;0;0;8;1;B01
201300041368;1;7;0;0;1;0;0;A01
201300041369;0;7;0;1;1;1;1;A01
201300041370;0;7;0;0;1;2;11;A01
201300041371;0;7;0;0;2;2;1;A01
201300041371;0;32;0;0;2;8;1;B01
201300041372;0;7;0;0;2;2;1;A01
201300041372;0;7;0;0;2;5;19;B01
201300041373;0;7;0;1;0;1;2;A01
201300041374;0;7;0;0;2;1;0;A01
201300041374;0;33;0;0;2;8;0;B01
201300041375;0;7;0;0;2;2;0;A01
201300041375;0;33;0;0;2;1;21;B01
201300041376;0;7;0;0;2;7;16;B01
201300041376;0;7;0;0;2;1;9;A01
201300041377;0;7;0;0;2;3;11;A01
201300041377;0;31;0;0;2;7;1;B01
201300041378;0;10;0;0;2;8;2;A01
201300041378;0;2;0;0;2;1;11;B01
201300041379;0;7;0;0;1;1;1;A01
201300041380;0;34;0;0;2;8;2;A01
201300041380;2;7;0;0;0;0;2;Z01
201300041381;0;7;0;0;1;3;1;A01
201300041382;0;7;0;0;2;2;5;A01
201300041382;0;33;0;0;2;1;9;B01
201300041383;0;31;0;9;0;0;0;A01
201300041384;0;33;0;0;2;1;0;A01
201300041384;0;10;0;0;2;7;0;B01
201300041385;0;7;0;0;0;1;11;A01
201300041385;0;31;0;0;2;1;2;B01
201300041386;0;1;0;0;0;7;1;A01
201300041386;0;7;0;0;2;1;1;B01
201300041387;1;7;0;0;2;2;16;A01
201300041387;0;2;0;0;2;1;15;B01
201300041388;1;7;0;0;1;3;2;A01
201300041389;0;7;0;0;2;2;6;A01
201300041389;0;30;0;0;2;1;1;B01
201300041390;0;33;0;0;1;1;2;A01
201300041391;0;33;0;12;0;8;13;A01
201300041392;1;7;0;0;1;3;1;A01
201300041393;0;3;0;0;2;1;1;A01
201300041393;0;7;0;0;2;3;16;B01
201300041394;0;7;0;0;1;1;1;A01
201300041395;0;3;0;0;1;2;1;A01
201300041396;0;7;0;0;1;0;2;A01
201300041397;1;7;0;0;1;1;0;A01
201300041398;0;7;0;0;1;3;0;A01
201300041399;0;3;0;0;0;0;1;A01
201300041399;0;7;0;0;2;8;0;B01
201300041400;0;7;0;0;0;7;9;A01
201300041400;0;33;0;0;2;1;2;B01
201300041401;0;7;0;0;1;6;4;A01
201300041402;0;7;0;0;0;1;2;A01
201300041402;0;7;0;0;0;4;2;B01
201300041403;0;7;0;0;1;1;0;A01
201300041404;0;7;0;0;1;2;2;A01
201300041405;0;10;0;0;1;4;4;A01
201300041406;0;7;0;0;0;1;2;A01
201300041406;0;7;0;0;0;4;2;B01
201300041407;0;7;0;0;1;2;1;A01
201300041408;0;7;0;0;2;3;5;A01
201300041408;0;7;0;0;2;8;1;B01
201300041409;0;7;0;0;1;1;1;A01
201300041410;0;7;0;0;2;1;1;A01
201300041410;0;10;0;0;2;1;1;B01
201300041411;0;7;0;12;0;1;2;A01
201300041412;0;7;0;0;2;3;15;A01
201300041412;0;30;0;0;2;1;1;B01
201300041413;0;7;0;0;2;1;1;A01
201300041413;0;7;0;0;2;1;9;B01
201300041414;0;7;0;0;2;1;1;B01
201300041414;0;7;0;1;2;3;1;A01
201300041415;0;7;0;0;1;1;1;A01
201300041416;0;7;0;0;1;1;0;A01
201300041417;0;7;0;0;1;8;0;A01
201300041418;0;34;0;0;2;8;0;A01
201300041418;0;10;0;0;0;8;0;B01
201300041419;1;7;0;0;1;2;1;A01
201300041420;0;7;0;6;0;1;1;A01
201300041421;0;7;0;0;1;1;15;A01
201300041422;0;7;0;0;2;1;2;A01
201300041422;0;3;0;0;0;4;9;B01
201300041423;0;7;0;1;2;2;1;A01
201300041423;0;7;0;1;2;3;1;B01
201300041424;0;7;0;0;1;2;2;A01
201300041425;0;7;0;0;1;2;15;A01
201300041426;0;13;0;0;1;7;1;A01
201300041427;0;7;0;0;2;3;5;A01
201300041427;0;7;0;0;2;3;1;B01
201300041428;0;7;0;0;2;5;1;A01
201300041428;0;30;0;0;2;1;2;B01
201300041429;0;31;0;0;2;1;17;A01
201300041429;0;7;0;0;2;2;15;B01
201300041430;0;7;0;0;2;4;2;A01
201300041430;0;7;0;0;2;4;2;B01
201300041430;0;7;0;0;2;1;2;C01
201300041431;0;7;0;0;1;6;4;A01
201300041432;0;33;0;1;2;7;1;A01
201300041432;0;7;0;0;2;1;9;B01
201300041433;0;7;0;0;2;1;10;A01
201300041433;0;33;0;0;2;1;1;B01
201300041434;0;7;0;0;1;2;0;A01
201300041435;0;15;0;0;1;6;1;A01
201300041436;0;10;0;0;2;6;1;A01
201300041436;0;34;0;0;2;1;1;B01
201300041437;0;7;0;0;2;3;0;A01
201300041437;0;2;0;0;2;1;1;B01
201300041438;0;3;0;12;0;9;6;A01
201300041439;0;7;0;15;0;1;15;A01
201300041440;0;7;0;0;0;1;1;A01
201300041440;0;33;0;0;0;4;1;B01
201300041441;0;7;0;0;1;2;17;A01
201300041442;0;1;0;0;2;2;19;A01
201300041442;0;7;0;0;2;3;16;B01
201300041443;0;10;0;0;1;6;4;A01
201300041444;0;7;0;0;1;2;1;A01
201300041445;0;7;0;0;2;2;1;A01
201300041445;0;10;0;0;0;6;23;B01
201300041446;0;7;0;;2;1;18;A01
201300041446;0;1;0;0;2;1;1;B01
201300041447;0;7;0;6;2;2;0;A01
201300041447;1;7;0;0;2;1;5;Z01
201300041448;0;7;0;0;2;3;1;B01
201300041448;0;10;0;0;2;2;15;A01
201300041449;0;7;0;0;0;4;2;B01
201300041449;0;7;0;0;0;1;2;A01
201300041450;0;7;0;0;1;4;0;A01
201300041451;0;34;0;0;2;1;0;B01
201300041451;2;30;0;0;2;2;0;A01
201300041452;0;30;0;0;2;2;0;A01
201300041452;0;7;0;0;0;0;0;B01
201300041453;0;7;0;15;0;2;0;A01
201300041454;0;7;0;14;0;0;0;A01
201300041455;0;7;0;0;1;1;0;A01
201300041456;0;10;0;0;2;3;15;A01
201300041456;0;33;0;0;2;1;1;B01
201300041457;0;7;0;0;0;2;15;A01
201300041457;0;7;0;0;0;1;2;B01
201300041458;0;13;0;0;2;4;4;A01
201300041458;0;7;0;0;2;1;23;B01
201300041459;0;7;0;1;0;1;2;A01
201300041460;0;7;0;0;2;5;15;A01
201300041460;0;2;0;0;2;1;1;B01
201300041461;0;7;0;9;0;2;2;A01
201300041462;0;7;0;0;1;1;1;A01
201300041463;0;2;0;0;1;1;1;A01
201300041464;0;7;0;0;1;3;2;A01
201300041465;0;34;0;0;2;0;0;B01
201300041465;0;10;0;0;9;0;0;A01
201300041466;0;7;0;0;1;2;16;A01
201300041467;0;7;0;6;0;2;16;A01
201300041467;0;7;0;0;2;0;24;C01
201300041468;0;7;0;0;0;4;23;A01
201300041468;0;1;0;0;0;1;2;B01
201300041469;0;33;0;0;1;8;0;A01
201300041470;0;7;0;0;1;3;1;A01
201300041471;0;3;0;2;0;1;2;A01
201300041472;1;7;0;0;1;1;1;A01
201300041473;0;7;0;0;2;1;1;A01
201300041473;0;7;0;0;0;4;1;B01
201300041474;0;7;0;0;2;2;15;A01
201300041474;0;33;0;8;2;1;1;B01
201300041475;0;30;0;0;2;7;17;A01
201300041475;0;7;0;0;2;6;15;B01
201300041476;0;2;0;0;2;7;1;A01
201300041476;0;7;0;0;0;1;15;B01
201300041477;0;7;0;0;1;3;2;A01
201300041478;0;7;0;0;1;0;0;A01
201300041479;0;7;0;0;9;3;16;A01
201300041479;0;1;0;0;2;3;19;B01
201300041480;0;7;0;0;1;1;15;A01
201300041481;0;7;0;0;2;2;21;A01
201300041481;0;7;0;0;2;2;15;B01
201300041482;0;7;0;0;0;5;2;A01
201300041482;2;7;0;0;1;1;10;B01
201300041483;0;34;0;0;2;1;5;A01
201300041483;0;34;0;0;2;1;1;B01
201300041484;0;7;0;0;2;2;16;A01
201300041484;0;99;0;0;2;1;1;B01
201300041485;0;7;0;0;2;7;17;A01
201300041485;0;7;0;0;0;0;0;B01
201300041486;0;7;0;0;1;1;0;A01
201300041487;0;10;0;1;1;2;21;A01
201300041488;0;7;0;0;1;1;1;A01
201300041489;0;7;0;0;2;3;9;A01
201300041489;0;30;0;0;2;3;1;B01
201300041490;0;7;0;6;0;2;0;A01
201300041491;0;7;0;3;0;2;15;A01
201300041491;0;7;0;0;0;1;2;B01
201300041492;0;7;0;0;0;2;0;A01
201300041492;0;1;0;0;0;0;0;B01
201300041493;0;7;0;0;2;3;20;A01
201300041493;0;30;0;0;2;7;1;B01
201300041494;1;7;0;0;1;1;5;Z01
201300041495;0;32;0;0;2;6;2;A01
201300041495;0;7;0;0;2;4;13;B01
201300041496;1;7;0;0;1;0;0;Z01
201300041497;0;7;0;1;1;1;1;A01
201300041498;1;7;0;0;1;4;0;Z01
201300041499;0;7;0;0;1;3;1;A01
201300041500;1;7;0;0;1;0;0;A01
201300041501;0;7;0;0;1;3;1;A01
201300041502;0;7;0;0;1;3;1;A01
201300041503;0;7;0;0;2;1;0;A01
201300041503;0;7;0;0;2;3;1;B01
201300041504;0;7;0;15;2;7;17;A01
201300041504;0;7;0;0;2;3;15;B01
201300041505;0;7;0;14;0;1;2;A01
201300041506;0;7;0;0;1;1;1;A01
201300041507;0;7;0;0;1;1;1;A01
201300041508;0;10;0;0;2;8;0;A01
201300041508;0;3;0;0;2;1;0;B01
201300041509;0;7;0;0;2;3;15;A01
201300041509;0;34;0;0;2;1;17;B01
201300041510;0;33;0;0;2;1;2;B01
201300041510;0;7;0;0;2;2;9;A01
201300041511;0;7;0;0;2;0;0;A01
201300041511;0;7;0;0;2;0;0;B01
201300041512;0;33;0;1;0;1;0;A01
201300041513;0;7;0;0;1;1;1;A01
201300041514;0;10;0;0;1;1;16;A01
201300041515;0;7;0;0;2;1;2;A01
201300041515;0;7;0;0;0;4;23;B01
201300041516;0;33;0;0;1;1;3;A01
201300041517;0;7;0;0;2;1;0;A01
201300041517;0;7;0;2;0;6;1;B01
201300041518;0;7;0;0;2;3;2;A01
201300041518;1;7;0;0;2;1;2;Z01
201300041519;0;7;0;0;0;1;14;A01
201300041520;0;7;0;0;2;1;15;A01
201300041520;0;7;0;0;2;3;1;B01
201300041521;0;2;0;0;0;0;0;A01
201300041522;0;7;0;0;2;2;0;A01
201300041522;0;7;0;0;2;1;1;B01
201300041523;0;7;0;0;0;0;0;A01
201300041524;0;7;0;0;2;2;1;A01
201300041524;0;7;0;0;2;3;15;B01
201300041525;0;7;0;0;2;7;0;A01
201300041525;0;7;0;0;2;0;0;B01
201300041526;0;7;0;0;1;1;1;A01
201300041527;0;33;0;0;0;1;0;A01
201300041527;0;7;0;0;0;3;0;B01
201300041528;0;32;0;0;2;1;17;A01
201300041528;0;7;0;0;2;3;6;B01
201300041529;0;10;0;0;2;6;10;A01
201300041529;0;33;0;0;2;1;15;B01
201300041530;0;7;0;0;2;2;1;A01
201300041530;1;2;0;0;2;1;1;Z01
201300041531;2;10;0;0;1;5;4;A01
201300041532;0;7;0;0;0;4;0;A01
201300041532;0;7;0;0;2;1;0;B01
201300041533;0;7;0;0;2;1;1;A01
201300041533;0;7;0;0;2;7;1;B01
201300041533;0;7;0;0;2;1;1;C01
201300041534;0;7;0;0;2;1;1;A01
201300041534;0;7;0;0;2;1;1;B01
201300041535;0;1;0;0;0;1;1;B01
201300041535;0;7;0;0;0;3;1;A01
201300041536;0;7;0;0;2;5;11;A01
201300041536;0;33;0;0;2;1;1;B01
201300041537;1;7;0;0;1;2;0;Z01
201300041538;0;7;0;0;9;2;1;A01
201300041538;0;1;0;0;2;0;1;B01
201300041539;0;7;0;1;0;2;1;A01
201300041539;0;7;0;0;2;3;23;B01
201300041540;0;7;0;0;2;8;2;A01
201300041540;0;30;0;0;2;8;2;B01
201300041541;0;10;0;0;2;1;2;A01
201300041541;0;10;0;0;2;4;2;B01
201300041542;0;7;0;0;2;1;2;A01
201300041542;0;7;0;0;0;4;2;B01
201300041543;0;30;0;0;2;8;1;A01
201300041543;1;7;0;0;2;0;1;Z01
201300041544;0;37;1;0;1;2;16;A01
201300041545;0;7;0;0;2;1;2;A01
201300041545;0;7;0;0;2;4;2;B01
201300041545;0;7;0;0;2;4;2;C01
201300041546;0;7;0;0;2;1;1;A01
201300041546;0;7;0;0;2;3;1;B01
201300041547;0;33;0;0;9;1;2;A01
201300041548;0;7;0;0;2;1;5;A01
201300041548;0;7;0;0;2;1;1;B01
201300041549;0;7;0;0;1;1;0;A01
201300041550;0;2;0;0;2;1;13;B01
201300041550;0;7;0;0;2;3;15;A01
201300041551;2;7;0;0;2;1;9;A01
201300041551;0;7;0;0;2;2;2;B01
201300041551;0;7;0;0;2;2;10;C01
201300041552;0;7;0;15;0;1;0;A01
201300041553;0;33;0;0;2;1;2;A01
201300041553;0;7;0;0;2;3;11;B01
201300041553;0;3;0;0;2;3;2;C01
201300041554;0;33;0;0;2;2;0;A01
201300041554;0;7;0;0;0;8;15;B01
201300041555;2;33;0;0;2;1;1;A01
201300041555;0;7;0;0;2;3;11;B01
201300041556;0;7;0;0;2;3;1;A01
201300041556;0;7;0;0;2;1;1;B01
201300041556;1;7;0;0;2;0;1;Z01
201300041557;0;32;0;0;1;2;17;A01
201300041558;0;10;0;0;1;1;1;A01
201300041559;0;7;0;0;1;2;0;A01
201300041560;0;7;0;0;1;2;1;A01
201300041561;0;7;0;0;1;3;0;A01
201300041562;0;2;0;0;2;0;3;A01
201300041562;0;7;0;0;2;2;15;B01
201300041563;0;7;0;0;2;3;13;A01
201300041563;0;7;0;0;2;3;1;B01
201300041564;0;7;0;0;2;1;15;A01
201300041564;0;7;0;0;2;1;2;B01
201300041565;0;30;0;0;2;1;1;A01
201300041565;0;7;0;0;2;5;1;B01
201300041566;0;30;0;0;2;8;1;A01
201300041566;1;34;0;0;2;1;15;Z01
201300041567;0;7;0;2;0;1;0;A01
201300041568;1;30;0;0;1;1;3;Z01
201300041569;0;33;0;0;2;2;1;B01
201300041569;0;7;0;0;2;1;15;A01
201300041570;0;7;0;0;2;1;1;A01
201300041570;0;7;0;0;2;4;1;B01
201300041571;0;7;0;0;2;1;1;A01
201300041571;0;7;0;0;2;3;15;B01
201300041572;0;7;0;0;2;2;1;B01
201300041572;0;7;0;1;2;5;1;A01
201300041573;0;7;0;0;1;2;0;A01
201300041574;0;7;0;9;0;2;0;A01
201300041575;0;7;0;1;0;2;1;A01
201300041576;0;7;0;0;2;1;1;A01
201300041576;0;7;0;0;2;1;23;C01
201300041576;0;7;0;9;2;8;1;B01
201300041577;0;7;0;0;1;8;1;A01
201300041578;0;7;0;0;0;2;9;A01
201300041578;0;30;0;0;0;1;1;B01
201300041579;0;7;0;0;0;2;0;A01
201300041579;0;3;0;8;2;3;0;B01
201300041580;0;7;0;0;2;6;11;A01
201300041580;0;34;0;0;2;2;1;B01
201300041581;0;7;0;0;2;3;11;A01
201300041581;0;2;0;0;2;1;1;B01
201300041582;0;2;0;0;2;1;1;A01
201300041582;0;7;0;0;2;1;1;B01
201300041583;0;7;0;0;2;8;1;B01
201300041583;0;7;0;0;2;1;1;A01
201300041584;0;99;0;0;1;1;0;A01
201300041585;0;7;0;0;1;7;1;A01
201300041586;0;7;0;0;1;1;0;A01
201300041587;0;30;0;0;2;1;3;A01
201300041587;0;7;0;0;2;3;15;B01
201300041588;0;15;0;0;2;6;2;A01
201300041588;0;7;0;0;2;4;2;B01
201300041589;0;7;0;1;0;3;0;A01
201300041590;0;33;0;0;2;0;2;A01
201300041590;0;7;0;0;2;1;15;B01
201300041590;0;7;0;0;2;4;24;C01
201300041591;0;7;0;0;1;3;4;A01
201300041592;0;7;0;0;2;3;15;A01
201300041592;0;33;0;0;2;1;2;B01
201300041593;0;7;0;0;9;2;1;A01
201300041593;0;1;0;0;0;0;9;B01
201300041594;0;10;0;0;0;2;1;A01
201300041594;0;7;0;0;0;3;0;B01
201300041595;0;33;0;0;0;1;1;B01
201300041595;0;30;0;0;0;3;0;A01
201300041596;0;15;0;0;1;2;1;A01
201300041597;0;30;0;0;0;1;1;A01
201300041597;0;7;0;0;0;3;0;B01
201300041598;0;7;0;0;0;5;9;A01
201300041598;0;33;0;0;0;3;2;B01
201300041599;0;10;0;0;0;1;1;A01
201300041599;0;32;0;0;0;4;1;B01
201300041600;0;7;0;0;2;2;15;A01
201300041600;0;10;0;0;2;3;1;B01
201300041600;0;7;0;0;2;3;23;C01
201300041601;0;7;0;1;0;1;0;A01
201300041602;0;7;0;0;1;3;15;A01
201300041603;0;30;0;12;0;3;2;A01
201300041604;0;2;0;0;1;8;1;A01
201300041605;0;7;0;0;2;1;1;A01
201300041605;0;7;0;0;2;8;1;B01
201300041606;0;7;0;0;2;2;10;A01
201300041606;0;33;0;0;2;8;1;B01
201300041607;0;7;0;0;2;1;1;A01
201300041607;0;32;0;0;2;3;9;B01
201300041608;0;7;0;0;0;7;1;A01
201300041608;0;30;0;0;0;8;1;B01
201300041609;0;7;0;0;2;1;2;A01
201300041609;0;7;0;0;2;4;1;B01
201300041609;0;7;0;0;0;4;2;C01
201300041610;0;7;0;1;0;9;14;A01
201300041610;0;7;0;0;2;8;1;B01
201300041611;0;7;0;0;1;2;1;A01
201300041612;0;7;0;0;2;1;1;A01
201300041612;0;7;0;0;2;2;1;B01
201300041613;0;10;0;0;1;8;1;A01
201300041614;0;7;0;8;0;2;16;A01
201300041615;0;34;0;0;2;7;1;B01
201300041615;0;7;0;0;2;1;15;A01
201300041616;1;30;0;0;1;1;1;A01
201300041617;0;7;0;0;0;6;15;A01
201300041617;0;32;0;0;2;1;13;B01
201300041618;0;37;1;0;2;1;2;A01
201300041618;0;1;0;0;0;4;17;B01
201300041619;0;7;0;0;0;3;22;A01
201300041619;0;30;0;1;0;1;1;B01
201300041620;0;33;0;0;9;1;2;A01