num_acc;senc;catv;occutc;obs;obsm;choc;manv;num_veh
201300041620;0;32;0;0;9;7;15;B01
201300041621;0;32;0;0;2;3;19;B01
201300041621;0;33;0;0;2;1;19;A01
201300041622;1;10;0;0;1;0;0;A01
201300041623;0;31;0;0;2;3;5;A01
201300041623;0;32;0;0;2;6;1;B01
201300041624;0;7;0;0;1;2;1;A01
201300041625;0;7;0;1;0;2;2;A01
201300041626;0;7;0;1;0;3;0;A01
201300041627;0;7;0;0;1;1;15;A01
201300041628;0;7;0;0;0;2;15;A01
201300041628;0;30;0;0;0;3;1;B01
201300041629;0;33;0;0;2;3;1;A01
201300041629;0;7;0;0;2;7;9;B01
201300041630;0;7;0;0;1;3;1;A01
201300041631;0;3;0;0;2;1;1;A01
201300041631;0;7;0;0;2;2;9;B01
201300041632;0;7;0;0;2;7;16;B01
201300041632;0;30;0;0;0;0;2;A01
201300041633;0;7;0;0;2;2;9;A01
201300041633;0;37;0;0;2;3;2;B01
201300041634;1;7;0;0;1;0;15;A01
201300041635;0;7;0;0;2;3;15;A01
201300041635;0;2;0;0;0;1;16;B01
201300041636;0;7;0;0;0;0;0;A01
201300041636;0;30;0;0;0;0;0;B01
201300041637;0;7;0;0;1;1;7;A01
201300041638;0;33;0;1;0;1;2;A01
201300041639;0;30;0;0;2;1;1;A01
201300041639;0;7;0;0;0;3;1;B01
201300041640;0;2;0;0;1;0;0;A01
201300041641;0;7;0;1;0;3;1;A01
201300041642;0;7;0;0;0;7;14;A01
201300041642;0;1;0;0;2;8;1;B01
201300041643;0;30;0;0;2;1;17;A01
201300041643;0;7;0;0;0;3;15;B01
201300041644;0;30;0;1;2;1;17;A01
201300041644;0;3;0;0;0;3;15;B01
201300041645;0;10;0;0;1;2;1;A01
201300041646;1;7;0;0;1;4;0;A01
201300041647;0;7;0;0;0;2;11;A01
201300041647;0;31;0;0;0;8;15;B01
201300041648;0;7;0;0;1;2;2;A01
201300041649;0;7;0;0;1;2;1;A01
201300041650;0;10;0;0;0;0;0;A01
201300041650;0;32;0;0;2;0;18;B01
201300041651;0;7;0;0;2;2;15;A01
201300041651;0;30;0;0;0;1;1;B01
201300041652;0;1;0;0;2;3;0;A01
201300041652;0;7;0;0;9;3;9;B01
201300041653;0;7;0;0;1;4;4;A01
201300041654;0;7;0;0;2;2;2;A01
201300041655;0;7;0;0;0;0;0;A01
201300041655;0;2;0;0;0;0;0;B01
201300041656;0;7;0;0;0;1;2;A01
201300041656;0;7;0;0;0;4;23;B01
201300041657;0;13;0;0;1;0;0;A01
201300041658;1;7;0;0;1;3;15;A01
201300041659;0;30;0;14;0;7;15;A01
201300041659;0;7;0;14;0;1;1;B01
201300041660;0;10;0;0;2;1;1;A01
201300041660;0;7;0;0;2;4;2;B01
201300041660;1;7;0;0;0;4;4;C01
201300041661;0;7;0;0;1;3;0;A01
201300041662;0;7;0;0;0;0;0;A01
201300041662;0;32;0;0;0;1;1;B01
201300041663;0;2;0;0;0;0;2;A01
201300041664;1;32;0;0;1;0;1;A01
201300041665;0;7;0;0;2;1;0;A01
201300041665;0;7;0;0;0;4;0;B01
201300041666;0;31;0;0;2;1;1;A01
201300041666;0;7;0;0;2;8;15;B01
201300041667;0;2;0;0;1;6;5;A01
201300041668;0;7;0;0;2;7;10;A01
201300041668;0;33;0;0;2;1;2;B01
201300041669;0;7;0;0;2;2;11;A01
201300041669;0;30;0;0;2;1;16;B01
201300041670;0;37;0;0;1;1;1;A01
201300041671;0;7;0;1;0;9;1;A01
201300041672;1;30;0;8;0;1;13;A01
201300041673;0;7;0;0;2;0;1;A01
201300041673;0;7;0;0;2;1;1;B01
201300041674;0;7;0;1;0;6;0;A01
201300041674;0;30;0;0;0;7;0;B01
201300041675;1;32;0;0;1;0;0;A01
201300041676;1;30;0;0;1;0;0;A01
201300041677;0;7;0;0;1;5;1;A01
201300041678;0;7;0;0;1;2;1;A01
201300041679;0;7;0;0;2;3;3;A01
201300041679;1;7;0;0;2;3;3;B01
201300041680;0;7;0;0;2;4;4;A01
201300041680;0;1;0;0;0;4;19;B01
201300041681;0;34;0;0;2;0;17;A01
201300041682;1;7;0;0;1;0;0;A01
201300041683;0;7;0;0;2;3;1;A01
201300041683;0;7;0;0;2;1;15;B01
201300041684;0;7;0;0;2;2;0;A01
201300041684;0;7;0;0;2;2;1;B01
201300041685;0;2;0;0;2;0;21;A01
201300041685;0;7;0;0;2;0;15;B01
201300041686;0;7;0;0;1;2;1;A01
201300041687;0;31;0;0;0;1;1;B01
201300041687;0;10;0;14;2;2;1;A01
201300041688;0;32;0;0;2;1;11;B01
201300041689;0;7;0;0;0;6;4;A01
201300041689;0;30;0;0;9;8;1;B01
201300041690;0;3;0;1;1;6;4;A01
201300041691;0;32;0;0;1;0;0;A01
201300041692;0;7;0;0;0;3;15;A01
201300041692;0;34;0;1;0;2;21;B01
201300041693;0;7;0;15;0;1;13;A01
201300041694;0;31;0;0;0;1;2;B01
201300041694;0;7;0;0;0;3;2;A01
201300041695;0;7;0;0;2;1;19;A01
201300041695;0;2;0;0;2;1;1;B01
201300041696;0;7;0;0;0;7;1;B01
201300041696;2;7;0;0;0;0;0;A01
201300041697;0;7;0;0;1;7;13;A01
201300041698;0;34;0;0;2;1;0;A01
201300041698;0;7;0;6;2;7;0;B01
201300041699;0;33;0;9;2;3;1;A01
201300041699;0;37;1;0;2;3;15;B01
201300041700;0;2;0;0;1;1;1;A01
201300041701;0;7;0;9;2;9;11;A01
201300041701;0;7;0;0;1;3;24;B01
201300041702;0;2;0;0;1;1;1;A01
201300041703;0;7;0;0;1;1;0;A01
201300041704;0;33;0;0;2;1;13;B01
201300041704;0;2;0;0;0;4;13;A01
201300041705;2;10;0;9;0;1;1;A01
201300041706;1;7;0;0;1;0;2;A01
201300041707;0;7;0;0;1;4;4;A01
201300041708;0;7;0;0;1;2;1;A01
201300041709;0;7;0;0;2;3;15;A01
201300041709;0;33;0;9;2;1;1;B01
201300041710;0;7;0;0;1;2;12;A01
201300041711;0;7;0;12;0;7;1;A01
201300041712;0;32;0;0;2;0;1;B01
201300041712;2;7;0;0;0;0;0;A01
201300041713;0;30;0;0;2;1;2;Y01
201300041713;0;7;0;0;2;1;20;A01
201300041714;0;17;0;0;2;6;15;A01
201300041714;0;30;0;0;2;7;17;B01
201300041715;0;7;0;0;2;1;2;A01
201300041715;0;32;0;0;0;4;15;B01
201300041716;0;30;0;14;0;1;6;A01
201300041717;0;10;0;12;1;4;4;A01
201300041718;0;7;0;15;0;2;15;A01
201300041718;0;7;0;0;2;1;2;B01
201300041719;0;7;0;0;2;2;2;A01
201300041719;0;7;0;1;2;8;9;B01
201300041720;0;7;0;0;2;2;0;A01
201300041720;0;7;0;0;2;0;0;B01
201300041721;0;7;0;0;0;7;15;A01
201300041721;0;2;0;0;2;1;1;B01
201300041722;0;7;0;0;2;1;2;A01
201300041722;0;7;0;0;0;4;2;B01
201300041723;0;7;0;3;2;5;1;A01
201300041723;0;7;0;0;2;1;1;B01
201300041724;0;3;0;0;2;3;1;B01
201300041724;0;10;0;0;2;2;15;A01
201300041725;0;7;0;15;0;2;1;A01
201300041726;2;10;0;5;0;1;0;A01
201300041727;0;7;0;0;2;1;1;B01
201300041727;0;10;0;0;2;3;1;A01
201300041728;0;33;0;1;0;1;17;B01
201300041729;0;7;0;1;2;1;1;A01
201300041729;0;7;0;0;2;2;15;B01
201300041730;0;7;0;0;1;2;16;A01
201300041731;0;7;0;0;2;7;11;A01
201300041731;0;7;0;0;9;3;1;B01
201300041732;0;7;0;0;2;1;1;A01
201300041732;0;7;0;0;0;4;1;B01
201300041733;0;30;0;8;0;1;1;A01
201300041734;0;10;0;0;0;7;15;A01
201300041734;0;33;0;0;2;1;7;B01
201300041735;0;7;0;1;2;7;1;A01
201300041735;0;7;0;0;2;1;1;B01
201300041736;0;7;0;0;2;1;1;B01
201300041736;0;7;0;0;2;8;1;A01
201300041737;0;7;0;0;2;1;2;A01
201300041737;0;10;0;0;2;6;2;B01
201300041737;0;7;0;0;2;3;2;C01
201300041738;0;31;0;0;2;4;2;A01
201300041738;1;7;0;0;2;1;2;Z01
201300041739;0;7;0;0;2;1;1;A01
201300041739;0;10;0;0;2;3;1;B01
201300041740;0;7;0;0;2;5;20;A01
201300041740;0;33;0;0;2;1;1;B01
201300041741;0;31;0;0;0;1;1;A01
201300041742;0;7;0;0;2;2;16;A01
201300041742;0;32;0;0;2;1;1;B01
201300041743;0;30;0;6;0;1;0;A01
201300041744;0;32;0;0;2;1;2;A01
201300041744;0;7;0;0;2;4;2;B01
201300041745;0;7;0;0;2;3;17;A01
201300041745;0;7;0;0;2;3;9;B01
201300041746;0;33;0;0;0;1;1;A01
201300041747;0;7;0;0;2;8;11;A01
201300041747;0;14;0;0;2;1;1;B01
201300041748;0;10;0;0;2;1;1;A01
201300041748;0;10;0;0;2;6;1;B01
201300041749;0;7;0;0;2;8;11;A01
201300041749;0;14;0;0;2;2;1;B01
201300041750;0;2;0;1;2;1;2;A01
201300041750;0;2;0;0;2;1;2;B01
201300041750;0;7;0;0;2;8;11;C01
201300041750;0;3;0;0;2;8;0;D01
201300041751;0;7;0;14;1;1;1;A01
201300041751;0;10;0;0;2;4;23;C01
201300041752;0;7;0;0;2;1;1;A01
201300041752;0;7;0;0;0;4;1;B01
201300041753;0;7;0;0;2;2;1;A01
201300041753;0;10;0;0;2;3;1;B01
201300041754;0;1;0;1;0;8;1;B01
201300041755;0;33;0;0;2;1;15;A01
201300041755;0;10;0;0;0;6;15;B01
201300041756;0;7;0;0;2;1;1;A01
201300041756;0;7;0;0;2;7;15;B01
201300041757;0;33;0;0;2;0;2;A01
201300041758;0;33;0;6;0;0;2;A01
201300041759;0;7;0;0;2;2;1;B01
201300041759;0;7;0;0;2;3;15;A01
201300041760;0;7;0;0;9;7;1;A01
201300041760;0;1;0;0;2;1;1;B01
201300041760;0;1;0;0;2;1;1;C01
201300041760;0;1;0;0;2;1;1;D01
201300041760;0;1;0;0;2;1;1;E01
201300041761;0;7;0;0;2;7;1;B01
201300041761;0;7;0;0;2;1;2;A01
201300041762;0;30;0;12;0;0;5;A01
201300041763;0;7;0;0;2;0;13;A01
201300041763;0;33;0;0;2;8;1;B01
201300041764;0;7;0;1;1;7;17;A01
201300041764;0;7;0;0;2;6;24;B01
201300041765;0;7;0;7;2;0;1;A01
201300041765;0;7;0;0;2;0;1;B01
201300041766;0;7;0;0;2;3;16;A01
201300041766;0;1;0;0;2;8;15;B01
201300041767;0;7;0;0;0;1;15;A01
201300041767;0;31;0;0;0;0;1;B01
201300041768;0;37;0;0;0;0;1;A01
201300041769;0;7;0;0;0;3;2;A01
201300041769;0;7;0;0;0;4;2;B01
201300041770;0;7;0;0;2;1;15;A01
201300041770;0;33;0;0;2;8;1;B01
201300041771;0;7;0;0;2;7;1;B01
201300041771;0;7;0;0;2;1;1;A01
201300041772;0;7;0;0;9;7;16;A01
201300041772;0;30;0;0;2;8;2;B01
201300041773;0;7;0;0;2;2;1;A01
201300041773;0;2;0;0;2;7;15;B01
201300041774;0;10;0;0;2;1;1;A01
201300041774;0;7;0;0;2;4;1;B01
201300041774;0;7;0;0;2;4;1;C01
201300041775;0;2;0;0;2;0;23;A01
201300041776;0;2;0;0;0;8;1;A01
201300041777;0;7;0;0;2;1;1;A01
201300041777;0;30;0;0;2;4;2;B01
201300041778;0;3;0;1;0;2;1;A01
201300041779;0;7;0;0;2;3;2;A01
201300041779;0;7;0;0;2;3;1;B01
201300041780;0;7;0;0;1;0;2;A01
201300041781;0;34;0;0;2;1;18;A01
201300041781;0;7;0;0;2;3;15;B01
201300041782;0;7;0;0;2;2;2;A01
201300041782;0;1;0;0;2;0;0;B01
201300041783;0;10;0;0;2;4;1;A01
201300041783;1;7;0;0;2;1;2;Z01
201300041784;0;37;0;0;0;0;0;A01
201300041785;0;7;0;0;1;3;15;A01
201300041786;0;7;0;0;2;2;20;A01
201300041786;0;7;0;0;2;1;1;B01
201300041787;0;7;0;0;2;0;0;B01
201300041787;0;7;0;0;2;3;16;A01
201300041788;0;10;0;9;2;8;1;A01
201300041788;0;7;0;9;2;1;1;B01
201300041789;0;2;0;0;2;3;18;A01
201300041789;0;10;0;0;2;7;16;B01
201300041790;0;7;0;0;2;1;1;A01
201300041790;0;7;0;0;2;7;1;B01
201300041791;0;7;0;0;2;2;1;B01
201300041791;0;2;0;0;2;1;1;A01
201300041792;0;7;0;0;0;8;2;A01
201300041792;0;7;0;0;9;1;2;B01
201300041792;0;7;0;0;9;1;2;C01
201300041793;0;7;0;0;2;1;1;A01
201300041793;0;30;0;0;2;1;5;B01
201300041794;0;7;0;0;2;3;1;A01
201300041794;1;31;0;0;2;0;0;B01
201300041795;0;30;0;0;1;3;2;A01
201300041796;0;7;0;0;2;1;19;A01
201300041796;0;34;0;0;2;8;1;B01
201300041797;0;7;0;0;1;0;0;A01
201300041798;0;7;0;1;0;0;0;A01
201300041799;0;33;0;0;2;1;1;A01
201300041799;1;7;0;0;2;2;15;Z01
201300041800;0;7;0;0;1;1;0;A01
201300041801;0;33;0;0;2;7;17;A01
201300041801;2;7;0;0;2;0;0;Z01
201300041802;0;33;0;0;2;1;9;B01
201300041802;0;7;0;0;2;3;9;A01
201300041803;0;7;0;0;2;2;1;A01
201300041803;0;7;0;0;2;6;1;B01
201300041804;0;31;0;0;0;9;16;A01
201300041805;1;7;0;0;2;0;2;A01
201300041805;0;7;0;0;2;9;1;B01
201300041805;0;7;0;0;2;1;1;C01
201300041806;0;7;0;0;1;2;0;A01
201300041807;0;7;0;0;2;1;2;A01
201300041807;0;7;0;0;2;5;2;B01
201300041808;0;7;0;0;2;2;2;A01
201300041808;0;1;0;0;2;1;0;B01
201300041809;0;7;0;0;1;1;1;A01
201300041810;0;3;0;0;2;1;9;A01
201300041810;0;3;0;0;0;7;0;B01
201300041811;0;7;0;0;2;3;1;A01
201300041811;0;7;0;0;0;6;15;B01
201300041812;0;7;0;0;1;1;16;A01
201300041813;0;3;0;4;0;2;2;A01
201300041814;0;13;0;0;9;5;1;A01
201300041814;0;1;0;0;2;0;0;B01
201300041815;0;7;0;15;2;5;1;B01
201300041815;0;10;0;0;2;0;0;A01
201300041816;0;7;0;0;1;0;1;A01
201300041817;0;7;0;0;0;0;0;A01
201300041817;0;7;0;0;2;4;2;B01
201300041818;0;1;0;0;2;7;1;B01
201300041818;0;7;0;0;9;3;9;A01
201300041819;0;7;0;3;0;1;2;A01
201300041820;0;3;0;0;2;1;2;A01
201300041820;0;7;0;0;2;1;9;B01
201300041821;0;10;0;0;0;1;2;B01
201300041821;0;7;0;0;0;7;0;A01
201300041822;0;7;0;0;0;1;1;B01
201300041822;0;10;0;1;1;2;1;A01
201300041823;0;15;0;0;1;1;15;A01
201300041824;0;33;0;0;0;2;2;A01
201300041824;0;7;0;0;0;1;0;B01
201300041825;0;2;0;0;2;2;2;B01
201300041825;0;7;0;0;2;2;15;A01
201300041826;0;32;0;0;2;1;1;B01
201300041826;0;7;0;0;2;2;9;A01
201300041827;0;7;0;0;2;6;15;A01
201300041827;0;33;0;0;2;7;1;B01
201300041828;0;7;0;0;1;1;0;A01
201300041829;2;3;0;0;1;0;0;A01
201300041830;0;1;0;0;0;3;2;A01
201300041830;0;7;0;0;0;7;2;B01
201300041831;0;7;0;0;0;6;10;A01
201300041831;1;2;0;0;2;0;0;B01
201300041832;0;7;0;0;2;1;2;A01
201300041832;0;10;0;0;2;4;2;B01
201300041833;0;32;0;0;2;1;0;B01
201300041833;0;7;0;0;2;8;19;A01
201300041834;0;7;0;0;1;2;0;A01
201300041835;0;7;0;0;2;3;15;A01
201300041835;0;34;0;0;2;1;17;B01
201300041836;0;7;0;0;0;6;4;A01
201300041836;0;7;0;0;0;2;2;B01
201300041837;0;7;0;0;1;8;0;A01
201300041838;0;34;0;0;1;1;1;A01
201300041839;0;30;0;0;2;0;13;A01
201300041839;0;7;0;0;2;1;1;B01
201300041840;0;10;0;0;0;1;2;A01
201300041840;0;2;0;0;2;1;3;B01
201300041841;0;7;0;0;1;1;0;A01
201300041842;0;7;0;0;2;1;15;A01
201300041842;0;1;0;0;2;1;1;B01
201300041843;0;10;0;0;0;2;2;A01
201300041843;0;33;0;12;1;3;2;B01
201300041844;0;3;0;0;1;5;4;A01
201300041845;0;3;0;0;1;4;0;A01
201300041846;0;7;0;0;2;3;2;A01
201300041846;0;33;0;0;2;2;2;B01
201300041847;0;7;0;0;2;1;2;A01
201300041847;0;3;0;0;2;4;2;B01
201300041848;0;7;0;0;2;3;1;A01
201300041848;0;7;0;0;2;7;2;B01
201300041849;1;10;0;0;2;1;1;A01
201300041849;0;7;0;0;0;4;1;B01
201300041850;0;7;0;0;2;1;2;A01
201300041850;0;32;0;0;2;4;1;B01
201300041850;0;7;0;0;2;4;1;C01
201300041851;0;7;0;;;;;A01
201300041851;0;7;0;0;2;1;2;B01
201300041852;0;7;0;0;1;2;1;A01
201300041853;0;7;0;0;1;1;1;A01
201300041854;0;7;0;0;1;3;2;A01
201300041855;0;7;0;0;1;4;4;A01
201300041856;0;30;0;0;2;7;5;A01
201300041856;0;7;0;0;2;2;15;B01
201300041857;0;7;0;0;2;0;4;B01
201300041857;0;34;0;0;2;2;17;A01
201300041858;0;30;0;0;2;3;1;B01
201300041858;0;7;0;0;2;2;1;A01
201300041859;0;7;0;15;0;2;15;A01
201300041860;0;7;0;0;2;3;0;B01
201300041860;0;7;0;0;2;1;2;A01
201300041861;0;7;0;0;1;2;2;A01
201300041862;0;7;0;0;1;1;1;A01
201300041863;0;7;0;0;0;8;24;A01
201300041863;0;7;0;1;0;7;17;B01
201300041864;0;32;0;0;2;3;2;A01
201300041864;0;7;0;0;2;2;2;B01
201300041865;1;33;0;0;1;0;0;Z01
201300041866;0;34;0;0;2;1;1;A01
201300041866;0;10;0;0;0;5;15;B01
201300041867;0;33;0;2;0;1;0;A01
201300041868;0;7;0;0;0;0;0;A01
201300041869;0;7;0;0;1;1;1;A01
201300041870;2;34;0;0;1;7;2;A01
201300041871;0;2;0;0;2;4;2;A01
201300041871;0;3;0;0;2;5;24;B01
201300041872;0;3;0;0;1;3;1;A01
201300041873;0;30;0;3;0;1;0;A01
201300041874;0;30;0;0;2;1;1;A01
201300041874;0;7;0;0;0;5;15;B01
201300041875;0;7;0;0;2;8;10;A01
201300041875;0;32;0;0;2;1;2;B01
201300041876;0;7;0;0;1;4;20;A01
201300041877;1;30;0;0;1;1;1;A01
201300041878;0;2;0;0;2;7;17;A01
201300041878;0;7;0;0;0;8;2;B01
201300041879;0;7;0;0;2;7;15;A01
201300041879;0;33;0;0;2;1;1;B01
201300041879;0;7;0;0;2;3;1;C01
201300041880;0;7;0;0;1;1;1;A01
201300041881;0;7;0;0;1;1;0;A01
201300041882;0;7;0;0;1;3;1;A01
201300041883;0;7;0;0;2;3;2;A01
201300041883;0;32;0;0;2;7;17;B01
201300041884;0;7;0;0;1;2;1;A01
201300041885;0;10;0;0;1;7;4;A01
201300041886;0;33;0;14;0;1;1;A01
201300041887;0;7;0;0;2;1;9;A01
201300041887;0;3;0;0;2;1;1;B01
201300041888;0;7;0;0;2;7;24;A01
201300041888;0;2;0;1;0;1;1;B01
201300041889;0;7;0;0;2;1;2;A01
201300041889;0;7;0;0;2;4;1;B01
201300041890;0;31;0;0;1;1;2;A01
201300041891;0;7;0;0;2;3;9;A01
201300041891;0;33;0;0;2;2;1;B01
201300041892;0;33;0;0;2;1;2;A01
201300041892;0;7;0;0;2;3;15;B01
201300041893;0;32;0;0;2;2;2;A01
201300041893;0;7;0;0;2;3;0;B01
201300041894;0;7;0;0;0;2;0;B01
201300041894;0;33;0;0;0;8;0;A01
201300041895;0;7;0;0;2;3;15;A01
201300041895;0;30;0;0;0;8;2;B01
201300041896;0;7;0;0;2;1;11;A01
201300041896;0;32;0;0;2;1;0;B01
201300041897;1;30;0;0;1;1;1;A01
201300041898;0;2;0;0;2;1;17;A01
201300041898;0;7;0;0;0;3;15;B01
201300041899;0;7;0;0;2;1;1;A01
201300041899;0;1;0;0;0;3;1;B01
201300041900;0;7;0;0;2;1;2;A01
201300041900;0;7;0;0;2;4;2;B01
201300041901;0;33;0;0;2;1;3;A01
201300041901;0;7;0;0;2;2;9;B01
201300041901;0;7;0;0;2;2;1;C01
201300041902;0;10;0;0;0;3;15;A01
201300041902;0;2;0;0;0;5;17;B01
201300041903;0;7;0;0;2;8;1;A01
201300041903;0;10;0;0;2;1;1;B01
201300041904;0;31;0;0;0;8;1;A01
201300041904;0;7;0;0;2;1;15;B01
201300041905;0;7;0;0;0;3;10;A01
201300041905;0;30;0;0;2;1;2;B01
201300041906;0;37;0;0;1;3;1;A01
201300041907;0;7;0;0;2;6;10;A01
201300041907;0;34;0;8;2;1;2;B01
201300041908;0;10;0;0;0;1;23;C01
201300041908;0;10;0;0;2;3;2;A01
201300041908;0;31;0;0;2;9;2;B01
201300041909;0;10;0;0;0;1;1;A01
201300041909;0;7;0;0;2;7;1;B01
201300041910;0;7;0;0;1;3;1;A01
201300041911;0;7;0;0;1;2;15;A01
201300041912;0;7;0;0;2;4;23;A01
201300041912;0;7;0;0;2;1;23;B01
201300041912;0;7;0;0;2;1;2;C01
201300041913;0;37;0;0;9;3;2;A01
201300041913;0;1;0;0;9;8;19;B01
201300041914;0;7;0;0;0;3;15;A01
201300041914;0;31;0;0;2;1;2;B01
201300041915;0;13;0;0;0;8;15;A01
201300041915;0;10;0;0;2;1;1;B01
201300041915;0;99;0;0;2;1;1;C01
201300041916;0;3;0;0;1;7;16;A01
201300041917;0;3;0;0;1;1;15;A01
201300041918;0;33;0;0;0;2;2;A01
201300041918;0;10;0;0;0;6;15;B01
201300041919;0;7;0;0;1;1;0;A01
201300041920;0;7;0;0;1;2;15;A01
201300041921;0;7;0;0;2;2;1;A01
201300041921;0;7;0;0;2;3;2;B01
201300041922;0;7;0;0;2;3;1;A01
201300041922;0;7;0;0;0;1;20;C01
201300041922;0;36;0;6;2;1;1;B01
201300041923;0;7;0;0;1;1;1;A01
201300041924;0;7;0;0;0;2;19;A01
201300041924;0;32;0;0;0;8;1;B01
201300041925;1;7;0;0;1;0;0;Z01
201300041926;0;7;0;1;2;1;2;A01
201300041926;0;2;0;1;0;3;19;B01
201300041927;0;7;0;0;1;1;15;A01
201300041928;0;7;0;0;1;3;2;A01
201300041929;0;7;0;0;0;8;23;B01
201300041929;0;7;0;0;2;1;14;A01
201300041930;0;7;0;0;1;2;2;A01
201300041931;0;34;0;0;2;1;1;A01
201300041931;0;7;0;0;2;3;9;B01
201300041932;0;7;0;0;1;0;0;A01
201300041933;1;7;0;0;2;1;2;A01
201300041933;0;7;0;0;2;4;23;B01
201300041933;0;7;0;0;0;4;23;C01
201300041934;0;7;0;0;9;3;22;A01
201300041934;0;1;0;1;2;1;1;B01
201300041935;0;7;0;0;0;3;2;A01
201300041936;0;7;0;1;0;2;2;A01
201300041937;0;7;0;0;2;1;2;A01
201300041937;0;1;0;0;0;1;15;B01
201300041938;0;10;0;0;1;2;15;A01
201300041939;0;7;0;0;2;2;15;A01
201300041939;0;2;0;0;2;1;1;B01
201300041940;0;7;0;0;2;3;2;A01
201300041940;0;2;0;0;2;7;1;B01
201300041941;0;7;0;9;0;7;15;B01
201300041941;2;7;0;0;2;1;2;Z01
201300041942;0;7;0;0;0;1;11;A01
201300041942;0;2;0;0;2;1;0;B01
201300041943;0;10;0;0;2;4;2;A01
201300041943;0;10;0;0;2;4;2;B01
201300041943;0;10;0;0;2;1;2;C01
201300041944;0;7;0;0;2;8;9;A01
201300041944;0;2;0;0;2;1;1;B01
201300041945;0;31;0;0;2;1;17;A01
201300041945;0;7;0;0;0;3;15;B01
201300041946;0;14;0;0;2;1;1;A01
201300041946;0;7;0;0;0;5;2;B01
201300041947;0;33;0;0;2;2;1;A01
201300041947;0;7;0;0;2;5;15;B01
201300041948;0;7;0;0;1;2;1;A01
201300041949;1;10;0;0;1;0;1;Z01
201300041950;0;7;0;0;1;1;2;A01
201300041951;0;2;0;0;2;2;21;A01
201300041951;0;7;0;0;2;6;16;B01
201300041952;0;7;0;0;1;1;1;A01
201300041953;0;7;0;0;1;5;1;A01
201300041954;0;7;0;9;2;1;1;B01
201300041954;0;7;0;9;2;7;1;A01
201300041955;0;7;0;0;2;3;1;A01
201300041955;0;7;0;0;2;3;1;B01
201300041956;0;99;0;0;2;1;13;A01
201300041956;0;7;0;0;2;2;1;B01
201300041957;0;33;0;0;2;1;2;A01
201300041957;0;7;0;0;2;1;2;B01
201300041957;0;7;0;0;0;4;2;C01
201300041958;0;7;0;0;2;2;2;A01
201300041958;0;7;0;0;2;4;2;B01
201300041959;0;7;0;6;0;1;1;A01
201300041960;0;7;0;0;2;2;15;A01
201300041960;0;32;0;0;2;9;1;B01
201300041960;0;7;0;0;2;3;23;C01
201300041961;0;7;0;1;0;9;1;A01
201300041962;0;2;0;0;2;1;2;A01
201300041962;0;7;0;0;2;3;15;B01
201300041963;0;33;0;0;1;0;2;A01
201300041964;0;7;0;0;1;3;2;A01
201300041965;0;32;0;0;2;1;1;A01
201300041965;0;7;0;0;2;8;1;B01
201300041966;0;7;0;0;2;2;1;A01
201300041966;0;1;0;0;0;3;15;B01
201300041967;0;1;0;0;0;0;1;B01
201300041967;1;99;0;0;2;0;2;Z01
201300041968;0;7;0;0;1;2;0;A01
201300041969;0;37;1;0;2;1;15;A01
201300041969;0;7;0;0;2;2;1;B01
201300041970;0;7;0;9;1;1;1;A01
201300041971;0;10;0;0;1;3;1;A01
201300041972;0;33;0;0;2;2;15;A01
201300041972;0;7;0;0;2;2;11;B01
201300041973;0;99;0;0;2;1;0;A01
201300041973;0;7;0;0;2;1;1;B01
201300041974;0;7;0;0;2;1;1;A01
201300041974;0;10;0;0;2;8;1;B01
201300041975;0;7;0;0;2;2;16;A01
201300041975;0;37;46;0;2;3;2;B01
201300041976;0;99;0;0;2;1;1;A01
201300041976;0;7;0;0;2;3;15;B01
201300041977;0;7;0;0;1;3;2;A01
201300041978;0;37;1;0;1;7;0;A01
201300041979;0;10;0;8;0;2;15;A01
201300041980;0;7;0;0;1;1;0;A01
201300041981;0;1;0;0;0;1;15;A01
201300041981;1;7;0;0;2;1;1;Z01
201300041982;0;7;0;0;1;4;4;A01
201300041983;0;7;0;0;1;1;15;A01
201300041984;0;30;0;0;2;1;0;A01
201300041984;0;7;0;0;2;2;0;B01
201300041985;0;7;0;0;2;1;1;A01
201300041985;0;1;0;0;0;8;2;B01
201300041986;0;7;0;0;0;6;17;A01
201300041986;0;7;0;0;2;2;0;B01
201300041987;0;99;0;6;0;1;1;A01
201300041988;0;7;0;0;1;1;1;A01
201300041989;2;7;0;0;2;2;1;A01
201300041989;0;7;0;1;0;4;23;B01
201300041990;0;34;0;0;1;7;1;A01
201300041991;0;7;0;0;1;2;1;A01
201300041992;0;7;0;0;2;1;5;A01
201300041992;0;2;0;0;2;1;5;B01
201300041993;0;7;0;0;2;1;1;A01
201300041993;0;33;0;0;0;2;1;B01
201300041994;1;7;0;0;1;2;1;Z01
201300041995;0;7;0;0;1;1;1;A01
201300041996;0;7;0;0;1;1;1;A01
201300041997;0;7;0;0;0;1;2;A01
201300041997;0;7;0;0;0;4;2;B01
201300041998;0;7;0;0;2;1;15;A01
201300041998;0;7;0;0;2;4;24;C01
201300041998;0;7;0;0;2;1;2;B01
201300041999;0;37;1;0;2;3;1;B01
201300041999;1;7;0;0;2;7;14;Z01
201300042000;0;30;0;0;2;3;0;A01
201300042000;0;10;0;0;2;3;0;B01
201300042001;0;7;0;0;2;3;14;A01
201300042001;0;7;0;0;0;2;0;B01
201300042002;0;10;0;0;1;0;0;A01
201300042003;0;10;0;0;0;3;11;A01
201300042003;0;33;0;0;2;7;21;B01