num_acc;senc;catv;occutc;obs;obsm;choc;manv;num_veh
201300042004;0;7;0;0;1;1;2;A01
201300042005;0;33;0;0;2;8;1;B01
201300042005;0;7;0;0;2;7;1;A01
201300042006;0;7;0;12;0;9;2;A01
201300042007;0;30;0;0;0;8;2;A01
201300042008;0;3;0;3;0;1;2;A01
201300042009;0;10;0;0;2;1;1;A01
201300042009;0;7;0;0;2;4;1;B01
201300042010;0;3;0;0;2;8;9;A01
201300042010;0;7;0;0;2;1;11;B01
201300042011;0;7;0;0;2;2;15;A01
201300042011;0;34;0;0;2;1;1;B01
201300042012;0;7;0;0;2;3;0;A01
201300042012;0;7;0;0;2;5;0;B01
201300042013;0;7;0;12;2;3;1;A01
201300042013;0;7;0;12;2;1;1;B01
201300042014;0;7;0;0;1;1;1;A01
201300042015;0;7;0;1;0;2;1;A01
201300042016;0;7;0;0;2;6;0;B01
201300042016;0;7;0;0;2;2;9;A01
201300042017;0;7;0;0;1;2;1;A01
201300042018;0;7;0;0;0;5;2;A01
201300042018;0;15;0;0;2;3;2;B01
201300042019;0;7;0;0;1;2;2;A01
201300042019;0;7;0;0;1;6;23;B01
201300042020;0;7;0;0;2;2;1;A01
201300042020;0;7;0;0;0;0;1;B01
201300042021;0;13;0;0;2;1;2;A01
201300042021;0;13;0;0;2;4;2;B01
201300042022;0;7;0;15;0;1;0;A01
201300042023;0;1;0;0;2;7;19;A01
201300042023;0;7;0;0;2;1;1;B01
201300042024;0;7;0;0;0;4;1;A01
201300042024;0;7;0;0;2;1;1;B01
201300042025;0;7;0;0;2;1;1;A01
201300042025;0;7;0;0;2;7;15;B01
201300042026;0;7;0;15;0;1;0;A01
201300042027;0;7;0;0;1;1;9;A01
201300042028;0;3;0;0;2;3;2;A01
201300042028;0;3;0;0;0;5;2;B01
201300042029;0;10;0;0;1;8;2;A01
201300042030;0;7;0;0;2;2;1;A01
201300042030;0;7;0;0;2;1;1;B01
201300042031;0;37;3;0;0;2;1;A01
201300042031;0;7;0;0;0;1;16;B01
201300042032;0;32;0;0;2;1;17;A01
201300042032;0;10;0;0;2;7;15;B01
201300042032;0;10;0;0;9;1;23;C01
201300042033;0;10;0;0;2;1;2;A01
201300042033;0;10;0;0;2;7;15;B01
201300042034;0;7;0;0;1;4;4;A01
201300042035;0;7;0;0;1;2;1;A01
201300042036;0;7;0;0;2;1;2;A01
201300042036;0;7;0;0;0;4;2;B01
201300042037;0;30;0;0;0;0;2;A01
201300042038;0;7;0;1;0;2;0;A01
201300042039;0;7;0;0;2;2;1;A01
201300042039;0;1;0;0;2;1;2;B01
201300042040;0;7;0;0;0;8;16;A01
201300042040;0;32;0;0;0;1;1;B01
201300042041;0;33;0;0;0;7;15;A01
201300042042;0;2;0;0;2;1;1;B01
201300042042;1;7;0;0;2;1;1;A01
201300042043;0;7;0;1;0;1;1;A01
201300042043;0;7;0;0;2;4;1;B01
201300042044;0;7;0;0;2;3;11;A01
201300042044;0;7;0;0;2;5;2;B01
201300042045;0;7;0;0;1;2;1;A01
201300042046;0;7;0;0;1;2;16;A01
201300042047;0;7;0;0;2;2;10;A01
201300042047;0;32;0;0;2;3;1;B01
201300042048;0;7;0;0;0;6;1;B01
201300042048;0;33;0;0;2;1;1;A01
201300042049;0;7;0;0;2;1;2;A01
201300042049;0;7;0;0;0;4;2;B01
201300042050;0;7;0;0;2;2;2;A01
201300042050;0;10;0;0;2;2;2;B01
201300042050;0;7;0;0;2;0;2;C01
201300042051;0;10;0;0;1;1;1;A01
201300042052;0;7;0;2;2;3;21;A01
201300042052;0;7;0;0;2;1;0;C01
201300042052;0;7;0;2;2;5;0;B01
201300042053;0;7;0;0;2;1;15;A01
201300042053;0;7;0;0;2;1;1;B01
201300042054;0;7;0;0;1;1;1;A01
201300042055;0;7;0;0;0;1;1;A01
201300042055;0;7;0;0;0;5;1;B01
201300042056;0;7;0;0;2;1;0;B01
201300042056;0;7;0;0;2;2;1;A01
201300042057;0;7;0;0;1;1;2;A01
201300042058;0;7;0;0;1;1;15;A01
201300042059;0;7;0;0;9;3;13;A01
201300042059;0;33;0;4;2;7;17;B01
201300042060;0;7;0;0;1;3;1;A01
201300042061;0;33;0;0;2;1;1;A01
201300042061;0;7;0;0;2;1;15;B01
201300042062;2;10;0;0;2;3;0;B01
201300042062;0;7;0;0;2;1;16;A01
201300042063;0;30;0;0;1;1;2;A01
201300042064;0;32;0;0;1;1;17;A01
201300042065;0;2;0;0;2;1;21;B01
201300042065;0;7;0;0;2;2;1;A01
201300042066;2;7;0;6;0;1;0;A01
201300042067;0;7;0;0;1;3;1;A01
201300042068;0;10;0;14;0;1;1;A01
201300042068;0;7;0;0;0;4;1;B01
201300042069;0;10;0;0;2;8;2;A01
201300042069;0;30;0;0;2;7;1;B01
201300042070;0;7;0;0;2;3;0;B01
201300042070;1;7;0;0;0;0;0;Z01
201300042071;0;37;1;0;2;5;14;A01
201300042071;0;33;0;0;0;1;15;B01
201300042072;0;7;0;0;0;3;2;A01
201300042072;0;7;0;0;0;5;2;B01
201300042073;0;7;0;0;1;1;1;A01
201300042074;0;7;0;0;2;7;1;A01
201300042074;0;34;0;0;2;1;1;B01
201300042075;0;10;0;0;2;1;1;A01
201300042075;0;7;0;0;2;3;1;B01
201300042076;0;7;0;0;1;5;1;A01
201300042077;0;33;0;1;0;0;1;A01
201300042078;0;7;0;0;2;1;1;A01
201300042078;0;7;0;0;2;8;15;B01
201300042079;0;7;0;0;2;2;9;A01
201300042079;0;30;0;0;2;1;0;B01
201300042080;0;7;0;0;0;2;15;A01
201300042080;0;1;0;0;2;8;15;B01
201300042081;0;7;0;0;0;3;10;A01
201300042081;0;34;0;0;2;1;2;B01
201300042082;0;7;0;0;2;1;2;A01
201300042082;0;7;0;0;2;4;2;B01
201300042082;0;7;0;0;2;4;2;C01
201300042083;0;10;0;0;2;3;11;A01
201300042083;0;7;0;0;2;2;1;B01
201300042084;0;7;0;0;1;3;1;A01
201300042085;0;7;0;0;1;2;1;A01
201300042086;0;7;0;0;2;1;1;A01
201300042086;0;7;0;0;2;2;15;B01
201300042087;0;30;0;0;2;5;1;A01
201300042087;0;7;0;0;2;2;1;B01
201300042088;0;7;0;0;2;2;1;A01
201300042088;0;7;0;0;2;8;15;B01
201300042089;0;7;0;0;1;2;2;A01
201300042090;0;7;0;0;1;3;1;A01
201300042091;0;33;0;0;2;2;1;B01
201300042091;0;7;0;0;2;3;15;A01
201300042092;0;13;0;14;0;1;2;A01
201300042092;0;7;0;0;0;4;2;B01
201300042093;0;10;0;0;1;1;2;A01
201300042094;0;7;0;0;2;1;2;B01
201300042094;1;7;0;0;0;0;2;Z01
201300042095;0;10;0;0;1;2;17;A01
201300042096;0;2;0;0;0;0;0;A01
201300042096;0;33;0;0;0;0;0;B01
201300042097;0;7;0;0;1;1;0;A01
201300042098;0;7;0;0;1;1;1;A01
201300042099;0;32;0;8;0;9;0;A01
201300042100;0;7;0;0;2;1;1;A01
201300042100;0;7;0;0;2;8;15;B01
201300042101;0;7;0;0;2;7;0;A01
201300042101;0;7;0;0;2;1;0;B01
201300042102;0;10;0;0;1;4;4;A01
201300042103;1;7;0;0;1;1;15;A01
201300042104;0;7;0;0;1;3;1;A01
201300042105;0;10;0;0;2;1;1;A01
201300042105;0;10;0;0;0;4;0;B01
201300042106;0;7;0;0;1;4;4;A01
201300042107;0;7;0;0;1;3;0;A01
201300042108;0;2;0;0;0;0;0;A01
201300042108;0;7;0;0;0;0;0;B01
201300042109;0;10;0;0;1;0;1;A01
201300042110;0;7;0;0;0;7;0;B01
201300042110;0;34;0;0;2;1;0;A01
201300042111;0;31;0;0;1;2;0;A01
201300042112;0;10;0;0;2;3;1;A01
201300042112;0;7;0;0;2;2;9;B01
201300042113;0;7;0;0;1;7;0;A01
201300042114;0;7;0;0;2;4;2;A01
201300042114;0;7;0;0;2;4;0;B01
201300042115;2;7;0;0;1;1;1;A01
201300042116;0;7;0;1;0;1;1;A01
201300042117;0;2;0;0;1;1;1;A01
201300042118;0;7;0;0;2;2;16;A01
201300042118;0;34;0;0;2;3;1;B01
201300042119;0;7;0;0;2;1;1;A01
201300042119;0;33;0;0;2;5;15;B01
201300042120;0;33;0;0;1;2;1;A01
201300042121;0;33;0;1;0;2;21;A01
201300042121;0;7;0;0;0;8;22;B01
201300042121;0;7;0;0;2;5;23;C01
201300042122;0;10;0;12;0;3;0;A01
201300042123;0;7;0;0;1;1;2;A01
201300042124;0;7;0;0;2;1;2;A01
201300042124;0;7;0;0;0;4;2;B01
201300042125;0;10;0;1;0;1;11;A01
201300042125;0;2;0;0;2;1;0;B01
201300042126;0;7;0;15;0;1;0;A01
201300042127;0;7;0;16;0;1;15;A01
201300042127;0;7;0;8;0;3;2;B01
201300042128;0;10;0;0;2;1;0;A01
201300042128;0;7;0;0;0;8;1;B01
201300042129;1;99;0;0;1;0;0;Z01
201300042130;0;7;0;0;1;1;1;A01
201300042131;0;10;0;0;0;3;2;A01
201300042131;0;33;0;0;2;1;5;B01
201300042132;0;7;0;0;0;3;11;A01
201300042132;0;33;0;0;2;1;2;B01
201300042133;0;7;0;0;2;3;13;A01
201300042133;0;20;0;0;2;6;0;B01
201300042134;0;7;0;0;2;3;13;A01
201300042134;0;31;0;0;2;7;15;B01
201300042135;2;7;0;0;2;5;15;A01
201300042135;0;31;0;0;2;1;1;B01
201300042136;0;7;0;0;2;1;2;A01
201300042136;0;7;0;0;0;4;2;B01
201300042137;0;7;0;8;2;3;2;B01
201300042137;0;7;0;0;2;1;1;A01
201300042138;0;7;0;0;2;1;1;A01
201300042138;0;10;0;8;2;4;16;B01
201300042139;0;33;0;0;2;4;15;A01
201300042139;0;10;0;0;2;1;1;B01
201300042140;0;30;0;0;1;2;17;A01
201300042141;0;7;0;0;2;3;1;B01
201300042141;0;30;0;0;2;1;9;A01
201300042142;0;7;0;0;1;1;1;A01
201300042143;0;34;0;0;1;1;1;A01
201300042144;0;10;0;0;2;3;17;A01
201300042144;0;33;0;0;2;1;13;B01
201300042145;0;7;0;0;1;1;16;A01
201300042146;0;3;0;0;2;2;1;A01
201300042146;0;7;0;0;2;3;1;B01
201300042147;0;7;0;0;1;3;15;A01
201300042148;0;14;0;0;2;2;0;A01
201300042148;0;10;0;0;2;8;2;B01
201300042149;0;7;0;0;2;6;11;A01
201300042149;0;7;0;14;2;1;1;B01
201300042150;0;7;0;0;2;7;14;A01
201300042150;0;32;0;0;2;3;1;B01
201300042151;0;2;0;0;2;1;1;A01
201300042151;0;7;0;0;0;8;1;B01
201300042152;0;33;0;0;2;1;2;A01
201300042152;0;7;0;0;2;5;2;B01
201300042153;0;7;0;0;2;1;2;A01
201300042153;0;7;0;0;2;1;2;B01
201300042154;0;7;0;0;0;3;15;A01
201300042154;0;33;0;0;2;1;2;B01
201300042155;0;34;0;0;2;8;2;B01
201300042155;1;7;0;0;2;0;17;Z01
201300042156;0;7;0;1;2;1;15;A01
201300042156;0;32;0;1;2;1;1;B01
201300042157;1;30;0;0;2;3;9;A01
201300042157;0;30;0;0;2;1;1;B01
201300042158;0;7;0;0;2;8;22;A01
201300042158;0;37;1;1;0;7;1;B01
201300042159;0;10;0;0;0;4;4;A01
201300042159;0;7;0;0;0;2;1;B01
201300042160;0;30;0;1;2;7;0;A01
201300042160;1;7;0;1;2;0;0;Z01
201300042161;0;30;0;14;0;1;9;A01
201300042162;0;10;0;0;2;8;15;A01
201300042162;0;33;0;0;2;1;15;B01
201300042163;0;7;0;3;0;9;1;A01
201300042164;0;33;0;0;2;1;2;A01
201300042164;0;7;0;0;2;4;2;B01
201300042165;0;30;0;0;2;7;2;B01
201300042165;0;7;0;0;2;6;4;A01
201300042166;0;7;0;0;2;1;1;A01
201300042166;0;33;0;0;2;6;1;B01
201300042167;0;10;0;0;2;3;1;A01
201300042167;1;33;0;0;2;8;21;B01
201300042168;0;7;0;0;2;2;1;A01
201300042168;0;7;0;0;2;6;16;B01
201300042169;0;7;0;0;2;1;9;A01
201300042169;0;7;0;0;2;8;9;B01
201300042170;0;7;0;0;2;2;1;A01
201300042170;0;7;0;0;2;3;15;B01
201300042171;0;34;0;0;2;1;1;B01
201300042171;0;7;0;0;2;2;9;A01
201300042172;0;7;0;0;2;6;11;A01
201300042172;0;34;0;0;2;2;1;B01
201300042173;0;7;0;0;1;2;1;A01
201300042174;0;7;0;0;0;3;1;A01
201300042175;0;7;0;0;2;1;1;A01
201300042175;0;37;1;0;2;6;24;B01
201300042176;0;34;0;0;2;1;1;A01
201300042176;0;33;0;0;2;6;0;B01
201300042176;0;7;0;0;2;8;1;C01
201300042177;0;7;0;0;1;2;1;A01
201300042178;0;7;0;0;2;2;1;A01
201300042178;0;10;0;0;2;2;16;B01
201300042179;0;7;0;0;1;5;4;A01
201300042180;0;7;0;0;1;1;15;A01
201300042181;0;7;0;0;2;1;2;A01
201300042181;0;99;0;0;2;4;2;B01
201300042181;0;10;0;0;0;4;2;C01
201300042182;0;7;0;0;1;2;1;A01
201300042183;0;34;0;0;0;4;0;A01
201300042183;0;30;0;0;2;1;1;B01
201300042184;0;32;0;0;2;1;17;A01
201300042184;0;7;0;0;2;6;15;B01
201300042185;0;7;0;0;2;7;1;A01
201300042185;0;7;0;0;2;2;1;B01
201300042186;1;7;0;0;2;5;1;A01
201300042186;0;33;0;0;2;8;1;B01
201300042187;0;31;0;0;2;0;1;A01
201300042187;0;3;0;0;2;3;20;B01
201300042188;0;7;0;9;0;1;13;A01
201300042189;0;7;0;0;2;7;15;A01
201300042189;0;7;0;1;2;8;1;B01
201300042190;0;7;0;0;1;1;15;A01
201300042191;0;1;0;0;0;1;1;B01
201300042191;0;7;0;0;9;3;1;A01
201300042192;0;7;0;6;0;9;0;A01
201300042193;0;7;0;0;2;5;2;B01
201300042193;0;10;0;0;2;1;1;A01
201300042194;0;7;0;1;0;2;1;A01
201300042195;0;7;0;1;2;9;2;A01
201300042195;0;7;0;0;2;6;23;E01
201300042196;0;32;0;0;0;0;0;A01
201300042197;0;7;0;0;2;3;2;A01
201300042197;0;7;0;0;2;8;15;B01
201300042198;0;2;0;0;0;0;0;A01
201300042199;0;10;0;0;2;1;1;A01
201300042199;0;7;0;0;2;6;1;B01
201300042200;0;7;0;0;2;1;1;A01
201300042200;0;7;0;0;2;8;15;B01
201300042201;0;31;0;0;2;7;1;B01
201300042201;0;7;0;0;2;1;16;A01
201300042202;0;7;0;0;1;3;4;A01
201300042203;0;34;0;0;1;0;0;A01
201300042204;0;7;0;0;2;2;15;A01
201300042204;0;30;0;0;2;1;1;B01
201300042205;0;7;0;0;2;1;1;A01
201300042205;0;1;0;0;2;1;1;B01
201300042206;0;1;0;0;0;0;2;B01
201300042206;0;7;0;0;0;3;16;A01
201300042207;0;37;15;0;1;2;15;A01
201300042208;0;34;0;0;1;1;1;A01
201300042209;0;10;0;0;2;1;2;A01
201300042209;0;7;0;0;0;4;2;B01
201300042209;0;7;0;0;2;1;2;C01
201300042210;0;7;0;1;0;1;5;A01
201300042211;0;7;0;8;2;1;21;B01
201300042211;1;7;0;0;0;0;10;Z01
201300042212;0;7;0;0;2;1;1;A01
201300042212;0;7;0;0;2;3;1;B01
201300042213;0;7;0;9;0;3;2;A01
201300042214;2;7;0;0;2;1;1;Z01
201300042214;0;7;0;0;2;7;1;A01
201300042215;0;7;0;0;2;1;1;A01
201300042215;0;7;0;8;2;5;1;B01
201300042216;0;7;0;0;2;2;1;A01
201300042216;0;7;0;0;2;7;1;B01
201300042217;0;7;0;0;1;2;2;A01
201300042218;0;7;0;0;2;3;15;A01
201300042218;0;7;0;0;2;1;1;B01
201300042219;0;7;0;1;0;7;1;A01
201300042220;1;7;0;0;1;0;0;Z01
201300042221;0;7;0;0;1;3;1;A01
201300042222;0;7;0;0;2;5;1;B01
201300042222;0;7;0;0;2;3;1;A01
201300042223;0;7;0;0;2;2;0;A01
201300042223;0;30;0;0;2;7;0;B01
201300042224;0;33;0;0;2;2;1;A01
201300042224;0;7;0;0;2;3;16;B01
201300042225;0;7;0;0;1;2;1;A01
201300042226;0;7;0;0;1;1;16;A01
201300042227;0;37;2;0;2;2;1;B01
201300042227;0;7;0;0;2;1;16;A01
201300042228;0;7;0;15;2;9;2;B01
201300042228;0;7;0;1;2;1;2;A01
201300042229;0;7;0;0;2;1;1;A01
201300042229;0;7;0;0;2;6;1;B01
201300042230;0;7;0;0;2;4;1;A01
201300042230;0;10;0;0;2;1;1;B01
201300042231;0;7;0;12;0;1;1;A01
201300042232;0;7;0;0;1;1;1;A01
201300042233;0;7;0;0;1;1;1;A01
201300042234;0;32;0;0;2;1;15;A01
201300042234;0;7;0;0;2;1;1;B01
201300042235;0;7;0;0;1;1;14;A01
201300042236;0;7;0;0;2;8;20;A01
201300042236;0;7;0;0;2;1;1;B01
201300042237;0;7;0;0;1;1;1;A01
201300042238;0;7;0;0;1;2;1;A01
201300042239;0;7;0;0;1;1;1;A01
201300042240;0;7;0;0;1;1;1;A01
201300042241;0;30;0;0;2;1;15;A01
201300042241;0;7;0;0;2;1;1;B01
201300042242;0;33;0;0;2;3;1;B01
201300042242;0;3;0;0;2;2;15;A01
201300042243;0;32;0;1;0;1;1;A01
201300042244;0;7;0;3;0;1;15;A01
201300042245;0;33;0;0;2;8;1;A01
201300042245;0;7;0;0;2;8;15;B01
201300042246;0;7;0;0;2;4;1;A01
201300042246;0;1;0;0;2;4;1;B01
201300042247;0;10;0;0;2;1;2;A01
201300042247;0;7;0;0;2;4;2;B01
201300042247;0;7;0;0;2;4;2;C01
201300042248;0;7;0;0;1;2;2;A01
201300042249;0;7;0;0;2;4;1;A01
201300042249;0;7;0;0;2;1;1;B01
201300042249;0;7;0;0;2;1;1;C01
201300042250;0;7;0;0;2;4;1;A01
201300042250;1;33;0;0;2;1;1;B01
201300042251;0;7;0;9;0;1;1;A01
201300042252;0;7;0;0;2;1;1;A01
201300042252;0;31;0;0;2;1;1;B01
201300042253;0;30;0;0;2;1;9;A01
201300042253;0;7;0;0;2;1;1;B01
201300042254;0;10;0;0;2;1;13;A01
201300042254;0;7;0;0;2;1;1;B01
201300042255;0;7;0;1;0;1;9;A01
201300042256;0;7;0;8;0;1;0;A01
201300042257;1;30;0;0;1;1;1;A01
201300042258;0;7;0;0;1;1;20;A01
201300042259;0;7;0;0;2;1;1;B01
201300042259;0;7;0;0;2;1;1;A01
201300042260;0;13;0;0;2;1;1;A01
201300042260;0;7;0;0;2;4;1;B01
201300042261;0;7;0;0;2;3;16;A01
201300042261;0;33;0;0;2;1;1;B01
201300042262;1;7;0;0;1;1;0;A01
201300042263;0;7;0;0;9;1;1;A01
201300042263;0;1;0;0;2;1;1;B01
201300042264;0;7;0;0;2;1;15;B01
201300042264;0;7;0;0;2;1;1;A01
201300042265;0;7;0;0;2;2;1;A01
201300042265;0;30;0;0;2;7;15;B01
201300042266;0;32;0;0;2;1;1;A01
201300042266;0;7;0;0;2;1;15;B01
201300042267;0;7;0;0;2;6;10;A01
201300042267;0;33;0;0;2;1;17;B01
201300042268;0;7;0;15;0;3;2;A01
201300042269;0;7;0;0;2;1;15;B01
201300042269;0;7;0;0;2;1;1;A01
201300042270;0;7;0;0;1;1;15;A01
201300042271;0;30;0;0;0;0;0;A01
201300042272;0;7;0;0;2;2;15;A01
201300042272;2;34;0;0;2;1;0;B01
201300042273;0;30;0;0;2;1;1;A01
201300042273;0;7;0;0;2;1;15;B01
201300042274;0;7;0;0;1;2;1;A01
201300042275;0;7;0;0;2;4;1;A01
201300042275;0;7;0;0;2;1;1;B01
201300042276;0;7;0;0;2;6;10;B01
201300042276;0;34;0;0;2;1;1;A01
201300042277;0;7;0;0;2;0;0;A01
201300042277;0;30;0;0;2;1;1;B01
201300042278;0;7;0;0;2;4;23;A01
201300042278;0;37;1;0;2;1;1;B01
201300042279;0;7;0;0;1;1;1;A01
201300042280;0;14;0;0;2;6;4;A01
201300042280;0;30;0;0;2;3;2;B01
201300042281;0;7;0;0;1;1;15;A01
201300042282;0;7;0;0;0;2;0;B01
201300042282;0;7;0;0;0;3;0;A01
201300042283;0;7;0;0;2;7;24;B01
201300042283;1;7;0;1;0;1;16;Z01
201300042284;0;1;0;0;2;3;8;A01
201300042284;0;7;0;0;0;3;1;B01
201300042285;1;7;0;0;1;1;1;Z01
201300042286;1;30;0;0;1;0;0;Z01
201300042287;0;7;0;0;2;1;13;A01
201300042287;0;7;0;0;2;3;0;B01
201300042288;0;7;0;0;0;6;10;A01
201300042288;0;33;0;0;2;1;2;B01
201300042289;0;40;0;0;2;3;1;A01
201300042289;0;7;0;0;4;7;0;B01
201300042290;0;7;0;0;1;2;2;A01
201300042291;0;33;0;0;2;7;1;B01
201300042291;1;7;0;0;0;0;0;Z01
201300042292;1;7;0;0;1;0;0;Z01
201300042293;0;30;0;0;2;1;1;A01
201300042293;0;33;0;0;2;7;16;B01
201300042294;1;7;0;0;0;0;0;Z01
201300042294;0;7;0;0;2;8;1;B01
201300042295;0;37;6;0;1;2;2;A01
201300042296;0;7;0;0;1;1;0;A01
201300042297;1;7;0;0;1;1;1;Z01
201300042298;0;7;0;0;2;1;2;A01
201300042298;0;7;0;0;0;5;2;B01
201300042299;0;7;0;0;2;1;2;A01
201300042299;0;7;0;0;0;4;2;B01
201300042300;0;7;0;0;0;4;2;A01
201300042300;0;7;0;0;0;4;23;B01
201300042301;0;30;0;0;0;1;1;A01
201300042302;1;7;0;0;1;0;1;Z01
201300042303;0;7;0;0;0;7;11;A01
201300042303;0;30;0;0;0;1;21;B01
201300042304;0;33;0;0;2;3;1;A01
201300042304;0;7;0;0;2;2;16;B01
201300042305;0;7;0;0;0;8;1;A01
201300042305;0;30;0;0;0;7;2;B01
201300042306;0;33;0;0;2;1;5;A01
201300042306;0;7;0;0;2;1;3;B01
201300042307;0;34;0;0;0;8;0;A01
201300042308;0;7;0;0;0;1;0;A01
201300042308;0;7;0;0;0;4;0;B01
201300042308;0;7;0;0;0;0;0;C01
201300042309;0;30;0;0;2;2;2;B01
201300042309;1;7;0;0;2;0;2;Z01
201300042310;0;10;0;0;0;1;15;A01
201300042310;0;33;0;0;0;1;2;B01
201300042311;0;33;0;0;2;1;1;B01
201300042311;0;7;0;0;2;3;9;A01
201300042312;0;3;0;0;1;1;2;A01
201300042313;0;7;0;0;1;1;0;A01
201300042314;0;7;0;0;1;2;2;A01
201300042315;0;30;0;0;0;8;1;A01
201300042316;0;10;0;0;0;4;6;A01
201300042316;0;32;0;0;2;1;1;B01
201300042317;0;7;0;0;2;1;2;A01
201300042317;0;7;0;0;0;4;2;B01
201300042318;0;32;0;0;0;3;13;A01
201300042318;0;7;0;0;0;2;0;B01
201300042319;0;7;0;0;2;2;1;B01
201300042319;1;30;0;0;2;3;19;Z01
201300042320;0;7;0;0;2;7;12;A01
201300042320;0;33;0;0;0;8;2;B01
201300042321;0;32;0;0;0;8;0;A01
201300042322;0;7;0;0;2;5;12;A01
201300042322;0;33;0;0;2;1;2;B01
201300042323;0;34;0;0;1;1;21;A01
201300042324;0;34;0;0;2;1;1;A01
201300042324;0;10;0;0;1;2;1;B01
201300042325;0;7;0;0;1;1;2;A01
201300042326;0;34;0;0;2;1;1;A01
201300042326;1;10;0;0;0;0;1;Z01
201300042327;0;1;0;0;0;4;0;A01
201300042327;1;7;0;0;2;4;2;Z01
201300042328;0;7;0;0;2;1;13;A01
201300042328;0;7;0;0;2;1;1;B01
201300042329;0;7;0;0;2;3;13;A01
201300042329;0;31;0;0;2;2;21;B01
201300042330;1;7;0;0;1;1;0;Z01
201300042331;0;7;0;0;1;1;0;A01
201300042332;0;10;0;0;1;3;2;A01
201300042333;0;7;0;0;2;2;1;A01
201300042333;0;32;0;0;2;1;12;B01
201300042334;0;2;0;0;2;1;2;A01
201300042334;0;7;0;0;2;4;2;B01
201300042335;0;15;0;0;0;6;24;A01
201300042335;0;34;0;1;2;7;17;B01
201300042336;0;7;0;0;2;1;1;B01
201300042336;2;7;0;0;2;0;1;Z01
201300042337;0;32;0;0;2;1;13;A01
201300042337;0;7;0;0;2;3;1;B01
201300042337;0;7;0;0;2;3;1;C01
201300042338;0;7;0;0;2;8;10;A01
201300042338;0;7;0;0;2;2;2;B01
201300042339;0;31;0;0;2;2;2;A01
201300042339;0;7;0;0;2;0;2;B01
201300042340;0;10;0;1;1;3;15;A01
201300042340;0;7;0;0;0;6;13;B01
201300042341;0;33;0;0;0;3;0;A01
201300042341;0;7;0;0;0;2;0;B01
201300042342;0;7;0;0;2;2;1;B01
201300042342;0;7;0;0;2;8;11;A01
201300042343;2;7;0;0;1;1;0;Z01
201300042344;0;2;0;0;0;0;0;A01
201300042345;0;7;0;0;2;8;1;B01
201300042345;2;2;0;0;2;1;1;A01
201300042346;0;14;0;0;0;7;2;A01
201300042346;0;7;0;0;0;1;2;B01
201300042347;0;7;0;0;0;5;15;A01
201300042347;1;7;0;0;2;1;0;Z01
201300042348;1;7;0;0;1;6;4;Z01
201300042349;0;16;0;0;2;1;1;A01
201300042349;0;7;0;0;2;4;1;B01
201300042350;0;31;0;0;0;4;23;B01
201300042350;0;7;0;0;2;1;2;A01
201300042351;0;7;0;4;0;1;0;A01
201300042352;0;10;0;0;1;8;1;A01
201300042353;0;32;0;0;2;1;1;A01
201300042353;0;7;0;0;2;3;15;B01
201300042354;0;7;0;0;2;3;2;A01
201300042354;0;7;0;0;2;4;2;B01
201300042355;0;7;0;0;2;1;2;A01
201300042355;0;7;0;0;0;4;23;B01
201300042356;0;2;0;0;1;1;6;A01
201300042357;1;7;0;0;1;4;4;A01
201300042358;0;7;0;0;0;3;9;A01
201300042358;0;7;0;0;0;2;1;B01
201300042359;0;7;0;0;1;4;4;A01
201300042360;0;32;0;0;2;0;0;A01
201300042360;0;7;0;0;2;0;0;B01
201300042361;0;7;0;0;0;1;5;A01
201300042361;0;10;0;0;0;8;0;B01
201300042361;0;7;0;0;0;1;1;C01
201300042362;0;2;0;0;9;0;0;A01
201300042363;0;7;0;0;9;3;1;A01
201300042363;0;1;0;0;2;7;2;B01
201300042364;0;7;0;0;0;2;0;A01
201300042364;0;2;0;0;0;0;0;B01
201300042365;0;7;0;0;2;3;2;A01
201300042365;0;34;0;0;2;3;2;B01
201300042366;1;2;0;0;1;0;0;Z01
201300042367;0;7;0;0;0;2;1;A01
201300042367;0;7;0;0;0;3;1;B01
201300042368;0;7;0;0;2;2;1;B01
201300042368;2;7;0;0;2;3;9;A01
201300042369;0;7;0;0;1;7;1;A01
201300042370;0;10;0;0;2;6;15;A01
201300042370;0;10;0;0;2;1;1;B01
201300042371;0;7;0;0;0;3;2;B01
201300042371;0;33;0;0;0;2;15;A01
201300042372;0;7;0;8;0;1;0;A01
201300042373;0;7;0;0;1;1;1;A01
201300042374;0;7;0;0;1;3;1;A01
201300042375;0;7;0;0;1;8;1;A01
201300042376;0;10;0;0;2;5;1;A01
201300042376;0;7;0;0;2;3;1;B01
201300042377;0;30;0;0;2;1;1;A01
201300042377;0;37;1;0;2;3;2;B01
201300042378;0;7;0;0;2;7;0;A01
201300042378;0;33;0;0;2;1;0;B01
201300042379;0;3;0;0;2;8;10;A01
201300042379;0;32;0;0;2;1;5;B01
201300042380;0;30;0;0;2;8;5;A01
201300042380;0;7;0;0;2;3;0;B01
201300042381;0;7;0;0;1;0;0;A01
201300042381;0;7;0;0;0;0;0;B01
201300042382;0;7;0;8;2;8;19;A01
201300042382;0;7;0;1;2;1;1;B01
201300042383;0;10;0;0;2;3;15;A01
201300042383;0;33;0;0;2;7;1;B01
201300042384;0;33;0;0;2;1;2;A01
201300042384;0;7;0;0;2;4;2;B01
201300042385;0;7;0;0;2;2;10;A01
201300042385;0;33;0;0;2;1;1;B01
201300042386;0;32;0;0;2;3;0;A01
201300042386;0;7;0;0;2;3;0;B01
201300042387;0;14;0;0;2;8;1;A01