num_acc;senc;catv;occutc;obs;obsm;choc;manv;num_veh
201300042387;0;7;0;0;2;1;1;B01
201300042387;0;7;0;0;9;4;1;C01
201300042387;0;7;0;0;2;3;1;D01
201300042387;0;7;0;0;2;3;1;E01
201300042387;0;7;0;0;2;1;1;F02
201300042387;0;7;0;0;2;1;1;G02
201300042387;0;7;0;0;2;1;1;H02
201300042387;0;7;0;0;2;1;1;I02
201300042387;0;7;0;0;9;6;0;J02
201300042388;0;33;0;0;0;0;0;A01
201300042388;0;7;0;0;0;0;0;B01
201300042389;0;7;0;0;1;3;15;A01
201300042390;0;7;0;0;1;3;2;A01
201300042391;0;7;0;0;2;1;0;A01
201300042391;0;34;0;0;2;1;0;B01
201300042392;0;7;0;12;0;0;0;A01
201300042393;2;7;0;0;2;3;0;A01
201300042393;0;30;0;0;2;1;1;B01
201300042394;0;7;0;0;0;3;2;A01
201300042394;1;32;0;0;0;0;0;B01
201300042395;0;7;0;0;1;2;0;A01
201300042396;0;10;0;0;2;1;1;A01
201300042396;0;33;0;0;2;8;1;B01
201300042397;0;10;0;14;1;7;1;A01
201300042398;0;32;0;0;2;7;1;A01
201300042398;0;7;0;0;2;2;15;B01
201300042399;2;7;0;12;0;9;0;A01
201300042400;0;99;0;0;2;1;2;A01
201300042400;0;3;0;0;2;5;1;B01
201300042401;1;33;0;0;1;0;0;Z01
201300042402;0;33;0;0;2;1;5;A01
201300042402;0;7;0;0;2;1;16;B01
201300042403;0;7;0;0;9;1;0;A01
201300042403;0;1;0;0;2;8;0;B01
201300042404;0;3;0;0;9;1;2;A01
201300042405;0;7;0;0;2;8;10;A01
201300042405;0;7;0;0;2;7;2;B01
201300042406;0;7;0;0;2;3;0;A01
201300042406;0;7;0;0;2;3;0;B01
201300042407;0;7;0;1;0;4;23;A01
201300042407;0;1;0;1;0;1;0;B01
201300042408;0;7;0;0;1;5;5;A01
201300042409;0;7;0;1;0;2;2;A01
201300042409;0;7;0;0;0;6;0;B01
201300042410;0;7;0;0;0;0;12;A01
201300042410;0;33;0;0;0;0;1;B01
201300042411;1;30;0;0;1;0;0;A01
201300042411;0;7;0;0;2;3;23;B01
201300042411;0;7;0;0;2;7;23;C01
201300042412;0;7;0;0;2;1;1;A01
201300042412;0;7;0;0;2;4;2;B01
201300042413;0;1;0;0;0;0;0;B01
201300042413;1;30;0;0;9;0;0;Z01
201300042414;1;30;0;0;1;1;1;Z01
201300042415;0;7;0;2;0;2;14;A01
201300042416;0;7;0;0;2;0;0;A01
201300042416;0;2;0;0;2;1;1;B01
201300042417;0;7;0;0;2;1;13;A01
201300042417;0;7;0;0;2;2;23;B01
201300042417;0;7;0;0;2;4;23;C01
201300042417;0;7;0;0;2;4;23;D01
201300042417;0;7;0;0;2;4;23;E01
201300042418;0;7;0;0;1;3;0;A01
201300042419;0;7;0;0;2;3;10;A01
201300042419;0;30;0;0;2;2;1;B01
201300042420;0;7;0;6;2;2;1;B01
201300042420;0;7;0;8;2;3;1;A01
201300042421;0;7;0;1;9;3;20;A01
201300042421;0;30;0;0;9;1;0;B01
201300042422;0;7;0;8;0;1;21;A01
201300042423;0;7;0;0;1;2;0;A01
201300042424;0;7;0;0;2;8;10;A01
201300042424;0;32;0;0;2;1;6;B01
201300042425;0;99;0;0;0;1;17;A01
201300042425;0;7;0;0;0;6;15;B01
201300042426;0;7;0;0;1;1;2;A01
201300042427;0;7;0;0;2;7;1;A01
201300042427;0;37;4;0;2;2;0;B01
201300042428;0;7;0;0;2;2;1;A01
201300042428;0;33;0;0;2;1;3;B01
201300042428;0;7;0;0;0;0;23;C01
201300042429;0;7;0;0;1;7;1;A01
201300042430;0;1;0;0;2;1;1;A01
201300042430;0;7;0;0;9;7;0;B01
201300042431;0;7;0;0;2;3;1;B01
201300042431;0;7;0;0;0;1;19;A01
201300042432;0;7;0;0;2;2;1;A01
201300042432;1;30;0;0;2;3;19;B01
201300042433;0;10;0;0;0;8;15;A01
201300042433;0;34;0;0;0;0;0;B01
201300042434;0;7;0;0;2;2;15;A01
201300042434;0;31;0;0;2;1;2;B01
201300042435;0;7;0;15;0;1;2;A01
201300042436;0;7;0;0;2;3;1;A01
201300042436;0;7;0;0;0;5;0;B01
201300042437;0;7;0;0;1;7;0;A01
201300042438;0;32;0;0;2;1;1;A01
201300042438;0;7;0;0;2;1;11;B01
201300042439;0;33;0;0;2;0;1;B01
201300042439;1;7;0;0;2;0;0;Z01
201300042440;2;7;0;0;1;1;0;Z01
201300042441;0;7;0;0;0;7;10;A01
201300042441;0;32;0;0;2;1;1;B01
201300042442;0;7;0;0;4;3;10;A01
201300042442;0;40;0;0;0;3;1;B01
201300042443;0;37;1;0;1;7;1;A01
201300042444;0;30;0;3;2;8;18;A01
201300042444;0;7;0;0;2;7;1;B01
201300042445;0;7;0;15;1;1;1;A01
201300042445;0;10;0;0;2;1;1;B01
201300042446;0;31;0;0;2;7;3;A01
201300042446;0;7;0;0;2;1;15;B01
201300042447;0;32;0;0;2;1;2;A01
201300042447;0;7;0;0;0;4;2;B01
201300042448;0;7;0;0;2;1;1;A01
201300042448;0;7;0;9;2;2;1;B01
201300042449;0;33;0;0;2;7;0;A01
201300042449;0;7;0;0;2;1;1;B01
201300042450;0;7;0;0;2;2;10;A01
201300042450;0;1;0;0;2;1;1;B01
201300042451;0;7;0;0;2;2;15;A01
201300042451;0;10;0;0;2;1;2;B01
201300042452;0;7;0;0;1;2;1;A01
201300042453;0;37;80;0;2;1;2;A01
201300042453;0;33;0;0;0;4;23;B01
201300042454;0;2;0;0;2;1;2;A01
201300042454;0;7;0;0;0;4;2;B01
201300042455;0;7;0;0;1;7;0;A01
201300042456;0;7;0;0;2;1;1;A01
201300042456;0;7;0;0;2;3;1;B01
201300042457;0;7;0;0;2;4;23;A01
201300042457;0;2;0;0;2;1;2;B01
201300042458;1;7;0;0;1;0;0;Z01
201300042459;0;2;0;0;2;3;0;A01
201300042459;1;7;0;0;2;3;1;Z01
201300042460;0;34;0;10;0;7;0;A01
201300042461;0;13;0;0;2;3;5;A01
201300042461;0;7;0;0;2;8;1;B01
201300042462;1;10;0;0;1;0;0;Z01
201300042463;0;7;0;0;1;0;0;A01
201300042464;0;33;0;0;0;0;23;B01
201300042464;2;99;0;0;0;0;0;Z01
201300042465;0;13;0;0;2;5;1;A01
201300042465;0;1;0;0;2;1;14;B01
201300042466;0;7;0;0;1;2;1;A01
201300042467;0;7;0;0;1;1;1;A01
201300042468;0;7;0;0;2;3;15;A01
201300042468;0;34;0;0;2;1;17;B01
201300042469;0;7;0;0;1;1;2;A01
201300042470;0;7;0;0;2;3;2;B01
201300042470;0;7;0;0;0;3;13;A01
201300042471;0;30;0;0;1;1;1;A01
201300042472;1;3;0;0;1;0;0;Z01
201300042473;0;7;0;0;1;2;15;A01
201300042474;0;7;0;0;2;0;22;A01
201300042474;0;32;0;1;1;1;17;B01
201300042475;0;31;0;0;2;0;0;A01
201300042475;1;7;0;0;2;0;0;Z01
201300042476;1;30;0;0;1;5;5;Z01
201300042477;0;7;0;0;1;1;1;A01
201300042478;0;13;0;0;2;3;11;A01
201300042478;0;32;0;0;0;5;2;B01
201300042479;0;1;0;0;2;0;2;A01
201300042479;0;34;0;0;2;0;0;B01
201300042480;0;7;0;0;1;2;2;A01
201300042481;1;99;0;0;1;2;16;Z01
201300042482;0;7;0;8;0;8;15;A01
201300042482;0;40;0;0;0;1;0;B01
201300042483;0;7;0;0;1;2;1;A01
201300042484;0;7;0;9;0;3;1;A01
201300042485;1;7;0;0;1;0;0;Z01
201300042486;0;7;0;0;1;1;17;A01
201300042487;0;32;0;0;1;1;2;A01
201300042488;0;7;0;0;1;7;0;A01
201300042489;0;14;0;0;2;8;10;A01
201300042489;0;32;0;0;2;0;1;B01
201300042490;0;30;0;0;2;0;0;A01
201300042490;1;99;0;0;2;0;0;Z01
201300042491;0;3;0;0;1;1;1;A01
201300042492;0;7;0;0;1;1;0;A01
201300042493;0;7;0;0;1;3;21;A01
201300042494;0;7;0;0;1;2;2;A01
201300042495;0;7;0;0;2;1;2;A01
201300042495;0;7;0;0;2;0;23;B01
201300042495;0;7;0;0;2;0;23;C01
201300042495;0;7;0;0;0;0;23;D01
201300042496;0;30;0;1;0;8;7;A01
201300042496;0;10;0;1;2;2;0;B01
201300042497;0;7;0;0;0;1;2;A01
201300042497;0;32;0;0;0;1;2;B01
201300042498;0;7;0;12;2;1;13;A01
201300042498;0;7;0;0;2;1;2;B01
201300042499;1;30;0;0;1;0;0;Z01
201300042500;0;7;0;0;2;1;1;A01
201300042500;0;7;0;0;0;5;0;B01
201300042501;0;10;0;0;2;2;1;A01
201300042501;0;15;0;0;2;3;1;B01
201300042502;0;1;0;0;2;1;1;A01
201300042502;0;38;1;0;2;4;1;B01
201300042503;0;7;0;0;2;1;2;A01
201300042503;0;10;0;0;2;4;2;B01
201300042504;0;10;0;0;1;4;1;Z01
201300042505;0;7;0;0;2;3;10;A01
201300042505;0;32;0;0;2;2;1;B01
201300042506;0;31;0;0;2;2;0;A01
201300042506;0;10;0;0;2;3;9;B01
201300042507;0;34;0;0;1;1;1;A01
201300042508;0;7;0;1;1;1;2;A01
201300042509;0;7;0;0;2;7;15;A01
201300042509;0;33;0;0;2;1;1;B01
201300042510;0;7;0;0;2;0;13;A01
201300042510;0;33;0;1;2;1;2;B01
201300042511;0;7;0;0;1;1;1;A01
201300042512;0;13;0;0;1;2;0;A01
201300042513;0;7;0;0;1;1;0;A01
201300042514;0;1;0;0;9;1;17;A01
201300042514;0;1;0;0;9;1;15;B01
201300042515;0;7;0;11;9;1;5;A01
201300042515;0;7;0;0;9;3;0;B01
201300042516;0;7;0;1;0;2;0;A01
201300042517;0;7;0;0;2;1;1;A01
201300042517;0;7;0;0;2;3;9;B01
201300042518;0;7;0;0;2;1;5;A01
201300042518;0;30;0;0;2;1;1;B01
201300042519;0;10;0;0;1;3;0;A01
201300042520;0;7;0;0;2;1;15;A01
201300042520;0;7;0;0;2;1;1;B01
201300042521;0;7;0;0;0;8;10;A01
201300042521;0;32;0;0;2;1;2;B01
201300042522;0;7;0;0;2;8;1;B01
201300042522;0;7;0;0;2;1;1;A01
201300042523;0;7;0;0;1;3;1;A01
201300042524;0;33;0;0;2;2;2;B01
201300042524;0;30;0;0;2;1;0;A01
201300042525;0;1;0;0;2;7;1;B01
201300042525;1;30;0;0;0;0;0;Z01
201300042526;0;2;0;8;0;1;0;A01
201300042527;0;7;0;0;2;2;0;A01
201300042527;0;33;0;0;2;1;1;B01
201300042528;0;7;0;14;2;1;21;A01
201300042528;0;1;0;0;0;3;19;B01
201300042529;0;7;0;0;0;1;1;A01
201300042529;0;33;0;0;0;7;1;B01
201300042530;0;10;0;0;0;1;0;B01
201300042530;0;1;0;0;0;0;0;A01
201300042531;0;7;0;0;2;2;1;A01
201300042531;0;30;0;0;0;4;1;B01
201300042532;0;7;0;0;2;3;1;A01
201300042532;0;1;0;1;2;2;9;B01
201300042533;1;7;0;0;0;0;0;Z01
201300042533;0;2;0;0;2;8;2;B01
201300042534;0;33;0;0;1;2;2;A01
201300042535;0;7;0;1;0;1;2;A01
201300042535;0;32;0;0;0;4;2;B01
201300042536;0;10;0;1;0;3;2;A01
201300042537;0;7;0;9;0;1;21;A01
201300042538;0;31;0;0;2;2;1;A01
201300042538;0;7;0;0;2;3;9;B01
201300042539;0;7;0;0;2;2;2;A01
201300042539;0;1;0;0;2;8;9;B01
201300042540;0;13;0;0;2;3;13;A01
201300042540;0;13;0;0;2;3;2;B01
201300042541;0;31;0;0;1;2;1;A01
201300042542;0;31;0;0;1;3;1;A01
201300042542;0;10;0;0;1;0;2;B01
201300042543;0;10;0;0;9;3;22;A01
201300042543;0;1;0;1;0;8;2;B02
201300042544;0;7;0;0;0;3;0;B01
201300042544;0;33;0;0;2;1;0;A01
201300042545;0;7;0;0;2;1;2;B01
201300042545;0;7;0;0;2;7;2;A01
201300042546;0;30;0;0;0;1;1;A01
201300042547;0;32;0;0;2;8;2;A01
201300042547;1;7;0;0;0;7;2;Z01
201300042548;0;7;0;0;1;3;0;A01
201300042549;0;7;0;0;0;3;22;A01
201300042549;0;1;0;1;0;0;2;B02
201300042550;0;31;0;0;2;0;0;B01
201300042550;1;7;0;0;0;0;0;Z01
201300042551;0;7;0;0;0;6;15;A01
201300042551;0;33;0;0;9;1;0;B01
201300042552;0;7;0;1;2;1;1;A01
201300042552;0;31;0;15;2;8;1;B01
201300042553;0;7;0;0;2;7;9;A01
201300042553;0;30;0;0;2;1;0;B01
201300042554;0;7;0;0;0;3;2;B01
201300042554;0;7;0;0;2;1;15;A01
201300042555;0;7;0;0;2;0;0;A01
201300042555;0;30;0;0;2;0;0;B01
201300042556;0;7;0;0;0;2;1;A01
201300042556;0;31;0;0;2;1;0;B01
201300042557;0;7;0;0;1;4;4;A01
201300042558;2;10;0;11;0;2;0;A01
201300042559;0;33;0;0;2;1;17;A01
201300042559;0;7;0;0;2;3;9;B01
201300042559;0;7;0;0;2;8;2;C01
201300042560;0;7;0;0;2;2;0;A01
201300042560;0;32;0;0;2;1;1;B01
201300042561;0;33;0;0;0;0;0;A01
201300042561;0;7;0;0;0;0;0;B01
201300042562;0;33;0;0;1;1;0;A01
201300042563;0;20;0;0;0;0;0;A01
201300042563;0;32;0;0;0;1;0;B01
201300042564;0;7;0;0;2;6;10;A01
201300042564;0;34;0;0;2;1;1;B01
201300042565;0;33;0;0;2;3;2;B01
201300042565;0;7;0;0;2;5;2;A01
201300042566;0;7;0;1;2;2;1;B01
201300042566;1;7;0;0;2;0;9;Z01
201300042567;0;31;0;0;1;1;1;A01
201300042568;0;10;0;14;0;0;4;A01
201300042568;0;32;0;0;0;8;23;B01
201300042569;1;32;0;0;1;1;2;Z01
201300042570;0;7;0;0;1;2;11;A01
201300042571;0;33;0;0;1;1;1;A01
201300042572;0;32;0;0;1;3;2;A01
201300042573;0;7;0;0;2;3;1;A01
201300042573;0;7;0;0;2;2;15;B01
201300042574;0;33;0;0;2;3;0;A01
201300042574;1;7;0;0;0;0;0;Z01
201300042575;0;7;0;0;0;3;0;A01
201300042575;0;2;0;0;0;1;0;B01
201300042576;0;33;0;1;0;1;18;A01
201300042577;0;7;0;0;2;7;15;A01
201300042577;0;7;0;0;2;1;1;B01
201300042578;0;7;0;0;1;0;0;A01
201300042579;0;7;0;0;0;8;1;A01
201300042579;0;13;0;1;0;2;1;B01
201300042580;0;33;0;0;0;0;0;A01
201300042580;1;7;0;0;0;0;0;Z01
201300042581;0;7;0;0;1;2;2;A01
201300042582;0;10;0;0;2;7;9;A01
201300042582;0;33;0;0;2;8;1;B01
201300042583;0;7;0;0;2;7;21;A01
201300042583;0;34;0;0;2;1;18;B01
201300042584;2;7;0;0;1;1;0;Z01
201300042585;0;7;0;0;2;1;1;A01
201300042585;0;7;0;0;2;2;1;B01
201300042586;0;7;0;1;0;7;5;A01
201300042586;0;7;0;1;0;1;9;B01
201300042587;0;34;0;12;0;0;1;A01
201300042588;0;7;0;0;2;1;2;A01
201300042588;0;7;0;0;0;4;2;B01
201300042588;0;7;0;0;0;4;2;C01
201300042589;0;7;0;0;1;1;1;A01
201300042590;0;7;0;0;1;3;1;A01
201300042591;0;7;0;0;0;2;10;A01
201300042591;0;33;0;0;0;1;0;B01
201300042592;1;99;0;8;0;0;0;Z01
201300042593;0;32;0;0;2;1;1;A01
201300042593;0;7;0;0;2;3;15;B01
201300042594;0;7;0;0;2;1;5;A01
201300042594;0;7;0;0;2;1;1;B01
201300042595;0;99;0;12;2;8;1;A01
201300042595;0;7;0;0;0;3;0;B01
201300042596;0;7;0;0;2;1;1;B01
201300042596;0;7;0;0;2;2;1;A01
201300042597;0;7;0;0;1;8;2;A01
201300042598;0;7;0;1;5;1;11;A01
201300042599;0;7;0;0;0;0;0;A01
201300042599;0;7;0;1;0;0;0;B01
201300042600;2;7;0;0;0;1;1;A01
201300042601;0;7;0;0;2;2;1;B01
201300042601;0;7;0;0;2;1;1;A01
201300042602;0;7;0;0;2;0;0;A01
201300042602;1;30;0;0;2;0;0;B01
201300042603;1;99;0;0;2;0;0;A01
201300042603;1;7;0;0;2;0;0;Z01
201300042604;0;3;0;0;2;3;1;A01
201300042604;0;7;0;0;2;8;1;B01
201300042605;0;7;0;0;2;6;1;B01
201300042605;0;7;0;0;2;1;1;A01
201300042606;0;10;0;0;0;0;0;A01
201300042606;0;33;0;0;0;8;0;B01
201300042607;0;7;0;0;0;1;0;A01
201300042608;0;1;0;0;2;0;0;A01
201300042608;0;7;0;0;2;0;0;B01
201300042609;0;7;0;0;2;3;1;A01
201300042609;0;7;0;0;2;2;1;B01
201300042610;1;31;0;0;1;0;0;Z01
201300042611;0;37;3;0;2;3;0;B01
201300042611;1;7;0;0;2;0;0;A01
201300042612;0;2;0;12;0;7;14;A01
201300042613;2;7;0;14;0;1;2;A01
201300042613;0;10;0;14;2;4;1;B01
201300042613;0;7;0;0;2;4;1;C01
201300042614;0;7;0;0;2;1;1;A01
201300042614;0;33;0;0;0;8;1;B01
201300042615;0;7;0;0;1;1;1;A01
201300042616;0;7;0;15;2;7;1;A01
201300042616;0;10;0;0;2;3;0;B01
201300042617;0;7;0;0;2;1;5;A01
201300042617;0;7;0;0;2;1;2;B01
201300042618;0;7;0;;1;0;0;A01
201300042619;0;7;0;9;1;1;1;A01
201300042620;0;7;0;0;1;1;0;A01
201300042621;0;7;0;0;1;1;0;A01
201300042622;0;7;0;0;2;1;2;A01
201300042622;0;7;0;0;0;0;0;B01
201300042623;0;7;0;0;1;1;1;A01
201300042624;0;7;0;0;2;1;2;A01
201300042624;0;7;0;0;2;4;2;B01
201300042624;0;7;0;0;2;4;2;C01
201300042625;0;7;0;12;0;1;1;A01
201300042626;0;7;0;0;1;2;1;A01
201300042627;0;33;0;0;2;1;5;A01
201300042627;0;7;0;0;2;3;0;B01
201300042627;0;14;0;0;0;3;2;C01
201300042628;0;37;0;0;2;2;19;A01
201300042628;0;7;0;0;9;3;16;B01
201300042629;0;7;0;0;1;2;16;A01
201300042630;0;7;0;0;1;2;1;A01
201300042631;0;37;10;0;1;3;0;A01
201300042632;0;7;0;6;1;1;2;A01
201300042633;0;7;0;0;2;2;19;A01
201300042633;0;7;0;0;2;4;23;C01
201300042633;0;7;0;0;2;1;19;B01
201300042634;1;99;0;0;1;2;0;A01
201300042635;0;10;0;0;1;0;15;A01
201300042636;0;7;0;1;0;2;1;A01
201300042637;0;7;0;0;1;2;1;A01
201300042638;0;7;0;0;2;1;0;A01
201300042638;0;7;0;0;2;4;0;B01
201300042639;0;40;0;0;2;2;11;A01
201300042639;0;7;0;0;2;2;19;B01
201300042640;0;33;0;0;2;1;2;A01
201300042640;0;7;0;0;2;8;2;B01
201300042641;0;7;0;0;2;1;2;A01
201300042641;0;7;0;0;2;4;2;B01
201300042642;0;3;0;0;1;1;0;A01
201300042643;0;7;0;0;1;4;0;A01
201300042644;0;7;0;1;2;5;11;A01
201300042644;0;37;1;0;2;3;11;B01
201300042645;0;33;0;0;2;1;16;A01
201300042645;0;7;0;0;2;2;15;B01
201300042646;0;3;0;0;2;3;15;A01
201300042646;0;32;0;0;2;2;17;B01
201300042647;0;10;0;0;1;2;0;A01
201300042648;0;10;0;9;1;1;21;A01
201300042649;0;33;0;2;0;2;2;A01
201300042649;0;7;0;0;0;6;2;B01
201300042650;0;7;0;0;1;2;1;A01
201300042651;0;10;0;0;2;3;10;A01
201300042651;0;33;0;0;2;5;1;B01
201300042652;0;7;0;0;2;1;1;B01
201300042652;0;7;0;0;2;5;1;A01
201300042653;0;1;0;0;2;3;1;B01
201300042653;0;7;0;0;0;1;16;A01
201300042654;0;7;0;0;2;7;15;A01
201300042654;0;32;0;0;2;1;2;B01
201300042655;0;7;0;0;1;3;1;A01
201300042656;0;2;0;0;0;1;19;A01
201300042656;0;7;0;0;0;8;19;B01
201300042657;0;7;0;0;0;1;2;A01
201300042657;0;7;0;0;0;4;2;B01
201300042658;0;7;0;0;2;8;10;A01
201300042658;0;7;0;0;2;3;1;B01
201300042659;0;7;0;0;0;0;0;B01
201300042659;0;7;0;0;0;0;0;A01
201300042660;1;7;0;0;1;0;0;A01
201300042661;0;7;0;2;0;8;1;A01
201300042662;0;7;0;9;2;7;1;A01
201300042662;0;7;0;0;2;1;1;B01
201300042663;0;7;0;0;2;1;2;A01
201300042663;0;10;0;0;0;4;2;B01
201300042664;0;31;0;0;0;3;0;A01
201300042664;0;7;0;12;0;1;21;B01
201300042665;0;7;0;15;0;1;1;A01
201300042666;0;7;0;0;2;5;21;B01
201300042666;0;7;0;0;2;3;15;A01
201300042667;0;7;0;0;1;1;16;A01
201300042668;0;7;0;0;1;7;1;A01
201300042669;0;7;0;0;0;8;9;B01
201300042669;0;37;0;0;0;1;1;A01
201300042670;0;7;0;0;0;2;15;A01
201300042670;0;7;0;0;2;1;1;B01
201300042671;0;7;0;0;2;3;1;A01
201300042671;0;7;0;0;2;2;1;B01
201300042672;0;7;0;0;2;1;13;A01
201300042672;0;10;0;0;2;1;1;B01
201300042673;0;7;0;0;1;2;0;A01
201300042674;0;7;0;0;1;5;1;A01
201300042675;0;1;0;0;0;1;2;A01
201300042675;0;7;0;0;0;7;2;B01
201300042676;0;33;0;0;2;1;0;A01
201300042676;0;7;0;0;2;5;0;B01
201300042677;0;31;0;0;2;1;1;A01
201300042677;0;7;0;0;2;4;1;B01
201300042677;0;7;0;0;2;4;1;C01
201300042678;0;37;1;0;1;2;2;A01
201300042679;1;30;0;0;0;0;0;A01
201300042680;0;7;0;0;1;2;2;A01
201300042681;0;1;0;0;2;1;0;A01
201300042681;0;7;0;0;0;1;0;B01
201300042682;0;13;0;0;1;0;0;A01
201300042683;0;37;1;0;1;2;1;A01
201300042684;0;7;0;0;2;2;2;A01
201300042684;0;7;0;0;2;3;2;B01
201300042685;0;7;0;0;2;2;2;A01
201300042685;0;34;0;0;2;8;2;B01
201300042686;0;30;0;0;9;1;1;A01
201300042686;0;1;0;0;2;1;1;B01
201300042687;0;7;0;0;2;8;15;A01
201300042687;0;33;0;0;0;0;21;B01
201300042688;0;7;0;0;9;3;15;A01
201300042688;0;1;0;0;2;1;5;B01
201300042689;0;7;0;0;2;7;17;A01
201300042689;0;33;0;0;2;8;15;B01
201300042690;0;33;0;0;2;8;16;B01
201300042690;0;7;0;0;2;3;15;A01
201300042691;0;7;0;0;1;2;11;A01
201300042692;0;7;0;0;2;7;0;A01
201300042692;0;7;0;0;2;8;16;B01
201300042693;0;36;0;0;2;9;17;A01
201300042693;0;7;0;0;0;8;24;B01
201300042693;0;7;0;0;0;7;24;C01
201300042694;0;7;0;0;2;1;1;A01
201300042694;0;7;0;0;0;4;1;B01
201300042695;0;7;0;0;2;1;0;A01
201300042695;0;7;0;0;2;2;0;B01
201300042696;0;37;0;0;0;1;19;A01
201300042696;0;7;0;0;2;3;21;B01
201300042696;0;7;0;0;0;2;1;C01
201300042697;0;7;0;0;1;0;1;A01
201300042698;0;7;0;0;2;1;2;A01
201300042698;0;7;0;0;2;2;2;B01
201300042699;0;7;0;0;0;1;2;A01
201300042699;0;31;0;0;0;4;0;B01
201300042699;0;7;0;0;2;6;2;C01
201300042699;0;7;0;0;2;4;0;D01
201300042700;0;7;0;0;2;1;1;B01
201300042700;0;7;0;0;2;8;1;A01
201300042701;0;10;0;8;0;1;0;A01
201300042702;0;7;0;0;0;8;2;A01
201300042702;0;33;0;0;2;1;13;B01
201300042703;0;7;0;0;0;1;15;A01
201300042703;0;34;0;0;0;1;1;B01
201300042704;0;7;0;1;0;2;11;A01
201300042704;0;33;0;0;2;0;0;B01
201300042705;0;7;0;0;0;1;2;A01
201300042705;0;7;0;0;0;3;2;B01
201300042705;0;7;0;0;0;4;2;C01
201300042706;0;7;0;0;2;1;0;A01
201300042706;0;7;0;0;2;4;23;B01
201300042706;0;7;0;0;2;4;1;C01
201300042707;0;7;0;0;2;1;1;A01
201300042707;0;7;0;0;0;3;0;B01
201300042708;0;7;0;0;0;1;2;A01
201300042708;0;7;0;0;0;4;2;B01
201300042709;0;7;0;0;2;1;21;A01
201300042709;0;7;0;0;2;6;23;B01
201300042709;0;7;0;0;2;8;23;C01
201300042710;0;10;0;0;2;1;2;A01
201300042710;0;7;0;0;2;4;2;B01
201300042711;0;30;0;0;2;2;0;A01
201300042711;0;7;0;0;2;3;0;B01
201300042712;0;2;0;0;2;2;12;A01
201300042712;0;7;0;0;0;5;12;B01
201300042713;0;31;0;0;2;7;15;B01
201300042713;0;7;0;0;2;1;2;A01
201300042714;0;7;0;0;1;3;15;A01
201300042715;0;7;0;0;2;2;2;A01
201300042715;0;7;0;0;2;4;2;B01
201300042716;0;1;0;0;2;1;0;B01
201300042716;0;7;0;0;2;3;0;A01
201300042717;0;3;0;0;0;4;2;A01
201300042717;0;3;0;0;2;1;2;B01
201300042717;0;3;0;0;2;1;2;C01
201300042717;0;3;0;0;2;1;2;D01
201300042718;0;7;0;0;2;1;2;A01
201300042718;0;7;0;0;0;4;2;B01
201300042719;0;7;0;0;1;1;2;A01
201300042720;0;7;0;4;0;1;0;A01
201300042721;0;33;0;0;2;1;0;A01
201300042721;0;7;0;0;2;1;1;B01
201300042722;0;7;0;0;2;2;1;A01
201300042722;0;7;0;0;2;2;15;B01
201300042723;0;7;0;0;2;2;1;A01
201300042723;0;1;0;0;0;4;3;B01
201300042724;0;33;0;0;2;3;12;A01
201300042724;0;7;0;0;9;3;1;B01
201300042725;0;7;0;0;2;1;0;A01
201300042725;0;7;0;0;2;7;15;B01
201300042726;0;7;0;0;2;2;0;A01
201300042726;0;32;0;0;2;1;0;B01
201300042727;0;7;0;0;2;3;2;A01
201300042727;0;7;0;0;2;8;2;B01
201300042728;0;13;0;1;2;0;0;A01
201300042728;0;7;0;12;2;6;2;B01
201300042729;0;10;0;0;1;1;17;A01
201300042730;0;7;0;0;2;7;15;A01
201300042730;0;7;0;0;2;2;1;B01
201300042731;0;7;0;0;0;1;0;A01
201300042731;0;7;0;0;0;7;0;B01
201300042732;0;3;0;12;0;1;6;A01
201300042733;0;33;0;0;2;2;21;B01
201300042733;0;7;0;0;9;3;9;A01
201300042734;0;7;0;0;1;7;2;A01
201300042735;0;7;0;3;0;1;0;A01
201300042736;0;7;0;0;2;1;0;B01
201300042736;0;7;0;0;2;3;0;A01
201300042737;0;7;0;0;9;1;0;A01
201300042737;0;1;0;0;2;8;0;B01
201300042738;0;7;0;14;0;0;0;A01
201300042739;0;7;0;0;2;4;1;A01
201300042739;1;30;0;1;0;1;2;B01
201300042740;0;7;0;0;2;7;0;A01
201300042740;0;7;0;0;2;1;1;B01
201300042741;0;7;0;0;2;4;0;A01
201300042741;0;7;0;0;0;0;0;B01
201300042742;0;7;0;0;1;3;9;A01
201300042743;0;7;0;1;0;2;0;A01
201300042743;0;7;0;0;0;6;0;B01
201300042744;0;7;0;0;2;1;2;A01
201300042744;0;7;0;0;2;4;2;B01
201300042744;0;7;0;0;2;4;2;C01
201300042745;0;7;0;0;2;8;19;A01
201300042745;0;7;0;0;2;1;19;B01
201300042746;0;7;0;0;2;1;0;A01
201300042746;0;7;0;0;2;1;0;B01
201300042747;0;7;0;0;1;1;12;A01
201300042748;0;37;0;0;1;0;0;A01
201300042749;0;7;0;0;0;1;6;A01
201300042750;0;37;1;2;0;1;0;A01
201300042751;0;7;0;0;1;2;2;A01
201300042752;0;10;0;0;1;2;1;A01
201300042753;0;7;0;0;1;4;4;A01
201300042754;0;7;0;0;2;6;4;A01
201300042754;0;33;0;0;2;1;1;B01
201300042755;0;1;0;0;2;1;19;B01
201300042755;0;14;0;0;2;2;16;A01
201300042756;0;7;0;0;1;3;1;A01
201300042757;0;1;0;0;2;1;1;B01
201300042757;0;7;0;0;0;1;15;A01
201300042758;1;30;0;0;1;0;0;A01