num_acc;senc;catv;occutc;obs;obsm;choc;manv;num_veh
201300042759;0;7;0;0;9;2;16;A01
201300042759;0;1;0;0;2;1;1;B01
201300042760;0;7;0;0;2;6;9;B01
201300042760;0;3;0;0;2;2;1;A01
201300042761;0;7;0;0;1;3;1;A01
201300042762;0;7;0;0;2;1;1;B01
201300042762;0;33;0;0;2;7;1;A01
201300042763;1;7;0;0;1;1;16;A01
201300042764;0;14;0;0;0;3;23;B01
201300042764;0;7;0;0;0;3;15;A01
201300042765;0;33;0;0;2;1;1;B01
201300042765;0;7;0;0;0;7;10;A01
201300042766;0;7;0;0;1;3;2;A01
201300042767;0;36;0;1;0;1;17;A01
201300042768;0;7;0;0;1;2;2;A01
201300042769;0;2;0;0;2;1;2;A01
201300042769;0;7;0;0;2;3;15;B01
201300042770;0;34;0;0;2;2;15;A01
201300042770;0;7;0;0;2;3;2;B01
201300042771;0;7;0;0;0;6;19;A01
201300042771;0;7;0;0;2;1;1;B01
201300042772;0;7;0;0;2;5;15;A01
201300042772;0;1;0;0;0;1;1;B01
201300042773;2;7;0;0;1;1;0;A01
201300042774;0;7;0;0;1;2;2;A01
201300042775;0;30;0;0;2;7;1;B01
201300042775;0;7;0;0;2;3;10;A01
201300042776;0;2;0;0;0;1;15;A01
201300042776;0;2;0;0;2;7;1;B01
201300042777;0;7;0;0;2;1;2;A01
201300042777;0;7;0;0;0;4;23;B01
201300042778;0;1;0;0;1;1;0;A01
201300042779;0;7;0;0;0;1;13;A01
201300042779;0;7;0;0;2;1;1;B01
201300042780;0;7;0;0;1;2;1;A01
201300042781;0;7;0;0;0;1;1;B01
201300042781;0;2;0;0;2;7;15;A01
201300042782;0;34;0;0;2;1;1;B01
201300042782;0;7;0;0;2;1;15;A01
201300042783;0;7;0;0;2;3;15;A01
201300042783;0;7;0;0;2;1;1;B01
201300042784;0;32;0;0;2;1;1;B01
201300042784;0;7;0;0;2;7;20;A01
201300042785;0;7;0;0;2;6;15;B01
201300042785;0;15;0;0;2;3;1;A01
201300042786;0;7;0;0;2;2;15;A01
201300042786;0;7;0;0;2;3;1;B01
201300042787;0;7;0;0;2;1;1;B01
201300042787;0;7;0;0;2;7;1;A01
201300042788;0;14;0;0;0;1;1;A01
201300042788;0;10;0;0;0;3;1;B01
201300042789;0;15;0;0;2;3;15;A01
201300042789;0;10;0;0;2;8;1;B01
201300042790;0;32;0;0;0;1;17;A01
201300042790;0;7;0;0;0;1;1;B01
201300042791;0;10;0;0;9;3;0;A01
201300042791;0;1;0;0;2;1;0;B01
201300042792;0;7;0;0;1;8;1;A01
201300042793;0;32;0;0;2;7;1;B01
201300042793;0;7;0;0;2;1;15;A01
201300042794;0;7;0;0;2;6;15;C01
201300042794;0;10;0;0;2;3;1;B01
201300042794;0;7;0;0;2;1;15;A01
201300042795;0;7;0;15;0;2;1;A01
201300042796;0;7;0;0;2;1;21;A01
201300042796;0;14;0;0;0;6;21;B01
201300042797;0;7;0;0;1;5;20;A01
201300042798;0;32;0;0;2;1;1;B01
201300042798;0;7;0;0;2;1;15;A01
201300042799;0;7;0;11;0;1;1;A01
201300042800;0;32;0;0;0;3;1;A01
201300042801;0;31;0;0;0;7;1;A01
201300042802;0;33;0;0;1;1;1;A01
201300042803;0;7;0;0;2;2;15;B01
201300042803;0;38;2;0;2;1;1;A01
201300042804;0;7;0;0;2;7;15;A01
201300042804;0;7;0;0;2;2;1;B01
201300042805;0;7;0;0;1;2;2;A01
201300042806;0;37;4;0;2;2;1;B01
201300042806;0;10;0;0;2;7;15;A01
201300042807;0;7;0;0;2;2;2;A01
201300042807;0;32;0;0;2;4;23;B01
201300042808;0;30;0;1;0;6;0;A01
201300042809;0;7;0;0;2;4;2;A01
201300042809;0;33;0;0;0;4;2;B01
201300042810;0;7;0;0;0;0;12;A01
201300042810;0;31;0;0;0;0;1;B01
201300042811;0;7;0;0;2;3;1;B01
201300042811;0;7;0;0;2;1;15;A01
201300042812;0;7;0;0;2;8;1;B01
201300042812;0;7;0;0;2;3;19;A01
201300042813;0;7;0;0;2;7;9;B01
201300042813;0;33;0;0;2;3;17;A01
201300042814;0;7;0;0;2;2;9;A01
201300042814;0;7;0;0;2;9;1;B01
201300042815;0;7;0;0;0;0;12;A01
201300042815;0;33;0;0;0;0;1;B01
201300042816;0;7;0;0;2;2;15;A01
201300042816;0;2;0;0;2;1;1;B01
201300042817;0;7;0;0;1;1;1;A01
201300042818;0;7;0;0;2;1;1;B01
201300042818;0;7;0;0;2;1;1;A01
201300042819;0;10;0;0;1;2;1;A01
201300042820;0;10;0;0;2;3;1;B01
201300042820;0;10;0;8;2;1;13;A01
201300042821;0;14;0;0;0;0;22;A01
201300042821;0;7;0;0;2;4;23;C01
201300042821;0;30;0;0;2;8;3;B01
201300042822;0;7;0;0;0;3;9;A01
201300042822;0;33;0;0;2;1;2;B01
201300042823;0;7;0;0;1;1;1;A01
201300042824;0;37;0;0;0;0;0;B01
201300042824;0;13;0;0;9;0;14;A01
201300042825;0;7;0;0;1;5;1;A01
201300042826;0;33;0;0;2;1;3;A01
201300042826;0;7;0;0;2;6;23;B01
201300042827;0;7;0;1;0;9;21;A01
201300042828;0;10;0;0;1;8;1;A01
201300042829;0;13;0;0;2;1;1;A01
201300042829;0;7;0;0;2;8;9;B01
201300042830;0;7;0;14;2;1;19;A01
201300042830;0;7;0;0;2;1;1;B01
201300042831;0;32;0;0;2;2;17;B01
201300042831;0;7;0;0;2;3;9;A01
201300042832;0;7;0;1;2;2;1;B01
201300042832;0;7;0;0;2;5;9;A01
201300042833;0;7;0;4;0;1;1;A01
201300042834;0;2;0;0;0;7;1;A01
201300042835;0;7;0;0;2;3;15;B01
201300042835;0;33;0;0;2;1;1;A01
201300042836;0;7;0;0;2;1;1;A01
201300042836;0;10;0;0;2;8;15;B01
201300042837;0;32;0;0;0;7;1;A01
201300042838;0;7;0;0;1;0;15;A01
201300042839;0;7;0;0;2;7;15;A01
201300042839;0;7;0;0;2;1;1;B01
201300042840;0;7;0;0;1;1;15;A01
201300042841;0;7;0;0;1;2;1;A01
201300042842;0;33;0;0;2;4;1;B01
201300042842;0;33;0;0;2;1;2;A01
201300042843;0;7;0;0;2;1;2;A01
201300042843;0;7;0;0;2;4;1;B02
201300042844;0;7;0;1;0;2;1;A01
201300042845;0;7;0;0;1;1;1;A01
201300042846;0;30;0;0;2;1;2;A01
201300042846;0;7;0;0;2;4;23;B01
201300042847;0;33;0;0;2;1;1;B01
201300042847;0;7;0;0;2;8;9;A01
201300042848;0;7;0;0;2;5;0;A01
201300042848;0;7;0;0;2;1;0;B01
201300042849;0;1;0;0;0;4;16;B01
201300042849;0;7;0;0;9;0;0;A01
201300042850;0;7;0;0;2;3;1;B01
201300042850;0;7;0;0;2;3;13;A01
201300042851;0;7;0;0;1;1;1;A01
201300042852;0;7;0;0;2;1;1;A01
201300042852;0;7;0;0;2;1;1;B01
201300042853;0;7;0;0;2;9;1;B01
201300042853;0;7;0;0;2;1;1;A01
201300042853;0;7;0;0;2;4;1;C01
201300042854;0;7;0;8;0;8;1;A01
201300042855;0;7;0;0;2;3;15;A01
201300042855;0;7;0;15;2;1;1;B01
201300042856;0;7;0;0;2;8;15;B01
201300042856;0;7;0;0;2;1;17;A01
201300042857;0;7;0;0;0;0;9;A01
201300042857;0;33;0;0;2;0;21;B01
201300042858;0;31;0;11;0;1;21;A01
201300042859;0;7;0;6;0;1;1;A01
201300042860;2;7;0;0;2;1;1;Z01
201300042860;0;7;0;0;2;6;1;B01
201300042861;0;7;0;6;0;1;12;A01
201300042862;0;7;0;0;1;1;16;A01
201300042863;0;1;0;0;0;0;0;A01
201300042863;0;33;0;0;9;8;21;B01
201300042864;0;15;0;0;2;2;1;B01
201300042864;0;7;0;0;2;8;9;A01
201300042865;2;7;0;4;0;1;1;A01
201300042866;0;2;0;0;2;1;17;A01
201300042866;0;99;0;0;0;6;23;B01
201300042867;0;33;0;0;2;1;1;C01
201300042867;0;32;0;0;2;8;0;B01
201300042867;1;7;0;0;2;8;11;A01
201300042868;0;10;0;0;2;2;17;A01
201300042868;0;7;0;0;0;6;2;B01
201300042869;0;7;0;0;2;1;2;A01
201300042869;0;10;0;0;2;2;2;D01
201300042869;0;7;0;0;2;4;2;B01
201300042869;0;7;0;0;2;3;2;C01
201300042870;0;1;0;2;;1;;B01
201300042870;0;7;0;0;2;2;16;A01
201300042871;0;7;0;0;2;4;23;B01
201300042871;0;7;0;0;2;1;2;A01
201300042872;0;7;0;0;2;3;0;B01
201300042872;0;7;0;0;2;3;0;A01
201300042873;0;7;0;15;2;1;2;A01
201300042873;0;7;0;0;2;5;2;B01
201300042874;0;32;0;0;9;8;1;A01
201300042874;0;1;0;0;0;7;1;B01
201300042875;0;7;0;0;1;1;1;A01
201300042876;0;7;0;0;0;6;2;B01
201300042876;0;7;0;0;2;1;2;A01
201300042877;0;7;0;0;2;1;2;A01
201300042877;0;7;0;0;2;4;1;B01
201300042878;0;2;0;14;0;8;1;A01
201300042879;0;34;0;0;0;4;23;B01
201300042879;0;7;0;0;2;1;2;A01
201300042880;0;7;0;0;2;2;2;A01
201300042880;0;32;0;0;2;8;1;B01
201300042881;0;7;0;0;2;1;9;A01
201300042881;0;30;0;0;2;5;1;B01
201300042882;0;33;0;6;0;1;1;A01
201300042883;0;7;0;0;1;3;17;A01
201300042884;0;7;0;0;2;1;16;A01
201300042884;0;99;0;0;2;2;19;B01
201300042885;0;7;0;0;1;2;0;A01
201300042886;0;7;0;0;0;0;2;C01
201300042886;0;7;0;0;2;4;2;B01
201300042886;0;7;0;0;2;1;2;A01
201300042887;0;7;0;0;2;1;15;A01
201300042887;0;7;0;0;2;3;1;B01
201300042888;0;7;0;0;2;3;13;A01
201300042888;0;7;0;0;2;3;1;B01
201300042889;0;7;0;0;2;3;15;A01
201300042889;0;33;0;0;2;1;1;B01
201300042890;0;7;0;8;2;1;1;A01
201300042890;0;7;0;0;2;8;1;B01
201300042890;0;7;0;0;2;8;1;C01
201300042891;0;7;0;0;0;0;1;B01
201300042891;0;7;0;0;0;0;1;A01
201300042892;0;7;0;0;1;1;1;A01
201300042893;0;7;0;0;2;1;2;A01
201300042893;0;7;0;0;2;4;1;B01
201300042894;0;3;0;2;0;2;1;A01
201300042895;0;7;0;0;2;3;9;A01
201300042895;0;2;0;0;2;1;9;B01
201300042896;0;7;0;15;0;1;0;A01
201300042897;0;31;0;0;0;7;0;A01
201300042898;0;7;0;0;2;1;1;B01
201300042898;0;7;0;0;2;2;15;A01
201300042899;0;7;0;6;0;8;1;A01
201300042900;0;32;0;0;0;0;0;A01
201300042901;0;33;0;0;0;8;17;A01
201300042902;0;33;0;0;2;3;1;B01
201300042902;0;7;0;0;2;7;15;A01
201300042903;0;33;0;0;0;0;2;A01
201300042904;0;2;0;0;1;8;1;A01
201300042905;0;33;0;0;0;7;1;A01
201300042906;0;7;0;0;2;7;1;B01
201300042906;0;7;0;0;2;1;1;A01
201300042907;0;7;0;4;0;3;1;A01
201300042908;0;7;0;0;0;4;2;B01
201300042908;0;7;0;0;0;4;2;C01
201300042908;0;10;0;0;2;1;2;A01
201300042909;0;33;0;0;0;7;3;A01
201300042910;0;7;0;1;0;2;1;A01
201300042911;0;7;0;0;2;4;1;B01
201300042911;0;7;0;0;2;1;1;A01
201300042912;0;1;0;0;2;4;0;B01
201300042912;1;2;0;0;9;1;0;A01
201300042913;0;34;0;0;2;1;17;B01
201300042913;0;10;0;0;2;3;9;A01
201300042914;0;7;0;0;0;2;0;A01
201300042915;0;7;0;0;0;7;9;A01
201300042915;0;33;0;0;0;1;2;B01
201300042916;0;7;0;0;2;7;0;B01
201300042916;0;7;0;0;0;1;2;A01
201300042917;0;7;0;0;0;1;2;A01
201300042917;0;7;0;0;0;4;0;B01
201300042918;0;7;0;0;2;1;15;A01
201300042918;0;2;0;0;2;1;1;B01
201300042919;0;7;0;0;2;1;2;A01
201300042919;0;7;0;0;2;4;23;B01
201300042919;0;7;0;0;2;4;23;C01
201300042919;0;7;0;0;2;4;23;D01
201300042920;0;33;0;0;2;1;1;B01
201300042920;0;10;0;0;2;6;15;A01
201300042921;0;2;0;0;0;8;16;A01
201300042922;0;7;0;0;2;3;2;B01
201300042922;0;7;0;0;2;3;9;A01
201300042923;0;7;0;0;1;3;1;B01
201300042924;0;7;0;0;1;3;1;A01
201300042925;0;32;0;0;2;1;17;A01
201300042925;0;10;0;0;2;8;15;B01
201300042926;0;15;0;0;2;0;21;A01
201300042926;0;7;0;0;2;7;1;B01
201300042927;0;34;0;0;2;2;1;B01
201300042927;0;7;0;0;2;3;20;A01
201300042928;0;7;0;0;2;1;1;A01
201300042928;0;7;0;0;2;4;1;B01
201300042929;0;30;0;0;0;0;1;A01
201300042930;0;7;0;0;2;3;1;B01
201300042930;0;30;0;0;2;7;15;A01
201300042931;0;7;0;0;2;3;1;B01
201300042931;0;2;0;0;2;1;9;A01
201300042932;0;7;0;0;2;1;15;A01
201300042932;0;2;0;0;2;1;1;B01
201300042933;0;7;0;0;2;8;0;B01
201300042933;0;10;0;0;2;1;0;A01
201300042934;0;7;0;0;2;2;2;A01
201300042934;0;7;0;0;2;6;1;B01
201300042935;0;33;0;5;0;1;0;A01
201300042936;0;36;0;10;0;8;1;A01
201300042937;0;7;0;2;0;1;5;A01
201300042938;0;1;0;0;1;1;0;A01
201300042939;0;2;0;0;0;7;21;A01
201300042940;0;7;0;0;2;3;1;A01
201300042940;0;7;0;0;0;3;15;B01
201300042941;1;7;0;0;2;8;1;A01
201300042941;0;7;0;1;2;9;1;B01
201300042942;0;7;0;0;1;2;1;A01
201300042943;0;7;0;0;1;3;1;A01
201300042944;0;7;0;0;2;1;2;A01
201300042944;0;7;0;0;2;4;1;B01
201300042945;0;7;0;0;9;3;1;B01
201300042945;0;1;0;0;2;1;5;A01
201300042946;0;32;0;0;0;1;0;A01
201300042947;0;7;0;0;2;4;1;B01
201300042947;0;7;0;0;2;1;2;A01
201300042948;0;33;0;0;2;7;17;A01
201300042948;0;7;0;0;2;3;9;B01
201300042949;0;7;0;0;2;2;1;A01
201300042949;0;7;0;0;2;8;1;B01
201300042950;0;32;0;0;2;1;1;A01
201300042950;0;7;0;0;2;8;0;B01
201300042951;0;7;0;0;2;8;0;A01
201300042952;0;7;0;0;9;1;15;A01
201300042952;0;1;0;0;2;2;1;B01
201300042953;0;31;0;0;2;1;2;A01
201300042953;0;31;0;0;2;4;2;B01
201300042954;0;7;0;0;0;4;2;A01
201300042954;0;33;0;0;2;1;2;B01
201300042955;0;1;0;0;2;8;0;B01
201300042955;0;7;0;0;2;1;0;A01
201300042956;0;7;0;0;1;2;1;A01
201300042957;0;7;0;0;1;1;1;A01
201300042958;0;7;0;1;2;1;0;A01
201300042958;0;7;0;0;2;1;0;B01
201300042959;0;7;0;0;2;2;1;B01
201300042959;0;7;0;0;2;8;6;A01
201300042960;0;7;0;0;1;1;1;B01
201300042960;0;7;0;0;2;1;1;A01
201300042961;0;7;0;1;2;1;2;B01
201300042961;0;7;0;1;2;8;2;A01
201300042962;1;7;0;0;0;1;1;A01
201300042962;0;7;0;0;2;2;9;B01
201300042963;0;37;25;0;2;1;1;A01
201300042963;2;7;0;0;2;1;1;B01
201300042964;0;7;0;0;2;4;23;C01
201300042964;0;7;0;0;2;1;1;A01
201300042964;0;7;0;0;2;4;23;B01
201300042965;0;7;0;0;1;4;4;A01
201300042966;0;7;0;0;2;1;0;B01
201300042966;0;7;0;0;2;1;0;A01
201300042967;1;30;0;0;1;1;0;A01
201300042968;0;7;0;0;1;2;1;A01
201300042969;0;30;0;0;2;1;21;B01
201300042969;0;7;0;0;2;3;9;A01
201300042970;0;7;0;0;1;4;0;A01
201300042971;0;7;0;0;1;1;0;A01
201300042972;0;33;0;0;2;1;0;B01
201300042972;0;7;0;0;2;1;0;A01
201300042973;2;7;0;0;1;1;1;A01
201300042974;0;34;0;0;2;1;1;A01
201300042974;0;7;0;0;2;1;1;B01
201300042975;0;7;0;0;2;8;1;B01
201300042975;0;7;0;0;2;1;1;A01
201300042976;0;30;0;0;2;1;0;A01
201300042976;0;7;0;0;2;1;0;B01
201300042977;0;7;0;0;2;1;1;B01
201300042977;0;7;0;0;2;8;11;A01
201300042978;0;7;0;0;2;1;1;A01
201300042978;0;7;0;0;2;8;1;B01
201300042979;0;7;0;0;2;4;23;B01
201300042979;0;7;0;0;2;1;1;A01
201300042980;0;7;0;0;2;1;0;A01
201300042980;0;7;0;0;2;4;0;B01
201300042981;0;7;0;0;1;2;1;A01
201300042982;1;15;0;0;1;5;0;A01
201300042983;0;7;0;0;1;1;0;A01
201300042984;0;7;0;0;2;4;0;B01
201300042984;1;7;0;0;2;0;2;Z01
201300042985;0;7;0;0;2;7;1;B01
201300042985;0;7;0;0;2;1;1;A01
201300042986;0;2;0;0;2;3;0;A01
201300042986;0;7;0;0;2;4;0;B01
201300042987;0;33;0;0;2;1;13;A01
201300042987;0;7;0;0;2;7;9;B01
201300042988;0;31;0;0;2;1;1;A01
201300042988;0;7;0;0;2;6;15;B01
201300042989;0;7;0;0;1;1;1;A01
201300042990;0;33;0;0;1;1;1;A01
201300042991;0;7;0;0;0;4;2;B01
201300042991;0;7;0;0;2;1;2;A01
201300042992;0;7;0;0;2;8;9;A01
201300042992;0;30;0;0;2;1;2;B01
201300042993;0;7;0;0;1;8;0;A01
201300042994;0;7;0;0;2;4;4;A01
201300042994;0;7;0;0;2;1;23;B01
201300042995;0;7;0;0;1;7;15;B01
201300042996;0;7;0;0;1;2;1;A01
201300042997;0;33;0;0;2;1;0;A01
201300042998;0;7;0;1;1;2;0;A01
201300042999;0;10;0;0;2;7;16;A01
201300042999;0;32;0;0;2;3;18;B01
201300043000;0;7;0;0;1;1;0;A01
201300043001;0;33;0;0;2;1;1;B01
201300043001;0;7;0;0;2;3;10;A01
201300043002;0;7;0;0;2;3;5;B01
201300043002;0;7;0;0;2;3;5;A01
201300043003;0;31;0;0;2;1;0;B01
201300043003;0;7;0;0;2;1;0;A01
201300043004;0;7;0;0;1;1;1;A01
201300043005;0;7;0;0;2;1;2;A01
201300043005;0;7;0;0;2;4;2;B01
201300043006;0;7;0;0;2;2;15;A01
201300043006;0;7;0;0;2;3;1;B01
201300043007;0;32;0;0;2;1;2;A01
201300043007;0;7;0;0;2;4;2;B01
201300043008;0;7;0;0;2;8;15;B01
201300043008;0;2;0;0;2;1;17;A01
201300043009;0;7;0;0;1;1;0;A01
201300043010;0;33;0;0;2;7;1;B01
201300043010;0;7;0;0;2;6;11;A01
201300043011;0;7;0;8;0;2;0;A01
201300043012;0;7;0;1;0;9;15;A01
201300043013;0;7;0;8;0;1;0;A01
201300043014;0;33;0;0;2;0;0;A01
201300043015;2;7;0;0;2;1;2;A01
201300043015;0;7;0;0;2;4;2;B01
201300043016;0;17;0;0;2;7;16;A01
201300043016;0;1;0;0;2;1;18;B01
201300043017;0;7;0;0;2;4;0;B01
201300043017;0;7;0;0;2;4;0;C01
201300043017;0;7;0;0;2;1;0;A01
201300043018;0;7;0;0;2;4;23;B01
201300043018;0;7;0;0;2;4;23;C01
201300043018;2;7;0;0;2;1;2;A01
201300043019;0;33;0;0;2;4;2;A01
201300043019;1;7;0;0;2;4;2;B01
201300043020;0;1;0;0;0;0;1;B01
201300043020;0;7;0;0;2;2;0;A01
201300043021;0;1;0;0;2;7;1;B01
201300043021;0;33;0;0;2;7;0;A01
201300043022;0;7;0;0;2;6;1;B01
201300043022;0;99;0;0;2;1;1;A01
201300043023;0;33;0;0;2;8;1;B01
201300043023;0;10;0;0;2;1;1;A01
201300043024;0;7;0;0;2;4;0;B01
201300043024;0;7;0;0;2;1;0;A01
201300043025;0;34;0;0;0;0;0;A01
201300043025;0;7;0;0;0;0;0;B01
201300043026;0;7;0;0;2;4;2;B01
201300043026;0;10;0;0;2;4;2;C01
201300043026;0;7;0;0;2;1;2;A01
201300043027;0;7;0;0;2;1;1;A01
201300043027;0;7;0;0;2;4;1;B01
201300043028;0;34;0;0;2;2;0;A01
201300043028;0;7;0;0;2;1;10;B01
201300043029;0;7;0;0;1;2;1;A01
201300043030;0;7;0;0;2;2;15;A01
201300043030;0;33;0;0;2;3;1;B01
201300043031;0;7;0;0;2;2;0;A01
201300043031;0;33;0;0;2;3;0;B01
201300043032;0;7;0;0;2;0;0;A01
201300043032;0;7;0;0;0;0;0;B01
201300043033;0;7;0;0;1;2;1;A01
201300043034;0;7;0;0;0;0;0;A01
201300043034;0;7;0;0;0;0;0;C01
201300043034;0;7;0;0;2;1;0;B01
201300043035;0;10;0;0;1;3;1;A01
201300043036;0;7;0;0;2;1;0;B01
201300043036;0;7;0;0;2;3;0;A01
201300043036;0;7;0;0;2;1;0;C01
201300043036;0;7;0;0;2;2;0;D01
201300043037;0;7;0;0;2;1;2;A01
201300043037;0;37;1;0;2;4;2;B01
201300043038;0;32;0;0;2;0;0;A01
201300043038;0;7;0;0;2;0;0;B01
201300043039;0;1;0;0;2;1;1;B01
201300043039;0;7;0;0;9;2;22;A01
201300043040;0;7;0;1;0;1;0;A01
201300043041;0;7;0;0;2;3;2;A01
201300043041;0;33;0;0;2;1;17;B01
201300043042;0;7;0;0;0;0;0;A01
201300043043;0;30;0;0;2;1;0;A01
201300043043;0;7;0;0;2;3;0;B01
201300043044;0;7;0;1;0;1;1;A01
201300043044;0;7;0;0;2;4;0;B01
201300043045;0;31;0;0;2;1;0;B01
201300043045;0;7;0;0;2;3;10;A01
201300043046;0;1;0;0;2;4;2;B01
201300043046;0;30;0;0;2;1;2;A01
201300043047;0;7;0;0;2;7;1;B01
201300043047;0;37;1;0;2;1;1;A01
201300043048;0;7;0;0;2;0;15;A01
201300043048;0;30;0;0;2;0;1;B01
201300043049;0;3;0;0;1;1;0;A01
201300043050;0;33;0;0;2;3;1;B01
201300043050;0;7;0;0;2;3;4;A01
201300043051;0;13;0;0;2;2;1;A01
201300043051;0;7;0;0;2;6;1;B01
201300043052;0;7;0;0;2;1;2;A01
201300043052;0;30;0;0;2;4;2;B01
201300043053;0;33;0;0;2;2;0;A01
201300043053;0;7;0;0;2;3;0;B01
201300043054;0;7;0;0;0;0;0;A01
201300043054;0;1;0;0;0;0;0;B01
201300043055;0;7;0;0;2;1;15;A01
201300043055;0;33;0;0;2;8;1;B01
201300043056;0;7;0;0;1;1;0;A01
201300043057;0;30;0;0;2;1;1;B01
201300043057;0;7;0;0;2;2;15;A01
201300043058;0;7;0;0;2;6;15;B01
201300043058;0;33;0;0;2;2;17;A01
201300043059;0;7;0;0;0;0;1;A01
201300043059;0;32;0;0;0;2;0;B01
201300043060;0;7;0;0;1;6;4;A01
201300043061;0;31;0;8;0;1;10;A01
201300043062;0;7;0;0;2;3;1;B01
201300043062;0;7;0;0;2;5;12;A01
201300043063;0;7;0;0;1;1;6;A01
201300043064;0;33;0;0;2;7;2;B01
201300043064;0;3;0;0;2;3;10;A01
201300043065;0;7;0;0;2;1;2;A01
201300043065;0;7;0;0;2;4;2;B01
201300043066;0;7;0;0;2;3;10;B01
201300043066;0;30;0;0;2;1;5;A01
201300043067;0;32;0;0;1;1;2;A01
201300043068;0;7;0;0;0;7;1;B01
201300043068;0;7;0;0;0;1;1;A01
201300043069;0;13;0;0;9;5;15;A01
201300043069;0;1;0;0;2;1;2;B01
201300043070;0;10;0;9;0;1;1;A01
201300043071;0;7;0;0;0;7;1;A01
201300043072;0;7;0;0;1;1;15;A01
201300043073;0;7;0;0;1;8;2;A01
201300043074;0;33;0;0;1;7;2;A01
201300043075;0;31;0;0;2;4;1;B01
201300043075;0;7;0;0;2;1;2;A01
201300043076;0;2;0;0;0;8;1;A01
201300043077;0;7;0;12;0;9;1;A01
201300043078;0;7;0;0;0;5;1;A01
201300043078;0;31;0;0;2;1;1;B01
201300043079;0;7;0;0;2;4;2;B01
201300043079;0;7;0;0;2;1;2;A01
201300043080;0;7;0;0;2;1;1;B01
201300043080;0;7;0;0;2;1;5;A01
201300043080;0;7;0;0;2;8;1;C01
201300043081;0;7;0;0;1;2;0;A01
201300043082;0;7;0;0;0;3;15;B01
201300043082;0;2;0;0;2;2;17;A01
201300043083;0;7;0;1;0;1;5;A01
201300043083;0;7;0;0;2;1;23;B01
201300043084;0;34;0;0;2;1;1;B01
201300043084;1;7;0;0;2;3;16;A01
201300043085;0;7;0;0;0;4;23;B01
201300043085;0;7;0;0;0;1;2;A01
201300043086;0;7;0;0;1;1;0;A01
201300043087;0;33;0;0;2;7;2;A01
201300043087;0;33;0;0;2;8;2;B01
201300043088;0;30;0;0;0;7;2;A01
201300043089;0;2;0;12;0;2;0;A01
201300043090;0;7;0;0;9;3;11;A01
201300043090;0;2;0;0;2;2;3;B01
201300043091;0;7;0;0;2;2;10;A01
201300043091;0;31;0;0;2;1;1;B01
201300043092;0;30;0;0;1;1;1;A01
201300043093;0;37;4;0;2;3;2;A01
201300043093;0;7;0;0;2;1;2;B01
201300043093;0;7;0;0;0;4;2;C01
201300043094;0;7;0;0;2;3;16;A01
201300043094;0;31;0;1;2;7;21;B01
201300043095;0;33;0;0;2;1;2;B01
201300043095;0;7;0;0;2;3;0;A01
201300043096;0;7;0;0;1;2;2;A01
201300043097;0;7;0;0;9;8;22;A01
201300043097;0;1;0;1;0;1;21;B01
201300043098;0;2;0;0;0;3;0;A01
201300043099;0;2;0;0;2;1;2;A01
201300043099;1;13;0;0;0;1;2;C01
201300043099;0;7;0;0;0;6;11;B01
201300043100;0;32;0;0;2;1;17;B01
201300043100;0;7;0;0;2;1;9;A01
201300043101;0;7;0;0;1;2;0;A01
201300043102;0;7;0;0;2;1;2;A01
201300043102;0;7;0;0;2;4;2;B01
201300043103;0;30;0;0;1;1;1;A01
201300043104;0;33;0;0;1;1;1;A01
201300043105;1;1;0;0;1;0;0;A01
201300043106;0;7;0;0;9;7;16;A01
201300043106;0;33;0;0;9;0;1;B01
201300043107;0;7;0;0;9;3;1;B01
201300043107;0;1;0;0;2;1;9;A01
201300043108;0;7;0;0;9;2;15;A01
201300043108;0;31;0;0;2;1;0;B01
201300043109;0;7;0;1;2;9;1;A01
201300043109;0;7;0;0;2;1;2;B01
201300043110;0;7;0;0;1;1;1;A01
201300043111;0;7;0;0;0;3;15;B01
201300043111;0;31;0;0;2;1;1;A01
201300043112;0;37;0;0;1;5;16;A01
201300043113;0;7;0;0;2;7;1;B01
201300043113;0;7;0;0;2;1;1;A01
201300043114;0;7;0;0;2;8;15;B01
201300043114;0;33;0;0;2;1;17;A01
201300043115;0;7;0;0;1;1;1;A01
201300043116;0;34;0;0;1;1;1;A01
201300043117;0;7;0;0;2;5;1;A01
201300043117;0;7;0;0;2;1;1;B01
201300043118;0;7;0;0;1;1;1;A01
201300043119;0;7;0;0;1;1;1;A01
201300043120;0;7;0;0;1;1;1;A01
201300043121;0;7;0;0;2;3;24;A01
201300043121;0;7;0;1;1;7;1;B01
201300043122;0;32;0;0;2;3;1;A01
201300043122;0;7;0;0;0;3;1;B01
201300043123;0;2;0;0;2;1;0;A01
201300043123;0;7;0;0;2;2;0;B01
201300043124;0;2;0;0;2;7;1;B01
201300043124;0;7;0;0;2;1;1;A01
201300043125;0;7;0;0;1;3;1;A01
201300043126;0;33;0;0;0;0;1;A01
201300043127;0;7;0;0;0;2;2;A01
201300043128;0;7;0;0;0;3;10;A01
201300043128;0;7;0;0;0;2;1;B01
201300043129;0;7;0;0;1;1;1;A01
201300043130;0;7;0;0;2;1;1;A01
201300043130;0;31;0;0;0;4;2;B01
201300043131;0;7;0;0;1;1;1;A01
201300043132;0;7;0;0;2;1;1;A01
201300043132;0;32;0;0;2;1;15;B02
201300043133;0;7;0;0;1;1;1;A01
201300043134;0;7;0;0;2;0;0;A01
201300043135;0;7;0;0;0;4;2;B01
201300043135;0;7;0;0;2;1;2;A01
201300043136;0;7;0;0;2;1;1;B01