num_acc;senc;catv;occutc;obs;obsm;choc;manv;num_veh
201300043136;0;7;0;8;2;6;1;A01
201300043137;0;7;0;0;9;3;15;B01
201300043137;0;2;0;0;2;2;3;A01
201300043138;0;7;0;0;1;1;1;A01
201300043139;0;3;0;0;0;5;15;A01
201300043139;1;3;0;0;2;1;1;Z01
201300043140;0;7;0;0;1;2;1;A01
201300043141;0;7;0;1;0;2;0;A01
201300043142;0;7;0;0;2;3;16;B01
201300043142;0;15;0;0;2;2;1;A01
201300043143;0;7;0;0;1;1;1;A01
201300043144;0;7;0;0;2;3;16;A01
201300043144;0;7;0;0;2;2;1;B01
201300043145;0;7;0;0;0;4;0;B01
201300043146;0;7;0;0;2;8;11;B01
201300043146;0;30;0;0;2;7;3;A01
201300043147;0;31;0;0;2;1;0;B01
201300043147;0;7;0;0;2;2;1;A01
201300043148;0;30;0;0;2;1;1;B01
201300043148;0;7;0;0;2;3;1;A01
201300043149;0;7;0;0;2;3;15;B01
201300043149;0;2;0;0;2;7;1;A01
201300043150;0;7;0;0;2;1;5;B01
201300043150;0;7;0;0;2;1;13;A01
201300043151;0;30;0;0;2;1;1;A01
201300043151;0;7;0;0;2;1;9;B01
201300043152;0;7;0;0;2;6;23;C01
201300043152;0;7;0;0;2;2;16;A01
201300043152;0;33;0;0;2;0;1;B01
201300043153;0;33;0;0;2;1;11;A01
201300043153;0;7;0;0;2;6;11;B01
201300043154;0;7;0;0;2;7;17;A01
201300043154;0;1;0;0;2;8;1;B01
201300043155;0;7;0;0;2;6;1;B01
201300043155;0;7;0;0;2;1;1;A01
201300043156;1;7;0;0;1;1;1;Z01
201300043157;0;7;0;0;2;3;22;C01
201300043157;0;30;0;1;2;1;21;A01
201300043157;0;7;0;0;2;8;1;B01
201300043158;0;7;0;0;0;8;22;A01
201300043158;0;14;0;1;0;2;1;B01
201300043159;0;7;0;0;1;1;1;A01
201300043160;0;2;0;0;2;1;21;A01
201300043160;1;3;0;0;0;0;13;Z01
201300043161;0;7;0;0;2;4;2;B01
201300043161;0;33;0;0;2;1;1;A01
201300043162;1;10;0;0;2;0;1;Z01
201300043162;0;7;0;0;2;1;16;A01
201300043163;0;7;0;0;2;6;9;A01
201300043163;0;30;0;0;2;2;1;B01
201300043164;0;33;0;0;2;1;1;B01
201300043164;0;7;0;0;2;6;10;A01
201300043165;0;7;0;0;1;1;1;A01
201300043166;0;7;0;0;2;1;1;B01
201300043166;0;7;0;0;2;3;15;A01
201300043167;0;31;0;0;2;1;1;A01
201300043167;0;33;0;0;2;0;0;B01
201300043168;0;7;0;0;2;1;1;C01
201300043168;0;7;0;0;2;1;17;A01
201300043168;0;7;0;0;2;6;1;B01
201300043169;0;30;0;0;2;7;1;A01
201300043169;0;7;0;0;2;3;15;B01
201300043170;0;31;0;0;2;1;0;A01
201300043170;0;7;0;0;0;4;0;B01
201300043171;0;7;0;0;2;3;15;A01
201300043171;0;7;0;0;2;3;1;B01
201300043172;0;7;0;0;2;4;1;C01
201300043172;0;7;0;0;2;4;1;B01
201300043172;0;7;0;0;2;1;1;A01
201300043173;0;33;0;0;2;1;21;A01
201300043173;0;7;0;0;2;6;1;B01
201300043174;0;7;0;0;2;2;16;A01
201300043174;0;31;0;0;2;1;1;B01
201300043175;0;7;0;0;0;7;15;B01
201300043175;0;2;0;0;2;1;1;A01
201300043176;0;7;0;0;2;1;2;A01
201300043176;0;7;0;0;2;4;2;B01
201300043177;0;1;0;0;2;7;6;B01
201300043177;0;7;0;0;9;1;6;A01
201300043178;0;1;0;0;2;1;19;B01
201300043178;0;7;0;0;9;5;1;A01
201300043179;0;7;0;0;2;1;1;A01
201300043179;0;7;0;0;2;3;15;B01
201300043180;0;7;0;0;2;7;0;A01
201300043180;0;7;0;0;2;1;0;B01
201300043181;0;7;0;0;2;3;0;B01
201300043181;0;7;0;0;2;3;1;A01
201300043182;0;30;0;1;0;1;1;A01
201300043183;0;7;0;0;2;7;1;A01
201300043183;0;7;0;0;2;1;1;B01
201300043184;0;7;0;0;2;6;1;B01
201300043184;0;7;0;0;2;1;1;A01
201300043185;0;33;0;0;2;2;1;A01
201300043185;0;7;0;0;2;8;1;C01
201300043185;0;10;0;0;2;7;15;B01
201300043186;0;7;0;0;2;1;13;A01
201300043186;0;7;0;0;2;1;1;B01
201300043187;0;7;0;1;0;1;1;A01
201300043188;0;7;0;0;2;4;23;B01
201300043188;0;1;0;0;2;1;1;A01
201300043189;0;7;0;0;2;4;2;B01
201300043189;0;7;0;0;2;1;2;A01
201300043190;0;10;0;0;2;8;10;A01
201300043190;0;32;0;0;2;1;1;B01
201300043191;0;7;0;0;2;1;1;B01
201300043191;0;7;0;0;2;7;1;A01
201300043192;0;7;0;0;2;3;16;A01
201300043192;0;32;0;0;2;1;1;B01
201300043193;0;7;0;0;1;1;1;A01
201300043194;0;30;0;0;2;2;17;A01
201300043194;0;7;0;0;2;2;15;B01
201300043195;0;34;0;0;2;9;1;B01
201300043195;0;10;0;0;0;0;1;A01
201300043196;0;7;0;0;2;2;1;B01
201300043196;0;10;0;0;2;1;16;A01
201300043197;0;7;0;0;0;4;2;B01
201300043197;0;33;0;0;2;1;2;A01
201300043198;0;33;0;9;0;1;1;A01
201300043199;0;33;0;0;2;1;1;B01
201300043199;0;7;0;0;2;5;0;A01
201300043200;0;7;0;0;1;2;1;A01
201300043201;0;7;0;0;2;0;1;B01
201300043201;0;7;0;0;2;0;1;A01
201300043202;0;7;0;0;2;1;1;A01
201300043202;0;7;0;0;2;9;23;B01
201300043202;0;7;0;0;2;5;23;C01
201300043203;0;7;0;0;2;5;1;B01
201300043203;0;7;0;0;2;1;9;A01
201300043204;0;7;0;0;1;0;0;A01
201300043205;0;7;0;0;2;1;15;A01
201300043205;0;33;0;0;2;1;1;B01
201300043206;0;7;0;0;2;3;13;A01
201300043206;0;7;0;0;2;3;1;B01
201300043207;0;7;0;1;0;2;0;A01
201300043208;0;7;0;0;2;3;16;B01
201300043208;0;31;0;0;2;1;1;A01
201300043209;0;2;0;0;0;0;1;B01
201300043209;0;7;0;0;0;0;15;A01
201300043210;0;7;0;0;2;1;15;A01
201300043210;0;2;0;0;2;1;1;B01
201300043211;0;15;0;0;2;8;1;B01
201300043211;0;7;0;0;2;5;1;A01
201300043212;0;7;0;0;1;1;1;A01
201300043213;2;7;0;0;2;2;1;A01
201300043213;0;7;0;0;2;3;1;B01
201300043214;0;32;0;0;2;2;1;B01
201300043214;0;7;0;0;2;1;15;A01
201300043215;0;33;0;0;2;1;1;B01
201300043215;0;7;0;0;2;3;20;A01
201300043216;0;10;0;0;2;1;1;A01
201300043216;0;7;0;0;2;5;1;B01
201300043217;0;30;0;0;2;9;1;B01
201300043217;0;7;0;0;2;7;12;A01
201300043218;0;7;0;0;1;1;1;A01
201300043219;0;7;0;1;1;1;5;A01
201300043220;0;7;0;0;2;9;1;B01
201300043220;0;7;0;0;2;6;1;C01
201300043220;0;7;0;0;2;1;16;A01
201300043221;0;7;0;0;2;1;15;B01
201300043221;0;7;0;8;2;1;1;A01
201300043222;0;7;0;0;2;1;1;A01
201300043222;0;7;0;0;2;2;15;B01
201300043223;0;7;0;0;2;1;1;B01
201300043223;0;7;0;0;2;8;1;A01
201300043224;0;7;0;0;1;8;1;A01
201300043225;0;7;0;0;1;1;1;A01
201300043226;0;7;0;14;0;1;6;A01
201300043227;0;7;0;1;2;2;0;A01
201300043228;0;7;0;0;2;1;19;A01
201300043228;0;7;0;0;2;6;1;B01
201300043229;0;7;0;0;2;1;0;A01
201300043229;0;7;0;0;2;8;0;B01
201300043230;0;7;0;0;1;3;0;A01
201300043231;0;10;0;0;1;3;1;A01
201300043232;0;7;0;0;2;1;1;A01
201300043232;0;7;0;0;2;8;1;B01
201300043233;0;33;0;0;2;4;2;B01
201300043233;0;7;0;0;2;2;2;A01
201300043234;0;2;0;0;1;6;1;A01
201300043235;0;7;0;0;2;1;2;A01
201300043235;0;7;0;0;2;4;23;B01
201300043236;0;30;0;0;1;8;13;A01
201300043237;0;7;0;0;2;1;1;B01
201300043237;0;7;0;0;2;7;15;A01
201300043238;0;7;0;0;2;2;1;B01
201300043238;0;10;0;1;2;1;2;A01
201300043239;0;10;0;0;1;4;4;A01
201300043240;0;7;0;0;2;1;2;B01
201300043240;0;7;0;0;2;4;23;A01
201300043241;0;7;0;0;1;1;15;A01
201300043242;0;7;0;0;2;2;15;A01
201300043242;0;30;0;0;2;1;1;B01
201300043243;0;7;0;0;1;8;1;A01
201300043244;0;7;0;0;0;0;2;A01
201300043244;0;7;0;8;0;1;0;B01
201300043245;0;13;0;0;1;4;4;A01
201300043246;0;7;0;0;1;8;0;A01
201300043247;0;7;0;0;2;1;2;A01
201300043247;0;7;0;0;2;4;23;B01
201300043248;0;7;0;0;2;6;12;A01
201300043248;0;33;0;0;2;1;0;B01
201300043249;1;7;0;0;2;1;2;A01
201300043249;0;31;0;0;2;4;2;B01
201300043250;0;7;0;0;2;1;2;A01
201300043250;0;7;0;0;0;4;2;B01
201300043251;0;1;0;0;9;3;1;A01
201300043251;0;7;0;0;2;1;1;B01
201300043252;0;7;0;0;1;1;1;A01
201300043253;0;7;0;0;1;1;0;A01
201300043254;0;7;0;0;0;6;0;C01
201300043254;0;10;0;0;2;2;3;B01
201300043254;0;33;0;0;2;3;3;A01
201300043255;0;7;0;0;1;3;1;A01
201300043256;0;10;0;0;2;4;1;C01
201300043256;0;10;0;0;2;9;1;B01
201300043256;0;10;0;0;2;1;1;A01
201300043257;0;7;0;0;1;6;4;A01
201300043258;0;7;0;0;2;2;2;B01
201300043258;0;7;0;0;0;3;2;A01
201300043259;0;10;0;0;1;6;4;A01
201300043260;0;7;0;0;1;2;2;A01
201300043261;1;7;0;0;1;3;0;Z01
201300043262;1;7;0;0;1;2;2;A01
201300043263;0;15;0;0;2;8;0;B01
201300043263;0;2;0;0;2;7;0;A01
201300043264;0;37;0;0;1;0;16;A01
201300043265;0;33;0;0;2;1;2;A01
201300043265;0;10;0;0;0;4;2;B01
201300043266;0;7;0;0;0;4;2;A01
201300043266;0;10;0;0;2;1;2;B01
201300043267;0;7;0;0;2;1;2;B01
201300043267;0;7;0;0;2;8;19;A01
201300043268;0;7;0;0;1;3;15;A01
201300043269;0;7;0;0;2;3;15;A01
201300043269;0;37;0;0;2;2;7;B01
201300043270;0;7;0;0;2;4;1;B01
201300043270;0;13;0;0;2;3;2;A01
201300043271;0;7;0;0;1;1;1;A01
201300043272;0;10;0;0;2;3;1;C01
201300043272;0;7;0;0;2;3;1;B01
201300043272;0;7;0;0;2;1;9;A01
201300043273;0;7;0;0;2;3;15;A01
201300043273;0;33;0;0;2;0;17;B01
201300043274;0;7;0;0;2;3;2;B01
201300043274;0;7;0;0;2;5;11;A01
201300043275;1;7;0;0;2;3;12;Z01
201300043275;0;2;0;0;2;8;2;B01
201300043276;0;7;0;0;2;1;2;A01
201300043276;0;7;0;0;2;4;23;B01
201300043276;0;7;0;0;2;4;23;D01
201300043276;0;7;0;0;0;4;23;E01
201300043276;0;7;0;0;2;4;23;C01
201300043277;0;32;0;0;1;0;0;A01
201300043278;0;14;0;0;2;5;12;A01
201300043278;0;7;0;0;0;3;16;B01
201300043279;0;7;0;0;2;3;15;A01
201300043279;0;33;0;0;2;2;17;B01
201300043280;0;10;0;0;1;1;1;A01
201300043281;0;99;0;0;2;0;2;B01
201300043281;0;7;0;0;0;8;9;A01
201300043282;0;37;10;0;1;2;7;A01
201300043283;0;7;0;0;2;5;2;B01
201300043283;0;2;0;0;2;6;18;A01
201300043284;0;33;0;0;0;4;1;A01
201300043285;0;3;0;0;2;1;2;A01
201300043285;0;3;0;0;2;4;2;B01
201300043286;0;7;0;0;2;3;11;A01
201300043286;0;30;0;0;2;2;2;B01
201300043287;0;37;0;0;1;2;7;A01
201300043288;0;7;0;0;1;2;0;A01
201300043289;0;37;1;0;1;7;1;A01
201300043290;0;7;0;0;2;2;15;A01
201300043290;0;33;0;0;2;1;1;B01
201300043291;0;7;0;0;1;6;15;A01
201300043292;0;7;0;0;2;0;11;A01
201300043292;0;34;0;0;2;2;1;B01
201300043293;0;33;0;0;2;1;17;B01
201300043293;0;7;0;0;0;3;10;A01
201300043294;1;7;0;0;2;2;17;A01
201300043294;0;7;0;0;2;6;23;B01
201300043295;0;7;0;0;1;1;1;A01
201300043296;0;7;0;0;2;2;0;A01
201300043296;0;7;0;0;2;3;1;B01
201300043297;0;7;0;0;2;8;9;A01
201300043297;0;32;0;0;2;7;1;B01
201300043298;1;34;0;0;1;1;0;Z01
201300043299;0;34;0;0;2;5;1;A01
201300043299;0;34;0;0;2;3;1;B01
201300043300;1;7;0;0;2;8;15;B01
201300043300;0;33;0;0;2;1;1;A01
201300043301;0;7;0;0;1;1;15;A01
201300043302;0;10;0;1;2;3;16;B01
201300043302;0;7;0;0;2;2;1;A01
201300043303;0;7;0;0;1;1;0;A01
201300043304;0;13;0;0;1;1;4;A01
201300043305;0;7;0;0;2;7;9;A01
201300043305;0;33;0;0;2;1;1;B01
201300043306;0;7;0;1;1;1;0;A01
201300043307;0;7;0;0;2;1;1;A01
201300043307;0;7;0;0;2;2;1;B01
201300043308;0;10;0;0;1;4;21;A01
201300043309;0;7;0;0;0;4;2;B01
201300043309;0;14;0;0;2;1;2;A01
201300043310;0;7;0;0;1;1;0;A01
201300043311;0;7;0;0;2;1;1;B01
201300043311;0;14;0;0;2;1;1;A01
201300043312;0;30;0;1;0;1;19;A01
201300043312;0;10;0;0;2;5;24;B01
201300043313;1;7;0;0;1;0;0;Z01
201300043314;0;7;0;0;1;2;15;A01
201300043315;0;30;0;0;2;1;0;B01
201300043315;0;7;0;0;2;1;10;A01
201300043316;0;7;0;1;0;1;14;A01
201300043316;0;15;0;0;2;4;24;B01
201300043317;0;7;0;0;0;4;23;A01
201300043317;0;7;0;0;0;1;2;B01
201300043318;0;14;0;1;1;1;16;A01
201300043319;0;13;0;0;2;4;2;B01
201300043319;0;7;0;0;2;4;23;A01
201300043320;0;7;0;0;2;6;15;B01
201300043320;0;30;0;0;2;8;1;A01
201300043321;0;7;0;0;1;4;4;A01
201300043322;0;7;0;0;0;1;15;A01
201300043323;0;7;0;0;1;1;1;A01
201300043324;0;7;0;0;2;3;0;A01
201300043324;0;1;0;0;0;1;1;B01
201300043325;0;2;0;0;0;8;0;B01
201300043325;0;7;0;0;0;1;6;A01
201300043326;0;7;0;0;1;3;15;A01
201300043327;0;7;0;0;2;1;1;B01
201300043327;0;7;0;0;2;3;15;A01
201300043328;0;7;0;0;2;1;2;A01
201300043328;0;37;1;0;0;4;23;B01
201300043329;0;7;0;0;0;4;23;B01
201300043329;0;7;0;0;2;1;2;A01
201300043330;0;7;0;0;1;1;1;A01
201300043331;0;7;0;0;1;1;1;A01
201300043332;0;7;0;0;2;5;1;B01
201300043332;0;7;0;0;2;3;9;A01
201300043333;0;7;0;0;2;1;9;A01
201300043333;0;7;0;0;2;6;1;B01
201300043334;0;31;0;0;2;1;2;A01
201300043334;0;7;0;0;2;4;23;C01
201300043334;0;7;0;0;2;4;23;B01
201300043335;0;37;2;0;2;1;1;B01
201300043335;0;7;0;0;2;6;19;A01
201300043336;0;10;0;0;2;4;2;B01
201300043336;0;7;0;0;2;1;2;A01
201300043337;0;7;0;0;0;2;1;A01
201300043338;0;7;0;0;1;1;1;A01
201300043339;0;7;0;0;2;5;12;A01
201300043339;0;30;0;0;2;8;1;B01
201300043340;0;7;0;1;0;1;1;A01
201300043340;0;7;0;0;0;4;23;B01
201300043341;0;7;0;8;0;1;1;A01
201300043342;0;10;0;0;2;5;15;A01
201300043342;0;7;0;0;2;1;1;B01
201300043343;0;7;0;0;2;2;15;A01
201300043343;0;2;0;0;2;1;1;B01
201300043344;0;7;0;0;1;3;4;A01
201300043345;0;7;0;0;1;1;1;A01
201300043346;0;2;0;0;2;8;2;A01
201300043346;0;7;0;0;0;2;2;B01
201300043347;0;7;0;0;1;1;1;A01
201300043348;0;7;0;0;2;1;1;B01
201300043348;0;7;0;0;0;4;1;A01
201300043349;0;2;0;0;0;0;1;A01
201300043350;0;7;0;0;2;3;5;A01
201300043350;0;7;0;0;2;1;1;B01
201300043351;0;7;0;0;2;4;2;B01
201300043351;0;10;0;0;2;2;2;A01
201300043352;0;7;0;0;2;1;1;A01
201300043352;0;7;0;0;2;4;1;B01
201300043352;0;7;0;0;2;1;1;C01
201300043353;0;7;0;0;2;1;1;A01
201300043353;0;7;0;0;0;4;1;B01
201300043354;1;7;0;0;2;0;0;Z01
201300043354;0;37;2;0;2;1;1;A01
201300043355;0;7;0;0;0;2;1;B01
201300043355;0;7;0;0;2;6;21;A01
201300043356;0;7;0;0;1;1;1;A01
201300043357;0;7;0;0;0;3;1;A01
201300043357;0;7;0;0;2;0;0;B01
201300043358;0;7;0;0;1;1;1;A01
201300043359;0;7;0;6;0;1;1;A01
201300043360;0;33;0;0;2;1;13;A01
201300043360;0;7;0;0;2;3;15;B01
201300043361;0;7;0;0;2;3;15;A01
201300043361;0;2;0;0;2;1;1;B01
201300043362;0;7;0;0;2;1;1;A01
201300043362;0;31;0;0;2;0;1;B01
201300043363;0;32;0;0;2;2;3;A01
201300043363;0;7;0;0;2;3;15;B01
201300043364;0;7;0;0;2;4;4;A01
201300043364;0;7;0;0;2;1;1;B01
201300043365;0;7;0;0;2;1;1;A01
201300043365;0;30;0;0;2;4;23;B01
201300043366;0;7;0;0;1;1;1;A01
201300043367;1;32;0;0;1;0;0;Z01
201300043368;0;7;0;0;0;6;0;B01
201300043368;0;7;0;0;0;2;0;A01
201300043369;0;7;0;0;0;0;0;A01
201300043369;0;33;0;0;0;8;0;B01
201300043370;0;33;0;0;2;7;1;B01
201300043370;0;7;0;0;2;1;1;A01
201300043371;0;7;0;0;1;2;17;A01
201300043372;0;30;0;0;2;1;1;A01
201300043372;0;7;0;0;0;4;1;B01
201300043373;0;7;0;0;0;4;1;B01
201300043373;1;7;0;0;0;1;1;A01
201300043374;0;7;0;0;0;4;0;B01
201300043374;0;7;0;0;0;1;0;A01
201300043375;0;7;0;0;0;4;1;B01
201300043375;0;7;0;0;2;1;1;A01
201300043376;0;33;0;0;2;3;1;A01
201300043376;0;7;0;0;2;3;23;B01
201300043377;0;7;0;0;2;1;15;A01
201300043377;0;7;0;0;0;8;1;B01
201300043378;0;14;0;0;2;3;1;B01
201300043378;0;7;0;3;2;9;17;A01
201300043379;0;31;0;0;0;8;1;A01
201300043380;0;34;0;0;2;8;1;B01
201300043380;0;13;0;0;2;1;14;A01
201300043381;0;7;0;0;2;6;1;B01
201300043381;0;7;0;0;2;9;14;A01
201300043382;0;7;0;6;0;1;1;A01
201300043383;0;7;0;0;2;5;15;A01
201300043383;0;7;0;0;2;1;1;B01
201300043384;0;7;0;0;2;2;0;B01
201300043384;0;7;0;0;2;3;18;A01
201300043385;0;7;0;0;2;4;23;A01
201300043385;1;7;0;0;2;1;2;B01
201300043386;1;7;0;0;2;3;11;A01
201300043386;0;34;0;0;2;2;2;B01
201300043387;0;7;0;0;2;5;1;B01
201300043387;0;31;0;0;2;3;1;A01
201300043388;0;7;0;0;2;4;0;B01
201300043388;0;7;0;0;2;1;1;A01
201300043389;0;7;0;0;2;1;1;A01
201300043389;0;31;0;0;2;4;1;B01
201300043390;0;7;0;0;2;1;16;A01
201300043390;0;7;0;0;0;6;2;C01
201300043390;0;31;0;0;2;4;1;B01
201300043391;0;7;0;0;2;4;23;C01
201300043391;0;7;0;0;2;8;23;B01
201300043391;0;7;0;0;2;1;2;A01
201300043392;0;7;0;0;1;1;17;A01
201300043393;0;30;0;0;1;1;16;A01
201300043394;0;37;0;0;1;0;1;A01
201300043395;0;7;0;0;1;2;0;A01
201300043396;0;7;0;0;2;4;15;A01
201300043396;0;31;0;0;2;7;1;B01
201300043397;0;7;0;0;1;1;1;A01
201300043398;0;7;0;0;2;3;1;A01
201300043398;0;31;0;0;2;2;1;B01
201300043399;0;33;0;0;2;1;2;A01
201300043399;0;10;0;0;2;5;2;B01
201300043400;0;30;0;0;2;1;15;A01
201300043400;0;7;0;0;2;8;1;B01
201300043401;0;7;0;9;0;1;1;A01
201300043402;0;10;0;0;1;1;2;A01
201300043403;0;30;0;0;2;2;1;B01
201300043403;0;7;0;0;2;2;15;A01
201300043404;0;7;0;0;2;5;1;A01
201300043404;0;7;0;0;2;1;1;B01
201300043405;0;13;0;0;2;7;15;B01
201300043405;0;30;0;0;2;3;18;A01
201300043406;0;7;0;0;2;4;1;B01
201300043406;0;7;0;0;2;1;1;A01
201300043407;0;7;0;0;2;4;1;B01
201300043407;0;7;0;0;2;1;1;A01
201300043408;0;10;0;0;2;1;14;A01
201300043408;0;7;0;0;2;2;1;B01
201300043408;0;7;0;0;2;3;1;C01
201300043409;0;33;0;0;2;4;2;B01
201300043409;0;7;0;0;2;1;2;A01
201300043410;0;13;0;0;0;0;2;C01
201300043410;0;37;1;0;2;1;2;A01
201300043410;0;7;0;0;9;1;2;B01
201300043411;0;30;0;0;2;1;2;A01
201300043411;0;7;0;0;0;2;15;B01
201300043412;0;7;0;0;1;2;2;A01
201300043413;0;7;0;9;9;9;2;A01
201300043414;0;7;0;8;0;1;1;A01
201300043415;0;7;0;0;1;1;1;A01
201300043416;0;7;0;0;0;8;0;B01
201300043416;0;31;0;0;0;1;0;A01
201300043417;0;7;0;0;2;2;2;A01
201300043417;0;30;0;0;2;3;9;B01
201300043418;0;7;0;0;1;1;1;A01
201300043419;0;7;0;0;1;1;1;A01
201300043420;0;7;0;0;1;1;1;A01
201300043421;0;7;0;0;2;2;1;A01
201300043421;0;7;0;0;2;6;1;B01
201300043422;0;7;0;0;1;1;1;A01
201300043423;0;30;0;0;2;1;1;B01
201300043423;0;7;0;0;2;4;4;A01
201300043424;0;7;0;0;2;1;1;B01
201300043424;0;7;0;0;2;1;1;A01
201300043425;0;30;0;0;2;1;2;A01
201300043425;0;7;0;0;2;4;2;B01
201300043426;0;7;0;0;1;1;1;A01
201300043427;0;7;0;0;1;1;1;A01
201300043428;1;30;0;0;2;1;1;A01
201300043428;0;7;0;0;2;6;1;B01
201300043429;0;7;0;0;2;4;1;A01
201300043429;0;7;0;0;2;1;1;B01
201300043430;0;34;0;0;2;9;1;A01
201300043430;0;1;0;0;2;9;0;B01
201300043431;0;7;0;0;0;1;1;A01
201300043431;0;1;0;0;2;1;19;B01
201300043432;0;7;0;3;0;1;1;A01
201300043433;0;7;0;0;1;1;0;A01
201300043434;0;7;0;0;1;1;1;A01
201300043435;0;7;0;0;2;1;1;B01
201300043435;0;7;0;0;2;7;15;A01
201300043436;0;7;0;0;1;1;1;A01
201300043437;0;7;0;0;0;8;15;A01
201300043437;0;33;0;0;2;1;1;B01
201300043438;0;37;1;0;1;7;1;A01
201300043439;0;7;0;0;2;2;1;A01
201300043439;0;2;0;0;2;9;15;B01
201300043440;0;7;0;0;2;2;15;A01
201300043440;0;33;0;0;2;1;1;B01
201300043441;0;99;0;0;1;1;15;A01
201300043442;0;7;0;0;1;4;4;A01
201300043443;0;7;0;0;2;4;2;B01
201300043443;0;7;0;0;2;1;2;A01
201300043444;0;30;0;0;0;0;1;A01
201300043445;0;7;0;0;2;2;1;A01
201300043445;0;7;0;0;2;5;1;B01
201300043446;0;31;0;0;1;5;1;A01
201300043447;0;7;0;0;1;4;4;A01
201300043448;0;7;0;0;2;1;1;A01
201300043448;0;32;0;0;2;4;1;B01
201300043449;0;7;0;0;1;4;20;A01
201300043450;0;7;0;0;1;1;0;A01
201300043451;0;7;0;0;2;3;15;B01
201300043451;0;30;0;0;2;1;0;A01
201300043452;0;7;0;0;2;1;1;A01
201300043452;0;7;0;0;2;1;1;B01
201300043452;1;7;0;0;2;1;1;Z01
201300043453;0;7;0;0;2;4;1;B01
201300043453;0;7;0;0;2;1;1;A01
201300043454;0;14;0;0;2;1;11;A01
201300043454;0;7;0;0;0;4;1;B01
201300043455;0;7;0;0;1;1;1;A01
201300043456;0;7;0;0;2;2;0;A01
201300043456;0;1;0;0;2;1;0;B01
201300043457;0;7;0;0;2;6;0;B01
201300043457;0;7;0;0;2;2;0;A01
201300043458;0;33;0;0;0;1;0;A01
201300043459;0;7;0;0;1;7;0;A01
201300043460;0;37;1;0;1;0;0;A01
201300043461;0;7;0;0;0;4;23;A01
201300043461;1;7;0;0;2;0;0;Z01
201300043462;0;34;0;0;2;1;2;A01
201300043462;0;7;0;0;0;5;2;B01
201300043463;0;7;0;0;2;1;2;A01
201300043463;0;7;0;0;2;4;2;B01
201300043464;1;30;0;0;1;0;0;Z01
201300043465;0;7;0;4;0;1;0;A01
201300043466;0;7;0;0;2;1;0;A01
201300043466;0;7;0;0;2;4;0;B01
201300043467;0;7;0;0;2;4;23;B01
201300043467;0;7;0;0;2;1;1;A01
201300043468;0;7;0;0;2;1;1;A01
201300043468;0;7;0;0;2;4;23;B01
201300043469;0;7;0;0;2;2;15;A01
201300043469;0;7;0;0;2;1;2;B01
201300043470;0;2;0;0;0;7;1;A01
201300043471;0;32;0;0;2;1;1;B01
201300043471;0;7;0;0;2;1;0;A01
201300043472;0;2;0;0;2;7;2;B01
201300043472;0;7;0;0;2;8;9;A01
201300043473;0;7;0;0;1;1;2;A01
201300043474;0;7;0;0;2;3;2;A01
201300043474;0;1;0;0;0;4;2;B01
201300043475;0;7;0;0;1;1;0;A01
201300043476;0;7;0;0;1;1;0;A01
201300043477;0;7;0;0;2;1;2;A01
201300043477;0;7;0;0;0;4;2;B01
201300043478;0;2;0;0;2;1;1;B01
201300043478;0;7;0;0;2;3;13;A01
201300043479;0;7;0;0;2;1;0;B01
201300043479;0;7;0;0;2;4;0;C01
201300043479;0;31;0;0;2;4;0;A01
201300043480;0;33;0;0;2;3;1;A01
201300043480;0;7;0;0;2;1;16;B01
201300043481;0;7;0;0;1;1;0;A01
201300043482;0;7;0;0;0;1;0;A01
201300043482;0;7;0;0;0;8;0;B01
201300043483;0;7;0;0;2;7;15;A01
201300043483;0;2;0;0;2;1;2;B01
201300043484;0;37;0;0;2;2;2;B01
201300043484;0;7;0;0;2;1;19;A01
201300043485;0;7;0;0;2;4;23;B01
201300043485;0;33;0;0;2;1;2;A01
201300043486;0;7;0;0;2;1;9;A01
201300043486;0;10;0;0;2;2;2;B01
201300043487;0;7;0;0;2;1;0;A01
201300043487;0;7;0;0;2;1;1;B01
201300043488;0;7;0;0;1;3;0;A01
201300043489;1;99;0;0;2;3;0;Z01
201300043489;0;7;0;0;2;5;1;A01
201300043490;0;31;0;0;2;7;17;A01
201300043490;1;99;0;0;2;8;13;Z01
201300043491;0;7;0;0;1;2;2;A01
201300043492;0;7;0;0;1;2;0;A01
201300043493;0;7;0;0;2;4;2;C01
201300043493;0;7;0;0;2;4;2;B01
201300043493;0;7;0;0;2;1;2;A01
201300043494;0;7;0;0;1;1;1;A01
201300043495;1;7;0;0;1;1;1;Z01
201300043496;0;7;0;0;1;1;1;A01
201300043497;0;7;0;0;1;1;1;A01
201300043498;0;2;0;0;2;1;1;A01
201300043498;0;7;0;0;0;4;1;B01
201300043499;1;7;0;0;1;1;1;Z01
201300043500;0;7;0;0;2;1;23;B01
201300043500;0;10;0;0;2;1;19;A01
201300043501;0;7;0;0;2;1;2;A01
201300043501;0;7;0;0;0;4;2;B01
201300043502;0;7;0;0;1;1;9;A01
201300043503;0;30;0;0;0;7;1;B01
201300043503;0;7;0;0;2;1;1;A01
201300043504;0;10;0;0;2;4;1;A01
201300043504;0;7;0;0;2;4;1;B01
201300043505;0;7;0;0;2;2;0;B01
201300043505;0;7;0;0;2;3;0;A01
201300043506;0;7;0;0;0;4;0;B01
201300043506;0;20;0;0;0;1;0;A01
201300043507;0;7;0;0;2;4;2;A01
201300043507;0;7;0;0;2;1;2;B01
201300043508;0;7;0;0;2;1;15;A01
201300043508;0;30;0;0;2;1;2;B01