num_acc;senc;catv;occutc;obs;obsm;choc;manv;num_veh
201300043509;0;7;0;0;1;1;2;A01
201300043510;0;7;0;0;2;1;15;A01
201300043510;0;2;0;0;2;8;1;B01
201300043511;0;33;0;0;2;1;0;B01
201300043511;0;7;0;0;2;3;2;A01
201300043512;0;7;0;5;0;1;0;A01
201300043513;0;31;0;0;2;1;0;A01
201300043513;0;7;0;0;2;1;0;B01
201300043514;0;17;0;0;2;2;12;A01
201300043514;0;32;0;0;2;8;1;B02
201300043515;0;7;0;16;0;1;9;A01
201300043516;0;7;0;0;1;1;1;A01
201300043517;0;37;0;0;0;1;1;B01
201300043517;0;1;0;0;2;7;1;A01
201300043518;0;7;0;0;2;3;15;B01
201300043518;0;32;0;0;2;4;15;A01
201300043519;0;34;0;0;2;1;17;A01
201300043519;0;99;0;0;2;1;16;B01
201300043520;0;10;0;0;2;1;1;A01
201300043520;0;2;0;0;2;8;15;B01
201300043521;0;7;0;14;0;3;2;A01
201300043522;0;7;0;0;1;0;4;A01
201300043523;0;33;0;0;2;8;21;A01
201300043523;0;7;0;0;2;8;15;B01
201300043524;0;7;0;0;1;2;1;A01
201300043525;0;7;0;0;0;4;2;B01
201300043525;0;7;0;0;0;1;2;A01
201300043526;0;7;0;0;2;3;1;B01
201300043526;2;7;0;0;2;2;1;A01
201300043527;0;7;0;0;2;6;4;A01
201300043527;0;32;0;0;2;7;17;B01
201300043528;0;7;0;0;2;6;1;B01
201300043528;0;7;0;1;2;1;2;A01
201300043529;0;10;0;0;2;2;15;A01
201300043529;0;32;0;0;2;1;1;B01
201300043530;0;7;0;0;1;1;2;A01
201300043531;0;37;7;0;2;1;1;B01
201300043531;0;2;0;0;2;1;21;A01
201300043532;0;33;0;0;0;4;2;B01
201300043532;0;33;0;0;2;1;2;A01
201300043533;0;7;0;0;0;6;1;B01
201300043533;0;7;0;0;0;3;5;A01
201300043534;0;7;0;0;0;1;12;A01
201300043534;0;33;0;0;0;1;1;B01
201300043535;0;33;0;0;2;1;1;B01
201300043535;0;10;0;0;2;3;1;A01
201300043536;0;7;0;0;0;7;10;A01
201300043536;0;33;0;0;0;8;0;B01
201300043537;0;7;0;0;1;1;0;A01
201300043538;0;7;0;8;1;2;14;A01
201300043538;1;7;0;0;2;8;11;Z01
201300043539;0;7;0;0;2;1;1;B01
201300043539;0;3;0;0;2;3;15;A01
201300043540;0;7;0;0;1;2;1;A01
201300043541;0;7;0;15;0;9;1;A01
201300043542;0;7;0;0;1;1;15;A01
201300043543;0;32;0;14;0;1;0;A01
201300043544;0;7;0;0;2;1;16;A01
201300043544;0;7;0;0;2;8;16;B01
201300043545;0;7;0;0;2;2;1;A01
201300043545;0;33;0;7;0;5;1;B01
201300043546;0;10;0;0;0;0;0;B01
201300043546;0;1;0;0;0;7;0;A01
201300043547;0;7;0;0;2;2;21;A01
201300043547;0;7;0;0;0;6;15;B01
201300043548;0;1;0;0;2;3;15;A01
201300043548;0;33;0;0;9;5;17;B01
201300043549;0;33;0;0;1;1;1;A01
201300043550;0;7;0;0;0;8;0;B01
201300043550;0;7;0;0;0;2;1;A01
201300043551;0;33;0;0;2;3;2;B01
201300043551;0;7;0;0;2;3;15;A01
201300043552;0;7;0;0;2;5;1;B01
201300043552;0;7;0;0;2;3;2;A01
201300043553;0;7;0;0;1;8;0;A01
201300043554;0;33;0;0;2;1;1;A01
201300043554;0;7;0;0;2;3;1;B01
201300043555;0;7;0;1;2;1;20;A01
201300043555;0;7;0;1;0;1;2;B01
201300043556;0;7;0;0;2;2;15;A01
201300043556;0;33;0;0;2;1;1;B01
201300043557;0;7;0;0;1;1;16;A01
201300043558;0;32;0;0;1;2;17;A01
201300043559;0;7;0;0;2;1;2;A01
201300043559;0;7;0;0;2;4;15;B01
201300043560;0;7;0;0;0;3;10;A01
201300043560;0;7;0;0;0;3;23;B01
201300043561;0;7;0;1;0;2;2;A01
201300043562;0;7;0;0;0;1;2;A01
201300043562;0;7;0;0;0;4;2;B01
201300043563;0;10;0;0;1;3;1;A01
201300043564;0;32;0;0;1;2;1;A01
201300043565;0;7;0;0;1;5;15;A01
201300043566;0;33;0;0;0;2;1;A01
201300043566;0;1;0;0;0;3;16;B01
201300043567;0;7;0;0;1;5;1;A01
201300043568;0;30;0;0;1;1;1;A01
201300043569;0;14;0;0;1;3;15;A01
201300043570;0;7;0;0;2;3;2;A01
201300043570;0;34;0;0;2;7;17;B01
201300043571;0;2;0;0;0;3;1;G01
201300043571;0;7;0;0;0;0;1;B01
201300043572;0;33;0;0;0;2;1;A01
201300043572;0;7;0;1;0;3;15;B01
201300043573;0;7;0;0;0;0;0;B01
201300043573;0;7;0;0;2;1;1;A01
201300043574;0;7;0;0;2;2;15;A01
201300043574;0;2;0;0;0;1;0;B01
201300043575;0;7;0;0;1;2;1;A01
201300043576;0;34;0;0;2;1;17;A01
201300043576;0;7;0;0;2;3;15;B01
201300043577;0;99;0;0;2;1;1;A01
201300043577;0;7;0;0;2;2;1;B01
201300043578;0;7;0;0;2;3;1;B01
201300043578;0;7;0;0;2;8;15;A01
201300043579;0;7;0;0;1;1;2;A01
201300043580;0;7;0;0;1;8;1;A01
201300043581;0;7;0;0;2;1;2;A01
201300043581;0;7;0;0;2;4;2;B01
201300043582;0;30;0;0;2;1;2;A01
201300043582;0;7;0;0;0;3;15;B01
201300043583;1;7;0;0;1;1;1;Z01
201300043584;1;7;0;;2;8;1;Z01
201300043584;0;7;0;0;2;2;1;A01
201300043585;0;33;0;0;2;1;21;B01
201300043585;0;7;0;0;2;3;10;A01
201300043586;0;99;0;0;1;1;0;A01
201300043587;0;7;0;0;1;3;1;A01
201300043588;0;2;0;0;0;3;5;A01
201300043588;0;31;0;0;0;2;0;B01
201300043589;0;7;0;0;1;2;0;A01
201300043590;0;2;0;0;2;1;2;A01
201300043590;0;7;0;0;2;4;2;B01
201300043591;0;7;0;0;0;4;2;C01
201300043591;0;7;0;0;2;1;2;A01
201300043591;0;7;0;0;2;4;2;B01
201300043592;0;33;0;0;2;1;2;B01
201300043592;0;37;2;0;2;3;2;A01
201300043593;0;7;0;0;1;1;1;A01
201300043594;0;7;0;0;2;4;1;B01
201300043594;0;7;0;0;2;1;1;A01
201300043595;0;7;0;0;0;5;1;B01
201300043595;0;7;0;0;2;1;1;A01
201300043596;0;7;0;0;2;3;2;A01
201300043596;1;7;0;0;2;0;2;Z01
201300043597;0;7;0;0;1;3;1;A01
201300043598;0;7;0;0;2;1;2;A01
201300043598;0;34;0;0;2;4;23;B01
201300043599;0;30;0;0;0;0;1;A01
201300043600;0;7;0;0;1;0;0;A01
201300043601;0;7;0;0;1;1;1;A01
201300043602;0;33;0;0;2;4;0;A01
201300043602;0;33;0;0;2;1;0;B01
201300043603;0;7;0;0;2;8;15;B01
201300043603;0;2;0;0;2;1;17;A01
201300043604;0;10;0;0;1;5;4;A01
201300043605;0;33;0;0;2;1;2;A01
201300043605;0;7;0;0;2;8;1;B01
201300043606;0;7;0;0;1;1;15;A01
201300043607;0;7;0;0;2;3;15;A01
201300043607;0;32;0;0;2;2;1;B01
201300043608;0;7;0;0;2;1;1;A01
201300043608;0;7;0;0;2;4;1;B01
201300043609;1;31;0;0;1;1;1;A01
201300043610;0;7;0;0;1;1;15;A01
201300043611;0;7;0;0;1;1;1;A01
201300043612;0;10;0;0;0;1;1;A01
201300043612;0;33;0;0;2;8;2;B01
201300043613;0;7;0;14;0;1;2;A01
201300043613;0;7;0;0;2;4;23;B01
201300043614;0;7;0;0;0;4;2;B01
201300043614;0;2;0;0;2;1;2;A01
201300043615;0;32;0;0;2;6;1;B01
201300043615;0;31;0;0;2;1;2;A01
201300043616;0;34;0;0;0;0;0;A01
201300043616;0;10;0;0;0;0;0;B01
201300043617;0;7;0;0;2;4;0;B01
201300043617;0;33;0;0;2;1;2;A01
201300043618;0;2;0;0;2;1;15;B01
201300043618;1;7;0;0;2;0;2;A01
201300043619;1;7;0;0;2;1;2;Z01
201300043619;0;7;0;0;2;4;2;B01
201300043620;0;7;0;0;1;1;15;A01
201300043621;0;7;0;0;1;1;2;A01
201300043622;0;7;0;8;2;7;2;B01
201300043622;0;7;0;0;2;1;2;A01
201300043623;0;2;0;14;0;1;1;A01
201300043624;0;1;0;0;2;1;2;A01
201300043624;0;7;0;0;0;6;23;B01
201300043625;0;2;0;1;0;8;0;A01
201300043626;0;10;0;0;1;1;0;A01
201300043627;0;33;0;0;2;0;1;B01
201300043627;0;7;0;0;2;0;15;A01
201300043628;0;7;0;0;2;5;16;A01
201300043628;0;37;0;0;2;3;7;B01
201300043629;0;33;0;0;2;1;2;A01
201300043629;0;7;0;0;2;8;2;B01
201300043630;0;7;0;0;2;1;1;A01
201300043630;0;7;0;0;2;8;1;B01
201300043631;0;10;0;0;0;3;15;A01
201300043631;0;2;0;0;0;1;0;B01
201300043632;0;33;0;0;0;2;0;A01
201300043632;0;7;0;0;0;1;9;B01
201300043633;0;7;0;0;0;0;2;C01
201300043633;0;7;0;0;2;0;2;B01
201300043633;0;7;0;0;0;0;2;A01
201300043633;0;7;0;0;0;0;2;D01
201300043634;0;32;0;0;2;3;0;B01
201300043634;0;7;0;0;2;2;9;A01
201300043635;0;7;0;0;1;1;1;A01
201300043636;0;7;0;2;0;2;14;A01
201300043637;0;33;0;0;2;0;1;B01
201300043637;0;7;0;0;2;0;12;A01
201300043638;0;31;0;0;2;1;1;A01
201300043638;1;7;0;0;0;2;1;Z01
201300043639;0;32;0;1;2;1;17;A01
201300043639;0;7;0;0;2;3;11;B01
201300043640;0;1;0;0;0;7;0;B01
201300043640;0;7;0;0;2;1;0;A01
201300043641;0;7;0;0;2;3;1;B01
201300043641;0;33;0;1;2;5;15;A01
201300043642;0;7;0;1;1;7;1;A01
201300043643;0;33;0;0;2;1;1;A01
201300043643;0;7;0;0;2;1;15;B01
201300043644;0;7;0;0;1;2;2;A01
201300043645;0;10;0;0;1;7;0;A01
201300043646;0;32;0;0;0;0;0;A01
201300043647;0;33;0;0;1;3;2;A01
201300043648;0;34;0;0;1;1;1;A01
201300043649;0;7;0;0;2;2;15;A01
201300043649;0;7;0;0;2;3;1;B01
201300043650;0;30;0;12;0;3;0;A01
201300043651;1;7;0;0;2;2;1;Z01
201300043651;0;7;0;0;0;3;1;A01
201300043652;0;32;0;0;0;9;2;A01
201300043653;1;7;0;0;1;1;0;Z01
201300043654;0;7;0;0;0;2;15;A01
201300043654;0;7;0;0;2;1;1;B01
201300043655;0;7;0;0;0;1;0;B01
201300043655;0;7;0;0;0;4;0;A01
201300043656;0;30;0;0;0;0;0;A01
201300043657;0;7;0;0;9;1;1;C01
201300043657;0;7;0;0;2;6;22;A01
201300043657;0;33;0;0;2;1;17;B01
201300043658;0;7;0;0;2;2;15;A01
201300043658;0;1;0;0;2;1;1;B02
201300043659;0;7;0;0;2;3;23;A01
201300043659;0;32;0;0;2;1;1;B01
201300043660;0;33;0;0;2;6;6;B01
201300043660;0;10;0;0;9;1;6;A01
201300043661;0;7;0;0;2;1;15;A01
201300043661;0;33;0;0;2;8;2;B01
201300043662;0;7;0;8;1;1;16;A01
201300043662;0;7;0;0;2;5;23;B01
201300043663;0;1;0;0;2;1;5;A01
201300043663;0;7;0;0;9;2;1;B01
201300043664;0;7;0;0;2;1;1;A01
201300043664;0;32;0;0;2;4;1;B01
201300043665;0;7;0;0;1;2;1;A01
201300043666;0;7;0;0;2;2;1;B01
201300043666;0;1;0;0;2;1;1;A01
201300043667;0;7;0;1;0;2;0;A01
201300043668;0;7;0;0;0;1;10;A01
201300043668;0;34;0;0;0;3;1;B01
201300043669;0;32;0;0;2;3;1;A01
201300043669;0;10;0;0;2;7;12;B01
201300043670;0;34;0;0;2;1;2;B01
201300043670;0;7;0;0;2;2;1;A01
201300043671;0;30;0;0;0;0;0;A01
201300043672;0;10;0;0;2;6;1;B01
201300043672;1;10;0;0;2;1;2;A01
201300043673;0;2;0;0;0;2;0;A01
201300043674;1;7;0;0;1;2;16;A01
201300043675;1;30;0;8;0;1;0;A01
201300043676;0;7;0;0;1;1;1;A01
201300043677;1;30;0;0;2;0;0;B01
201300043677;0;7;0;0;2;1;15;A01
201300043678;0;7;0;0;2;1;2;A01
201300043678;0;7;0;0;2;4;2;B01
201300043679;0;7;0;0;2;7;15;A01
201300043679;0;2;0;0;2;9;1;B01
201300043680;1;7;0;0;9;4;2;B01
201300043680;0;2;0;0;2;1;2;A01
201300043681;0;2;0;12;0;1;1;A01
201300043682;0;1;0;1;0;1;1;B01
201300043682;0;7;0;0;2;8;22;A01
201300043683;0;7;0;0;2;3;15;A01
201300043683;0;34;0;0;2;3;1;B01
201300043684;0;7;0;0;2;0;9;B01
201300043684;0;7;0;0;2;1;9;A01
201300043685;0;7;0;0;2;1;0;A01
201300043685;0;7;0;0;2;4;3;B01
201300043686;0;7;0;13;0;1;13;A01
201300043687;1;7;0;0;1;1;1;A01
201300043688;0;7;0;0;0;5;2;B01
201300043688;0;7;0;0;0;3;2;A01
201300043689;0;3;0;9;0;1;1;A01
201300043690;0;33;0;0;2;7;5;A01
201300043690;0;7;0;0;2;1;0;B01
201300043691;0;7;0;0;1;0;21;A01
201300043692;0;33;0;1;2;8;1;A01
201300043692;0;7;0;0;2;1;19;B01
201300043693;1;10;0;0;1;1;1;A01
201300043694;0;10;0;0;2;3;15;A01
201300043694;0;33;0;0;2;3;1;B01
201300043695;0;31;0;0;2;1;1;B01
201300043695;0;7;0;0;2;7;16;A01
201300043696;0;10;0;0;2;1;1;A01
201300043696;0;7;0;0;0;8;15;B01
201300043697;0;7;0;0;2;4;2;B01
201300043697;1;7;0;0;2;1;2;C01
201300043697;0;7;0;0;2;4;2;A01
201300043698;0;7;0;0;0;6;0;B01
201300043698;0;7;0;8;0;1;2;A01
201300043699;0;7;0;0;0;1;1;A01
201300043699;0;7;0;0;0;4;0;B01
201300043700;0;30;0;1;2;1;17;A01
201300043700;0;7;0;0;2;8;15;B01
201300043701;0;7;0;0;0;5;15;A01
201300043701;0;34;0;0;2;1;1;B01
201300043702;0;7;0;0;1;2;2;A01
201300043703;0;34;0;0;2;7;3;B01
201300043703;0;7;0;0;2;3;15;A01
201300043704;0;7;0;8;0;2;1;A01
201300043705;0;30;0;0;0;0;0;A01
201300043705;0;7;0;0;2;3;1;B01
201300043706;0;7;0;0;2;7;16;B01
201300043706;0;32;0;0;2;1;19;A01
201300043707;0;32;0;0;2;1;2;A01
201300043707;0;7;0;0;2;4;2;B01
201300043708;0;7;0;0;2;5;1;B01
201300043708;0;7;0;0;2;0;9;A01
201300043709;0;7;0;0;2;1;0;A01
201300043709;0;1;0;0;2;0;0;B01
201300043710;0;7;0;0;0;8;2;A01
201300043710;0;30;0;0;2;2;2;B01
201300043711;0;10;0;1;0;2;1;A01
201300043712;0;33;0;0;2;1;1;B01
201300043712;0;7;0;0;2;8;9;A01
201300043713;1;7;0;0;1;1;1;Z01
201300043714;0;7;0;1;0;1;0;A01
201300043715;0;7;0;0;1;1;1;A01
201300043716;0;7;0;0;2;2;16;B01
201300043716;0;1;0;0;2;8;1;A01
201300043717;0;7;0;0;2;2;10;A01
201300043717;0;34;0;0;2;1;17;B01
201300043718;0;7;0;1;0;1;2;A01
201300043719;1;7;0;0;1;3;1;Z01
201300043720;0;31;0;0;0;1;2;B01
201300043720;0;7;0;0;2;7;15;A01
201300043721;0;7;0;0;2;1;11;A01
201300043721;0;7;0;0;2;8;1;B01
201300043722;0;37;1;0;2;3;1;B01
201300043722;0;7;0;0;2;3;1;A01
201300043723;0;7;0;0;0;2;1;B01
201300043723;0;32;0;0;0;3;1;A01
201300043724;0;2;0;0;2;2;17;A01
201300043724;0;7;0;0;2;6;15;B01
201300043725;0;10;0;0;2;2;22;A01
201300043725;0;34;0;0;2;3;18;B01
201300043726;0;37;0;0;1;5;1;A01
201300043727;0;7;0;0;1;7;1;A01
201300043728;0;30;0;0;1;1;0;A01
201300043729;0;7;0;0;1;4;0;A01
201300043730;0;7;0;0;2;5;15;A01
201300043730;0;2;0;0;2;1;1;B01
201300043731;0;7;0;8;0;4;0;A01
201300043732;0;30;0;0;2;1;2;B01
201300043732;0;10;0;0;2;8;15;A01
201300043733;0;7;0;0;1;1;1;A01
201300043734;0;7;0;9;0;9;1;A01
201300043735;0;1;0;0;1;1;1;A01
201300043736;0;2;0;0;2;1;2;B01
201300043736;0;7;0;0;2;1;15;A01
201300043737;0;10;0;0;1;6;4;A01
201300043738;0;7;0;0;2;2;15;A01
201300043738;0;17;0;0;2;3;2;B01
201300043739;0;7;0;0;2;1;0;B01
201300043739;0;7;0;0;2;1;1;A01
201300043740;0;7;0;0;1;1;2;A01
201300043741;1;2;0;0;1;0;3;Z01
201300043742;0;7;0;0;2;1;2;A01
201300043742;0;7;0;0;2;4;2;B01
201300043743;0;2;0;0;2;1;1;B01
201300043743;0;7;0;0;2;2;10;A01
201300043744;0;7;0;0;0;1;0;A01
201300043745;0;7;0;0;2;1;15;A01
201300043745;0;34;0;0;2;8;1;B01
201300043746;0;32;0;0;0;8;2;A01
201300043747;0;31;0;0;1;1;1;A01
201300043748;0;7;0;0;2;3;2;A01
201300043748;0;1;0;0;2;6;0;B01
201300043749;0;7;0;6;0;1;2;A01
201300043750;0;1;0;0;0;1;0;A01
201300043750;0;7;0;0;0;0;0;B01
201300043751;0;7;0;0;9;3;15;A01
201300043751;0;1;0;0;2;0;0;B01
201300043752;0;7;0;0;2;3;15;A01
201300043752;1;7;0;0;2;0;0;Z01
201300043753;0;7;0;0;2;2;2;A01
201300043753;0;30;0;0;2;6;1;B01
201300043754;1;7;0;0;1;0;0;Z01
201300043755;0;7;0;0;2;3;0;B01
201300043755;0;7;0;0;2;3;3;A01
201300043756;0;7;0;0;2;7;12;A01
201300043756;0;7;0;0;2;3;1;B01
201300043757;0;7;0;0;1;1;1;A01
201300043758;0;2;0;0;1;1;17;A01
201300043759;0;7;0;0;1;3;0;A01
201300043760;0;7;0;0;2;2;17;A01
201300043760;0;16;0;0;2;3;19;B01
201300043761;0;33;0;0;0;8;1;A01
201300043762;0;7;0;0;2;3;15;A01
201300043762;0;7;0;0;0;1;0;B01
201300043763;0;1;0;0;2;1;1;B01
201300043763;0;7;0;0;2;5;19;A01
201300043764;0;30;0;0;0;1;0;A01
201300043765;0;30;0;0;2;1;1;A01
201300043765;0;7;0;0;2;3;15;B01
201300043766;0;7;0;0;2;1;1;B01
201300043766;0;7;0;0;2;2;1;A01
201300043767;0;7;0;0;2;3;15;B01
201300043767;0;7;0;0;2;1;1;A01
201300043768;0;7;0;0;1;2;0;A01
201300043769;0;7;0;0;2;2;19;A01
201300043769;0;7;0;0;2;3;1;B01
201300043770;0;7;0;0;1;1;0;A01
201300043771;0;7;0;0;1;1;1;A01
201300043772;0;7;0;1;2;2;2;A01
201300043773;0;33;0;15;0;2;14;A01
201300043774;0;37;0;0;1;2;2;A01
201300043775;0;7;0;0;1;2;23;A01
201300043776;0;7;0;2;0;1;2;A01
201300043777;0;15;0;0;2;2;1;B01
201300043777;0;7;0;0;2;4;1;C01
201300043777;0;33;0;0;2;3;3;A01
201300043778;0;3;0;0;0;1;1;A01
201300043778;0;34;0;0;0;8;6;B01
201300043779;0;7;0;0;2;1;5;A01
201300043779;0;7;0;0;2;1;0;B01
201300043780;0;14;0;0;1;8;0;A01
201300043781;0;14;0;0;0;0;16;B01
201300043781;0;7;0;8;0;1;21;A01
201300043782;0;7;0;0;2;7;0;B01
201300043782;0;33;0;0;2;1;0;A01
201300043783;0;7;0;0;2;1;15;B01
201300043783;0;7;0;0;2;1;2;A01
201300043784;0;7;0;0;2;1;1;A01
201300043784;0;7;0;0;0;8;1;B01
201300043785;0;7;0;0;2;0;0;A01
201300043785;0;32;0;0;2;0;0;B01
201300043786;0;10;0;0;2;1;1;A01
201300043786;0;7;0;0;0;7;19;B01
201300043787;0;7;0;0;2;1;5;A01
201300043787;0;14;0;0;2;1;1;B01
201300043788;1;7;0;0;1;1;16;A01
201300043789;0;32;0;0;2;9;2;B01
201300043789;0;7;0;0;2;2;12;A01
201300043790;0;7;0;0;2;1;1;A01
201300043790;0;7;0;0;2;7;9;B01
201300043791;0;1;0;0;2;8;1;A02
201300043791;1;7;0;0;2;7;22;A01
201300043792;0;7;0;0;1;1;0;A01
201300043793;0;2;0;0;1;0;1;A01
201300043794;0;10;0;3;0;1;9;A01
201300043795;0;7;0;0;2;1;2;A01
201300043795;0;37;44;0;2;4;2;B01
201300043796;0;7;0;0;0;1;1;A01
201300043797;0;7;0;0;1;1;16;A01
201300043798;0;33;0;0;2;1;2;A01
201300043798;0;7;0;0;2;4;2;B01
201300043799;0;10;0;0;2;2;2;A01
201300043799;0;10;0;0;2;6;1;B01
201300043800;0;7;0;0;2;6;0;A01
201300043800;0;7;0;0;2;2;0;B01
201300043801;0;7;0;4;0;2;16;A01
201300043802;0;10;0;0;2;1;2;A01
201300043802;0;7;0;0;0;6;1;B01
201300043803;0;7;0;0;2;3;15;B01
201300043803;0;33;0;14;2;2;13;A01
201300043804;0;33;0;0;0;8;1;A01
201300043805;0;7;0;0;0;2;1;B01
201300043805;0;7;0;0;2;2;1;A01
201300043806;0;10;0;0;0;2;10;A01
201300043806;0;7;0;0;2;3;1;B01
201300043807;0;7;0;0;0;4;23;C01
201300043807;0;7;0;0;2;1;1;A01
201300043807;0;7;0;0;0;4;23;B01
201300043808;0;1;0;0;0;2;2;B01
201300043808;0;7;0;0;0;2;17;A01
201300043809;0;7;0;0;1;3;1;A01
201300043810;0;14;0;0;2;1;0;B01
201300043810;0;7;0;0;2;1;0;A01
201300043811;0;7;0;1;1;2;1;A01
201300043812;0;7;0;0;2;1;2;A01
201300043812;0;7;0;0;0;4;2;B01
201300043813;0;14;0;0;2;1;1;A01
201300043813;0;7;0;0;0;4;2;B01
201300043814;0;1;0;0;0;3;0;B01
201300043814;0;13;0;0;0;7;0;A01
201300043815;0;7;0;0;2;3;1;B01
201300043815;0;99;0;0;2;1;1;A01
201300043816;0;7;0;0;1;1;0;A01
201300043817;0;7;0;0;2;2;2;A01
201300043817;0;7;0;0;0;6;2;B01
201300043818;0;7;0;0;2;1;1;A01
201300043818;0;10;0;0;2;1;1;B01
201300043819;0;34;0;0;0;1;0;A01
201300043819;0;7;0;0;0;4;0;B01
201300043820;0;33;0;0;1;1;1;A01
201300043821;0;7;0;0;2;5;2;C01
201300043821;0;7;0;0;2;1;2;A01
201300043821;0;33;0;0;2;4;2;B01
201300043821;0;37;1;0;2;8;1;D01
201300043822;0;33;0;0;2;7;0;A01
201300043822;0;7;0;0;2;2;15;B01
201300043823;0;7;0;0;2;1;0;B01
201300043823;0;7;0;15;2;3;1;A01
201300043824;0;7;0;0;2;8;2;B01
201300043824;0;7;0;0;2;1;2;A01
201300043825;0;7;0;0;0;4;0;C01
201300043825;0;7;0;0;0;1;0;A01
201300043825;0;7;0;0;0;4;0;B01
201300043826;0;7;0;0;2;1;2;A01
201300043826;0;7;0;0;2;4;2;B01
201300043827;1;7;0;0;2;1;17;A01
201300043827;0;7;0;0;2;4;23;B01
201300043827;0;7;0;0;2;3;23;C01
201300043828;0;37;0;0;2;4;23;B01
201300043828;0;7;0;0;2;1;2;A01
201300043829;0;7;0;0;2;2;15;A01
201300043829;0;36;0;0;2;3;2;B01
201300043830;1;7;0;0;2;2;0;Z01
201300043830;0;30;0;0;2;8;3;B01
201300043831;0;33;0;4;2;7;0;A01
201300043831;0;7;0;0;0;7;0;B01
201300043832;0;7;0;0;1;0;0;A01
201300043833;0;7;0;0;2;8;2;B01
201300043833;0;20;0;0;2;1;2;A01
201300043834;0;7;0;0;2;2;15;A01
201300043834;0;34;0;0;2;1;1;B01
201300043835;0;7;0;0;2;1;9;A01
201300043835;0;10;0;0;2;3;13;B01
201300043836;0;7;0;0;2;9;2;B01
201300043836;0;10;0;0;2;3;2;A01
201300043836;0;7;0;0;2;4;2;C01
201300043837;0;7;0;0;2;2;2;A01
201300043837;0;7;0;0;2;6;1;B01
201300043838;0;34;0;0;0;0;16;A01
201300043839;0;7;0;4;0;3;13;A01
201300043840;0;33;0;0;0;7;1;A01
201300043841;1;7;0;0;1;3;1;Z01
201300043842;0;7;0;0;2;3;9;A01
201300043842;0;33;0;0;2;1;2;B01
201300043843;0;37;1;0;1;7;1;A01
201300043844;0;33;0;0;2;1;9;A01
201300043844;0;7;0;0;2;2;1;B01
201300043845;0;7;0;0;2;1;1;A01
201300043845;0;7;0;0;2;8;15;B01
201300043846;0;10;0;0;1;1;1;A01
201300043847;0;7;0;2;0;1;1;A01
201300043848;0;7;0;0;2;2;1;A01
201300043848;0;7;0;0;2;3;1;B01
201300043849;0;7;0;0;2;8;0;A01
201300043849;0;32;0;0;2;7;0;B01
201300043850;0;7;0;0;0;1;1;B01
201300043850;0;7;0;0;0;6;9;A01
201300043851;0;2;0;12;2;1;18;A01
201300043851;0;7;0;12;2;5;1;B01
201300043852;0;17;0;12;0;8;15;A01
201300043853;0;33;0;0;2;1;2;A01
201300043853;0;33;0;0;2;4;2;B01
201300043854;0;7;0;0;0;1;1;A01
201300043855;0;2;0;0;0;0;0;A01
201300043856;0;7;0;14;0;9;0;C01
201300043856;0;7;0;14;0;1;2;A01
201300043856;0;7;0;0;0;4;0;D01
201300043856;0;7;0;14;0;9;0;B01
201300043857;0;17;0;0;2;3;2;A01
201300043857;0;7;0;0;2;5;2;B01
201300043858;0;7;0;0;1;1;2;A01
201300043859;0;7;0;0;1;2;1;A01
201300043860;0;7;0;0;2;1;15;A01
201300043860;0;33;0;0;2;1;1;B01
201300043861;0;7;0;0;1;7;1;A01
201300043862;0;7;0;0;2;2;19;A01
201300043862;0;7;0;0;2;3;1;B01
201300043863;0;7;0;4;0;1;1;A01
201300043864;0;10;0;0;2;7;1;A01
201300043864;0;32;0;0;2;2;1;B01
201300043865;0;32;0;0;0;1;0;A01
201300043866;0;10;0;0;1;3;1;A01
201300043867;0;7;0;0;2;3;15;A01
201300043867;0;30;0;0;2;1;1;B01
201300043868;0;7;0;6;0;1;20;A01
201300043869;0;33;0;0;0;8;2;A01
201300043870;0;7;0;0;1;1;1;A01
201300043871;0;7;0;0;2;1;1;B02
201300043871;0;7;0;0;2;6;1;A01
201300043872;0;37;0;0;1;2;7;A01
201300043873;0;7;0;0;2;3;1;A01
201300043873;0;1;0;0;2;1;1;B01
201300043874;0;7;0;0;2;3;11;A01
201300043874;0;33;0;0;2;7;3;B01
201300043875;0;7;0;0;2;2;0;A01
201300043875;0;10;0;0;2;3;0;B01
201300043876;0;20;0;0;1;5;5;A01
201300043877;0;7;0;0;1;7;17;A01
201300043878;0;7;0;0;2;3;1;A01
201300043878;0;7;0;0;2;3;15;B01
201300043879;0;7;0;0;1;2;0;A01
201300043880;1;7;0;0;1;1;15;A01
201300043881;0;30;0;0;2;1;0;A01
201300043881;0;10;0;0;0;4;1;B01
201300043882;0;7;0;0;0;0;0;A01
201300043882;0;7;0;0;0;0;0;B01
201300043883;0;10;0;0;2;6;0;B01
201300043883;0;7;0;0;2;1;0;A01
201300043884;0;33;0;0;2;1;1;B01
201300043884;0;7;0;0;2;8;10;A01
201300043885;0;34;0;0;0;7;0;A01
201300043886;0;99;0;1;0;1;5;A01
201300043887;0;7;0;0;2;2;1;B01
201300043887;0;7;0;0;2;2;9;A01
201300043888;0;7;0;0;2;3;17;A01
201300043888;0;37;0;1;2;2;21;B01
201300043888;0;7;0;0;2;3;1;C01
201300043889;0;7;0;0;1;7;0;A01
201300043890;0;7;0;0;0;5;15;A01
201300043890;0;34;0;0;2;1;1;B01
201300043891;0;32;0;0;2;7;1;A01
201300043891;0;7;0;0;2;1;15;B01
201300043892;0;7;0;0;1;1;16;A01
201300043893;0;7;0;0;2;1;0;A01
201300043893;0;7;0;0;2;4;0;B01