num_acc;senc;catv;occutc;obs;obsm;choc;manv;num_veh
201300043894;0;10;0;3;0;3;0;A01
201300043895;0;7;0;0;0;4;23;C01
201300043895;0;7;0;0;2;1;2;A01
201300043895;0;7;0;0;2;4;23;B01
201300043896;0;7;0;0;2;4;1;C01
201300043896;0;7;0;0;2;1;2;A01
201300043896;0;7;0;0;2;4;2;B01
201300043897;0;7;0;12;2;1;2;A01
201300043897;0;1;0;0;0;4;2;B01
201300043898;1;99;0;0;1;3;1;A01
201300043899;0;31;0;0;2;1;1;A01
201300043899;0;7;0;0;2;5;23;B01
201300043900;1;33;0;0;2;1;1;B01
201300043900;0;10;0;0;2;5;15;A01
201300043901;0;31;0;0;2;0;21;A01
201300043902;0;7;0;0;1;1;1;A01
201300043903;0;7;0;0;0;2;15;A01
201300043903;0;7;0;0;0;1;1;B01
201300043904;0;7;0;0;2;2;15;A01
201300043904;0;7;0;0;2;1;1;B01
201300043905;0;7;0;0;2;6;17;A01
201300043905;0;33;0;0;2;1;1;B01
201300043906;0;7;0;0;0;6;16;A01
201300043906;0;7;0;0;0;3;2;B01
201300043907;0;7;0;0;2;8;15;A01
201300043907;0;1;0;0;2;1;2;B01
201300043908;0;7;0;0;2;5;15;A01
201300043908;0;32;0;0;2;1;2;B01
201300043909;0;7;0;0;0;5;2;B01
201300043909;0;10;0;0;0;3;2;A01
201300043910;0;7;0;0;2;1;2;B01
201300043910;0;7;0;0;2;8;2;A01
201300043911;0;33;0;0;2;1;1;B01
201300043911;0;7;0;0;2;3;15;A01
201300043912;0;7;0;0;2;1;0;B01
201300043912;0;7;0;0;2;7;0;A01
201300043913;0;7;0;0;0;7;10;A01
201300043913;0;33;0;0;2;1;1;B01
201300043914;0;7;0;0;1;2;9;A01
201300043915;0;33;0;0;1;2;2;A01
201300043916;0;7;0;0;4;1;19;A01
201300043916;0;40;0;0;2;1;0;B01
201300043917;0;7;0;0;1;3;16;A01
201300043918;0;7;0;0;2;2;14;A01
201300043918;0;99;0;0;0;6;1;B01
201300043919;0;7;0;1;0;2;5;A01
201300043920;0;32;0;0;0;1;0;A01
201300043921;0;7;0;1;2;7;1;B01
201300043921;0;15;0;0;2;2;19;A01
201300043922;0;10;0;0;1;1;1;A01
201300043923;0;7;0;0;2;3;2;B01
201300043923;0;30;0;0;2;1;2;A01
201300043924;0;30;0;0;2;7;17;B01
201300043924;0;10;0;0;2;3;10;A01
201300043925;0;34;0;0;1;2;13;A01
201300043926;0;7;0;1;0;3;0;A01
201300043927;0;7;0;0;1;7;1;A01
201300043928;0;34;0;0;0;7;0;A01
201300043929;0;33;0;0;2;3;0;B01
201300043929;0;7;0;0;2;2;15;A01
201300043930;0;7;0;10;0;2;15;A01
201300043931;0;32;0;0;2;1;1;B01
201300043931;1;7;0;0;2;5;4;A01
201300043932;0;7;0;0;2;0;1;B01
201300043932;0;7;0;0;2;0;15;A01
201300043933;0;7;0;4;0;3;1;A01
201300043934;1;7;0;0;1;5;16;Z01
201300043935;0;32;0;0;2;8;9;A01
201300043935;0;7;0;0;0;1;1;B01
201300043936;0;10;0;0;2;1;17;B01
201300043936;0;7;0;0;2;3;15;A01
201300043937;0;7;0;0;0;4;0;B01
201300043937;0;7;0;0;2;1;1;A01
201300043938;0;7;0;6;0;1;13;A01
201300043939;0;7;0;1;0;2;2;A01
201300043940;0;7;0;0;2;2;12;A01
201300043940;0;34;0;0;2;1;1;B01
201300043941;0;33;0;0;0;1;23;B01
201300043941;0;7;0;0;0;4;4;A01
201300043942;0;7;0;0;1;3;1;A01
201300043943;0;33;0;0;1;0;21;A01
201300043944;1;7;0;0;1;1;15;A01
201300043945;0;32;0;0;2;7;23;B01
201300043945;0;7;0;0;2;6;4;A01
201300043946;0;33;0;1;0;1;1;A01
201300043947;0;1;0;1;0;1;1;B01
201300043947;0;7;0;0;0;8;24;A01
201300043948;0;37;15;0;2;1;1;A01
201300043948;0;7;0;0;2;7;16;B01
201300043949;0;7;0;0;2;4;1;B01
201300043949;1;7;0;0;2;1;2;A01
201300043950;0;7;0;8;0;2;21;A01
201300043951;0;32;0;0;2;1;1;B01
201300043951;0;7;0;0;2;7;15;A01
201300043952;0;30;0;0;1;1;21;A01
201300043953;0;7;0;1;0;1;3;A01
201300043954;0;31;0;0;2;3;2;B01
201300043954;1;7;0;0;2;2;17;A01
201300043955;0;7;0;3;0;2;15;A01
201300043956;0;7;0;15;0;1;2;A01
201300043957;0;7;0;0;1;1;15;A01
201300043958;0;7;0;0;2;8;2;B01
201300043958;0;14;0;0;2;5;2;A01
201300043959;0;10;0;0;2;3;0;A01
201300043959;0;2;0;0;2;8;0;B01
201300043960;0;1;0;0;2;3;1;A01
201300043960;0;38;1;0;9;2;2;B01
201300043961;0;2;0;0;2;3;1;A01
201300043961;0;7;0;0;2;2;12;B01
201300043962;0;31;0;1;0;7;19;A01
201300043963;0;7;0;15;0;8;15;A01
201300043964;0;7;0;0;2;1;1;A01
201300043964;0;7;0;0;2;7;1;B01
201300043965;0;7;0;0;2;1;2;A01
201300043965;0;7;0;0;0;4;1;B01
201300043966;0;2;0;0;1;1;1;A01
201300043967;0;7;0;0;2;5;23;B01
201300043967;0;31;0;0;2;1;2;A01
201300043968;1;7;0;0;1;7;1;A01
201300043969;0;34;0;0;2;2;1;B01
201300043969;0;7;0;0;2;6;11;A01
201300043970;0;33;0;0;2;1;1;A01
201300043970;0;7;0;0;2;2;15;B01
201300043971;0;34;0;0;1;1;5;A01
201300043972;0;7;0;0;1;6;4;A01
201300043973;0;7;0;0;1;1;1;A01
201300043974;0;7;0;0;1;5;1;A01
201300043975;0;7;0;0;1;2;0;A01
201300043976;0;31;0;1;0;1;18;A01
201300043976;0;10;0;0;2;7;23;B01
201300043977;0;7;0;0;1;2;1;A01
201300043978;0;7;0;0;0;4;11;B01
201300043978;0;33;0;0;2;1;2;A01
201300043979;0;33;0;1;2;2;17;B01
201300043979;0;7;0;0;2;8;20;A01
201300043980;0;14;0;0;2;1;1;A01
201300043980;0;10;0;0;2;3;15;B01
201300043981;0;30;0;0;0;7;2;A01
201300043982;0;7;0;0;0;0;15;B01
201300043982;0;33;0;0;2;7;17;A01
201300043983;0;34;0;0;0;0;16;A01
201300043984;0;7;0;0;1;3;13;A01
201300043985;0;7;0;0;0;4;2;B01
201300043985;0;7;0;0;2;1;2;A01
201300043986;0;34;0;0;0;8;1;A01
201300043986;0;7;0;0;2;1;2;B01
201300043987;0;7;0;0;1;2;15;A01
201300043988;0;33;0;0;2;1;1;A01
201300043988;1;7;0;0;2;3;9;Z01
201300043989;0;33;0;0;1;1;3;A01
201300043990;0;7;0;1;2;7;24;C01
201300043990;0;7;0;1;0;1;2;B01
201300043990;0;7;0;0;2;1;2;A01
201300043991;0;7;0;0;1;1;1;A01
201300043992;0;7;0;0;1;0;1;A01
201300043993;0;38;1;3;0;1;0;A01
201300043994;0;7;0;0;1;0;1;A01
201300043995;0;34;0;0;2;1;0;A01
201300043995;0;7;0;0;2;1;0;B01
201300043996;0;7;0;0;1;1;1;A01
201300043997;0;37;3;0;2;2;1;B01
201300043997;0;7;0;0;2;3;15;A01
201300043998;0;7;0;0;1;8;0;A01
201300043999;0;10;0;0;0;6;0;B01
201300043999;0;33;0;14;0;1;6;A01
201300044000;0;7;0;0;2;1;1;A01
201300044000;0;1;0;0;2;7;1;B01
201300044001;0;7;0;0;1;1;0;A01
201300044002;0;7;0;0;2;3;9;B01
201300044002;0;33;0;1;2;3;17;A01
201300044003;0;7;0;0;1;3;1;A01
201300044004;0;7;0;0;2;2;15;A01
201300044004;0;7;0;0;2;3;1;B01
201300044005;0;7;0;0;2;2;13;B01
201300044005;0;32;0;0;2;1;21;A01
201300044006;0;7;0;0;1;8;1;A01
201300044007;0;7;0;0;1;1;1;A01
201300044008;0;7;0;0;2;6;23;A01
201300044008;0;2;0;0;2;1;2;B01
201300044009;0;2;0;0;0;8;17;A01
201300044010;0;7;0;0;0;1;1;A01
201300044010;0;10;0;0;0;4;1;B01
201300044011;0;7;0;0;2;5;9;A01
201300044011;0;33;0;0;2;0;1;B01
201300044012;0;7;0;9;2;2;1;B01
201300044012;0;7;0;0;2;2;15;A01
201300044013;0;37;0;0;2;2;1;B01
201300044013;0;10;0;0;2;3;15;A01
201300044014;0;31;0;0;0;0;21;A01
201300044015;0;33;0;14;0;0;1;A01
201300044016;0;10;0;9;0;2;2;A01
201300044017;0;30;0;1;0;2;13;A01
201300044017;0;10;0;0;2;6;23;B01
201300044018;0;7;0;0;2;1;1;B01
201300044018;0;7;0;0;2;1;0;A01
201300044019;0;34;0;7;2;1;1;B01
201300044019;0;34;0;2;2;1;19;A01
201300044020;0;33;0;0;1;3;1;A01
201300044021;0;7;0;0;2;3;10;B01
201300044021;0;7;0;0;2;3;1;A01
201300044022;0;7;0;0;1;2;1;A01
201300044023;0;99;0;0;1;4;4;A01
201300044024;0;7;0;0;1;1;1;A01
201300044025;0;33;0;0;0;8;2;A01
201300044026;0;7;0;0;2;2;1;A01
201300044026;0;2;0;0;2;1;1;B01
201300044027;0;7;0;0;2;1;15;A01
201300044027;0;7;0;0;2;1;1;C01
201300044027;0;7;0;15;2;1;1;B01
201300044028;0;33;0;0;2;1;1;B01
201300044028;0;7;0;0;2;2;1;A01
201300044029;0;33;0;0;2;1;3;B01
201300044029;0;7;0;0;2;1;19;A01
201300044030;0;7;0;0;9;7;9;A01
201300044030;0;1;0;0;2;1;1;B01
201300044031;0;1;0;0;0;1;1;B01
201300044031;0;7;0;1;2;3;15;A01
201300044032;0;33;0;0;2;1;1;A01
201300044032;0;7;0;0;2;3;15;B01
201300044033;0;30;0;0;2;1;1;A01
201300044033;0;7;0;0;2;6;1;B01
201300044034;0;37;0;0;2;5;15;B01
201300044034;0;7;0;0;2;1;9;A01
201300044035;0;7;0;0;2;2;10;A01
201300044035;0;2;0;0;2;7;1;B01
201300044036;0;7;0;0;1;1;1;A01
201300044037;0;7;0;0;1;1;10;A01
201300044038;0;7;0;0;1;1;1;A01
201300044039;0;7;0;1;2;1;1;A01
201300044039;0;32;0;1;2;1;15;B01
201300044040;0;7;0;0;2;1;15;A01
201300044040;0;7;0;1;2;1;1;B01
201300044041;0;7;0;0;2;1;1;A01
201300044041;0;10;0;0;2;8;15;B01
201300044042;0;7;0;0;2;3;1;B01
201300044042;0;2;0;0;2;1;1;A01
201300044043;0;10;0;0;1;2;1;A01
201300044044;0;10;0;0;0;4;23;A01
201300044044;0;7;0;0;2;1;23;B01
201300044045;0;7;0;0;2;1;1;B01
201300044045;0;10;0;0;2;6;10;A01
201300044046;0;7;0;0;2;4;16;B01
201300044046;0;7;0;0;2;1;0;A01
201300044047;0;10;0;0;1;5;4;A01
201300044048;0;30;0;0;2;7;1;B01
201300044048;0;30;0;0;2;1;13;A01
201300044049;0;7;0;0;2;2;1;A01
201300044049;0;7;0;0;2;6;23;B01
201300044050;0;10;0;0;2;2;1;B01
201300044050;0;1;0;0;2;1;1;A01
201300044051;0;1;0;0;2;1;1;B01
201300044051;0;7;0;0;2;2;1;A01
201300044052;0;7;0;0;2;1;1;A01
201300044052;0;7;0;0;2;7;15;B01
201300044053;0;34;0;0;2;7;1;A01
201300044053;0;7;0;0;2;3;20;B01
201300044054;0;37;0;1;0;2;2;A01
201300044054;0;7;0;0;9;1;24;B01
201300044055;0;33;0;0;2;1;1;B01
201300044055;0;7;0;0;2;3;15;A01
201300044056;0;7;0;0;2;4;23;B01
201300044056;0;31;0;0;2;1;1;A01
201300044057;0;30;0;0;2;9;17;A01
201300044057;0;7;0;0;2;3;15;B01
201300044058;0;7;0;0;2;6;13;A01
201300044058;0;32;0;0;2;1;17;B01
201300044059;0;7;0;0;1;1;1;A01
201300044060;0;7;0;0;2;7;15;A01
201300044060;0;31;0;0;2;1;1;B01
201300044061;0;2;0;12;0;1;0;A01
201300044062;1;7;0;0;2;3;17;Z01
201300044062;0;7;0;0;2;3;15;A01
201300044063;0;2;0;0;1;1;1;A01
201300044064;0;7;0;2;0;1;1;A01
201300044065;0;7;0;0;2;3;1;B01
201300044065;0;7;0;0;2;2;15;A01
201300044066;0;33;0;0;2;1;1;B01
201300044066;0;7;0;0;2;6;10;A01
201300044067;0;7;0;0;1;1;1;A01
201300044068;0;7;0;0;2;1;1;A01
201300044068;0;33;0;0;2;1;15;B01
201300044069;0;7;0;0;2;2;10;A01
201300044069;0;30;0;0;2;1;1;B01
201300044070;0;3;0;0;1;1;1;A01
201300044071;0;7;0;0;2;1;1;A01
201300044071;0;7;0;0;2;4;23;B01
201300044072;0;7;0;0;2;4;1;B01
201300044072;0;7;0;0;2;1;1;A01
201300044073;0;34;0;0;1;1;1;A01
201300044074;0;7;0;0;1;1;1;A01
201300044075;0;30;0;0;2;1;19;A01
201300044075;0;7;0;0;2;3;1;B01
201300044076;1;7;0;0;2;2;15;Z01
201300044076;0;30;0;0;2;1;1;A01
201300044077;0;7;0;0;1;1;1;A01
201300044078;0;34;0;0;2;8;1;B01
201300044078;0;10;0;0;2;0;15;A01
201300044079;0;7;0;0;2;7;16;A01
201300044079;0;1;0;0;2;8;18;B01
201300044080;0;7;0;0;2;1;15;A01
201300044080;0;7;0;0;2;3;1;B01
201300044081;0;7;0;0;1;1;0;A01
201300044082;0;7;0;0;2;7;15;A01
201300044082;0;7;0;0;2;1;1;B01
201300044083;0;7;0;0;2;1;1;A01
201300044083;0;32;0;0;0;4;2;B01
201300044084;0;33;0;0;2;1;3;A01
201300044084;0;7;0;0;2;3;1;B01
201300044085;0;7;0;0;1;2;2;A01
201300044086;0;7;0;0;0;4;23;C01
201300044086;0;7;0;14;2;1;2;A01
201300044086;0;7;0;0;0;4;23;B01
201300044087;0;7;0;0;2;1;2;B01
201300044087;0;7;0;0;2;6;15;A01
201300044088;0;7;0;0;2;1;1;A01
201300044088;0;7;0;0;2;7;1;B01
201300044089;0;7;0;0;1;3;15;A01
201300044090;0;7;0;0;0;3;0;A01
201300044090;0;7;0;0;0;2;1;B01
201300044091;0;10;0;0;2;3;20;A01
201300044091;0;2;0;0;2;1;2;B01
201300044092;0;7;0;0;2;1;1;A01
201300044092;0;7;0;1;2;4;1;B01
201300044093;0;7;0;0;2;2;15;A01
201300044093;0;34;0;0;2;1;1;B01
201300044094;0;10;0;0;2;5;12;A01
201300044094;0;33;0;0;2;8;1;B01
201300044095;0;30;0;0;2;7;2;B01
201300044095;0;7;0;0;2;2;1;A01
201300044096;0;7;0;0;1;1;1;A01
201300044097;0;7;0;0;0;4;23;B01
201300044097;0;7;0;14;0;1;2;A01
201300044098;0;7;0;0;2;1;2;A01
201300044098;0;7;0;0;2;4;2;B01
201300044099;0;7;0;0;0;7;10;A01
201300044099;0;33;0;0;2;1;1;B01
201300044100;0;7;0;0;0;3;19;A01
201300044100;0;33;0;0;0;8;21;B01
201300044101;0;33;0;1;1;1;1;A01
201300044102;0;7;0;0;2;4;2;C01
201300044102;0;7;0;0;2;1;2;A01
201300044102;0;7;0;0;2;4;2;B01
201300044103;0;7;0;0;2;1;15;A01
201300044103;1;37;30;0;2;1;2;B01
201300044104;0;7;0;0;1;1;1;A01
201300044105;0;7;0;1;0;1;23;A01
201300044105;0;7;0;0;0;4;23;B01
201300044106;0;7;0;0;1;7;2;A01
201300044107;0;7;0;0;1;4;20;A01
201300044108;0;7;0;0;1;1;15;A01
201300044109;0;7;0;1;1;4;4;A01
201300044110;0;7;0;0;1;1;1;A01
201300044111;0;7;0;0;2;1;1;B01
201300044111;0;33;0;0;2;2;15;A01
201300044112;0;32;0;0;2;3;0;A01
201300044112;0;10;0;0;2;3;2;B01
201300044113;0;7;0;0;2;2;2;A01
201300044113;0;7;0;0;0;6;16;B01
201300044114;0;7;0;0;1;6;24;A01
201300044115;0;7;0;0;1;1;1;A01
201300044116;0;7;0;0;1;0;0;A01
201300044117;0;7;0;0;0;4;23;C01
201300044117;0;7;0;0;2;1;2;A01
201300044117;0;7;0;0;2;4;23;B01
201300044118;0;7;0;0;2;3;10;A01
201300044118;0;33;0;0;2;2;1;B01
201300044119;0;7;0;8;0;1;2;A01
201300044120;0;7;0;0;2;1;2;A01
201300044120;0;7;0;0;0;7;2;B01
201300044121;0;99;0;0;1;2;1;A01
201300044122;0;7;0;0;2;3;15;A01
201300044122;0;31;0;0;2;1;1;B01
201300044123;0;99;0;0;2;3;1;A01
201300044123;0;7;0;0;0;3;15;B01
201300044124;0;7;0;0;0;4;1;A01
201300044124;0;2;0;0;0;1;2;B01
201300044125;1;30;0;0;0;0;0;A01
201300044125;0;1;0;0;0;0;0;B01
201300044126;0;7;0;0;0;2;15;A01
201300044126;0;1;0;0;0;0;1;B01
201300044127;1;7;0;0;2;7;14;B01
201300044127;0;33;0;0;2;8;1;A01
201300044128;0;2;0;0;2;6;15;A01
201300044128;0;7;0;0;2;1;16;B01
201300044129;0;7;0;0;1;3;1;A01
201300044130;0;30;0;0;2;2;13;B01
201300044130;0;7;0;0;0;3;15;A01
201300044131;0;7;0;0;0;7;2;C01
201300044131;0;7;0;0;0;8;2;B01
201300044131;0;31;0;0;2;7;2;A01
201300044132;0;7;0;0;1;1;2;A01
201300044133;1;7;0;0;1;0;1;Z01
201300044134;0;7;0;0;2;5;15;B01
201300044134;0;33;0;0;2;1;2;A01
201300044135;0;7;0;0;1;2;1;A01
201300044136;0;7;0;0;1;0;24;B01
201300044137;0;7;0;0;2;3;2;A01
201300044137;0;7;0;0;2;5;2;B01
201300044138;0;7;0;0;0;3;2;A01
201300044138;0;2;0;0;0;5;17;B01
201300044139;1;7;0;0;1;0;1;Z01
201300044140;0;7;0;0;2;6;2;B01
201300044140;0;33;0;14;0;2;2;A01
201300044141;0;7;0;0;1;1;2;A01
201300044142;0;33;0;0;0;1;1;A01
201300044142;0;14;0;0;0;3;15;B01
201300044143;0;7;0;0;1;1;2;A01
201300044144;0;7;0;0;0;1;1;A01
201300044144;0;32;0;0;0;3;1;B01
201300044145;0;7;0;0;0;2;1;A01
201300044145;0;2;0;0;2;1;16;B01
201300044146;0;7;0;0;2;1;2;B01
201300044146;0;7;0;0;2;1;1;A01
201300044147;0;7;0;0;0;4;23;B01
201300044147;0;7;0;0;2;1;0;A01
201300044148;0;7;0;0;2;1;2;A01
201300044148;0;7;0;0;0;4;2;B01
201300044149;0;2;0;0;2;8;1;B01
201300044149;0;7;0;0;2;2;1;A01
201300044150;0;7;0;0;1;3;15;A01
201300044151;0;1;0;0;2;7;1;B01
201300044151;0;7;0;0;9;3;14;A01
201300044152;0;7;0;0;2;1;15;A01
201300044152;0;7;0;0;2;8;1;B01
201300044153;0;2;0;0;0;8;9;A01
201300044153;0;1;0;0;0;1;1;B01
201300044154;0;32;0;0;2;1;19;B01
201300044154;0;7;0;0;0;2;15;A01
201300044155;0;33;0;0;2;1;1;A01
201300044155;0;33;0;0;0;1;1;B01
201300044156;0;10;0;0;1;1;15;A01
201300044157;0;15;0;0;2;1;2;B01
201300044157;0;7;0;0;0;4;16;A01
201300044158;0;7;0;0;2;2;2;C01
201300044158;0;33;0;0;2;1;1;B01
201300044158;0;7;0;0;2;5;15;A01
201300044159;0;2;0;0;2;3;2;B01
201300044159;0;3;0;0;2;3;15;A01
201300044160;0;1;0;0;0;1;1;A01
201300044160;0;1;0;0;0;0;1;B01
201300044161;0;1;0;0;2;8;19;B01
201300044161;0;7;0;0;2;1;16;A01
201300044162;0;7;0;0;2;1;1;A01
201300044162;0;7;0;0;2;4;23;B01
201300044163;0;2;0;0;2;1;1;A01
201300044163;0;7;0;0;2;6;15;B01
201300044164;0;7;0;0;2;3;1;B01
201300044164;0;7;0;0;2;1;15;A01
201300044165;0;7;0;0;2;2;1;A01
201300044165;0;7;0;0;2;3;1;B01
201300044166;0;33;0;0;2;1;1;B01
201300044166;0;7;0;0;2;3;10;A01
201300044167;0;10;0;0;2;1;17;A01
201300044167;0;7;0;0;2;6;23;B01
201300044168;0;2;0;0;2;8;13;A01
201300044168;0;7;0;0;2;8;1;B01
201300044169;0;7;0;0;2;3;5;A01
201300044169;0;1;0;0;2;1;1;B01
201300044170;0;7;0;0;2;4;23;B01
201300044170;0;10;0;0;2;1;2;A01
201300044171;0;1;0;0;1;1;1;A01
201300044172;0;7;0;0;2;3;15;A01
201300044172;0;33;0;0;2;1;17;B01
201300044173;0;1;0;0;2;8;1;B01
201300044173;0;10;0;0;2;5;16;A01
201300044174;1;7;0;0;1;4;4;Z01
201300044175;0;1;0;0;2;1;2;B01
201300044175;0;7;0;0;0;3;10;A01
201300044176;0;2;0;0;2;1;2;A01
201300044176;0;7;0;0;2;6;2;B01
201300044177;0;7;0;0;5;2;1;A01
201300044178;0;7;0;0;1;2;16;A01
201300044179;0;7;0;0;1;3;2;A01
201300044180;0;7;0;0;2;2;9;A01
201300044180;0;7;0;0;2;3;1;B01
201300044181;0;10;0;0;2;1;20;A01
201300044181;0;1;0;0;2;1;9;B01
201300044182;0;7;0;0;1;1;2;A01
201300044183;0;7;0;1;0;3;2;A01
201300044184;1;7;0;0;2;1;2;A01
201300044184;0;7;0;0;2;3;2;B01
201300044185;0;3;0;0;2;4;2;B01
201300044185;0;3;0;0;2;1;2;A01
201300044185;0;3;0;0;2;4;2;C01
201300044185;0;3;0;0;0;4;2;D01
201300044186;0;7;0;0;1;1;17;A01
201300044187;0;1;0;0;2;1;2;B01
201300044187;0;33;0;0;2;1;2;A01
201300044188;0;1;0;0;2;7;1;B01
201300044188;0;7;0;0;9;1;1;A01
201300044189;0;7;0;0;1;7;1;A01
201300044190;0;30;0;0;2;1;1;B01
201300044190;0;7;0;0;2;7;15;A01
201300044191;0;32;0;0;1;0;0;A01
201300044192;0;7;0;0;0;7;16;A01
201300044192;0;33;0;0;2;1;1;B01
201300044193;0;31;0;0;0;4;23;B01
201300044193;0;3;0;0;2;1;2;A01
201300044194;0;7;0;0;2;4;23;B01
201300044194;0;7;0;0;2;1;2;A01
201300044195;0;7;0;0;1;1;0;A01
201300044196;0;7;0;0;1;0;22;A01
201300044197;0;10;0;0;0;4;1;B01
201300044197;0;7;0;1;0;1;1;A01
201300044198;0;7;0;0;2;1;0;A01
201300044198;0;1;0;0;0;2;0;B01
201300044199;0;2;0;0;2;8;11;A01
201300044199;0;2;0;0;2;7;11;B01
201300044200;0;10;0;0;1;1;1;A01
201300044201;0;7;0;0;2;2;15;A01
201300044201;0;7;0;0;2;1;1;B01
201300044202;0;30;0;0;2;1;1;A01
201300044202;0;7;0;0;2;4;23;B01
201300044203;0;7;0;0;1;1;0;A01
201300044204;0;33;0;0;2;1;0;A01
201300044204;0;7;0;0;2;3;15;B01
201300044205;0;30;0;0;2;5;17;A01
201300044205;0;10;0;0;2;3;15;B01
201300044206;0;7;0;0;2;1;15;B01
201300044206;0;32;0;0;2;2;1;A01
201300044207;0;7;0;0;2;1;15;A01
201300044207;0;2;0;0;2;1;1;B01
201300044208;0;7;0;1;0;1;21;A01
201300044209;0;7;0;0;2;7;1;A01
201300044209;0;7;0;0;2;1;15;B01
201300044210;0;7;0;0;2;3;13;A01
201300044210;0;1;0;0;2;2;1;B01
201300044211;0;7;0;0;2;1;1;A01
201300044211;0;7;0;0;2;4;1;B01
201300044212;0;10;0;0;1;4;4;A01
201300044213;0;7;0;0;2;1;15;A01
201300044213;0;7;0;0;2;8;1;B01
201300044214;0;7;0;0;2;1;15;B01
201300044214;0;7;0;0;2;7;1;A01
201300044215;0;2;0;0;2;1;5;A01
201300044215;0;7;0;0;2;1;1;B01
201300044216;0;7;0;8;2;1;1;B01
201300044216;0;7;0;8;2;1;1;A01
201300044217;0;33;0;0;2;1;17;A01
201300044217;0;7;0;0;2;6;15;B01
201300044218;0;7;0;0;2;2;15;A01
201300044218;0;33;0;0;2;1;1;B01
201300044219;0;33;0;0;2;8;1;B01
201300044219;0;7;0;0;2;1;15;A01
201300044220;0;99;0;0;2;0;0;A01
201300044220;0;33;0;0;2;0;0;B01
201300044221;0;7;0;0;1;1;0;A01
201300044222;0;7;0;0;2;0;0;A01
201300044222;0;33;0;0;2;0;0;B01
201300044223;0;7;0;0;1;1;0;A01
201300044224;0;31;0;1;2;1;3;B01
201300044224;0;10;0;0;2;2;0;A01
201300044225;0;7;0;0;2;3;1;B01
201300044225;0;10;0;0;2;1;1;A01
201300044226;0;7;0;1;1;3;1;A01
201300044227;0;7;0;0;2;3;16;A01
201300044227;0;7;0;0;2;6;1;B01
201300044228;0;7;0;0;2;8;23;D01
201300044228;0;30;0;0;2;8;23;B01
201300044228;0;7;0;0;2;1;1;C01
201300044228;0;7;0;0;2;1;15;A01
201300044229;0;7;0;0;0;0;14;C01
201300044229;0;32;0;0;2;8;0;A01
201300044229;0;7;0;0;2;7;0;B01
201300044230;0;33;0;0;0;0;0;B01
201300044230;0;33;0;0;0;0;0;A01
201300044231;0;34;0;0;2;1;0;A01
201300044231;0;7;0;0;2;5;0;B01
201300044232;0;7;0;0;1;0;0;A01
201300044233;0;7;0;0;1;7;0;A01
201300044234;0;33;0;0;1;0;1;A01
201300044235;0;7;0;0;2;7;0;A01
201300044235;0;7;0;0;2;1;1;B01
201300044236;0;33;0;0;2;2;17;A01
201300044236;0;7;0;0;2;8;15;B01
201300044237;0;7;0;0;2;8;9;B01
201300044237;0;30;0;0;2;1;1;A01
201300044238;0;7;0;0;2;1;0;B01
201300044238;0;30;0;0;2;8;0;A01
201300044239;0;33;0;0;2;1;0;A01
201300044239;0;7;0;0;2;4;0;C01
201300044239;0;7;0;0;2;1;0;B01
201300044240;0;33;0;0;2;7;0;B01
201300044240;0;7;0;0;2;8;20;A01
201300044241;0;7;0;0;1;0;0;A01
201300044242;0;2;0;0;2;7;1;A01
201300044242;0;7;0;0;2;1;1;B01
201300044243;0;7;0;0;2;2;15;A01
201300044243;0;32;0;0;2;1;1;B01
201300044244;0;31;0;0;1;2;1;A01
201300044245;0;7;0;0;1;8;0;A01
201300044246;0;7;0;0;1;1;1;A01
201300044247;0;7;0;0;2;1;0;B01
201300044247;0;7;0;0;2;5;0;A01
201300044248;0;33;0;1;0;0;0;B01
201300044248;0;10;0;0;2;8;0;A01
201300044249;0;33;0;0;2;1;1;B01
201300044249;0;7;0;0;2;3;15;A01
201300044250;0;7;0;0;2;1;2;A01
201300044250;0;7;0;0;2;4;1;B01
201300044251;0;31;0;0;2;1;1;B01
201300044251;0;7;0;0;2;7;1;A01
201300044252;0;7;0;0;1;1;1;A01
201300044253;0;7;0;0;2;3;1;B01
201300044253;0;7;0;0;2;2;15;A01
201300044254;0;33;0;0;2;1;0;B01
201300044254;0;7;0;0;2;1;15;A01
201300044255;0;7;0;0;1;1;0;A01
201300044256;0;7;0;0;2;1;1;A01
201300044256;0;7;0;0;2;1;1;B01
201300044257;0;32;0;0;2;1;1;B01
201300044257;0;7;0;0;2;5;1;A01
201300044258;0;10;0;0;2;2;1;A01
201300044258;0;37;0;0;2;3;1;B01
201300044259;0;7;0;0;2;3;2;B01
201300044259;0;7;0;0;2;1;1;A01
201300044260;0;7;0;0;2;1;1;A01
201300044260;0;7;0;0;2;4;23;B01
201300044261;0;7;0;0;1;1;0;A01
201300044262;0;7;0;0;1;1;13;A01
201300044263;0;33;0;1;0;3;1;A01
201300044264;0;2;0;0;2;1;2;A01
201300044264;0;10;0;0;2;4;1;B01
201300044265;0;1;0;0;2;1;1;A01
201300044265;0;1;0;0;2;8;1;B01
201300044266;0;7;0;0;2;8;1;B01
201300044266;0;33;0;0;2;1;1;A01
201300044267;0;7;0;0;2;1;1;A01
201300044267;0;7;0;0;2;4;23;B01
201300044268;0;7;0;0;2;1;1;A01
201300044268;0;10;0;15;2;8;1;B01
201300044269;0;7;0;0;2;1;1;B01
201300044269;0;31;0;0;2;1;1;A01
201300044270;0;7;0;0;1;2;1;A01