num_acc;senc;catv;occutc;obs;obsm;choc;manv;num_veh
201300044271;0;7;0;8;2;8;1;B01
201300044271;0;37;0;0;2;1;1;A01
201300044272;0;7;0;0;2;1;23;B01
201300044272;0;7;0;0;1;2;16;A01
201300044273;0;7;0;0;2;2;1;C01
201300044273;0;34;0;0;1;2;1;A01
201300044273;0;7;0;0;2;8;1;B01
201300044274;0;7;0;0;1;1;2;A01
201300044275;0;7;0;0;2;1;15;A01
201300044275;0;32;0;0;2;1;1;B01
201300044276;0;7;0;0;1;1;16;A01
201300044277;0;7;0;0;1;2;1;A01
201300044278;0;2;0;0;2;7;17;A01
201300044278;0;7;0;0;2;3;15;B01
201300044279;0;7;0;0;2;3;9;B01
201300044279;0;33;0;0;2;1;17;A01
201300044280;0;3;0;1;0;1;21;A01
201300044281;0;7;0;0;2;3;15;B01
201300044281;0;33;0;0;2;1;1;A01
201300044282;0;7;0;0;2;1;15;A01
201300044282;0;30;0;0;2;1;1;B01
201300044283;0;7;0;0;2;3;1;B01
201300044283;0;2;0;0;2;7;1;A01
201300044284;0;7;0;1;2;1;15;A01
201300044284;0;1;0;0;2;1;23;B01
201300044285;0;33;0;0;2;1;1;B01
201300044285;0;7;0;1;2;3;15;A01
201300044286;0;30;0;0;2;0;0;B01
201300044286;0;7;0;0;2;0;0;A01
201300044287;0;7;0;0;2;1;15;A01
201300044287;0;31;0;0;2;1;2;B01
201300044288;0;7;0;0;2;5;10;A01
201300044288;0;2;0;0;2;1;1;B01
201300044289;0;10;0;0;2;1;1;A01
201300044289;0;31;0;0;2;1;1;B01
201300044290;0;2;0;0;2;8;1;B01
201300044290;0;7;0;0;2;3;1;C01
201300044290;1;7;0;0;2;0;0;Z01
201300044291;0;33;0;0;0;0;0;A01
201300044292;0;32;0;0;0;0;1;A01
201300044292;0;7;0;0;2;8;15;B01
201300044293;0;7;0;0;2;2;1;B01
201300044293;0;7;0;0;2;3;9;A01
201300044294;0;1;0;0;2;0;15;A01
201300044294;0;7;0;0;2;1;0;B01
201300044295;0;1;0;1;0;1;1;B01
201300044295;0;7;0;0;2;4;23;A01
201300044296;0;7;0;6;2;1;0;B01
201300044296;0;7;0;0;2;2;0;A01
201300044297;0;33;0;0;2;0;1;B01
201300044297;1;7;0;0;2;0;11;A01
201300044298;0;33;0;0;2;1;0;A01
201300044298;0;7;0;0;2;8;10;B01
201300044299;0;7;0;0;1;1;0;A01
201300044300;0;7;0;6;0;1;21;A01
201300044301;0;31;0;0;2;1;1;B01
201300044301;0;7;0;0;2;7;15;A01
201300044302;0;1;0;0;2;0;1;B01
201300044302;0;7;0;0;2;3;13;A01
201300044303;0;7;0;0;2;1;13;A01
201300044303;0;7;0;0;2;1;1;C01
201300044303;0;7;0;0;2;1;1;B01
201300044304;0;7;0;0;2;1;1;B01
201300044304;0;7;0;0;2;8;10;A01
201300044305;0;32;0;0;2;1;2;B01
201300044305;0;99;0;0;2;4;4;A01
201300044306;0;7;0;0;2;1;0;B01
201300044306;0;7;0;0;2;2;19;A01
201300044307;0;7;0;0;2;1;1;A01
201300044307;0;1;0;0;2;8;1;B01
201300044308;0;7;0;0;1;7;2;A01
201300044309;0;7;0;0;2;1;17;A01
201300044309;0;7;0;0;2;1;0;B01
201300044310;0;10;0;0;2;1;1;A01
201300044310;0;7;0;0;2;1;0;B01
201300044311;0;7;0;14;0;1;1;A01
201300044312;0;7;0;0;1;1;2;A01
201300044313;0;7;0;0;2;7;2;B01
201300044313;0;7;0;0;2;1;0;A01
201300044314;0;10;0;0;2;3;2;A01
201300044314;0;7;0;0;2;4;2;B01
201300044315;0;14;0;0;2;1;1;B01
201300044315;0;7;0;0;2;3;9;A01
201300044316;0;7;0;0;1;1;1;A01
201300044317;0;7;0;0;1;4;4;A01
201300044318;0;7;0;0;1;1;1;A01
201300044319;0;7;0;0;1;2;15;A01
201300044320;0;7;0;0;2;1;2;A01
201300044320;0;7;0;0;0;4;2;B01
201300044321;0;7;0;0;1;1;1;A01
201300044322;0;7;0;1;0;1;0;A01
201300044323;0;7;0;0;1;1;1;A01
201300044324;0;32;0;0;1;1;3;A01
201300044325;0;7;0;0;2;4;1;B01
201300044325;0;7;0;0;2;1;2;A01
201300044326;0;14;0;0;2;1;2;A01
201300044326;0;7;0;0;0;4;2;B01
201300044327;0;7;0;14;0;1;1;A01
201300044328;0;31;0;0;2;7;15;A01
201300044328;0;7;0;0;2;1;1;B01
201300044329;0;7;0;0;0;4;2;B01
201300044329;0;7;0;0;2;1;2;A01
201300044330;0;20;0;0;1;7;1;A01
201300044331;0;7;0;0;2;1;1;A01
201300044331;0;7;0;0;0;8;1;B01
201300044331;0;7;0;0;0;4;1;C01
201300044332;0;7;0;0;2;1;0;B01
201300044332;0;7;0;0;2;1;0;A01
201300044333;0;7;0;1;0;3;0;A01
201300044334;0;32;0;0;1;3;1;A01
201300044335;0;7;0;1;1;1;0;A01
201300044336;0;7;0;0;2;0;16;A01
201300044336;0;1;0;0;2;1;1;B01
201300044337;1;7;0;0;1;5;0;Z01
201300044338;0;7;0;0;1;4;4;A01
201300044339;0;1;0;0;2;1;0;B01
201300044339;1;7;0;0;2;0;0;Z01
201300044340;0;7;0;0;0;0;0;A01
201300044340;0;7;0;0;0;0;0;B01
201300044341;0;30;0;0;2;1;1;B01
201300044341;0;7;0;0;2;3;15;A01
201300044342;0;7;0;0;2;1;1;A01
201300044342;0;7;0;0;2;3;15;B01
201300044343;0;13;0;0;2;1;6;A01
201300044343;0;3;0;1;2;3;1;B01
201300044344;0;7;0;0;2;1;17;A01
201300044344;0;7;0;0;0;8;13;B01
201300044345;0;7;0;0;2;4;1;C01
201300044345;0;7;0;0;2;1;1;B01
201300044345;0;7;0;0;2;1;1;A01
201300044346;0;7;0;12;0;1;0;A01
201300044347;1;7;0;9;1;1;1;Z01
201300044348;0;7;0;0;2;2;15;A01
201300044348;0;7;0;0;2;1;1;B01
201300044349;0;10;0;0;0;3;0;B01
201300044349;1;7;0;0;0;0;15;Z01
201300044349;0;33;0;0;0;2;0;A01
201300044350;0;33;0;0;1;1;1;A01
201300044351;0;7;0;0;2;4;23;B01
201300044351;0;17;0;0;2;1;2;A01
201300044352;0;7;0;0;2;1;1;A01
201300044352;0;7;0;0;2;3;15;B01
201300044353;0;7;0;0;2;3;1;A01
201300044353;0;7;0;0;2;1;1;B01
201300044354;0;33;0;0;0;4;0;A01
201300044354;0;7;0;0;0;4;0;B01
201300044355;0;7;0;0;1;1;1;A01
201300044356;0;2;0;0;0;0;23;A01
201300044357;0;7;0;0;2;3;1;C01
201300044357;0;33;0;11;2;3;6;A01
201300044357;0;7;0;0;2;8;1;B01
201300044358;0;14;0;0;0;2;14;A01
201300044358;0;37;12;0;2;6;24;B01
201300044359;0;7;0;0;1;2;1;A01
201300044360;0;7;0;0;2;3;1;A01
201300044360;0;14;0;0;0;3;1;B01
201300044361;0;7;0;0;2;1;2;A01
201300044361;0;7;0;0;2;4;2;B01
201300044361;0;7;0;0;2;4;1;C01
201300044362;0;7;0;0;1;3;0;A01
201300044363;0;13;0;0;1;4;4;A01
201300044364;0;7;0;0;2;2;15;A01
201300044364;0;31;0;0;2;1;1;B01
201300044365;1;7;0;0;0;0;0;Z01
201300044365;0;7;0;0;0;2;0;B01
201300044366;0;7;0;0;1;8;1;A01
201300044367;0;7;0;0;0;4;0;C01
201300044367;0;7;0;0;0;4;0;B01
201300044367;0;7;0;0;0;1;0;A01
201300044368;0;7;0;0;1;3;21;A01
201300044368;0;7;0;0;2;2;1;B01
201300044369;0;1;0;0;2;1;1;A01
201300044369;0;7;0;0;2;5;15;B01
201300044370;0;7;0;0;1;1;1;A01
201300044371;0;2;0;0;2;1;1;A01
201300044371;0;7;0;0;0;1;1;B01
201300044372;0;7;0;0;1;3;1;A01
201300044373;0;7;0;0;0;4;2;B01
201300044373;0;15;0;0;2;1;2;A01
201300044374;1;7;0;0;2;1;1;Z01
201300044374;0;7;0;0;2;7;1;A01
201300044375;0;33;0;0;2;1;17;A01
201300044375;0;7;0;0;2;3;15;B01
201300044376;0;7;0;0;2;3;1;B01
201300044376;0;7;0;0;2;1;1;A01
201300044377;0;7;0;0;2;1;1;A01
201300044377;0;7;0;0;2;5;24;C01
201300044377;0;7;0;0;2;6;1;B01
201300044378;0;7;0;0;0;0;2;B01
201300044378;0;10;0;0;0;1;2;A01
201300044379;0;7;0;0;2;5;20;A01
201300044379;0;33;0;0;2;1;1;B01
201300044380;0;33;0;0;2;7;1;B01
201300044380;0;7;0;0;2;3;15;A01
201300044381;0;30;0;0;0;3;15;A01
201300044382;0;7;0;0;1;2;1;A01
201300044383;0;31;0;0;2;1;1;A01
201300044383;0;7;0;0;2;2;1;B01
201300044384;0;3;0;9;0;1;1;A01
201300044385;0;7;0;0;2;1;2;A01
201300044385;0;7;0;0;2;4;2;B01
201300044385;0;7;0;0;2;4;2;C01
201300044386;0;10;0;0;2;1;1;A01
201300044386;0;7;0;0;2;1;0;B01
201300044387;0;7;0;0;2;6;11;B01
201300044387;0;34;0;0;2;1;2;A01
201300044388;0;7;0;0;2;4;1;B01
201300044388;0;7;0;0;2;4;2;C01
201300044388;1;7;0;0;2;1;2;Z01
201300044389;0;10;0;0;2;1;2;A01
201300044389;0;33;0;0;2;4;23;B01
201300044389;0;7;0;0;2;4;23;C01
201300044390;0;33;0;0;1;1;1;A01
201300044391;0;7;0;0;2;1;0;A01
201300044391;0;30;0;0;2;1;0;B01
201300044392;0;7;0;0;2;1;15;A01
201300044392;0;33;0;0;2;1;1;B01
201300044393;0;7;0;0;1;2;1;A01
201300044394;0;32;0;0;2;2;0;A01
201300044394;0;7;0;0;2;3;15;B01
201300044395;0;31;0;0;2;7;13;A01
201300044395;0;7;0;0;2;6;17;B01
201300044396;0;7;0;0;2;2;11;A01
201300044396;0;7;0;0;2;6;23;B01
201300044397;2;2;0;14;0;1;1;A01
201300044398;0;7;0;0;2;1;2;A01
201300044398;0;7;0;0;2;4;23;B01
201300044398;0;7;0;0;2;4;23;C01
201300044399;0;7;0;0;1;0;1;A01
201300044400;0;32;0;0;1;2;21;A01
201300044401;0;7;0;0;1;2;1;A01
201300044402;0;33;0;0;1;1;3;A01
201300044403;0;7;0;0;2;1;15;A01
201300044403;0;7;0;0;2;1;23;B01
201300044404;0;7;0;0;1;2;1;A01
201300044405;0;7;0;0;2;7;0;A01
201300044405;0;7;0;0;2;1;1;B01
201300044406;0;7;0;0;1;2;1;A01
201300044407;0;33;0;0;2;1;1;B01
201300044407;0;7;0;0;2;2;20;A01
201300044408;0;31;0;0;2;8;1;B01
201300044408;0;7;0;0;2;2;15;A01
201300044409;0;7;0;9;0;1;19;A01
201300044410;0;7;0;0;2;2;2;A01
201300044410;0;7;0;0;2;1;1;B01
201300044411;0;1;0;0;2;7;1;B01
201300044411;0;7;0;0;2;3;9;A01
201300044412;0;7;0;6;0;2;0;A01
201300044413;0;7;0;0;2;0;1;B01
201300044413;0;7;0;0;2;0;0;A01
201300044414;0;30;0;0;1;1;1;A01
201300044415;0;32;0;0;2;7;2;A01
201300044415;0;7;0;0;9;3;0;B01
201300044416;0;7;0;0;1;6;4;A01
201300044417;0;33;0;0;2;1;1;A01
201300044417;0;37;1;0;2;5;15;B01
201300044418;0;7;0;1;0;2;1;A01
201300044419;0;33;0;0;2;1;2;B01
201300044419;0;7;0;0;2;4;23;A01
201300044420;0;7;0;0;1;1;1;A01
201300044421;0;7;0;0;2;1;1;A01
201300044421;0;7;0;0;2;3;15;B01
201300044422;0;7;0;0;2;1;0;A01
201300044422;0;7;0;0;2;4;0;C01
201300044422;0;7;0;0;2;4;0;B01
201300044423;0;10;0;0;1;2;1;A01
201300044424;0;7;0;0;2;2;15;A01
201300044424;1;2;0;0;2;1;1;Z01
201300044425;0;7;0;0;0;3;9;A01
201300044425;0;10;0;0;0;1;1;B01
201300044426;0;7;0;0;1;4;4;A01
201300044427;0;7;0;0;2;3;23;B01
201300044427;0;7;0;0;2;1;15;A01
201300044428;0;7;0;0;2;1;15;A01
201300044428;0;34;0;0;2;8;2;B01
201300044429;0;7;0;0;2;1;15;A01
201300044429;0;33;0;0;2;8;19;B01
201300044430;0;10;0;0;2;3;16;B01
201300044430;0;13;0;0;2;1;1;A01
201300044431;0;33;0;0;2;2;2;B01
201300044431;0;7;0;0;0;3;0;A01
201300044432;0;33;0;0;2;1;0;A01
201300044432;0;7;0;0;0;6;1;B01
201300044433;0;10;0;0;2;1;0;B01
201300044433;0;37;0;0;2;5;2;A01
201300044434;0;33;0;0;2;3;1;A01
201300044435;0;7;0;0;2;1;2;A01
201300044435;0;7;0;0;2;4;23;B01
201300044436;1;7;0;0;1;0;2;Z01
201300044437;0;7;0;0;2;4;23;C01
201300044437;0;7;0;0;2;1;2;A01
201300044437;0;7;0;0;2;4;23;B01
201300044438;0;7;0;0;2;1;1;B01
201300044438;0;7;0;0;2;2;15;A01
201300044439;0;37;15;0;1;1;1;A01
201300044440;0;7;0;8;0;1;1;A01
201300044441;0;7;0;0;1;1;1;A01
201300044442;0;99;0;0;2;3;9;B01
201300044442;0;33;0;14;2;7;1;A01
201300044443;0;37;1;0;1;3;15;A01
201300044444;0;7;0;0;2;6;1;B01
201300044444;0;2;0;0;2;1;1;A01
201300044445;0;33;0;0;2;5;1;B01
201300044445;0;7;0;0;2;3;9;A01
201300044446;0;7;0;0;2;1;2;A01
201300044446;0;7;0;0;2;4;23;B01
201300044447;0;10;0;0;2;2;15;A01
201300044447;0;34;0;0;2;1;1;B01
201300044448;0;7;0;0;2;8;15;B01
201300044448;0;2;0;0;2;1;17;A01
201300044449;0;7;0;0;1;7;1;A01
201300044450;0;7;0;0;1;1;1;A01
201300044451;0;7;0;0;0;1;1;A01
201300044451;0;7;0;0;2;1;1;E01
201300044452;0;13;0;0;1;3;1;A01
201300044453;0;7;0;0;1;2;0;A01
201300044454;0;7;0;14;0;8;1;A01
201300044455;0;34;0;0;2;2;17;B01
201300044455;0;7;0;0;2;8;15;A01
201300044456;0;7;0;1;0;1;2;A01
201300044456;0;7;0;1;2;9;2;B01
201300044456;0;7;0;0;2;4;2;C01
201300044457;0;7;0;0;0;8;0;B01
201300044457;0;7;0;0;0;1;0;A01
201300044458;0;7;0;0;2;3;23;C01
201300044458;0;7;0;0;2;3;23;D01
201300044458;2;7;0;0;2;3;13;A01
201300044458;0;7;0;0;2;9;23;B01
201300044459;0;7;0;0;1;3;0;A01
201300044460;0;2;0;0;2;1;17;B01
201300044460;0;10;0;0;2;8;10;A01
201300044461;0;7;0;0;1;1;1;A01
201300044462;0;7;0;0;1;2;0;A01
201300044463;0;37;1;0;1;1;0;A01
201300044464;0;7;0;0;2;3;20;A01
201300044464;0;32;0;0;2;1;1;B01
201300044465;0;7;0;0;1;3;17;A01
201300044466;0;10;0;0;1;2;2;B01
201300044467;0;7;0;0;0;3;10;A01
201300044467;0;33;0;0;2;1;1;B01
201300044468;0;7;0;0;1;7;1;A01
201300044469;0;7;0;0;1;7;1;A01
201300044470;0;99;0;0;1;2;1;A01
201300044471;0;33;0;0;1;1;2;A01
201300044472;0;7;0;0;1;2;1;A01
201300044473;0;7;0;0;0;2;20;A01
201300044473;0;33;0;0;2;8;1;B01
201300044474;0;15;0;0;2;2;16;A01
201300044474;0;1;0;0;2;0;18;B01
201300044475;1;7;0;0;2;1;1;Z01
201300044475;0;2;0;0;2;4;1;B01
201300044476;0;7;0;0;2;2;20;A01
201300044476;0;1;0;0;2;1;18;B01
201300044477;0;7;0;0;1;0;0;A01
201300044478;0;30;0;0;2;1;0;A01
201300044478;0;7;0;0;2;3;5;B01
201300044479;0;7;0;0;0;5;12;B01
201300044479;0;2;0;0;0;1;2;A01
201300044480;0;15;0;0;1;3;1;A01
201300044481;0;7;0;0;2;1;1;A01
201300044481;0;34;0;0;2;8;1;B01
201300044482;1;13;0;0;2;8;13;Z01
201300044482;0;2;0;9;2;7;17;B01
201300044483;0;7;0;0;2;2;1;A01
201300044483;0;30;0;0;2;1;3;B01
201300044484;0;7;0;0;1;7;0;A01
201300044485;0;7;0;0;1;3;1;A01
201300044486;0;34;0;0;2;8;0;B01
201300044486;0;10;0;0;2;3;9;A01
201300044487;0;7;0;0;2;1;1;A01
201300044487;0;33;0;0;2;7;1;B01
201300044488;0;7;0;14;2;2;1;A01
201300044488;0;7;0;0;2;1;1;B01
201300044489;0;10;0;0;2;2;9;A01
201300044489;0;32;0;0;2;6;1;B01
201300044490;0;7;0;0;1;3;1;A01
201300044491;0;7;0;0;2;4;2;B01
201300044491;0;7;0;0;2;1;2;A01
201300044492;0;7;0;0;2;6;23;B01
201300044492;0;2;0;0;2;1;2;A01
201300044493;0;7;0;0;2;3;1;B01
201300044493;0;7;0;0;2;1;0;A01
201300044494;0;7;0;0;2;8;24;A01
201300044494;0;1;0;0;2;1;17;B01
201300044495;0;7;0;0;2;7;15;B01
201300044495;0;33;0;0;2;1;1;A01
201300044496;0;10;0;0;1;4;4;A01
201300044497;0;7;0;0;0;6;23;A01
201300044497;0;2;0;0;2;6;3;B01
201300044498;0;10;0;0;1;5;4;A01
201300044499;0;7;0;0;2;2;0;B01
201300044499;0;7;0;0;2;1;0;A01
201300044500;0;7;0;0;2;2;15;A01
201300044500;0;32;0;0;2;6;21;B01
201300044501;0;34;0;0;2;1;1;A01
201300044501;0;7;0;0;2;2;15;B01
201300044502;0;37;0;0;1;2;1;A01
201300044503;0;10;0;0;2;3;15;B01
201300044503;0;1;0;0;2;3;19;A01
201300044504;0;7;0;0;2;3;1;C01
201300044504;0;7;0;0;2;2;23;A01
201300044504;0;32;0;1;2;1;14;B01
201300044505;0;30;0;0;2;2;0;A01
201300044506;0;7;0;0;1;1;1;A01
201300044507;0;1;0;0;1;1;1;A01
201300044508;0;10;0;0;1;1;0;A01
201300044509;0;30;0;0;2;4;2;B01
201300044509;0;7;0;0;2;1;2;A01
201300044510;0;30;0;0;1;2;16;A01
201300044511;0;2;0;0;1;0;0;A01
201300044512;0;7;0;0;2;2;5;A01
201300044512;0;1;0;0;2;1;1;B01
201300044513;1;31;0;0;2;7;15;B01
201300044514;0;10;0;0;1;4;4;A01
201300044515;0;33;0;0;2;7;15;A01
201300044515;0;2;0;0;2;8;1;B01
201300044516;0;1;0;1;0;1;17;B01
201300044516;0;7;0;0;9;1;22;A01
201300044517;0;34;0;0;0;1;13;B01
201300044517;0;7;0;0;0;8;11;A01
201300044518;0;1;0;1;0;0;0;B01
201300044518;0;7;0;0;2;1;0;A01
201300044519;0;7;0;0;1;3;19;A01
201300044520;0;7;0;0;2;5;15;A01
201300044520;0;32;0;0;2;1;1;B01
201300044521;0;7;0;0;1;7;16;A01
201300044522;0;7;0;0;1;1;16;A01
201300044523;0;33;0;0;2;1;2;A01
201300044523;0;7;0;0;2;4;2;B01
201300044524;0;30;0;0;2;1;1;A01
201300044524;0;7;0;0;2;8;1;B01
201300044525;0;30;0;0;2;2;17;B01
201300044525;0;7;0;0;2;3;11;A01
201300044526;0;10;0;0;2;1;2;B01
201300044526;0;7;0;0;2;8;2;A01
201300044527;0;7;0;0;1;2;1;A01
201300044528;0;7;0;0;2;1;9;A01
201300044528;0;7;0;9;2;9;2;B01
201300044529;0;7;0;0;0;8;15;B01
201300044529;0;30;0;0;2;2;0;A01
201300044530;0;7;0;0;2;2;15;A01
201300044530;0;33;0;0;2;8;1;B01
201300044531;0;10;0;0;1;1;1;A01
201300044532;0;7;0;9;0;0;0;A01
201300044533;0;7;0;0;2;2;15;B01
201300044533;0;7;0;0;2;2;1;A01
201300044534;0;7;0;0;1;2;0;A01
201300044535;0;7;0;0;1;1;1;A01
201300044536;0;7;0;0;2;4;1;B01
201300044536;0;14;0;0;2;1;2;A01
201300044537;0;37;0;0;1;0;7;A01
201300044538;0;7;0;0;2;4;2;B01
201300044538;0;7;0;0;2;1;2;A01
201300044539;0;7;0;0;1;3;1;A01
201300044540;0;10;0;0;9;2;1;B01
201300044540;0;1;0;0;2;0;2;A01
201300044541;0;2;0;0;0;0;0;A01
201300044541;0;7;0;0;0;0;0;B01
201300044542;1;7;0;0;1;0;0;A01
201300044543;0;7;0;0;2;2;12;A01
201300044543;0;33;0;0;2;1;0;B01
201300044544;0;7;0;0;2;8;15;B01
201300044544;0;30;0;0;2;1;1;A01
201300044545;0;37;1;0;2;2;1;B01
201300044545;0;7;0;0;2;3;10;A01
201300044546;0;7;0;0;2;2;1;B01
201300044546;0;32;0;0;2;1;16;A01
201300044547;0;7;0;0;2;3;16;A01
201300044547;0;2;0;0;2;7;2;B01
201300044548;0;33;0;1;0;7;14;A01
201300044549;0;7;0;0;2;1;16;B01
201300044549;0;7;0;8;2;2;1;A01
201300044550;0;7;0;0;0;1;2;B01
201300044550;0;7;0;0;0;4;2;A01
201300044551;0;34;0;0;2;1;2;A01
201300044551;0;7;0;0;2;6;1;B01
201300044552;0;2;0;0;2;0;1;B01
201300044552;1;7;0;0;2;0;1;A01
201300044553;0;37;1;0;1;1;2;A01
201300044554;0;7;0;15;1;0;0;A01
201300044555;0;10;0;0;1;3;1;A01
201300044556;0;2;0;0;2;0;3;A01
201300044556;0;7;0;0;0;4;1;B01
201300044557;0;7;0;0;2;7;23;A01
201300044557;0;1;0;0;2;3;18;B01
201300044558;0;7;0;0;2;8;1;A01
201300044558;0;7;0;0;2;1;1;B01
201300044559;0;10;0;0;2;1;1;B01
201300044559;0;10;0;0;2;7;15;A01
201300044560;0;7;0;0;2;3;2;A01
201300044560;0;7;0;0;0;4;1;B01
201300044561;0;30;0;0;2;2;1;B01
201300044561;0;7;0;0;2;1;15;A01
201300044562;0;7;0;0;1;0;0;A01
201300044563;0;7;0;0;0;0;0;A01
201300044564;0;7;0;0;2;4;23;A01
201300044564;0;7;0;0;2;1;2;C01
201300044564;0;7;0;0;2;4;23;B01
201300044565;1;7;0;0;1;0;0;A01
201300044566;0;7;0;0;2;1;1;A01
201300044566;0;7;0;0;2;4;23;B01
201300044567;0;7;0;0;1;2;2;A01
201300044568;0;10;0;0;1;2;1;A01
201300044569;0;7;0;0;2;3;9;A01
201300044569;0;2;0;0;2;1;1;B01
201300044570;0;7;0;0;0;4;23;B01
201300044570;0;7;0;0;2;1;2;A01
201300044571;0;7;0;0;2;3;10;A01
201300044571;0;2;0;0;2;7;2;B01
201300044572;0;7;0;0;2;2;15;A01
201300044572;0;2;0;0;2;1;1;B01
201300044573;0;7;0;0;0;4;1;B01
201300044573;0;33;0;0;2;1;2;A01
201300044574;0;32;0;0;1;3;1;A01
201300044575;0;7;0;0;9;1;1;A01
201300044575;0;1;0;0;2;3;19;B01
201300044576;0;7;0;0;2;8;1;B01
201300044576;0;33;0;0;2;1;3;A01
201300044577;0;7;0;0;2;1;2;A01
201300044577;0;7;0;0;2;4;23;B01
201300044578;0;7;0;4;2;4;23;B01
201300044578;0;7;0;4;2;1;2;A01
201300044579;0;7;0;0;1;1;2;A01
201300044580;0;1;0;0;2;1;9;A01
201300044580;0;7;0;0;9;2;1;B01
201300044581;0;32;0;0;1;1;2;A01
201300044582;0;7;0;0;1;2;1;A01
201300044583;0;7;0;0;0;4;2;C01
201300044583;0;7;0;0;2;4;2;B01
201300044583;0;7;0;0;2;1;2;A01
201300044584;0;7;0;0;1;1;20;A01
201300044585;0;2;0;0;2;7;21;B01
201300044585;0;7;0;0;2;3;9;A01
201300044586;0;1;0;0;2;3;1;A01
201300044586;0;7;0;0;2;3;16;B01
201300044587;0;2;0;0;2;6;16;B01
201300044587;0;7;0;0;2;2;16;A01
201300044588;0;33;0;0;2;2;2;B01
201300044589;0;7;0;0;0;1;2;A01
201300044589;0;7;0;0;0;4;23;B01
201300044590;0;7;0;0;1;5;2;A01
201300044591;0;7;0;0;2;1;1;A01
201300044591;0;32;0;0;0;0;1;B01
201300044592;0;7;0;0;2;1;15;A01
201300044592;0;32;0;0;2;0;1;B01
201300044593;0;34;0;2;1;1;1;A01
201300044594;0;2;0;0;2;6;17;A01
201300044594;0;7;0;0;2;3;16;B01
201300044595;0;7;0;0;0;0;0;B01
201300044595;0;30;0;0;0;0;0;A01
201300044596;0;33;0;0;2;3;1;B01
201300044596;0;7;0;0;2;2;15;A01
201300044597;0;7;0;0;1;2;17;A01
201300044598;0;7;0;0;1;1;1;A01
201300044599;0;7;0;0;2;4;2;B01
201300044599;0;7;0;0;2;4;2;C01
201300044599;0;7;0;0;2;1;2;A01
201300044600;0;7;0;15;1;7;2;A01
201300044601;0;2;0;0;1;0;0;A01
201300044602;0;2;0;0;2;1;1;A01
201300044602;0;7;0;0;2;2;0;B01
201300044603;0;7;0;0;0;3;15;A01
201300044603;0;32;0;0;2;8;1;B01
201300044604;0;7;0;0;1;1;1;A01
201300044605;0;7;0;0;1;1;1;A01
201300044606;0;2;0;0;0;0;0;A01
201300044606;0;3;0;0;0;0;0;B01
201300044607;0;7;0;0;1;0;0;A01
201300044608;0;7;0;0;0;4;16;B01
201300044608;0;7;0;0;2;1;0;C01
201300044608;0;99;0;0;0;0;0;A01
201300044609;0;37;1;0;2;0;21;B01
201300044609;0;7;0;0;2;0;16;A01
201300044610;0;7;0;0;1;3;2;A01
201300044611;1;33;0;0;0;0;0;A01
201300044611;0;7;0;0;0;1;15;B01
201300044612;0;7;0;0;1;2;1;A01
201300044613;0;7;0;0;1;2;0;A01
201300044614;0;1;0;0;2;2;1;B01
201300044614;0;7;0;0;2;5;15;A01
201300044615;0;7;0;0;1;2;2;A01
201300044616;0;7;0;0;1;3;11;A01
201300044617;0;34;0;0;0;8;1;A01
201300044618;2;7;0;0;2;1;5;A01
201300044618;0;7;0;0;2;8;15;B01
201300044619;0;7;0;0;1;3;0;A01
201300044620;0;7;0;0;1;2;1;A01
201300044621;0;10;0;0;0;3;1;B01
201300044621;0;7;0;0;0;2;1;A01
201300044622;0;7;0;0;2;1;15;A01
201300044622;0;7;0;0;2;2;2;B01
201300044623;0;37;2;0;2;7;1;A01
201300044623;0;7;0;0;2;1;1;B01
201300044624;0;7;0;0;2;3;15;A01
201300044624;0;99;0;0;2;1;1;B01
201300044625;0;7;0;0;2;3;15;A01
201300044625;0;37;0;0;2;2;7;B01
201300044626;0;2;0;0;2;7;1;A01
201300044626;0;7;0;0;2;3;15;B01
201300044627;0;7;0;1;0;7;21;C01
201300044627;0;7;0;0;2;1;17;A01
201300044627;0;7;0;0;0;8;11;B01
201300044628;0;7;0;0;1;7;1;A01
201300044629;0;7;0;0;1;4;4;A01
201300044630;0;7;0;0;2;7;15;A01
201300044630;0;31;0;0;2;1;1;B01
201300044631;0;7;0;0;2;3;0;A01
201300044631;0;33;0;0;2;0;1;B01
201300044632;0;7;0;0;2;4;23;B01
201300044632;0;7;0;0;2;4;23;C01
201300044632;0;7;0;0;2;1;2;A01
201300044633;0;7;0;0;2;1;1;A01
201300044633;0;7;0;0;2;6;1;B01
201300044634;0;32;0;0;2;1;1;A01
201300044634;0;7;0;0;2;3;0;B01
201300044635;0;7;0;0;0;0;15;A01
201300044635;0;2;0;0;0;0;2;B01
201300044636;0;7;0;0;1;6;4;A01
201300044637;0;7;0;0;1;2;1;A01
201300044638;0;7;0;0;2;2;15;A01
201300044638;0;2;0;0;2;1;1;B01
201300044639;0;7;0;0;1;2;16;A01
201300044640;0;2;0;0;1;1;2;A01
201300044641;0;7;0;0;1;2;2;A01
201300044642;0;32;0;0;2;1;2;A01
201300044642;0;10;0;0;2;7;11;B01
201300044643;0;7;0;0;2;1;2;A01
201300044643;0;7;0;0;2;4;23;B01
201300044644;0;7;0;9;0;3;15;A01
201300044644;0;7;0;9;0;3;21;B01
201300044645;2;7;0;15;0;1;0;A01
201300044645;0;7;0;1;0;4;0;B01
201300044646;0;7;0;0;2;8;2;B01
201300044646;0;7;0;0;2;1;19;A01
201300044647;0;37;50;0;2;2;1;B01