num_acc;senc;catv;occutc;obs;obsm;choc;manv;num_veh
201300044647;0;7;0;0;2;3;1;A01
201300044648;0;7;0;0;1;1;16;A01
201300044649;0;10;0;0;2;6;2;B01
201300044649;0;33;0;0;2;1;2;A01
201300044650;0;7;0;0;1;1;1;A01
201300044651;0;7;0;0;2;1;1;B01
201300044651;0;7;0;0;2;7;0;A01
201300044652;0;32;0;1;1;1;1;A01
201300044653;0;2;0;0;1;1;17;A01
201300044654;0;7;0;0;1;0;0;A01
201300044655;0;7;0;0;2;8;1;B01
201300044655;0;7;0;0;2;6;4;A01
201300044656;0;7;0;0;1;1;1;A01
201300044657;0;7;0;0;1;3;1;A01
201300044658;0;1;0;0;0;0;21;A01
201300044658;0;7;0;0;0;0;0;B01
201300044659;0;7;0;0;1;7;20;A01
201300044660;0;7;0;0;2;6;23;B01
201300044660;0;14;0;14;0;1;21;A01
201300044661;1;7;0;0;0;0;0;A01
201300044661;0;2;0;0;0;4;11;B01
201300044662;0;7;0;0;1;0;0;A01
201300044663;0;33;0;15;0;2;15;A01
201300044663;0;10;0;0;2;3;15;B01
201300044664;0;30;0;0;2;3;18;A01
201300044664;0;3;0;0;2;2;16;B01
201300044665;0;33;0;0;2;7;1;B01
201300044665;0;7;0;0;2;1;15;A01
201300044666;0;7;0;0;1;7;1;A01
201300044667;0;32;0;16;0;7;1;A01
201300044668;0;7;0;0;1;3;1;A01
201300044669;0;3;0;0;1;1;1;A01
201300044670;0;7;0;0;1;3;15;A01
201300044671;0;10;0;0;2;3;15;B01
201300044671;0;31;0;0;2;1;17;A01
201300044672;0;7;0;0;2;2;10;A01
201300044672;0;33;0;0;2;1;1;B01
201300044673;0;7;0;0;2;4;23;C01
201300044673;0;7;0;0;2;4;23;B01
201300044673;0;7;0;0;2;3;1;A01
201300044674;0;7;0;1;2;3;15;A01
201300044674;0;33;0;0;2;1;5;B01
201300044675;0;10;0;6;0;3;1;A01
201300044676;0;30;0;0;2;6;15;A01
201300044676;0;7;0;0;2;3;1;B01
201300044677;0;7;0;0;2;1;1;A01
201300044677;0;7;0;0;2;4;2;B01
201300044678;0;37;31;0;2;1;1;A01
201300044678;0;10;0;0;2;4;23;B01
201300044679;0;7;0;0;1;1;1;A01
201300044680;0;7;0;0;1;3;15;A01
201300044681;0;7;0;0;2;1;1;A01
201300044681;0;7;0;0;2;2;15;B01
201300044682;0;7;0;0;2;2;15;A01
201300044682;0;32;0;0;2;1;16;B01
201300044683;0;7;0;0;1;2;1;A01
201300044684;0;30;0;11;0;1;1;A01
201300044685;0;7;0;0;2;2;11;A01
201300044685;0;30;0;0;2;1;1;B01
201300044686;0;7;0;0;2;3;20;A01
201300044686;0;30;0;0;2;5;1;B01
201300044687;1;99;0;0;1;1;1;Z01
201300044688;0;7;0;0;2;8;1;B01
201300044688;0;7;0;0;2;1;15;A01
201300044689;0;34;0;0;2;1;1;A01
201300044689;0;7;0;0;2;3;1;B01
201300044690;0;1;0;1;0;2;1;B01
201300044690;0;7;0;0;2;8;24;A01
201300044691;0;7;0;0;2;1;1;A01
201300044691;0;7;0;0;2;8;1;B01
201300044692;0;7;0;0;2;4;2;B01
201300044692;0;10;0;0;2;1;1;A01
201300044692;0;7;0;0;2;4;2;C01
201300044693;0;7;0;0;1;2;1;A01
201300044694;0;14;0;0;2;2;1;B01
201300044694;0;10;0;0;2;2;9;A01
201300044695;0;30;0;0;1;1;1;A01
201300044696;0;34;0;0;2;1;17;A01
201300044696;0;7;0;0;2;8;15;B01
201300044697;0;7;0;0;2;3;15;B01
201300044697;0;31;0;0;2;1;17;A01
201300044698;0;7;0;0;1;1;1;A01
201300044699;0;37;10;0;2;1;1;A01
201300044699;0;37;6;0;2;4;23;B01
201300044700;0;7;0;0;1;1;1;A01
201300044701;0;7;0;0;2;6;2;B01
201300044701;0;2;0;0;2;1;1;A01
201300044702;0;10;0;0;2;6;10;B01
201300044702;0;10;0;0;2;3;21;A01
201300044703;0;7;0;0;2;1;1;B01
201300044703;0;7;0;0;2;2;15;A01
201300044704;0;7;0;0;1;1;1;A01
201300044705;0;10;0;0;1;3;15;A01
201300044706;0;7;0;0;2;2;19;B01
201300044706;0;2;0;0;2;1;1;A01
201300044707;0;7;0;0;2;1;1;A01
201300044707;0;7;0;0;2;4;23;B01
201300044708;0;7;0;0;1;7;1;A01
201300044709;0;7;0;0;1;1;15;A01
201300044710;0;7;0;0;2;4;24;B01
201300044710;0;7;0;1;0;1;11;A01
201300044711;0;7;0;0;2;8;10;B01
201300044711;0;33;0;0;2;1;17;A01
201300044712;1;7;0;0;1;1;1;Z01
201300044713;0;33;0;0;2;7;2;A01
201300044713;0;7;0;0;2;8;15;B01
201300044714;0;7;0;0;2;2;15;A01
201300044714;0;36;0;9;1;1;1;B01
201300044715;0;7;0;0;2;1;1;A01
201300044715;2;7;0;0;2;3;1;Z01
201300044716;0;7;0;0;2;3;13;A01
201300044716;0;7;0;0;2;1;1;B01
201300044717;0;7;0;0;1;1;1;A01
201300044718;0;2;0;0;2;1;1;B01
201300044718;0;7;0;0;2;8;10;A01
201300044719;0;7;0;0;2;8;13;A01
201300044719;0;33;0;0;2;7;2;B01
201300044720;0;7;0;13;0;2;1;A01
201300044721;0;7;0;0;2;4;2;C01
201300044721;0;7;0;0;2;9;2;B01
201300044721;0;7;0;0;2;1;1;A01
201300044722;0;7;0;15;0;1;1;A01
201300044723;0;33;0;16;0;1;1;A01
201300044724;0;32;0;13;0;9;1;A01
201300044725;0;7;0;0;2;1;1;A01
201300044725;0;7;0;0;2;4;2;B01
201300044726;1;7;0;0;1;1;16;Z01
201300044727;0;2;0;0;2;3;1;B01
201300044727;0;7;0;0;2;3;20;A01
201300044728;0;7;0;0;1;2;11;A01
201300044729;0;7;0;0;1;1;1;A01
201300044730;0;10;0;0;2;4;1;B01
201300044730;0;10;0;0;2;1;16;A01
201300044731;0;7;0;0;2;2;1;B01
201300044731;0;1;0;0;2;1;1;C01
201300044731;0;7;0;0;2;8;22;A01
201300044732;0;7;0;0;2;3;21;B01
201300044732;0;7;0;0;2;5;21;A01
201300044733;1;7;0;0;1;2;15;Z01
201300044734;0;7;0;0;2;3;16;A01
201300044734;0;7;0;8;2;1;1;B01
201300044735;1;2;0;0;1;1;1;Z01
201300044736;0;7;0;0;1;1;1;A01
201300044737;0;7;0;1;0;2;14;A01
201300044738;0;7;0;0;2;3;1;B01
201300044738;0;1;0;0;2;1;13;A01
201300044739;2;7;0;0;2;1;1;Z01
201300044739;0;7;0;0;2;4;2;A01
201300044739;0;2;0;0;2;8;1;B01
201300044740;0;7;0;0;2;8;15;B01
201300044740;0;34;0;0;2;7;9;A01
201300044741;0;34;0;0;2;1;3;A01
201300044741;0;7;0;0;2;3;10;B01
201300044742;0;7;0;8;0;9;14;A01
201300044743;0;7;0;0;1;2;21;A01
201300044744;0;10;0;0;1;3;15;A01
201300044745;0;3;0;0;2;3;13;A01
201300044745;0;3;0;0;2;3;13;B01
201300044746;1;7;0;0;2;1;1;Z01
201300044746;0;2;0;0;2;7;1;A01
201300044747;0;7;0;0;1;1;1;A01
201300044748;0;7;0;0;1;7;1;A01
201300044749;0;30;0;0;2;1;1;B01
201300044749;0;7;0;0;2;7;15;A01
201300044750;0;33;0;0;2;1;1;A01
201300044750;0;7;0;0;2;2;15;C01
201300044750;0;7;0;0;2;1;15;B01
201300044751;0;7;0;0;2;5;14;A01
201300044751;0;33;0;0;2;1;21;B01
201300044752;0;33;0;6;0;1;1;A01
201300044753;0;34;0;0;2;1;13;B01
201300044753;0;10;0;0;2;2;15;A01
201300044754;0;7;0;0;2;4;2;C01
201300044754;0;7;0;14;0;1;1;A01
201300044754;0;10;0;14;2;4;2;B01
201300044755;0;2;0;16;0;9;1;A01
201300044756;0;7;0;0;1;3;1;A01
201300044757;0;33;0;16;0;8;1;A01
201300044758;0;7;0;0;2;1;1;A01
201300044758;0;7;0;0;2;4;1;B01
201300044759;0;7;0;0;2;3;1;B01
201300044759;0;1;0;0;2;1;1;A01
201300044760;0;7;0;0;1;3;1;A01
201300044761;0;33;0;0;2;1;1;A01
201300044761;1;7;0;0;2;8;9;Z01
201300044762;0;33;0;15;0;1;1;A01
201300044763;0;7;0;0;1;8;1;A01
201300044764;0;7;0;15;0;1;13;A01
201300044765;0;30;0;16;0;9;1;A01
201300044766;0;1;0;16;0;9;13;A01
201300044767;0;10;0;0;2;1;1;A01
201300044767;0;7;0;0;2;4;2;B01
201300044768;0;7;0;0;2;2;1;B01
201300044768;0;7;0;0;2;3;1;A01
201300044769;0;30;0;0;2;8;21;A01
201300044769;0;7;0;0;2;8;17;B01
201300044770;0;7;0;0;2;2;15;A01
201300044770;0;7;0;0;2;3;1;B01
201300044771;1;3;0;0;1;1;1;Z01
201300044772;0;7;0;0;2;4;23;B01
201300044772;1;7;0;0;2;1;1;Z01
201300044772;0;7;0;0;0;4;23;A01
201300044773;0;7;0;0;2;1;1;B01
201300044773;0;2;0;0;2;1;15;A01
201300044774;0;32;0;0;2;6;1;B01
201300044774;0;7;0;0;2;2;15;A01
201300044775;0;7;0;0;1;1;1;A01
201300044776;0;7;0;0;2;6;2;A01
201300044776;0;30;0;0;2;1;1;B01
201300044777;0;7;0;0;2;2;1;B01
201300044777;0;7;0;0;2;2;1;A01
201300044778;0;7;0;0;2;3;15;A01
201300044778;0;34;0;0;2;1;1;B01
201300044779;0;33;0;8;2;1;21;B01
201300044779;0;7;0;0;2;4;23;A01
201300044780;0;1;0;0;2;4;15;A01
201300044780;1;10;0;0;2;1;1;Z01
201300044781;0;14;0;1;0;1;1;A01
201300044781;0;37;3;0;2;4;23;B01
201300044782;0;34;0;0;2;1;1;A01
201300044782;0;7;0;0;2;1;1;B01
201300044783;0;30;0;0;2;1;17;A01
201300044783;0;7;0;0;2;8;15;B01
201300044784;1;7;0;0;2;1;1;Z01
201300044784;0;1;0;0;2;1;1;B01
201300044785;0;33;0;0;2;1;1;B01
201300044785;0;7;0;0;2;3;15;A01
201300044786;0;7;0;0;1;1;1;A01
201300044787;0;7;0;0;1;3;15;A01
201300044788;0;2;0;0;2;1;17;A01
201300044788;0;7;0;0;2;1;1;B01
201300044789;0;7;0;0;2;3;1;A01
201300044789;0;7;0;0;2;4;11;B01
201300044790;0;7;0;0;1;2;1;A01
201300044791;0;32;0;0;2;7;15;A01
201300044791;0;7;0;0;2;6;15;B01
201300044792;0;7;0;0;1;7;1;A01
201300044793;0;7;0;0;2;4;2;B01
201300044793;0;7;0;0;2;1;1;A01
201300044794;0;33;0;0;2;2;17;A01
201300044794;0;7;0;0;0;3;9;B01
201300044795;0;30;0;0;1;1;1;A01
201300044796;0;7;0;0;1;3;1;A01
201300044797;0;7;0;1;0;1;13;A01
201300044798;0;10;0;0;1;1;15;A01
201300044799;0;14;0;0;1;2;1;A01
201300044800;0;30;0;0;2;1;1;A01
201300044800;0;10;0;0;2;7;1;B01
201300044801;0;7;0;12;0;2;14;A01
201300044802;0;30;0;0;2;1;1;A01
201300044802;0;7;0;0;2;3;15;B01
201300044803;0;2;0;0;2;1;9;A01
201300044803;1;7;0;0;2;1;1;Z01
201300044804;0;7;0;0;2;3;15;A01
201300044804;0;7;0;0;2;3;9;B01
201300044805;0;7;0;0;1;1;1;A01
201300044806;0;7;0;0;2;1;1;A01
201300044806;0;7;0;0;0;4;2;B01
201300044807;0;7;0;0;1;2;16;A01
201300044808;0;7;0;0;1;1;1;A01
201300044809;0;7;0;0;2;3;10;A01
201300044809;0;33;0;0;2;1;1;B01
201300044810;0;7;0;0;2;2;17;B01
201300044810;0;2;0;0;2;3;1;A01
201300044811;2;7;0;1;0;3;13;A01
201300044812;0;30;0;16;0;8;;A01
201300044813;0;2;0;1;2;1;17;A01
201300044813;0;7;0;0;2;3;15;B01
201300044814;0;7;0;0;2;5;15;A01
201300044814;0;30;0;0;2;1;1;B01
201300044815;0;7;0;0;2;8;1;B01
201300044815;0;7;0;0;2;3;1;A01
201300044816;0;2;0;16;0;9;1;A01
201300044817;0;7;0;0;2;2;19;A01
201300044817;0;33;0;0;2;1;17;B01
201300044818;0;7;0;0;1;7;1;A01
201300044819;0;7;0;0;2;2;1;B01
201300044819;0;7;0;0;2;3;1;A01
201300044820;1;7;0;0;1;0;0;Z01
201300044821;0;2;0;16;0;7;0;A01
201300044822;0;33;0;16;0;8;21;A01
201300044823;0;2;0;8;0;2;21;A01
201300044823;0;7;0;0;0;0;20;B01
201300044824;0;7;0;0;2;2;1;A01
201300044824;0;7;0;0;2;3;9;B01
201300044825;0;10;0;0;1;1;15;A01
201300044826;0;33;0;0;2;7;1;A01
201300044826;0;15;0;0;2;4;9;B01
201300044826;0;10;0;;2;1;6;C01
201300044827;0;2;0;0;2;1;3;A01
201300044827;0;7;0;0;2;3;9;B01
201300044828;0;7;0;6;2;3;1;A01
201300044828;0;7;0;0;2;2;1;B01
201300044829;0;7;0;0;2;4;2;B01
201300044829;0;7;0;0;2;1;1;A01
201300044829;0;7;0;0;2;4;2;C01
201300044830;0;34;0;0;2;2;1;A01
201300044830;0;7;0;0;2;7;15;B01
201300044831;0;7;0;0;1;2;1;A01
201300044832;0;30;0;0;2;1;1;A01
201300044832;0;7;0;0;2;1;21;B01
201300044833;0;7;0;0;1;1;20;A01
201300044834;0;7;0;0;2;1;1;B01
201300044834;0;7;0;0;2;3;1;A01
201300044835;0;30;0;0;2;1;1;B01
201300044835;0;7;0;0;2;3;1;A01
201300044836;0;7;0;6;0;3;13;A01
201300044837;0;32;0;0;2;1;1;B01
201300044837;0;7;0;0;2;3;15;A01
201300044838;1;99;0;0;0;0;0;Z01
201300044838;0;2;0;0;2;8;1;B01
201300044839;0;32;0;0;2;1;1;A01
201300044839;0;7;0;0;2;2;1;B01
201300044840;0;7;0;0;1;1;1;A01
201300044841;0;30;0;0;2;2;3;A01
201300044841;1;7;0;0;0;;0;Z01
201300044842;0;7;0;0;1;2;1;A01
201300044843;0;7;0;14;0;3;1;A01
201300044844;0;3;0;0;2;7;1;A01
201300044844;0;7;0;0;2;1;1;B01
201300044845;0;10;0;0;2;3;1;B01
201300044845;0;7;0;0;2;2;1;A01
201300044846;0;7;0;0;2;1;1;B01
201300044846;0;7;0;0;2;4;2;A01
201300044847;0;7;0;0;2;4;23;B01
201300044847;0;10;0;0;2;3;1;A01
201300044848;0;7;0;0;2;6;9;A01
201300044848;0;7;0;0;2;1;1;B01
201300044849;0;7;0;15;0;1;1;A01
201300044850;0;7;0;12;0;0;14;A01
201300044851;0;7;0;0;1;2;1;A01
201300044852;0;7;0;0;1;2;1;A01
201300044853;1;15;0;0;2;0;1;Z01
201300044853;0;1;0;0;2;8;1;A01
201300044854;0;7;0;0;1;3;1;A01
201300044855;0;7;0;0;2;3;2;B01
201300044855;0;2;0;0;2;1;1;A01
201300044856;0;7;0;16;0;1;14;A01
201300044857;0;7;0;0;1;2;1;A01
201300044858;0;7;0;0;2;1;1;B01
201300044858;0;7;0;0;2;1;5;A01
201300044859;0;7;0;2;0;3;13;A01
201300044860;0;7;0;0;2;2;1;A01
201300044860;0;33;0;0;2;6;3;B01
201300044861;0;7;0;0;2;4;2;B01
201300044861;0;7;0;14;2;1;1;A01
201300044862;0;7;0;3;0;9;13;A01
201300044863;0;7;0;0;1;2;1;A01
201300044864;0;7;0;0;2;1;1;B01
201300044864;0;7;0;0;2;2;5;A01
201300044865;0;7;0;14;0;2;1;A01
201300044866;0;7;0;0;1;7;20;A01
201300044867;0;33;0;14;2;1;5;A01
201300044867;0;7;0;0;2;1;1;B01
201300044868;0;33;0;0;1;1;1;A01
201300044869;0;10;0;0;1;2;1;A01
201300044870;0;7;0;0;0;1;1;A01
201300044870;0;7;0;0;2;4;2;B01
201300044870;0;7;0;0;2;8;9;C01
201300044870;0;7;0;0;2;1;1;D01
201300044871;0;7;0;1;1;3;1;A01
201300044872;0;7;0;0;1;2;1;A01
201300044873;1;2;0;0;1;0;0;Z01
201300044874;1;7;0;0;1;1;0;Z01
201300044875;0;30;0;0;2;5;3;B01
201300044875;0;7;0;0;2;2;21;A01
201300044876;0;7;0;0;1;2;17;A01
201300044877;0;1;0;0;2;1;9;B01
201300044877;0;7;0;0;2;2;1;A01
201300044878;1;7;0;0;1;3;15;Z01
201300044879;0;7;0;0;2;1;1;A01
201300044879;0;7;0;0;2;4;23;C01
201300044879;0;7;0;0;2;9;23;B01
201300044880;0;32;0;0;2;2;1;B01
201300044880;0;7;0;0;2;3;1;A01
201300044881;0;7;0;0;1;7;1;A01
201300044882;0;7;0;0;1;1;1;A01
201300044883;0;14;0;0;0;4;23;B01
201300044883;0;7;0;1;0;1;1;A01
201300044884;0;7;0;0;1;2;1;A01
201300044885;0;7;0;0;1;2;1;A01
201300044886;0;7;0;0;2;1;1;A01
201300044886;0;7;0;0;0;4;23;B01
201300044887;0;7;0;0;1;2;1;A01
201300044888;0;30;0;0;2;4;2;B01
201300044888;0;7;0;0;2;3;15;A01
201300044889;0;7;0;0;1;1;11;A01
201300044890;0;7;0;0;2;4;12;A01
201300044890;0;31;0;0;2;3;17;B01
201300044891;0;1;0;0;2;4;1;B01
201300044891;0;7;0;0;2;7;9;A01
201300044892;0;7;0;0;2;1;1;A01
201300044892;0;2;0;0;2;1;1;B01
201300044893;0;33;0;6;0;1;1;A01
201300044894;0;10;0;0;1;1;15;A01
201300044895;1;7;0;0;2;;17;Z01
201300044895;0;33;0;0;2;8;1;A01
201300044896;0;7;0;0;1;7;1;A01
201300044897;0;7;0;0;1;1;1;A01
201300044898;0;33;0;0;0;1;1;B01
201300044898;0;7;0;0;2;8;10;A01
201300044899;0;7;0;0;1;1;15;A01
201300044900;0;7;0;0;2;2;1;A01
201300044900;0;1;0;0;2;1;1;B01
201300044901;0;7;0;0;2;3;15;A01
201300044901;0;32;0;0;2;1;17;B01
201300044902;0;7;0;0;2;1;1;A01
201300044902;0;7;0;0;2;1;17;B01
201300044903;0;7;0;1;2;2;1;A01
201300044903;0;2;0;0;2;1;1;B01
201300044904;0;33;0;0;2;1;9;B01
201300044904;0;7;0;0;2;1;21;A01
201300044905;0;7;0;0;1;3;15;A01
201300044906;0;7;0;0;2;2;19;A01
201300044906;0;30;0;0;2;3;1;B01
201300044907;0;7;0;0;1;3;1;A01
201300044908;0;10;0;0;2;2;10;B01
201300044908;0;13;0;1;2;8;1;C01
201300044908;1;30;0;0;0;0;0;Z01
201300044909;0;7;0;0;2;3;13;A01
201300044909;0;7;0;0;2;3;23;B01
201300044910;0;7;0;16;0;1;1;A01
201300044911;0;2;0;0;2;1;17;A01
201300044911;0;10;0;0;2;3;15;B01
201300044912;0;7;0;0;1;2;1;A01
201300044913;0;7;0;0;1;4;4;A01
201300044914;0;7;0;0;1;2;1;A01
201300044915;0;30;0;0;2;7;1;B01
201300044915;0;7;0;0;2;1;9;A01
201300044916;0;7;0;0;2;2;10;B01
201300044916;0;7;0;0;2;1;1;A01
201300044917;0;2;0;0;1;1;1;A01
201300044918;0;7;0;0;1;2;1;A01
201300044919;0;7;0;1;0;2;14;A01
201300044920;0;14;0;0;2;5;1;A01
201300044920;0;7;0;0;2;1;9;B01
201300044921;1;7;0;0;1;0;0;Z01
201300044922;0;1;0;0;2;1;1;A01
201300044922;0;33;0;0;2;1;1;B01
201300044923;0;7;0;14;0;3;13;A01
201300044924;0;37;1;6;0;1;16;A01
201300044925;0;7;0;0;1;2;1;A01
201300044926;0;7;0;14;0;2;14;A01
201300044927;0;30;0;15;0;1;1;A01
201300044928;0;31;0;0;2;2;5;A01
201300044928;0;7;0;0;2;1;1;B01
201300044929;0;7;0;0;2;1;1;A01
201300044929;0;7;0;0;0;4;2;B01
201300044930;0;20;0;0;1;2;1;A01
201300044931;0;37;1;0;2;3;15;B01
201300044931;0;32;0;0;2;2;17;A01
201300044932;0;7;0;0;1;7;1;A01
201300044933;0;30;0;0;2;8;13;B01
201300044933;0;7;0;0;2;3;15;A01
201300044934;0;7;0;0;2;3;15;A01
201300044934;0;30;0;0;2;5;17;B01
201300044935;0;33;0;16;0;8;21;A01
201300044936;0;10;0;1;1;2;1;A01
201300044936;0;7;0;0;0;8;24;B01
201300044937;0;30;0;0;2;1;1;A01
201300044937;0;7;0;0;2;4;2;B01
201300044938;0;7;0;12;0;1;13;A01
201300044939;0;33;0;0;2;1;5;A01
201300044939;0;7;0;0;2;1;1;B01
201300044940;0;33;0;0;2;1;1;A01
201300044940;1;7;0;0;2;7;16;Z01
201300044941;0;7;0;0;2;8;15;B01
201300044941;0;2;0;0;2;3;1;A01
201300044942;0;7;0;0;2;4;2;B01
201300044942;0;7;0;0;2;1;1;A01
201300044943;0;7;0;0;2;2;9;A01
201300044943;0;34;0;0;2;3;1;B01
201300044944;0;7;0;0;1;2;1;A01
201300044945;0;7;0;0;1;1;1;A01
201300044946;0;30;0;0;2;7;17;B01
201300044946;0;7;0;0;2;8;15;A01
201300044947;0;7;0;0;2;3;15;B01
201300044947;0;37;1;0;2;2;1;A01
201300044948;0;7;0;0;1;1;1;A01
201300044949;0;30;0;16;0;8;1;A01
201300044950;0;2;0;0;2;1;1;B01
201300044950;0;7;0;0;2;7;1;A01
201300044951;0;31;0;0;2;1;15;B01
201300044951;0;7;0;0;2;1;1;A01
201300044952;0;7;0;0;2;1;1;B01
201300044952;0;7;0;0;2;4;2;A01
201300044953;0;7;0;0;2;3;9;A01
201300044953;0;7;0;0;2;1;1;B01
201300044954;0;30;0;0;2;1;1;B01
201300044954;0;7;0;0;2;3;15;A01
201300044955;0;2;0;0;2;1;1;A01
201300044955;0;7;0;0;2;6;9;B01
201300044956;0;7;0;0;2;2;9;A01
201300044956;0;1;0;0;2;1;1;B01
201300044957;0;30;0;0;2;1;1;B01
201300044957;1;99;0;0;0;0;10;Z01
201300044958;0;7;0;0;2;2;1;A01
201300044958;0;7;0;0;2;3;15;B01
201300044959;0;31;0;0;2;1;5;A01
201300044959;0;7;0;0;2;1;16;B01
201300044960;0;7;0;1;0;2;1;A01
201300044961;0;7;0;0;2;1;1;A01
201300044961;0;7;0;0;2;4;23;B01
201300044961;0;7;0;0;2;4;23;C01
201300044962;0;7;0;0;2;7;19;A01
201300044962;0;33;0;0;2;1;1;B01
201300044963;0;7;0;0;2;4;2;B01
201300044963;0;7;0;0;2;1;1;A01
201300044964;0;33;0;0;2;1;1;B01
201300044964;0;7;0;0;2;5;20;A01
201300044965;0;7;0;0;1;1;1;A01
201300044966;0;1;0;0;2;1;9;A01
201300044966;0;7;0;0;2;2;1;B01
201300044967;0;1;0;16;0;1;1;A01
201300044968;0;33;0;0;2;6;1;B01
201300044968;0;7;0;0;2;2;15;A01
201300044969;0;7;0;0;1;2;1;A01
201300044970;0;7;0;0;2;3;9;A01
201300044970;0;31;0;0;2;1;1;B01
201300044971;0;7;0;0;2;8;19;B01
201300044971;0;14;0;0;2;7;12;A01
201300044972;0;7;0;11;;1;7;A01
201300044973;0;1;0;0;2;2;1;A01
201300044973;0;7;0;0;2;2;1;B01
201300044974;0;7;0;0;2;3;9;A01
201300044974;0;30;0;0;2;5;9;B01
201300044975;0;7;0;1;0;1;13;A01
201300044976;0;33;0;16;0;9;1;A01
201300044977;0;10;0;0;1;1;1;A01
201300044978;0;7;0;6;0;1;1;A01
201300044979;0;7;0;0;2;3;9;A01
201300044979;0;2;0;0;2;1;1;B01
201300044980;0;7;0;1;2;1;1;A01
201300044981;0;7;0;0;2;7;15;A01
201300044981;0;7;0;0;2;1;1;B01
201300044982;0;7;0;0;1;2;1;A01
201300044983;0;7;0;0;1;2;1;A01
201300044984;0;7;0;0;1;1;16;A01
201300044985;0;7;0;0;2;2;15;A01
201300044985;0;33;0;0;2;1;1;B01
201300044986;0;7;0;0;1;1;1;A01
201300044987;0;7;0;0;2;1;1;B01
201300044987;0;7;0;0;2;5;2;A01
201300044988;0;1;0;0;2;4;15;A01
201300044988;0;10;0;0;2;1;1;B01
201300044989;0;33;0;0;2;1;18;A01
201300044989;0;7;0;0;2;3;15;B01
201300044990;0;1;0;0;2;3;9;A01
201300044990;0;7;0;0;2;2;16;B01
201300044991;0;7;0;0;1;8;1;A01
201300044992;0;37;0;0;2;5;2;B01
201300044992;0;7;0;0;2;1;1;A01
201300044993;0;7;0;0;2;1;15;A01
201300044993;0;7;0;0;2;3;1;B01
201300044994;0;7;0;12;0;2;14;A01
201300044995;0;7;0;1;0;2;14;A01
201300044996;0;7;0;0;1;3;15;A01
201300044997;0;7;0;0;1;3;15;A01
201300044998;0;7;0;0;2;2;15;A01
201300044998;0;1;0;0;2;1;1;B01
201300044999;0;7;0;0;2;6;2;B01
201300044999;0;30;0;0;2;2;1;A01
201300045000;0;7;0;0;1;1;1;A01
201300045001;0;7;0;0;1;1;1;A01
201300045002;0;7;0;0;1;3;1;A01
201300045003;0;7;0;0;1;1;1;A01
201300045004;0;7;0;1;2;2;1;A01
201300045005;1;7;0;0;1;2;1;Z01
201300045006;0;7;0;0;2;3;9;A01
201300045006;0;7;0;0;2;2;1;B01
201300045007;0;7;0;1;0;1;1;A01
201300045008;0;7;0;0;2;2;11;A01
201300045008;0;7;0;0;2;3;1;B01
201300045009;0;7;0;0;2;2;15;A01
201300045009;0;33;0;0;2;1;1;B01
201300045010;0;7;0;0;2;3;1;B01
201300045010;0;7;0;0;2;7;1;A01
201300045011;0;7;0;0;1;1;1;A01
201300045012;0;7;0;8;0;1;1;A01
201300045013;0;7;0;0;1;3;1;A01
201300045014;1;7;0;0;1;1;1;Z01
201300045015;0;7;0;0;1;2;1;A01
201300045016;0;7;0;8;0;7;5;A01
201300045017;0;7;0;0;1;1;1;A01
201300045018;0;7;0;0;2;5;15;B01
201300045018;0;34;0;0;2;1;1;A01
201300045019;1;10;0;0;1;0;16;Z01
201300045020;0;31;0;0;2;7;1;B01
201300045020;1;7;0;0;2;0;0;Z01
201300045021;0;7;0;0;1;2;15;A01
201300045022;0;7;0;0;2;4;2;A01
201300045022;0;7;0;0;2;1;1;B01
201300045023;0;7;0;13;0;1;14;A01
201300045024;0;33;0;0;2;1;1;B01
201300045024;0;7;0;0;2;2;15;A01
201300045025;0;7;0;0;2;3;1;B01
201300045025;0;7;0;0;2;3;15;A01
201300045026;0;7;0;0;2;1;1;A01
201300045026;0;7;0;0;0;3;1;B01
201300045027;1;10;0;0;2;1;1;Z01
201300045027;0;7;0;0;2;8;1;A01
201300045028;0;7;0;0;2;2;1;A01
201300045028;0;7;0;0;2;3;1;B01
201300045029;0;7;0;0;2;3;1;A01
201300045029;0;7;0;0;2;4;2;B01
201300045030;0;38;1;0;1;2;1;A01
201300045031;1;7;0;0;1;2;1;Z01
201300045032;0;7;0;0;2;1;1;A01
201300045032;0;7;0;0;2;4;2;B01
201300045033;1;7;0;0;1;1;1;Z01
201300045034;0;7;0;0;1;1;1;Z01
201300045035;0;7;0;0;2;1;1;A01
201300045035;0;7;0;0;2;3;9;B01
201300045036;0;7;0;0;2;2;2;A01
201300045036;0;2;0;0;2;4;2;B01
201300045037;0;7;0;0;1;2;1;A01
201300045038;0;7;0;0;2;2;1;A01
201300045038;0;7;0;0;2;3;1;B01
201300045039;0;7;0;0;2;3;10;A01
201300045039;0;34;0;0;2;1;1;B01
201300045040;0;7;0;0;2;7;1;B01
201300045040;0;7;0;0;2;1;1;A01
201300045041;0;7;0;0;1;7;1;A01
201300045042;0;7;0;0;1;3;1;A01
201300045043;1;7;0;0;1;0;1;Z01
201300045044;1;7;0;0;2;1;1;Z01
201300045044;0;7;0;0;2;8;1;A01
201300045045;0;7;0;0;2;3;1;B01
201300045045;0;33;0;0;2;1;13;A01
201300045046;0;14;0;0;2;4;2;A01
201300045046;0;7;0;0;2;2;1;B01
201300045047;0;10;0;0;1;4;4;A01
201300045048;0;2;0;0;2;1;1;B01
201300045048;0;7;0;0;2;2;15;A01