num_acc;senc;catv;occutc;obs;obsm;choc;manv;num_veh
201300045049;0;7;0;0;1;2;1;A01
201300045050;1;7;0;0;1;2;1;Z01
201300045051;0;2;0;1;0;1;9;A01
201300045052;0;33;0;0;2;7;13;B01
201300045052;0;7;0;0;2;8;13;A01
201300045053;0;7;0;0;1;1;1;A01
201300045054;0;7;0;0;1;1;1;A01
201300045055;0;7;0;0;1;1;1;A01
201300045056;0;7;0;0;2;5;2;B01
201300045056;0;7;0;0;2;3;9;A01
201300045057;0;7;0;16;;4;1;A01
201300045058;0;7;0;14;2;1;1;A01
201300045058;0;7;0;0;2;4;1;B01
201300045059;0;7;0;0;1;1;1;A01
201300045060;0;7;0;1;1;3;1;A01
201300045061;0;7;0;0;1;3;1;A01
201300045062;0;7;0;0;2;1;1;B01
201300045062;0;7;0;0;2;1;1;A01
201300045063;0;1;0;0;2;8;1;A01
201300045063;1;7;0;0;0;0;0;Z01
201300045064;0;7;0;0;1;2;1;A01
201300045065;0;1;0;0;2;7;19;B01
201300045065;0;7;0;0;2;1;1;A01
201300045066;0;7;0;0;2;1;1;B01
201300045066;0;2;0;0;2;1;1;A01
201300045067;0;7;0;0;2;1;9;A01
201300045067;0;7;0;0;2;5;23;B01
201300045068;0;7;0;0;1;1;1;A01
201300045069;0;7;0;0;1;1;1;A01
201300045070;0;10;0;1;0;2;14;A01
201300045071;0;7;0;0;2;3;1;B01
201300045071;0;30;0;0;2;7;17;A01
201300045072;0;7;0;0;1;4;4;A01
201300045073;0;7;0;0;1;1;1;A01
201300045074;0;7;0;0;1;2;1;A01
201300045075;0;7;0;0;1;1;1;A01
201300045076;0;34;0;0;2;1;1;A01
201300045076;1;7;0;0;4;2;9;Z01
201300045077;0;7;0;0;1;3;1;A01
201300045078;0;7;0;0;1;3;1;A01
201300045079;0;7;0;0;1;2;16;A01
201300045080;0;2;0;0;2;8;1;B01
201300045080;0;7;0;0;2;1;1;A01
201300045081;0;1;0;0;2;8;1;A01
201300045081;1;99;0;0;0;0;0;Z01
201300045082;0;7;0;0;2;1;13;A01
201300045082;0;34;0;0;2;1;1;B01
201300045083;0;7;0;0;2;7;12;A01
201300045083;0;33;0;0;2;8;1;B01
201300045084;0;7;0;0;2;4;2;A01
201300045084;0;7;0;0;2;1;1;B01
201300045085;0;7;0;0;2;8;1;B01
201300045085;0;31;0;0;2;1;1;A01
201300045086;0;7;0;0;2;1;15;B01
201300045086;0;7;0;0;2;1;1;A01
201300045087;0;7;0;0;1;2;1;A01
201300045088;0;7;0;0;2;1;13;A01
201300045088;0;7;0;0;2;1;1;B01
201300045088;0;7;0;0;2;1;2;C01
201300045089;0;7;0;0;1;1;1;A01
201300045090;0;7;0;0;1;1;1;A01
201300045091;0;7;0;0;1;3;1;A01
201300045092;0;7;0;0;1;1;1;A01
201300045093;0;7;0;0;2;8;9;A01
201300045093;0;7;0;0;2;1;1;B01
201300045094;0;7;0;0;1;2;1;A01
201300045095;0;7;0;3;0;9;14;A01
201300045096;0;7;0;0;1;1;16;A01
201300045097;1;10;0;0;1;0;1;Z01
201300045098;0;7;0;0;2;1;1;A01
201300045098;0;10;0;0;2;4;2;B01
201300045099;0;7;0;0;2;7;1;A01
201300045099;0;7;0;0;2;1;23;C01
201300045099;0;7;0;0;2;1;1;B01
201300045100;0;33;0;0;2;1;1;A01
201300045100;0;7;0;0;2;2;15;B01
201300045101;0;7;0;0;2;1;1;B01
201300045101;0;7;0;0;2;1;13;A01
201300045102;0;7;0;0;2;4;4;B01
201300045102;0;2;0;0;2;2;18;A01
201300045103;0;7;0;0;1;3;1;A01
201300045104;0;1;0;0;1;1;1;A01
201300045105;0;33;0;0;2;1;1;A01
201300045105;0;7;0;0;2;8;1;B01
201300045106;0;7;0;0;2;9;23;B01
201300045106;0;7;0;0;2;9;23;C01
201300045106;0;13;0;0;2;1;1;A01
201300045106;0;7;0;0;2;9;23;D01
201300045106;0;7;0;0;0;4;23;E01
201300045107;0;7;0;0;2;8;10;A01
201300045107;0;33;0;0;2;1;1;B01
201300045108;0;7;0;0;2;3;15;B01
201300045108;0;7;0;0;2;2;0;A01
201300045109;0;7;0;0;1;1;0;A01
201300045110;0;7;0;0;1;1;0;A01
201300045111;0;7;0;0;2;8;0;A01
201300045111;0;7;0;0;0;2;0;B01
201300045112;0;7;0;0;1;8;0;A01
201300045113;0;7;0;0;1;7;20;A01
201300045114;0;7;0;0;2;1;1;A01
201300045114;0;7;0;0;2;7;13;B01
201300045115;0;17;0;3;1;0;2;A01
201300045116;0;7;0;0;2;7;0;A01
201300045116;0;7;0;0;2;1;0;B01
201300045117;0;7;0;0;2;3;0;A01
201300045117;0;15;0;0;2;3;0;B01
201300045117;0;7;0;0;2;1;0;C01
201300045118;0;7;0;0;1;1;1;A01
201300045119;0;7;0;0;2;8;5;B01
201300045119;0;7;0;0;2;8;1;A01
201300045119;0;7;0;0;2;2;1;C01
201300045120;0;7;0;0;2;4;2;C01
201300045120;0;7;0;0;2;4;2;B01
201300045120;0;7;0;0;2;1;1;A01
201300045121;0;7;0;0;2;4;2;B01
201300045121;0;7;0;0;2;1;1;A01
201300045122;0;7;0;0;1;1;1;A01
201300045123;0;7;0;0;1;1;1;A01
201300045124;0;7;0;0;1;7;1;A01
201300045125;0;7;0;0;1;2;1;A01
201300045126;0;7;0;0;1;1;1;A01
201300045127;0;7;0;0;2;3;9;A01
201300045127;0;33;0;0;2;1;1;B01
201300045128;0;7;0;0;1;2;1;A01
201300045129;1;7;0;0;1;1;15;Z01
201300045130;0;7;0;0;1;3;1;A01
201300045131;0;37;1;0;2;6;2;B01
201300045131;0;34;0;0;2;1;1;A01
201300045132;1;30;0;0;1;1;1;A01
201300045133;0;7;0;2;0;1;12;A01
201300045134;0;7;0;0;1;1;1;A01
201300045135;1;7;0;0;2;0;0;Z01
201300045135;0;34;0;0;2;3;1;A01
201300045136;0;7;0;0;1;1;1;A01
201300045137;0;7;0;0;1;6;20;A01
201300045138;0;7;0;0;2;1;1;A01
201300045138;0;7;0;0;2;4;2;C01
201300045138;0;7;0;0;2;4;2;B01
201300045139;0;7;0;0;1;1;1;A01
201300045140;0;7;0;0;1;3;18;A01
201300045141;0;7;0;0;2;5;15;A01
201300045141;0;33;0;8;2;1;2;B01
201300045142;0;7;0;0;1;2;1;A01
201300045143;0;7;0;0;1;1;1;A01
201300045144;0;7;0;3;2;1;6;B01
201300045144;0;7;0;0;2;1;1;A01
201300045145;0;7;0;9;1;1;1;A01
201300045146;0;7;0;0;2;4;1;B01
201300045146;0;7;0;0;2;1;1;A01
201300045147;0;7;0;0;1;1;1;A01
201300045148;0;7;0;0;2;3;15;B01
201300045148;0;7;0;0;2;2;16;A01
201300045149;0;7;0;0;1;1;1;A01
201300045150;0;10;0;0;2;3;9;A01
201300045150;0;1;0;0;2;7;1;B01
201300045151;0;1;0;0;2;1;1;A01
201300045151;0;7;0;0;2;4;1;B01
201300045152;0;30;0;0;2;1;1;A01
201300045152;1;32;0;0;2;7;1;Z01
201300045153;0;7;0;0;1;1;1;A01
201300045154;0;7;0;0;1;2;1;A01
201300045155;0;21;0;0;2;3;1;A01
201300045155;0;7;0;0;2;4;23;B01
201300045156;0;7;0;0;2;2;15;B01
201300045156;0;30;0;0;2;1;1;A01
201300045157;0;30;0;0;2;1;1;B01
201300045157;0;1;0;0;2;6;15;A01
201300045158;0;33;0;8;0;1;1;A01
201300045159;0;33;0;0;2;8;1;B01
201300045159;0;7;0;0;2;7;15;A01
201300045160;0;30;0;8;0;8;17;A01
201300045161;0;7;0;0;2;5;15;A01
201300045161;0;30;0;0;2;1;1;B01
201300045162;0;7;0;0;1;1;1;A01
201300045163;0;30;0;0;2;1;1;B01
201300045163;0;7;0;0;2;5;15;A01
201300045164;0;7;0;0;2;4;2;A01
201300045164;0;7;0;0;2;4;2;B01
201300045164;0;7;0;0;2;1;1;C01
201300045165;1;15;0;5;1;5;16;Z01
201300045166;0;14;0;0;1;2;1;A01
201300045167;0;7;0;0;2;1;1;A01
201300045167;0;10;0;0;2;1;2;B01
201300045167;0;14;0;0;2;4;2;C01
201300045168;0;7;0;0;1;1;1;A01
201300045169;0;2;0;0;2;3;19;A01
201300045169;0;33;0;0;2;1;1;B01
201300045170;0;7;0;0;2;3;9;A01
201300045170;0;33;0;0;2;1;1;B01
201300045171;0;7;0;0;0;1;1;A01
201300045172;0;7;0;8;0;1;1;A01
201300045173;0;7;0;0;2;2;1;A01
201300045173;0;7;0;0;2;3;9;B01
201300045174;0;7;0;0;1;2;15;A01
201300045175;0;32;0;0;2;1;17;A01
201300045175;0;7;0;0;2;3;15;B01
201300045176;0;2;0;0;2;1;2;A01
201300045176;0;7;0;0;0;4;23;B01
201300045177;0;7;0;0;2;3;11;A01
201300045177;0;30;0;0;2;7;1;B01
201300045178;0;7;0;13;2;1;1;A01
201300045178;0;2;0;0;2;1;1;B01
201300045179;0;7;0;0;2;1;1;A01
201300045179;0;10;0;0;2;4;1;B01
201300045180;0;33;0;10;0;1;1;A01
201300045181;0;31;0;0;1;3;3;A01
201300045182;0;7;0;0;1;1;1;A01
201300045183;0;7;0;0;2;2;5;A01
201300045183;0;10;0;0;2;1;1;B01
201300045184;0;7;0;0;2;2;12;A01
201300045184;0;2;0;0;2;6;1;B01
201300045185;0;7;0;14;0;1;1;A01
201300045186;0;31;0;0;2;1;17;A01
201300045186;0;7;0;0;2;1;1;B01
201300045187;0;14;0;0;0;0;9;A01
201300045187;0;33;0;0;0;0;1;B01
201300045188;0;7;0;4;2;4;1;B01
201300045189;0;32;0;0;1;1;17;A01
201300045190;0;2;0;0;2;3;1;A01
201300045190;0;7;0;0;2;4;1;B01
201300045191;0;10;0;0;1;2;1;A01
201300045192;0;7;0;0;2;3;15;A01
201300045192;0;33;0;0;2;1;17;B01
201300045193;0;7;0;0;2;1;13;A01
201300045193;0;7;0;0;2;3;1;B01
201300045193;0;7;0;0;2;3;1;C01
201300045194;0;10;0;0;2;2;1;A01
201300045194;0;7;0;0;2;3;9;B01
201300045195;0;10;0;0;2;1;1;A01
201300045195;0;30;0;0;2;7;19;B01
201300045196;0;7;0;0;2;1;1;A01
201300045196;0;7;0;0;2;8;9;B01
201300045197;0;7;0;0;2;1;15;A01
201300045197;0;33;0;0;2;1;1;B01
201300045198;0;7;0;0;2;1;2;A01
201300045198;0;7;0;0;0;4;1;B01
201300045199;0;7;0;0;2;3;15;A01
201300045199;0;32;0;0;2;1;1;B01
201300045200;0;33;0;0;1;1;17;A01
201300045201;0;7;0;0;2;8;11;A01
201300045201;0;7;0;4;2;2;1;B01
201300045201;0;7;0;0;2;8;9;C01
201300045202;0;7;0;0;1;4;4;A01
201300045203;0;30;0;0;2;4;1;B01
201300045204;0;7;0;8;2;1;2;A01
201300045204;0;7;0;0;2;4;2;B01
201300045205;0;7;0;0;2;1;2;A01
201300045205;0;7;0;0;2;1;1;B01
201300045205;0;7;0;0;2;4;2;C01
201300045206;0;37;1;0;1;7;16;A01
201300045207;0;33;0;0;2;3;1;A01
201300045207;0;33;0;0;2;0;1;B01
201300045207;0;7;0;0;2;6;1;C01
201300045208;0;7;0;0;2;6;15;A01
201300045208;0;33;0;0;2;1;17;B01
201300045209;0;33;0;0;2;9;1;A01
201300045210;0;32;0;8;0;1;1;A01
201300045211;0;7;0;0;2;1;2;A01
201300045211;0;31;0;0;2;4;23;B01
201300045212;0;7;0;0;2;1;9;A01
201300045212;0;31;0;0;2;7;1;B01
201300045213;0;31;0;0;2;1;1;A01
201300045213;0;7;0;0;2;7;1;B01
201300045214;0;33;0;0;2;7;12;A01
201300045214;0;7;0;0;2;3;1;B01
201300045215;0;33;0;0;2;7;17;A01
201300045215;0;7;0;0;2;3;9;B01
201300045216;0;7;0;1;0;1;1;A01
201300045217;0;7;0;9;2;3;21;A01
201300045217;0;7;0;0;2;3;15;B01
201300045218;0;2;0;0;2;1;17;A01
201300045218;0;7;0;0;2;8;15;B01
201300045219;0;7;0;0;2;3;15;A01
201300045219;0;33;0;0;2;0;1;B01
201300045220;0;30;0;12;0;1;1;A01
201300045221;0;7;0;0;2;3;9;A01
201300045221;0;34;0;0;2;2;1;B01
201300045222;0;7;0;0;1;7;1;A01
201300045223;0;7;0;0;1;1;1;A01
201300045224;0;2;0;0;0;0;1;A01
201300045224;0;10;0;0;0;0;1;B01
201300045225;0;7;0;9;0;9;1;A01
201300045226;0;32;0;0;0;0;1;A01
201300045226;0;10;0;0;0;0;1;B01
201300045227;0;7;0;0;2;1;9;A01
201300045227;0;34;0;0;2;7;1;B01
201300045228;0;7;0;0;2;3;15;A01
201300045228;0;34;0;0;2;7;17;B01
201300045229;0;10;0;0;2;4;4;A01
201300045229;0;33;0;0;2;1;1;B01
201300045230;0;7;0;11;2;5;12;A01
201300045230;0;38;10;0;2;3;1;B01
201300045231;0;33;0;0;2;2;1;B01
201300045232;0;31;0;0;2;2;17;A01
201300045232;0;7;0;0;2;3;15;B01
201300045233;0;7;0;1;2;9;0;A01
201300045233;0;7;0;1;2;0;0;B01
201300045234;0;33;0;0;2;1;1;A01
201300045234;0;7;0;0;2;3;23;B01
201300045235;0;7;0;0;2;1;2;A01
201300045235;0;7;0;0;2;5;2;B01
201300045235;0;7;0;0;2;4;2;C01
201300045236;0;2;0;0;2;8;15;A01
201300045236;0;10;0;0;2;1;1;B01
201300045237;0;7;0;0;1;1;16;A01
201300045238;0;7;0;0;2;4;2;B01
201300045238;0;2;0;0;2;1;2;A01
201300045239;0;7;0;0;2;1;1;B01
201300045239;0;7;0;0;2;7;1;A01
201300045240;1;7;0;0;2;0;0;Z01
201300045240;0;1;0;0;2;4;1;A01
201300045241;0;7;0;0;2;4;23;C01
201300045241;0;7;0;0;2;4;23;B01
201300045241;0;7;0;0;2;1;1;A01
201300045242;0;7;0;0;2;2;1;A01
201300045242;0;7;0;0;2;1;21;B01
201300045243;0;7;0;0;2;8;15;A01
201300045243;0;32;0;0;2;1;12;B01
201300045244;0;1;0;0;2;0;15;A01
201300045244;0;33;0;0;9;0;21;B01
201300045245;0;7;0;0;2;1;19;A01
201300045245;0;7;0;0;2;1;1;B01
201300045246;0;7;0;0;2;2;1;B01
201300045246;0;1;0;0;2;7;0;A01
201300045247;0;2;0;1;2;6;1;B01
201300045247;0;7;0;0;2;2;9;A01
201300045248;0;1;0;0;2;1;1;A01
201300045248;0;7;0;0;2;6;1;B01
201300045249;0;7;0;0;2;3;23;C01
201300045249;0;2;0;0;1;8;21;A01
201300045250;0;1;0;0;2;1;1;A01
201300045250;0;10;0;0;2;8;1;B01
201300045251;0;32;0;0;2;1;1;B01
201300045251;0;7;0;0;2;7;14;A01
201300045252;0;7;0;0;1;3;1;A01
201300045253;0;7;0;8;0;1;0;A01
201300045254;0;10;0;0;1;6;4;A01
201300045255;0;7;0;0;2;2;13;A01
201300045255;0;7;0;1;2;3;1;B01
201300045256;0;7;0;0;2;4;2;B01
201300045256;0;1;0;0;2;1;2;A01
201300045257;0;33;0;0;1;0;1;A01
201300045258;0;7;0;0;2;1;2;A01
201300045258;0;10;0;0;2;4;23;C01
201300045258;0;7;0;0;2;4;2;B01
201300045259;0;7;0;0;1;8;1;A01
201300045260;0;30;0;0;2;0;0;B01
201300045260;0;7;0;0;2;3;11;A01
201300045261;0;7;0;0;1;2;1;A01
201300045262;0;7;0;0;1;3;1;A01
201300045263;0;10;0;0;2;2;2;A01
201300045263;0;7;0;0;2;4;2;B01
201300045264;0;7;0;0;2;1;1;A01
201300045264;0;2;0;0;2;1;1;B01
201300045265;0;7;0;0;2;3;0;B01
201300045265;0;33;0;0;2;8;1;A01
201300045266;0;7;0;14;0;2;1;A01
201300045267;0;7;0;0;1;1;15;A01
201300045268;1;31;0;0;1;0;0;Z01
201300045269;0;7;0;0;2;6;10;A01
201300045269;0;31;0;0;2;7;17;B01
201300045270;0;10;0;0;1;5;4;A01
201300045271;0;7;0;1;0;9;1;A01
201300045272;0;7;0;0;2;3;15;A01
201300045272;0;1;0;0;2;8;0;B01
201300045273;0;7;0;0;1;3;1;A01
201300045274;0;1;0;0;2;8;19;A01
201300045274;0;7;0;0;2;2;1;B01
201300045275;0;7;0;0;1;2;1;A01
201300045276;0;7;0;0;2;3;9;A01
201300045276;0;1;0;0;0;0;0;B01
201300045277;0;7;0;3;0;1;2;A01
201300045278;0;7;0;3;0;1;1;A01
201300045279;0;7;0;4;0;1;1;A01
201300045280;0;7;0;14;2;4;1;A01
201300045280;1;7;0;0;2;1;2;Z01
201300045281;0;7;0;0;0;9;0;A01
201300045282;0;31;0;3;0;1;13;A01
201300045283;0;7;0;0;2;8;2;B01
201300045283;0;7;0;0;2;6;1;A01
201300045283;0;10;0;0;2;2;3;C01
201300045284;0;32;0;0;2;1;1;B01
201300045284;0;7;0;0;2;8;11;A01
201300045285;0;7;0;4;0;1;1;A01
201300045286;0;7;0;0;2;3;11;C01
201300045286;0;7;0;0;2;2;1;B01
201300045286;0;33;0;0;2;5;1;A01
201300045287;0;7;0;0;2;1;1;B01
201300045287;0;7;0;0;2;4;14;A01
201300045288;0;33;0;0;2;2;3;A01
201300045288;0;32;0;0;2;6;11;B01
201300045289;0;7;0;0;2;4;2;B01
201300045289;0;7;0;0;2;4;1;A01
201300045289;0;10;0;0;2;1;2;C01
201300045290;0;14;0;0;0;4;1;A01
201300045290;0;7;0;0;0;4;1;B01
201300045290;0;7;0;0;2;1;1;C01
201300045291;0;31;0;0;2;1;3;B01
201300045291;0;7;0;0;2;6;13;A01
201300045292;0;7;0;4;0;2;1;A01
201300045293;0;7;0;0;2;4;2;A01
201300045293;0;7;0;0;2;1;2;B01
201300045294;0;7;0;3;0;2;1;A01
201300045294;0;7;0;14;0;1;1;B01
201300045294;0;7;0;0;2;1;1;C01
201300045295;0;33;0;0;0;8;1;B01
201300045295;0;7;0;4;0;1;1;C01
201300045295;0;7;0;3;0;1;1;A01
201300045296;0;7;0;3;0;0;0;A01
201300045297;0;17;0;0;2;4;1;A01
201300045297;0;14;0;0;2;1;2;B01
201300045298;0;7;0;0;2;4;2;A01
201300045298;0;7;0;0;2;4;2;B01
201300045298;0;7;0;0;2;1;2;C01
201300045299;0;7;0;0;2;8;0;A01
201300045299;0;7;0;0;0;0;0;B01
201300045300;0;33;0;0;0;8;14;A01
201300045301;0;7;0;0;2;8;1;A01
201300045301;2;7;0;0;2;2;12;B01
201300045302;0;10;0;0;2;6;11;A01
201300045302;0;14;0;0;2;2;1;B01
201300045302;0;7;0;0;2;7;1;C01
201300045303;0;7;0;0;2;9;1;A01
201300045303;0;7;0;0;2;8;2;C01
201300045303;0;7;0;0;2;6;2;B01
201300045304;0;34;0;0;2;1;3;B01
201300045304;0;7;0;0;2;3;21;A01
201300045305;0;32;0;0;0;1;1;B01
201300045305;0;10;0;0;0;5;1;A01
201300045306;0;7;0;0;9;3;2;C01
201300045306;0;7;0;3;2;9;1;A01
201300045306;0;7;0;0;2;4;2;B01
201300045307;0;17;0;0;2;2;12;A01
201300045307;0;7;0;0;0;6;2;B01
201300045308;0;7;0;0;2;1;1;B01
201300045308;0;7;0;4;2;1;1;A01
201300045309;0;7;0;0;2;1;17;A01
201300045309;0;7;0;0;2;6;1;B01
201300045310;0;10;0;3;0;1;0;A01
201300045311;0;14;0;0;0;8;13;A01
201300045311;0;10;0;0;0;7;1;B01
201300045312;0;7;0;4;2;6;1;A01
201300045312;0;14;0;0;2;2;12;B01
201300045312;0;7;0;0;2;1;21;C01
201300045313;0;33;0;0;0;9;0;A01
201300045314;0;7;0;0;2;5;1;A01
201300045314;0;7;0;0;2;6;11;B01
201300045314;0;31;0;0;2;2;3;C01
201300045315;0;7;0;0;2;2;11;B01
201300045315;0;10;0;0;2;6;1;A01
201300045316;0;7;0;14;2;1;1;A01
201300045316;0;7;0;0;2;4;23;B01
201300045317;0;7;0;0;2;4;2;A01
201300045317;0;7;0;0;2;1;1;B01
201300045318;0;7;0;0;2;4;2;C01
201300045318;0;7;0;0;2;4;2;A01
201300045318;2;7;0;0;2;1;1;E01
201300045318;0;7;0;0;2;4;2;B01
201300045318;0;7;0;0;2;4;2;D01
201300045319;0;7;0;4;0;1;1;A01
201300045320;0;7;0;14;2;4;2;A01
201300045320;0;10;0;14;2;1;1;B01
201300045321;0;10;0;0;2;6;11;A01
201300045321;0;34;0;0;2;7;1;B01
201300045322;0;33;0;0;0;7;1;A01
201300045323;0;32;0;0;2;2;17;B01
201300045323;0;7;0;0;2;6;1;A01
201300045324;0;10;0;0;2;4;2;A01
201300045324;0;7;0;0;2;4;2;B01
201300045324;0;7;0;0;2;1;2;C01
201300045325;0;15;0;3;2;8;13;A01
201300045325;0;7;0;0;2;7;1;B01
201300045325;0;7;0;3;2;4;2;C01
201300045325;0;7;0;3;2;1;2;D01
201300045326;0;7;0;0;2;4;2;A01
201300045326;0;7;0;0;2;1;2;B01
201300045326;0;10;0;0;2;1;2;C01
201300045326;0;7;0;0;2;1;2;D01
201300045327;0;7;0;3;2;3;11;A01
201300045327;0;10;0;0;2;1;21;B01
201300045328;0;32;0;0;0;8;1;A01
201300045329;0;7;0;0;2;1;1;A01
201300045329;0;7;0;0;2;5;12;B01
201300045330;0;7;0;0;0;4;2;A01
201300045330;0;7;0;0;2;1;2;B01
201300045331;0;7;0;0;0;4;2;A01
201300045331;0;7;0;0;2;4;1;B01
201300045331;0;7;0;0;2;4;2;C01
201300045331;0;10;0;0;2;4;2;D01
201300045331;0;14;0;0;2;1;2;E01
201300045332;0;7;0;0;0;4;2;B01
201300045332;0;7;0;0;0;4;2;A01
201300045332;0;7;0;0;0;8;1;C01
201300045332;0;7;0;0;2;1;2;D01
201300045333;0;10;0;0;2;4;2;A01
201300045333;0;7;0;0;2;4;2;B01
201300045333;0;10;0;0;2;4;2;C01
201300045333;0;7;0;0;2;1;2;D01
201300045334;0;7;0;0;0;4;9;A01
201300045334;0;7;0;0;2;1;2;B01
201300045334;0;7;0;0;0;8;1;C01
201300045334;0;7;0;0;0;6;1;D01
201300045335;0;7;0;0;2;4;2;B01
201300045335;0;17;0;0;2;1;1;A01
201300045336;0;15;0;0;2;2;0;A01
201300045336;0;7;0;0;2;9;9;B01
201300045337;0;31;0;0;0;8;3;A01
201300045338;0;7;0;14;0;2;1;A01
201300045338;0;7;0;14;0;1;1;B01
201300045338;0;7;0;14;0;1;1;C01
201300045338;0;7;0;14;0;1;1;D01
201300045338;0;7;0;14;0;4;0;F01
201300045338;0;7;0;14;0;0;1;E02
201300045338;1;7;0;;2;4;2;G02
201300045339;0;33;0;0;2;2;1;B01
201300045339;0;7;0;0;2;3;13;A01
201300045340;0;7;0;13;0;0;0;A01
201300045341;0;7;0;0;2;4;1;B01
201300045341;0;7;0;0;2;1;2;A01
201300045342;0;7;0;0;1;3;1;A01
201300045343;0;10;0;0;2;6;23;B01
201300045343;0;15;0;0;2;2;2;A01
201300045344;0;33;0;3;0;8;1;A01
201300045345;0;7;0;0;2;4;2;B01
201300045345;0;7;0;0;2;1;1;C01
201300045345;0;7;0;0;2;4;1;A01
201300045346;0;10;0;0;2;4;1;A01
201300045346;0;7;0;0;2;4;2;B01
201300045346;0;7;0;0;2;1;2;C01
201300045347;0;7;0;0;2;5;23;B01
201300045347;0;7;0;0;2;6;23;A01
201300045347;0;7;0;4;2;1;1;C01
201300045348;0;7;0;0;2;4;2;B01
201300045348;0;7;0;0;2;4;1;A01
201300045348;0;7;0;0;2;1;2;C01
201300045349;0;7;0;0;2;4;1;A01
201300045349;0;7;0;0;2;1;2;B01
201300045350;0;7;0;6;0;7;2;A01
201300045351;0;33;0;0;2;2;3;B01
201300045351;0;7;0;0;2;8;11;A01
201300045352;1;7;0;0;2;2;1;C01
201300045352;0;7;0;0;2;4;1;A01
201300045352;0;10;0;0;2;6;1;B01
201300045353;0;7;0;4;2;9;1;B01
201300045353;0;7;0;3;2;9;1;A01
201300045354;0;7;0;0;0;4;2;A01
201300045354;0;7;0;0;2;4;2;B01
201300045354;0;7;0;0;2;1;2;C01
201300045355;0;10;0;0;2;4;23;A01
201300045355;0;10;0;0;2;1;2;B01
201300045356;1;7;0;0;1;4;4;Z01
201300045356;0;10;0;0;0;0;24;A01
201300045357;0;7;0;3;0;8;1;A01
201300045357;1;13;0;;;;;A02
201300045358;0;10;0;0;2;1;1;A01
201300045358;0;7;0;0;2;7;19;B01
201300045359;0;7;0;0;2;4;2;A01
201300045359;0;7;0;0;2;1;2;B01
201300045360;0;7;0;1;0;3;2;C01
201300045360;0;7;0;1;0;1;2;B01
201300045360;0;7;0;0;2;4;23;A01
201300045361;0;7;0;0;2;1;2;B01
201300045361;0;7;0;0;2;4;1;A01
201300045362;0;7;0;4;0;3;13;A01
201300045363;0;7;0;4;0;9;1;A01
201300045363;0;7;0;0;2;4;1;B01
201300045363;0;7;0;0;2;1;2;C01
201300045364;0;7;0;0;2;5;12;A01
201300045364;0;33;0;0;2;1;3;B01
201300045365;0;7;0;4;0;3;13;A01
201300045366;0;7;0;0;2;1;2;A01
201300045366;0;7;0;0;0;4;2;B01
201300045366;0;7;0;0;0;8;2;C01
201300045367;0;7;0;0;2;4;23;A01
201300045367;0;7;0;0;2;1;1;B01
201300045368;0;10;0;4;2;9;14;A01
201300045368;0;15;0;0;2;8;1;B01
201300045369;0;7;0;0;2;2;12;A01
201300045369;0;33;0;0;2;1;3;B01
201300045370;0;7;0;0;2;3;2;A01
201300045370;0;7;0;0;0;2;2;B01
201300045371;0;31;0;0;2;1;3;B01
201300045371;0;7;0;0;2;4;1;C01
201300045371;0;7;0;0;2;7;12;A01
201300045372;0;10;0;0;2;4;1;B01
201300045372;0;34;0;0;2;1;21;A01
201300045373;0;7;0;0;2;8;1;A01
201300045373;0;7;0;0;2;4;12;B01
201300045373;0;33;0;0;2;1;0;C01
201300045374;0;7;0;0;2;6;0;A01
201300045374;0;33;0;0;2;1;0;B01
201300045375;0;7;0;0;2;4;1;A01
201300045375;0;7;0;0;2;1;2;B01
201300045376;0;7;0;6;2;1;11;A01
201300045376;0;7;0;0;2;1;1;B01
201300045377;0;7;0;15;0;1;1;A01
201300045378;0;7;0;0;2;1;2;B01
201300045378;0;7;0;0;2;4;1;A01
201300045379;0;7;0;4;0;3;2;A01
201300045380;0;7;0;0;2;4;2;A01
201300045380;0;7;0;0;2;1;2;B01
201300045381;0;7;0;0;0;4;11;A01
201300045381;0;33;0;0;2;1;3;B01
201300045382;0;7;0;2;9;1;1;A01
201300045383;0;14;0;0;2;1;2;B01
201300045383;0;7;0;0;2;4;1;A01
201300045384;0;31;0;0;0;7;1;A01
201300045385;0;7;0;0;2;8;19;A01
201300045385;0;7;0;0;2;7;1;B01
201300045385;0;3;0;0;2;4;1;C01
201300045386;0;7;0;0;2;1;12;A01
201300045386;0;7;0;0;0;4;1;B01
201300045386;0;7;0;0;2;1;1;C01
201300045387;0;7;0;0;2;4;1;B01
201300045387;0;7;0;0;2;4;1;A01
201300045387;0;7;0;0;2;1;2;C01
201300045388;0;7;0;4;0;3;1;A01
201300045389;0;34;0;0;0;0;1;A01
201300045390;0;7;0;0;0;4;2;A01
201300045390;0;7;0;0;2;1;1;B01
201300045390;0;15;0;0;0;1;1;C01
201300045391;0;7;0;0;2;5;12;A01
201300045391;0;31;0;0;2;1;1;B01
201300045392;0;7;0;0;2;4;1;A01
201300045392;0;33;0;0;2;8;3;B01
201300045393;0;7;0;0;2;1;2;B01
201300045393;0;7;0;0;2;4;1;A01
201300045394;0;7;0;0;2;4;2;A01
201300045394;1;7;0;0;2;1;2;B01
201300045395;0;7;0;0;2;7;1;C01
201300045395;0;10;0;0;2;8;11;A01
201300045395;0;7;0;0;2;1;11;B01
201300045396;0;33;0;0;0;8;1;A01
201300045397;0;32;0;0;2;1;2;B01
201300045397;0;7;0;0;2;4;1;A01
201300045398;0;7;0;0;2;1;1;C01