num_acc;senc;catv;occutc;obs;obsm;choc;manv;num_veh
201300045398;0;7;0;4;2;9;13;A01
201300045398;0;17;0;0;2;1;1;D01
201300045398;0;17;0;0;2;2;1;B01
201300045399;0;7;0;0;1;3;0;A01
201300045400;0;7;0;0;2;4;11;B01
201300045400;0;32;0;0;2;1;3;A01
201300045401;0;32;0;0;2;7;1;A01
201300045401;0;7;0;0;2;8;21;B01
201300045402;0;33;0;0;2;3;1;C01
201300045402;0;7;0;0;2;7;1;A01
201300045402;0;7;0;0;2;5;1;B01
201300045403;0;7;0;0;2;4;1;A01
201300045403;0;33;0;0;2;1;2;B01
201300045404;0;7;0;0;2;7;14;A01
201300045404;0;33;0;0;2;8;18;B01
201300045405;0;7;0;3;0;1;1;A01
201300045406;0;33;0;0;2;1;2;A01
201300045407;0;34;0;0;2;3;3;A01
201300045407;0;7;0;0;2;5;12;B01
201300045408;0;7;0;0;2;5;12;A01
201300045408;0;33;0;0;2;1;3;B01
201300045409;0;33;0;0;0;8;21;A01
201300045410;0;7;0;0;9;1;1;B01
201300045410;0;15;0;0;2;0;1;A01
201300045411;0;7;0;3;2;1;9;A01
201300045411;0;7;0;0;2;1;1;B01
201300045412;0;7;0;0;2;7;12;A01
201300045412;0;31;0;0;2;8;3;B01
201300045413;0;7;0;3;0;1;13;A01
201300045414;0;7;0;0;1;2;1;A01
201300045415;0;10;0;16;0;9;21;A01
201300045416;0;7;0;0;2;8;13;A01
201300045416;0;33;0;0;2;2;21;B01
201300045417;0;7;0;0;2;6;1;B01
201300045417;0;7;0;0;2;1;14;A01
201300045418;0;33;0;0;0;8;1;A01
201300045419;0;7;0;0;2;5;12;A01
201300045419;1;7;0;0;2;7;1;B01
201300045420;1;7;0;0;2;7;14;Z01
201300045420;0;7;0;0;2;8;1;A01
201300045421;0;7;0;0;2;2;14;A01
201300045421;0;7;0;0;2;3;1;B01
201300045422;0;7;0;0;2;7;12;B01
201300045422;0;33;0;0;2;8;1;A01
201300045422;0;7;0;0;2;8;1;C01
201300045423;0;7;0;0;0;4;2;A01
201300045423;0;7;0;0;2;4;2;B01
201300045423;0;7;0;0;2;1;2;C01
201300045424;0;7;0;0;0;5;0;A01
201300045424;0;33;0;0;9;1;0;B01
201300045425;0;7;0;3;0;1;0;A01
201300045426;0;34;0;0;2;2;1;B01
201300045426;0;7;0;0;2;3;13;A01
201300045426;0;33;0;0;2;3;1;C01
201300045427;0;7;0;4;0;1;1;A01
201300045428;0;7;0;4;0;3;1;A01
201300045429;0;7;0;0;2;5;23;A01
201300045429;0;33;0;0;2;4;23;B01
201300045429;0;10;0;0;2;1;2;C01
201300045430;0;7;0;0;0;3;13;A01
201300045431;0;7;0;0;2;7;12;A01
201300045431;0;33;0;6;2;8;2;B01
201300045432;0;7;0;0;2;1;2;A01
201300045432;0;7;0;0;2;4;2;B01
201300045432;0;7;0;0;2;6;1;C01
201300045433;0;7;0;0;2;6;1;A01
201300045433;0;33;0;0;2;7;3;C01
201300045433;0;7;0;0;2;3;1;B01
201300045434;0;7;0;0;2;8;11;A01
201300045434;0;33;0;0;2;7;1;B01
201300045435;0;7;0;0;2;4;1;A01
201300045435;0;7;0;0;2;4;1;B01
201300045435;0;7;0;0;2;1;2;C01
201300045436;2;7;0;0;2;1;2;A01
201300045436;0;7;0;0;0;4;2;B01
201300045437;0;7;0;0;2;7;12;A01
201300045437;0;33;0;0;2;1;3;B01
201300045438;0;7;0;4;0;1;21;A01
201300045439;0;31;0;0;0;3;1;A01
201300045440;0;7;0;4;0;8;1;A01
201300045441;0;34;0;4;0;7;1;A01
201300045442;2;7;0;0;2;3;2;B01
201300045442;0;31;0;0;2;4;1;A01
201300045443;0;33;0;0;0;8;3;A01
201300045444;0;7;0;0;2;6;12;A01
201300045444;0;33;0;0;2;1;3;B01
201300045445;0;31;0;0;0;2;1;A01
201300045446;0;7;0;0;2;8;11;A01
201300045446;0;33;0;0;2;1;3;B01
201300045446;0;10;0;0;2;5;1;C01
201300045447;0;33;0;0;2;1;1;A01
201300045447;0;7;0;0;2;6;1;B01
201300045448;0;7;0;0;2;6;11;A01
201300045448;0;31;0;0;2;1;3;B01
201300045449;0;7;0;0;2;3;1;A01
201300045449;0;34;0;0;2;2;3;B01
201300045450;0;33;0;0;0;8;1;A01
201300045451;0;7;0;0;0;5;12;A01
201300045451;0;33;0;0;2;1;3;B01
201300045452;0;7;0;14;2;7;12;A01
201300045452;0;33;0;14;2;8;2;B01
201300045453;0;7;0;14;2;3;11;A01
201300045453;0;33;0;14;2;7;1;B01
201300045454;0;10;0;4;0;1;1;A01
201300045455;0;33;0;0;2;1;2;B01
201300045455;0;7;0;0;2;6;1;A01
201300045456;0;33;0;0;2;1;1;A01
201300045456;0;7;0;0;2;5;2;B01
201300045457;0;33;0;0;0;1;2;A01
201300045458;0;7;0;0;2;1;1;A01
201300045458;0;10;0;0;2;1;13;B01
201300045459;0;7;0;0;2;4;2;B01
201300045459;0;33;0;0;2;1;2;A01
201300045460;0;7;0;0;2;1;2;A01
201300045460;0;7;0;0;2;4;1;B01
201300045461;0;33;0;0;2;7;1;A01
201300045461;1;7;0;0;2;1;11;Z01
201300045462;0;7;0;0;2;6;2;B01
201300045462;0;7;0;0;2;4;2;A01
201300045462;0;7;0;0;2;2;2;C01
201300045463;0;7;0;0;2;8;11;A01
201300045463;0;33;0;0;2;1;1;B01
201300045464;0;33;0;0;0;7;1;A01
201300045465;0;10;0;0;2;3;11;A01
201300045465;0;33;0;0;2;7;1;B01
201300045466;0;7;0;0;2;2;12;A01
201300045466;0;33;0;0;2;8;1;B01
201300045467;0;7;0;0;2;4;23;A01
201300045467;0;7;0;0;2;1;2;B01
201300045468;0;33;0;3;2;7;1;A01
201300045468;0;7;0;3;2;8;11;B01
201300045469;0;7;0;0;2;5;12;A01
201300045469;0;32;0;0;2;1;1;B01
201300045470;0;7;0;0;2;7;12;A01
201300045470;0;34;0;0;2;8;3;B01
201300045471;0;33;0;0;2;1;1;B01
201300045471;0;7;0;0;2;4;4;A01
201300045472;0;7;0;0;2;5;12;A01
201300045472;0;32;0;0;2;3;1;B01
201300045473;0;31;0;0;0;8;1;A01
201300045474;0;33;0;0;0;0;2;A01
201300045475;0;7;0;0;2;4;1;A01
201300045475;0;7;0;0;2;6;2;B01
201300045475;0;10;0;0;2;2;2;C01
201300045476;0;33;0;0;2;1;3;A01
201300045476;0;7;0;0;0;2;12;B01
201300045476;0;7;0;0;0;6;23;C01
201300045477;0;34;0;0;2;4;3;A01
201300045477;0;33;0;0;2;1;3;B01
201300045478;0;7;0;0;0;4;2;A01
201300045478;0;7;0;0;2;1;2;B01
201300045479;0;7;0;0;2;2;12;A01
201300045479;0;33;0;0;2;3;3;B01
201300045480;0;33;0;0;0;3;3;A01
201300045481;0;7;0;0;0;6;11;A01
201300045481;0;33;0;0;0;1;3;B01
201300045482;0;7;0;0;0;4;1;A01
201300045482;0;33;0;0;2;1;3;B01
201300045483;0;7;0;0;0;6;1;A01
201300045483;0;7;0;0;2;2;14;B01
201300045484;0;7;0;0;2;5;11;A01
201300045484;0;33;0;0;2;1;3;B01
201300045485;0;10;0;0;2;4;2;A01
201300045485;0;7;0;0;2;1;2;B01
201300045485;0;7;0;0;2;1;2;C01
201300045486;0;33;0;0;0;2;2;A01
201300045486;0;7;0;0;0;5;9;B01
201300045487;0;7;0;0;2;8;11;A01
201300045487;0;33;0;0;2;7;1;B01
201300045488;0;7;0;0;1;1;1;A01
201300045489;0;7;0;0;0;9;0;A01
201300045490;0;10;0;0;2;1;2;B01
201300045490;0;7;0;0;2;4;1;A01
201300045491;0;7;0;0;2;7;12;A01
201300045491;0;34;0;0;2;8;3;B01
201300045492;0;7;0;0;0;5;2;A01
201300045492;0;7;0;4;2;1;13;B01
201300045493;0;33;0;0;2;7;3;B01
201300045493;0;7;0;0;2;8;1;A01
201300045494;0;7;0;0;2;1;2;A01
201300045494;0;7;0;0;0;4;1;B01
201300045494;0;7;0;0;0;0;1;C01
201300045495;0;31;0;0;2;6;1;B01
201300045495;0;10;0;0;2;1;12;A01
201300045496;0;7;0;3;0;8;0;A01
201300045497;0;33;0;0;2;1;2;B01
201300045497;0;7;0;0;2;6;1;A01
201300045497;0;7;0;0;2;1;1;C01
201300045498;0;7;0;1;1;2;12;B01
201300045499;0;33;0;0;2;1;3;B01
201300045499;0;7;0;0;2;4;1;A01
201300045500;0;7;0;0;2;6;1;A01
201300045500;0;33;0;0;2;8;3;B01
201300045500;0;7;0;0;2;7;12;C01
201300045501;0;7;0;0;0;4;1;A01
201300045501;0;7;0;0;0;1;14;B01
201300045502;0;7;0;4;0;3;1;A01
201300045503;0;33;0;0;2;1;3;B01
201300045503;0;7;0;0;2;4;12;A01
201300045504;0;7;0;0;2;4;1;B01
201300045504;0;33;0;0;2;8;3;A01
201300045504;0;7;0;0;2;2;12;C01
201300045505;0;7;0;0;0;6;1;A01
201300045505;0;7;0;1;2;2;13;B01
201300045505;0;7;0;1;2;1;1;C01
201300045505;0;7;0;0;2;3;1;D01
201300045505;0;33;0;0;2;9;1;E01
201300045506;0;14;0;0;2;9;2;D01
201300045506;0;7;0;0;2;1;2;E01
201300045506;0;7;0;0;2;9;2;B01
201300045506;0;14;0;0;2;9;2;C01
201300045506;0;16;0;0;2;4;1;A01
201300045507;0;7;0;0;0;4;0;A01
201300045507;0;17;0;0;2;2;2;B01
201300045507;0;17;0;0;2;2;2;C01
201300045508;0;10;0;0;2;8;11;B01
201300045508;0;33;0;0;2;7;1;A01
201300045509;0;10;0;0;2;4;1;A01
201300045509;0;31;0;0;2;1;2;B01
201300045510;0;7;0;0;2;4;2;A01
201300045510;0;7;0;0;2;4;2;B01
201300045510;0;7;0;0;2;1;2;C01
201300045511;0;32;0;0;2;2;1;B01
201300045511;0;7;0;0;2;3;11;A01
201300045512;0;7;0;0;2;1;12;A01
201300045512;0;7;0;0;2;4;2;C01
201300045512;0;7;0;0;2;9;1;B01
201300045513;0;7;0;0;0;7;2;A01
201300045513;0;7;0;0;0;8;18;B01
201300045514;0;7;0;0;2;4;12;A01
201300045514;0;33;0;0;2;1;3;B01
201300045515;0;13;0;0;2;2;12;A01
201300045515;0;7;0;0;2;2;1;C01
201300045515;0;7;0;4;2;6;1;B01
201300045516;0;33;0;5;0;1;21;A01
201300045517;0;7;0;0;2;4;1;A01
201300045517;0;17;0;0;2;1;2;B01
201300045518;0;33;0;0;0;7;21;A01
201300045519;0;7;0;0;2;8;1;A01
201300045519;0;34;0;0;2;7;3;B01
201300045520;0;7;0;0;2;4;1;A01
201300045520;0;7;0;0;2;1;2;D01
201300045520;0;7;0;0;2;9;2;C01
201300045520;0;7;0;0;2;9;2;B01
201300045521;0;33;0;0;2;8;3;A01
201300045521;0;7;0;0;2;7;12;B01
201300045521;0;7;0;0;0;4;1;C01
201300045522;0;7;0;0;2;1;1;A01
201300045522;0;7;0;0;2;4;1;B01
201300045523;0;33;0;0;2;1;3;A01
201300045523;0;7;0;0;2;5;1;B01
201300045523;0;7;0;0;2;6;13;C01
201300045524;0;10;0;16;0;9;14;A01
201300045525;0;15;0;0;2;2;12;A01
201300045525;0;7;0;0;2;3;1;B01
201300045526;0;7;0;14;2;2;12;A01
201300045526;0;34;0;14;2;8;3;B01
201300045527;0;7;0;0;2;1;2;B01
201300045527;0;7;0;0;2;4;1;A01
201300045528;0;33;0;0;2;1;3;B01
201300045528;0;7;0;0;0;5;1;A01
201300045529;0;7;0;0;2;2;12;A01
201300045529;0;31;0;0;2;3;3;B01
201300045530;0;7;0;0;2;6;9;A01
201300045530;0;15;0;0;2;2;1;B01
201300045531;0;7;0;0;2;4;1;A01
201300045531;0;7;0;0;2;1;2;B01
201300045532;0;33;0;0;0;8;3;A01
201300045533;0;7;0;3;0;3;1;A01
201300045534;0;7;0;0;2;7;1;A01
201300045534;0;7;0;0;2;1;0;B01
201300045535;0;7;0;0;2;6;1;A01
201300045535;1;7;0;0;2;2;12;Z01
201300045535;0;31;0;0;2;8;1;B01
201300045536;0;7;0;0;2;4;1;C01
201300045536;0;32;0;0;2;1;3;B01
201300045536;0;38;1;0;2;5;1;A01
201300045537;0;7;0;0;2;3;1;B01
201300045537;0;7;0;0;2;7;12;C01
201300045537;0;7;0;0;2;6;1;A01
201300045538;0;7;0;0;2;4;1;B01
201300045538;0;7;0;0;2;1;2;A01
201300045539;0;7;0;0;2;1;21;B01
201300045539;0;7;0;0;2;4;21;C01
201300045539;0;10;0;4;0;3;1;A01
201300045540;0;7;0;4;0;1;12;A01
201300045541;0;31;0;0;2;8;3;A01
201300045541;0;7;0;0;2;6;1;B01
201300045542;0;15;0;1;2;6;23;A01
201300045542;0;10;0;15;2;2;1;B01
201300045543;0;7;0;0;2;4;1;A01
201300045543;0;7;0;0;2;9;2;B01
201300045543;0;10;0;0;2;1;2;C01
201300045544;0;7;0;0;0;9;1;A01
201300045545;0;7;0;13;0;7;1;A01
201300045546;0;32;0;0;0;7;1;A01
201300045547;0;32;0;0;0;8;1;A01
201300045548;0;7;0;0;2;4;9;B01
201300045548;0;17;0;0;2;4;1;C01
201300045548;0;7;0;0;2;5;1;E01
201300045548;0;17;0;0;2;3;21;F01
201300045548;0;7;0;0;2;8;1;G01
201300045548;0;7;0;0;2;4;23;A02
201300045548;0;15;0;0;2;1;1;D02
201300045549;0;7;0;14;2;1;2;C01
201300045549;0;10;0;14;2;4;2;A01
201300045549;0;7;0;14;2;9;2;B01
201300045550;0;7;0;0;2;2;12;A01
201300045550;0;33;0;0;2;8;1;B01
201300045551;0;7;0;0;2;5;12;B01
201300045551;0;33;0;0;2;8;1;A01
201300045552;0;31;0;0;0;7;3;A01
201300045553;0;33;0;0;2;8;1;A01
201300045553;1;7;0;0;2;7;12;Z01
201300045554;0;33;0;0;0;0;2;A01
201300045555;0;31;0;0;0;0;1;A01
201300045556;0;33;0;0;2;2;9;A01
201300045557;0;7;0;0;2;2;21;B01
201300045557;0;10;0;0;2;4;23;A01
201300045558;0;7;0;0;2;5;12;A01
201300045558;0;7;0;0;2;1;1;C01
201300045558;0;33;0;0;2;3;1;B01
201300045559;0;7;0;0;2;3;11;A01
201300045559;0;7;0;0;2;8;1;C01
201300045559;0;7;0;0;2;7;1;B01
201300045560;0;15;0;0;2;2;1;A01
201300045560;0;7;0;9;2;6;23;B01
201300045561;0;7;0;0;2;4;21;A01
201300045561;0;10;0;0;2;1;1;B01
201300045562;0;33;0;0;2;3;3;B01
201300045562;0;10;0;0;2;5;1;A01
201300045563;0;7;0;0;2;7;12;A01
201300045563;0;33;0;0;2;1;3;B01
201300045564;0;33;0;0;2;1;3;B01
201300045564;0;7;0;0;2;4;11;A01
201300045565;0;33;0;0;0;1;2;A01
201300045565;0;33;0;0;0;5;12;B01
201300045566;0;34;0;13;0;1;1;A01
201300045567;0;7;0;0;2;0;17;A01
201300045567;0;7;0;0;2;8;1;B01
201300045568;0;7;0;4;0;1;1;A01
201300045569;0;7;0;0;2;0;0;A01
201300045569;0;7;0;0;2;0;0;B01
201300045569;0;7;0;0;2;0;0;C01
201300045569;2;7;0;0;2;0;0;D01
201300045570;0;7;0;0;2;1;21;A01
201300045570;0;7;0;0;0;0;13;B01
201300045570;1;7;0;0;2;4;21;Z01
201300045571;0;33;0;0;0;7;1;A01
201300045572;0;7;0;0;2;4;12;A01
201300045572;0;33;0;0;2;1;3;B01
201300045573;0;31;0;0;0;7;1;A01
201300045574;0;7;0;0;2;1;2;B01
201300045574;0;7;0;0;2;4;2;A01
201300045575;0;33;0;0;2;1;21;B01
201300045575;0;7;0;0;2;4;1;A01
201300045576;0;7;0;0;2;4;1;A01
201300045576;0;33;0;0;2;1;14;B01
201300045577;0;33;0;0;0;7;3;A01
201300045578;0;7;0;0;2;9;2;C01
201300045578;0;7;0;0;2;1;2;A01
201300045578;0;7;0;0;2;9;2;B01
201300045578;0;7;0;0;2;4;1;D01
201300045579;0;13;0;0;2;1;1;D01
201300045579;0;7;0;0;2;4;12;A01
201300045579;0;10;0;0;2;1;1;C01
201300045579;0;7;0;0;2;1;1;B01
201300045580;0;7;0;0;2;1;1;A01
201300045580;0;7;0;6;2;4;1;B01
201300045581;0;7;0;2;0;4;0;A01
201300045582;0;7;0;0;2;4;23;A01
201300045582;0;10;0;0;2;1;21;B01
201300045583;0;7;0;13;0;9;21;A01
201300045584;0;7;0;14;9;1;1;A01
201300045584;0;7;0;14;0;2;1;B01
201300045585;0;7;0;0;2;6;9;A01
201300045585;0;14;0;0;2;2;1;B01
201300045586;0;7;0;0;9;1;1;A01
201300045586;0;3;0;0;0;4;0;B01
201300045586;0;33;0;0;2;1;0;C01
201300045587;0;7;0;0;0;3;11;A01
201300045587;0;33;0;0;0;7;3;B01
201300045588;0;15;0;0;2;2;12;A01
201300045588;0;7;0;0;2;6;1;B01
201300045589;0;7;0;4;2;8;13;A01
201300045589;0;10;0;0;2;7;23;C01
201300045589;0;7;0;0;2;7;1;B01
201300045590;0;7;0;0;2;5;1;A01
201300045590;0;7;0;0;2;3;13;B01
201300045591;0;7;0;0;0;4;2;C01
201300045591;0;7;0;0;2;4;2;B01
201300045591;0;10;0;0;2;1;2;A01
201300045592;0;7;0;3;0;2;1;A01
201300045593;0;7;0;0;2;4;1;E01
201300045593;0;7;0;0;2;2;23;A01
201300045593;0;33;0;0;2;1;3;C01
201300045593;0;7;0;0;0;0;11;B01
201300045593;0;15;0;0;2;8;1;D01
201300045594;0;7;0;0;2;1;2;A01
201300045594;0;7;0;0;2;4;23;B01
201300045594;0;7;0;0;2;4;23;C01
201300045595;0;34;0;0;2;1;1;A01
201300045595;0;7;0;0;2;5;11;B01
201300045596;0;10;0;0;0;4;2;A01
201300045596;0;10;0;0;2;1;2;B01
201300045597;0;33;0;0;2;3;18;A01
201300045597;0;7;0;0;2;2;1;B01
201300045598;0;7;0;0;2;4;1;A01
201300045598;0;15;0;0;2;2;1;B01
201300045598;1;15;0;0;2;1;1;Z01
201300045599;0;33;0;0;2;1;21;A01
201300045599;0;7;0;0;2;5;23;B01
201300045599;1;7;0;0;2;1;1;Z01
201300045600;0;7;0;0;2;2;12;A01
201300045600;0;33;0;0;2;1;3;B01
201300045601;0;7;0;0;2;8;2;B01
201300045601;0;7;0;5;0;3;13;A01
201300045602;0;7;0;0;0;1;14;B01
201300045602;0;7;0;0;0;4;2;A01
201300045602;0;7;0;0;0;1;2;C01
201300045602;0;7;0;0;0;1;2;D01
201300045603;0;33;0;0;2;2;1;A01
201300045603;1;7;0;0;2;6;11;Z01
201300045604;0;7;0;4;0;9;0;A01
201300045605;0;7;0;0;2;4;2;C01
201300045605;0;7;0;0;0;0;2;T01
201300045605;0;33;0;1;2;1;2;A01
201300045605;0;7;0;0;2;4;2;B01
201300045606;0;31;0;14;0;1;1;A01
201300045607;0;33;0;0;2;6;1;A01
201300045607;0;33;0;0;2;2;21;B01
201300045608;0;15;0;0;2;7;12;A01
201300045608;0;7;0;0;2;9;1;B01
201300045609;0;7;0;0;0;8;11;A01
201300045609;0;33;0;0;0;1;3;B01
201300045610;1;7;0;0;2;2;0;Z01
201300045610;0;7;0;0;9;5;1;A01
201300045611;0;7;0;0;0;4;2;A01
201300045611;0;7;0;0;2;9;2;B01
201300045611;0;7;0;0;2;1;2;C01
201300045612;0;7;0;3;0;0;1;A01
201300045613;0;7;0;0;2;8;18;A01
201300045613;0;31;0;0;2;8;1;B01
201300045614;0;33;0;0;0;0;1;A01
201300045615;0;33;0;0;2;1;3;A01
201300045615;0;7;0;0;2;5;1;B01
201300045616;0;7;0;0;0;4;2;A01
201300045616;0;7;0;0;0;1;2;B01
201300045617;0;7;0;4;0;3;1;A01
201300045618;0;7;0;0;0;3;2;A01
201300045618;0;7;0;0;0;1;14;B01
201300045618;0;7;0;0;0;4;2;C01
201300045618;0;7;0;0;2;1;2;D01
201300045619;0;15;0;0;2;1;1;A01
201300045619;0;7;0;0;2;6;11;B01
201300045620;0;7;0;0;2;1;2;A01
201300045620;0;7;0;0;2;4;2;B01
201300045620;0;7;0;0;2;4;2;C01
201300045620;0;7;0;0;2;4;2;D01
201300045621;0;7;0;0;2;2;1;A01
201300045621;0;7;0;0;2;4;21;B01
201300045621;0;7;0;0;2;8;1;C01
201300045622;0;7;0;0;2;3;13;A01
201300045622;0;7;0;0;2;2;1;B01
201300045623;0;7;0;4;0;3;1;A01
201300045624;0;7;0;0;2;4;2;A01
201300045624;0;7;0;0;2;4;2;B01
201300045624;0;7;0;0;2;1;2;C01
201300045625;0;10;0;0;2;8;11;A01
201300045625;0;33;0;0;2;7;1;B01
201300045626;0;7;0;0;2;1;2;A01
201300045626;1;13;0;0;2;4;1;Z01
201300045627;0;7;0;0;0;9;9;A01
201300045627;0;7;0;0;2;9;1;C01
201300045627;0;17;0;0;2;2;1;B01
201300045628;0;33;0;0;2;8;3;A01
201300045628;0;7;0;0;2;2;12;B01
201300045629;0;33;0;0;0;0;1;A01
201300045630;0;33;0;0;2;1;3;A01
201300045630;0;7;0;0;2;5;1;B01
201300045630;0;7;0;0;0;0;11;C01
201300045630;0;7;0;0;2;6;1;D01
201300045631;0;7;0;0;2;1;2;A01
201300045631;0;7;0;0;2;4;23;B01
201300045632;0;7;0;0;2;7;21;A01
201300045632;0;7;0;0;2;8;1;B01
201300045633;0;7;0;0;2;1;2;A01
201300045633;0;7;0;0;2;4;2;B01
201300045634;0;7;0;0;2;7;19;A01
201300045634;0;14;0;0;2;5;2;C01
201300045634;1;7;0;0;2;1;2;B01
201300045635;0;7;0;0;2;4;23;A01
201300045635;0;7;0;0;2;9;23;B01
201300045635;0;7;0;0;2;1;2;C01
201300045636;0;7;0;0;2;4;3;A01
201300045636;0;7;0;0;2;1;2;B01
201300045637;0;7;0;4;0;3;2;A01
201300045638;0;7;0;0;2;4;1;A01
201300045638;0;7;0;0;2;4;2;B01
201300045638;0;7;0;0;2;1;2;C01
201300045639;0;7;0;0;2;4;1;A01
201300045639;0;7;0;0;2;1;2;B01
201300045640;0;32;0;0;2;8;3;A01
201300045640;0;7;0;0;2;7;23;B01
201300045641;0;32;0;0;2;9;3;A01
201300045641;0;7;0;0;2;8;11;B01
201300045642;0;10;0;0;2;4;12;A01
201300045642;0;33;0;0;2;1;3;B01
201300045643;0;15;0;0;2;2;1;A01
201300045643;0;7;0;0;2;8;11;B01
201300045644;0;33;0;0;2;8;3;A01
201300045644;0;10;0;0;2;7;12;B01
201300045645;0;33;0;0;0;1;3;A01
201300045645;0;7;0;0;0;6;11;B01
201300045646;0;7;0;0;2;1;2;A01
201300045646;0;7;0;0;0;4;2;B01
201300045647;1;7;0;0;2;3;9;Z01
201300045647;0;7;0;4;2;5;1;A01
201300045647;0;7;0;0;2;2;1;B01
201300045648;0;7;0;0;2;1;2;A01
201300045648;0;7;0;0;2;4;23;B01
201300045649;0;7;0;4;0;3;1;A01
201300045649;0;7;0;0;2;1;21;D01
201300045649;0;7;0;0;2;1;0;C01
201300045649;0;7;0;0;2;1;21;B01
201300045650;0;7;0;4;0;3;1;A01
201300045651;0;10;0;4;0;9;1;A01
201300045652;0;31;0;0;0;7;1;A01
201300045653;0;7;0;0;2;1;9;A01
201300045653;0;7;0;0;2;7;1;B01
201300045654;0;7;0;0;2;1;11;C01
201300045654;0;7;0;0;2;4;23;B01
201300045654;0;7;0;0;2;4;23;A01
201300045655;0;7;0;0;2;1;1;A01
201300045655;0;7;0;0;2;7;23;B01
201300045656;0;33;0;0;0;8;3;A01
201300045657;0;10;0;0;2;5;1;A01
201300045657;0;31;0;0;2;3;3;B01
201300045658;0;7;0;4;0;1;1;A01
201300045659;0;31;0;0;0;8;1;A01
201300045660;0;7;0;3;2;3;12;B01
201300045660;0;7;0;0;0;7;2;A01
201300045661;0;7;0;0;2;5;1;A01
201300045661;0;7;0;0;2;8;12;B01
201300045661;0;32;0;0;2;2;3;C01
201300045662;0;10;0;0;2;3;9;A01
201300045662;0;15;0;0;2;2;1;B01
201300045663;0;7;0;4;0;1;0;A01
201300045663;0;7;0;0;2;4;21;B01
201300045663;0;7;0;0;2;1;21;C01
201300045664;0;7;0;0;2;1;2;C01
201300045664;0;7;0;0;0;4;2;B01
201300045664;0;7;0;0;0;4;2;A01
201300045665;0;7;0;3;0;8;6;A01
201300045665;0;7;0;3;0;1;1;B01
201300045665;0;7;0;3;0;8;1;C01
201300045666;0;7;0;0;2;4;1;A01
201300045666;1;7;0;0;2;1;2;Z01
201300045667;0;7;0;0;0;4;1;A01
201300045667;1;7;0;0;2;1;2;B01
201300045668;0;7;0;0;2;7;12;B01
201300045668;0;33;0;0;2;1;1;A01
201300045669;0;31;0;0;0;0;3;A01
201300045670;0;33;0;3;0;1;2;A01
201300045671;0;7;0;0;2;4;1;A01
201300045671;0;10;0;0;2;1;2;C01
201300045671;1;7;0;0;2;9;2;Z01
201300045672;0;33;0;0;0;7;1;A01
201300045673;0;7;0;0;2;0;1;B01
201300045673;0;33;0;0;2;0;11;A01
201300045674;0;7;0;0;2;4;2;B01
201300045674;0;7;0;0;2;0;2;C01
201300045674;0;7;0;0;2;1;2;A01
201300045674;0;10;0;0;2;0;2;D01
201300045675;0;17;0;0;2;3;21;B01
201300045675;0;17;0;0;2;4;2;A01
201300045676;0;7;0;0;2;4;1;A01
201300045676;0;7;0;0;2;1;2;B01
201300045677;0;7;0;0;2;8;1;A01
201300045677;0;17;0;0;2;8;1;B01
201300045678;0;7;0;0;0;5;12;A01
201300045678;0;31;0;0;2;1;3;B01
201300045679;0;7;0;0;2;4;1;A01
201300045679;0;7;0;0;2;9;2;B01
201300045679;0;7;0;0;2;1;2;C01
201300045680;0;7;0;0;0;4;2;A01
201300045680;0;7;0;0;0;1;1;C01
201300045680;0;7;0;0;0;4;2;B01
201300045681;0;31;0;0;0;7;1;A01
201300045681;0;7;0;0;0;0;11;B01
201300045682;0;7;0;0;2;4;1;A01
201300045682;1;15;0;0;2;1;2;Z01
201300045683;0;7;0;0;2;1;2;B01
201300045683;0;15;0;0;0;4;1;A01
201300045684;0;7;0;0;2;6;11;A01
201300045684;0;33;0;0;2;1;17;B01
201300045685;0;7;0;0;2;7;12;A01
201300045685;0;33;0;0;2;8;1;B01
201300045685;0;7;0;0;2;8;1;C01
201300045686;0;7;0;0;2;9;1;A01
201300045686;0;7;0;0;2;1;1;B01
201300045686;0;17;0;0;2;3;1;C01
201300045687;0;7;0;0;2;6;23;A01
201300045687;0;7;0;0;2;4;23;B01
201300045687;0;7;0;0;2;1;2;C01
201300045688;0;7;0;0;2;4;1;A01
201300045688;0;7;0;0;2;8;1;B01
201300045688;0;7;0;0;2;1;2;C01
201300045688;0;7;0;0;2;1;2;D01
201300045688;0;7;0;0;2;1;2;E01
201300045688;0;7;0;0;2;1;2;F01
201300045689;0;7;0;0;2;1;1;A01
201300045689;0;10;0;3;2;4;1;B01
201300045689;0;7;0;0;2;4;1;C01
201300045690;0;7;0;4;0;2;14;A01
201300045691;0;33;0;0;0;8;1;A01
201300045692;0;10;0;0;2;4;2;A01
201300045692;0;10;0;0;2;1;2;B01
201300045693;0;7;0;3;0;1;0;A01
201300045694;0;7;0;4;0;1;21;A01
201300045694;0;7;0;0;0;0;18;Z01
201300045695;0;33;0;0;2;8;9;A01
201300045695;0;14;0;0;2;7;1;B01
201300045696;0;33;0;0;0;0;2;A01
201300045697;0;31;0;0;0;7;3;A01
201300045698;0;33;0;0;0;7;1;A01
201300045699;0;7;0;0;2;3;13;A01
201300045699;0;7;0;0;2;1;1;B01
201300045700;0;7;0;0;2;8;11;A01
201300045700;0;33;0;0;2;7;1;B01
201300045701;0;7;0;0;2;8;1;A01
201300045701;1;7;0;0;2;2;12;Z01
201300045702;0;33;0;0;0;7;3;A01
201300045703;0;33;0;0;2;4;3;A01