num_acc;senc;catv;occutc;obs;obsm;choc;manv;num_veh
201300045703;0;34;0;0;2;1;3;B01
201300045704;0;15;0;0;0;4;2;A01
201300045704;0;7;0;0;2;1;2;B01
201300045705;0;33;0;0;0;7;1;A01
201300045706;0;32;0;0;2;1;21;C01
201300045706;0;7;0;4;2;9;19;A01
201300045706;0;7;0;0;2;1;21;B01
201300045707;0;17;0;4;2;3;1;A01
201300045707;0;17;0;0;2;1;1;B01
201300045708;0;31;0;0;2;7;3;A01
201300045708;0;7;0;0;2;7;1;B01
201300045708;0;7;0;0;2;8;13;C01
201300045709;0;99;0;0;2;1;0;A01
201300045709;0;15;0;0;2;9;0;B01
201300045710;0;33;0;0;0;7;2;A01
201300045711;0;7;0;0;2;1;2;A01
201300045711;0;7;0;0;2;9;2;B01
201300045711;0;10;0;0;2;9;2;C01
201300045711;1;7;0;0;2;4;1;Z01
201300045712;0;7;0;0;2;1;2;B01
201300045712;0;7;0;0;0;4;2;A01
201300045713;0;7;0;0;2;4;2;A01
201300045713;0;7;0;0;2;1;2;D01
201300045713;0;7;0;0;2;4;2;B01
201300045713;0;7;0;0;2;4;2;C01
201300045714;0;15;0;0;2;2;12;A01
201300045714;0;7;0;3;2;8;1;B01
201300045714;0;7;0;0;2;1;1;C01
201300045715;0;7;0;0;2;8;11;A01
201300045715;0;33;0;0;2;7;1;B01
201300045716;0;7;0;0;2;6;11;A01
201300045716;0;31;0;0;2;1;12;B01
201300045717;0;7;0;0;0;1;2;D01
201300045717;0;7;0;0;0;9;2;B01
201300045717;0;7;0;0;0;9;2;C01
201300045717;0;7;0;0;0;4;2;A01
201300045718;0;7;0;0;0;5;12;A01
201300045718;0;34;0;0;0;1;3;B01
201300045719;0;7;0;0;2;8;11;A01
201300045719;0;33;0;0;2;7;2;B01
201300045720;0;15;0;0;2;5;12;B01
201300045720;0;7;0;0;2;6;1;A01
201300045721;0;7;0;0;0;0;2;A01
201300045722;0;7;0;0;2;4;2;A01
201300045722;0;7;0;0;2;1;2;B01
201300045723;0;7;0;0;0;3;9;B01
201300045723;0;7;0;0;0;5;2;A01
201300045724;0;33;0;0;2;4;11;A01
201300045724;0;7;0;0;2;1;11;B01
201300045725;0;31;0;0;2;1;1;A01
201300045725;1;7;0;0;2;5;12;Z01
201300045726;0;7;0;0;0;4;2;B01
201300045726;0;7;0;3;2;1;2;A01
201300045727;0;7;0;0;2;5;12;A01
201300045727;0;33;0;0;2;3;3;B01
201300045728;0;7;0;0;2;4;1;A01
201300045728;0;33;0;0;2;1;2;B01
201300045729;0;7;0;0;2;8;11;A01
201300045729;0;33;0;0;2;7;3;B01
201300045730;0;10;0;2;0;2;14;A01
201300045731;0;7;0;3;2;5;12;A01
201300045731;0;33;0;3;2;3;3;B01
201300045732;0;7;0;4;0;3;1;A01
201300045733;0;7;0;4;2;6;1;A01
201300045733;1;7;0;0;2;2;2;Z01
201300045734;0;7;0;4;0;3;0;A01
201300045735;0;7;0;3;2;4;1;C01
201300045735;0;7;0;0;2;1;1;A01
201300045735;0;7;0;3;2;4;1;B01
201300045736;0;10;0;0;2;4;23;A01
201300045736;0;7;0;0;2;1;14;B01
201300045737;0;7;0;0;0;1;2;C01
201300045737;0;7;0;0;0;4;23;A01
201300045737;0;7;0;0;0;4;23;B01
201300045738;0;7;0;0;2;8;1;A01
201300045738;0;15;0;0;2;2;14;B01
201300045739;0;7;0;4;0;1;1;A01
201300045740;0;34;0;0;0;7;1;A01
201300045741;0;16;0;3;0;2;1;A01
201300045742;0;7;0;4;0;3;1;A01
201300045743;0;34;0;0;0;7;1;A01
201300045744;0;7;0;0;2;1;14;A01
201300045744;0;7;0;3;2;4;23;B01
201300045745;0;7;0;4;0;1;1;A01
201300045746;0;7;0;4;0;2;14;A01
201300045747;0;7;0;0;2;8;1;A01
201300045747;1;7;0;0;2;2;12;Z01
201300045748;0;7;0;3;0;1;15;A01
201300045749;0;7;0;4;0;1;13;A01
201300045750;0;33;0;16;0;8;21;A01
201300045751;0;31;0;0;2;2;0;B01
201300045751;1;7;0;0;0;0;0;Z01
201300045752;0;7;0;16;0;7;1;A01
201300045753;0;7;0;3;0;1;1;A01
201300045754;0;7;0;0;0;1;1;A01
201300045755;0;7;0;4;0;1;21;A01
201300045756;0;7;0;1;0;7;2;A01
201300045757;0;7;0;4;0;8;13;A01
201300045758;0;7;0;4;2;1;13;B01
201300045758;0;7;0;0;2;6;1;A01
201300045759;0;13;0;4;0;2;14;A01
201300045760;0;7;0;4;0;1;13;A01
201300045761;0;15;0;0;0;1;2;A01
201300045761;0;7;0;0;0;0;2;C01
201300045761;0;7;0;0;0;0;2;B01
201300045762;0;7;0;0;2;7;1;B01
201300045762;0;7;0;4;2;1;11;A01
201300045763;0;7;0;8;0;1;14;A01
201300045764;0;7;0;0;2;4;2;C01
201300045764;0;7;0;0;2;4;2;B01
201300045764;0;7;0;0;9;4;2;A01
201300045765;0;7;0;0;2;1;2;A01
201300045765;0;7;0;0;0;4;1;B01
201300045765;0;7;0;0;0;2;2;C01
201300045766;0;7;0;0;2;4;9;B01
201300045766;0;7;0;0;2;1;1;A01
201300045767;0;7;0;3;0;8;13;A01
201300045768;0;7;0;16;0;1;1;A01
201300045769;0;10;0;0;2;4;1;B01
201300045769;0;31;0;0;0;0;0;A01
201300045770;0;7;0;0;2;2;17;B01
201300045770;0;10;0;0;2;1;1;A01
201300045770;0;15;0;0;2;6;1;C01
201300045771;0;7;0;0;0;0;0;A01
201300045772;0;33;0;0;2;1;1;A01
201300045772;0;7;0;0;0;4;1;B01
201300045773;0;15;0;0;2;3;1;A01
201300045773;0;7;0;3;2;5;11;B01
201300045774;0;7;0;6;0;4;0;A01
201300045774;0;7;0;1;0;2;0;B01
201300045775;0;7;0;0;0;0;0;A01
201300045776;1;99;0;0;;;0;Z01
201300045776;0;7;0;4;0;3;2;A01
201300045777;0;7;0;3;2;2;1;A01
201300045777;0;10;0;0;2;3;1;C01
201300045777;0;7;0;0;0;0;1;B01
201300045778;1;33;0;0;2;0;2;A01
201300045778;1;7;0;0;2;2;0;Z01
201300045779;0;7;0;4;2;2;17;A01
201300045779;0;7;0;0;2;2;1;C01
201300045779;0;7;0;0;2;6;1;B01
201300045780;0;7;0;0;0;1;1;A01
201300045781;0;33;0;0;2;1;2;B01
201300045781;0;7;0;0;2;4;2;A01
201300045782;0;7;0;3;9;1;0;A01
201300045783;0;7;0;4;0;2;2;A01
201300045784;0;7;0;4;0;2;2;A01
201300045785;0;7;0;0;0;4;2;C01
201300045785;0;7;0;0;2;4;2;B01
201300045785;0;7;0;0;2;1;1;A01
201300045786;0;7;0;4;0;1;13;A01
201300045787;0;7;0;0;2;4;2;A01
201300045787;0;7;0;0;2;3;9;B01
201300045788;0;15;0;0;0;0;0;A01
201300045788;0;7;0;0;2;8;0;B01
201300045789;0;7;0;0;2;4;2;C01
201300045789;0;7;0;0;2;1;1;A01
201300045789;0;7;0;0;2;6;2;B01
201300045790;0;7;0;0;2;4;2;B01
201300045790;0;10;0;0;2;4;2;C01
201300045790;0;7;0;0;2;1;1;A01
201300045791;0;15;0;0;2;3;1;D01
201300045791;0;13;0;0;2;4;2;B01
201300045791;0;10;0;0;2;6;1;A01
201300045791;0;7;0;0;2;6;1;C01
201300045792;0;7;0;3;0;1;0;A01
201300045793;0;7;0;4;0;3;2;A01
201300045794;0;7;0;16;0;9;1;A01
201300045795;0;7;0;0;2;1;2;A01
201300045795;2;7;0;0;2;4;2;Z01
201300045796;0;33;0;0;2;0;0;A01
201300045796;0;7;0;0;2;7;12;B01
201300045797;0;10;0;0;2;1;0;C01
201300045797;0;7;0;0;0;4;0;A01
201300045797;0;10;0;0;0;0;0;B01
201300045798;0;7;0;0;2;3;14;A01
201300045798;0;7;0;0;0;5;2;B01
201300045799;0;7;0;0;0;3;2;A01
201300045800;0;7;0;4;0;3;13;A01
201300045801;1;15;0;0;2;0;0;Z01
201300045801;0;7;0;4;0;5;2;A01
201300045802;0;14;0;0;2;1;2;A01
201300045802;0;7;0;0;0;4;2;B01
201300045803;0;10;0;0;0;6;9;B01
201300045803;0;7;0;0;2;2;12;A01
201300045804;0;7;0;0;2;4;2;A01
201300045804;0;15;0;0;2;1;2;B01
201300045805;0;10;0;0;2;8;3;B01
201300045805;0;14;0;0;2;1;1;A01
201300045805;0;15;0;0;2;4;2;C01
201300045806;0;7;0;5;0;1;1;A01
201300045807;0;15;0;0;2;1;1;D01
201300045807;0;7;0;0;2;1;1;B01
201300045807;0;14;0;0;2;6;1;C01
201300045807;0;7;0;0;2;9;2;A01
201300045808;0;7;0;0;2;8;11;A01
201300045808;0;15;0;0;2;7;1;B01
201300045809;0;7;0;0;2;2;2;C01
201300045809;0;33;0;0;2;1;2;B01
201300045809;0;15;0;0;2;8;11;A01
201300045810;0;7;0;0;2;3;1;B01
201300045810;0;7;0;0;2;7;12;A01
201300045811;0;10;0;4;0;8;1;A01
201300045812;0;7;0;0;2;8;2;A01
201300045812;0;7;0;0;0;4;2;C01
201300045812;0;7;0;0;2;8;2;B01
201300045813;0;7;0;0;0;3;2;A01
201300045814;0;7;0;4;0;1;0;A01
201300045815;0;7;0;0;0;6;23;C01
201300045815;0;10;0;1;0;2;3;A01
201300045815;0;14;0;0;0;0;23;B01
201300045816;0;7;0;4;0;3;17;A01
201300045817;0;7;0;4;0;3;13;A01
201300045818;0;7;0;0;2;3;1;B01
201300045818;0;10;0;0;2;8;13;A01
201300045819;0;7;0;0;2;2;1;B01
201300045819;0;7;0;0;2;3;18;A01
201300045820;0;7;0;0;2;8;1;B01
201300045820;0;15;0;0;0;2;3;A01
201300045821;0;7;0;3;0;1;1;A01
201300045822;0;7;0;0;0;6;1;B01
201300045822;0;7;0;0;2;2;21;A01
201300045823;0;10;0;0;2;8;1;B01
201300045823;0;33;0;0;2;2;3;A01
201300045824;0;7;0;0;2;2;1;A01
201300045824;0;7;0;0;2;3;11;B01
201300045825;0;15;0;0;2;1;12;A01
201300045825;0;7;0;4;2;6;1;B01
201300045826;0;32;0;6;0;8;0;A01
201300045827;0;7;0;4;0;9;11;A01
201300045828;0;32;0;0;2;8;3;A01
201300045828;0;7;0;0;2;7;12;B01
201300045829;0;7;0;3;2;8;0;A01
201300045829;1;15;0;0;2;2;0;Z01
201300045830;0;7;0;0;2;4;1;B01
201300045830;0;7;0;0;2;2;11;A01
201300045831;0;15;0;0;2;1;2;A01
201300045831;0;7;0;0;2;4;2;B01
201300045831;0;7;0;0;2;4;2;C01
201300045831;0;10;0;0;2;4;2;D01
201300045831;0;10;0;0;0;0;2;E01
201300045832;0;7;0;0;0;6;1;B01
201300045832;0;31;0;0;0;1;1;A01
201300045833;0;7;0;0;2;2;2;A01
201300045833;0;7;0;0;2;6;2;B01
201300045833;0;7;0;0;0;4;2;C01
201300045834;0;7;0;0;2;8;0;A01
201300045834;0;7;0;0;2;4;0;B01
201300045835;0;7;0;3;0;1;1;A01
201300045836;0;7;0;0;2;1;2;A01
201300045836;0;7;0;0;2;1;2;B01
201300045836;0;7;0;0;0;4;2;C01
201300045837;0;7;0;3;0;8;2;A01
201300045838;0;7;0;0;0;4;23;A01
201300045838;0;7;0;1;0;4;21;B01
201300045839;0;7;0;5;0;1;0;A01
201300045840;0;7;0;3;0;6;12;A01
201300045841;0;17;0;0;2;3;1;B01
201300045841;0;7;0;0;2;4;2;A01
201300045842;0;33;0;0;2;4;2;B01
201300045842;0;33;0;0;2;1;1;A01
201300045843;0;33;0;0;2;7;0;A01
201300045843;0;7;0;0;2;3;0;B01
201300045844;0;33;0;0;2;8;1;A01
201300045844;0;7;0;0;2;5;12;B01
201300045845;0;7;0;0;2;3;1;A01
201300045845;0;33;0;0;2;1;9;B01
201300045846;0;31;0;0;0;0;1;A01
201300045847;0;7;0;0;0;4;2;A01
201300045847;0;7;0;0;0;4;2;B01
201300045847;0;10;0;0;0;1;2;C01
201300045848;0;10;0;4;0;1;1;A01
201300045849;0;7;0;0;0;4;2;B01
201300045849;0;34;0;0;0;1;1;A01
201300045850;0;7;0;0;0;7;11;A01
201300045850;0;31;0;0;2;1;3;B01
201300045851;0;7;0;0;2;1;1;B01
201300045851;0;7;0;0;2;4;2;A01
201300045852;0;7;0;4;0;1;13;A01
201300045853;0;7;0;0;2;1;1;A01
201300045853;0;7;0;0;2;4;2;B01
201300045853;0;7;0;0;2;4;2;C01
201300045854;1;99;0;0;2;2;0;Z01
201300045854;0;32;0;0;0;3;1;A01
201300045855;0;33;0;0;2;3;3;A01
201300045855;0;7;0;0;2;5;1;B01
201300045856;0;7;0;0;0;9;11;A01
201300045857;0;34;0;0;0;7;3;A01
201300045858;0;7;0;0;2;1;2;C01
201300045858;0;7;0;0;2;2;1;B01
201300045858;0;7;0;0;2;4;1;A01
201300045859;0;7;0;16;0;1;1;A01
201300045860;0;7;0;4;0;3;15;A01
201300045861;0;7;0;0;0;8;0;A01
201300045861;0;15;0;1;0;2;0;B01
201300045862;0;7;0;1;0;1;0;A01
201300045862;0;7;0;0;0;4;0;B01
201300045863;1;7;0;0;2;0;0;Z01
201300045863;0;7;0;0;2;0;2;A01
201300045864;0;15;0;0;2;4;2;A01
201300045864;0;7;0;0;2;1;2;B01
201300045865;0;10;0;0;0;9;1;A01
201300045866;0;10;0;0;2;1;1;B01
201300045866;0;7;0;13;2;4;2;A01
201300045866;0;7;0;13;2;8;2;C01
201300045867;0;10;0;0;2;3;0;B01
201300045867;0;7;0;0;2;5;0;A01
201300045868;0;32;0;0;0;3;1;A01
201300045869;0;10;0;0;2;1;17;B01
201300045869;0;7;0;16;2;8;1;A01
201300045870;0;7;0;4;0;1;1;A01
201300045871;0;10;0;4;0;1;13;A01
201300045872;0;7;0;0;2;1;1;A01
201300045872;0;7;0;0;2;4;2;B01
201300045873;0;10;0;4;0;1;1;A01
201300045874;0;34;0;0;0;0;1;A01
201300045875;0;7;0;4;0;0;2;A01
201300045876;0;7;0;0;2;4;2;B01
201300045876;0;14;0;0;2;1;1;A01
201300045876;0;7;0;0;2;4;2;C01
201300045876;0;7;0;0;2;4;2;D01
201300045877;0;7;0;0;2;1;2;A01
201300045877;0;7;0;0;0;4;2;B01
201300045878;0;7;0;4;0;3;13;A01
201300045879;0;33;0;0;0;1;12;B01
201300045879;0;7;0;0;2;7;12;A01
201300045880;0;7;0;3;0;5;1;A01
201300045881;0;10;0;0;1;1;1;A01
201300045882;0;7;0;4;0;3;1;A01
201300045883;0;99;0;0;2;1;2;A01
201300045883;0;7;0;0;2;4;0;B01
201300045883;0;7;0;0;2;4;0;C01
201300045884;0;7;0;0;2;2;0;B01
201300045884;0;7;0;0;2;8;1;A01
201300045885;0;7;0;4;2;1;1;A01
201300045885;0;7;0;0;2;4;2;B01
201300045886;0;10;0;0;2;4;2;B01
201300045886;0;7;0;0;2;1;2;C01
201300045886;0;7;0;0;2;4;1;A01
201300045887;0;7;0;0;2;4;2;A01
201300045887;0;7;0;0;2;4;2;B01
201300045887;0;7;0;0;0;0;0;C01
201300045888;0;34;0;0;2;7;1;B01
201300045888;0;33;0;0;2;8;9;A01
201300045889;0;7;0;0;0;4;1;A01
201300045889;0;7;0;0;2;1;2;B01
201300045889;0;7;0;0;2;1;2;C01
201300045889;0;7;0;0;2;1;2;D01
201300045890;0;33;0;16;0;0;1;A01
201300045891;0;7;0;4;2;9;0;A01
201300045891;0;7;0;0;2;3;0;B01
201300045892;0;7;0;4;0;1;1;A01
201300045893;0;7;0;0;2;8;18;C01
201300045893;0;7;0;0;2;1;1;B01
201300045893;0;7;0;0;2;7;1;A01
201300045894;0;7;0;0;2;4;2;A01
201300045894;0;7;0;0;2;1;1;B01
201300045895;0;33;0;0;2;8;3;A01
201300045895;0;7;0;0;2;2;11;B01
201300045896;0;7;0;0;0;1;0;A01
201300045897;0;7;0;4;0;3;1;A01
201300045898;0;7;0;4;0;3;1;A01
201300045899;0;15;0;0;2;5;2;A01
201300045899;0;7;0;0;2;8;12;B01
201300045900;0;7;0;0;0;4;2;B01
201300045900;0;7;0;0;2;1;2;A01
201300045900;0;7;0;0;2;1;2;C01
201300045901;0;7;0;4;0;3;1;A01
201300045902;0;7;0;0;2;7;12;A01
201300045902;0;34;0;0;2;8;3;B01
201300045903;0;7;0;0;2;6;11;B01
201300045903;0;34;0;0;2;1;3;A01
201300045904;0;7;0;0;2;1;1;A01
201300045904;0;7;0;0;2;4;2;B01
201300045904;0;7;0;0;2;4;2;C01
201300045905;0;7;0;3;2;9;0;A01
201300045905;0;7;0;0;2;1;2;B01
201300045906;0;7;0;4;0;2;0;A01
201300045907;0;7;0;0;0;3;2;B01
201300045907;0;7;0;0;2;8;11;A01
201300045907;0;7;0;0;0;7;2;C01
201300045907;0;7;0;0;0;4;2;D01
201300045908;0;7;0;0;2;0;0;B01
201300045908;0;7;0;0;2;0;0;C01
201300045908;0;31;0;0;2;0;3;A01
201300045909;0;7;0;0;2;9;2;C01
201300045909;0;7;0;0;2;3;1;A01
201300045909;0;7;0;0;2;4;2;B01
201300045910;0;7;0;0;0;9;0;A01
201300045911;0;7;0;0;2;5;1;A01
201300045911;1;7;0;;0;0;1;Z01
201300045911;0;32;0;0;2;1;1;B01
201300045912;0;7;0;0;2;8;1;B01
201300045912;0;15;0;0;2;2;12;A01
201300045913;0;7;0;0;2;1;1;B01
201300045913;0;7;0;4;2;1;1;A01
201300045914;0;7;0;4;0;9;0;A01
201300045915;0;33;0;16;0;9;1;A01
201300045916;0;7;0;4;0;1;14;A01
201300045917;0;15;0;0;2;2;1;B01
201300045917;0;7;0;4;2;2;17;A01
201300045918;0;7;0;16;0;9;1;A01
201300045919;0;7;0;4;0;9;2;B01
201300045919;0;14;0;0;2;1;1;A01
201300045920;0;7;0;0;2;8;2;B01
201300045920;0;7;0;0;2;3;1;A01
201300045921;0;7;0;0;2;0;0;A01
201300045921;0;99;0;0;2;0;0;B01
201300045922;0;7;0;3;0;8;1;A01
201300045923;0;7;0;0;2;1;1;A01
201300045923;0;7;0;0;2;4;2;C01
201300045923;0;10;0;0;2;4;2;B01
201300045924;0;7;0;16;0;1;1;A01
201300045925;0;7;0;0;2;4;1;D01
201300045925;0;7;0;0;2;4;1;A01
201300045925;0;7;0;0;2;9;1;B01
201300045925;0;7;0;0;2;4;1;C01
201300045925;0;7;0;0;0;0;1;E01
201300045926;0;7;0;0;2;1;0;A01
201300045926;0;7;0;0;2;4;0;B01
201300045926;0;7;0;0;2;4;0;C01
201300045927;0;7;0;0;2;8;11;A01
201300045927;0;15;0;0;0;2;1;B01
201300045928;0;7;0;0;0;1;0;B01
201300045928;0;33;0;0;2;7;0;A01
201300045929;0;7;0;0;2;6;0;B01
201300045929;0;15;0;0;2;2;1;A01
201300045930;0;7;0;4;0;1;1;A01
201300045931;0;7;0;3;0;1;0;A01
201300045932;0;7;0;0;2;4;2;C01
201300045932;0;7;0;0;2;6;2;B01
201300045932;0;7;0;0;2;1;1;A01
201300045932;0;7;0;0;2;4;2;D01
201300045933;0;7;0;13;0;6;1;A01
201300045933;0;7;0;0;2;2;2;B01
201300045934;0;7;0;0;2;1;1;B01
201300045934;0;13;0;0;2;6;2;A01
201300045935;0;7;0;0;2;4;2;A01
201300045935;0;7;0;0;2;4;2;C01
201300045935;0;7;0;0;2;1;13;B01
201300045936;0;7;0;0;2;6;0;B01
201300045936;0;32;0;0;2;2;2;A01
201300045937;0;7;0;0;2;1;0;A01
201300045937;0;7;0;0;2;1;0;B01
201300045937;0;7;0;0;2;4;0;C01
201300045938;0;7;0;0;2;2;2;B01
201300045938;0;7;0;0;2;5;2;A01
201300045939;0;7;0;16;0;2;1;A01
201300045940;0;33;0;0;0;0;0;A01
201300045941;0;32;0;0;0;0;1;A01
201300045941;0;7;0;0;2;7;12;B01
201300045942;0;7;0;0;2;4;2;B01
201300045942;0;7;0;0;2;1;1;A01
201300045943;0;15;0;0;2;1;1;A01
201300045943;0;14;0;0;2;6;2;B01
201300045943;0;15;0;0;0;6;2;D01
201300045943;0;14;0;0;2;4;2;C01
201300045944;0;17;0;0;0;5;12;B01
201300045944;0;7;0;0;0;3;1;A01
201300045945;0;7;0;4;0;1;1;A01
201300045946;0;33;0;4;0;8;21;A01
201300045947;0;7;0;0;2;5;1;B01
201300045947;0;34;0;0;2;1;3;A01
201300045948;0;7;0;0;2;7;0;A01
201300045948;0;33;0;0;2;7;0;C01
201300045948;0;10;0;0;2;6;0;B01
201300045949;0;7;0;0;1;3;1;A01
201300045950;0;7;0;3;2;1;21;C01
201300045950;0;32;0;0;2;1;9;A01
201300045950;0;7;0;4;2;1;21;B01
201300045951;0;7;0;0;2;2;9;B01
201300045951;0;7;0;0;2;6;0;A01
201300045952;0;7;0;13;0;9;1;A01
201300045953;0;7;0;3;0;3;1;A01
201300045954;0;7;0;4;0;1;13;A01
201300045955;0;7;0;3;0;2;0;A01
201300045956;0;7;0;0;2;8;11;A01
201300045956;0;33;0;0;2;7;3;B01
201300045957;0;7;0;0;2;1;1;A01
201300045957;0;15;0;0;2;4;2;B01
201300045958;0;7;0;0;2;7;0;A01
201300045958;0;13;0;0;2;8;0;B01
201300045959;0;7;0;4;0;1;0;A01
201300045960;0;7;0;0;2;4;2;A01
201300045960;0;7;0;0;2;1;1;B01
201300045961;0;7;0;0;2;8;1;A01
201300045961;0;15;0;0;2;2;12;B01
201300045962;0;7;0;0;0;6;13;A01
201300045963;0;7;0;0;2;7;0;A01
201300045963;0;7;0;0;2;1;0;B01
201300045964;0;34;0;0;2;9;0;A01
201300045964;0;7;0;0;0;0;0;B01
201300045964;1;7;0;0;0;0;0;Z01
201300045965;0;7;0;0;0;6;0;B01
201300045965;0;33;0;0;2;1;21;A01
201300045965;0;33;0;0;0;1;21;C01
201300045966;0;7;0;4;0;2;13;A01
201300045967;0;7;0;0;2;1;17;A01
201300045967;0;7;0;0;2;3;1;B01
201300045968;0;7;0;0;0;1;1;A01
201300045968;1;7;0;0;0;0;0;Z01
201300045969;0;7;0;0;2;4;1;A01
201300045969;0;10;0;0;2;1;21;B01
201300045969;0;7;0;3;2;1;21;C01
201300045970;0;32;0;0;2;8;3;A01
201300045970;0;7;0;0;2;4;1;B01
201300045970;0;7;0;0;2;7;12;C01
201300045971;0;7;0;0;2;1;2;A01
201300045971;0;7;0;0;0;4;2;B01
201300045971;0;7;0;0;2;4;2;C01
201300045972;0;33;0;0;2;7;0;A01
201300045972;0;15;0;0;2;8;0;B01
201300045973;0;7;0;0;2;4;2;A01
201300045973;0;15;0;0;2;1;2;B01
201300045974;0;7;0;4;0;1;0;A01
201300045974;0;7;0;0;2;3;21;B01
201300045975;0;7;0;0;2;6;1;B01
201300045975;0;7;0;4;2;8;9;A01
201300045976;0;7;0;0;2;7;1;A01
201300045976;0;7;0;0;2;1;9;B01
201300045977;0;7;0;16;0;9;11;A01
201300045978;0;7;0;0;2;1;2;A01
201300045978;0;7;0;0;2;4;2;B01
201300045979;0;7;0;0;2;4;2;B01
201300045979;0;7;0;0;2;1;1;A01
201300045980;0;7;0;0;2;4;1;A01
201300045980;1;7;0;0;2;1;1;B01
201300045980;0;7;0;0;2;4;1;C01
201300045980;0;7;0;0;2;4;11;D01
201300045981;0;7;0;0;2;5;0;A01
201300045981;0;7;0;0;2;1;21;B01
201300045982;0;7;0;4;0;1;14;A01
201300045983;0;7;0;0;2;4;0;A01
201300045983;0;7;0;0;2;1;0;B01
201300045984;0;33;0;4;0;8;13;A01
201300045985;2;7;0;13;0;1;18;A01
201300045986;0;7;0;16;0;1;1;A01
201300045987;0;7;0;0;2;6;0;A01
201300045987;0;33;0;0;2;2;0;B01
201300045988;0;7;0;0;2;1;2;A01
201300045988;0;7;0;0;2;4;2;B01
201300045989;0;10;0;0;2;4;2;B01
201300045989;0;33;0;0;2;7;3;A01
201300045990;0;14;0;0;2;1;12;A01
201300045990;0;7;0;0;2;9;2;B01
201300045991;0;7;0;0;2;0;0;A01
201300045991;0;7;0;0;2;0;0;B01
201300045991;0;7;0;0;2;0;0;C01
201300045991;0;7;0;0;2;0;0;D01
201300045992;0;7;0;0;2;1;1;A01
201300045992;0;7;0;0;2;4;2;B01
201300045992;0;7;0;0;2;4;2;C01
201300045993;0;7;0;0;2;4;2;B01
201300045993;0;7;0;0;2;1;1;A01
201300045994;0;15;0;0;0;4;2;B01
201300045994;0;14;0;0;2;1;2;A01
201300045995;0;7;0;0;0;4;0;A01
201300045995;0;7;0;0;0;1;2;B01
201300045995;0;34;0;0;0;1;2;C01
201300045996;0;7;0;0;2;1;2;A01
201300045996;0;10;0;0;0;4;2;B01
201300045997;0;10;0;0;2;1;2;A01
201300045997;0;7;0;0;2;4;2;B01
201300045997;0;7;0;0;2;4;2;C01
201300045997;0;7;0;0;0;4;2;D01
201300045998;0;16;0;0;2;3;11;A01
201300045998;0;7;0;0;2;2;0;B01
201300045999;0;7;0;0;2;8;9;A01
201300045999;0;7;0;0;2;2;1;B01
201300046000;0;7;0;4;2;6;1;A01
201300046000;0;15;0;0;2;2;12;B01
201300046001;0;7;0;0;2;5;12;A01
201300046001;0;33;0;0;2;8;3;B01
201300046002;0;7;0;4;0;3;0;A01
201300046003;1;7;0;0;2;1;0;Z01
201300046003;0;10;0;0;2;5;1;A01
201300046004;0;7;0;0;2;6;23;A01
201300046004;0;7;0;0;2;2;2;B01
201300046005;0;33;0;0;2;0;0;A01
201300046005;0;7;0;0;0;0;0;B01
201300046006;0;7;0;0;2;1;2;A01
201300046006;0;7;0;0;2;4;2;B01
201300046007;0;10;0;0;2;6;2;A01
201300046007;0;33;0;0;2;1;1;B01
201300046008;0;7;0;0;0;0;12;A01
201300046009;0;33;0;0;2;2;1;A01
201300046009;0;7;0;0;2;3;2;B01
201300046010;0;34;0;0;2;1;11;A01
201300046010;0;7;0;0;2;6;11;B01
201300046011;0;7;0;4;0;3;14;A01
201300046012;0;7;0;0;2;7;12;A01
201300046012;0;7;0;0;2;8;1;B01
201300046012;0;32;0;0;2;6;1;C01
201300046013;0;7;0;0;2;4;2;B01
201300046013;0;7;0;0;2;1;1;A01
201300046013;0;7;0;0;2;4;2;C01
201300046013;0;7;0;0;2;4;2;D01
201300046014;0;32;0;0;2;1;0;A01
201300046014;0;7;0;0;2;7;0;B01
201300046015;0;7;0;0;2;6;11;A01
201300046015;0;33;0;0;2;1;2;B01
201300046016;0;7;0;0;2;4;0;A01
201300046016;0;32;0;0;2;1;0;B01
201300046017;0;7;0;0;2;4;0;B01
201300046017;0;33;0;0;2;1;0;A01
201300046018;0;33;0;0;2;7;1;A01
201300046018;1;7;0;0;2;8;11;B01
201300046019;0;33;0;0;0;8;3;A01
201300046020;0;10;0;0;2;6;0;A01
201300046020;0;34;0;0;2;1;3;B01
201300046021;0;7;0;0;2;6;0;A01
201300046021;0;32;0;0;2;1;0;B01
201300046022;0;7;0;0;2;6;11;B01
201300046022;0;7;0;0;2;1;1;A01
201300046023;0;7;0;3;0;1;0;A01
201300046024;0;7;0;4;0;1;13;A01
201300046025;0;7;0;4;2;6;2;A01
201300046025;0;14;0;0;2;2;1;B01
201300046026;0;7;0;0;2;7;12;A01
201300046026;0;34;0;0;2;8;1;B01
201300046027;0;7;0;0;0;0;0;A01
201300046027;0;7;0;0;0;3;0;B01
201300046028;0;7;0;0;2;7;1;B01
201300046028;0;33;0;0;2;8;9;A01
201300046029;0;7;0;0;2;1;21;B01
201300046029;0;7;0;4;0;1;1;A01
201300046029;0;7;0;0;0;4;2;C01
201300046030;0;7;0;4;0;1;1;A01
201300046031;0;32;0;0;2;7;1;A01
201300046031;1;7;0;0;2;8;11;B01
201300046032;0;7;0;0;2;8;0;A01
201300046032;1;7;0;0;2;7;0;Z01
201300046033;0;7;0;3;2;7;14;B01
201300046033;0;7;0;3;2;8;1;A01
201300046034;0;33;0;0;0;8;1;A01
201300046035;0;15;0;0;2;6;2;B01
201300046035;0;15;0;4;2;9;2;A01