num_acc;senc;catv;occutc;obs;obsm;choc;manv;num_veh
201300046036;0;7;0;0;2;4;2;A01
201300046036;0;7;0;0;2;4;2;B01
201300046036;0;33;0;0;2;1;2;C01
201300046037;0;33;0;0;0;1;1;A01
201300046038;0;7;0;0;2;1;0;A01
201300046038;0;10;0;0;2;5;0;B01
201300046039;0;7;0;0;0;1;0;A01
201300046040;0;33;0;0;0;9;2;A01
201300046041;0;33;0;4;0;9;1;A01
201300046042;0;33;0;0;2;8;1;A01
201300046042;0;7;0;0;2;7;12;B01
201300046042;0;7;0;0;2;8;2;C01
201300046043;0;7;0;0;2;4;2;B01
201300046043;0;7;0;0;2;2;1;A01
201300046044;0;7;0;4;0;9;0;A01
201300046045;0;7;0;4;0;1;0;A01
201300046046;0;7;0;4;0;9;14;A01
201300046047;0;7;0;3;0;3;0;A01
201300046048;0;7;0;4;0;2;1;A01
201300046049;0;7;0;0;2;1;1;A01
201300046049;0;7;0;0;2;7;9;B01
201300046050;0;34;0;16;0;8;0;A01
201300046051;0;7;0;16;0;9;1;A01
201300046052;0;7;0;16;0;9;1;A01
201300046053;0;7;0;4;2;8;21;B01
201300046053;0;7;0;0;2;7;1;A01
201300046054;0;7;0;3;0;1;1;A01
201300046054;0;7;0;0;0;1;1;B01
201300046055;0;33;0;0;2;8;1;A01
201300046056;0;7;0;0;2;3;21;C01
201300046056;0;7;0;0;2;3;1;B01
201300046056;0;10;0;0;2;3;5;A01
201300046057;0;32;0;0;2;7;1;A01
201300046057;1;99;0;0;0;0;12;Z01
201300046058;0;7;0;0;0;8;0;A01
201300046058;1;14;0;0;2;7;0;Z01
201300046059;0;7;0;4;0;3;11;A01
201300046060;0;7;0;0;0;9;0;A01
201300046061;0;7;0;0;0;3;0;A01
201300046062;0;7;0;0;2;3;0;A01
201300046062;0;7;0;0;2;7;0;B01
201300046063;0;15;0;0;2;2;12;A01
201300046063;0;7;0;0;2;3;1;B01
201300046064;0;7;0;0;2;4;2;A01
201300046064;0;10;0;0;2;1;2;B01
201300046065;0;31;0;0;2;9;3;A01
201300046065;0;7;0;0;2;6;2;B01
201300046066;0;15;0;0;2;2;1;A01
201300046066;0;7;0;0;2;4;12;B01
201300046067;0;33;0;3;0;8;0;A01
201300046068;0;7;0;0;2;4;0;A01
201300046068;0;7;0;0;2;4;0;B01
201300046068;0;7;0;0;2;1;0;C01
201300046068;0;7;0;0;2;1;0;D01
201300046069;0;7;0;0;0;0;0;A01
201300046069;0;7;0;0;0;0;0;B01
201300046070;0;15;0;0;2;1;2;A01
201300046070;0;7;0;0;0;4;2;B01
201300046070;0;10;0;1;0;2;2;C01
201300046071;0;7;0;0;2;1;0;A01
201300046071;0;7;0;0;2;4;0;B01
201300046071;0;7;0;0;2;1;0;C01
201300046072;0;7;0;3;0;1;1;A01
201300046073;0;7;0;3;2;2;0;A01
201300046073;0;7;0;0;2;6;0;B01
201300046074;0;7;0;4;0;9;0;A01
201300046075;0;7;0;3;0;1;0;A01
201300046076;0;7;0;0;2;7;1;A01
201300046076;0;7;0;0;2;3;9;B01
201300046077;0;7;0;3;0;9;0;A01
201300046078;0;7;0;0;2;2;2;A01
201300046078;0;7;0;0;0;6;2;B01
201300046078;0;7;0;0;0;6;0;C01
201300046079;0;7;0;4;0;9;0;A01
201300046080;0;7;0;3;0;1;0;A01
201300046081;0;7;0;3;0;1;0;A01
201300046082;0;7;0;3;0;9;0;A01
201300046083;0;7;0;4;0;1;1;A01
201300046084;0;33;0;0;2;3;3;B01
201300046084;1;7;0;0;0;5;12;Z01
201300046085;0;7;0;3;0;1;14;A01
201300046086;0;7;0;4;0;9;0;A01
201300046087;0;7;0;3;0;1;1;A01
201300046088;0;7;0;4;0;9;9;A01
201300046089;0;7;0;0;2;1;1;A01
201300046089;0;7;0;0;2;1;2;B01
201300046090;0;7;0;4;0;1;0;A01
201300046091;0;7;0;3;0;1;0;A01
201300046092;0;7;0;0;2;2;2;B01
201300046092;0;7;0;0;2;1;1;A01
201300046093;0;7;0;4;0;9;13;A01
201300046094;0;7;0;4;0;9;1;A01
201300046095;0;7;0;7;0;2;1;A01
201300046096;0;3;0;0;2;3;1;A01
201300046096;0;7;0;0;2;5;17;B01
201300046097;0;33;0;0;2;2;0;A01
201300046097;0;7;0;0;2;6;0;B01
201300046097;0;7;0;0;2;2;0;C01
201300046098;0;7;0;0;2;2;1;B01
201300046098;0;33;0;0;2;3;3;A01
201300046099;0;7;0;0;0;4;2;A01
201300046099;0;7;0;0;2;1;2;B01
201300046100;0;10;0;0;2;5;2;C01
201300046100;0;7;0;0;2;6;2;B01
201300046100;0;33;0;0;2;9;11;A01
201300046101;0;7;0;0;2;4;2;B01
201300046101;0;33;0;0;2;1;1;A01
201300046102;0;7;0;0;2;4;0;A01
201300046102;0;7;0;1;0;1;0;B01
201300046103;0;7;0;4;0;1;1;A01
201300046104;0;7;0;0;2;4;0;A01
201300046104;0;7;0;0;2;1;0;B01
201300046105;0;7;0;3;2;6;1;A01
201300046105;0;14;0;0;2;2;1;B01
201300046106;0;7;0;0;2;3;1;A01
201300046106;0;7;0;0;2;7;9;B01
201300046107;0;7;0;3;0;4;0;A01
201300046108;0;7;0;4;0;1;9;A01
201300046109;0;10;0;4;0;1;1;A01
201300046110;0;7;0;9;0;1;1;A01
201300046111;0;16;0;0;2;2;12;A01
201300046111;0;7;0;4;2;8;0;B01
201300046112;0;33;0;0;2;7;17;A01
201300046112;0;7;0;0;2;8;17;B01
201300046113;0;7;0;0;0;0;23;A01
201300046113;0;33;0;1;0;0;2;B01
201300046114;0;7;0;0;0;4;1;A01
201300046114;0;7;0;0;0;1;2;B01
201300046115;0;7;0;16;0;9;1;A01
201300046116;0;34;0;6;0;7;0;A01
201300046117;0;7;0;4;0;1;0;A01
201300046118;0;7;0;0;2;1;1;A01
201300046118;0;7;0;0;2;4;1;B01
201300046118;0;7;0;0;0;4;1;C01
201300046119;2;7;0;0;0;1;0;A01
201300046119;0;7;0;0;0;2;0;B01
201300046119;0;10;0;0;0;8;0;C01
201300046119;0;10;0;0;0;3;0;D01
201300046120;0;7;0;4;0;3;0;A01
201300046121;0;33;0;0;2;1;3;B01
201300046121;0;7;0;0;2;5;12;A01
201300046122;0;7;0;0;2;5;2;A01
201300046122;0;33;0;0;2;3;3;B01
201300046123;0;30;0;7;0;1;0;A01
201300046124;0;33;0;16;0;3;3;A01
201300046125;0;7;0;0;2;6;0;A01
201300046125;0;33;0;0;2;8;3;B01
201300046126;0;15;0;0;2;2;0;A01
201300046126;0;7;0;0;2;1;0;B01
201300046127;0;33;0;0;0;1;1;A01
201300046128;0;7;0;0;2;7;12;A01
201300046128;0;34;0;0;2;6;1;B01
201300046129;0;33;0;0;2;7;0;A01
201300046130;0;7;0;0;2;0;0;A01
201300046130;0;7;0;0;2;4;0;B01
201300046131;0;7;0;3;0;3;1;A01
201300046132;0;37;1;0;2;1;1;A01
201300046133;0;33;0;4;2;7;3;A01
201300046133;0;7;0;0;2;1;17;B01
201300046134;0;7;0;6;0;2;1;A01
201300046135;0;33;0;0;2;1;3;A01
201300046135;0;7;0;0;0;4;1;B01
201300046136;0;33;0;0;0;1;0;A01
201300046137;0;7;0;4;0;1;1;A01
201300046138;0;7;0;4;2;4;1;B01
201300046138;0;7;0;0;2;1;0;C01
201300046138;0;7;0;0;2;0;0;A01
201300046139;0;33;0;0;2;1;1;A01
201300046139;0;7;0;0;2;4;2;B01
201300046140;0;10;0;0;2;4;2;B01
201300046140;0;7;0;0;2;1;1;A01
201300046141;0;34;0;0;2;8;0;B01
201300046141;0;7;0;0;2;8;0;A01
201300046142;0;15;0;16;0;1;1;A01
201300046143;0;7;0;0;2;5;2;B01
201300046143;0;7;0;0;2;4;12;A01
201300046143;0;33;0;0;2;1;3;C01
201300046144;0;7;0;0;2;1;0;A01
201300046144;0;7;0;0;2;4;0;B01
201300046145;0;34;0;0;2;8;1;A01
201300046145;1;10;0;0;2;7;12;Z01
201300046146;0;10;0;0;2;4;2;A01
201300046146;0;32;0;0;2;1;1;B01
201300046147;0;13;0;0;2;4;2;A01
201300046147;0;7;0;0;2;1;2;B01
201300046148;0;7;0;16;0;0;1;A01
201300046149;0;7;0;0;2;1;2;A01
201300046149;0;7;0;0;2;4;2;B01
201300046149;0;7;0;0;0;4;2;C01
201300046150;0;10;0;0;2;4;23;B01
201300046150;0;10;0;0;2;4;23;C01
201300046150;0;14;0;1;1;1;1;A01
201300046151;0;7;0;4;0;1;0;A01
201300046152;0;31;0;0;0;7;0;A01
201300046153;0;7;0;0;0;8;21;A01
201300046154;0;7;0;0;0;1;0;A01
201300046155;1;7;0;4;1;0;1;Z01
201300046156;0;14;0;0;2;1;2;C01
201300046156;0;7;0;0;2;4;2;B01
201300046156;0;33;0;0;2;2;1;A01
201300046157;0;7;0;0;2;4;1;B01
201300046157;0;33;0;0;2;2;1;C01
201300046157;0;7;0;0;2;3;11;A01
201300046158;0;7;0;0;2;6;0;A01
201300046158;0;31;0;0;2;2;2;B01
201300046159;0;7;0;16;0;9;1;A01
201300046160;0;7;0;10;0;1;1;A01
201300046161;0;7;0;0;0;1;1;A01
201300046162;0;33;0;0;0;1;0;A01
201300046163;0;10;0;0;0;8;1;C01
201300046163;0;31;0;0;2;1;0;A01
201300046163;0;7;0;0;0;4;0;B01
201300046164;0;7;0;0;2;1;1;A01
201300046164;0;10;0;0;2;4;2;B01
201300046165;0;33;0;0;0;0;0;A01
201300046166;0;7;0;16;0;8;13;A01
201300046167;0;34;0;0;2;1;3;A01
201300046167;0;7;0;0;2;8;12;B01
201300046168;0;34;0;16;0;3;1;A01
201300046169;0;7;0;16;0;9;12;A01
201300046170;0;7;0;4;0;4;13;A01
201300046171;0;7;0;4;0;1;13;A01
201300046172;0;7;0;0;6;1;1;A01
201300046173;0;7;0;0;2;4;0;B01
201300046173;0;34;0;0;2;3;0;C01
201300046173;0;7;0;0;2;2;1;A01
201300046174;0;7;0;0;2;2;12;B01
201300046174;0;32;0;0;2;3;1;A01
201300046175;0;7;0;0;0;1;1;A01
201300046175;0;7;0;0;2;4;2;B01
201300046176;0;7;0;0;2;4;2;B01
201300046176;0;33;0;0;0;1;1;A01
201300046177;0;7;0;0;0;5;1;A01
201300046177;0;7;0;0;0;1;11;B01
201300046178;0;7;0;0;0;6;1;A01
201300046178;0;7;0;0;2;1;2;B01
201300046179;0;32;0;0;2;2;0;A01
201300046179;0;7;0;0;2;5;1;C01
201300046179;0;20;0;0;0;0;0;B01
201300046180;0;7;0;0;2;2;12;A01
201300046180;0;7;0;0;2;4;2;B01
201300046181;0;10;0;0;0;4;0;B01
201300046181;0;10;0;0;0;3;12;C01
201300046181;0;32;0;0;2;9;2;D01
201300046182;0;7;0;0;0;3;0;B01
201300046182;1;7;0;0;2;2;0;Z01
201300046182;0;7;0;0;0;8;0;C01
201300046183;0;7;0;4;0;2;13;A01
201300046184;0;7;0;3;0;8;0;A01
201300046185;0;7;0;0;2;4;11;A01
201300046185;0;33;0;0;2;4;3;B01
201300046186;0;7;0;4;2;3;1;A01
201300046186;0;14;0;0;2;4;2;C01
201300046186;0;7;0;0;2;9;2;B01
201300046187;0;7;0;0;2;4;2;A01
201300046187;0;7;0;0;2;1;1;B01
201300046188;0;33;0;3;0;1;1;A01
201300046189;0;33;0;0;2;8;21;B01
201300046189;0;7;0;0;2;5;2;A01
201300046190;0;15;0;0;2;2;0;B01
201300046190;0;7;0;4;2;8;0;A01
201300046191;0;7;0;4;0;1;1;A01
201300046192;0;13;0;4;0;1;1;A01
201300046192;0;7;0;4;0;1;21;B01
201300046193;0;7;0;0;2;4;2;C01
201300046193;0;7;0;0;2;4;2;B01
201300046193;0;7;0;0;2;1;1;A01
201300046194;0;33;0;0;2;8;3;A01
201300046194;0;7;0;0;2;7;1;B01
201300046195;0;33;0;0;2;2;17;B01
201300046195;0;7;0;0;2;3;1;A01
201300046196;0;7;0;0;2;4;1;C01
201300046196;0;7;0;0;2;2;12;B01
201300046196;0;33;0;0;2;1;3;A01
201300046197;0;7;0;0;2;4;2;A01
201300046197;0;7;0;0;2;1;1;B01
201300046198;0;10;0;0;0;4;2;B01
201300046198;0;10;0;0;2;1;1;A01
201300046199;0;7;0;0;2;0;1;B01
201300046199;0;7;0;0;2;0;1;A01
201300046199;1;7;0;0;0;0;0;Z01
201300046199;0;7;0;0;2;0;1;C01
201300046200;0;7;0;0;2;6;1;B01
201300046200;0;33;0;0;2;1;3;A01
201300046201;0;33;0;0;2;7;3;C01
201300046201;0;7;0;0;2;5;0;A01
201300046201;0;7;0;0;2;8;0;B01
201300046202;0;7;0;0;2;4;21;B01
201300046202;0;7;0;0;2;1;1;A01
201300046202;0;7;0;0;2;9;2;C01
201300046203;0;33;0;0;2;1;3;A01
201300046203;0;7;0;0;2;2;12;B01
201300046204;2;7;0;0;2;2;16;B01
201300046204;0;7;0;0;2;3;1;A01
201300046205;0;7;0;4;0;3;0;A01
201300046206;0;14;0;4;0;3;6;A01
201300046207;0;7;0;0;2;5;1;A01
201300046207;0;34;0;0;2;1;3;B01
201300046208;0;7;0;16;0;9;14;A01
201300046209;0;15;0;0;2;1;0;A01
201300046209;0;7;0;0;2;8;0;B01
201300046210;0;15;0;0;2;1;1;A01
201300046210;0;7;0;0;2;4;2;B01
201300046210;0;7;0;0;2;4;2;C01
201300046211;0;7;0;3;0;7;14;A01
201300046212;0;7;0;0;2;4;2;B01
201300046212;0;7;0;0;2;1;1;A01
201300046213;0;7;0;0;0;1;0;A01
201300046214;0;7;0;0;2;8;2;A01
201300046214;0;7;0;0;2;2;0;B01
201300046215;0;34;0;0;2;1;2;B01
201300046215;0;7;0;0;2;5;12;A01
201300046216;0;33;0;0;2;1;0;B01
201300046216;0;7;0;0;2;4;0;A01
201300046217;0;33;0;0;2;1;0;A01
201300046218;0;7;0;0;2;9;23;A01
201300046218;0;14;0;0;2;8;1;B01
201300046218;0;7;0;0;2;7;21;C01
201300046218;0;7;0;0;2;1;1;D01
201300046219;0;7;0;0;2;4;2;C01
201300046219;0;7;0;0;2;4;2;B01
201300046219;0;7;0;0;2;1;1;A01
201300046220;0;7;0;0;2;8;17;A01
201300046221;0;7;0;0;2;3;1;A01
201300046221;0;10;0;0;2;7;9;B01
201300046222;0;33;0;0;0;8;3;A01
201300046222;0;7;0;0;0;2;2;B01
201300046223;0;7;0;0;0;0;0;B01
201300046223;0;34;0;0;0;0;0;A01
201300046224;0;34;0;0;2;8;3;B01
201300046224;0;7;0;0;2;7;12;A01
201300046225;0;7;0;0;2;3;9;A01
201300046225;0;15;0;0;2;2;1;B01
201300046226;0;31;0;0;2;7;3;A01
201300046226;0;7;0;0;0;3;13;B01
201300046227;0;31;0;0;2;1;1;B01
201300046227;0;10;0;0;2;4;1;A01
201300046228;0;7;0;0;0;4;2;A01
201300046228;0;7;0;0;2;1;1;B01
201300046229;0;7;0;4;0;2;6;A01
201300046230;0;34;0;0;2;3;1;B01
201300046230;0;7;0;0;2;2;12;A01
201300046231;0;7;0;0;2;1;0;B01
201300046231;0;7;0;0;2;4;0;G01
201300046231;0;7;0;0;2;1;0;A01
201300046231;0;7;0;0;2;1;0;F01
201300046231;0;7;0;0;2;1;0;C02
201300046231;0;7;0;0;2;1;0;D02
201300046231;0;7;0;0;2;1;0;E01
201300046232;0;7;0;0;2;6;2;B01
201300046232;0;33;0;0;2;3;3;A01
201300046233;0;7;0;0;2;2;2;A01
201300046233;0;7;0;0;2;6;2;B01
201300046234;0;7;0;6;0;3;2;A01
201300046235;0;7;0;0;0;4;2;D01
201300046235;0;7;0;0;2;4;2;C01
201300046235;0;7;0;0;2;1;1;A01
201300046235;0;7;0;0;2;4;2;B01
201300046236;0;7;0;0;2;3;2;A01
201300046236;0;33;0;0;2;2;12;B01
201300046237;0;7;0;0;0;0;0;A01
201300046237;0;33;0;0;0;0;0;B01
201300046238;0;7;0;1;2;1;1;A01
201300046238;0;10;0;0;2;4;24;B01
201300046239;0;33;0;0;0;0;1;A01
201300046240;0;15;0;0;2;4;2;B01
201300046240;0;7;0;0;2;1;0;A01
201300046241;0;32;0;0;2;0;0;B01
201300046241;0;7;0;0;2;0;0;A01
201300046242;0;7;0;0;2;4;2;A01
201300046242;0;32;0;0;2;1;2;B01
201300046243;0;7;0;0;2;4;2;A01
201300046243;0;7;0;0;2;1;2;B01
201300046244;0;7;0;0;2;0;0;B01
201300046244;0;7;0;4;2;0;0;A01
201300046245;0;7;0;0;2;2;0;A01
201300046245;0;33;0;0;2;8;0;B01
201300046246;1;7;0;0;2;2;12;Z01
201300046246;0;33;0;0;2;6;3;A01
201300046247;0;33;0;0;0;0;3;A01
201300046248;0;7;0;0;2;8;1;C01
201300046248;0;7;0;0;2;3;11;B01
201300046248;0;33;0;0;2;2;3;A01
201300046249;0;10;0;0;2;1;2;A01
201300046249;0;7;0;0;0;4;1;B01
201300046250;0;7;0;0;2;4;2;C01
201300046250;0;33;0;0;2;2;3;B01
201300046250;0;7;0;0;2;8;11;A01
201300046251;0;32;0;0;0;8;0;A01
201300046252;0;7;0;3;0;9;13;A01
201300046253;0;7;0;0;2;1;1;A01
201300046253;0;7;0;0;2;4;2;B01
201300046254;0;2;0;0;2;4;2;A01
201300046254;0;7;0;0;2;2;1;B01
201300046255;0;7;0;2;0;1;14;A01
201300046256;0;32;0;0;0;0;0;A01
201300046257;0;33;0;0;2;7;1;A01
201300046257;0;7;0;0;2;8;2;B01
201300046258;0;33;0;0;2;7;3;A01
201300046258;0;7;0;0;2;3;11;B01
201300046259;0;33;0;0;9;1;0;B01
201300046259;0;7;0;0;9;0;0;A01
201300046260;1;33;0;0;2;5;2;Z01
201300046260;0;34;0;0;2;0;2;A01
201300046261;0;33;0;0;2;9;2;B01
201300046261;0;32;0;1;2;1;3;A01
201300046261;0;33;0;0;2;4;2;D01
201300046261;0;33;0;0;2;9;2;C01
201300046262;0;33;0;0;0;0;0;A01
201300046262;0;7;0;0;0;0;0;B01
201300046263;0;34;0;0;2;7;3;C01
201300046263;0;7;0;0;2;8;2;A01
201300046263;0;7;0;0;2;2;1;B01
201300046264;0;7;0;0;2;2;1;A01
201300046264;0;7;0;0;2;9;12;B01
201300046264;0;15;0;0;2;2;21;C01
201300046265;0;7;0;0;2;3;1;A01
201300046265;0;15;0;0;2;2;11;B01
201300046266;0;7;0;0;2;3;11;A01
201300046266;0;32;0;0;2;1;3;B01
201300046267;0;7;0;0;2;1;1;A01
201300046267;0;7;0;0;2;4;2;B01
201300046267;0;7;0;0;2;4;2;C01
201300046268;0;33;0;0;2;1;1;B01
201300046268;0;10;0;0;2;2;14;A01
201300046269;0;7;0;0;2;4;1;B01
201300046269;0;7;0;0;2;4;1;D01
201300046269;0;7;0;0;2;1;1;A01
201300046269;0;7;0;0;2;4;2;E01
201300046269;0;7;0;0;2;4;1;C01
201300046270;0;7;0;4;0;8;0;A01
201300046271;0;7;0;0;0;7;0;A01
201300046271;0;33;0;0;0;8;3;B01
201300046272;0;7;0;0;2;4;0;C01
201300046272;0;7;0;0;2;1;0;A01
201300046272;0;7;0;0;2;4;0;B01
201300046273;0;7;0;3;2;3;1;B01
201300046273;1;7;0;0;2;2;0;Z01
201300046273;0;37;1;0;2;5;1;A01
201300046274;0;10;0;0;0;4;2;A01
201300046274;0;7;0;0;2;4;2;B01
201300046275;0;33;0;0;2;0;3;A01
201300046275;0;7;0;0;2;0;1;B01
201300046276;0;7;0;0;2;1;0;B01
201300046276;0;7;0;0;2;1;0;A01
201300046277;0;7;0;3;0;7;11;A01
201300046278;0;7;0;0;2;2;1;A01
201300046278;0;7;0;4;2;4;11;B01
201300046279;0;33;0;16;0;7;3;A01
201300046280;0;7;0;0;2;4;2;A01
201300046280;0;32;0;0;2;1;1;B01
201300046281;0;7;0;0;2;1;1;B01
201300046281;0;7;0;0;2;4;2;A01
201300046282;0;10;0;0;2;2;0;D01
201300046282;0;10;0;0;2;2;0;C01
201300046282;0;7;0;0;2;1;2;B01
201300046282;0;7;0;0;2;4;0;A01
201300046283;0;31;0;0;0;7;21;A01
201300046284;0;7;0;4;0;3;13;A01
201300046285;0;10;0;0;2;1;1;A01
201300046285;0;7;0;0;2;4;2;B01
201300046286;0;7;0;0;0;3;2;A01
201300046287;0;7;0;0;2;3;1;C01
201300046287;0;7;0;0;2;1;1;B01
201300046287;0;7;0;0;2;9;13;A01
201300046288;0;7;0;4;0;1;13;A01
201300046289;0;7;0;4;0;3;13;A01
201300046290;0;7;0;0;2;3;0;A01
201300046290;0;15;0;0;2;0;0;C01
201300046290;0;7;0;0;2;2;0;B01
201300046291;0;7;0;0;2;4;2;A01
201300046291;0;33;0;0;2;1;1;B01
201300046292;0;2;0;14;0;9;1;A01
201300046293;0;33;0;4;0;8;13;A01
201300046294;0;33;0;16;0;8;21;A01
201300046295;0;7;0;0;2;5;12;A01
201300046295;0;33;0;0;0;3;3;B01
201300046296;0;7;0;0;0;4;2;A01
201300046296;0;7;0;0;2;1;2;B01
201300046297;0;10;0;0;2;1;1;C01
201300046297;0;7;0;0;2;6;13;A01
201300046297;0;7;0;0;2;7;1;B01
201300046298;0;7;0;0;2;5;0;A01
201300046298;0;10;0;0;0;0;0;B01
201300046299;0;7;0;0;2;2;12;C01
201300046299;0;10;0;0;2;3;0;D01
201300046299;0;7;0;0;2;0;0;A01
201300046299;0;7;0;0;2;3;0;E01
201300046299;0;7;0;0;2;1;0;B01
201300046300;0;7;0;5;0;1;0;A01
201300046301;0;14;0;0;2;2;12;A01
201300046301;0;7;0;0;2;6;2;B01
201300046302;0;7;0;0;0;4;0;B01
201300046302;0;7;0;0;2;1;0;A01
201300046303;0;7;0;4;0;1;13;A01
201300046304;0;7;0;0;0;0;0;C01
201300046304;0;31;0;0;0;0;0;A01
201300046304;0;7;0;0;0;0;0;B01
201300046305;0;31;0;0;0;0;0;A01
201300046306;0;34;0;0;0;0;1;A01
201300046307;0;7;0;3;0;1;1;A01
201300046308;0;7;0;4;0;9;0;A01
201300046309;0;7;0;0;0;4;0;A01
201300046310;0;7;0;0;2;4;2;A01
201300046311;0;33;0;0;2;7;18;A01
201300046311;0;7;0;0;2;8;1;B01
201300046312;0;7;0;4;0;1;0;A01
201300046313;0;7;0;0;2;6;1;A01
201300046313;0;7;0;0;2;7;14;B01
201300046314;0;7;0;5;0;1;11;A01
201300046315;0;33;0;4;0;9;13;A01
201300046316;0;31;0;0;2;4;2;A01
201300046316;1;7;0;0;2;1;1;Z01
201300046317;0;15;0;0;2;2;0;A01
201300046317;0;7;0;0;2;4;1;B01
201300046318;0;33;0;0;0;8;0;A01
201300046319;0;7;0;4;2;8;2;B01
201300046319;0;15;0;0;2;2;12;A01
201300046320;0;7;0;0;2;7;0;B01
201300046320;0;7;0;0;2;3;0;A01
201300046321;0;7;0;4;0;1;14;A01
201300046322;0;7;0;4;0;1;15;A01
201300046323;0;14;0;1;0;2;21;A01
201300046323;0;7;0;0;2;3;23;B01
201300046324;0;7;0;0;2;1;13;A01
201300046324;0;14;0;0;2;5;2;B01
201300046325;0;7;0;0;2;7;12;B01
201300046325;0;33;0;0;2;8;3;A01
201300046326;0;33;0;16;0;7;14;A01
201300046327;0;7;0;4;0;3;13;A01
201300046328;0;7;0;4;0;4;0;A01
201300046329;0;7;0;4;0;3;0;A01
201300046330;0;7;0;0;0;4;24;B01
201300046330;0;7;0;1;0;2;14;A01
201300046331;0;7;0;0;2;1;0;A01
201300046332;0;7;0;0;2;1;1;A01
201300046332;0;7;0;0;2;0;1;B01
201300046332;0;7;0;0;2;4;1;C01
201300046333;0;7;0;16;0;9;1;A01
201300046334;0;7;0;0;2;4;2;B01
201300046334;0;7;0;0;2;1;2;A01
201300046335;0;7;0;0;2;4;2;B01
201300046335;0;7;0;0;2;1;1;A01
201300046336;0;7;0;0;2;1;1;B01
201300046336;0;7;0;4;2;4;2;A01
201300046337;0;10;0;3;0;4;21;A01
201300046338;0;7;0;4;0;3;1;A01
201300046339;0;10;0;0;0;6;1;B01
201300046339;0;10;0;4;2;1;0;A01
201300046340;0;7;0;4;0;8;13;A01
201300046341;0;7;0;4;0;1;0;A01
201300046342;0;7;0;0;2;4;1;B01
201300046342;0;7;0;4;2;7;14;A01
201300046343;0;7;0;16;0;9;1;A01
201300046344;0;7;0;4;0;1;1;A01
201300046345;0;7;0;4;0;2;1;A01
201300046346;0;7;0;4;0;1;0;A01
201300046347;0;7;0;4;0;3;0;A01
201300046348;0;7;0;0;2;5;0;C01
201300046348;0;32;0;0;2;8;3;A01
201300046348;0;32;0;0;2;5;3;B01
201300046349;0;7;0;0;2;4;2;A01
201300046349;0;7;0;0;2;1;1;D01
201300046349;0;7;0;0;2;4;2;C01
201300046349;0;7;0;0;2;4;2;B01
201300046350;0;13;0;0;2;4;2;B01
201300046350;0;13;0;0;0;4;2;E01
201300046350;0;13;0;0;2;1;2;A01
201300046350;0;7;0;0;2;4;2;C01
201300046350;0;7;0;0;2;4;2;D01
201300046351;0;7;0;3;0;1;1;A01
201300046352;0;7;0;0;2;4;1;A01
201300046352;0;7;0;0;2;1;1;B01
201300046353;0;7;0;0;0;4;2;C01
201300046353;0;7;0;0;0;4;2;A01
201300046353;0;7;0;0;0;1;2;B01
201300046354;0;33;0;4;0;9;13;A01
201300046355;0;7;0;0;0;4;2;B01
201300046355;0;7;0;0;0;1;2;A01
201300046355;0;7;0;0;0;4;2;C01
201300046355;0;7;0;0;0;4;2;D01
201300046356;0;7;0;0;2;1;1;A01
201300046356;0;15;0;0;2;5;2;B01
201300046357;0;33;0;0;2;1;12;A01
201300046357;0;7;0;0;2;5;1;B01
201300046358;0;7;0;0;2;1;0;B01
201300046358;0;7;0;0;2;4;1;A01
201300046359;0;10;0;3;0;3;0;A01
201300046360;0;33;0;16;0;9;1;A01
201300046361;0;7;0;0;2;9;0;C01
201300046361;0;15;0;0;2;2;1;B01
201300046361;0;7;0;0;2;3;11;A01
201300046362;0;7;0;0;2;9;1;B01
201300046362;0;7;0;0;2;1;1;A01
201300046362;0;7;0;0;2;4;1;C01
201300046363;0;7;0;4;0;1;1;A01
201300046364;0;7;0;4;0;9;0;A01
201300046365;0;7;0;4;0;1;13;A01
201300046366;0;7;0;0;2;4;2;A01
201300046366;0;33;0;0;2;1;1;B01
201300046367;0;7;0;0;2;4;2;B01
201300046367;0;10;0;0;0;4;2;D01
201300046367;0;7;0;0;2;1;2;A01
201300046367;0;7;0;0;2;4;2;C01
201300046368;0;33;0;0;2;8;3;A01
201300046368;0;7;0;0;2;7;12;B01
201300046369;0;7;0;3;0;1;1;A01
201300046370;0;7;0;16;0;2;1;A01
201300046371;0;17;0;4;0;9;1;A01
201300046372;0;15;0;4;0;2;14;A01
201300046373;0;7;0;0;2;7;12;A01
201300046373;0;7;0;0;2;8;1;B01
201300046373;0;7;0;0;2;4;1;C01
201300046373;0;33;0;0;2;1;3;D01
201300046374;0;7;0;0;2;9;2;A01
201300046374;2;7;0;0;2;3;1;Z01
201300046374;0;7;0;1;0;4;2;B01
201300046375;0;10;0;3;0;9;1;A01
201300046376;0;7;0;0;1;6;1;C01
201300046376;0;7;0;0;1;5;0;B01
201300046377;1;7;0;0;2;1;2;Z01
201300046377;0;7;0;0;2;4;2;A01
201300046377;0;7;0;0;2;4;2;B01
201300046378;0;7;0;0;2;4;2;A01
201300046378;0;7;0;0;2;7;12;B01
201300046379;0;7;0;0;2;1;1;A01
201300046379;0;7;0;0;2;4;2;B01
201300046380;0;14;0;3;0;1;14;A01
201300046381;0;7;0;4;0;3;13;A01
201300046382;0;7;0;16;0;9;1;A01
201300046383;0;7;0;4;0;2;0;A01
201300046384;0;7;0;0;2;0;1;B01
201300046384;0;7;0;0;2;1;1;C01
201300046384;0;7;0;0;2;4;1;A01
201300046385;0;14;0;0;2;7;0;A01
201300046385;0;33;0;0;2;8;3;C01