num_acc;senc;catv;occutc;obs;obsm;choc;manv;num_veh
201300046385;0;7;0;0;2;6;0;B01
201300046386;0;34;0;4;0;1;1;A01
201300046387;0;7;0;4;0;1;0;A01
201300046388;0;33;0;4;0;9;1;A01
201300046389;0;34;0;0;2;1;0;B01
201300046389;0;7;0;0;2;8;0;A01
201300046390;0;7;0;0;2;4;2;C01
201300046390;0;7;0;0;2;4;2;B01
201300046390;0;10;0;0;2;1;2;A01
201300046391;0;10;0;0;2;1;2;A01
201300046391;0;14;0;0;2;4;1;B01
201300046392;0;7;0;0;2;6;11;B01
201300046392;0;33;0;0;2;7;0;A01
201300046393;2;7;0;0;2;1;0;Z01
201300046393;0;7;0;0;2;1;1;D01
201300046393;0;7;0;0;2;4;2;A01
201300046393;0;7;0;0;2;1;2;C01
201300046394;0;7;0;0;2;1;1;A01
201300046394;0;7;0;0;2;4;2;B01
201300046395;0;7;0;4;0;3;11;A01
201300046396;0;33;0;0;2;1;3;A01
201300046396;0;7;0;0;2;4;1;B01
201300046397;0;7;0;0;0;4;2;A01
201300046397;0;7;0;0;0;1;2;B01
201300046398;0;7;0;4;0;1;0;A01
201300046399;0;7;0;0;0;9;0;A01
201300046400;0;17;0;4;0;1;1;A01
201300046401;0;7;0;4;0;1;0;A01
201300046402;0;7;0;3;0;2;1;A01
201300046403;0;7;0;0;2;1;2;A01
201300046403;0;7;0;0;2;4;2;C01
201300046403;0;7;0;0;2;4;2;B01
201300046404;0;10;0;0;0;1;14;A01
201300046405;0;7;0;4;0;1;1;A01
201300046406;0;7;0;0;2;2;0;A01
201300046406;0;7;0;0;2;6;0;B01
201300046407;0;7;0;4;0;1;1;A01
201300046408;0;7;0;16;0;1;1;A01
201300046409;0;7;0;3;0;3;2;A01
201300046410;1;7;0;0;2;2;0;Z01
201300046410;0;33;0;3;0;9;1;A01
201300046411;0;7;0;0;2;4;0;A01
201300046411;0;7;0;0;2;1;0;C01
201300046411;0;33;0;0;2;1;0;B01
201300046412;0;7;0;0;2;1;1;B01
201300046412;0;7;0;0;2;9;2;C01
201300046412;0;7;0;0;2;4;2;D01
201300046412;0;31;0;0;2;4;2;A01
201300046413;1;7;0;0;0;5;14;A01
201300046414;0;7;0;3;0;1;0;A01
201300046415;0;34;0;3;0;8;1;A01
201300046416;0;10;0;13;0;9;14;A01
201300046417;0;7;0;3;0;4;2;A01
201300046418;0;7;0;0;2;4;2;A01
201300046418;0;32;0;0;2;1;2;B01
201300046419;0;7;0;0;2;3;0;A01
201300046419;0;10;0;0;2;2;0;B01
201300046420;0;7;0;0;2;8;0;A01
201300046420;0;7;0;0;2;2;0;B01
201300046421;0;33;0;0;2;1;2;A01
201300046421;0;7;0;0;9;2;12;B01
201300046422;0;33;0;16;0;8;13;A01
201300046423;0;7;0;3;0;1;2;A01
201300046424;0;7;0;4;0;2;14;A01
201300046425;0;7;0;0;2;1;1;A01
201300046425;0;7;0;0;2;9;2;C01
201300046425;0;7;0;0;2;2;2;B01
201300046426;0;7;0;4;0;1;13;A01
201300046427;0;7;0;0;0;6;2;B01
201300046427;0;7;0;0;2;9;12;A01
201300046428;0;7;0;4;0;1;0;A01
201300046429;0;7;0;4;0;1;1;A01
201300046430;0;7;0;4;0;1;14;A01
201300046431;0;7;0;0;2;8;11;B01
201300046431;0;33;0;0;2;7;3;A01
201300046432;0;7;0;0;0;4;2;B01
201300046432;0;7;0;0;2;1;2;A01
201300046433;0;33;0;4;2;7;17;A01
201300046434;0;7;0;13;0;1;14;A01
201300046435;0;7;0;4;0;3;15;A01
201300046436;0;33;0;0;2;8;3;A01
201300046436;0;7;0;0;2;7;12;B01
201300046437;0;7;0;0;2;1;0;A01
201300046437;0;7;0;0;2;2;0;B01
201300046437;0;7;0;0;2;5;2;C01
201300046437;0;33;0;0;2;1;2;D01
201300046437;0;7;0;0;2;8;0;E01
201300046437;0;7;0;0;2;6;2;F02
201300046438;0;33;0;0;0;0;0;A01
201300046439;0;15;0;0;2;1;12;C01
201300046439;0;7;0;0;2;3;0;A01
201300046439;0;7;0;3;2;4;11;B01
201300046440;0;7;0;3;0;2;0;A01
201300046441;0;7;0;0;2;7;12;A01
201300046441;0;33;0;0;2;8;1;B01
201300046442;0;33;0;0;2;1;2;A01
201300046442;0;15;0;0;0;0;2;B01
201300046443;0;7;0;3;0;1;0;A01
201300046444;0;7;0;0;2;0;0;C01
201300046444;0;15;0;0;2;1;0;A01
201300046444;0;7;0;0;2;0;0;B01
201300046445;0;7;0;3;0;1;13;A01
201300046446;0;7;0;0;2;4;23;C01
201300046446;0;7;0;0;2;1;1;A01
201300046446;0;7;0;0;2;4;23;B01
201300046447;0;33;0;0;0;0;0;A01
201300046448;0;15;0;0;2;1;1;B01
201300046448;0;7;0;0;0;4;3;A01
201300046449;0;15;0;14;0;1;2;A01
201300046449;0;33;0;0;0;4;2;B01
201300046450;0;7;0;0;2;1;2;A01
201300046450;0;7;0;0;2;4;2;B01
201300046451;0;7;0;4;0;1;13;A01
201300046452;0;7;0;4;0;1;13;A01
201300046453;0;31;0;0;2;4;2;C01
201300046453;0;31;0;0;2;7;2;D01
201300046453;0;31;0;0;2;4;2;E01
201300046453;0;7;0;0;2;1;21;A01
201300046453;0;7;0;0;2;4;2;B01
201300046454;0;7;0;4;0;3;13;A01
201300046455;0;7;0;0;2;2;0;B01
201300046455;0;7;0;0;2;3;0;A01
201300046456;0;7;0;16;0;9;13;A01
201300046457;0;15;0;0;2;2;12;A01
201300046457;0;7;0;0;2;6;2;B01
201300046458;0;31;0;0;2;1;2;A01
201300046458;0;7;0;0;2;6;2;B01
201300046459;0;34;0;0;2;1;3;B01
201300046459;0;7;0;0;2;1;1;C01
201300046459;0;10;0;0;2;7;12;A01
201300046460;0;31;0;0;0;0;21;A01
201300046461;0;7;0;5;0;1;14;A01
201300046462;0;34;0;0;2;1;1;A01
201300046462;0;15;0;0;2;7;12;C01
201300046462;0;7;0;0;2;6;1;B01
201300046463;0;7;0;3;0;3;1;A01
201300046464;0;7;0;0;2;5;1;A01
201300046464;0;33;0;0;2;1;2;B01
201300046465;0;15;0;0;2;8;0;A01
201300046465;0;7;0;4;2;9;0;B01
201300046466;0;33;0;0;2;1;0;B01
201300046466;0;7;0;0;2;4;0;A01
201300046467;0;34;0;16;2;1;12;A01
201300046468;0;7;0;0;2;8;1;B01
201300046468;0;17;0;0;2;2;12;A01
201300046469;0;7;0;0;2;4;2;B01
201300046469;0;7;0;0;2;1;2;A01
201300046470;0;33;0;0;0;0;2;A01
201300046471;0;7;0;0;2;3;1;A01
201300046471;0;33;0;0;0;2;12;B01
201300046472;0;31;0;0;2;1;2;E01
201300046472;0;7;0;0;2;0;2;C01
201300046472;0;7;0;0;2;1;2;A01
201300046472;0;7;0;0;2;4;2;B01
201300046472;0;7;0;0;2;0;2;D01
201300046473;0;33;0;0;0;0;0;A01
201300046474;0;7;0;0;2;2;0;B01
201300046474;0;33;0;0;2;0;0;A01
201300046475;0;16;0;0;2;0;0;C01
201300046475;0;7;0;0;2;1;0;A01
201300046475;0;7;0;0;2;0;0;B01
201300046476;0;14;0;0;2;2;1;B01
201300046476;0;7;0;14;2;3;11;A01
201300046477;0;17;0;0;2;2;12;A01
201300046477;0;7;0;0;2;3;1;B01
201300046478;0;7;0;0;2;7;0;A01
201300046478;0;37;1;0;2;6;0;B01
201300046479;0;33;0;0;2;0;0;B01
201300046479;0;7;0;0;2;0;0;A01
201300046480;0;7;0;4;0;2;0;A01
201300046481;0;33;0;0;2;3;1;A01
201300046481;0;10;0;0;2;7;12;B01
201300046482;0;7;0;0;2;4;2;A01
201300046482;0;7;0;0;2;1;1;B01
201300046483;0;7;0;4;0;2;0;A01
201300046484;0;10;0;0;2;2;12;A01
201300046484;0;15;0;0;2;6;1;B01
201300046485;0;7;0;0;2;2;12;B01
201300046485;0;10;0;0;2;6;1;A01
201300046486;0;7;0;6;0;9;14;A01
201300046487;0;7;0;4;0;3;1;A01
201300046488;0;10;0;0;2;8;1;A01
201300046488;0;34;0;0;2;2;3;B01
201300046489;0;32;0;0;2;1;0;A01
201300046489;0;10;0;0;0;2;0;B01
201300046490;0;32;0;0;2;0;0;B01
201300046490;0;7;0;0;2;1;0;A01
201300046491;0;33;0;0;2;1;0;A01
201300046491;0;7;0;0;2;4;0;B01
201300046492;0;7;0;0;0;0;1;C01
201300046492;0;33;0;0;2;1;3;A01
201300046492;0;7;0;0;0;4;1;B01
201300046493;0;7;0;0;2;1;1;B01
201300046493;0;7;0;0;2;6;2;C01
201300046493;0;7;0;0;2;9;1;A01
201300046494;0;7;0;0;2;0;0;A01
201300046494;1;99;0;0;2;2;0;Z01
201300046495;0;7;0;0;1;1;1;A01
201300046495;1;99;0;0;2;2;0;Z01
201300046496;0;7;0;16;0;2;14;A01
201300046497;0;7;0;0;2;1;1;A01
201300046497;0;7;0;0;2;4;2;B01
201300046498;0;7;0;0;2;4;2;A01
201300046498;0;7;0;0;2;1;2;B01
201300046499;0;7;0;0;2;1;2;A01
201300046499;0;7;0;0;0;0;0;B01
201300046500;0;7;0;4;0;3;1;A01
201300046501;0;7;0;4;0;4;14;A01
201300046502;0;7;0;0;2;7;1;C01
201300046502;0;33;0;0;0;7;3;D01
201300046502;0;7;0;0;0;0;11;A01
201300046502;0;7;0;0;2;8;1;B01
201300046503;0;7;0;10;0;3;13;A01
201300046504;0;7;0;0;2;4;0;C01
201300046504;2;10;0;0;2;1;2;Z01
201300046504;0;7;0;0;0;4;2;B01
201300046505;0;7;0;0;2;5;12;A01
201300046505;0;33;0;4;2;3;2;B01
201300046506;0;7;0;0;2;7;1;A01
201300046506;0;33;0;0;2;8;3;B01
201300046507;0;7;0;3;0;1;1;A01
201300046508;0;7;0;0;0;4;1;B01
201300046509;0;7;0;0;2;7;0;C01
201300046509;0;7;0;0;2;1;0;A01
201300046509;0;7;0;0;2;7;0;B01
201300046510;0;32;0;0;0;8;3;A01
201300046511;0;10;0;0;2;1;2;C01
201300046511;0;7;0;0;2;4;2;E01
201300046511;0;7;0;0;2;1;2;D01
201300046511;0;7;0;0;2;1;1;A01
201300046511;0;7;0;0;2;1;2;B01
201300046512;0;10;0;0;0;8;24;B01
201300046512;0;7;0;1;0;1;0;A01
201300046513;0;7;0;4;0;0;2;A01
201300046514;0;7;0;4;0;1;1;A01
201300046515;0;7;0;3;0;1;2;A01
201300046516;0;7;0;5;0;1;13;A01
201300046517;0;33;0;0;0;0;0;A01
201300046518;0;33;0;16;0;8;1;A01
201300046519;0;7;0;3;0;9;14;A01
201300046520;0;33;0;16;0;1;0;A01
201300046521;0;33;0;0;2;3;1;A01
201300046522;0;7;0;0;2;1;1;A01
201300046522;0;7;0;0;0;4;23;B01
201300046523;0;7;0;0;2;4;2;B01
201300046523;0;7;0;0;2;1;2;A01
201300046524;0;7;0;0;2;1;2;A01
201300046524;0;7;0;0;2;4;2;B01
201300046525;0;7;0;3;0;1;14;A01
201300046526;0;7;0;0;2;8;0;C01
201300046526;0;33;0;0;2;2;3;A01
201300046526;0;7;0;0;2;8;3;B01
201300046527;0;7;0;0;2;4;2;B01
201300046527;0;7;0;0;2;1;1;A01
201300046528;0;7;0;0;2;3;9;A01
201300046529;0;7;0;4;0;1;14;A01
201300046530;0;7;0;0;2;4;2;B01
201300046530;0;7;0;0;2;1;2;A01
201300046531;0;7;0;0;2;4;2;C01
201300046531;0;3;0;0;2;1;1;A01
201300046531;0;7;0;0;2;4;2;B01
201300046532;0;15;0;0;2;3;11;A01
201300046532;0;38;29;0;0;5;1;B01
201300046533;0;7;0;16;0;1;0;A01
201300046534;0;7;0;0;2;5;9;A01
201300046534;0;10;0;0;2;2;1;B01
201300046535;0;7;0;0;0;0;12;C01
201300046535;0;32;0;0;2;1;3;A01
201300046535;0;7;0;0;9;5;2;B01
201300046536;0;13;0;0;2;1;2;A01
201300046536;0;7;0;0;0;7;0;B01
201300046536;1;99;0;0;2;2;0;Z01
201300046537;0;10;0;0;2;3;11;A01
201300046537;0;33;0;0;2;7;1;B01
201300046538;0;7;0;0;2;3;0;A01
201300046538;0;33;0;0;0;0;0;B01
201300046539;0;33;0;0;2;1;2;A01
201300046539;0;7;0;0;0;0;2;B01
201300046540;0;33;0;0;2;0;0;A01
201300046540;0;7;0;0;0;4;0;C01
201300046540;0;7;0;0;0;5;0;B01
201300046541;0;7;0;0;2;4;0;B01
201300046541;0;7;0;0;2;1;0;A01
201300046542;0;7;0;0;2;4;0;B01
201300046542;0;7;0;0;2;3;0;A01
201300046543;0;7;0;0;0;8;0;C01
201300046543;0;14;0;0;0;8;0;B01
201300046543;0;7;0;0;2;3;0;A01
201300046544;0;7;0;0;2;8;9;A01
201300046544;0;34;0;0;2;1;3;B01
201300046545;0;7;0;0;1;2;1;A01
201300046546;0;31;0;0;9;0;0;A01
201300046547;0;10;0;0;0;4;0;A01
201300046547;0;31;0;0;2;1;3;B01
201300046548;0;7;0;0;2;4;2;B01
201300046548;0;14;0;0;2;1;1;C01
201300046548;0;7;0;0;2;6;2;A01
201300046549;0;7;0;4;0;1;14;A01
201300046550;0;7;0;0;2;8;18;A01
201300046550;0;15;0;0;2;2;1;B01
201300046551;0;7;0;0;2;6;1;A01
201300046551;0;7;0;4;2;1;0;B01
201300046552;0;7;0;0;0;9;0;A01
201300046553;0;7;0;0;2;1;1;A01
201300046553;0;7;0;0;0;4;2;B01
201300046554;0;7;0;4;0;0;0;A01
201300046555;2;7;0;4;0;2;2;A01
201300046556;0;7;0;0;2;4;2;B01
201300046556;0;7;0;0;2;1;1;A01
201300046557;0;34;0;0;2;3;3;A01
201300046557;0;7;0;0;2;5;1;B01
201300046558;0;7;0;0;2;1;2;C01
201300046558;0;7;0;0;2;4;1;B01
201300046558;0;7;0;0;2;4;2;A01
201300046559;0;17;0;0;2;2;12;B01
201300046559;0;7;0;3;2;5;18;A01
201300046560;0;10;0;0;2;2;11;B01
201300046560;0;15;0;0;0;3;24;A01
201300046561;0;7;0;3;0;9;1;A01
201300046562;0;37;1;0;2;6;1;D01
201300046562;0;7;0;0;2;4;2;C01
201300046562;0;14;0;0;2;1;1;A01
201300046562;0;7;0;0;2;6;2;B01
201300046563;0;7;0;0;2;8;1;A01
201300046563;0;15;0;0;2;2;12;B01
201300046564;0;7;0;4;0;3;13;A01
201300046565;0;15;0;0;0;4;2;C01
201300046565;0;15;0;0;2;1;2;A01
201300046565;0;7;0;0;2;9;1;B01
201300046566;0;7;0;0;0;0;0;B01
201300046566;0;33;0;0;0;0;0;A01
201300046567;0;7;0;0;0;0;0;A01
201300046567;0;7;0;0;0;0;0;B01
201300046568;0;7;0;3;0;2;14;A01
201300046569;0;7;0;16;0;1;0;A01
201300046570;1;10;0;0;0;0;1;Z01
201300046570;0;7;0;0;2;9;2;A01
201300046571;0;7;0;16;0;1;0;A01
201300046572;0;7;0;0;2;5;0;B01
201300046572;0;7;0;0;0;4;0;A01
201300046573;0;7;0;0;0;6;0;C01
201300046573;0;7;0;0;0;3;0;B01
201300046573;2;7;0;0;0;9;0;A01
201300046574;0;7;0;4;0;1;0;A01
201300046575;0;7;0;3;0;1;2;A01
201300046576;0;7;0;16;0;1;0;A01
201300046577;0;7;0;0;0;1;0;A01
201300046578;0;7;0;0;0;0;0;A01
201300046579;0;7;0;0;0;4;23;A01
201300046579;0;7;0;0;2;5;21;D01
201300046579;0;7;0;0;0;3;1;B01
201300046579;0;7;0;4;2;1;1;C01
201300046580;0;33;0;4;0;1;0;A01
201300046581;0;7;0;0;0;0;0;A01
201300046582;0;7;0;0;0;0;21;A01
201300046583;0;7;0;5;0;1;13;A01
201300046584;0;7;0;0;2;1;2;A01
201300046584;0;7;0;0;2;4;2;B01
201300046585;0;7;0;16;0;3;;A01
201300046586;0;10;0;4;0;1;0;A01
201300046587;0;7;0;4;0;1;0;A01
201300046588;0;31;0;16;0;9;0;A01
201300046589;0;7;0;0;0;9;0;A01
201300046590;0;7;0;0;2;9;0;A01
201300046590;0;14;0;3;2;0;1;B01
201300046591;0;7;0;4;0;1;14;A01
201300046592;0;14;0;4;0;3;13;A01
201300046593;0;7;0;4;0;1;13;A01
201300046594;0;7;0;0;0;4;1;B01
201300046594;0;7;0;0;2;1;1;A01
201300046595;0;10;0;0;2;4;1;A01
201300046595;0;7;0;0;2;1;1;B01
201300046596;0;7;0;0;0;0;0;A01
201300046597;0;7;0;0;0;5;0;A01
201300046598;0;7;0;16;0;1;0;A01
201300046599;0;7;0;0;2;7;1;A01
201300046599;0;33;0;0;2;3;3;B01
201300046600;0;7;0;0;2;1;2;A01
201300046600;0;7;0;0;0;4;2;B01
201300046601;0;7;0;3;0;8;0;C01
201300046601;0;7;0;0;2;1;0;A01
201300046601;0;7;0;0;2;1;0;B01
201300046602;0;7;0;0;0;0;2;A01
201300046603;0;7;0;13;0;9;1;A01
201300046604;0;33;0;0;2;0;0;C01
201300046604;0;10;0;0;2;4;0;B01
201300046604;0;10;0;0;2;1;0;A01
201300046605;0;10;0;0;0;0;0;C01
201300046605;0;14;0;0;0;0;0;A01
201300046605;0;7;0;0;0;0;0;B01
201300046606;0;33;0;0;2;1;0;A01
201300046606;0;7;0;0;2;0;0;D01
201300046606;0;7;0;0;2;1;0;C01
201300046606;0;7;0;0;2;4;0;B01
201300046607;0;15;0;0;0;2;2;A01
201300046608;0;7;0;0;2;1;2;A01
201300046608;0;7;0;0;2;1;2;B01
201300046609;0;7;0;0;2;5;2;C01
201300046609;0;7;0;0;2;3;2;B01
201300046609;0;31;0;0;2;9;11;A01
201300046610;0;7;0;16;0;1;0;A01
201300046611;0;31;0;0;2;1;0;A01
201300046611;0;7;0;0;2;4;0;B01
201300046612;0;7;0;4;0;2;0;A01
201300046613;0;7;0;0;0;0;0;A01
201300046614;0;32;0;0;0;0;0;A01
201300046615;0;7;0;4;0;1;21;A01
201300046616;0;7;0;4;0;1;13;A01
201300046617;0;7;0;3;2;4;2;A01
201300046617;1;99;0;0;2;2;0;Z01
201300046618;0;7;0;4;0;1;1;A01
201300046619;0;7;0;4;0;3;0;A01
201300046620;0;7;0;0;0;8;6;B01
201300046620;0;7;0;0;2;2;1;A01
201300046621;0;7;0;0;0;0;0;A01
201300046622;0;7;0;4;0;1;14;A01
201300046623;0;7;0;0;0;0;0;A01
201300046623;0;33;0;0;0;0;0;B01
201300046624;0;7;0;0;2;1;0;A01
201300046624;0;7;0;0;2;0;0;C01
201300046624;0;7;0;0;2;0;0;B01
201300046624;0;7;0;0;2;0;0;D01
201300046625;1;7;0;0;2;1;2;Z01
201300046625;0;10;0;0;2;4;2;A01
201300046625;0;7;0;0;2;4;2;B01
201300046626;0;10;0;0;0;0;0;B01
201300046626;0;3;0;0;0;0;0;C01
201300046626;0;7;0;0;0;0;0;E01
201300046626;0;10;0;0;0;0;0;A01
201300046626;0;7;0;0;0;0;0;D01
201300046627;0;7;0;0;0;0;12;B01
201300046627;0;33;0;0;2;0;21;A01
201300046628;0;10;0;0;2;8;1;B01
201300046628;0;33;0;0;2;7;1;A01
201300046629;0;33;0;5;0;3;17;A01
201300046630;0;10;0;0;2;8;1;A01
201300046630;0;7;0;4;2;7;13;B01
201300046631;0;10;0;0;2;1;2;A01
201300046631;0;7;0;0;2;4;2;B01
201300046632;0;99;0;0;0;9;0;A01
201300046632;0;13;0;0;0;6;0;B01
201300046633;0;7;0;3;0;1;1;A01
201300046634;0;33;0;16;0;0;0;A01
201300046635;0;7;0;0;2;4;2;C01
201300046635;0;7;0;0;2;4;2;B01
201300046635;0;15;0;0;2;1;1;A01
201300046636;0;33;0;0;2;8;3;A01
201300046636;0;15;0;0;2;8;1;B01
201300046637;0;32;0;0;2;3;1;B01
201300046637;0;7;0;0;2;7;12;A01
201300046638;0;34;0;0;0;8;0;A01
201300046639;0;7;0;0;2;8;0;A01
201300046639;0;33;0;0;2;7;0;B01
201300046640;0;34;0;3;0;1;14;A01
201300046641;0;33;0;0;0;0;0;A01
201300046642;0;10;0;4;2;9;0;A01
201300046642;0;15;0;0;2;0;0;C01
201300046642;0;7;0;4;2;1;0;B01
201300046643;0;7;0;0;2;8;1;A01
201300046643;0;14;0;0;0;5;1;B01
201300046644;0;10;0;0;2;1;1;A01
201300046644;0;7;0;0;0;4;1;B01
201300046645;0;7;0;5;0;1;13;A01
201300046645;0;7;0;5;2;9;1;B01
201300046646;0;32;0;16;0;1;;A01
201300046647;0;7;0;0;0;9;0;C01
201300046647;0;7;0;0;0;5;0;A01
201300046647;0;7;0;0;0;7;0;D01
201300046647;0;7;0;0;0;9;0;B01
201300046648;0;7;0;0;2;4;2;A01
201300046648;0;7;0;0;2;1;0;B01
201300046648;0;7;0;0;2;4;2;C01
201300046649;0;7;0;0;2;1;0;A01
201300046649;0;7;0;0;2;4;0;B01
201300046650;0;7;0;0;2;4;2;B01
201300046650;0;7;0;0;2;1;2;A01
201300046651;0;7;0;4;0;9;1;A01
201300046652;0;7;0;0;2;1;2;A01
201300046652;0;7;0;0;2;4;2;C01
201300046652;0;7;0;0;2;4;2;B01
201300046653;0;7;0;0;0;0;0;A01
201300046653;0;7;0;0;0;0;0;B01
201300046654;0;7;0;0;2;1;1;A01
201300046654;0;7;0;0;2;4;23;B01
201300046655;1;7;0;0;0;4;1;Z01
201300046655;0;33;0;0;2;1;1;A01
201300046656;0;7;0;0;2;3;1;B01
201300046656;0;15;0;0;2;2;12;A01
201300046657;0;10;0;0;2;5;0;A01
201300046657;0;30;0;0;2;1;0;B01
201300046658;1;7;0;0;2;8;11;Z01
201300046658;0;33;0;0;2;7;21;A01
201300046659;0;10;0;0;0;4;23;B01
201300046659;0;33;0;1;0;1;14;A01
201300046660;0;33;0;16;0;1;0;A01
201300046661;0;7;0;3;0;9;14;A01
201300046662;0;7;0;0;2;3;0;B01
201300046662;0;15;0;0;2;3;0;A01
201300046663;0;7;0;0;2;4;0;A01
201300046663;0;33;0;0;2;1;0;B01
201300046664;0;7;0;0;2;5;12;A01
201300046664;0;14;0;0;2;3;1;B01
201300046665;0;33;0;0;2;8;3;A01
201300046665;0;7;0;0;2;7;12;B01
201300046666;0;33;0;0;9;0;0;A01
201300046667;0;7;0;0;2;4;2;B01
201300046667;0;7;0;0;2;1;1;A01
201300046668;0;7;0;0;2;3;9;A01
201300046668;0;14;0;14;2;7;21;B01
201300046669;0;34;0;0;2;0;0;B01
201300046669;0;7;0;0;2;0;0;A01
201300046670;0;7;0;0;2;4;2;B01
201300046670;0;7;0;0;2;1;1;A01
201300046671;0;7;0;3;0;3;11;A01
201300046672;0;7;0;1;0;1;14;A01
201300046672;0;7;0;0;2;4;0;B01
201300046673;0;10;0;4;2;2;1;B01
201300046673;0;15;0;0;2;3;1;C01
201300046673;0;7;0;0;2;2;1;A01
201300046674;0;7;0;0;2;1;1;B01
201300046674;0;7;0;0;2;1;1;A02
201300046674;0;15;0;0;2;0;1;C02
201300046674;0;7;0;0;2;1;1;F01
201300046674;0;7;0;0;2;4;1;G01
201300046674;0;7;0;0;2;6;1;E01
201300046674;0;7;0;0;2;5;1;D01
201300046675;0;7;0;0;2;4;0;A01
201300046675;1;14;0;0;2;2;0;Z01
201300046676;0;14;0;0;2;3;0;A01
201300046676;0;7;0;0;2;9;0;B01
201300046677;0;7;0;0;2;6;11;B01
201300046677;0;33;0;0;2;7;1;A01
201300046678;0;10;0;0;2;8;1;A01
201300046678;0;7;0;0;2;7;12;B01
201300046679;0;7;0;0;2;1;2;A01
201300046679;0;7;0;0;2;4;2;C01
201300046679;0;7;0;0;2;4;2;B01
201300046680;0;7;0;4;0;7;14;A01
201300046681;0;7;0;0;0;5;2;A01
201300046681;0;34;0;0;0;1;18;B01
201300046682;0;7;0;4;0;9;1;A01
201300046683;0;7;0;13;0;2;14;A01
201300046684;0;7;0;4;0;2;14;A01
201300046685;0;7;0;0;0;4;0;B01
201300046685;0;33;0;0;2;1;0;A01
201300046686;0;10;0;0;2;8;1;B01
201300046686;0;7;0;3;2;9;13;A01
201300046687;0;7;0;0;2;1;2;A01
201300046687;0;7;0;0;2;4;2;B01
201300046688;0;7;0;0;0;3;0;A01
201300046688;0;7;0;0;0;5;0;B01
201300046688;0;7;0;0;0;4;0;C01
201300046689;0;7;0;3;2;3;1;B01
201300046689;0;15;0;0;2;8;1;A01
201300046690;0;7;0;0;2;3;11;A01
201300046690;0;33;0;0;2;2;3;B01
201300046691;0;7;0;0;2;1;1;A01
201300046691;0;10;0;0;2;4;2;B01
201300046692;0;10;0;0;2;4;0;C01
201300046692;0;7;0;0;2;4;0;B01
201300046692;0;7;0;0;2;1;0;A01
201300046693;0;7;0;0;2;5;1;B01
201300046693;0;33;0;0;2;0;0;A01
201300046694;0;7;0;0;2;8;1;C01
201300046694;0;17;0;0;2;2;1;A01
201300046694;0;17;0;0;2;3;1;B01
201300046695;0;7;0;0;2;4;2;B01
201300046695;0;33;0;0;2;1;1;A01
201300046696;0;14;0;0;0;6;0;C01
201300046696;0;7;0;0;0;5;2;B01
201300046696;0;10;0;0;0;7;0;D01
201300046696;0;34;0;0;2;3;3;A01
201300046697;0;7;0;0;0;7;0;B01
201300046697;0;33;0;0;0;7;0;A01
201300046698;0;7;0;0;2;1;2;B01
201300046698;0;7;0;0;2;4;2;A01
201300046699;0;15;0;0;0;5;1;A01
201300046699;0;14;0;3;2;3;1;B01
201300046700;0;7;0;4;0;6;1;A01
201300046701;0;7;0;0;0;0;0;A01
201300046702;0;7;0;0;0;9;1;A01
201300046703;0;34;0;0;2;1;0;A01
201300046703;0;7;0;0;2;4;0;B01
201300046704;0;7;0;4;0;1;13;A01
201300046705;0;7;0;4;2;6;0;B01
201300046705;0;7;0;0;2;5;0;C01
201300046705;0;15;0;0;2;2;0;A01
201300046706;0;7;0;4;0;1;0;A01
201300046707;0;14;0;6;0;0;2;A01
201300046707;0;7;0;0;9;1;2;B01
201300046707;0;7;0;0;0;0;2;C01
201300046708;0;13;0;0;2;8;1;B01
201300046708;0;7;0;0;2;2;0;A01
201300046709;0;7;0;0;2;8;2;A01
201300046709;0;15;0;0;2;1;2;B01
201300046710;0;7;0;0;2;4;2;B01
201300046710;0;7;0;0;2;4;2;C01
201300046710;0;7;0;0;2;1;1;A01
201300046711;0;7;0;0;2;2;12;B01
201300046711;0;7;0;0;2;6;2;C01
201300046711;0;33;0;0;2;9;2;A01
201300046712;0;7;0;0;2;4;2;B01
201300046712;0;7;0;0;2;1;1;A01
201300046712;0;10;0;0;4;4;2;C01
201300046713;0;7;0;0;2;4;2;C01
201300046713;0;7;0;0;2;1;1;A01
201300046713;0;7;0;0;2;4;2;B01
201300046714;0;7;0;0;2;4;2;A01
201300046714;0;7;0;0;0;1;1;B01
201300046715;0;7;0;4;0;2;0;A01
201300046716;0;33;0;0;0;8;0;A01
201300046717;0;10;0;0;2;4;0;B01
201300046717;0;7;0;0;2;4;0;A01
201300046717;0;7;0;0;2;1;0;C01
201300046718;0;7;0;0;2;4;2;B01
201300046718;0;7;0;0;2;1;2;A01
201300046719;0;7;0;4;0;3;13;A01
201300046720;0;7;0;4;0;3;14;A01
201300046721;0;7;0;4;0;1;14;A01
201300046722;0;7;0;16;0;9;1;A01
201300046723;0;7;0;1;0;1;12;B01
201300046723;0;7;0;0;2;4;23;A01
201300046724;0;7;0;0;0;1;1;A01
201300046725;0;7;0;0;0;9;0;A01
201300046726;0;7;0;3;0;1;2;A01
201300046727;0;7;0;0;2;4;2;B01
201300046727;0;33;0;0;2;1;1;A01
201300046728;0;7;0;0;2;4;2;A01
201300046728;0;33;0;0;2;1;1;B01
201300046729;0;7;0;4;0;1;0;A01
201300046730;0;7;0;0;0;1;2;A01
201300046731;0;7;0;3;0;3;0;A01
201300046732;0;7;0;0;2;2;21;B01
201300046732;0;7;0;0;0;6;2;A01
201300046733;0;7;0;0;2;1;2;B01
201300046733;0;7;0;0;2;1;2;C01
201300046733;0;7;0;0;2;4;2;A01