num_acc;senc;catv;occutc;obs;obsm;choc;manv;num_veh
201300046734;0;10;0;0;2;2;2;A01
201300046734;0;10;0;0;0;6;2;B01
201300046735;0;7;0;0;2;2;2;B01
201300046735;0;7;0;0;2;4;2;A01
201300046736;0;7;0;0;2;3;11;A01
201300046736;0;7;0;0;2;5;1;B01
201300046737;0;7;0;4;0;1;1;A01
201300046738;0;7;0;4;0;2;12;A01
201300046739;2;7;0;0;2;2;0;Z01
201300046739;0;7;0;0;2;3;0;C01
201300046739;0;7;0;3;2;1;0;D01
201300046739;0;7;0;0;2;8;0;B01
201300046740;0;7;0;0;2;1;1;B01
201300046740;0;7;0;0;2;4;2;A01
201300046741;0;7;0;4;0;3;13;A01
201300046742;0;7;0;4;0;1;0;A01
201300046743;0;7;0;4;0;3;1;A01
201300046744;0;7;0;13;0;9;14;A01
201300046745;0;7;0;0;2;1;6;A01
201300046745;0;7;0;0;2;1;1;C01
201300046745;0;7;0;0;2;3;1;B01
201300046746;0;7;0;3;0;1;1;A01
201300046747;0;7;0;0;2;1;0;C01
201300046747;0;7;0;0;2;4;0;A01
201300046747;0;7;0;4;0;1;0;B01
201300046748;1;99;0;0;2;2;0;Z01
201300046748;0;7;0;0;2;7;2;B01
201300046748;0;7;0;0;2;1;2;A01
201300046749;0;7;0;6;0;1;1;A01
201300046750;0;7;0;0;0;8;0;A01
201300046750;0;31;0;0;0;1;12;B01
201300046751;0;10;0;0;1;0;0;A01
201300046752;0;7;0;3;0;1;0;A01
201300046753;0;33;0;0;0;0;0;A01
201300046754;0;7;0;4;0;1;0;A01
201300046755;0;7;0;0;2;7;12;A01
201300046755;0;31;0;0;2;8;3;B01
201300046756;0;15;0;4;0;3;0;A01
201300046757;0;7;0;0;2;4;2;B01
201300046757;0;33;0;0;2;3;0;D01
201300046757;0;7;0;0;2;4;2;C01
201300046757;0;7;0;0;2;1;2;A01
201300046758;0;7;0;0;0;1;0;A01
201300046759;0;7;0;4;0;8;2;A01
201300046760;0;7;0;4;0;3;17;A01
201300046761;0;7;0;0;0;9;0;A01
201300046762;1;7;0;0;0;0;0;Z01
201300046762;0;7;0;1;0;2;1;B01
201300046762;0;7;0;1;0;1;1;D01
201300046762;0;7;0;1;0;7;1;C01
201300046763;0;7;0;3;0;3;2;A01
201300046764;0;33;0;0;2;2;0;A01
201300046764;0;7;0;0;2;6;0;B01
201300046765;0;7;0;0;0;4;2;B01
201300046765;0;7;0;0;2;1;2;A01
201300046766;0;15;0;0;2;7;0;B01
201300046766;0;7;0;0;2;2;1;A01
201300046767;0;33;0;0;2;7;3;A01
201300046767;0;10;0;0;0;0;1;B01
201300046767;0;7;0;0;2;5;1;C01
201300046768;0;10;0;0;2;2;12;A01
201300046768;0;15;0;0;2;6;1;B01
201300046769;0;7;0;0;0;4;23;B01
201300046769;0;7;0;0;2;1;0;A01
201300046770;0;7;0;4;0;1;1;A01
201300046771;0;7;0;0;2;2;0;A01
201300046771;0;10;0;0;2;2;0;B01
201300046772;0;10;0;0;2;1;0;C01
201300046772;0;7;0;0;2;1;0;D01
201300046772;0;7;0;0;0;4;0;B01
201300046772;0;7;0;0;0;9;0;A01
201300046773;0;7;0;0;2;6;20;A01
201300046773;0;7;0;0;2;2;1;B01
201300046774;0;15;0;3;0;8;0;A01
201300046774;0;7;0;1;0;1;0;B01
201300046775;0;7;0;0;1;1;2;B01
201300046776;0;7;0;0;2;6;2;B01
201300046776;0;7;0;0;2;2;2;A01
201300046777;0;7;0;14;2;4;2;B01
201300046777;0;20;0;4;2;6;2;A01
201300046777;0;7;0;1;2;1;2;C01
201300046778;0;10;0;4;0;0;0;A01
201300046779;0;7;0;0;2;3;11;B01
201300046779;0;33;0;0;2;7;3;A01
201300046779;0;7;0;0;2;6;2;C01
201300046780;0;7;0;0;2;4;2;A01
201300046780;0;7;0;0;2;1;2;B01
201300046781;0;7;0;0;2;6;2;B01
201300046781;0;33;0;0;2;1;2;A01
201300046782;0;7;0;0;0;6;11;A01
201300046782;0;34;0;0;2;2;0;B01
201300046783;0;7;0;0;2;2;12;A01
201300046783;0;33;0;0;2;3;1;B01
201300046784;0;7;0;0;2;1;2;A01
201300046784;0;7;0;0;2;4;2;B01
201300046784;0;7;0;0;0;4;2;C01
201300046785;0;7;0;0;2;4;1;B01
201300046785;0;7;0;0;2;1;1;A01
201300046785;0;7;0;0;2;4;1;C01
201300046786;1;7;0;0;2;2;0;Z01
201300046786;0;33;0;0;2;3;0;A01
201300046787;0;10;0;3;0;1;0;A01
201300046788;0;10;0;0;0;2;12;B01
201300046788;0;33;0;0;2;3;0;A01
201300046789;0;31;0;4;0;3;1;A01
201300046790;0;7;0;5;0;2;2;A01
201300046791;0;33;0;0;2;1;0;B01
201300046791;0;10;0;0;2;5;2;C01
201300046791;0;31;0;0;0;8;2;A01
201300046792;0;7;0;0;2;4;2;C01
201300046792;0;7;0;0;2;1;2;A01
201300046792;0;10;0;0;2;4;2;D01
201300046792;0;7;0;0;2;4;2;E01
201300046792;0;7;0;0;2;5;2;B01
201300046793;0;15;0;0;2;2;0;A01
201300046793;0;7;0;4;2;3;0;B01
201300046793;0;7;0;0;2;3;0;C01
201300046794;0;7;0;0;2;1;0;A01
201300046794;0;33;0;0;0;4;0;B01
201300046795;0;7;0;4;0;1;0;A01
201300046796;0;7;0;0;2;6;3;A01
201300046796;0;33;0;0;2;2;3;B01
201300046797;0;7;0;0;2;6;0;B01
201300046797;0;7;0;0;2;2;0;A01
201300046798;0;7;0;0;0;4;2;B01
201300046798;0;34;0;0;2;1;2;A01
201300046799;0;32;0;0;2;9;2;B01
201300046799;0;7;0;0;0;5;2;C01
201300046799;0;7;0;0;2;1;2;A01
201300046800;0;33;0;0;0;0;0;A01
201300046800;0;7;0;0;0;0;0;B01
201300046801;0;15;0;0;2;1;2;A01
201300046801;0;7;0;0;2;1;0;C01
201300046801;0;7;0;0;2;4;2;B01
201300046802;0;7;0;0;0;0;0;A01
201300046802;0;7;0;0;0;0;0;B01
201300046803;1;7;0;0;2;2;11;Z01
201300046803;0;33;0;0;2;3;2;B01
201300046804;0;7;0;0;1;2;9;A01
201300046805;0;7;0;0;2;2;1;A01
201300046805;0;7;0;0;0;0;2;B01
201300046806;0;31;0;0;0;8;0;A01
201300046807;0;34;0;0;0;7;3;A01
201300046808;0;7;0;4;0;0;0;A01
201300046809;0;7;0;0;2;4;2;D01
201300046809;0;7;0;0;2;4;2;C01
201300046809;0;7;0;0;2;4;2;B01
201300046809;0;7;0;0;2;1;2;A01
201300046810;0;7;0;0;2;5;2;C01
201300046810;0;7;0;0;0;0;2;D01
201300046810;0;7;0;0;2;1;2;A01
201300046810;0;10;0;0;2;4;2;B01
201300046811;0;33;0;0;2;1;0;B01
201300046811;0;7;0;0;2;0;0;A01
201300046812;0;7;0;0;2;8;11;B01
201300046812;0;33;0;0;2;2;3;A01
201300046813;0;7;0;0;2;3;11;A01
201300046813;0;7;0;0;2;5;2;B01
201300046814;0;7;0;0;0;9;0;A01
201300046815;0;33;0;0;0;2;1;A01
201300046816;0;15;0;0;0;0;0;A01
201300046817;0;7;0;4;0;3;1;A01
201300046818;0;33;0;4;0;8;2;A01
201300046819;0;7;0;0;0;4;1;B01
201300046819;0;33;0;0;2;1;2;A01
201300046820;0;15;0;0;2;8;1;A01
201300046820;0;7;0;0;2;1;2;C01
201300046820;0;7;0;0;2;2;0;B01
201300046821;0;17;0;0;2;6;1;C01
201300046821;0;7;0;0;2;1;0;A01
201300046821;0;7;0;0;0;6;1;B01
201300046822;0;7;0;0;2;1;2;A01
201300046822;0;7;0;0;2;4;2;B01
201300046823;0;7;0;4;9;2;1;A01
201300046824;0;7;0;0;0;1;0;A01
201300046825;0;7;0;0;0;1;0;A01
201300046826;0;13;0;3;4;8;0;A01
201300046827;0;7;0;4;0;1;2;A01
201300046828;0;7;0;4;0;3;2;A01
201300046829;0;7;0;4;0;0;2;A01
201300046830;0;7;0;3;2;1;1;A01
201300046830;0;7;0;0;2;7;1;B01
201300046831;0;33;0;0;2;2;3;B01
201300046831;0;7;0;0;2;3;11;A01
201300046831;0;7;0;0;2;4;1;C01
201300046832;0;7;0;3;0;2;0;A01
201300046833;0;7;0;0;0;4;2;C01
201300046833;0;7;0;0;2;4;2;B01
201300046833;0;7;0;0;0;1;2;A01
201300046834;0;7;0;0;2;1;2;A01
201300046834;0;7;0;0;0;4;23;B01
201300046835;0;7;0;4;0;6;0;B01
201300046835;0;15;0;0;2;2;12;A01
201300046836;0;33;0;0;2;1;0;A01
201300046836;0;10;0;0;0;5;1;B01
201300046837;0;7;0;0;2;4;0;C01
201300046837;0;7;0;0;2;0;0;B01
201300046837;0;7;0;0;2;1;0;A01
201300046838;0;33;0;0;2;1;3;A01
201300046838;0;33;0;0;2;4;11;B01
201300046838;0;7;0;0;0;8;2;C01
201300046839;0;13;0;0;2;1;2;A01
201300046839;0;7;0;0;2;4;2;B01
201300046839;0;17;0;0;2;4;2;C01
201300046840;0;33;0;0;0;7;0;A01
201300046841;0;7;0;0;0;4;2;B01
201300046841;0;14;0;0;2;1;2;A01
201300046842;0;7;0;4;0;2;0;A01
201300046843;0;7;0;3;2;0;0;A01
201300046843;0;7;0;0;2;5;0;B01
201300046844;0;7;0;0;0;5;2;B01
201300046844;0;7;0;0;2;1;2;A01
201300046845;0;7;0;0;2;4;2;B01
201300046845;0;7;0;0;2;3;2;A01
201300046845;0;7;0;0;0;4;3;C01
201300046846;0;7;0;0;2;4;2;D01
201300046846;0;7;0;0;2;4;2;C01
201300046846;0;7;0;0;2;4;2;B01
201300046846;0;7;0;0;0;4;2;E01
201300046846;0;7;0;0;2;1;2;A01
201300046847;0;7;0;0;2;1;0;A01
201300046847;0;7;0;0;2;4;0;B01
201300046848;0;7;0;0;0;4;0;B01
201300046848;0;7;0;0;0;1;0;A01
201300046848;0;7;0;0;0;5;0;C01
201300046849;0;33;0;0;2;3;0;B01
201300046849;0;7;0;0;2;5;12;A01
201300046850;0;7;0;4;0;3;0;A01
201300046851;0;7;0;0;2;3;2;C01
201300046851;0;7;0;0;2;1;0;B01
201300046851;0;7;0;4;0;8;0;A01
201300046852;0;7;0;0;0;9;2;A01
201300046853;0;7;0;4;0;9;0;A01
201300046854;0;7;0;4;0;3;0;A01
201300046855;0;7;0;0;2;4;2;C01
201300046855;0;7;0;0;2;7;0;B01
201300046855;0;7;0;0;2;1;0;A01
201300046855;0;7;0;0;2;5;2;D01
201300046856;0;7;0;0;2;5;12;B01
201300046856;0;33;0;0;2;0;3;A01
201300046857;0;7;0;0;0;1;2;C01
201300046857;0;7;0;4;2;3;2;A01
201300046857;0;14;0;4;0;8;21;B01
201300046858;0;7;0;3;0;1;0;A01
201300046859;0;7;0;0;0;4;2;C01
201300046859;0;7;0;0;2;4;2;B01
201300046859;0;10;0;0;2;1;2;A01
201300046860;0;7;0;0;2;1;0;A01
201300046860;0;7;0;0;2;4;2;B01
201300046861;0;33;0;0;2;8;3;A01
201300046861;0;7;0;0;2;7;12;B01
201300046861;0;7;0;0;2;4;2;C01
201300046862;0;17;0;0;0;6;2;B01
201300046862;0;7;0;0;2;7;14;A01
201300046863;0;7;0;0;0;4;2;C01
201300046863;0;7;0;0;0;4;0;B01
201300046863;0;10;0;0;2;1;2;A01
201300046863;0;7;0;0;0;0;0;D01
201300046864;0;31;0;0;0;7;0;A01
201300046865;0;31;0;0;2;8;3;A01
201300046865;0;7;0;0;2;6;12;B01
201300046866;0;31;0;0;2;1;3;A01
201300046866;0;7;0;0;2;5;12;B01
201300046867;0;7;0;0;2;4;2;B01
201300046867;0;7;0;0;2;1;2;A01
201300046868;0;7;0;0;2;4;11;B01
201300046868;0;33;0;0;2;1;3;A01
201300046869;0;10;0;0;2;1;2;A01
201300046869;0;7;0;0;2;4;2;B01
201300046870;0;33;0;0;2;3;0;A01
201300046870;0;7;0;0;2;7;0;B01
201300046871;0;7;0;0;2;6;0;B01
201300046871;0;33;0;0;2;2;0;A01
201300046872;0;7;0;0;2;1;2;A01
201300046872;0;7;0;0;2;5;2;B01
201300046872;0;7;0;0;2;4;2;C01
201300046873;0;7;0;0;0;9;0;A01
201300046874;0;7;0;0;2;3;11;B01
201300046874;0;34;0;0;2;2;3;A01
201300046875;0;7;0;0;2;7;12;B01
201300046875;0;33;0;0;2;8;0;A01
201300046876;0;7;0;4;0;1;21;A01
201300046876;1;7;0;0;0;0;18;Z01
201300046877;0;32;0;0;0;3;2;A01
201300046878;0;33;0;0;2;3;2;A01
201300046878;0;7;0;0;0;5;2;B01
201300046879;0;7;0;0;2;3;9;A01
201300046879;0;15;0;0;2;2;1;B01
201300046880;0;7;0;0;0;5;2;B01
201300046880;0;7;0;0;2;3;2;A01
201300046881;0;32;0;0;0;4;2;B01
201300046881;0;34;0;0;2;1;2;A01
201300046882;0;10;0;3;0;1;21;A01
201300046883;0;15;0;0;0;5;17;B01
201300046883;0;7;0;0;2;1;0;A01
201300046884;0;7;0;0;0;0;0;A01
201300046884;0;10;0;0;9;1;0;B01
201300046885;0;7;0;0;0;0;0;A01
201300046886;0;7;0;3;0;0;0;A01
201300046887;0;7;0;0;0;6;21;A01
201300046888;0;7;0;3;0;1;2;A01
201300046889;0;7;0;0;2;4;2;B01
201300046889;0;7;0;0;2;1;2;A01
201300046890;0;2;0;3;0;8;0;A01
201300046891;0;10;0;0;2;5;1;B01
201300046891;0;33;0;0;2;1;3;A01
201300046892;0;33;0;0;2;1;0;A01
201300046892;0;7;0;0;0;5;23;B01
201300046893;0;7;0;0;2;5;12;B01
201300046893;0;33;0;0;2;1;3;A01
201300046894;0;7;0;0;0;4;0;D01
201300046894;0;7;0;0;2;4;0;C01
201300046894;0;7;0;0;2;4;0;B01
201300046894;0;7;0;0;2;1;0;A01
201300046895;0;7;0;0;2;8;23;A01
201300046895;0;7;0;0;2;1;1;B01
201300046896;0;14;0;0;2;2;0;B01
201300046896;0;7;0;0;2;3;0;A01
201300046897;0;32;0;0;0;1;0;A01
201300046897;0;7;0;0;2;7;12;B01
201300046898;0;7;0;0;0;5;12;B01
201300046898;0;33;0;0;2;1;3;A01
201300046899;0;7;0;3;0;1;0;A01
201300046900;0;33;0;0;2;3;3;A01
201300046900;0;7;0;0;2;7;12;B01
201300046900;0;10;0;0;2;6;1;C01
201300046901;0;7;0;0;0;9;0;A01
201300046901;0;7;0;0;0;1;0;B01
201300046902;0;7;0;0;2;1;0;A01
201300046902;0;7;0;0;2;4;1;B01
201300046903;0;7;0;4;0;3;2;D01
201300046903;0;7;0;0;0;0;0;B01
201300046903;0;7;0;0;1;0;0;C01
201300046904;0;7;0;4;0;9;1;A01
201300046905;0;7;0;4;0;1;1;A01
201300046906;0;7;0;4;0;1;0;A01
201300046907;0;7;0;4;0;3;0;A01
201300046908;0;7;0;0;0;5;0;B01
201300046908;0;33;0;0;2;1;0;A01
201300046909;0;33;0;0;0;3;2;A01
201300046910;0;33;0;0;9;7;0;A01
201300046911;0;7;0;0;2;1;2;A01
201300046911;0;7;0;0;2;4;2;B01
201300046912;0;7;0;0;0;4;0;B01
201300046912;0;7;0;0;2;2;0;A01
201300046913;0;7;0;4;9;3;0;A01
201300046914;0;33;0;0;0;2;21;A01
201300046915;0;7;0;0;2;1;0;A01
201300046915;0;7;0;0;0;6;0;B01
201300046916;0;33;0;0;0;7;0;A01
201300046917;0;7;0;0;2;1;0;A01
201300046917;0;7;0;0;0;4;0;B01
201300046917;0;7;0;0;2;4;0;E01
201300046917;0;7;0;0;2;4;0;C01
201300046917;0;7;0;0;2;4;0;D01
201300046918;0;7;0;4;2;2;0;A01
201300046918;0;7;0;0;2;4;0;B01
201300046919;0;10;0;0;2;4;0;B01
201300046919;0;10;0;0;0;7;0;A01
201300046920;0;7;0;3;0;0;14;A01
201300046921;0;7;0;4;0;1;6;A01
201300046922;1;7;0;;0;2;;Z01
201300046922;0;33;0;0;2;1;2;B01
201300046923;0;7;0;0;2;1;2;A01
201300046923;0;7;0;0;0;4;2;B01
201300046924;0;7;0;0;2;6;11;A01
201300046924;0;34;0;0;2;2;3;B01
201300046925;0;7;0;0;2;7;12;B01
201300046925;0;32;0;0;2;1;3;A01
201300046926;0;7;0;4;0;3;0;A01
201300046927;0;7;0;0;0;4;2;C01
201300046927;0;7;0;0;2;4;2;B01
201300046927;0;7;0;0;2;1;0;A01
201300046928;0;7;0;0;2;1;0;A01
201300046929;0;7;0;0;2;4;0;B01
201300046929;0;7;0;0;2;1;0;A01
201300046929;0;7;0;0;2;4;2;C01
201300046930;0;7;0;4;0;2;2;A01
201300046931;0;7;0;0;2;6;0;B01
201300046931;0;34;0;0;2;1;0;A01
201300046932;0;7;0;0;2;1;2;A01
201300046932;0;7;0;0;2;4;2;B01
201300046933;0;7;0;0;0;4;2;B01
201300046933;0;7;0;0;2;1;2;A01
201300046934;0;7;0;3;0;7;1;B01
201300046934;0;7;0;0;2;8;13;A01
201300046935;0;7;0;0;2;7;0;B01
201300046935;0;7;0;4;2;3;0;A01
201300046936;0;7;0;0;0;1;0;A01
201300046937;0;31;0;0;0;3;0;A01
201300046938;1;33;0;0;0;0;21;A01
201300046939;0;33;0;0;0;1;0;A01
201300046939;0;7;0;0;0;5;1;B01
201300046940;0;7;0;0;2;1;2;A01
201300046940;0;10;0;0;2;4;2;B01
201300046941;0;7;0;15;0;9;0;A01
201300046942;0;7;0;0;2;2;2;B01
201300046942;0;7;0;0;2;0;21;A01
201300046942;0;7;0;0;2;4;2;C01
201300046943;0;33;0;0;0;8;3;B01
201300046943;0;7;0;0;2;2;14;A01
201300046944;0;15;0;0;2;6;1;B01
201300046944;0;7;0;0;2;2;1;A01
201300046945;0;7;0;0;2;2;9;B01
201300046945;0;34;0;0;2;3;0;A01
201300046946;0;15;0;0;2;2;2;A01
201300046946;0;37;2;0;0;4;1;B01
201300046947;0;7;0;3;0;3;12;A01
201300046948;0;7;0;11;0;3;14;A01
201300046949;0;7;0;4;0;9;0;A01
201300046950;0;7;0;3;0;1;0;A01
201300046951;0;7;0;0;0;6;0;B01
201300046951;0;7;0;0;2;7;0;A01
201300046952;0;32;0;0;0;0;0;A01
201300046953;0;15;0;0;0;6;2;B01
201300046953;0;7;0;3;2;3;17;A01
201300046954;0;33;0;0;0;1;1;A01
201300046955;0;33;0;0;0;0;21;A01
201300046956;0;33;0;0;0;7;0;A01
201300046957;0;10;0;3;0;3;12;A01
201300046958;0;33;0;0;0;8;21;A01
201300046959;0;7;0;0;2;5;2;B01
201300046959;0;33;0;0;2;3;2;A01
201300046960;0;7;0;5;2;7;0;A01
201300046960;0;15;0;0;0;3;0;B01
201300046961;0;10;0;4;0;3;0;A01
201300046962;0;7;0;0;2;4;0;C01
201300046962;0;7;0;0;2;1;2;A01
201300046962;0;7;0;0;0;4;2;B01
201300046963;0;7;0;0;0;0;2;A01
201300046964;0;7;0;4;0;1;2;A01
201300046965;0;7;0;0;2;8;2;B01
201300046965;0;15;0;0;2;3;2;A01
201300046966;0;7;0;0;2;5;12;A01
201300046966;0;33;0;0;2;3;3;B01
201300046967;0;7;0;0;0;4;2;B01
201300046967;2;7;0;0;2;1;2;A01
201300046968;0;7;0;0;2;3;0;B01
201300046968;0;33;0;0;2;2;0;A01
201300046969;0;7;0;0;2;2;0;A01
201300046969;0;15;0;0;2;0;0;B01
201300046969;0;7;0;0;0;4;0;C01
201300046970;0;31;0;0;0;0;21;A01
201300046971;0;7;0;0;2;8;11;A01
201300046971;0;33;0;0;2;2;1;B01
201300046972;0;7;0;0;2;6;0;A01
201300046972;0;32;0;0;2;1;0;B01
201300046972;1;7;0;0;2;2;0;Z01
201300046973;0;7;0;4;0;8;0;A01
201300046974;0;7;0;0;2;5;1;B01
201300046974;0;7;0;0;2;3;13;A01
201300046974;0;7;0;0;9;3;1;C01
201300046975;0;7;0;0;2;1;1;A01
201300046975;0;7;0;0;0;4;1;B01
201300046976;0;33;0;0;2;8;3;B01
201300046976;0;7;0;0;2;7;12;A01
201300046977;0;7;0;0;2;7;17;A01
201300046977;0;7;0;0;2;8;1;B01
201300046978;0;33;0;0;0;0;2;A01
201300046979;0;33;0;0;2;8;21;B01
201300046979;0;10;0;0;0;0;11;A01
201300046979;0;10;0;0;2;3;1;C01
201300046980;0;34;0;0;2;5;0;A01
201300046980;0;10;0;0;0;5;2;C01
201300046980;0;7;0;0;0;0;2;B01
201300046981;0;7;0;0;2;8;0;B01
201300046981;0;31;0;0;2;7;0;A01
201300046982;0;7;0;0;2;4;1;B01
201300046982;0;34;0;0;2;1;21;A01
201300046983;0;33;0;0;2;1;0;A01
201300046983;0;7;0;0;0;5;1;B01
201300046984;0;7;0;0;2;4;1;C01
201300046984;0;7;0;0;2;5;1;B01
201300046984;0;33;0;0;2;1;3;A01
201300046985;0;7;0;6;0;2;14;A01
201300046986;0;34;0;3;0;1;0;A01
201300046987;0;7;0;0;2;1;2;A01
201300046987;0;7;0;0;0;4;2;B01
201300046988;0;7;0;0;2;3;0;C01
201300046988;0;7;0;0;2;5;14;A01
201300046988;0;7;0;0;2;5;0;B01
201300046989;0;7;0;4;0;1;0;A01
201300046990;0;10;0;3;0;3;1;A01
201300046991;0;33;0;0;0;8;1;A01
201300046992;0;33;0;0;0;7;1;A01
201300046993;0;14;0;0;2;1;2;A01
201300046993;0;7;0;0;2;4;2;B01
201300046994;0;7;0;3;0;2;0;A01
201300046995;0;7;0;0;0;3;0;A01
201300046996;0;10;0;0;2;5;1;B01
201300046996;0;32;0;0;2;1;3;A01
201300046997;0;7;0;0;0;6;2;C01
201300046997;0;7;0;0;2;4;2;B01
201300046997;0;7;0;0;2;1;1;A01
201300046998;0;7;0;6;0;3;1;A01
201300046998;0;7;0;0;2;3;1;B01
201300046999;0;33;0;0;2;1;3;A01
201300046999;0;7;0;0;2;7;12;B01
201300047000;0;33;0;0;2;0;0;B01
201300047000;0;7;0;0;0;4;1;C01
201300047000;0;7;0;0;0;0;12;A01
201300047001;0;7;0;3;0;1;2;A01
201300047002;0;7;0;3;0;1;0;A01
201300047003;0;33;0;0;2;1;1;A01
201300047003;0;7;0;0;0;4;2;B01
201300047004;0;33;0;0;2;2;21;C01
201300047004;0;7;0;0;2;6;21;B01
201300047004;0;7;0;0;0;0;24;A01
201300047005;0;7;0;0;2;4;2;B01
201300047005;0;7;0;0;0;2;2;C01
201300047005;0;7;0;0;2;1;2;A01
201300047006;0;7;0;3;0;0;2;A01
201300047007;0;33;0;0;2;1;2;A01
201300047007;0;10;0;0;2;4;1;B01
201300047008;0;33;0;0;0;8;0;A01
201300047009;0;32;0;0;2;2;0;A01
201300047009;0;7;0;0;2;6;11;B01
201300047010;0;34;0;0;2;3;3;A01
201300047010;0;7;0;0;0;4;12;B01
201300047011;0;32;0;0;0;8;2;A01
201300047012;0;34;0;0;2;1;3;A01
201300047012;0;7;0;0;2;5;2;B01
201300047013;0;34;0;0;2;1;3;A01
201300047013;0;7;0;0;2;4;2;B01
201300047014;0;10;0;4;0;1;13;A01
201300047015;0;7;0;0;2;3;21;A01
201300047015;0;10;0;0;0;5;2;B01
201300047016;0;7;0;0;2;7;1;A01
201300047016;0;7;0;0;2;8;1;B01
201300047017;0;10;0;0;2;1;2;A01
201300047017;0;7;0;0;0;4;2;C01
201300047017;0;7;0;0;2;4;2;B01
201300047018;0;33;0;0;2;1;17;A01
201300047018;0;7;0;0;2;4;0;B01
201300047019;0;34;0;0;0;0;0;A01
201300047020;0;7;0;0;2;4;2;B01
201300047020;0;7;0;0;2;1;2;A01
201300047021;0;7;0;3;0;0;0;A01
201300047022;0;7;0;4;0;3;0;A01
201300047023;0;7;0;0;2;3;0;C01
201300047023;0;7;0;0;2;2;0;B01
201300047023;0;7;0;0;0;6;0;D01
201300047023;0;7;0;0;0;0;0;A01
201300047024;0;10;0;0;2;4;1;D01
201300047024;0;7;0;0;2;4;1;B01
201300047024;0;7;0;0;2;4;1;C01
201300047024;0;7;0;0;2;1;1;A01
201300047025;0;7;0;0;0;5;1;B01
201300047025;0;33;0;0;2;3;21;A01
201300047026;0;7;0;0;2;6;11;B01
201300047026;0;33;0;0;2;2;3;A01
201300047027;0;7;0;0;2;3;1;A01
201300047027;0;7;0;0;0;4;1;C01
201300047027;0;7;0;0;0;5;0;B01
201300047028;0;7;0;0;0;4;2;B01
201300047028;0;33;0;0;2;2;2;A01
201300047029;0;10;0;0;0;6;2;B01
201300047029;0;7;0;0;2;1;1;A01
201300047030;0;33;0;4;0;8;12;A01
201300047031;0;7;0;4;0;1;13;A01
201300047032;0;7;0;0;2;7;12;A01
201300047032;0;33;0;0;2;3;3;B01
201300047033;0;7;0;4;0;0;1;A01
201300047034;0;7;0;0;0;0;1;A01
201300047034;0;33;0;0;2;9;21;B01
201300047035;0;33;0;0;2;3;3;A01
201300047035;0;7;0;0;2;7;12;B01
201300047036;0;33;0;0;2;3;2;C01
201300047036;0;33;0;0;2;3;2;B01
201300047036;0;7;0;0;2;5;1;A01
201300047036;0;7;0;0;2;6;2;D01
201300047037;0;7;0;0;2;1;1;B01
201300047037;0;7;0;3;2;1;0;A01
201300047038;0;7;0;0;2;5;2;B01
201300047038;0;7;0;0;2;3;2;A01
201300047039;0;7;0;0;2;1;2;A01
201300047039;0;7;0;0;0;4;2;B01
201300047040;0;15;0;0;2;1;1;A01
201300047040;0;10;0;0;2;4;0;C01
201300047040;0;10;0;0;2;4;1;B01
201300047040;0;10;0;0;0;4;1;D01
201300047041;0;32;0;0;0;7;9;A01
201300047042;0;33;0;0;2;2;14;A01
201300047042;0;7;0;0;2;6;1;B01
201300047042;0;7;0;0;0;0;1;C01
201300047043;0;7;0;1;2;4;23;A01
201300047043;0;7;0;0;2;2;2;C01
201300047043;0;7;0;0;2;1;2;B01
201300047044;0;7;0;0;2;4;0;B01
201300047044;0;7;0;0;2;1;0;A01
201300047045;0;33;0;0;2;4;0;B01
201300047045;0;10;0;14;0;5;1;C01
201300047045;0;7;0;0;2;1;2;A01
201300047046;0;7;0;0;2;5;1;B01
201300047046;0;33;0;0;2;3;1;A01
201300047047;0;33;0;0;2;1;3;A01
201300047047;0;7;0;0;0;5;0;B01
201300047048;0;7;0;0;0;6;11;B01
201300047048;0;33;0;0;2;1;3;A01
201300047049;0;7;0;0;0;4;0;B01
201300047049;0;7;0;0;2;1;2;A01
201300047050;0;10;0;0;0;4;2;C01
201300047050;0;10;0;0;2;1;2;A01
201300047050;0;7;0;0;2;4;2;B01
201300047051;0;7;0;0;0;6;0;A01
201300047051;0;15;0;0;2;2;0;B01
201300047052;0;7;0;0;2;1;12;A01
201300047052;0;7;0;0;0;7;1;B01
201300047053;0;7;0;0;0;5;12;B01
201300047053;0;33;0;0;2;1;3;A01
201300047054;0;7;0;0;0;4;2;C01
201300047054;0;7;0;0;0;4;2;B01
201300047054;0;7;0;0;2;1;2;A01
201300047055;0;10;0;0;2;7;1;B01
201300047055;0;31;0;0;2;3;3;A01
201300047056;0;7;0;0;0;5;12;B01
201300047056;0;33;0;0;2;1;3;A01
201300047057;0;7;0;0;2;2;0;A01
201300047057;0;7;0;0;2;6;1;B01
201300047058;0;33;0;0;2;2;1;A01
201300047058;0;7;0;0;0;6;11;B01
201300047059;0;33;0;12;0;3;0;A01
201300047060;0;32;0;0;2;2;2;B01
201300047060;0;7;0;0;2;5;0;A01
201300047061;0;3;0;0;0;4;2;B01
201300047061;0;3;0;0;2;4;2;A01
201300047062;0;7;0;0;0;2;0;A01
201300047063;0;7;0;0;2;1;2;B01
201300047063;1;7;0;0;0;4;2;Z01
201300047064;0;7;0;0;0;9;0;A01
201300047065;0;7;0;0;2;5;17;B01
201300047065;0;33;0;0;2;3;2;A01
201300047066;0;7;0;4;0;1;0;A01
201300047067;0;7;0;13;0;9;1;A01
201300047068;0;7;0;4;0;1;0;A01
201300047069;0;33;0;16;0;2;2;A01
201300047070;0;7;0;0;0;0;0;A01