num_acc;senc;catv;occutc;obs;obsm;choc;manv;num_veh
201300047071;0;7;0;0;2;1;2;A01
201300047071;0;10;0;0;0;4;2;C01
201300047071;0;7;0;0;2;4;2;B01
201300047072;0;10;0;0;2;5;12;B01
201300047072;0;33;0;0;2;3;3;A01
201300047073;0;33;0;0;2;1;3;B01
201300047073;0;7;0;0;0;2;2;A01
201300047073;0;7;0;0;0;8;0;C01
201300047073;0;7;0;0;0;4;0;D01
201300047074;0;14;0;0;2;1;2;A01
201300047074;0;7;0;0;2;4;2;B01
201300047075;0;7;0;3;2;1;2;A01
201300047075;0;7;0;0;2;6;2;B01
201300047076;0;33;0;0;2;8;3;A01
201300047077;0;7;0;0;9;1;18;A01
201300047078;0;7;0;3;2;4;1;B01
201300047078;0;17;0;0;2;0;1;A01
201300047079;0;7;0;0;2;4;0;B01
201300047079;0;7;0;0;2;2;21;A01
201300047080;0;33;0;4;0;3;0;A01
201300047081;0;7;0;0;0;6;1;B01
201300047081;0;33;0;0;2;2;3;A01
201300047082;0;37;46;0;2;3;1;B01
201300047082;0;7;0;3;2;2;0;A01
201300047083;0;10;0;4;0;1;1;A01
201300047084;0;10;0;0;2;7;12;A01
201300047084;0;33;0;0;2;8;0;B01
201300047085;0;33;0;3;0;3;9;A01
201300047086;0;7;0;0;2;6;0;C01
201300047086;0;7;0;0;2;4;0;B01
201300047086;0;7;0;0;2;1;1;A01
201300047087;0;33;0;6;0;3;0;A01
201300047088;0;33;0;0;2;3;18;B01
201300047088;0;7;0;0;2;2;14;A01
201300047089;0;7;0;0;2;6;0;B01
201300047089;0;33;0;0;2;1;0;A01
201300047089;0;33;0;0;2;9;0;C01
201300047089;0;7;0;0;2;8;2;E01
201300047089;0;33;0;0;2;1;0;D01
201300047090;0;7;0;0;0;7;12;B01
201300047090;0;33;0;0;2;3;3;A01
201300047091;0;7;0;4;0;3;21;A01
201300047092;0;7;0;0;2;4;2;B01
201300047092;0;7;0;3;2;1;2;A01
201300047093;0;7;0;0;2;9;2;F01
201300047093;0;7;0;0;1;2;1;B01
201300047093;0;7;0;0;2;2;1;C01
201300047093;0;7;0;0;2;1;2;E02
201300047093;0;7;0;0;2;1;2;D02
201300047093;0;7;0;0;2;2;2;G01
201300047093;0;7;0;14;0;1;2;H02
201300047094;0;7;0;0;2;2;2;B01
201300047094;0;7;0;4;0;0;2;A01
201300047095;0;7;0;0;2;1;1;A01
201300047095;0;15;0;0;0;4;1;B01
201300047096;0;7;0;4;0;6;0;A01
201300047097;0;7;0;0;0;6;1;B01
201300047097;0;7;0;0;2;0;3;A01
201300047097;0;7;0;0;0;0;1;C01
201300047098;0;7;0;4;0;3;2;A01
201300047099;0;7;0;4;0;1;2;A01
201300047100;0;34;0;0;2;2;0;A01
201300047100;0;10;0;0;2;3;0;B01
201300047101;0;7;0;0;2;4;2;B01
201300047101;0;33;0;0;2;1;2;A01
201300047102;0;33;0;0;2;8;1;B01
201300047102;0;7;0;0;2;7;12;A01
201300047103;0;7;0;0;2;5;1;B01
201300047103;0;33;0;0;2;1;3;A01
201300047104;0;7;0;0;2;2;0;A01
201300047104;0;7;0;0;2;6;0;B01
201300047105;0;7;0;0;2;4;2;B01
201300047105;0;7;0;0;2;1;2;A01
201300047106;0;7;0;0;2;1;0;A01
201300047106;0;7;0;0;0;4;0;B01
201300047107;0;7;0;0;2;4;2;B01
201300047107;0;7;0;0;2;1;2;A01
201300047107;0;7;0;0;2;4;2;C01
201300047108;0;34;0;4;0;3;2;A01
201300047109;0;7;0;0;2;3;9;A01
201300047109;0;14;0;0;2;1;2;C01
201300047109;0;7;0;0;2;4;0;B01
201300047110;0;7;0;0;2;5;2;B01
201300047110;0;10;0;0;2;3;11;A01
201300047111;0;7;0;0;2;4;2;B01
201300047111;0;7;0;0;2;1;2;A01
201300047112;0;7;0;0;2;6;2;C01
201300047112;0;7;0;6;2;3;2;A01
201300047112;0;7;0;0;0;4;2;B01
201300047113;0;14;0;0;2;1;2;A01
201300047113;0;7;0;0;2;7;2;B01
201300047114;0;7;0;0;2;4;2;B01
201300047114;0;7;0;0;2;1;2;A01
201300047115;0;34;0;0;0;4;2;B01
201300047115;0;7;0;14;2;1;2;A01
201300047116;0;33;0;0;2;0;2;B01
201300047116;0;7;0;0;2;0;2;A01
201300047117;0;7;0;0;2;1;2;A01
201300047117;0;7;0;0;2;4;2;B01
201300047117;0;7;0;0;2;4;2;C01
201300047118;0;7;0;0;2;5;2;C01
201300047118;0;7;0;0;2;4;2;B01
201300047118;0;7;0;0;2;1;2;A01
201300047119;0;34;0;0;2;1;3;A01
201300047119;0;7;0;0;2;3;11;B01
201300047120;0;33;0;0;0;0;0;A01
201300047121;0;7;0;0;0;0;0;A01
201300047122;0;7;0;16;9;9;2;A01
201300047123;0;7;0;0;0;4;2;B01
201300047123;0;7;0;0;2;1;2;A01
201300047124;0;7;0;0;2;6;11;A01
201300047124;0;33;0;0;2;1;2;B01
201300047125;0;7;0;4;0;9;0;A01
201300047126;0;7;0;4;0;1;0;A01
201300047127;0;33;0;0;0;7;3;A01
201300047128;0;7;0;0;2;7;12;A01
201300047128;0;33;0;0;2;3;1;B01
201300047128;0;7;0;0;2;6;1;C01
201300047129;0;34;0;0;2;7;3;A01
201300047130;0;7;0;0;0;1;0;A01
201300047131;0;7;0;14;0;8;21;A01
201300047132;0;33;0;0;0;0;2;A01
201300047132;1;7;0;0;2;1;2;Z01
201300047133;0;33;0;0;0;8;1;A01
201300047134;0;7;0;0;2;7;0;B01
201300047134;0;7;0;0;2;2;0;A01
201300047134;0;38;30;0;2;8;1;C01
201300047135;0;7;0;0;2;8;11;A01
201300047135;0;34;0;0;2;7;1;C01
201300047135;0;33;0;0;2;7;1;B01
201300047136;0;33;0;0;0;3;0;A01
201300047137;0;7;0;0;2;1;1;A01
201300047137;0;33;0;0;2;4;1;B01
201300047137;0;7;0;0;0;4;1;C01
201300047138;0;7;0;3;0;2;1;A01
201300047139;0;34;0;0;0;0;3;A01
201300047140;0;33;0;0;2;1;3;A01
201300047140;0;14;0;0;2;8;1;B01
201300047141;0;33;0;0;0;2;0;A01
201300047142;0;7;0;3;0;1;14;A01
201300047143;0;7;0;0;0;4;0;D01
201300047143;0;7;0;0;0;4;0;B01
201300047143;0;7;0;0;2;7;0;C02
201300047143;0;7;0;3;0;8;0;A01
201300047143;0;7;0;0;0;8;0;F01
201300047143;0;7;0;0;0;8;0;E01
201300047144;0;7;0;0;0;4;0;B01
201300047144;0;33;0;0;2;1;0;A01
201300047145;0;7;0;12;0;2;2;A01
201300047146;0;7;0;0;2;6;12;B01
201300047146;0;7;0;0;2;4;2;C01
201300047146;0;33;0;0;2;1;3;A01
201300047147;0;7;0;3;0;2;1;A01
201300047148;0;32;0;0;0;0;0;A01
201300047149;0;33;0;0;0;8;21;A01
201300047150;0;34;0;0;2;1;2;A01
201300047150;0;7;0;0;0;5;2;B01
201300047151;0;34;0;0;0;7;0;A01
201300047152;0;7;0;0;2;4;2;C01
201300047152;0;10;0;0;2;1;2;A01
201300047152;0;7;0;0;2;4;2;B01
201300047152;0;7;0;0;0;4;2;D01
201300047153;0;33;0;0;0;8;1;A01
201300047154;0;10;0;0;0;6;2;C01
201300047154;0;99;0;0;2;4;2;B01
201300047154;0;7;0;0;2;1;2;A01
201300047155;0;33;0;14;0;7;9;A01
201300047156;0;33;0;0;2;2;0;A01
201300047156;0;7;0;0;0;3;0;B01
201300047157;0;7;0;0;2;1;2;A01
201300047157;0;7;0;0;2;4;2;C01
201300047157;0;7;0;0;2;4;2;D01
201300047157;0;7;0;0;2;4;2;B01
201300047158;0;7;0;0;0;4;23;B01
201300047158;0;7;0;0;2;1;2;A01
201300047159;0;7;0;0;2;4;2;B01
201300047159;0;7;0;0;2;1;2;A01
201300047159;0;7;0;0;0;4;2;C01
201300047160;0;7;0;0;0;3;11;A01
201300047160;0;33;0;0;2;2;3;B01
201300047161;0;7;0;0;2;1;2;A01
201300047161;0;7;0;0;0;4;2;B01
201300047162;0;7;0;0;2;4;2;B01
201300047162;0;33;0;0;2;1;0;A01
201300047163;0;7;0;0;2;6;2;B01
201300047163;0;34;0;0;2;1;2;A01
201300047164;0;33;0;0;0;0;0;A01
201300047165;0;33;0;0;2;3;1;B01
201300047165;0;7;0;0;2;5;12;A01
201300047166;0;31;0;0;2;8;0;B01
201300047166;0;7;0;0;2;7;17;A01
201300047167;0;7;0;0;0;5;17;B01
201300047167;0;33;0;0;2;3;3;A01
201300047168;0;7;0;0;0;5;2;B01
201300047168;0;34;0;0;2;1;2;A01
201300047169;0;33;0;4;0;0;0;A01
201300047170;0;7;0;0;2;4;2;B01
201300047170;0;7;0;0;2;1;2;A01
201300047171;0;7;0;0;0;4;1;B01
201300047171;0;32;0;0;2;1;0;A01
201300047171;0;7;0;0;2;7;1;C01
201300047172;0;7;0;0;2;4;2;B01
201300047172;0;7;0;0;2;1;0;A01
201300047173;0;33;0;0;0;7;21;A01
201300047174;0;7;0;6;0;1;2;A01
201300047175;0;7;0;0;2;5;0;B01
201300047175;0;32;0;0;2;1;2;A01
201300047176;0;7;0;0;2;4;2;B01
201300047176;0;10;0;0;2;1;2;A01
201300047177;0;33;0;0;2;1;3;A01
201300047177;0;7;0;4;2;4;1;B01
201300047178;0;33;0;5;0;1;12;A01
201300047179;0;32;0;0;2;2;3;A01
201300047179;0;7;0;0;2;3;11;B01
201300047180;0;7;0;0;0;6;2;B01
201300047180;0;15;0;0;2;2;12;A01
201300047181;0;7;0;3;0;2;2;A01
201300047182;0;7;0;0;2;8;9;A01
201300047182;0;33;0;0;2;2;1;B01
201300047183;0;31;0;0;0;0;0;A01
201300047184;0;10;0;0;2;1;2;C01
201300047184;0;7;0;0;0;4;2;B01
201300047184;0;7;0;0;2;1;2;A01
201300047185;0;7;0;0;2;1;2;A01
201300047185;0;7;0;0;2;4;2;B01
201300047185;0;7;0;0;0;4;2;C01
201300047186;0;7;0;0;2;1;0;C01
201300047186;0;7;0;0;2;4;2;B01
201300047186;0;7;0;0;2;1;2;A01
201300047187;0;7;0;0;2;5;2;C01
201300047187;0;7;0;0;2;7;12;A01
201300047187;0;33;0;0;2;8;0;B01
201300047188;0;7;0;0;2;1;1;A01
201300047188;0;7;0;0;2;4;1;B01
201300047189;0;7;0;0;2;5;11;B01
201300047189;0;33;0;0;2;1;3;A01
201300047190;0;7;0;0;2;5;2;B01
201300047190;0;33;0;0;2;3;21;A01
201300047191;0;33;0;0;2;8;3;A01
201300047191;0;7;0;0;2;2;0;B01
201300047192;0;10;0;13;0;1;0;A01
201300047193;1;7;0;0;2;2;0;Z01
201300047193;0;10;0;0;2;2;17;A01
201300047194;0;15;0;1;0;2;14;A01
201300047194;0;7;0;0;2;6;23;B01
201300047195;0;99;0;0;0;6;0;D01
201300047195;0;7;0;0;0;4;0;B01
201300047195;0;7;0;0;0;4;0;C01
201300047195;0;15;0;0;2;1;1;A01
201300047196;0;7;0;6;0;2;21;A01
201300047197;0;7;0;0;0;7;12;B01
201300047197;0;34;0;0;2;8;0;A01
201300047198;0;7;0;0;0;0;3;B01
201300047198;0;33;0;0;0;0;3;A01
201300047199;0;34;0;4;0;3;2;A01
201300047200;0;7;0;4;0;3;2;A01
201300047201;0;7;0;3;2;1;0;A01
201300047202;0;7;0;0;2;4;1;B01
201300047202;0;2;0;0;2;1;18;A01
201300047203;0;7;0;0;2;4;2;B01
201300047203;0;7;0;0;2;1;2;A01
201300047203;0;7;0;0;2;4;2;C01
201300047204;0;7;0;15;0;1;0;A01
201300047205;0;33;0;0;2;1;18;A01
201300047205;0;7;0;0;2;4;1;B01
201300047206;0;7;0;0;2;1;0;A01
201300047206;0;33;0;0;2;4;1;B01
201300047206;0;7;0;0;2;4;1;C01
201300047207;0;7;0;0;2;8;0;B01
201300047207;0;7;0;0;2;7;0;A01
201300047208;0;7;0;0;2;6;2;B01
201300047208;0;7;0;0;2;1;12;A01
201300047208;0;17;0;0;2;4;0;C01
201300047209;0;7;0;13;0;1;0;A01
201300047210;0;34;0;0;2;1;0;A01
201300047210;0;7;0;0;2;4;0;B01
201300047211;0;7;0;0;2;3;0;B01
201300047211;0;7;0;0;2;1;0;A01
201300047212;0;7;0;0;2;1;2;A01
201300047212;0;7;0;0;2;6;2;C01
201300047212;0;7;0;0;2;4;2;B01
201300047213;0;33;0;0;2;3;0;A01
201300047213;0;7;0;0;0;5;1;B01
201300047214;0;15;0;0;2;3;0;A01
201300047214;0;7;0;4;2;1;0;B01
201300047215;0;33;0;0;2;3;14;A01
201300047215;0;7;0;0;2;5;1;B01
201300047216;0;7;0;0;0;8;1;E01
201300047216;0;10;0;0;0;6;1;B01
201300047216;0;7;0;0;0;1;1;D01
201300047216;0;7;0;0;0;1;1;C01
201300047216;0;7;0;0;2;1;0;A01
201300047217;0;7;0;0;0;4;0;A01
201300047218;0;7;0;0;2;3;2;B01
201300047218;0;7;0;0;2;0;2;C01
201300047218;0;7;0;10;2;5;19;A01
201300047219;0;7;0;16;9;3;0;C01
201300047219;0;7;0;4;2;3;11;A01
201300047219;0;7;0;16;9;4;2;B01
201300047220;0;10;0;0;2;5;12;B01
201300047220;0;32;0;4;2;3;3;A01
201300047221;0;7;0;0;2;7;12;A01
201300047221;0;31;0;0;2;3;0;B01
201300047222;0;7;0;4;0;1;14;A01
201300047223;0;10;0;0;2;2;1;C01
201300047223;0;15;0;0;2;2;11;A01
201300047223;0;7;0;0;2;8;2;B01
201300047224;0;7;0;0;2;3;1;A01
201300047224;0;7;0;0;2;5;0;B01
201300047225;0;7;0;0;2;3;11;B01
201300047225;0;33;0;0;2;1;3;A01
201300047226;0;10;0;0;2;2;0;C01
201300047226;0;7;0;0;2;4;0;A01
201300047226;0;7;0;0;2;4;0;B01
201300047226;0;10;0;0;2;4;0;D01
201300047227;0;7;0;0;2;1;2;A01
201300047227;0;7;0;0;2;4;2;C01
201300047227;0;7;0;0;2;4;2;B01
201300047228;0;7;0;3;0;6;0;A01
201300047229;0;7;0;0;2;1;2;A01
201300047229;0;7;0;0;2;4;2;B01
201300047230;0;7;0;0;2;4;1;C01
201300047230;0;7;0;0;2;4;1;E01
201300047230;0;7;0;0;2;4;1;D01
201300047230;0;7;0;0;2;1;1;A01
201300047230;0;7;0;0;2;4;2;B01
201300047231;0;7;0;5;0;4;0;B01
201300047231;0;7;0;0;2;1;0;A01
201300047232;0;7;0;4;0;3;1;A01
201300047233;0;7;0;0;0;4;2;C01
201300047233;0;33;0;0;2;2;3;B01
201300047233;0;7;0;0;2;3;11;A01
201300047234;0;10;0;0;2;3;0;A01
201300047234;0;7;0;0;2;1;1;B01
201300047235;0;17;0;0;0;0;0;A01
201300047236;0;7;0;0;0;6;11;B01
201300047236;0;32;0;0;2;2;3;A01
201300047237;0;7;0;0;2;4;2;B01
201300047237;0;13;0;0;2;1;2;A01
201300047238;0;33;0;0;2;1;3;A01
201300047238;2;7;0;0;0;0;12;B01
201300047239;0;7;0;0;2;7;0;B01
201300047239;0;33;0;0;2;6;0;A01
201300047240;0;7;0;0;2;6;11;A01
201300047240;0;34;0;0;2;2;2;B01
201300047241;0;7;0;0;2;1;2;A01
201300047241;0;7;0;0;2;6;2;C01
201300047241;0;7;0;0;2;5;2;B01
201300047242;0;7;0;4;0;2;0;A01
201300047243;0;7;0;6;0;1;15;A01
201300047244;0;7;0;4;0;2;15;A01
201300047245;0;7;0;0;2;1;2;A01
201300047245;0;7;0;0;2;4;2;B01
201300047246;0;34;0;0;2;1;3;A01
201300047246;0;7;0;0;2;4;3;B01
201300047247;0;31;0;0;0;0;0;A01
201300047248;1;7;0;0;0;4;0;A01
201300047249;0;7;0;0;0;9;1;A01
201300047250;0;31;0;0;0;8;3;A01
201300047251;1;7;0;0;2;3;0;Z01
201300047251;0;7;0;0;2;5;2;A01
201300047252;0;33;0;0;0;7;3;A01
201300047253;0;7;0;4;0;2;1;A01
201300047254;0;33;0;0;2;1;3;A01
201300047254;1;7;0;;0;2;;Z01
201300047255;0;7;0;3;0;0;0;A01
201300047256;0;7;0;0;2;0;12;B01
201300047256;0;32;0;0;2;0;3;A01
201300047257;0;7;0;0;0;7;0;A01
201300047258;0;7;0;0;2;1;2;A01
201300047258;0;7;0;0;2;4;2;B01
201300047259;0;33;0;0;0;7;0;A01
201300047260;0;7;0;4;0;1;13;A01
201300047261;0;10;0;0;2;5;12;A01
201300047261;0;10;0;0;2;6;1;B01
201300047262;0;7;0;0;2;8;11;B01
201300047262;0;32;0;0;2;7;12;A01
201300047263;0;7;0;0;2;1;12;A01
201300047263;0;7;0;0;2;4;2;B01
201300047264;0;7;0;0;2;3;21;A01
201300047264;0;7;0;0;2;5;1;C01
201300047264;0;7;0;0;2;1;1;B01
201300047265;0;14;0;0;2;8;1;B01
201300047265;0;34;0;3;2;7;3;A01
201300047265;0;7;0;0;2;5;1;C01
201300047266;0;10;0;4;0;1;21;A01
201300047266;0;7;0;0;0;1;1;B01
201300047267;0;7;0;4;0;1;16;A01
201300047268;0;7;0;0;2;2;0;A01
201300047268;0;7;0;0;2;3;1;B01
201300047269;0;14;0;0;2;3;1;C01
201300047269;0;33;0;0;2;3;3;A01
201300047269;0;7;0;0;2;5;1;B01
201300047270;0;7;0;0;2;4;2;C01
201300047270;0;7;0;0;2;4;2;B01
201300047270;0;10;0;0;2;1;2;A01
201300047271;0;7;0;0;2;6;11;B01
201300047271;0;33;0;0;2;1;1;A01
201300047272;0;7;0;0;0;3;21;A01
201300047273;0;33;0;0;2;1;0;A01
201300047273;0;33;0;0;2;4;0;B01
201300047273;0;10;0;0;2;6;1;C01
201300047274;0;34;0;0;2;1;0;A01
201300047274;0;7;0;0;2;5;12;B01
201300047275;0;10;0;0;0;5;2;B01
201300047275;0;33;0;0;2;3;2;A01
201300047276;0;33;0;0;2;1;21;A01
201300047276;0;7;0;0;2;6;1;B01
201300047277;0;7;0;13;0;3;1;A01
201300047278;0;7;0;4;0;3;0;A01
201300047279;0;33;0;0;0;2;0;A01
201300047280;0;34;0;0;2;7;3;A01
201300047280;0;7;0;0;2;8;11;B01
201300047281;0;10;0;0;0;0;0;A01
201300047282;0;7;0;0;0;5;0;B01
201300047282;0;7;0;0;2;3;2;A01
201300047283;0;33;0;4;2;1;1;A01
201300047283;0;7;0;0;2;4;2;B01
201300047284;0;7;0;4;0;1;0;A01
201300047285;0;31;0;0;2;1;0;A01
201300047285;0;7;0;0;2;8;12;B01
201300047286;0;7;0;0;2;1;0;A01
201300047286;0;7;0;0;0;4;0;B01
201300047287;0;10;0;0;2;6;2;A01
201300047287;0;33;0;0;2;1;2;B01
201300047288;0;7;0;4;0;3;0;A01
201300047289;0;33;0;3;0;3;14;A01
201300047290;0;7;0;0;2;1;2;A01
201300047290;0;10;0;0;0;4;2;B01
201300047291;0;7;0;0;2;1;5;A01
201300047291;0;10;0;0;2;1;1;B01
201300047292;0;7;0;0;2;2;12;A01
201300047292;0;33;0;0;2;8;3;B01
201300047293;0;7;0;0;2;2;12;B01
201300047293;0;33;0;0;2;3;1;A01
201300047293;0;7;0;0;0;4;1;C01
201300047294;0;7;0;4;0;2;0;A01
201300047295;0;33;0;0;2;3;3;B01
201300047295;0;7;0;0;2;2;12;A01
201300047296;0;7;0;0;2;5;2;B01
201300047296;0;33;0;0;2;1;2;A01
201300047297;0;7;0;3;0;1;16;A01
201300047298;0;7;0;3;0;2;1;A01
201300047299;0;7;0;0;2;4;2;B01
201300047299;0;7;0;0;2;1;2;A01
201300047300;0;34;0;0;0;8;0;A01
201300047301;0;10;0;0;2;4;2;B01
201300047301;0;15;0;0;2;1;2;A01
201300047301;0;7;0;0;2;4;2;C01
201300047302;0;34;0;0;2;1;2;A01
201300047302;0;7;0;0;2;4;2;B01
201300047303;0;10;0;0;2;5;12;B01
201300047303;0;32;0;0;2;8;3;A01
201300047304;0;7;0;0;2;5;12;B01
201300047304;0;33;0;0;2;1;1;A01
201300047305;0;7;0;0;2;4;2;B01
201300047305;0;7;0;0;2;1;2;A01
201300047306;0;7;0;0;2;4;2;B01
201300047306;0;7;0;0;2;1;2;A01
201300047307;0;33;0;0;2;1;2;A01
201300047307;0;7;0;0;2;5;2;B01
201300047308;0;33;0;0;0;3;0;A01
201300047309;0;7;0;4;0;1;0;A01
201300047310;0;7;0;0;0;4;2;B01
201300047310;0;7;0;0;2;1;2;A01
201300047311;0;7;0;4;0;3;2;A01
201300047312;0;7;0;0;2;2;2;B01
201300047312;0;33;0;0;2;3;3;A01
201300047313;0;7;0;0;2;1;2;A01
201300047313;0;14;0;0;2;4;2;B01
201300047314;0;7;0;0;0;6;2;C01
201300047314;0;31;0;0;2;3;21;B01
201300047314;0;7;0;0;2;2;12;A01
201300047315;0;7;0;0;0;1;2;D01
201300047315;0;7;0;4;0;1;2;C01
201300047315;0;7;0;0;0;3;2;A01
201300047315;0;7;0;0;0;4;2;B01
201300047316;0;7;0;0;2;1;2;A01
201300047316;0;15;0;0;2;4;1;B01
201300047317;0;7;0;3;0;1;0;A01
201300047318;0;7;0;4;0;2;13;A01
201300047319;0;10;0;0;0;0;0;E01
201300047319;0;7;0;0;2;4;2;B01
201300047319;0;7;0;0;0;4;2;D01
201300047319;0;7;0;0;2;4;2;C01
201300047319;0;10;0;0;2;1;2;A01
201300047320;0;7;0;0;0;9;2;A01
201300047321;0;7;0;10;0;2;4;A01
201300047322;0;10;0;0;2;6;24;B01
201300047322;0;7;0;5;2;5;17;C01
201300047322;0;15;0;0;2;3;21;A01
201300047323;0;7;0;0;2;1;2;A01
201300047323;0;7;0;0;0;4;2;B01
201300047324;0;7;0;0;2;4;2;B01
201300047324;0;7;0;0;2;1;2;A01
201300047325;0;7;0;0;0;3;0;A01
201300047326;0;7;0;4;0;3;0;A01
201300047327;0;7;0;0;2;4;1;B01
201300047327;0;7;0;0;2;1;2;A01
201300047327;0;7;0;0;2;4;2;C01
201300047327;0;7;0;0;2;4;2;D01
201300047328;0;7;0;0;2;8;11;B01
201300047328;0;7;0;0;2;3;1;C01
201300047328;0;7;0;0;2;5;1;D01
201300047328;0;32;0;0;2;1;3;A01
201300047329;0;7;0;0;2;1;2;A01
201300047329;0;7;0;0;2;4;2;B01
201300047329;0;7;0;0;0;4;0;C01
201300047330;0;7;0;0;2;7;12;B01
201300047330;0;32;0;0;2;8;3;A01
201300047331;0;33;0;0;2;7;17;B01
201300047331;0;10;0;0;2;2;1;C01
201300047331;0;7;0;0;2;6;11;A01
201300047332;0;7;0;0;0;4;2;B01
201300047332;0;7;0;0;2;1;1;A01
201300047333;0;7;0;0;2;1;1;A01
201300047333;0;7;0;14;0;4;21;B01
201300047334;0;7;0;0;2;4;12;B01
201300047334;0;31;0;0;2;1;3;A01
201300047335;0;10;0;0;2;1;2;D01
201300047335;0;7;0;0;2;1;2;C01
201300047335;0;10;0;0;2;1;2;B01
201300047335;0;10;0;0;2;1;1;A01
201300047335;0;7;0;0;0;4;2;E01
201300047336;0;7;0;0;2;5;1;B01
201300047336;0;33;0;0;2;1;3;A01
201300047337;0;7;0;1;0;2;2;A01
201300047337;0;7;0;0;0;5;23;B01
201300047338;0;7;0;4;0;1;0;A01
201300047339;0;7;0;4;0;8;0;A01
201300047340;0;7;0;4;0;1;1;A01
201300047341;0;7;0;4;0;1;1;A01
201300047342;0;7;0;4;2;1;1;A01
201300047343;0;7;0;0;0;4;2;B01
201300047343;0;7;0;0;2;1;2;A01
201300047344;0;10;0;4;0;1;2;A01
201300047345;0;7;0;0;2;5;1;B01
201300047345;1;7;0;0;2;3;1;Z01
201300047346;0;7;0;0;0;9;1;A01
201300047347;0;15;0;0;0;9;1;A01
201300047348;0;7;0;0;0;2;1;A01
201300047349;0;7;0;0;2;4;1;B01
201300047349;0;7;0;0;2;1;1;A01
201300047350;0;7;0;4;0;3;1;A01
201300047351;0;7;0;0;2;1;2;B01
201300047351;0;7;0;0;2;4;1;A01
201300047351;0;7;0;0;2;1;2;C01
201300047352;0;7;0;0;2;2;21;B01
201300047352;0;7;0;0;2;6;23;A01
201300047352;0;10;0;0;2;1;1;C01
201300047353;0;7;0;0;2;8;1;A01
201300047353;0;7;0;0;2;1;2;B01
201300047353;0;7;0;0;2;1;2;C01
201300047353;0;7;0;0;2;4;2;E01
201300047353;0;7;0;0;2;1;2;D01
201300047354;0;7;0;0;2;8;11;B01
201300047354;0;7;0;0;2;2;1;A01
201300047354;0;7;0;0;2;4;2;C01
201300047355;0;10;0;0;2;4;2;B01
201300047355;0;14;0;0;2;6;1;A01
201300047355;0;13;0;0;2;1;2;C01
201300047356;0;7;0;0;0;1;21;A01
201300047357;0;33;0;0;0;7;1;A01
201300047358;0;10;0;0;2;1;2;B01
201300047358;0;7;0;0;2;4;1;A01
201300047358;0;7;0;0;2;1;2;C01
201300047359;0;14;0;0;2;2;21;C01
201300047359;0;7;0;0;2;6;2;B01
201300047359;0;7;0;0;2;4;1;A01
201300047360;0;7;0;0;2;4;11;B01
201300047360;0;33;0;0;2;1;1;A01
201300047361;0;7;0;0;0;1;1;A01
201300047362;0;14;0;0;2;2;13;B01
201300047362;0;10;0;0;2;1;1;A01
201300047363;0;7;0;0;2;4;2;B01
201300047363;0;7;0;0;2;1;2;C01
201300047363;0;7;0;0;2;4;1;A01
201300047364;0;7;0;0;2;4;1;A01
201300047364;0;7;0;0;2;1;2;B01
201300047365;0;7;0;0;2;7;1;A01
201300047365;0;33;0;0;2;1;1;B01
201300047366;0;7;0;0;2;4;2;B01
201300047366;0;14;0;0;2;1;1;A01
201300047367;0;7;0;0;2;1;5;C01
201300047367;0;7;0;0;2;3;11;A01
201300047367;0;7;0;0;2;7;1;B01
201300047367;0;7;0;0;2;1;5;D01
201300047368;0;7;0;0;0;9;0;A01
201300047368;0;10;0;0;0;3;0;B01
201300047368;0;7;0;0;0;0;0;C01
201300047369;0;7;0;0;2;1;1;A01
201300047369;0;7;0;0;2;4;2;B01
201300047369;0;7;0;0;2;4;2;C01
201300047370;0;7;0;0;0;9;1;A01
201300047371;0;7;0;0;2;3;9;A01
201300047371;0;34;0;0;2;2;1;B01
201300047372;0;7;0;2;0;1;1;A01
201300047373;0;37;1;0;2;4;1;B01
201300047373;0;15;0;0;2;1;2;A01
201300047374;0;7;0;3;0;3;13;A01
201300047375;0;7;0;3;0;1;1;A01
201300047376;0;7;0;3;0;2;1;A01
201300047377;0;10;0;0;1;3;1;A01
201300047378;0;7;0;0;2;3;11;B01
201300047378;0;34;0;0;2;2;1;A01
201300047379;0;7;0;0;0;1;0;A01
201300047380;0;7;0;0;2;1;1;A01
201300047380;0;7;0;0;2;8;1;B01
201300047381;0;7;0;4;2;6;1;A01
201300047381;1;7;0;0;2;1;1;Z01
201300047382;0;7;0;0;0;7;1;A01
201300047383;0;7;0;0;0;1;1;A01
201300047384;0;33;0;0;2;7;3;A01
201300047384;0;7;0;0;2;8;11;B01
201300047385;0;34;0;0;2;1;1;A01
201300047385;0;7;0;0;2;8;11;B01
201300047386;0;7;0;0;2;4;1;A01
201300047386;0;7;0;0;2;1;2;C01
201300047386;0;7;0;0;2;4;2;B01
201300047387;0;7;0;4;0;1;1;A01
201300047388;0;7;0;0;0;9;1;A01
201300047389;0;7;0;0;2;2;12;A01
201300047389;0;7;0;0;2;4;1;B01
201300047389;0;33;0;0;2;8;3;C01
201300047390;0;7;0;3;0;1;1;A01
201300047391;0;7;0;0;2;3;1;A01
201300047391;0;7;0;0;2;2;15;B01
201300047392;0;7;0;0;2;8;13;A01
201300047392;0;7;0;0;2;8;1;B01
201300047393;0;7;0;3;2;2;12;B01
201300047393;0;15;0;0;2;3;1;A01
201300047394;0;33;0;0;2;7;3;A01
201300047394;0;7;0;0;2;8;11;B01
201300047395;0;10;0;0;2;4;2;C01
201300047395;0;7;0;0;2;4;2;B01
201300047395;0;7;0;0;2;1;1;A01
201300047396;0;33;0;0;0;0;3;A01