num_acc;senc;catv;occutc;obs;obsm;choc;manv;num_veh
201300047722;0;7;0;4;0;3;1;A01
201300047723;0;7;0;0;2;4;1;A01
201300047723;0;7;0;0;2;1;2;C01
201300047723;0;7;0;0;2;1;2;B01
201300047723;0;7;0;0;2;1;2;D01
201300047724;0;7;0;0;2;3;13;A01
201300047724;0;7;0;0;2;2;1;B01
201300047725;0;7;0;4;0;9;0;A01
201300047726;0;7;0;1;0;0;0;C01
201300047726;0;10;0;0;2;0;24;B01
201300047726;0;7;0;16;0;0;0;A01
201300047727;0;7;0;0;2;5;1;A01
201300047727;0;7;0;0;2;3;1;B01
201300047727;2;33;0;0;2;3;3;Z01
201300047728;0;7;0;6;0;1;0;A01
201300047729;0;31;0;0;2;7;3;A01
201300047729;0;7;0;0;2;8;11;B01
201300047730;0;31;0;0;2;8;3;A01
201300047730;0;7;0;0;2;2;12;B01
201300047731;0;7;0;0;2;1;11;A01
201300047731;0;7;0;0;2;6;1;B01
201300047732;0;31;0;0;2;7;3;A01
201300047732;0;7;0;0;2;5;12;B01
201300047733;0;7;0;0;2;0;1;B01
201300047733;0;7;0;0;2;0;1;A01
201300047734;0;31;0;0;0;8;1;A01
201300047735;0;7;0;0;2;4;13;A01
201300047735;0;31;0;0;2;1;2;B01
201300047736;0;7;0;0;2;7;12;A01
201300047736;0;31;0;0;2;8;1;B01
201300047737;0;7;0;0;2;2;12;B01
201300047737;0;31;0;0;2;1;1;A01
201300047738;0;31;0;0;0;8;12;A01
201300047739;0;7;0;0;2;4;1;A01
201300047739;0;7;0;0;2;4;2;B01
201300047739;0;13;0;0;2;3;2;C01
201300047740;0;31;0;0;2;7;3;A01
201300047740;0;7;0;0;2;3;11;B01
201300047741;0;7;0;0;2;1;2;A01
201300047741;0;7;0;0;2;4;1;B01
201300047742;0;31;0;0;0;0;0;A01
201300047743;0;7;0;0;0;0;0;A01
201300047744;0;7;0;0;2;8;0;B01
201300047744;0;31;0;0;2;2;0;A01
201300047745;0;31;0;0;2;1;2;B01
201300047745;0;10;0;0;2;5;12;A01
201300047746;2;7;0;0;2;1;19;Z01
201300047746;0;7;0;0;2;7;1;B01
201300047747;0;33;0;0;2;3;3;A01
201300047747;0;7;0;0;2;5;12;B01
201300047748;0;7;0;0;2;4;1;A01
201300047748;0;7;0;0;2;1;2;B01
201300047749;0;7;0;0;2;5;1;B01
201300047749;0;10;0;0;0;8;0;A01
201300047749;0;33;0;0;2;1;3;C01
201300047750;0;7;0;0;2;7;0;A01
201300047750;0;31;0;0;2;8;0;B01
201300047751;0;31;0;0;2;1;1;A01
201300047751;0;7;0;0;2;5;2;B01
201300047752;0;7;0;0;2;1;1;A01
201300047752;0;7;0;0;2;4;2;B01
201300047753;0;10;0;0;0;0;1;A01
201300047754;0;7;0;0;2;2;13;A01
201300047754;0;10;0;0;2;6;2;B01
201300047755;0;10;0;0;2;1;2;A01
201300047755;0;31;0;0;2;1;2;B01
201300047755;0;7;0;0;2;4;1;C01
201300047756;0;7;0;0;0;1;1;A01
201300047757;0;31;0;0;2;1;3;A01
201300047757;0;7;0;0;2;1;11;B01
201300047757;0;7;0;0;2;5;1;C01
201300047758;0;10;0;0;2;6;1;A01
201300047758;0;10;0;0;2;2;12;B01
201300047759;0;7;0;0;2;1;2;C01
201300047759;0;7;0;0;2;4;1;A01
201300047759;0;10;0;0;2;4;2;B01
201300047760;0;31;0;0;2;0;3;A01
201300047760;0;7;0;0;2;0;11;B01
201300047761;0;31;0;0;2;1;3;A01
201300047761;0;31;0;0;2;5;11;B01
201300047761;0;7;0;0;2;4;2;C01
201300047762;0;7;0;0;0;9;14;A01
201300047763;0;7;0;0;2;8;1;A01
201300047763;0;7;0;0;2;1;2;B01
201300047764;0;14;0;0;2;8;1;A01
201300047764;0;7;0;0;2;2;2;B01
201300047765;0;7;0;0;2;4;11;B01
201300047765;0;33;0;0;2;1;3;A01
201300047766;1;33;0;0;2;2;1;Z01
201300047766;0;33;0;0;2;7;3;A01
201300047767;0;7;0;0;2;1;2;B01
201300047767;0;34;0;0;2;8;2;C01
201300047767;0;7;0;0;2;4;1;A01
201300047768;0;7;0;0;2;0;2;C01
201300047768;0;7;0;0;2;0;2;B01
201300047768;0;7;0;0;2;0;1;A01
201300047769;0;7;0;0;0;1;13;A01
201300047770;0;15;0;0;2;4;23;A01
201300047770;0;33;0;0;2;1;12;B01
201300047771;0;7;0;0;2;4;2;B01
201300047771;0;33;0;0;2;1;12;A01
201300047772;0;33;0;0;2;1;1;B01
201300047772;0;7;0;0;2;6;11;A01
201300047773;0;33;0;0;2;6;1;A01
201300047773;0;7;0;0;2;0;0;B01
201300047774;0;7;0;0;0;9;0;A01
201300047775;0;31;0;0;2;1;1;A01
201300047775;0;7;0;0;2;8;13;B01
201300047775;0;7;0;0;2;0;11;C01
201300047776;0;7;0;0;2;5;12;B01
201300047776;0;31;0;0;2;1;3;A01
201300047777;0;7;0;0;2;4;2;C01
201300047777;0;7;0;0;2;4;2;D01
201300047777;0;7;0;0;2;4;2;B01
201300047777;0;7;0;0;2;4;1;A01
201300047778;0;7;0;0;0;8;0;A01
201300047779;0;7;0;0;2;6;1;C01
201300047779;0;33;0;0;2;1;3;B01
201300047779;0;7;0;0;2;2;12;A01
201300047780;0;31;0;0;2;3;3;A01
201300047780;0;7;0;0;2;5;1;B01
201300047780;0;7;0;0;0;0;11;C01
201300047781;0;33;0;0;2;7;1;B01
201300047781;1;14;0;0;2;2;1;Z01
201300047781;0;7;0;0;2;6;11;A01
201300047782;0;7;0;0;2;9;1;A01
201300047783;0;7;0;0;2;4;23;A01
201300047783;0;7;0;0;2;1;2;B01
201300047784;0;7;0;0;2;2;12;A01
201300047784;0;7;0;0;2;8;1;B01
201300047785;0;7;0;0;2;7;12;A01
201300047785;0;31;0;0;2;8;3;B01
201300047786;0;33;0;0;2;7;3;A01
201300047786;0;7;0;0;2;7;9;B01
201300047787;0;10;0;0;2;4;11;B01
201300047787;0;31;0;0;2;1;3;A01
201300047788;0;7;0;0;2;1;2;C01
201300047788;0;7;0;0;2;4;2;B01
201300047788;0;7;0;0;2;4;1;A01
201300047789;0;7;0;3;2;1;0;A01
201300047790;0;7;0;0;2;8;3;B01
201300047790;0;31;0;0;2;1;3;A01
201300047791;0;7;0;0;2;4;2;B01
201300047791;0;10;0;0;2;1;1;A01
201300047792;0;14;0;0;2;2;12;A01
201300047792;0;7;0;0;2;8;1;B01
201300047793;0;7;0;0;2;1;2;A01
201300047793;0;7;0;0;2;4;2;B01
201300047793;0;7;0;0;2;4;2;D01
201300047793;0;7;0;0;2;4;2;C01
201300047794;0;7;0;0;2;8;1;A01
201300047794;0;7;0;0;2;5;11;B01
201300047794;0;31;0;0;2;0;0;C01
201300047795;0;7;0;1;0;1;0;A01
201300047796;0;7;0;0;0;4;2;A01
201300047796;0;7;0;0;2;1;2;C01
201300047796;0;7;0;0;2;4;2;B01
201300047797;0;7;0;4;0;4;1;A01
201300047798;0;7;0;0;2;1;13;B01
201300047798;0;7;0;0;2;4;23;A01
201300047799;0;7;0;0;2;3;1;A01
201300047799;0;7;0;4;2;2;21;B01
201300047800;0;33;0;0;2;2;3;A01
201300047800;0;7;0;0;2;8;11;B01
201300047801;0;15;0;0;2;2;12;A01
201300047801;0;7;0;3;2;3;1;B01
201300047802;0;7;0;0;2;5;4;A01
201300047802;0;7;0;0;2;1;1;B01
201300047803;0;7;0;0;2;1;2;B01
201300047803;0;7;0;0;2;4;12;A01
201300047803;0;33;0;0;2;1;3;C01
201300047804;0;38;1;0;2;6;1;A01
201300047804;0;14;0;0;2;2;2;B01
201300047805;0;31;0;0;2;1;0;A01
201300047805;0;7;0;0;2;8;0;B01
201300047806;0;7;0;0;2;6;1;C01
201300047806;0;7;0;0;2;7;1;D01
201300047806;0;7;0;0;2;8;1;B01
201300047806;0;34;0;0;2;9;3;A01
201300047807;0;7;0;0;2;1;1;A01
201300047807;0;10;0;0;2;4;2;B01
201300047807;0;10;0;0;2;1;2;C01
201300047808;0;7;0;0;2;1;2;A01
201300047808;0;7;0;0;2;4;2;C01
201300047808;0;7;0;0;2;4;2;B01
201300047809;0;7;0;0;2;4;1;B01
201300047809;0;7;0;0;2;1;1;A01
201300047809;0;7;0;0;2;4;1;C01
201300047810;0;7;0;0;2;1;2;A01
201300047810;0;7;0;0;2;4;1;B01
201300047810;0;14;0;0;2;4;1;C01
201300047811;0;7;0;13;0;9;1;A01
201300047812;0;33;0;0;2;3;3;A01
201300047812;0;7;0;0;2;2;12;B01
201300047813;0;7;0;0;2;4;2;C01
201300047813;0;7;0;0;2;4;1;A01
201300047813;0;10;0;0;2;1;2;D01
201300047813;0;7;0;0;2;4;2;B01
201300047814;0;7;0;0;2;3;1;A01
201300047814;0;7;0;0;2;1;2;B01
201300047815;0;7;0;0;2;4;1;A01
201300047815;0;33;0;0;2;1;3;B01
201300047816;0;7;0;0;0;9;0;A01
201300047817;0;7;0;0;2;1;2;B01
201300047817;0;7;0;0;2;4;1;A01
201300047818;0;7;0;0;2;4;1;A01
201300047818;0;7;0;0;2;1;2;B01
201300047819;0;7;0;0;0;1;0;A01
201300047820;0;7;0;0;0;0;0;A01
201300047821;0;7;0;0;2;4;1;B01
201300047821;0;7;0;0;2;1;12;A01
201300047822;0;7;0;4;0;1;1;A01
201300047823;0;7;0;0;2;1;2;A01
201300047823;0;7;0;0;2;4;2;B01
201300047824;0;7;0;0;2;7;14;A01
201300047824;0;14;0;0;2;4;1;B01
201300047825;0;10;0;0;2;4;1;A01
201300047825;0;14;0;0;2;1;1;C01
201300047825;0;7;0;0;2;4;1;B01
201300047826;0;7;0;0;2;7;12;A01
201300047826;0;33;0;0;2;0;3;B01
201300047827;0;33;0;0;0;7;1;A01
201300047828;0;7;0;0;2;1;2;B01
201300047828;0;13;0;0;2;2;1;A01
201300047829;0;7;0;0;2;1;2;A01
201300047829;0;7;0;0;2;4;2;B01
201300047830;0;7;0;0;2;1;2;A01
201300047830;0;7;0;0;2;4;2;B01
201300047830;0;7;0;0;2;4;2;C01
201300047831;0;7;0;0;2;6;1;C01
201300047831;0;33;0;0;2;1;3;A01
201300047831;0;7;0;0;2;6;1;B01
201300047832;0;10;0;0;2;4;2;B01
201300047832;0;7;0;0;2;1;2;C01
201300047832;0;7;0;0;2;4;1;A01
201300047833;0;7;0;4;0;1;1;A01
201300047834;0;7;0;4;0;3;1;A01
201300047835;0;7;0;0;2;4;1;A01
201300047835;0;7;0;0;2;4;2;B01
201300047835;0;7;0;0;2;4;2;C01
201300047835;1;7;0;0;2;3;2;Z01
201300047836;0;7;0;4;0;1;1;A01
201300047837;0;7;0;0;0;0;1;A01
201300047838;0;7;0;4;0;1;1;A01
201300047839;0;7;0;0;2;4;1;A01
201300047839;0;7;0;0;2;4;2;B01
201300047839;0;10;0;0;2;1;2;C01
201300047840;0;7;0;0;2;2;12;A01
201300047840;0;33;0;0;2;3;1;B01
201300047841;0;7;0;0;2;1;1;A01
201300047841;0;7;0;0;2;4;2;C01
201300047841;0;7;0;0;2;4;2;B01
201300047842;0;7;0;0;2;3;11;A01
201300047842;0;15;0;0;2;2;1;B01
201300047843;0;31;0;0;2;2;1;B01
201300047843;0;7;0;0;2;7;11;A01
201300047844;0;10;0;0;2;4;12;B01
201300047844;0;34;0;0;2;1;1;A01
201300047845;0;7;0;0;2;8;9;A01
201300047845;0;10;0;0;2;7;1;B01
201300047846;0;7;0;13;0;1;14;A01
201300047847;0;7;0;4;0;9;14;A01
201300047848;0;14;0;0;2;7;11;A01
201300047848;0;7;0;0;2;8;21;B01
201300047848;0;7;0;0;2;9;1;C01
201300047849;0;7;0;0;2;4;1;A01
201300047849;0;7;0;0;2;1;2;B01
201300047850;0;7;0;0;2;0;0;D01
201300047850;0;7;0;0;2;4;0;A01
201300047850;0;7;0;0;2;0;0;B01
201300047850;0;7;0;0;2;1;0;C01
201300047851;0;7;0;4;2;4;1;A01
201300047851;1;7;0;0;2;1;2;Z01
201300047852;0;7;0;0;2;4;1;A01
201300047852;0;7;0;0;2;8;11;B01
201300047852;0;33;0;0;2;7;3;C01
201300047853;0;31;0;0;0;8;0;A01
201300047854;0;7;0;0;2;4;23;A01
201300047854;0;7;0;0;2;4;23;B01
201300047854;0;31;0;0;2;1;2;C01
201300047855;0;7;0;0;2;7;12;A01
201300047855;0;34;0;0;2;1;1;B01
201300047856;0;7;0;0;2;1;1;A01
201300047856;0;7;0;0;2;4;2;B01
201300047857;0;7;0;0;2;1;2;A01
201300047857;0;7;0;0;2;4;1;B01
201300047858;0;10;0;0;2;1;2;A01
201300047858;0;7;0;0;2;4;1;B01
201300047859;0;7;0;4;0;8;0;A01
201300047860;0;10;0;0;2;4;1;A01
201300047860;0;33;0;0;2;1;2;B01
201300047861;0;7;0;0;2;1;1;A01
201300047861;0;7;0;0;2;4;2;B01
201300047862;0;7;0;4;0;9;0;A01
201300047863;0;33;0;0;2;1;2;A01
201300047863;0;7;0;0;2;4;1;B01
201300047864;0;7;0;3;2;8;2;B01
201300047864;0;7;0;0;2;2;1;A01
201300047865;0;33;0;3;0;1;0;A01
201300047866;0;7;0;0;2;1;1;A01
201300047866;0;7;0;0;2;4;2;B01
201300047867;0;33;0;14;0;7;3;A01
201300047868;0;14;0;0;2;1;12;B01
201300047868;0;7;0;0;2;6;1;A01
201300047869;0;7;0;0;2;7;12;B01
201300047869;0;33;0;0;2;1;1;A01
201300047870;0;15;0;0;2;1;1;A01
201300047870;0;10;0;0;2;4;2;B01
201300047870;0;10;0;0;2;4;2;C01
201300047871;0;7;0;4;2;7;14;A01
201300047871;0;10;0;0;2;1;21;B01
201300047872;0;33;0;0;2;3;1;B01
201300047872;0;7;0;0;2;7;12;A01
201300047873;0;7;0;0;2;6;13;A01
201300047873;0;33;0;0;2;7;1;B01
201300047874;0;7;0;0;2;9;0;A01
201300047875;0;7;0;0;2;4;2;B01
201300047875;0;7;0;0;2;1;1;A01
201300047876;0;33;0;3;0;0;0;A01
201300047877;0;7;0;0;2;8;1;A01
201300047877;1;13;0;0;2;0;0;Z01
201300047878;0;7;0;0;2;8;1;B01
201300047878;0;13;0;0;2;1;9;A01
201300047879;0;7;0;0;2;4;12;B01
201300047879;0;33;0;0;2;1;11;A01
201300047880;0;7;0;0;2;1;1;A01
201300047880;0;7;0;0;2;4;2;B01
201300047880;0;10;0;0;2;3;2;C01
201300047881;0;7;0;0;2;4;1;A01
201300047881;0;7;0;0;2;1;2;B01
201300047882;0;10;0;0;2;1;2;D01
201300047882;0;7;0;0;2;4;1;A01
201300047882;0;7;0;0;2;1;2;B01
201300047882;0;7;0;0;2;4;2;C01
201300047883;0;7;0;3;0;9;0;A01
201300047884;0;31;0;0;2;1;2;A01
201300047884;0;7;0;0;2;4;1;B01
201300047885;0;7;0;0;2;4;11;A01
201300047885;0;7;0;0;2;1;1;B01
201300047886;0;7;0;0;2;4;1;B01
201300047886;0;33;0;0;2;1;3;A01
201300047887;0;14;0;0;2;1;1;A01
201300047887;0;7;0;0;2;4;2;B01
201300047888;0;7;0;0;2;1;2;A01
201300047888;0;7;0;0;2;4;2;B01
201300047889;0;7;0;0;2;8;11;A01
201300047889;0;33;0;0;2;7;1;B01
201300047889;0;10;0;0;2;4;1;C01
201300047890;0;10;0;0;2;1;13;A01
201300047890;0;10;0;0;2;8;1;B01
201300047890;0;14;0;0;2;6;1;C01
201300047890;0;7;0;0;2;4;1;D01
201300047891;0;7;0;0;2;4;2;B01
201300047891;0;7;0;0;2;1;1;A01
201300047891;0;7;0;0;2;4;2;C01
201300047892;0;14;0;0;2;2;2;A01
201300047892;0;7;0;0;2;4;2;B01
201300047893;0;7;0;0;2;4;2;B01
201300047893;0;7;0;0;2;4;2;A01
201300047893;0;7;0;0;2;1;2;C01
201300047894;0;7;0;0;2;4;1;A01
201300047894;0;7;0;0;2;4;2;C01
201300047894;0;7;0;0;2;1;2;B01
201300047895;0;7;0;0;2;1;1;B01
201300047895;0;7;0;0;2;5;11;A01
201300047895;0;7;0;0;2;1;2;C01
201300047896;0;33;0;0;2;1;3;A01
201300047896;0;7;0;0;2;8;12;B01
201300047897;0;7;0;0;2;4;2;B01
201300047897;0;10;0;0;2;1;2;A01
201300047898;0;7;0;0;2;7;1;C01
201300047898;0;14;0;0;2;3;1;B01
201300047898;0;7;0;0;2;2;12;A01
201300047899;0;7;0;0;2;6;11;B01
201300047899;0;33;0;0;2;1;1;A01
201300047900;0;7;0;0;2;1;11;C01
201300047900;0;7;0;0;2;2;1;A01
201300047900;0;7;0;0;2;4;1;B01
201300047901;0;31;0;0;2;0;3;A01
201300047901;0;7;0;0;2;0;11;B01
201300047902;0;7;0;0;2;4;23;A01
201300047902;0;15;0;0;2;4;2;B01
201300047902;0;14;0;0;2;1;2;C01
201300047903;0;7;0;0;2;4;2;B01
201300047903;0;7;0;0;2;1;1;A01
201300047903;0;7;0;0;2;4;1;C01
201300047904;0;7;0;3;0;1;1;A01
201300047905;0;7;0;0;2;1;2;B01
201300047905;0;7;0;0;2;4;1;A01
201300047906;0;7;0;0;2;1;2;A01
201300047906;0;10;0;0;2;4;2;B01
201300047906;0;7;0;0;2;4;2;C01
201300047906;0;7;0;0;2;4;2;D01
201300047907;0;7;0;3;0;1;1;A01
201300047908;0;14;0;0;2;1;2;A01
201300047908;0;7;0;0;2;4;11;B01
201300047909;0;7;0;0;2;6;1;A01
201300047909;0;15;0;0;2;1;12;B01
201300047909;0;33;0;0;2;1;1;C01
201300047910;0;7;0;0;2;2;12;A01
201300047910;0;33;0;0;2;8;3;B01
201300047911;0;13;0;0;2;4;1;B01
201300047911;0;7;0;0;2;1;17;A01
201300047912;0;7;0;0;2;1;6;A01
201300047912;0;7;0;0;2;1;1;B01
201300047913;0;7;0;0;2;3;21;B01
201300047913;0;1;0;0;2;2;14;A01
201300047914;0;7;0;4;0;9;1;A01
201300047915;1;7;0;0;2;1;2;Z01
201300047915;0;7;0;0;2;4;1;A01
201300047916;0;7;0;0;2;1;1;A01
201300047916;0;7;0;0;2;0;0;B01
201300047916;0;14;0;0;2;0;0;D01
201300047916;0;7;0;0;2;0;0;C01
201300047917;0;7;0;0;0;9;0;A01
201300047918;0;10;0;4;2;1;11;A01
201300047918;0;7;0;0;2;1;1;B01
201300047919;0;7;0;0;2;1;2;A01
201300047919;0;7;0;0;2;4;2;B01
201300047920;0;7;0;0;2;1;2;A01
201300047920;0;7;0;0;2;4;1;B01
201300047921;0;7;0;0;2;4;2;B01
201300047921;0;7;0;0;2;4;2;C01
201300047921;0;7;0;0;2;1;1;A01
201300047922;0;7;0;3;0;1;1;A01
201300047923;0;7;0;0;2;9;1;A01
201300047924;0;7;0;1;0;1;1;C01
201300047924;0;7;0;0;2;6;1;B01
201300047924;2;7;0;0;2;2;14;A01
201300047925;0;33;0;3;0;0;1;A01
201300047926;0;7;0;0;0;7;0;A01
201300047927;0;7;0;0;2;1;2;A01
201300047927;0;7;0;0;2;4;1;B01
201300047928;0;7;0;13;0;9;1;A01
201300047929;0;7;0;0;1;1;15;A01
201300047930;0;7;0;9;0;1;1;A01
201300047931;0;7;0;0;2;4;1;C01
201300047931;0;7;0;0;2;1;1;A01
201300047931;0;7;0;0;2;4;1;B01
201300047932;0;7;0;0;2;4;1;B01
201300047932;0;7;0;0;2;1;1;A01
201300047933;0;7;0;0;2;4;1;C01
201300047933;0;7;0;0;2;1;1;A01
201300047933;0;7;0;0;2;4;1;B01
201300047934;0;31;0;12;0;7;1;A01
201300047935;0;7;0;0;2;2;1;A01
201300047935;0;7;0;0;2;5;1;C01
201300047935;0;7;0;0;2;4;1;B01
201300047936;0;31;0;0;2;7;1;B01
201300047936;0;10;0;0;2;6;13;A01
201300047937;0;7;0;0;2;8;1;A01
201300047937;0;7;0;0;2;1;15;B01
201300047938;0;7;0;4;0;9;1;A01
201300047939;0;7;0;11;0;3;1;A01
201300047940;0;7;0;0;1;2;1;A01
201300047941;0;7;0;0;2;7;14;A01
201300047941;0;7;0;0;2;8;1;B01
201300047942;0;7;0;0;2;1;1;A01
201300047942;0;7;0;0;2;4;1;C01
201300047942;0;7;0;0;2;4;1;D01
201300047942;0;7;0;0;2;4;1;B01
201300047943;0;7;0;2;0;1;1;A01
201300047944;0;7;0;0;2;6;1;B01
201300047944;0;10;0;0;2;7;1;A01
201300047945;0;7;0;0;2;4;1;B01
201300047945;0;7;0;0;2;1;1;A01
201300047946;0;7;0;0;2;1;1;A01
201300047946;0;7;0;0;2;4;1;B01
201300047947;0;7;0;0;2;1;1;A01
201300047947;0;7;0;0;2;4;1;B01
201300047948;0;10;0;0;2;1;13;A01
201300047948;0;7;0;0;2;3;1;B01
201300047949;0;7;0;0;2;7;1;B01
201300047949;0;7;0;0;2;3;3;A01
201300047950;0;7;0;0;1;4;4;A01
201300047951;0;10;0;0;2;1;1;A01
201300047951;0;7;0;0;2;4;1;B01
201300047952;0;7;0;0;2;1;15;A01
201300047952;0;7;0;0;2;3;1;B01
201300047953;0;7;0;0;2;5;16;B01
201300047953;0;7;0;0;2;1;16;A01
201300047954;0;31;0;0;2;1;13;A01
201300047954;0;7;0;0;2;2;1;B01
201300047955;0;30;0;0;2;5;1;B01
201300047955;0;7;0;0;2;1;9;A01
201300047956;0;7;0;0;2;2;1;A01
201300047956;0;7;0;0;0;4;1;B01
201300047957;0;7;0;0;2;4;1;B01
201300047957;0;7;0;0;2;4;1;C01
201300047957;0;17;0;0;2;2;2;A01
201300047958;0;7;0;0;1;0;1;A01
201300047959;0;7;0;0;2;1;1;B01
201300047959;1;7;0;0;2;0;0;Z01
201300047959;0;7;0;0;2;4;2;C01
201300047960;0;7;0;0;2;7;1;B01
201300047960;0;7;0;0;2;1;9;A01
201300047961;0;7;0;0;2;4;1;C01
201300047961;0;7;0;0;2;1;1;A01
201300047961;0;10;0;0;2;4;1;B01
201300047962;0;7;0;0;2;7;1;B01
201300047962;0;7;0;0;2;1;9;A01
201300047963;0;7;0;0;2;3;1;B01
201300047963;0;30;0;0;2;1;15;A01
201300047964;0;7;0;0;2;4;1;B01
201300047964;0;10;0;0;2;1;1;A01
201300047965;0;7;0;0;2;9;1;A01
201300047965;0;17;0;0;2;0;1;B01
201300047966;0;34;0;0;2;0;1;B01
201300047966;0;7;0;0;2;0;1;A01
201300047967;0;7;0;0;1;0;1;A01
201300047968;0;1;0;1;2;1;1;A01
201300047968;0;7;0;0;2;8;1;B01
201300047969;0;7;0;0;2;4;20;B01
201300047969;0;7;0;0;2;4;20;C01
201300047969;0;7;0;1;0;1;1;A01
201300047970;0;33;0;0;2;1;2;B01
201300047970;0;7;0;0;2;4;1;A01
201300047971;0;7;0;0;2;1;13;A01
201300047971;0;7;0;0;2;3;1;B01
201300047972;0;7;0;8;0;9;1;A01
201300047973;0;2;0;0;2;7;1;B01
201300047973;1;7;0;0;2;1;15;Z01
201300047974;0;7;0;6;0;1;1;A01
201300047975;0;10;0;12;0;2;1;A01
201300047976;0;7;0;0;2;1;1;A01
201300047976;0;7;0;0;2;8;0;B01
201300047977;0;33;0;0;1;1;1;A01
201300047978;0;7;0;14;0;1;1;A01
201300047979;0;7;0;0;2;1;1;A01
201300047979;0;7;0;0;2;4;0;B01
201300047980;0;7;0;12;0;1;1;A01
201300047981;0;7;0;1;2;1;1;A01
201300047981;0;7;0;0;0;4;0;B01
201300047981;0;7;0;0;2;4;1;C01
201300047982;0;7;0;0;2;4;1;B01
201300047982;0;7;0;0;2;1;1;A01
201300047983;0;7;0;0;2;1;1;A01
201300047983;0;7;0;0;2;1;1;B01
201300047984;0;7;0;0;2;1;1;A01
201300047984;0;7;0;0;2;1;1;B01
201300047985;0;10;0;0;2;1;1;A01
201300047985;0;7;0;0;2;4;1;B01
201300047986;0;7;0;0;2;1;1;D01
201300047986;0;10;0;0;2;4;1;C01
201300047986;0;7;0;0;2;4;1;B01
201300047986;0;7;0;0;2;1;1;A01
201300047987;0;33;0;0;2;1;1;B01
201300047987;0;7;0;0;2;6;0;A01
201300047988;0;7;0;0;1;7;1;A01
201300047989;0;33;0;12;0;1;1;A01
201300047990;0;7;0;0;2;2;1;A01
201300047990;0;7;0;0;2;4;1;B01
201300047991;0;7;0;4;0;9;1;A01
201300047992;0;34;0;0;2;1;1;B01
201300047992;0;10;0;0;2;4;1;A01
201300047993;0;1;0;0;2;8;1;B01
201300047993;0;7;0;0;2;7;1;A01
201300047994;0;7;0;0;2;1;1;B01
201300047994;0;33;0;0;2;1;1;A01
201300047995;0;7;0;0;2;1;15;A01
201300047995;0;33;0;0;2;1;15;B01
201300047996;0;7;0;0;1;1;1;A01
201300047997;0;7;0;0;2;1;20;A01
201300047997;0;7;0;0;2;7;2;B01
201300047998;0;33;0;0;2;4;1;B01
201300047998;0;7;0;0;2;2;1;A01
201300047998;0;7;0;0;2;4;1;C01
201300047999;0;33;0;0;2;2;1;B01
201300047999;0;20;0;0;2;3;9;A01
201300048000;0;7;0;0;2;4;1;B01
201300048000;0;7;0;0;2;1;1;A01
201300048001;0;33;0;4;0;1;1;A01
201300048002;0;33;0;0;1;1;5;A01
201300048003;0;33;0;0;2;1;18;A01
201300048003;0;7;0;0;2;7;16;B01
201300048004;0;7;0;0;2;0;20;A01
201300048004;0;33;0;0;2;1;1;B01
201300048005;0;37;1;0;1;5;1;A01
201300048006;0;7;0;0;2;1;20;A01
201300048006;0;14;0;0;2;4;1;B01
201300048007;0;7;0;0;2;4;20;A01
201300048007;0;7;0;0;2;1;1;B01
201300048008;0;7;0;0;2;3;1;B01
201300048008;0;7;0;0;2;4;1;A01
201300048009;0;7;0;0;2;3;9;A01
201300048009;0;30;0;0;2;1;1;B01
201300048010;0;7;0;0;2;1;20;A01
201300048010;0;34;0;0;2;1;1;B01
201300048011;0;31;0;0;2;5;1;A01
201300048011;1;30;0;0;2;1;11;Z01
201300048012;0;7;0;0;2;8;15;B01
201300048012;0;34;0;0;2;1;17;A01
201300048013;0;7;0;0;2;3;1;B01
201300048013;0;7;0;0;2;3;13;A01
201300048014;0;7;0;0;2;6;9;A01
201300048014;0;1;0;0;2;1;1;B01
201300048015;0;7;0;0;1;4;4;A01
201300048016;0;7;0;0;2;4;1;B01
201300048016;0;7;0;0;2;1;1;A01
201300048017;0;31;0;0;2;3;3;A01
201300048017;0;7;0;0;2;8;1;B01
201300048017;0;7;0;0;2;8;1;C01
201300048017;0;7;0;0;2;1;1;D01
201300048018;0;7;0;0;2;4;1;A01
201300048018;0;7;0;0;2;1;1;Z01
201300048019;0;7;0;0;1;8;17;A01
201300048020;0;33;0;0;2;1;1;A01
201300048020;0;7;0;0;2;4;1;B01
201300048021;0;7;0;0;2;7;12;A01
201300048021;0;33;0;0;2;8;1;B01
201300048022;0;7;0;0;2;4;1;B01
201300048022;0;7;0;0;2;1;1;A01
201300048023;0;7;0;0;2;1;1;A01
201300048023;0;7;0;0;2;4;1;B01
201300048024;0;7;0;0;2;8;15;B01
201300048024;0;34;0;0;2;2;3;A01
201300048025;0;7;0;0;2;1;1;A01
201300048025;0;7;0;0;2;4;1;B01
201300048026;0;7;0;0;1;1;1;A01
201300048027;0;7;0;0;1;1;1;A01
201300048028;0;7;0;0;1;1;1;A01
201300048029;0;7;0;0;2;8;1;B01
201300048029;0;1;0;0;2;1;1;A01
201300048030;0;32;0;0;1;1;1;A01
201300048031;0;33;0;12;0;1;1;A01
201300048032;0;7;0;0;2;1;23;B01
201300048032;0;33;0;0;4;1;1;A01
201300048033;0;7;0;0;2;5;1;B01
201300048033;0;7;0;0;2;1;1;A01
201300048034;0;7;0;4;0;1;1;A01
201300048035;0;33;0;0;2;5;13;A01
201300048035;0;7;0;0;2;2;1;B01
201300048036;0;7;0;0;1;1;1;A01
201300048037;0;7;0;6;1;1;1;A01
201300048038;0;33;0;6;0;2;1;A01
201300048039;0;7;0;0;1;1;1;A01
201300048040;0;7;0;8;0;9;1;A01