num_acc;senc;catv;occutc;obs;obsm;choc;manv;num_veh
201300048041;0;7;0;0;2;4;1;B01
201300048041;0;7;0;0;2;1;1;A01
201300048041;0;7;0;0;2;4;1;C01
201300048042;0;33;0;1;0;1;1;A01
201300048043;0;7;0;0;2;7;19;A01
201300048043;0;13;0;0;2;1;1;B01
201300048044;0;7;0;0;1;1;1;A01
201300048045;0;7;0;0;1;1;1;A01
201300048046;0;7;0;0;2;1;1;A01
201300048046;0;7;0;1;4;4;0;B01
201300048047;0;34;0;0;2;1;17;B01
201300048047;0;7;0;0;2;6;11;A01
201300048048;0;7;0;0;2;3;15;A01
201300048048;0;34;0;0;2;9;17;B01
201300048049;0;7;0;0;1;1;15;A01
201300048050;0;7;0;0;2;3;15;B01
201300048050;0;2;0;0;2;2;17;A01
201300048051;0;7;0;0;2;1;1;A01
201300048051;0;7;0;0;2;4;1;B01
201300048052;0;38;1;0;2;3;1;B01
201300048052;0;7;0;0;2;5;12;A01
201300048053;0;34;0;0;2;1;13;A01
201300048053;0;7;0;0;2;2;1;B01
201300048054;0;7;0;0;1;4;4;A01
201300048055;0;7;0;0;2;1;20;A01
201300048055;0;31;0;0;2;1;1;B01
201300048056;0;7;0;0;2;1;1;B01
201300048056;0;7;0;0;2;1;13;A01
201300048057;0;10;0;0;2;1;1;A01
201300048057;0;7;0;0;2;4;1;B01
201300048058;0;7;0;0;2;1;1;A01
201300048058;0;7;0;0;2;7;1;B01
201300048059;0;7;0;0;1;1;1;A01
201300048060;0;7;0;0;1;1;1;A01
201300048061;0;7;0;0;2;8;15;B01
201300048061;0;33;0;0;2;1;17;A01
201300048062;0;7;0;0;2;1;1;A01
201300048062;0;7;0;0;2;4;1;B01
201300048062;0;7;0;0;2;4;1;D01
201300048062;0;7;0;0;2;4;1;C01
201300048063;0;7;0;0;2;1;1;A01
201300048063;0;7;0;0;2;4;1;B01
201300048064;0;7;0;0;2;1;15;A01
201300048064;0;7;0;0;2;1;1;B01
201300048065;0;7;0;0;2;3;15;B01
201300048065;0;33;0;0;2;1;17;A01
201300048066;0;10;0;0;1;1;1;A01
201300048067;0;33;0;0;2;1;1;A01
201300048067;0;7;0;0;0;1;1;B01
201300048068;0;7;0;0;0;4;1;B01
201300048068;0;7;0;0;2;1;1;A01
201300048069;0;7;0;0;2;1;1;A01
201300048069;0;7;0;0;2;4;1;B01
201300048070;0;7;0;0;2;3;13;A01
201300048070;0;7;0;0;2;3;1;B01
201300048071;0;32;0;0;2;1;1;A01
201300048071;0;7;0;0;2;4;1;B01
201300048072;0;7;0;8;0;1;1;A01
201300048073;0;7;0;0;2;2;13;A01
201300048073;0;7;0;0;2;1;1;B01
201300048074;0;7;0;0;2;1;1;A01
201300048074;0;7;0;0;2;2;1;B01
201300048075;0;31;0;0;2;1;1;A01
201300048075;0;7;0;0;2;5;16;B01
201300048076;0;7;0;6;0;1;1;A01
201300048077;0;7;0;0;2;1;1;A01
201300048077;0;7;0;0;2;4;1;B01
201300048078;0;7;0;8;0;1;1;A01
201300048079;0;7;0;0;1;1;1;A01
201300048080;0;7;0;4;0;9;1;A01
201300048081;0;7;0;13;0;9;0;A01
201300048082;0;7;0;0;2;4;1;B01
201300048082;0;7;0;0;2;1;5;A01
201300048083;0;7;0;0;2;3;1;B01
201300048083;0;7;0;0;2;2;13;A01
201300048084;0;7;0;0;2;8;0;B01
201300048084;0;32;0;0;2;1;1;A01
201300048085;0;7;0;6;2;1;14;A01
201300048085;0;7;0;0;2;2;2;B01
201300048086;0;7;0;0;2;1;13;A01
201300048086;0;7;0;0;2;1;1;B01
201300048087;0;7;0;0;1;1;1;A01
201300048088;0;7;0;0;2;1;1;A01
201300048088;0;7;0;0;2;4;1;B01
201300048088;0;7;0;0;2;4;1;C01
201300048089;0;7;0;0;2;3;17;A01
201300048089;0;7;0;0;2;1;15;B01
201300048090;0;7;0;7;0;1;1;A01
201300048091;0;7;0;12;0;2;1;A01
201300048092;0;7;0;0;2;1;1;B01
201300048092;0;7;0;0;2;1;1;A01
201300048093;0;7;0;0;2;1;1;B01
201300048093;0;7;0;0;2;1;1;A01
201300048094;0;7;0;1;1;1;1;A01
201300048095;0;16;0;0;2;1;1;A01
201300048095;0;7;0;0;2;4;1;C01
201300048095;0;7;0;0;2;4;0;B01
201300048096;0;7;0;0;2;4;1;B01
201300048096;0;7;0;0;2;1;0;A01
201300048097;0;7;0;0;2;3;11;A01
201300048097;0;2;0;0;2;1;17;B01
201300048098;0;7;0;0;2;1;1;B01
201300048098;0;7;0;0;2;1;1;A01
201300048099;0;7;0;0;2;1;1;B01
201300048099;0;7;0;0;2;1;13;A01
201300048100;0;7;0;0;2;1;1;A01
201300048100;0;7;0;0;2;1;1;B01
201300048101;2;7;0;0;1;1;1;A01
201300048102;0;7;0;0;0;4;1;B01
201300048102;0;7;0;1;2;1;1;A01
201300048103;0;7;0;0;2;1;1;A01
201300048103;0;7;0;0;2;1;1;B01
201300048104;0;7;0;0;1;1;1;A01
201300048105;0;7;0;0;1;1;1;A01
201300048106;0;1;0;0;2;1;1;B01
201300048106;0;7;0;0;2;3;22;A01
201300048107;0;30;0;0;5;1;1;A01
201300048108;0;7;0;0;2;8;18;A01
201300048108;0;10;0;0;2;7;13;B01
201300048109;0;7;0;0;1;4;4;A01
201300048110;0;7;0;0;1;1;2;A01
201300048111;0;7;0;0;2;1;2;A01
201300048111;0;7;0;0;2;4;2;C01
201300048111;0;7;0;0;2;1;2;B01
201300048112;0;7;0;0;2;1;1;B01
201300048112;0;1;0;0;2;1;1;A01
201300048112;1;13;0;0;2;4;1;Z01
201300048113;0;10;0;0;1;3;15;A01
201300048114;0;1;0;0;2;0;1;B01
201300048114;1;7;0;0;0;0;0;Z01
201300048115;0;7;0;14;0;0;1;A01
201300048116;0;7;0;0;1;0;16;A01
201300048117;0;10;0;0;1;1;1;A01
201300048118;0;7;0;0;1;4;4;A01
201300048119;0;7;0;0;2;7;23;C01
201300048119;0;7;0;0;2;5;12;A01
201300048119;0;7;0;7;2;3;2;B01
201300048120;0;10;0;0;2;6;23;B01
201300048120;0;7;0;0;2;2;2;A01
201300048121;0;7;0;0;2;4;1;B01
201300048121;0;33;0;0;2;1;2;A01
201300048122;0;7;0;0;1;1;1;A01
201300048123;0;7;0;0;1;7;1;A01
201300048124;0;1;0;0;1;3;1;A01
201300048125;0;7;0;0;2;4;1;B01
201300048125;0;7;0;0;2;1;1;C01
201300048125;0;1;0;0;2;4;23;A01
201300048126;0;7;0;0;1;2;16;A01
201300048127;0;7;0;0;2;2;1;B01
201300048127;0;32;0;0;2;1;1;A01
201300048128;0;7;0;0;1;1;1;A01
201300048129;0;7;0;0;2;1;1;A01
201300048129;0;7;0;0;2;4;1;B01
201300048129;0;7;0;0;0;0;0;C01
201300048130;1;7;0;8;1;0;0;Z01
201300048131;0;10;0;0;1;2;1;A01
201300048132;1;7;0;0;1;1;1;Z01
201300048133;0;10;0;0;2;4;23;B01
201300048133;0;7;0;0;2;1;1;A01
201300048134;0;7;0;0;2;7;16;B01
201300048134;0;30;0;0;2;1;7;A01
201300048135;0;7;0;0;1;2;1;A01
201300048136;0;7;0;0;2;4;21;C01
201300048136;0;7;0;0;2;1;1;B01
201300048136;0;7;0;0;2;1;1;A01
201300048137;0;7;0;0;1;5;1;A01
201300048138;0;7;0;0;2;6;15;A01
201300048138;0;31;0;0;2;1;1;B01
201300048139;0;7;0;8;2;3;21;A01
201300048139;0;7;0;0;2;3;1;B01
201300048140;0;7;0;0;2;3;0;A01
201300048140;0;32;0;0;2;0;0;B01
201300048141;0;10;0;0;2;1;1;B01
201300048141;0;32;0;0;2;5;5;A01
201300048142;0;7;0;0;1;1;15;A01
201300048143;0;33;0;0;2;1;1;B01
201300048143;0;10;0;0;2;7;15;A01
201300048144;0;33;0;6;0;8;11;A01
201300048145;0;1;0;0;2;0;13;B01
201300048145;0;37;1;0;2;5;1;A01
201300048146;0;7;0;0;2;2;2;A01
201300048146;0;7;0;0;2;4;1;B01
201300048147;0;33;0;0;2;5;2;B01
201300048147;0;7;0;0;2;3;2;A01
201300048148;0;7;0;0;2;3;1;B01
201300048148;0;2;0;0;2;1;17;A01
201300048148;0;7;0;0;2;3;1;C01
201300048149;0;10;0;0;2;2;1;B01
201300048149;0;7;0;0;2;8;11;A01
201300048150;0;1;0;0;1;1;5;A01
201300048151;0;1;0;0;1;1;5;A01
201300048152;0;34;0;1;0;2;15;A01
201300048153;0;30;0;0;1;0;0;A01
201300048154;0;1;0;0;2;1;19;A01
201300048154;0;37;10;0;2;7;1;B01
201300048155;1;7;0;0;0;0;0;Z01
201300048155;0;30;0;12;2;0;2;A01
201300048156;0;7;0;0;2;2;15;A01
201300048156;0;30;0;0;2;1;1;B01
201300048157;0;7;0;1;0;2;14;A01
201300048158;0;7;0;0;1;1;15;A01
201300048159;0;1;0;0;1;0;1;A01
201300048160;0;7;0;0;2;1;1;A01
201300048160;0;7;0;0;2;3;1;B01
201300048161;0;7;0;1;0;3;1;A01
201300048162;0;33;0;12;0;7;17;B01
201300048162;0;7;0;12;0;8;11;A01
201300048163;0;7;0;0;2;6;15;B01
201300048163;0;33;0;1;2;1;17;A01
201300048164;0;7;0;0;0;7;1;C01
201300048164;1;7;0;0;2;1;0;A01
201300048164;0;7;0;0;0;0;0;B01
201300048165;0;1;0;0;2;1;1;A01
201300048165;0;7;0;0;2;1;1;B01
201300048166;0;10;0;0;2;1;2;A01
201300048166;0;10;0;0;2;4;23;C01
201300048166;0;7;0;0;2;4;23;B01
201300048167;0;1;0;0;1;1;2;A01
201300048168;1;7;0;0;2;7;0;Z01
201300048168;0;31;0;0;2;1;1;B01
201300048169;0;7;0;0;2;7;1;B01
201300048169;0;7;0;0;2;1;5;A01
201300048170;0;7;0;0;2;8;19;A01
201300048170;0;7;0;0;2;1;1;B01
201300048171;0;3;0;1;0;1;0;A01
201300048172;0;7;0;0;2;7;1;A01
201300048172;0;31;0;0;2;1;1;B01
201300048173;0;7;0;0;1;2;1;A01
201300048174;0;7;0;1;0;1;14;A01
201300048175;0;33;0;0;2;0;1;B01
201300048176;0;7;0;14;0;3;5;A01
201300048177;0;10;0;0;1;0;0;A01
201300048178;0;7;0;0;2;8;1;B01
201300048178;0;7;0;0;2;1;1;A01
201300048179;0;7;0;0;2;4;2;B01
201300048179;0;7;0;0;2;1;2;A01
201300048180;0;7;0;0;1;7;15;A01
201300048181;0;30;0;0;1;3;0;A01
201300048182;0;7;0;0;1;3;1;A01
201300048183;0;7;0;0;1;2;1;A01
201300048184;0;7;0;0;0;4;2;B01
201300048184;0;7;0;0;0;1;2;A01
201300048185;0;7;0;3;0;1;0;A01
201300048186;0;7;0;0;0;9;0;A01
201300048187;0;7;0;0;0;9;21;A01
201300048188;0;7;0;0;2;1;1;B01
201300048188;0;7;0;0;2;1;1;C01
201300048188;0;7;0;3;0;7;21;A01
201300048189;0;7;0;4;0;2;0;A01
201300048190;0;7;0;0;2;4;1;C01
201300048190;0;7;0;0;2;4;1;B01
201300048190;0;7;0;0;2;1;1;A01
201300048190;0;15;0;0;2;4;1;D01
201300048191;0;7;0;3;0;1;0;A01
201300048191;0;7;0;0;0;0;2;B01
201300048192;0;33;0;0;0;0;9;A01
201300048193;0;7;0;0;2;3;13;A01
201300048193;0;7;0;0;2;5;2;B01
201300048194;0;7;0;0;2;8;1;B01
201300048194;0;17;0;0;2;2;12;A01
201300048195;0;7;0;3;0;6;9;A01
201300048195;0;15;0;0;2;1;1;B01
201300048195;0;33;0;3;2;1;0;C01
201300048196;0;7;0;4;0;1;1;A01
201300048197;0;33;0;0;2;1;1;A01
201300048197;0;7;0;0;0;5;1;B01
201300048198;0;7;0;0;2;1;2;A01
201300048198;0;7;0;0;2;4;1;B01
201300048199;0;7;0;0;2;4;2;A01
201300048199;0;7;0;0;2;4;2;B01
201300048200;0;7;0;1;0;2;19;A01
201300048200;0;7;0;9;1;6;0;B01
201300048200;0;10;0;1;4;4;24;C01
201300048201;0;7;0;0;2;1;2;A01
201300048201;0;7;0;0;0;4;2;B01
201300048202;0;33;0;0;0;7;21;A01
201300048203;0;15;0;1;0;2;14;A01
201300048203;0;10;0;0;2;6;23;B01
201300048204;0;7;0;4;2;4;2;B01
201300048204;0;7;0;0;2;1;2;A01
201300048205;0;7;0;0;2;4;2;B01
201300048205;0;15;0;0;2;1;2;C01
201300048205;0;7;0;0;2;4;2;A01
201300048206;0;33;0;0;2;0;23;B01
201300048206;1;99;0;0;2;1;1;Z01
201300048207;0;15;0;0;2;3;1;B01
201300048207;0;7;0;0;2;5;12;A01
201300048208;0;7;0;0;2;1;5;A01
201300048208;0;7;0;0;2;1;21;B01
201300048209;0;7;0;4;0;2;14;A01
201300048210;0;7;0;0;2;4;2;C01
201300048210;0;7;0;0;2;1;2;A01
201300048210;0;7;0;0;2;4;2;B01
201300048211;0;7;0;0;2;6;2;C01
201300048211;0;7;0;0;2;2;14;A01
201300048211;0;7;0;0;2;4;1;B01
201300048212;0;7;0;0;0;0;2;C01
201300048212;0;7;0;3;1;1;17;A01
201300048212;0;7;0;0;0;6;0;B01
201300048213;0;7;0;4;0;1;0;A01
201300048214;0;33;0;4;0;2;0;A01
201300048215;0;7;0;0;0;0;21;A01
201300048216;0;7;0;0;0;8;11;A01
201300048216;0;33;0;0;2;7;1;B01
201300048217;0;33;0;0;2;1;3;B01
201300048217;0;7;0;0;2;8;13;A01
201300048218;0;7;0;0;2;1;13;A01
201300048218;0;15;0;0;2;1;1;B01
201300048218;0;7;0;0;2;4;2;C01
201300048219;0;7;0;3;2;4;2;B01
201300048219;0;7;0;0;2;1;2;A01
201300048220;0;17;0;0;2;1;2;A01
201300048220;0;17;0;0;2;4;2;B01
201300048221;0;33;0;0;2;7;2;B01
201300048221;1;7;0;0;2;8;13;A01
201300048222;0;17;0;0;2;1;2;A01
201300048222;0;17;0;0;2;4;2;B01
201300048223;0;7;0;0;1;2;21;B01
201300048224;0;10;0;3;0;8;13;A01
201300048225;0;7;0;3;0;3;11;A01
201300048225;1;14;0;0;0;;;X01
201300048226;0;7;0;0;0;5;2;B01
201300048226;0;33;0;0;2;1;3;A01
201300048227;0;7;0;0;0;0;1;T01
201300048227;0;7;0;4;0;1;11;A01
201300048228;0;33;0;0;2;1;1;A01
201300048228;0;7;0;0;2;4;11;B01
201300048229;0;7;0;0;2;1;2;A01
201300048229;0;7;0;3;2;4;1;B01
201300048230;0;7;0;1;1;1;1;A01
201300048231;0;7;0;10;0;2;0;A01
201300048232;0;7;0;4;0;8;1;A01
201300048233;0;7;0;0;0;0;1;A01
201300048233;0;7;0;0;9;1;1;B01
201300048234;0;7;0;4;0;3;2;A01
201300048235;0;33;0;0;2;8;1;B01
201300048235;0;7;0;0;2;7;12;A01
201300048236;1;7;0;0;2;2;0;A01
201300048236;0;7;0;0;2;4;1;B01
201300048237;0;7;0;4;6;3;21;A01
201300048238;0;7;0;0;0;0;0;A01
201300048239;0;33;0;4;0;3;0;A01
201300048239;0;7;0;0;2;8;0;B01
201300048240;0;7;0;0;0;8;1;A01
201300048240;0;15;0;0;2;7;12;B01
201300048241;0;7;0;0;0;0;0;A01
201300048241;0;7;0;0;0;0;0;B01
201300048242;0;7;0;0;0;0;1;A01
201300048243;0;7;0;0;0;0;0;B01
201300048243;0;7;0;0;0;0;0;A01
201300048244;1;15;0;0;2;0;11;Z01
201300048244;0;7;0;0;0;6;1;B01
201300048245;0;7;0;0;0;7;1;B01
201300048245;0;7;0;0;2;2;21;A01
201300048246;0;7;0;14;0;0;21;A01
201300048247;0;7;0;0;0;0;0;B01
201300048247;0;15;0;0;0;0;0;A01
201300048248;1;17;0;0;1;5;0;Z01
201300048249;0;7;0;3;0;1;21;A01
201300048249;0;7;0;0;2;0;0;Z01
201300048250;0;34;0;0;0;0;0;A01
201300048251;0;7;0;0;2;1;0;A01
201300048251;0;7;0;0;2;4;0;B01
201300048252;0;7;0;0;0;0;0;A01
201300048253;1;15;0;0;2;0;1;Z01
201300048253;0;33;0;0;0;7;12;A01
201300048254;0;7;0;4;0;3;1;A01
201300048255;0;7;0;0;0;0;0;A01
201300048256;0;7;0;4;0;1;0;A01
201300048257;0;13;0;0;2;6;1;B01
201300048257;1;17;0;0;2;0;12;A01
201300048258;0;7;0;0;0;1;0;A01
201300048258;0;7;0;0;0;4;0;B01
201300048259;0;7;0;0;2;7;0;A01
201300048259;0;33;0;0;2;8;0;B01
201300048260;0;2;0;0;2;1;0;A01
201300048260;0;7;0;0;2;4;0;B01
201300048260;0;7;0;0;2;4;0;C01
201300048260;0;7;0;0;2;4;0;D01
201300048261;0;7;0;3;0;3;1;A01
201300048262;0;17;0;0;1;3;1;A01
201300048263;0;31;0;0;0;7;0;A01
201300048264;0;7;0;0;0;0;0;B01
201300048264;0;33;0;0;0;1;1;A01
201300048265;0;7;0;0;2;0;0;A01
201300048265;0;7;0;0;2;0;0;B01
201300048266;0;7;0;0;2;1;5;A01
201300048266;0;10;0;0;2;1;1;B01
201300048267;0;15;0;6;0;1;21;A01
201300048268;0;7;0;3;0;3;0;A01
201300048269;1;7;0;0;2;8;18;Z01
201300048269;0;7;0;0;0;7;12;B01
201300048270;0;7;0;0;0;0;0;B01
201300048270;0;33;0;0;0;0;0;A01
201300048271;0;15;0;0;0;3;1;B01
201300048271;0;7;0;0;2;7;12;A01
201300048272;0;7;0;3;0;3;1;A01
201300048273;0;15;0;0;2;4;2;B01
201300048273;0;7;0;0;2;1;1;A01
201300048274;0;10;0;0;0;4;2;C01
201300048274;0;10;0;0;2;4;2;B01
201300048274;0;10;0;0;2;1;2;A01
201300048275;0;7;0;0;2;1;0;A01
201300048275;0;15;0;0;0;0;0;B01
201300048276;0;31;0;0;0;7;0;A01
201300048277;1;7;0;0;0;0;0;Z01
201300048277;0;7;0;4;0;6;2;A01
201300048278;0;7;0;0;0;0;0;A01
201300048278;0;7;0;0;0;0;0;B01
201300048279;0;7;0;0;2;1;1;A01
201300048279;0;7;0;0;0;6;2;B01
201300048280;0;7;0;4;0;0;0;A01
201300048281;0;7;0;0;0;0;0;A01
201300048282;0;7;0;0;0;0;0;C01
201300048282;0;7;0;0;0;0;0;B01
201300048282;0;7;0;0;0;0;0;A01
201300048283;0;7;0;0;2;0;0;B01
201300048283;0;7;0;0;2;0;0;C01
201300048283;0;7;0;0;0;0;0;D01
201300048283;0;7;0;0;2;0;0;A01
201300048284;0;7;0;0;2;4;2;F02
201300048284;0;7;0;0;2;1;2;A01
201300048284;0;7;0;0;2;4;2;E01
201300048284;0;7;0;4;2;4;2;B01
201300048284;0;7;0;0;2;4;2;C01
201300048284;0;7;0;0;2;2;2;D01
201300048285;0;7;0;0;0;0;0;B01
201300048285;0;2;0;0;0;0;0;A01
201300048285;0;7;0;0;0;0;0;C01
201300048286;0;7;0;0;2;0;0;A01
201300048286;0;7;0;0;2;0;0;B01
201300048287;0;7;0;0;2;3;11;A01
201300048287;0;15;0;0;2;2;0;B01
201300048287;0;7;0;0;2;1;0;C01
201300048288;0;7;0;0;0;0;0;A01
201300048288;0;7;0;0;0;0;0;B01
201300048289;0;7;0;0;0;0;0;A01
201300048290;0;7;0;9;0;1;0;A01
201300048291;0;7;0;0;0;0;0;A01
201300048292;0;7;0;0;0;0;0;A01
201300048292;0;7;0;0;0;0;0;B01
201300048293;0;7;0;0;0;0;0;A01
201300048294;0;33;0;0;2;7;23;B01
201300048294;0;7;0;0;2;3;2;A01
201300048295;0;7;0;0;0;6;1;D01
201300048295;0;7;0;0;0;2;23;E01
201300048295;0;7;0;0;0;4;1;B01
201300048295;0;7;0;0;2;4;1;C01
201300048295;0;10;0;0;2;1;1;A01
201300048296;0;7;0;3;0;1;1;A01
201300048297;0;33;0;0;0;0;0;A01
201300048298;0;13;0;0;0;0;0;C01
201300048298;0;7;0;0;0;0;0;A01
201300048298;0;7;0;0;0;0;0;B01
201300048299;0;7;0;0;0;0;0;A01
201300048299;0;7;0;0;0;0;0;B01
201300048300;0;7;0;0;0;0;0;A01
201300048301;1;14;0;0;1;0;0;A01
201300048302;0;7;0;0;0;0;0;A01
201300048303;0;7;0;0;0;0;0;A01
201300048304;0;7;0;0;0;0;0;A01
201300048305;0;7;0;0;0;0;0;A01
201300048306;0;7;0;0;0;7;1;B01
201300048306;0;7;0;0;0;8;11;A01
201300048307;0;7;0;0;0;0;0;B01
201300048307;0;7;0;0;0;0;0;A01
201300048308;0;7;0;0;0;0;0;A01
201300048309;0;7;0;0;1;1;1;A01
201300048310;0;7;0;0;2;5;15;A01
201300048310;0;30;0;0;2;1;15;B01
201300048311;0;7;0;0;2;4;2;B01
201300048311;0;7;0;0;2;1;2;A01
201300048312;0;7;0;0;2;0;0;A01
201300048312;0;30;0;0;2;1;0;B01
201300048313;0;31;0;0;1;0;21;A01
201300048314;0;7;0;0;2;3;2;B01
201300048314;0;37;25;0;2;2;2;A01
201300048315;0;7;0;0;1;2;1;A01
201300048316;0;7;0;0;1;4;1;A01
201300048317;0;7;0;0;1;2;1;A01
201300048318;0;7;0;0;1;3;1;A01
201300048319;0;7;0;0;2;2;1;A01
201300048319;0;1;0;0;2;6;15;B01
201300048320;0;7;0;0;2;3;1;A01
201300048320;0;7;0;0;2;7;1;B01
201300048321;1;7;0;0;2;7;16;A01
201300048321;0;2;0;0;2;0;16;B01
201300048322;0;7;0;0;2;7;15;A01
201300048322;0;34;0;0;0;1;1;B01
201300048323;0;31;0;0;2;2;1;B01
201300048323;0;7;0;0;2;8;10;A01
201300048324;0;7;0;0;2;6;1;B01
201300048324;0;7;0;0;2;3;19;A01
201300048325;0;40;50;0;1;1;1;A01
201300048326;0;7;0;0;2;7;2;A01
201300048326;0;31;0;0;2;8;1;B01
201300048327;0;7;0;1;0;8;1;A01
201300048328;0;7;0;0;1;2;1;A01
201300048329;0;7;0;1;0;9;1;A01
201300048330;0;1;0;0;2;7;0;A01
201300048330;0;7;0;0;2;1;1;B01
201300048331;0;7;0;0;1;1;13;A01
201300048332;0;37;0;0;1;1;1;A01
201300048333;0;7;0;0;2;7;1;B01
201300048333;0;7;0;0;2;1;1;A01
201300048334;0;7;0;0;2;0;1;B01
201300048334;0;7;0;0;2;0;1;A01
201300048335;0;7;0;0;2;4;2;B01
201300048335;0;7;0;0;2;1;2;A01
201300048336;0;7;0;0;2;5;10;A01
201300048336;0;30;0;0;2;1;1;B01
201300048337;0;7;0;9;2;2;15;B01
201300048337;0;7;0;0;2;3;2;A01
201300048338;0;7;0;0;2;8;1;A01
201300048338;0;32;0;0;2;1;1;B01
201300048339;0;7;0;0;1;1;15;A01
201300048340;0;7;0;0;2;4;2;C01
201300048340;0;10;0;0;2;1;2;A01
201300048340;0;7;0;0;2;4;2;B01
201300048341;0;10;0;1;2;7;1;A01
201300048341;0;7;0;0;2;1;1;B01
201300048342;0;7;0;0;2;3;1;B01
201300048342;0;7;0;0;2;2;1;A01
201300048343;0;7;0;0;1;4;4;A01
201300048344;0;1;0;0;2;1;1;B01
201300048344;0;7;0;0;9;3;23;A01
201300048345;0;1;0;0;1;0;0;A01
201300048346;0;1;0;0;2;0;1;B01
201300048346;0;7;0;0;2;1;1;A01
201300048347;0;7;0;0;2;2;1;A01
201300048347;0;7;0;0;2;3;1;B01
201300048348;0;7;0;0;2;7;1;B01
201300048348;0;7;0;0;2;1;1;A01
201300048349;0;1;0;0;2;1;1;A01
201300048349;0;7;0;0;9;2;1;B01
201300048350;0;7;0;0;2;7;14;A01
201300048350;0;1;0;0;2;8;1;B01
201300048351;0;7;0;0;1;2;15;A01
201300048352;0;7;0;0;2;4;2;C01
201300048352;0;7;0;0;2;1;2;B01
201300048352;0;7;0;0;2;1;1;A01
201300048353;0;1;0;0;2;3;1;B01
201300048353;0;7;0;0;2;3;15;A01
201300048354;0;10;0;0;2;1;2;A01
201300048354;0;99;0;0;2;4;2;B01
201300048355;0;7;0;0;2;3;7;A01
201300048355;0;7;0;0;2;2;1;B01
201300048356;0;7;0;0;2;2;1;B01
201300048356;0;7;0;0;2;3;1;A01
201300048357;0;7;0;0;2;8;24;A01
201300048357;0;1;0;0;0;1;2;B01
201300048358;0;7;0;0;2;1;1;A01
201300048358;0;7;0;0;2;6;15;B01
201300048359;0;7;0;0;2;1;1;B01
201300048359;0;7;0;0;2;1;0;A01
201300048360;0;2;0;0;2;1;0;A01
201300048360;0;7;0;0;2;3;15;B01
201300048361;0;32;0;0;2;0;21;A01
201300048361;0;1;0;0;2;0;7;B01
201300048362;0;33;0;0;1;1;2;A01
201300048363;0;7;0;9;2;3;1;A01
201300048363;0;7;0;0;2;1;1;B01
201300048364;0;7;0;0;2;3;15;A01
201300048364;0;33;0;0;2;7;1;B01
201300048365;0;7;0;0;1;2;2;A01
201300048366;0;34;0;0;2;1;1;B01
201300048366;0;7;0;0;2;6;15;A01
201300048367;0;7;0;0;1;2;1;A01
201300048368;0;7;0;0;2;5;16;A01
201300048368;0;30;0;0;2;1;1;B01
201300048369;0;7;0;0;1;1;15;A01
201300048370;0;1;0;1;0;1;1;B01
201300048370;0;7;0;0;2;8;23;A01
201300048371;0;34;0;0;2;1;15;B01
201300048371;0;7;0;0;2;6;15;A01
201300048372;0;7;0;0;2;4;23;B01
201300048372;0;32;0;0;2;1;1;A01
201300048373;0;99;0;0;1;3;1;A01
201300048374;0;40;57;0;1;2;1;A01
201300048375;0;7;0;0;2;1;1;A01
201300048375;0;7;0;1;2;7;1;B01
201300048376;0;31;0;0;2;1;1;B01
201300048376;0;7;0;0;2;2;9;A01
201300048377;0;32;0;0;2;4;23;B01
201300048377;0;7;0;0;2;1;2;A01
201300048378;0;7;0;0;1;4;4;A01
201300048379;0;7;0;0;2;8;1;B01
201300048379;0;7;0;0;2;1;1;A01
201300048380;0;7;0;0;2;1;2;B01
201300048380;2;7;0;0;2;1;2;A01
201300048380;0;7;0;0;2;4;2;C01
201300048381;0;10;0;0;2;1;15;A01
201300048381;0;37;45;0;2;3;1;B01
201300048382;0;14;0;0;2;3;22;A01
201300048382;0;1;0;0;2;1;17;B01
201300048383;0;7;0;0;1;4;4;A01
201300048384;0;7;0;0;2;2;1;B01
201300048384;0;7;0;0;2;6;15;A01
201300048385;0;7;0;0;2;1;1;A01
201300048385;0;1;0;0;2;7;1;B01
201300048386;0;7;0;0;2;2;16;B01
201300048386;0;32;0;0;2;8;18;A01
201300048387;0;10;0;0;1;5;4;A01
201300048388;0;7;0;15;0;1;15;A01
201300048389;0;7;0;0;1;3;1;A01
201300048390;0;10;0;6;0;1;1;A01
201300048391;0;7;0;0;1;1;15;A01
201300048392;0;7;0;0;2;6;2;B01
201300048392;0;10;0;0;2;1;2;A01
201300048392;0;7;0;0;2;4;14;C01
201300048393;0;7;0;0;2;3;1;B01
201300048393;0;7;0;11;2;8;15;A01
201300048394;0;7;0;1;1;8;15;A01
201300048395;0;7;0;0;1;8;12;A01
201300048396;0;7;0;0;2;4;2;C01
201300048396;0;7;0;0;2;4;2;B01
201300048396;0;7;0;0;2;1;2;A01
201300048397;0;33;0;0;2;1;16;A01
201300048397;0;7;0;0;2;2;16;B01
201300048398;0;30;0;0;2;1;2;B01
201300048398;0;10;0;0;2;6;1;A01
201300048399;0;7;0;0;2;7;1;A01
201300048399;0;10;0;0;2;1;1;B01
201300048400;0;7;0;1;0;3;1;A01
201300048401;0;31;0;0;2;8;1;B01
201300048401;0;7;0;0;2;1;10;A01
201300048402;0;33;0;0;1;0;3;A01
201300048403;0;7;0;0;1;1;15;A01
201300048404;0;34;0;0;1;2;1;A01
201300048405;0;7;0;0;2;1;2;A01
201300048405;0;7;0;0;2;4;2;B01
201300048405;0;7;0;0;2;4;2;C01
201300048406;0;7;0;0;0;0;0;A01
201300048406;0;33;0;0;0;0;0;B01
201300048407;0;7;0;0;1;1;14;A01
201300048408;0;7;0;0;1;4;4;A01
201300048409;0;1;0;0;2;4;1;B01