num_acc;senc;catv;occutc;obs;obsm;choc;manv;num_veh
201300048409;0;7;0;0;2;1;1;A01
201300048410;1;7;0;1;2;1;1;Z01
201300048410;0;1;0;0;2;8;1;B01
201300048411;0;7;0;0;2;6;2;B01
201300048411;0;7;0;0;2;1;2;A01
201300048412;0;1;0;0;1;0;13;A01
201300048413;0;7;0;9;2;1;1;B01
201300048413;0;7;0;0;2;3;15;A01
201300048414;0;33;0;1;2;7;1;A01
201300048414;0;7;0;0;2;2;1;C01
201300048414;0;7;0;0;2;8;24;B01
201300048415;0;1;0;0;2;6;19;B01
201300048415;0;7;0;0;2;1;1;A01
201300048416;0;7;0;0;1;1;15;A01
201300048417;0;2;0;0;2;1;1;A01
201300048417;0;10;0;0;2;2;1;B01
201300048418;0;30;0;0;2;1;1;A01
201300048418;0;7;0;0;2;8;1;B01
201300048419;0;2;0;0;1;8;5;A01
201300048420;0;10;0;0;1;3;15;A01
201300048421;0;1;0;0;2;4;0;B01
201300048421;1;7;0;0;2;1;0;Z01
201300048422;0;7;0;0;1;1;15;A01
201300048423;0;33;0;0;2;4;2;B01
201300048423;0;2;0;0;2;1;2;A01
201300048424;0;32;0;0;2;1;1;A01
201300048424;0;7;0;0;2;7;1;B01
201300048425;0;7;0;0;2;3;16;A01
201300048425;0;7;0;0;2;7;1;B01
201300048426;0;32;0;0;2;7;9;A01
201300048426;0;1;0;0;2;1;1;B01
201300048427;0;7;0;0;2;1;15;A01
201300048427;0;1;0;0;2;1;1;B01
201300048428;0;7;0;1;2;4;2;B01
201300048428;0;10;0;0;2;2;2;A01
201300048429;0;7;0;0;2;1;1;B01
201300048429;0;7;0;0;2;2;1;A01
201300048430;0;7;0;0;1;3;15;A01
201300048431;0;37;35;0;1;2;1;A01
201300048432;0;1;0;0;2;0;9;B01
201300048432;0;13;0;0;2;2;16;A01
201300048433;0;7;0;0;2;7;16;A01
201300048433;0;33;0;0;2;3;1;B01
201300048434;0;7;0;0;2;2;15;A01
201300048434;0;7;0;0;2;1;1;B01
201300048435;0;10;0;0;2;8;15;B01
201300048435;0;31;0;0;2;1;15;A01
201300048436;0;7;0;0;2;1;15;A01
201300048436;0;2;0;0;2;1;1;B01
201300048437;0;1;0;0;2;0;14;B01
201300048437;0;30;0;0;2;1;2;A01
201300048438;0;1;0;0;2;7;7;A01
201300048438;0;7;0;0;2;1;15;B01
201300048439;0;7;0;0;2;4;2;C01
201300048439;0;7;0;0;2;1;2;A01
201300048439;0;7;0;0;2;4;2;B01
201300048440;0;7;0;0;2;3;1;A01
201300048440;0;10;0;0;2;2;1;B01
201300048441;0;7;0;0;2;1;15;A01
201300048441;0;1;0;0;2;6;1;B01
201300048442;0;7;0;0;0;0;0;B01
201300048442;0;32;0;0;0;0;1;A01
201300048443;0;2;0;0;2;1;19;A01
201300048443;0;10;0;0;2;6;19;B01
201300048444;0;7;0;1;2;1;21;A01
201300048445;0;7;0;0;2;2;1;B01
201300048445;0;31;0;0;2;6;18;A01
201300048446;0;30;0;12;0;1;1;A01
201300048447;0;7;0;0;2;8;23;C01
201300048447;0;7;0;0;2;4;23;A01
201300048447;0;7;0;0;2;1;2;B01
201300048448;0;7;0;0;1;1;15;A01
201300048449;0;7;0;0;0;3;15;A01
201300048450;0;7;0;0;2;3;1;B01
201300048450;0;30;0;0;2;4;15;A01
201300048451;0;7;0;0;1;3;1;A01
201300048452;0;7;0;0;1;1;1;A01
201300048453;0;7;0;0;2;3;2;A01
201300048453;0;1;0;0;2;2;2;B01
201300048454;0;7;0;0;2;1;2;A01
201300048454;0;7;0;0;2;6;1;B01
201300048455;0;30;0;1;0;2;14;A01
201300048456;0;1;0;0;1;1;1;A01
201300048457;0;7;0;0;2;4;2;B01
201300048457;0;30;0;0;2;1;2;A01
201300048458;0;7;0;0;0;0;1;B01
201300048458;0;33;0;0;0;1;15;A01
201300048459;0;7;0;0;1;2;15;A01
201300048460;0;7;0;0;1;4;4;A01
201300048461;0;7;0;0;2;4;23;B01
201300048461;0;7;0;0;2;4;23;A01
201300048461;1;7;0;0;2;1;1;Z01
201300048462;0;30;0;0;0;0;2;A01
201300048462;0;7;0;0;0;0;2;B01
201300048463;0;1;0;1;0;1;1;B01
201300048463;0;7;0;0;2;8;22;A01
201300048464;0;7;0;0;2;8;20;A01
201300048464;0;33;0;0;2;7;17;B01
201300048465;0;32;0;14;0;0;14;B01
201300048465;1;7;0;0;0;0;12;Z01
201300048466;0;7;0;0;1;1;1;A01
201300048467;0;7;0;0;2;1;1;B01
201300048467;0;7;0;16;2;8;9;A01
201300048468;0;37;0;0;2;2;2;B01
201300048468;0;7;0;0;2;8;19;A01
201300048469;0;7;0;0;2;1;1;B01
201300048469;0;7;0;0;2;7;1;A01
201300048470;0;33;0;0;2;1;1;A01
201300048470;0;7;0;0;2;3;15;B01
201300048471;0;7;0;0;1;1;1;A01
201300048472;0;1;0;2;1;7;14;A01
201300048473;0;7;0;0;1;0;0;A01
201300048474;0;7;0;0;2;6;2;B01
201300048474;0;7;0;0;2;2;2;A01
201300048475;0;33;0;0;2;1;17;A01
201300048475;0;7;0;0;2;8;15;B01
201300048476;0;7;0;8;2;7;1;B01
201300048476;0;7;0;0;2;1;1;A01
201300048477;0;7;0;0;2;1;2;A01
201300048477;0;7;0;0;2;4;23;B01
201300048478;0;7;0;0;2;1;1;B01
201300048478;0;1;0;0;2;7;1;A01
201300048479;0;34;0;0;2;1;1;B01
201300048479;0;7;0;0;0;3;23;C01
201300048479;0;7;0;0;2;3;10;A01
201300048480;0;2;0;0;2;1;1;A01
201300048480;0;7;0;0;2;1;1;B01
201300048481;0;7;0;0;0;4;2;B01
201300048481;0;7;0;0;2;1;2;A01
201300048482;0;30;0;0;2;1;1;A01
201300048482;0;7;0;0;2;4;23;B01
201300048483;0;7;0;0;2;3;2;A01
201300048483;0;1;0;0;2;4;11;B01
201300048484;0;7;0;0;2;4;23;B01
201300048484;0;1;0;0;2;1;2;A01
201300048485;0;7;0;0;1;4;4;A01
201300048486;0;10;0;0;2;8;1;A01
201300048486;0;13;0;0;2;1;1;B01
201300048487;0;33;0;0;2;8;18;A01
201300048487;0;7;0;0;2;2;1;B01
201300048488;0;1;0;0;2;1;16;A01
201300048488;0;7;0;0;2;3;1;B01
201300048489;0;7;0;0;1;1;1;A01
201300048490;0;33;0;0;1;1;1;A01
201300048491;0;7;0;0;2;2;15;A01
201300048491;0;1;0;0;2;1;2;B01
201300048492;0;7;0;0;2;3;1;B01
201300048492;0;7;0;0;2;1;1;A01
201300048493;0;32;0;0;2;3;1;B01
201300048493;0;7;0;0;2;2;15;A01
201300048494;0;7;0;0;2;3;11;A01
201300048494;0;31;0;0;2;1;1;B01
201300048495;0;38;30;0;2;2;1;B01
201300048495;0;7;0;0;2;8;1;A01
201300048496;0;1;0;1;0;1;1;B01
201300048496;0;7;0;0;2;3;22;A01
201300048497;0;7;0;0;1;1;1;A01
201300048498;0;30;0;0;2;7;1;A01
201300048498;1;7;0;0;2;1;1;Z01
201300048499;0;10;0;0;1;1;2;A01
201300048500;0;40;45;0;1;1;1;A01
201300048501;0;10;0;0;9;6;4;A01
201300048501;0;1;0;0;2;1;23;B01
201300048502;0;7;0;0;2;2;2;A01
201300048502;0;7;0;0;2;3;1;B01
201300048503;1;7;0;0;1;1;1;Z01
201300048504;0;1;0;0;2;7;2;B01
201300048504;0;7;0;0;2;1;2;A01
201300048505;0;30;0;0;2;8;1;A01
201300048505;0;7;0;0;2;1;1;B01
201300048506;1;7;0;0;1;4;4;Z01
201300048507;0;10;0;0;1;1;1;Z01
201300048508;0;7;0;0;2;3;15;A01
201300048508;0;7;0;0;2;7;15;B01
201300048508;0;7;0;0;2;3;1;D01
201300048508;0;31;0;0;2;1;1;C01
201300048509;0;1;0;0;2;1;1;B01
201300048509;0;7;0;0;2;6;15;A01
201300048510;0;7;0;0;2;2;19;A01
201300048510;0;30;0;0;2;1;1;B01
201300048511;0;7;0;0;2;4;23;B01
201300048511;0;2;0;1;0;1;0;A01
201300048512;0;7;0;0;2;6;15;B01
201300048512;0;33;0;0;2;1;2;A01
201300048513;0;7;0;0;1;1;15;A01
201300048514;0;7;0;0;2;1;1;B01
201300048514;0;7;0;0;2;7;19;A01
201300048515;0;7;0;0;2;2;1;B01
201300048515;0;7;0;0;2;2;15;A01
201300048516;0;30;0;0;2;0;1;B01
201300048516;1;7;0;0;2;0;15;Z01
201300048517;0;1;0;0;1;1;1;A01
201300048518;0;7;0;0;2;2;1;B01
201300048518;0;7;0;0;2;3;15;A01
201300048519;0;7;0;0;1;7;1;A01
201300048520;0;7;0;0;2;8;15;B01
201300048520;0;33;0;0;2;1;3;A01
201300048521;0;33;0;0;2;1;1;B01
201300048521;0;7;0;0;2;3;2;A01
201300048522;0;7;0;0;1;1;15;A01
201300048523;0;7;0;8;0;9;0;A01
201300048523;0;7;0;0;0;4;0;B01
201300048524;0;7;0;0;1;4;4;A01
201300048525;0;7;0;0;1;2;2;A01
201300048526;0;7;0;0;2;3;1;A01
201300048526;0;1;0;0;2;1;15;B01
201300048527;0;7;0;0;1;7;1;A01
201300048528;0;7;0;0;2;1;1;A01
201300048528;0;30;0;0;2;0;1;B01
201300048529;0;30;0;0;2;2;19;A01
201300048529;0;7;0;0;2;2;1;B01
201300048530;0;2;0;0;2;7;1;A01
201300048531;0;7;0;0;1;1;15;A01
201300048532;0;7;0;0;1;3;15;A01
201300048533;1;7;0;0;1;1;1;Z01
201300048534;0;7;0;0;1;1;2;A01
201300048535;0;7;0;0;2;1;1;A01
201300048535;0;7;0;8;2;3;1;B01
201300048536;0;7;0;0;2;7;1;A01
201300048536;0;7;0;0;2;1;1;B01
201300048537;0;2;0;0;2;3;1;B01
201300048537;0;7;0;0;2;1;1;A01
201300048538;0;32;0;0;2;1;2;A01
201300048538;0;7;0;0;2;6;2;B01
201300048539;0;7;0;0;1;1;1;A01
201300048540;1;7;0;0;1;0;0;Z01
201300048541;0;7;0;0;1;2;15;A01
201300048542;0;1;0;0;2;1;1;B01
201300048542;0;7;0;0;2;4;1;A01
201300048543;0;32;0;0;0;0;16;A01
201300048544;0;7;0;0;1;3;1;A01
201300048545;0;7;0;0;2;3;1;B01
201300048545;0;7;0;0;2;3;1;A01
201300048546;0;32;0;0;0;0;21;A01
201300048547;0;32;0;0;2;2;17;B01
201300048547;0;7;0;0;2;3;0;A01
201300048548;0;1;0;0;2;0;1;B01
201300048548;0;7;0;0;2;7;16;A01
201300048549;0;32;0;0;2;1;0;A01
201300048549;0;7;0;0;2;3;1;B01
201300048550;0;33;0;0;1;3;2;A01
201300048551;0;7;0;0;2;5;1;A01
201300048551;0;1;0;0;2;1;2;B01
201300048552;0;33;0;0;2;6;1;B01
201300048552;0;1;0;0;2;6;11;A01
201300048553;0;7;0;0;9;2;15;A01
201300048553;0;1;0;0;2;0;1;B01
201300048554;0;14;0;0;2;2;2;A01
201300048554;0;7;0;0;0;4;2;B01
201300048555;0;7;0;9;2;6;1;B01
201300048555;0;10;0;0;2;2;1;A01
201300048556;0;7;0;0;2;3;9;A01
201300048556;0;30;0;0;2;1;1;B01
201300048557;0;7;0;0;2;3;1;B01
201300048557;0;2;0;0;2;8;13;A01
201300048558;0;7;0;0;1;3;0;A01
201300048559;0;31;0;0;2;1;1;B01
201300048559;0;7;0;0;2;3;15;A01
201300048560;0;7;0;0;1;1;1;A01
201300048561;0;7;0;0;2;2;1;B01
201300048561;0;7;0;0;2;2;15;A01
201300048562;0;7;0;0;2;1;15;B01
201300048562;0;1;0;0;2;1;1;A01
201300048563;0;31;0;0;2;1;1;B01
201300048563;0;10;0;0;2;3;16;A01
201300048564;0;7;0;0;9;5;15;A01
201300048564;0;30;0;0;2;1;2;B01
201300048565;0;7;0;0;1;6;4;B01
201300048566;0;32;0;0;2;1;1;B01
201300048566;0;7;0;0;2;7;15;A01
201300048567;0;7;0;0;1;0;15;A01
201300048568;0;7;0;0;2;1;2;A01
201300048568;0;7;0;0;2;4;2;B01
201300048568;0;7;0;0;2;4;2;C01
201300048569;0;33;0;0;2;8;2;B01
201300048569;0;7;0;0;2;2;14;A01
201300048570;0;7;0;0;0;1;0;A01
201300048571;0;7;0;4;0;1;1;A01
201300048572;0;7;0;0;0;4;2;D01
201300048572;0;7;0;0;2;1;2;A02
201300048572;0;7;0;0;0;4;2;C01
201300048572;0;7;0;0;0;4;2;B02
201300048572;0;7;0;0;0;4;2;F01
201300048572;0;7;0;0;0;4;2;E01
201300048572;0;33;0;0;2;1;2;G01
201300048573;1;99;0;0;0;0;0;Z01
201300048573;0;10;0;3;0;4;21;B01
201300048573;0;17;0;0;2;1;1;A01
201300048574;0;7;0;3;0;4;2;D01
201300048574;0;13;0;0;2;1;2;F01
201300048574;0;17;0;0;2;6;2;A01
201300048574;0;17;0;0;0;4;2;B01
201300048574;0;10;0;0;2;2;2;C02
201300048574;0;14;0;0;2;1;2;E01
201300048575;0;10;0;0;2;4;2;B01
201300048575;0;7;0;0;0;4;2;C01
201300048575;0;15;0;0;2;1;2;A01
201300048576;0;7;0;0;0;3;11;A01
201300048576;0;7;0;0;2;1;1;C01
201300048576;0;7;0;0;2;2;1;B01
201300048576;0;7;0;0;0;6;1;D01
201300048577;0;33;0;0;0;0;0;B01
201300048577;0;7;0;0;0;3;0;A01
201300048578;0;7;0;4;0;1;1;A01
201300048579;0;7;0;4;0;1;2;A01
201300048580;1;99;0;0;0;;;Z01
201300048580;0;7;0;0;0;7;1;A01
201300048581;0;17;0;0;2;2;12;A01
201300048581;0;7;0;0;2;8;1;B01
201300048582;0;7;0;0;2;6;11;B01
201300048582;0;7;0;4;0;2;1;A01
201300048583;0;7;0;0;2;4;2;C01
201300048583;0;7;0;0;2;1;2;B01
201300048583;0;7;0;0;2;1;2;A01
201300048583;0;7;0;0;0;4;2;D01
201300048584;0;17;0;0;0;6;0;D01
201300048584;0;7;0;0;2;4;0;B01
201300048584;0;7;0;0;2;5;0;C01
201300048584;0;10;0;0;2;1;1;A01
201300048585;0;7;0;6;0;1;1;A01
201300048586;0;7;0;0;2;4;11;B01
201300048586;0;33;0;0;2;1;3;A01
201300048587;0;7;0;0;2;2;0;C01
201300048587;0;7;0;0;2;1;1;A01
201300048587;0;7;0;0;2;4;0;B01
201300048588;0;10;0;0;2;6;9;B01
201300048588;0;7;0;0;2;2;9;A01
201300048589;0;7;0;4;2;1;1;A01
201300048589;0;14;0;0;2;2;1;B01
201300048590;0;7;0;0;2;3;21;A01
201300048590;0;7;0;0;0;8;0;B01
201300048591;0;7;0;4;0;0;0;A01
201300048592;0;7;0;3;0;2;0;A01
201300048593;0;7;0;4;0;1;0;A01
201300048594;0;7;0;4;0;1;1;A01
201300048595;0;14;0;0;0;4;24;B01
201300048595;0;33;0;1;0;1;12;A01
201300048596;0;7;0;0;0;4;1;B01
201300048596;0;7;0;0;2;1;1;A01
201300048597;0;7;0;4;2;1;1;A01
201300048597;0;7;0;0;0;4;1;B01
201300048598;0;15;0;0;2;2;12;A01
201300048598;0;7;0;3;2;8;2;B01
201300048599;0;32;0;0;2;1;5;A01
201300048599;0;30;0;0;2;1;0;B01
201300048600;0;7;0;4;0;1;0;A01
201300048601;0;7;0;0;0;6;1;B01
201300048601;0;16;0;0;2;2;12;A01
201300048602;0;99;0;3;2;1;12;A01
201300048602;0;99;0;0;2;8;1;B01
201300048603;0;33;0;0;2;8;3;A01
201300048603;0;7;0;0;2;7;12;B01
201300048604;0;33;0;0;0;8;17;A01
201300048605;0;7;0;0;2;1;1;A01
201300048605;0;7;0;0;0;4;1;B01
201300048606;0;7;0;4;0;2;0;A01
201300048606;0;7;0;0;0;8;0;B01
201300048607;0;7;0;14;1;2;1;A01
201300048608;0;15;0;0;2;4;2;C01
201300048608;0;7;0;0;2;4;2;B01
201300048608;0;15;0;0;2;1;2;A01
201300048609;0;17;0;0;2;1;14;B01
201300048609;0;7;0;4;0;0;1;A01
201300048610;0;10;0;0;2;3;1;B01
201300048610;0;15;0;0;2;1;12;A01
201300048611;0;7;0;0;2;1;1;B01
201300048611;0;33;0;0;2;1;1;A01
201300048612;0;7;0;0;0;4;1;B01
201300048612;0;7;0;0;2;1;2;A01
201300048613;0;7;0;0;0;6;1;B01
201300048613;0;7;0;0;2;1;12;A01
201300048614;0;7;0;4;0;3;0;A01
201300048615;0;17;0;0;0;8;1;D01
201300048615;0;7;0;0;2;1;1;A01
201300048615;0;15;0;0;2;5;1;B01
201300048615;0;31;0;0;0;8;1;C01
201300048616;0;33;0;0;2;1;2;A01
201300048616;0;7;0;0;0;4;2;B01
201300048617;0;7;0;0;2;4;2;B01
201300048617;0;7;0;0;2;1;2;A01
201300048617;0;7;0;0;0;4;2;C01
201300048618;0;17;0;0;0;3;0;B01
201300048618;0;7;0;0;0;8;0;A01
201300048619;0;7;0;0;0;4;1;B01
201300048619;0;7;0;0;2;1;1;A01
201300048620;0;14;0;9;0;1;2;A01
201300048621;0;7;0;0;2;1;2;A01
201300048621;0;10;0;3;2;4;2;B01
201300048621;0;7;0;0;0;4;2;C01
201300048622;0;10;0;0;2;6;1;B01
201300048622;0;33;0;0;2;1;0;A01
201300048622;0;7;0;0;2;5;1;C01
201300048623;0;7;0;4;0;0;0;A01
201300048624;0;7;0;0;2;4;2;B01
201300048624;0;10;0;0;2;1;2;A01
201300048624;0;7;0;14;0;4;2;C01
201300048625;0;7;0;3;0;3;0;A01
201300048626;0;7;0;0;2;4;0;A01
201300048626;0;7;0;0;0;7;0;C01
201300048626;0;14;0;0;2;6;0;B01
201300048627;0;7;0;0;2;1;2;A01
201300048627;0;10;0;0;2;4;2;B01
201300048627;0;7;0;0;0;4;2;C01
201300048628;0;33;0;0;0;7;0;A01
201300048629;0;7;0;0;2;2;12;A01
201300048629;0;7;0;0;2;3;23;C01
201300048629;0;33;0;0;2;3;3;B01
201300048630;0;7;0;5;0;1;21;A01
201300048631;0;7;0;4;0;1;2;A01
201300048632;0;7;0;4;0;1;0;A01
201300048633;0;7;0;10;0;2;0;A01
201300048634;0;7;0;4;0;6;2;B01
201300048634;0;16;0;0;2;2;12;A01
201300048634;0;7;0;0;2;1;2;C01
201300048635;0;10;0;0;2;4;2;B01
201300048635;0;7;0;0;2;1;2;A01
201300048635;0;7;0;0;0;4;2;C01
201300048636;1;33;0;0;0;1;21;A01
201300048637;0;7;0;14;0;1;0;A01
201300048638;0;7;0;3;0;1;0;A01
201300048638;0;7;0;0;0;0;21;B01
201300048639;0;7;0;0;2;1;1;C01
201300048639;0;10;0;0;2;1;1;A01
201300048639;0;7;0;0;0;0;9;B01
201300048640;1;7;0;0;2;1;9;Z01
201300048640;0;7;0;4;0;7;1;B01
201300048640;0;10;0;0;2;7;1;A01
201300048641;0;17;0;0;0;2;2;B01
201300048641;0;7;0;0;2;1;9;A01
201300048642;0;7;0;3;0;1;0;A01
201300048643;1;7;0;0;2;1;1;Z01
201300048643;0;7;0;0;0;4;1;A01
201300048644;0;7;0;0;0;8;2;B01
201300048644;0;7;0;3;2;7;12;A01
201300048645;0;33;0;0;2;3;2;A01
201300048645;0;7;0;0;0;5;2;B01
201300048646;0;7;0;0;2;8;11;A01
201300048646;0;7;0;0;0;4;0;C01
201300048646;0;7;0;0;2;2;1;B01
201300048647;0;33;0;0;0;8;21;A01
201300048648;0;7;0;0;0;7;9;A01
201300048648;0;7;0;0;2;2;1;B01
201300048649;0;7;0;0;0;4;2;B01
201300048649;0;7;0;0;2;1;2;A01
201300048649;1;99;0;0;0;0;0;Z01
201300048650;0;7;0;0;0;4;0;A01
201300048651;0;7;0;0;2;1;2;A01
201300048651;0;7;0;0;0;4;2;B01
201300048652;0;33;0;12;0;1;2;A01
201300048653;1;7;0;0;0;;;Z01
201300048653;0;33;0;0;0;9;2;A01
201300048654;0;7;0;0;2;1;2;B01
201300048654;0;7;0;0;0;1;2;C01
201300048654;0;7;0;0;0;4;2;A01
201300048654;0;7;0;0;0;1;2;D01
201300048655;0;7;0;0;2;1;2;A01
201300048655;0;7;0;0;2;4;2;C01
201300048655;0;7;0;0;2;4;2;B01
201300048656;0;13;0;3;0;0;0;A01
201300048657;0;7;0;0;2;7;9;A01
201300048657;0;10;0;0;2;7;1;B01
201300048658;0;10;0;0;0;8;2;C01
201300048658;0;7;0;0;0;2;2;B01
201300048658;0;10;0;0;2;3;11;A01
201300048659;0;17;0;4;0;1;1;A01
201300048660;0;15;0;0;0;4;2;C01
201300048660;0;15;0;0;2;1;2;A01
201300048660;0;10;0;0;2;4;2;B01
201300048661;0;7;0;0;0;1;2;A01
201300048661;0;7;0;0;0;4;2;B01
201300048662;0;7;0;0;0;6;2;B01
201300048662;0;17;0;0;2;2;12;A01
201300048663;0;33;0;0;0;8;2;A01
201300048664;0;7;0;3;0;0;0;A01
201300048665;0;10;0;0;2;1;2;A01
201300048665;0;7;0;0;0;4;2;B01
201300048666;0;7;0;0;0;5;2;B01
201300048666;0;33;0;14;2;1;2;A01
201300048667;0;32;0;0;2;8;18;B01
201300048667;0;10;0;0;2;7;16;A01
201300048668;0;10;0;0;0;2;2;B01
201300048668;0;33;0;14;2;7;0;A01
201300048668;0;7;0;0;0;8;0;C01
201300048668;0;7;0;0;0;5;0;D01
201300048669;0;33;0;0;0;8;21;A01
201300048670;0;7;0;0;0;1;9;A01
201300048671;0;32;0;0;0;7;2;A01
201300048672;0;17;0;0;2;2;2;A01
201300048672;0;7;0;0;0;4;2;B01
201300048673;0;7;0;0;2;9;2;B01
201300048673;0;7;0;0;2;1;2;A01
201300048673;0;7;0;0;2;4;2;C01
201300048674;0;37;1;0;2;6;2;A01
201300048674;0;7;0;0;2;7;0;B01
201300048675;0;2;0;3;0;9;2;A01
201300048676;0;14;0;0;0;0;2;A01
201300048677;0;7;0;0;0;4;2;C01
201300048677;0;7;0;0;0;4;2;B01
201300048677;0;10;0;0;2;1;2;A01
201300048678;0;14;0;0;2;7;2;B01
201300048678;0;7;0;0;2;3;9;A01
201300048679;0;7;0;0;0;4;2;B01
201300048679;0;10;0;0;2;1;2;A01
201300048680;0;7;0;0;0;6;11;B01
201300048680;0;33;0;0;2;2;3;A01
201300048681;0;7;0;4;2;6;1;B01
201300048681;0;17;0;0;2;2;2;A01
201300048682;0;7;0;0;0;8;2;B01
201300048682;0;15;0;0;2;2;12;A01
201300048683;0;7;0;0;0;4;4;D01
201300048683;0;10;0;0;2;1;2;A01
201300048683;0;7;0;0;0;4;2;C01
201300048683;0;7;0;0;2;6;2;B01
201300048684;0;7;0;0;0;4;2;D01
201300048684;0;7;0;0;2;4;2;C01
201300048684;0;7;0;0;2;4;2;B01
201300048684;0;7;0;0;0;1;2;A01
201300048685;0;7;0;0;0;4;2;B01
201300048685;0;7;0;0;0;4;2;C01
201300048685;0;7;0;0;0;1;2;A01
201300048686;0;7;0;0;0;4;2;B01
201300048686;0;14;0;0;2;1;2;A01
201300048687;0;7;0;0;0;4;2;B01
201300048687;0;7;0;0;2;1;2;A01
201300048688;0;7;0;0;2;3;11;A01
201300048688;0;10;0;0;0;2;0;B01
201300048689;0;7;0;4;0;9;0;A01
201300048689;1;15;0;0;0;;;Z01
201300048690;0;7;0;3;0;1;2;A01
201300048691;0;7;0;0;0;1;2;B01
201300048691;0;7;0;0;2;1;2;A01
201300048691;0;7;0;0;0;4;2;C01
201300048692;0;10;0;0;2;4;2;C01
201300048692;0;7;0;0;0;1;2;A01
201300048692;0;10;0;0;0;4;2;B01
201300048693;0;7;0;0;0;6;2;B01
201300048693;0;7;0;0;2;3;2;A01
201300048693;0;7;0;0;0;5;2;C01
201300048694;0;7;0;5;0;1;0;A01
201300048695;0;31;0;0;0;7;1;A01
201300048696;0;7;0;0;2;7;0;B01
201300048696;0;33;0;0;2;8;0;A01
201300048697;0;7;0;0;2;4;2;B01
201300048697;0;7;0;0;2;4;2;D01
201300048697;0;7;0;0;2;4;2;C01
201300048697;0;7;0;0;2;1;2;A01
201300048698;0;33;0;0;2;1;2;A01
201300048698;0;7;0;0;0;4;2;B01
201300048699;0;14;0;0;1;2;1;A01
201300048700;0;7;0;0;2;1;2;A01
201300048700;0;7;0;0;0;4;2;B01
201300048701;0;7;0;0;0;4;2;B01
201300048701;0;7;0;0;2;1;2;A01
201300048702;0;7;0;0;0;5;2;A01
201300048702;0;7;0;0;0;1;2;C01
201300048702;0;7;0;0;0;4;2;B01
201300048703;0;7;0;0;0;4;0;B01
201300048703;0;7;0;0;2;1;0;A01
201300048704;0;7;0;0;0;0;0;A01
201300048704;0;15;0;0;0;7;0;B01
201300048705;0;7;0;1;0;1;0;A01
201300048705;0;15;0;0;0;4;0;B01
201300048706;0;7;0;5;0;6;0;A01
201300048707;0;7;0;4;0;1;0;A01
201300048708;0;7;0;0;0;4;2;B01
201300048708;0;7;0;0;2;1;2;A01
201300048709;0;33;0;0;0;0;0;A01
201300048709;0;7;0;0;0;0;0;B01
201300048710;0;7;0;0;2;4;0;B01
201300048710;0;7;0;0;2;4;0;C01
201300048710;0;7;0;0;0;1;0;A01
201300048711;0;7;0;0;2;1;0;A01
201300048711;0;7;0;0;2;4;0;C01
201300048711;0;10;0;0;0;4;0;B01
201300048712;0;7;0;0;0;1;0;A01
201300048713;0;7;0;0;0;1;0;B01
201300048713;0;7;0;0;9;3;0;A01
201300048714;0;7;0;4;0;1;1;A01
201300048715;0;7;0;0;2;1;0;B01
201300048715;0;7;0;0;2;1;0;A01
201300048716;0;7;0;0;2;1;0;B01
201300048716;0;7;0;1;0;1;0;A01
201300048716;0;7;0;0;0;4;0;C01
201300048717;0;7;0;3;0;3;0;A01
201300048718;0;33;0;0;2;1;3;B01
201300048718;0;7;0;0;2;2;14;A01
201300048719;0;7;0;0;0;6;2;B01
201300048719;0;33;0;0;2;0;2;A01
201300048720;0;7;0;0;0;2;2;B01
201300048720;0;33;0;0;2;1;2;A01
201300048721;0;7;0;0;2;5;0;A01
201300048721;0;33;0;0;2;8;0;B01
201300048722;0;7;0;0;2;1;2;A01
201300048722;0;7;0;0;0;4;2;B01
201300048723;0;33;0;0;0;0;0;B01
201300048723;0;7;0;14;0;1;0;A01
201300048724;0;7;0;0;0;0;0;A01
201300048724;0;33;0;0;0;7;0;B01
201300048725;0;10;0;0;2;4;0;B01
201300048725;0;7;0;0;2;1;0;A01
201300048725;1;99;0;0;2;2;0;D01
201300048725;0;7;0;0;2;4;0;C01
201300048726;0;32;0;0;0;0;0;A01
201300048727;0;7;0;0;2;5;2;B01
201300048727;0;7;0;0;0;0;2;C01
201300048727;0;7;0;0;0;4;2;D01
201300048727;0;7;0;0;2;1;2;A01
201300048728;0;31;0;0;0;0;1;A01
201300048729;0;32;0;0;0;8;1;A01
201300048730;0;7;0;0;2;2;2;A01
201300048730;0;33;0;0;0;4;2;B01
201300048731;0;31;0;0;2;0;0;B01
201300048731;0;7;0;0;2;3;0;A01
201300048732;0;7;0;0;0;8;0;B01
201300048732;0;17;0;0;2;7;9;A01
201300048733;0;7;0;2;0;9;2;A01
201300048734;0;7;0;0;0;4;0;B01
201300048734;0;7;0;0;2;1;0;A01
201300048735;0;10;0;0;0;8;0;B01
201300048735;0;7;0;0;0;6;0;A01
201300048735;0;15;0;0;0;8;0;C01
201300048735;0;7;0;0;2;3;0;D01
201300048736;1;99;0;0;0;0;0;Z01
201300048736;0;7;0;0;2;3;0;A01
201300048737;0;7;0;0;2;8;12;A01
201300048737;0;7;0;0;2;1;1;C01
201300048737;0;15;0;0;2;2;1;B01
201300048738;0;31;0;0;2;1;1;A01
201300048738;0;7;0;0;0;4;23;B01
201300048739;0;33;0;3;0;1;2;A01
201300048739;0;33;0;0;1;1;2;B01
201300048740;0;7;0;16;0;2;21;A01
201300048741;0;14;0;0;0;0;0;D01
201300048741;0;7;0;0;2;5;0;B01
201300048741;0;7;0;0;0;3;0;A01
201300048741;0;7;0;0;0;6;0;C01
201300048742;0;7;0;4;0;7;9;A01