num_acc;senc;catv;occutc;obs;obsm;choc;manv;num_veh
201300048743;0;10;0;4;0;1;0;A01
201300048744;0;7;0;0;0;1;0;A01
201300048744;0;7;0;0;0;4;0;C01
201300048744;0;7;0;0;0;1;0;B01
201300048745;0;16;0;0;2;1;0;A01
201300048745;0;7;0;0;0;4;2;C01
201300048745;0;10;0;0;0;4;0;B01
201300048746;0;15;0;0;2;1;0;A01
201300048746;0;7;0;0;0;8;0;B01
201300048747;0;7;0;0;2;1;0;A01
201300048747;0;7;0;0;2;4;0;B01
201300048748;0;10;0;0;2;1;0;A01
201300048748;0;7;0;0;2;1;0;B01
201300048748;0;7;0;0;2;1;1;C01
201300048749;0;7;0;3;2;1;2;B01
201300048749;0;10;0;0;2;1;0;A01
201300048750;0;7;0;3;0;2;0;A01
201300048751;0;34;0;0;0;7;2;A01
201300048752;0;7;0;0;2;7;0;A01
201300048752;0;33;0;0;0;1;0;B01
201300048753;0;33;0;3;0;9;0;A01
201300048754;0;7;0;0;0;4;2;B01
201300048754;0;7;0;0;2;1;0;A01
201300048755;0;7;0;0;2;4;0;B01
201300048755;0;7;0;0;2;1;0;A01
201300048756;0;7;0;4;0;1;0;A01
201300048757;0;7;0;0;0;4;0;B01
201300048757;0;7;0;0;0;4;0;A01
201300048757;0;7;0;0;0;1;0;C01
201300048758;0;33;0;0;0;7;1;A01
201300048759;0;7;0;4;0;8;9;A01
201300048759;0;7;0;0;2;1;2;B01
201300048760;0;7;0;0;0;1;0;A01
201300048761;0;7;0;0;0;0;2;D01
201300048761;0;7;0;0;0;7;0;B01
201300048761;0;7;0;0;0;1;0;A01
201300048761;0;7;0;0;0;4;0;C01
201300048762;0;7;0;0;0;4;0;C01
201300048762;0;7;0;0;2;1;0;A01
201300048762;0;10;0;0;2;1;0;B01
201300048763;0;7;0;0;2;1;0;A01
201300048763;0;7;0;0;0;4;0;D01
201300048763;0;7;0;0;2;1;0;B01
201300048763;0;7;0;0;2;1;0;C01
201300048764;0;7;0;0;0;4;2;C01
201300048764;0;10;0;0;2;1;0;A01
201300048764;0;7;0;0;0;4;0;B01
201300048765;0;17;0;0;2;1;0;A01
201300048765;0;7;0;0;0;4;0;B01
201300048765;0;7;0;0;2;4;0;D01
201300048765;0;7;0;0;2;6;0;C01
201300048766;0;15;0;0;2;1;0;A01
201300048766;0;7;0;0;2;4;0;B01
201300048767;0;33;0;9;0;8;2;A01
201300048768;0;7;0;0;2;6;0;A01
201300048768;0;33;0;0;0;5;1;B01
201300048769;0;7;0;0;9;1;0;A01
201300048769;1;17;0;0;2;2;12;Z01
201300048769;0;7;0;0;2;1;0;B01
201300048770;0;7;0;0;2;1;0;A01
201300048770;0;7;0;0;2;4;0;C01
201300048770;0;7;0;0;2;1;0;B01
201300048771;0;7;0;0;2;1;0;A01
201300048771;0;7;0;0;0;4;0;C01
201300048771;0;7;0;0;0;4;0;B01
201300048772;0;7;0;0;2;1;0;A01
201300048772;0;15;0;0;2;2;0;B01
201300048772;0;10;0;0;2;1;0;C01
201300048773;0;7;0;0;2;4;0;B01
201300048773;0;7;0;0;2;1;0;A01
201300048773;0;7;0;0;0;4;0;C01
201300048774;0;7;0;0;0;1;0;A01
201300048774;0;10;0;0;0;6;0;B01
201300048775;0;7;0;0;0;4;1;B01
201300048775;0;10;0;0;2;1;1;A01
201300048776;0;7;0;0;0;1;0;B01
201300048776;0;7;0;0;2;4;0;A01
201300048777;0;7;0;0;0;8;0;B01
201300048777;0;7;0;0;2;1;0;A01
201300048778;0;7;0;0;0;4;0;C01
201300048778;0;7;0;0;0;4;0;B01
201300048778;0;10;0;0;2;3;0;A01
201300048779;0;7;0;0;2;1;0;A01
201300048779;0;17;0;0;2;1;0;B01
201300048780;0;33;0;0;2;1;0;A01
201300048780;0;17;0;0;0;6;0;C01
201300048780;0;10;0;0;0;5;0;B01
201300048781;0;7;0;0;2;1;0;B01
201300048781;0;10;0;0;2;1;0;A01
201300048781;0;7;0;0;0;4;0;C01
201300048782;1;10;0;0;0;0;1;A01
201300048782;0;7;0;0;0;1;0;B01
201300048783;0;15;0;0;2;1;0;A01
201300048783;0;7;0;0;2;4;0;C01
201300048783;0;10;0;0;2;1;0;B01
201300048784;0;7;0;0;0;4;0;B01
201300048784;0;33;0;0;2;1;0;A01
201300048785;0;10;0;0;2;4;0;B01
201300048785;0;17;0;3;2;1;0;D01
201300048785;0;10;0;0;2;1;0;A01
201300048785;0;7;0;0;0;3;0;C01
201300048786;0;15;0;0;0;4;2;B01
201300048786;0;17;0;0;2;1;2;A01
201300048787;0;33;0;0;2;1;2;A01
201300048787;0;7;0;0;0;4;1;B01
201300048788;0;33;0;0;0;8;1;A01
201300048789;0;7;0;0;0;0;12;A01
201300048789;0;7;0;4;0;2;2;B01
201300048789;0;7;0;0;2;1;2;C01
201300048790;0;7;0;0;2;4;2;B01
201300048790;0;7;0;0;2;4;0;C01
201300048790;0;7;0;0;0;4;0;D01
201300048790;0;7;0;0;2;1;0;A01
201300048791;0;10;0;0;0;0;0;A01
201300048791;0;33;0;0;0;1;0;B01
201300048792;0;7;0;4;0;3;2;A01
201300048793;0;15;0;0;0;4;0;B01
201300048793;0;15;0;0;2;1;0;A01
201300048794;0;14;0;0;0;4;2;C01
201300048794;0;7;0;0;2;4;2;B01
201300048794;0;7;0;0;2;2;2;A01
201300048795;0;31;0;0;0;7;0;A01
201300048796;0;10;0;0;0;2;0;A01
201300048796;0;7;0;3;2;8;0;C01
201300048796;0;7;0;3;0;5;0;B01
201300048797;0;7;0;4;0;1;0;A01
201300048798;0;7;0;0;0;3;1;B01
201300048798;0;7;0;0;2;2;12;A01
201300048799;0;7;0;0;0;4;0;B01
201300048799;0;7;0;0;2;1;0;A01
201300048799;0;7;0;0;0;4;0;C01
201300048800;0;33;0;0;2;1;0;A01
201300048800;0;7;0;0;0;3;0;B01
201300048801;0;17;0;0;0;4;1;B01
201300048801;0;17;0;0;2;1;1;A01
201300048802;0;7;0;3;0;1;2;A01
201300048803;0;34;0;0;0;7;15;A01
201300048804;0;3;0;12;0;1;1;A01
201300048805;0;7;0;14;0;1;14;A01
201300048806;0;7;0;0;2;0;1;B01
201300048806;0;7;0;0;2;1;1;A01
201300048807;0;7;0;0;1;8;1;A01
201300048808;0;7;0;1;0;3;13;A01
201300048809;0;7;0;0;2;3;1;C01
201300048809;0;1;0;0;2;1;2;A01
201300048809;0;7;0;0;2;6;2;B01
201300048810;0;33;0;0;2;1;1;B01
201300048810;0;7;0;0;2;3;19;A01
201300048811;0;33;0;15;0;1;13;A01
201300048812;0;7;0;0;1;1;15;A01
201300048813;0;7;0;0;2;8;20;B01
201300048813;0;2;0;0;2;2;17;A01
201300048814;0;7;0;0;1;6;4;A01
201300048815;0;2;0;0;0;3;1;A01
201300048816;0;7;0;0;1;2;0;A01
201300048817;0;7;0;0;2;1;15;A01
201300048817;0;32;0;0;2;5;1;B01
201300048818;0;1;0;9;0;1;14;A01
201300048818;0;1;0;9;0;1;13;B01
201300048819;0;30;0;0;2;7;17;B01
201300048819;0;7;0;0;2;1;15;A01
201300048820;0;7;0;0;1;2;17;A01
201300048821;0;7;0;0;2;3;24;B01
201300048821;0;7;0;1;0;2;1;A01
201300048822;0;2;0;1;0;1;1;A01
201300048823;0;7;0;0;0;4;2;B01
201300048823;0;7;0;0;2;1;2;A01
201300048824;0;34;0;0;2;1;2;B01
201300048824;0;7;0;0;2;2;15;A01
201300048825;0;1;0;0;9;1;5;B01
201300048825;0;1;0;0;9;1;1;A01
201300048826;0;7;0;14;2;4;2;B01
201300048826;0;7;0;14;2;1;2;A01
201300048826;0;7;0;0;0;4;2;C01
201300048827;0;1;0;0;2;1;15;B01
201300048827;0;1;0;12;2;1;15;A01
201300048828;0;32;0;0;2;2;1;B01
201300048828;0;7;0;0;2;2;15;A01
201300048829;0;7;0;0;0;1;1;B01
201300048829;0;7;0;0;0;5;15;A01
201300048830;0;7;0;11;0;8;15;B01
201300048830;0;30;0;11;0;7;17;A01
201300048831;0;7;0;1;0;1;1;A01
201300048832;0;7;0;0;1;7;1;A01
201300048833;0;7;0;0;2;3;10;A01
201300048833;0;7;0;0;2;1;1;B01
201300048834;0;37;6;0;1;2;1;A01
201300048835;0;7;0;0;1;1;1;A01
201300048836;0;7;0;0;2;2;15;A01
201300048836;0;2;0;0;2;1;1;B01
201300048837;0;7;0;0;2;7;0;B01
201300048837;0;30;0;0;2;8;13;A01
201300048838;0;7;0;0;2;8;15;B01
201300048838;0;2;0;0;2;1;17;A01
201300048839;0;7;0;0;1;1;1;A01
201300048840;0;7;0;0;1;4;4;A01
201300048841;0;7;0;11;0;1;1;A01
201300048842;0;10;0;0;1;4;4;A01
201300048843;0;10;0;0;1;1;1;A01
201300048844;1;7;0;0;1;1;1;Z01
201300048845;1;7;0;0;1;2;1;Z01
201300048846;0;7;0;0;1;1;15;A01
201300048847;0;1;0;0;2;1;1;B01
201300048847;0;7;0;0;0;7;15;A01
201300048848;0;30;0;8;0;1;1;A01
201300048849;0;10;0;0;2;3;2;B01
201300048849;0;7;0;0;0;5;2;A01
201300048850;0;7;0;0;0;8;21;B01
201300048850;0;7;0;0;2;1;1;C01
201300048850;0;7;0;0;0;0;12;A01
201300048851;0;7;0;3;2;6;1;B01
201300048851;0;7;0;3;2;2;11;A01
201300048852;0;7;0;3;0;3;1;A01
201300048853;0;17;0;0;0;6;1;A01
201300048853;0;7;0;0;2;2;1;B01
201300048854;0;15;0;0;2;2;12;A01
201300048854;0;7;0;0;2;1;2;I02
201300048854;0;7;0;0;0;5;2;D01
201300048854;0;7;0;0;2;6;2;E01
201300048854;0;7;0;3;2;8;1;B01
201300048854;0;7;0;0;2;8;2;C01
201300048854;0;7;0;0;0;3;2;G02
201300048854;0;7;0;0;2;2;2;F02
201300048854;0;7;0;0;2;4;2;H02
201300048855;0;7;0;0;0;4;2;A01
201300048855;0;7;0;0;2;4;2;B01
201300048855;0;7;0;0;2;1;2;C01
201300048856;0;99;0;4;2;2;13;B01
201300048856;0;7;0;0;2;8;1;A01
201300048857;0;7;0;0;0;0;11;A01
201300048857;0;7;0;0;0;6;21;B01
201300048857;0;33;0;4;2;7;2;C01
201300048858;0;17;0;0;2;7;1;B01
201300048858;0;7;0;0;2;6;11;A01
201300048859;0;7;0;2;0;1;1;A01
201300048860;0;33;0;0;2;7;12;A01
201300048860;0;7;0;0;0;8;1;B01
201300048861;0;7;0;6;0;3;13;A01
201300048862;0;32;0;0;0;8;1;A01
201300048863;0;7;0;0;2;2;2;B01
201300048863;0;33;0;0;2;4;2;A01
201300048864;0;7;0;0;0;4;1;A01
201300048864;0;10;0;0;2;1;2;B01
201300048865;0;17;0;0;2;7;12;A01
201300048865;0;7;0;0;0;8;1;B01
201300048866;0;33;0;14;0;5;12;A01
201300048867;0;7;0;4;0;5;1;A01
201300048867;0;7;0;4;2;3;13;B01
201300048868;0;7;0;4;0;6;1;A01
201300048868;0;17;0;0;2;2;12;B01
201300048869;0;15;0;0;2;2;12;B01
201300048869;0;7;0;0;2;6;1;A01
201300048870;0;7;0;0;0;4;1;A01
201300048870;0;7;0;1;2;2;11;B01
201300048871;0;7;0;3;0;1;1;A01
201300048872;0;7;0;3;2;2;2;A01
201300048872;0;7;0;0;2;4;2;B01
201300048873;0;7;0;5;2;2;1;B01
201300048873;0;7;0;0;2;3;11;A01
201300048874;0;10;0;3;2;3;11;A01
201300048874;0;10;0;13;2;8;1;B01
201300048875;0;7;0;8;0;1;2;A01
201300048876;0;7;0;3;2;8;3;A01
201300048876;0;7;0;3;2;8;1;B01
201300048877;0;7;0;0;2;3;1;B01
201300048877;0;17;0;0;2;7;12;A01
201300048878;0;7;0;2;0;1;14;A01
201300048879;0;7;0;0;2;8;2;D01
201300048879;0;7;0;0;2;1;2;A01
201300048879;0;7;0;3;2;4;2;B01
201300048879;0;7;0;0;2;2;2;C01
201300048880;0;7;0;0;0;4;2;B01
201300048880;0;7;0;0;2;1;2;A01
201300048881;0;7;0;0;2;4;12;B01
201300048881;0;7;0;3;2;1;12;A01
201300048882;0;99;0;0;2;4;2;B01
201300048882;0;7;0;0;2;4;2;E01
201300048882;0;7;0;14;0;4;2;F02
201300048882;0;7;0;0;2;6;2;G02
201300048882;0;7;0;0;2;4;2;D01
201300048882;0;7;0;0;2;4;2;C01
201300048882;0;7;0;0;2;1;2;A01
201300048883;0;7;0;0;2;4;2;A01
201300048884;0;7;0;3;2;3;2;B01
201300048884;0;7;0;3;2;5;17;A01
201300048885;0;14;0;0;2;2;12;A01
201300048885;0;7;0;0;0;8;1;B01
201300048886;0;15;0;0;2;3;2;A01
201300048886;0;15;0;0;0;5;1;B01
201300048887;0;10;0;0;0;0;1;A01
201300048888;1;14;0;1;1;2;1;A01
201300048888;0;7;0;0;0;8;24;B01
201300048889;0;7;0;8;0;3;2;A01
201300048890;0;7;0;0;0;4;2;B01
201300048890;0;7;0;0;2;1;2;A01
201300048891;0;7;0;3;0;1;21;A01
201300048892;0;17;0;3;0;2;0;A01
201300048893;0;7;0;0;0;4;2;C01
201300048893;0;10;0;0;2;1;2;A01
201300048893;0;7;0;1;0;4;2;B01
201300048894;0;7;0;0;0;9;2;B01
201300048894;0;7;0;13;0;9;0;A01
201300048895;0;7;0;13;0;1;1;A01
201300048896;0;7;0;7;0;9;17;A01
201300048897;0;15;0;0;2;2;12;A01
201300048897;0;7;0;4;2;8;1;B01
201300048898;0;7;0;4;9;9;21;B01
201300048898;0;15;0;0;0;0;1;A01
201300048899;0;7;0;4;0;1;21;A01
201300048900;0;33;0;1;2;1;2;A01
201300048900;0;7;0;1;0;4;2;B01
201300048901;0;33;0;4;0;7;14;A01
201300048902;0;7;0;0;0;4;2;B01
201300048902;0;17;0;0;2;1;2;A01
201300048903;0;10;0;0;2;4;2;C01
201300048903;0;14;0;0;2;1;2;A01
201300048903;0;10;0;0;2;4;2;E01
201300048903;0;10;0;0;2;4;2;B01
201300048903;0;10;0;0;2;4;2;D01
201300048904;0;33;0;0;0;7;1;A01
201300048905;0;7;0;0;2;1;1;B01
201300048905;0;7;0;0;2;2;11;A01
201300048906;0;7;0;0;2;5;13;A01
201300048906;0;7;0;0;2;1;1;B01
201300048907;0;7;0;0;0;7;5;A01
201300048907;0;7;0;0;2;1;1;B01
201300048908;0;7;0;4;0;9;1;A01
201300048909;0;7;0;3;0;3;1;A01
201300048910;0;7;0;0;2;2;1;B01
201300048910;0;7;0;0;2;2;0;A01
201300048911;0;7;0;4;0;3;0;A01
201300048912;1;15;0;0;1;0;0;A01
201300048913;0;10;0;0;2;1;1;A01
201300048913;0;7;0;0;0;4;1;B01
201300048914;0;7;0;7;0;1;1;A01
201300048915;0;7;0;0;1;1;0;B01
201300048915;1;13;0;0;1;4;4;Z01
201300048916;0;7;0;0;2;4;2;B01
201300048916;0;7;0;0;2;1;2;A01
201300048917;0;14;0;0;2;4;4;A01
201300048917;0;37;15;0;2;3;23;B01
201300048918;0;1;0;0;2;1;1;B01
201300048918;0;14;0;0;2;6;1;A01
201300048919;0;33;0;0;2;1;1;B01
201300048919;1;7;0;0;2;1;5;Z01
201300048920;0;7;0;0;2;3;10;A01
201300048920;0;33;0;0;2;1;1;B01
201300048921;0;33;0;0;2;2;17;A01
201300048921;0;7;0;0;2;8;15;B01
201300048922;0;7;0;0;2;3;1;A01
201300048922;0;7;0;0;2;1;1;B01
201300048923;0;7;0;0;1;2;1;A01
201300048924;0;10;0;0;2;8;1;B01
201300048924;0;7;0;0;2;1;19;A01
201300048925;0;7;0;0;1;1;15;A01
201300048926;0;7;0;0;2;3;1;B01
201300048926;0;7;0;0;2;2;1;A01
201300048927;0;7;0;1;2;8;1;B01
201300048927;0;7;0;0;2;1;1;A01
201300048928;0;30;0;0;0;0;0;A01
201300048929;0;7;0;0;2;8;1;B01
201300048929;0;7;0;0;2;1;1;A01
201300048930;0;10;0;0;1;1;1;A01
201300048931;1;7;0;0;1;1;16;Z01
201300048932;0;30;0;0;2;1;1;B01
201300048932;0;7;0;0;2;8;15;A01
201300048933;0;7;0;8;0;1;0;A01
201300048934;0;7;0;0;2;2;1;B01
201300048934;0;7;0;0;2;1;1;A01
201300048935;0;7;0;0;2;3;2;A01
201300048935;0;7;0;0;2;5;15;B01
201300048936;0;7;0;0;2;3;15;B01
201300048936;1;7;0;0;0;0;0;Z01
201300048937;0;10;0;0;1;1;15;A01
201300048938;0;2;0;0;0;0;0;A01
201300048939;0;7;0;0;1;1;1;A01
201300048940;0;7;0;0;2;2;15;A01
201300048940;0;30;0;0;2;1;16;B01
201300048941;0;7;0;0;2;2;16;B01
201300048941;0;30;0;0;2;3;18;A01
201300048942;0;7;0;0;1;1;1;A01
201300048943;0;7;0;0;1;0;1;A01
201300048944;0;7;0;0;2;1;1;A01
201300048944;0;7;0;9;2;7;1;B01
201300048945;0;7;0;0;2;1;1;A01
201300048945;0;7;0;8;2;3;1;B01
201300048946;0;30;0;0;0;0;0;A01
201300048947;0;40;60;0;1;1;1;A01
201300048948;0;7;0;0;2;1;1;B01
201300048948;0;7;0;0;2;1;15;A01
201300048949;0;7;0;0;1;1;16;A01
201300048950;0;7;0;0;2;6;8;A01
201300048950;0;33;0;0;2;1;3;B01
201300048950;0;7;0;0;2;7;1;C01
201300048951;0;30;0;0;2;7;21;B01
201300048951;0;7;0;0;2;8;16;A01
201300048952;0;10;0;0;2;7;9;A01
201300048952;0;32;0;0;2;1;1;B01
201300048953;0;7;0;0;2;8;2;A01
201300048953;0;33;0;0;2;7;2;B01
201300048954;0;7;0;0;2;2;2;A01
201300048954;0;31;0;0;2;9;2;B01
201300048955;0;7;0;0;2;3;0;B01
201300048955;0;33;0;0;2;1;0;A01
201300048956;0;7;0;0;2;4;2;B01
201300048956;0;37;25;0;2;1;2;A01
201300048957;0;7;0;0;2;8;1;B01
201300048957;0;30;0;0;2;2;1;A01
201300048958;0;7;0;0;2;4;2;B01
201300048958;0;7;0;0;2;1;2;A01
201300048959;0;7;0;0;2;1;2;A01
201300048959;0;7;0;0;2;4;2;B01
201300048960;0;7;0;0;2;5;9;A01
201300048960;0;7;0;0;2;3;21;B01
201300048961;0;7;0;0;2;2;15;A01
201300048961;0;32;0;0;2;1;1;B01
201300048962;0;7;0;0;2;2;1;B01
201300048962;0;7;0;0;2;1;1;A01
201300048962;0;7;0;0;2;8;1;C01
201300048963;0;7;0;8;0;2;1;A01
201300048964;0;7;0;0;2;3;1;B01
201300048964;0;10;0;0;2;2;1;A01
201300048965;0;1;0;0;2;1;1;A01
201300048965;0;7;0;0;2;5;20;B01
201300048966;0;10;0;0;0;0;23;B01
201300048966;0;30;0;0;0;0;17;A01
201300048967;0;7;0;0;2;5;15;A01
201300048967;0;33;0;0;2;1;1;B01
201300048968;0;10;0;0;2;1;1;B01
201300048968;0;7;0;0;2;3;7;A01
201300048969;0;37;2;0;2;3;7;B01
201300048969;1;7;0;0;9;7;16;A01
201300048970;0;30;0;0;2;0;1;B01
201300048970;0;7;0;0;2;3;15;A01
201300048971;0;33;0;0;2;3;7;A01
201300048971;0;7;0;0;2;5;16;B01
201300048972;0;7;0;0;1;1;15;A01
201300048973;0;7;0;0;2;2;16;A01
201300048973;0;1;0;0;2;1;0;B01
201300048974;0;10;0;0;2;1;2;A01
201300048974;0;13;0;0;2;4;2;B01
201300048975;0;33;0;0;0;7;1;A01
201300048976;0;30;0;0;2;8;1;A01
201300048976;0;7;0;0;2;1;1;B01
201300048977;0;7;0;0;2;1;19;A01
201300048977;0;7;0;0;2;2;19;B01
201300048978;0;1;0;0;2;8;1;A01
201300048978;0;7;0;0;2;2;1;B01
201300048979;0;32;0;0;2;1;1;A01
201300048979;0;7;0;0;2;6;2;B01
201300048980;0;7;0;0;2;3;10;A01
201300048980;0;33;0;0;2;7;17;B01
201300048981;0;7;0;0;2;6;15;B01
201300048981;0;30;0;0;2;1;17;A01
201300048982;0;31;0;0;2;0;1;B01
201300048982;0;7;0;0;2;0;1;A01
201300048983;0;7;0;0;2;5;1;B01
201300048983;0;7;0;0;2;1;16;A01
201300048984;0;1;0;0;1;1;1;A01
201300048985;0;1;0;0;0;0;21;B01
201300048985;0;7;0;0;0;0;23;A01
201300048986;0;7;0;0;1;3;17;A01
201300048987;0;10;0;0;2;2;2;A01
201300048987;0;33;0;0;2;4;2;B01
201300048988;0;7;0;0;2;2;15;A01
201300048988;0;32;0;0;2;1;1;B01
201300048989;0;7;0;0;1;1;2;A01
201300048990;0;7;0;15;0;3;0;A01
201300048991;0;7;0;0;2;3;0;A01
201300048991;0;31;0;0;2;1;1;B01
201300048992;0;7;0;0;1;1;1;A01
201300048993;0;40;40;0;9;2;1;B01
201300048993;0;1;0;0;4;9;1;A01
201300048994;0;7;0;1;0;1;13;A01
201300048995;0;7;0;4;2;1;1;B01
201300048995;1;7;0;0;2;0;2;Z01
201300048996;0;7;0;0;2;8;1;A01
201300048996;0;7;0;0;2;7;1;B01
201300048997;0;3;0;0;0;8;1;A01
201300048998;0;34;0;14;0;1;1;A01
201300048999;0;7;0;0;1;5;4;A01
201300049000;0;7;0;0;1;3;1;A01
201300049001;0;7;0;0;2;1;1;A01
201300049001;0;1;0;0;2;7;1;B01
201300049002;0;7;0;0;2;4;23;B01
201300049002;0;7;0;0;2;4;23;C01
201300049002;0;7;0;0;2;1;2;A01
201300049003;0;7;0;0;2;1;1;A01
201300049003;0;33;0;0;2;8;1;B01
201300049004;1;7;0;0;1;2;0;Z01
201300049005;0;7;0;0;2;1;2;A01
201300049005;0;7;0;0;2;4;1;B01
201300049006;0;33;0;0;2;1;1;B01
201300049006;0;1;0;0;2;7;19;A01
201300049007;0;7;0;0;2;3;19;B01
201300049007;0;34;0;0;2;7;15;A01
201300049008;0;1;0;0;2;7;1;B01
201300049008;0;7;0;0;2;1;1;A01
201300049009;0;7;0;0;2;2;1;B01
201300049009;0;7;0;0;2;5;10;A01
201300049010;0;7;0;0;9;1;1;A01
201300049010;0;1;0;0;2;7;1;B01
201300049011;0;7;0;0;2;8;1;B01
201300049011;0;7;0;0;2;1;15;A01
201300049012;0;7;0;0;2;2;15;B01
201300049012;0;33;0;0;2;1;1;A01
201300049013;0;32;0;0;2;1;1;B01
201300049013;0;7;0;0;2;7;10;A01
201300049014;0;7;0;0;2;1;1;B01
201300049014;0;1;0;0;2;7;19;A01
201300049015;1;7;0;0;2;1;1;Z01
201300049015;0;7;0;1;2;8;1;A01
201300049016;0;7;0;0;2;1;2;A01
201300049016;0;7;0;0;2;4;2;B01
201300049017;0;7;0;0;2;6;15;B01
201300049017;0;33;0;0;2;0;2;A01
201300049018;1;7;0;0;1;1;1;Z01
201300049019;0;7;0;0;2;4;23;A01
201300049019;1;7;0;0;2;1;2;Z01
201300049020;0;7;0;0;1;2;8;A01
201300049021;0;1;0;0;2;1;13;A01
201300049021;0;1;0;0;2;1;1;B01
201300049022;0;7;0;0;1;0;1;A01
201300049023;1;7;0;0;1;1;1;Z01
201300049024;0;7;0;0;2;1;1;A01
201300049024;0;1;0;0;2;4;2;B01
201300049025;0;7;0;0;1;1;16;A01
201300049026;0;7;0;0;1;1;1;A01
201300049027;0;7;0;0;1;1;1;A01
201300049028;0;7;0;0;1;2;1;A01
201300049029;0;7;0;0;2;1;2;A01
201300049029;0;7;0;0;0;4;2;B01
201300049030;0;37;35;0;1;2;1;A01
201300049031;0;7;0;0;1;2;15;A01
201300049032;2;7;0;0;2;1;15;A01
201300049032;0;7;0;0;4;2;1;B01
201300049033;0;30;0;0;1;1;2;A01
201300049034;0;7;0;0;0;4;2;B01
201300049034;0;7;0;0;0;1;2;A01
201300049035;0;37;15;0;1;7;1;A01
201300049036;0;7;0;0;2;3;1;B01
201300049036;0;1;0;0;2;7;1;A01
201300049037;0;7;0;0;2;3;15;A01
201300049037;0;10;0;0;2;2;1;B01
201300049038;0;7;0;0;2;2;15;A01
201300049038;0;7;0;0;2;1;1;B01
201300049039;0;40;0;0;1;2;1;A01
201300049040;0;30;0;0;2;4;15;B01
201300049040;0;7;0;0;2;1;2;A01
201300049041;0;7;0;0;2;6;1;B01
201300049041;0;32;0;0;2;1;1;A01
201300049042;0;7;0;7;1;0;15;A01
201300049043;0;7;0;0;2;4;24;C01
201300049043;0;30;0;1;2;1;1;B01
201300049043;0;7;0;0;2;8;20;A01
201300049044;0;1;0;0;2;7;1;B01
201300049044;0;7;0;0;2;1;5;A01
201300049045;0;7;0;0;2;2;15;A01
201300049045;0;33;0;0;2;1;2;B01
201300049046;0;7;0;0;2;4;2;C01
201300049046;0;7;0;0;2;4;2;B01
201300049046;0;7;0;0;2;1;2;A01
201300049047;0;7;0;0;2;1;1;A01
201300049047;0;7;0;0;2;7;10;B01
201300049048;0;7;0;0;2;7;1;A01
201300049048;0;37;1;0;2;1;1;B01
201300049049;0;7;0;0;2;1;2;A01
201300049049;0;7;0;0;2;4;2;B01
201300049050;0;20;0;0;1;1;1;A01
201300049051;0;7;0;0;2;1;1;A01
201300049051;0;7;0;0;0;0;1;C01
201300049051;0;7;0;1;2;1;1;B01
201300049052;0;7;0;0;2;1;1;A01
201300049052;0;7;0;0;2;5;1;B01
201300049053;0;1;0;0;2;8;15;B01
201300049053;0;7;0;0;0;1;15;A01
201300049054;0;1;0;1;0;1;1;B01
201300049054;2;7;0;0;2;3;22;A01
201300049055;0;7;0;0;2;3;10;B01
201300049055;0;31;0;0;2;2;1;A01
201300049056;0;7;0;0;2;2;9;B01
201300049056;0;1;0;0;2;1;1;A01
201300049057;0;7;0;0;2;2;1;B01
201300049057;0;7;0;0;2;1;15;A01
201300049058;0;7;0;0;1;1;1;A01
201300049059;0;7;0;0;1;1;20;A01
201300049060;0;7;0;0;2;3;1;A01
201300049061;0;7;0;0;2;7;1;B01
201300049061;0;7;0;0;0;0;0;A01
201300049062;0;7;0;0;2;6;15;A01
201300049062;0;7;0;0;2;3;1;B01
201300049063;0;7;0;0;2;1;15;B01
201300049063;0;7;0;0;2;1;1;A01
201300049064;0;7;0;0;1;4;4;A01
201300049065;0;7;0;0;2;4;2;D01
201300049065;0;7;0;0;2;4;2;B01
201300049065;0;99;0;0;2;1;2;A01
201300049065;0;7;0;0;2;4;2;C01
201300049066;0;7;0;0;1;3;1;A01
201300049067;0;7;0;0;2;3;15;B01
201300049067;0;33;0;0;2;1;1;C01
201300049067;0;33;0;0;2;1;1;A01
201300049068;0;7;0;0;1;1;1;A01
201300049069;0;7;0;0;1;1;2;B01
201300049070;0;1;0;0;2;1;2;B01
201300049070;0;7;0;0;2;6;9;A01
201300049071;0;14;0;8;2;3;15;A01
201300049071;0;37;25;8;2;2;1;B01
201300049072;0;33;0;0;2;0;0;A01
201300049072;0;33;0;0;2;0;0;B01
201300049073;0;40;50;0;1;7;1;A01
201300049074;0;7;0;0;9;1;1;A01
201300049074;0;1;0;0;2;8;1;Y01
201300049075;0;1;0;0;0;0;0;B01
201300049075;0;7;0;0;2;3;15;A01
201300049076;0;7;0;0;2;2;15;A01
201300049076;0;38;1;0;2;1;1;B01
201300049076;0;7;0;0;2;5;1;C01
201300049077;0;7;0;0;2;7;1;B01
201300049077;0;7;0;0;2;3;15;A01
201300049078;2;7;0;1;2;1;2;A01
201300049078;0;7;0;1;2;4;2;B01
201300049079;0;7;0;0;1;6;4;A01
201300049080;0;37;15;12;2;3;1;B01
201300049080;0;7;0;0;2;1;15;A01
201300049080;0;7;0;0;2;5;1;C01
201300049081;0;7;0;0;2;4;23;B01
201300049081;0;32;0;0;2;1;1;A01
201300049082;0;7;0;0;2;8;1;A01
201300049082;0;7;0;0;2;2;1;B01
201300049083;0;31;0;0;2;8;2;B01
201300049083;1;7;0;0;0;0;0;Z01
201300049084;0;7;0;0;2;6;1;A01
201300049084;1;7;0;0;2;1;15;Z01
201300049085;0;7;0;0;1;7;1;A01
201300049086;0;33;0;0;0;0;21;B01