num_acc;senc;catv;occutc;obs;obsm;choc;manv;num_veh
201300049086;0;37;1;0;0;0;16;A01
201300049087;0;10;0;0;1;1;15;A01
201300049088;0;7;0;8;2;1;1;B01
201300049088;0;7;0;8;2;1;15;A01
201300049089;0;33;0;0;2;1;2;A01
201300049089;0;14;0;0;2;6;23;B01
201300049090;0;7;0;0;2;4;23;C01
201300049090;0;7;0;0;2;1;1;A01
201300049090;0;7;0;0;2;4;23;B01
201300049091;0;7;0;0;2;0;12;A01
201300049091;0;7;0;0;2;5;23;B01
201300049091;0;7;0;0;2;7;2;C01
201300049092;0;7;0;15;1;5;4;A01
201300049093;1;32;0;12;0;0;0;A01
201300049094;0;7;0;0;2;1;16;A01
201300049094;0;7;0;0;1;4;2;B01
201300049095;0;7;0;0;2;6;1;A01
201300049095;0;7;0;0;2;1;1;B01
201300049096;0;7;0;0;2;1;1;A01
201300049096;0;33;0;6;2;5;1;B01
201300049097;0;7;0;0;2;2;1;B01
201300049097;0;30;0;0;2;1;1;A01
201300049098;0;7;0;8;2;2;1;A01
201300049098;0;7;0;8;2;3;1;B01
201300049099;0;10;0;0;1;4;4;A01
201300049100;0;7;0;0;2;1;1;A01
201300049100;0;7;0;0;2;1;1;B01
201300049101;0;7;0;0;2;3;2;A01
201300049101;0;7;0;0;2;1;1;B01
201300049102;0;1;0;0;2;0;1;B01
201300049102;1;30;0;0;2;0;0;Z01
201300049103;0;10;0;0;2;4;23;B01
201300049103;0;7;0;0;2;1;2;A01
201300049104;0;7;0;0;2;1;15;B01
201300049104;0;1;0;0;2;7;2;A01
201300049105;0;7;0;0;2;3;15;A01
201300049105;0;33;0;0;2;8;2;B01
201300049106;0;10;0;0;2;2;15;A01
201300049106;0;7;0;0;2;3;1;B01
201300049107;0;7;0;0;2;3;1;B01
201300049107;0;2;0;0;2;1;19;A01
201300049108;0;7;0;0;2;5;1;B01
201300049108;0;7;0;0;2;1;2;A01
201300049109;0;1;0;0;2;1;2;B01
201300049109;0;7;0;0;2;5;16;A01
201300049110;0;30;0;0;2;9;1;B01
201300049110;0;7;0;0;2;1;5;A01
201300049111;0;1;0;0;2;1;1;B01
201300049111;0;7;0;0;2;2;15;A01
201300049112;0;7;0;0;2;1;2;A01
201300049112;0;7;0;0;2;4;2;B01
201300049113;0;31;0;0;2;7;15;B01
201300049113;0;7;0;0;2;8;15;A01
201300049114;0;7;0;0;1;1;15;A01
201300049115;0;40;40;0;1;2;1;A01
201300049116;0;7;0;0;2;3;24;A01
201300049116;0;1;0;1;0;1;2;B01
201300049117;0;7;0;0;9;7;16;B01
201300049117;0;1;0;0;2;1;19;A01
201300049118;0;7;0;0;1;2;1;Z01
201300049119;0;7;0;0;2;2;1;B01
201300049119;0;7;0;0;1;1;15;A01
201300049120;0;7;0;0;1;1;15;A01
201300049121;0;7;0;0;2;5;2;B01
201300049121;0;30;0;0;2;1;2;A01
201300049122;0;32;0;0;2;7;17;B01
201300049122;0;7;0;0;2;3;9;A01
201300049123;0;1;0;0;2;0;16;B01
201300049123;0;7;0;0;2;7;16;A01
201300049124;0;7;0;0;2;3;15;B01
201300049124;0;33;0;0;2;2;1;A01
201300049125;0;7;0;0;2;7;10;A01
201300049125;0;33;0;0;2;1;1;B01
201300049126;0;7;0;0;2;1;2;A01
201300049126;0;7;0;0;2;4;1;C01
201300049126;0;7;0;0;2;4;1;B01
201300049127;0;7;0;0;2;8;15;B01
201300049127;0;30;0;0;2;1;1;A01
201300049128;0;7;0;0;2;7;1;B01
201300049128;0;33;0;0;2;8;3;A01
201300049129;0;7;0;0;2;3;15;A01
201300049129;0;33;0;0;2;7;2;B01
201300049130;0;7;0;0;1;5;4;A01
201300049131;0;7;0;0;2;8;22;A01
201300049131;0;1;0;1;0;1;1;B01
201300049132;0;33;0;0;2;1;0;B01
201300049132;0;1;0;0;2;8;0;A01
201300049133;0;7;0;0;1;7;1;A01
201300049134;0;10;0;0;1;2;2;A01
201300049135;0;7;0;0;1;1;1;A01
201300049136;0;7;0;0;1;1;2;B01
201300049136;0;7;0;0;2;2;1;C01
201300049136;0;7;0;0;2;3;15;A01
201300049137;0;2;0;0;2;1;1;A01
201300049137;1;7;0;0;2;2;15;Z01
201300049138;0;7;0;0;2;1;15;A01
201300049138;0;1;0;0;0;0;13;B01
201300049139;0;33;0;0;0;0;0;A01
201300049140;0;7;0;0;1;1;1;A01
201300049141;0;7;0;0;2;2;20;A01
201300049141;0;7;0;0;2;3;1;B01
201300049142;0;7;0;0;2;1;15;A01
201300049142;0;33;0;0;2;7;1;B01
201300049143;0;7;0;0;2;2;15;B01
201300049143;1;1;0;0;2;1;1;A01
201300049144;0;7;0;0;2;3;2;B01
201300049144;0;33;0;0;2;2;17;A01
201300049145;0;7;0;6;2;1;15;A01
201300049146;0;30;0;0;2;1;1;A01
201300049146;0;7;0;0;2;8;15;B01
201300049147;0;40;60;0;2;2;1;B01
201300049147;0;7;0;0;2;3;10;A01
201300049148;0;31;0;0;2;1;1;A01
201300049148;0;7;0;0;2;7;15;B01
201300049149;0;7;0;0;2;3;1;B01
201300049150;0;7;0;12;1;1;1;A01
201300049151;0;40;1;0;1;2;1;A01
201300049152;0;10;0;0;2;6;10;A01
201300049152;0;30;0;0;2;1;2;B01
201300049153;0;7;0;0;1;3;1;A01
201300049154;0;33;0;0;2;2;17;B01
201300049154;0;7;0;0;2;3;10;A01
201300049155;0;7;0;9;2;6;1;A01
201300049155;0;7;0;0;2;1;1;B01
201300049156;0;37;10;0;1;1;1;A01
201300049157;0;7;0;0;1;4;4;A01
201300049158;0;7;0;0;1;1;1;A01
201300049159;0;10;0;0;2;1;1;B01
201300049159;0;7;0;0;2;7;1;A01
201300049160;0;7;0;0;2;1;19;B01
201300049160;0;7;0;0;2;8;19;A01
201300049161;0;40;50;0;2;1;1;B01
201300049161;0;7;0;0;4;8;15;A01
201300049162;0;7;0;0;1;1;1;A01
201300049163;0;7;0;0;1;3;2;A01
201300049164;0;7;0;0;0;0;10;A01
201300049164;0;32;0;0;0;0;21;B01
201300049165;0;7;0;4;0;7;0;A01
201300049166;0;14;0;1;0;2;2;A01
201300049166;0;7;0;0;0;6;2;B01
201300049167;0;7;0;4;0;1;19;A01
201300049168;0;7;0;0;0;4;2;B01
201300049168;0;33;0;0;2;1;2;A01
201300049168;0;10;0;0;0;0;2;C01
201300049169;0;7;0;5;0;1;14;A01
201300049169;0;7;0;0;2;1;2;B01
201300049169;0;7;0;0;2;7;0;C01
201300049170;0;17;0;5;2;2;2;B01
201300049170;0;7;0;3;0;2;1;A01
201300049171;0;7;0;3;0;0;2;A01
201300049172;0;7;0;4;0;3;1;A01
201300049173;1;99;0;0;0;0;12;Z01
201300049173;0;17;0;4;0;3;1;A01
201300049174;0;7;0;11;0;3;1;A01
201300049175;0;7;0;0;2;1;2;A01
201300049175;0;7;0;0;0;4;2;B01
201300049176;0;7;0;0;0;6;1;A01
201300049176;0;14;0;0;2;2;2;B01
201300049177;0;7;0;14;0;3;21;B01
201300049177;0;7;0;4;0;3;0;A01
201300049177;1;7;0;0;0;0;0;Z01
201300049178;0;7;0;0;0;4;2;B01
201300049178;0;7;0;0;2;1;2;A01
201300049179;0;7;0;0;2;3;14;B01
201300049179;0;7;0;0;2;3;5;A01
201300049180;0;7;0;3;2;6;2;B01
201300049180;0;17;0;0;2;2;13;A01
201300049181;0;7;0;4;0;3;0;A01
201300049182;0;7;0;3;0;3;21;B01
201300049182;0;15;0;0;0;0;1;A01
201300049183;0;7;0;0;2;1;2;A01
201300049183;0;7;0;0;0;4;1;B01
201300049184;0;7;0;4;2;3;1;B01
201300049184;0;14;0;0;2;5;17;A01
201300049185;0;33;0;0;0;7;2;A01
201300049186;0;10;0;0;2;2;12;A01
201300049186;0;15;0;0;0;6;1;B01
201300049187;0;7;0;0;0;4;0;B01
201300049187;0;7;0;0;2;1;2;A01
201300049188;0;7;0;4;0;9;12;A01
201300049188;1;7;0;0;0;0;9;Z01
201300049189;0;17;0;0;2;2;1;B01
201300049189;0;7;0;4;0;3;1;A01
201300049190;0;7;0;3;0;3;1;A01
201300049191;0;7;0;4;2;6;11;A01
201300049191;0;7;0;0;2;2;2;B01
201300049192;0;7;0;0;2;1;1;B01
201300049192;0;7;0;0;2;2;9;A01
201300049193;0;7;0;0;2;1;5;A01
201300049193;0;7;0;0;2;1;1;B01
201300049194;0;7;0;0;2;7;17;B01
201300049194;0;33;0;0;2;8;3;A01
201300049195;0;10;0;4;0;2;1;A01
201300049196;0;37;25;0;2;1;2;A01
201300049196;0;7;0;0;0;4;23;B01
201300049197;0;7;0;0;2;8;1;B01
201300049197;0;7;0;3;2;7;14;A01
201300049198;0;10;0;0;2;4;23;B01
201300049198;0;10;0;0;2;1;2;A01
201300049199;0;7;0;0;0;4;2;B01
201300049199;0;7;0;0;2;1;2;A01
201300049200;0;7;0;4;0;1;1;A01
201300049201;0;7;0;0;2;1;5;A01
201300049201;0;7;0;0;9;3;1;E01
201300049201;0;7;0;0;2;1;1;B01
201300049201;0;7;0;0;9;1;21;F02
201300049201;0;7;0;0;2;3;1;C01
201300049201;0;7;0;0;2;8;1;D01
201300049202;0;7;0;0;2;1;2;A01
201300049202;0;7;0;0;2;3;2;B01
201300049203;0;33;0;0;9;1;12;A01
201300049204;0;10;0;5;0;9;0;A01
201300049204;1;99;0;0;2;2;0;Z01
201300049205;0;7;0;0;2;7;1;A01
201300049205;1;7;0;0;2;3;9;X01
201300049206;0;32;0;0;9;7;17;A01
201300049207;0;7;0;0;2;8;21;A01
201300049207;0;7;0;0;2;5;2;C01
201300049207;0;10;0;0;0;4;23;B01
201300049207;0;7;0;0;9;8;0;D01
201300049208;0;7;0;4;2;6;11;A01
201300049208;0;17;0;0;2;3;12;B01
201300049209;0;7;0;4;0;1;1;A01
201300049210;0;7;0;0;0;0;0;C01
201300049210;0;7;0;4;2;4;1;B01
201300049210;0;7;0;4;2;1;11;A01
201300049211;0;7;0;14;0;1;2;A01
201300049211;0;7;0;14;0;4;2;B01
201300049211;0;7;0;0;0;4;2;C01
201300049212;0;7;0;4;0;3;17;A01
201300049213;0;7;0;0;2;8;1;B01
201300049213;0;7;0;4;2;2;15;A01
201300049214;0;7;0;0;2;3;2;A01
201300049214;0;7;0;0;0;5;2;B01
201300049215;0;7;0;0;2;5;1;B01
201300049215;1;7;0;0;2;3;14;A01
201300049216;0;7;0;15;0;1;9;A01
201300049217;0;7;0;0;2;1;1;A01
201300049217;0;7;0;0;0;4;1;B01
201300049218;0;7;0;4;2;1;21;A01
201300049218;0;7;0;0;2;1;1;B01
201300049219;0;7;0;3;0;8;0;A01
201300049220;0;7;0;4;0;1;1;A01
201300049221;0;7;0;0;2;1;9;A01
201300049221;0;7;0;0;2;1;9;B01
201300049221;0;7;0;0;0;4;1;C01
201300049222;0;7;0;0;2;3;2;A01
201300049222;0;7;0;0;2;5;2;B01
201300049222;0;7;0;0;0;4;2;C01
201300049223;0;7;0;4;0;1;1;A01
201300049224;0;7;0;0;2;4;2;B01
201300049224;0;7;0;0;2;4;2;C01
201300049224;0;7;0;0;2;1;2;A01
201300049225;0;7;0;0;0;0;1;A01
201300049226;0;33;0;0;0;7;0;A01
201300049227;0;7;0;0;2;1;2;A01
201300049227;0;10;0;0;0;6;2;B01
201300049228;0;7;0;0;0;4;1;B01
201300049228;0;7;0;0;2;1;2;A01
201300049229;0;7;0;0;2;1;2;A01
201300049229;0;15;0;0;2;4;2;B01
201300049230;0;7;0;3;0;1;1;A01
201300049231;0;7;0;4;0;3;1;A01
201300049232;0;7;0;0;0;0;0;A01
201300049233;0;7;0;4;2;3;17;A01
201300049233;0;17;0;0;2;8;1;B01
201300049234;0;10;0;0;0;1;2;A01
201300049234;0;7;0;0;0;4;2;B01
201300049235;0;7;0;0;2;8;13;A01
201300049235;0;7;0;3;2;1;13;B01
201300049236;0;7;0;4;2;6;1;B01
201300049236;0;15;0;0;2;2;12;A01
201300049237;0;10;0;0;2;6;1;B01
201300049237;0;10;0;0;2;8;2;C01
201300049237;0;7;0;4;2;2;1;A01
201300049238;0;7;0;0;2;1;14;B01
201300049238;0;7;0;0;2;4;1;A01
201300049239;0;17;0;3;2;1;17;A01
201300049239;0;7;0;3;2;1;21;B01
201300049240;0;7;0;0;0;2;14;A01
201300049240;0;7;0;0;2;8;1;B01
201300049241;0;7;0;4;0;1;1;A01
201300049242;0;10;0;4;0;1;9;A01
201300049243;0;7;0;4;0;3;12;A01
201300049244;0;17;0;4;0;1;20;A01
201300049245;1;99;0;0;2;2;0;Z01
201300049245;0;7;0;0;2;1;2;A01
201300049246;0;7;0;4;0;3;21;A01
201300049247;0;7;0;0;2;2;1;B01
201300049247;0;7;0;14;2;2;13;A01
201300049248;0;7;0;0;2;1;0;A01
201300049248;0;7;0;0;2;4;0;B01
201300049249;0;10;0;0;0;2;1;A01
201300049250;0;7;0;4;0;1;2;A01
201300049251;0;2;0;12;0;1;15;A01
201300049252;0;7;0;0;2;1;2;A01
201300049252;0;7;0;0;2;2;1;C01
201300049252;0;7;0;0;2;4;2;B01
201300049253;0;7;0;0;2;1;1;A01
201300049253;0;7;0;0;2;4;1;B01
201300049253;0;7;0;0;0;4;1;C01
201300049254;0;7;0;0;9;6;1;B01
201300049254;0;15;0;0;2;2;12;A01
201300049255;0;7;0;4;0;3;13;A01
201300049256;0;7;0;0;2;1;2;A01
201300049256;0;7;0;0;0;4;2;B01
201300049257;0;7;0;4;0;3;19;A01
201300049258;0;7;0;0;2;1;1;A01
201300049258;0;7;0;0;2;4;1;B01
201300049259;0;15;0;0;2;2;12;A01
201300049259;0;10;0;0;2;8;2;B01
201300049260;0;7;0;4;0;6;13;A01
201300049261;0;15;0;3;0;3;13;A01
201300049262;0;7;0;0;2;1;2;A01
201300049262;0;7;0;0;0;4;2;B01
201300049263;0;7;0;0;2;4;2;B01
201300049263;0;7;0;0;2;1;2;A01
201300049263;0;7;0;0;2;4;2;C01
201300049264;0;10;0;0;2;4;2;B01
201300049264;0;7;0;0;0;4;2;C01
201300049264;0;7;0;0;2;1;2;A01
201300049265;0;7;0;0;2;7;17;A01
201300049265;0;17;0;0;0;0;1;B01
201300049266;0;7;0;0;0;4;2;C01
201300049266;0;7;0;0;2;4;2;B01
201300049266;0;14;0;0;2;1;2;A01
201300049267;0;7;0;0;2;4;2;B01
201300049267;0;7;0;0;2;1;2;A01
201300049268;0;10;0;4;0;1;1;A01
201300049269;0;7;0;14;0;1;1;B01
201300049269;0;7;0;0;0;6;23;A01
201300049270;0;15;0;0;0;6;11;B01
201300049270;0;7;0;0;2;2;17;A01
201300049271;0;7;0;0;2;1;2;A01
201300049271;0;7;0;0;2;4;1;B01
201300049272;0;10;0;0;0;7;23;B01
201300049272;0;10;0;0;2;1;2;A01
201300049273;0;7;0;0;0;1;2;A01
201300049273;0;7;0;0;0;4;2;C01
201300049273;0;7;0;0;0;4;2;B01
201300049274;0;7;0;4;0;1;0;A01
201300049275;0;7;0;4;0;3;13;A01
201300049276;1;7;0;0;2;0;9;Z01
201300049276;0;7;0;0;2;4;2;A01
201300049277;0;15;0;3;0;1;14;A01
201300049278;0;7;0;0;2;8;11;A01
201300049278;0;7;0;0;2;2;1;B01
201300049278;0;10;0;14;0;1;1;C01
201300049279;0;7;0;0;2;4;2;B01
201300049279;0;10;0;0;2;1;2;A01
201300049279;0;7;0;0;0;8;1;C01
201300049280;0;7;0;4;9;3;0;A01
201300049281;0;7;0;0;2;4;2;A01
201300049281;0;7;0;0;2;4;2;C01
201300049281;0;7;0;0;0;4;2;B01
201300049282;0;7;0;0;2;2;14;A01
201300049282;0;7;0;0;2;6;2;B01
201300049283;0;7;0;4;0;1;14;A01
201300049284;0;33;0;4;0;3;1;A01
201300049285;0;15;0;0;0;2;12;A01
201300049285;0;7;0;0;0;8;1;B01
201300049285;0;10;0;0;0;0;1;T01
201300049286;0;7;0;0;0;6;2;B01
201300049286;0;15;0;0;0;2;12;A01
201300049287;0;7;0;0;9;1;0;A01
201300049288;0;7;0;0;0;6;1;C01
201300049288;0;7;0;0;2;8;1;B01
201300049288;0;7;0;0;2;7;1;A01
201300049289;0;7;0;4;2;1;1;A01
201300049289;0;7;0;4;2;7;1;B01
201300049290;0;7;0;0;2;1;2;A01
201300049290;0;7;0;0;2;4;2;B01
201300049291;0;7;0;0;0;3;11;A01
201300049292;0;7;0;0;2;6;13;A01
201300049292;0;33;0;0;0;1;1;B01
201300049293;0;7;0;0;2;1;1;B01
201300049293;0;7;0;0;0;4;23;A01
201300049294;0;7;0;0;2;5;9;B01
201300049294;0;33;0;3;2;1;9;A01
201300049295;0;7;0;4;0;2;21;B01
201300049295;0;7;0;0;0;0;1;A01
201300049296;0;7;0;6;0;1;0;A01
201300049296;0;7;0;1;2;4;1;B01
201300049297;0;33;0;0;0;7;1;A01
201300049297;1;7;0;0;2;2;0;Z01
201300049298;0;7;0;0;2;8;1;B01
201300049298;0;7;0;0;2;2;5;A01
201300049298;0;7;0;0;2;2;1;C01
201300049299;0;7;0;0;0;4;2;B01
201300049299;0;7;0;0;0;1;2;A01
201300049300;0;7;0;0;2;2;2;A01
201300049300;0;17;0;0;2;6;2;B01
201300049301;0;7;0;0;2;1;2;A01
201300049301;0;7;0;0;2;4;2;B01
201300049301;0;7;0;0;2;4;1;C01
201300049301;0;7;0;0;2;4;1;D01
201300049302;0;7;0;4;2;2;1;A01
201300049302;0;7;0;0;2;4;1;B01
201300049303;0;7;0;0;2;1;1;B01
201300049303;0;7;0;4;2;1;13;A01
201300049304;0;10;0;13;0;1;0;A01
201300049305;0;10;0;4;0;1;1;A01
201300049306;0;33;0;0;0;0;1;A01
201300049307;0;7;0;3;2;2;17;A01
201300049307;0;15;0;0;0;7;1;B01
201300049308;0;7;0;0;2;4;2;C01
201300049308;0;7;0;0;2;1;2;A01
201300049308;0;7;0;0;2;4;2;B01
201300049309;0;33;0;0;0;8;1;A01
201300049310;0;33;0;0;2;1;3;A01
201300049310;0;7;0;0;2;5;12;B01
201300049311;0;7;0;12;0;1;1;A01
201300049312;0;7;0;0;2;4;2;B01
201300049312;0;7;0;0;2;1;2;A01
201300049312;0;10;0;0;0;4;2;C01
201300049313;0;7;0;0;2;4;2;A01
201300049313;1;13;0;0;2;1;2;Z01
201300049313;0;7;0;0;0;4;2;B01
201300049314;0;10;0;13;0;1;14;A01
201300049315;0;7;0;0;2;4;1;B01
201300049315;0;7;0;0;2;1;14;A01
201300049316;0;7;0;0;2;8;12;A01
201300049316;0;33;0;0;2;3;1;B01
201300049317;0;10;0;0;2;1;1;A01
201300049317;0;10;0;0;0;4;1;B01
201300049318;0;14;0;0;2;2;12;A01
201300049318;0;7;0;0;2;3;1;B01
201300049319;0;14;0;0;2;2;12;A01
201300049319;0;7;0;0;2;3;1;B01
201300049320;0;7;0;0;2;3;11;A01
201300049320;0;7;0;1;2;5;2;B01
201300049321;0;14;0;15;0;1;21;A01
201300049322;0;7;0;0;2;1;1;A01
201300049322;0;15;0;0;0;4;1;B01
201300049323;0;7;0;0;9;3;1;A01
201300049324;0;7;0;0;0;4;2;C01
201300049324;0;7;0;0;0;1;2;A01
201300049324;0;7;0;0;0;1;2;B01
201300049325;0;7;0;0;0;4;2;A01
201300049325;1;15;0;0;2;1;0;Z01
201300049326;0;10;0;0;2;1;2;A01
201300049326;0;7;0;0;2;4;2;B01
201300049327;1;99;0;0;2;1;2;Z01
201300049327;0;7;0;0;2;2;2;B01
201300049327;0;7;0;0;2;6;1;A01
201300049328;0;7;0;3;0;3;0;A01
201300049328;0;7;0;0;0;0;0;T01
201300049329;0;7;0;4;0;3;0;A01
201300049330;0;7;0;0;0;1;0;A01
201300049331;0;7;0;0;0;0;1;A01
201300049332;0;7;0;0;2;8;22;A01
201300049332;0;7;0;0;2;2;21;B01
201300049333;0;17;0;0;2;2;12;A01
201300049333;0;7;0;0;2;6;1;B01
201300049334;0;15;0;0;0;3;13;A01
201300049334;0;15;0;0;2;2;2;B01
201300049335;0;7;0;4;2;9;0;A01
201300049335;1;7;0;0;0;0;0;Z01
201300049336;0;10;0;3;0;9;1;A01
201300049337;0;7;0;0;2;6;1;A01
201300049337;0;7;0;3;2;2;1;B01
201300049338;0;7;0;0;2;5;1;C01
201300049338;0;7;0;0;2;2;1;B01
201300049338;0;7;0;0;0;0;1;T01
201300049338;0;7;0;0;2;6;11;A01
201300049339;0;7;0;4;0;3;11;A01
201300049340;0;7;0;4;0;9;0;A01
201300049341;0;7;0;0;2;2;14;A01
201300049341;0;7;0;0;2;6;0;B01
201300049342;0;7;0;3;0;1;16;A01
201300049343;0;15;0;0;2;2;12;A01
201300049343;0;7;0;0;2;8;1;B01
201300049344;0;10;0;0;2;1;5;A01
201300049344;0;10;0;0;2;1;2;C01
201300049344;0;10;0;0;2;7;21;B01
201300049345;0;10;0;0;2;1;1;A01
201300049345;0;7;0;0;0;4;1;B01
201300049346;0;14;0;0;2;2;12;A01
201300049346;0;7;0;0;2;8;0;B01
201300049347;0;10;0;0;2;5;1;B01
201300049347;0;33;0;0;2;1;17;A01
201300049348;0;7;0;0;2;2;2;A01
201300049348;0;10;0;0;0;4;2;B01
201300049349;0;33;0;0;2;4;2;B01
201300049349;0;7;0;0;9;3;2;A01
201300049350;0;7;0;0;2;9;1;B01
201300049350;0;7;0;4;2;3;12;A01
201300049351;0;33;0;0;0;7;21;B01
201300049351;0;7;0;0;0;0;19;A01
201300049352;0;7;0;0;0;0;16;A01
201300049353;0;7;0;0;0;9;1;A01
201300049354;0;7;0;0;2;5;12;A01
201300049354;0;33;0;0;2;1;3;B01
201300049355;0;10;0;12;0;2;1;A01
201300049356;0;7;0;4;2;4;1;A01
201300049356;0;10;0;0;2;0;1;B01
201300049357;0;7;0;3;2;2;2;A01
201300049357;0;7;0;0;2;6;23;B01
201300049358;0;15;0;3;0;2;1;A01
201300049359;1;99;0;0;2;2;17;Z01
201300049359;1;10;0;12;2;4;9;A01
201300049360;0;7;0;0;2;2;12;A01
201300049360;0;7;0;4;2;6;1;B01
201300049361;0;33;0;0;2;1;17;B01
201300049361;0;7;0;0;2;6;10;A01
201300049362;0;7;0;3;0;1;1;A01
201300049363;0;7;0;0;2;1;2;A01
201300049363;0;7;0;0;2;4;2;B01
201300049364;0;7;0;0;2;0;9;A01
201300049364;0;7;0;0;2;3;1;C02
201300049364;0;7;0;0;0;7;1;B02
201300049365;0;7;0;4;2;1;1;B01
201300049365;0;7;0;0;2;2;9;A01
201300049365;0;7;0;0;2;3;1;C01
201300049366;0;7;0;4;0;2;2;A01
201300049367;0;7;0;0;2;8;10;A01
201300049367;0;7;0;0;2;5;2;C01
201300049367;0;33;0;0;2;3;1;B01
201300049368;0;7;0;0;2;4;2;C01
201300049368;0;7;0;0;2;4;2;B01
201300049368;0;7;0;0;0;4;2;D01
201300049368;0;7;0;0;2;1;2;A01
201300049369;0;17;0;0;0;6;2;B01
201300049369;0;10;0;0;2;1;2;A01
201300049370;1;7;0;0;2;3;18;A01
201300049370;0;7;0;0;0;5;1;B01
201300049371;0;10;0;0;2;4;2;B01
201300049371;0;10;0;0;2;1;2;A01
201300049372;0;7;0;4;2;8;1;B01
201300049372;0;17;0;0;2;2;12;A01
201300049373;0;10;0;4;0;1;0;A01
201300049374;0;7;0;4;0;4;2;A01
201300049375;0;7;0;0;2;1;2;A01
201300049375;0;7;0;0;0;4;1;B01
201300049376;0;31;0;0;2;1;12;A01
201300049376;0;10;0;0;2;4;1;B01
201300049377;0;10;0;0;0;8;1;B01
201300049377;0;17;0;0;2;2;12;A01
201300049378;0;7;0;4;0;9;0;A01
201300049379;0;7;0;4;2;7;17;A01
201300049379;0;7;0;4;2;8;1;B01
201300049380;0;7;0;3;0;2;17;A01
201300049381;0;34;0;0;0;8;1;A01
201300049382;0;10;0;;2;6;1;D04
201300049382;2;7;0;;2;2;12;E01
201300049382;0;7;0;;2;3;1;B02
201300049382;0;7;0;;2;3;1;C03
201300049382;1;7;0;3;2;2;12;A01
201300049383;1;10;0;0;2;1;2;Z01
201300049383;0;7;0;0;0;4;2;A01
201300049384;0;7;0;0;2;8;1;B01
201300049384;0;7;0;0;2;1;1;C01
201300049384;0;14;0;0;2;2;12;A01
201300049385;0;7;0;4;0;3;1;A01
201300049386;0;33;0;0;0;0;0;A01
201300049387;0;7;0;0;0;5;12;B01
201300049387;0;33;0;0;2;5;0;A01
201300049388;0;10;0;0;2;1;2;A01
201300049388;0;10;0;0;0;4;1;B01
201300049389;0;7;0;0;0;8;2;A01
201300049389;0;10;0;0;0;0;21;C01
201300049389;0;7;0;0;2;8;21;B01
201300049390;2;7;0;0;2;1;2;Y01
201300049390;0;7;0;0;0;6;2;F02
201300049390;0;10;0;0;0;4;2;B01
201300049390;2;7;0;0;2;1;2;Z01
201300049390;0;10;0;0;2;8;2;E01
201300049390;0;7;0;0;2;4;2;A01
201300049391;0;7;0;0;2;7;21;A01
201300049391;0;10;0;0;2;1;1;B01
201300049392;0;33;0;0;2;7;2;B01
201300049392;0;7;0;0;2;8;13;A01
201300049393;0;17;0;0;2;1;2;A01
201300049393;0;17;0;0;0;4;2;B01
201300049394;0;7;0;4;2;2;1;C01
201300049394;0;7;0;0;2;8;1;B01
201300049394;0;14;0;0;2;1;12;A01
201300049395;0;7;0;0;2;1;2;A01
201300049395;0;7;0;0;0;4;2;B01
201300049396;0;10;0;0;2;4;2;C01
201300049396;0;17;0;0;2;1;2;A01
201300049396;0;7;0;0;0;5;2;D01
201300049396;0;7;0;0;2;4;2;B01
201300049397;0;7;0;4;0;3;0;A01
201300049398;0;7;0;0;2;1;1;A01
201300049398;0;7;0;0;2;4;2;C01
201300049398;0;7;0;0;2;4;2;B01
201300049399;0;7;0;4;0;7;1;A01
201300049400;0;2;0;0;0;0;13;A01
201300049401;0;7;0;4;0;1;11;A01
201300049402;0;7;0;0;2;1;2;A01
201300049402;0;7;0;0;0;4;2;B01
201300049402;0;7;0;0;0;4;2;C01
201300049403;0;7;0;4;0;9;1;A01
201300049404;0;7;0;4;0;2;1;A01
201300049405;0;7;0;0;2;1;2;B01
201300049405;0;17;0;0;2;4;1;C01
201300049405;0;7;0;0;9;1;2;A01
201300049406;0;33;0;0;2;6;1;B01
201300049406;0;7;0;0;2;2;12;A01
201300049406;0;7;0;0;2;4;1;C01
201300049407;0;33;0;0;2;1;11;A01
201300049407;0;7;0;0;2;6;2;B01
201300049408;0;7;0;0;2;4;2;C01
201300049408;0;7;0;0;2;4;2;D01
201300049408;0;7;0;0;2;1;9;A01
201300049408;0;7;0;0;2;4;2;B01
201300049409;0;7;0;0;2;2;14;A01
201300049409;0;15;0;0;2;5;1;C01
201300049409;0;7;0;0;2;4;1;B01
201300049410;0;7;0;0;2;1;2;A01
201300049410;0;7;0;0;2;4;2;B01
201300049411;0;10;0;0;2;2;2;A01
201300049411;0;33;0;0;2;6;1;B01
201300049412;0;33;0;0;0;0;1;A01
201300049413;0;10;0;0;2;1;3;A01
201300049413;0;15;0;0;0;6;1;B01
201300049414;0;7;0;0;2;2;17;A01
201300049414;0;7;0;0;0;4;1;B01
201300049415;0;7;0;0;2;1;2;A01
201300049415;0;7;0;0;0;4;2;B01
201300049416;0;7;0;0;0;4;1;F02
201300049416;0;7;0;0;2;4;23;E01
201300049416;0;7;0;0;2;4;23;D01
201300049416;0;7;0;0;2;4;23;C01
201300049416;0;7;0;0;2;4;2;B01
201300049416;0;10;0;0;2;1;2;A01
201300049417;0;7;0;4;0;1;0;A01
201300049418;0;7;0;0;2;2;14;A01
201300049418;0;17;0;0;0;6;1;B01
201300049419;0;15;0;4;0;7;1;A01
201300049420;0;7;0;0;0;4;1;B01
201300049420;0;7;0;0;2;1;2;A01
201300049421;0;10;0;4;0;1;1;A01
201300049422;1;7;0;0;2;1;12;Z01