num_acc;senc;catv;occutc;obs;obsm;choc;manv;num_veh
201300049422;0;7;0;0;2;4;2;A01
201300049423;0;31;0;0;0;1;1;A01
201300049424;0;7;0;4;0;3;12;A01
201300049424;0;33;0;0;2;0;21;B01
201300049425;0;7;0;0;2;7;2;D01
201300049425;0;17;0;0;2;6;1;B01
201300049425;0;7;0;0;2;2;12;A01
201300049425;0;7;0;0;2;2;1;C01
201300049426;0;10;0;0;2;1;2;A01
201300049426;0;7;0;0;2;4;0;B01
201300049427;0;33;0;0;0;0;1;A01
201300049427;1;33;0;0;2;1;3;Z01
201300049428;0;7;0;0;0;1;1;A01
201300049429;0;7;0;4;0;3;13;A01
201300049430;0;15;0;0;2;1;2;A01
201300049430;0;15;0;0;2;4;2;B01
201300049431;0;15;0;0;2;3;0;B01
201300049431;0;10;0;0;2;1;13;A01
201300049432;0;7;0;0;2;1;2;A01
201300049432;0;7;0;0;0;4;2;C01
201300049432;0;7;0;0;2;4;2;B01
201300049433;0;34;0;9;0;1;21;B01
201300049433;1;30;0;0;0;0;9;A01
201300049434;0;7;0;4;0;4;21;A01
201300049435;0;15;0;6;0;1;1;A01
201300049436;0;7;0;0;2;8;1;B01
201300049436;0;15;0;0;2;7;12;A01
201300049437;0;7;0;0;2;4;2;C01
201300049437;0;10;0;0;2;1;2;B01
201300049437;0;10;0;0;2;1;2;A01
201300049438;0;7;0;14;0;1;1;A01
201300049439;0;10;0;4;2;2;2;A01
201300049439;0;99;0;4;0;6;2;B01
201300049440;0;7;0;4;0;1;11;A01
201300049441;0;33;0;0;2;7;2;A01
201300049441;0;7;0;0;0;4;2;B01
201300049442;0;7;0;0;2;1;2;A01
201300049442;0;7;0;0;0;4;0;B01
201300049443;0;7;0;0;0;3;1;A01
201300049443;0;7;0;0;0;5;14;B01
201300049444;0;33;0;4;0;8;2;A01
201300049445;0;7;0;4;0;2;1;A01
201300049446;0;7;0;0;0;7;1;B01
201300049446;0;17;0;0;2;1;9;A01
201300049447;0;7;0;4;0;0;14;A01
201300049448;0;7;0;0;0;6;1;B01
201300049448;0;7;0;4;2;3;17;A01
201300049449;0;10;0;4;0;3;1;A01
201300049450;0;7;0;4;0;3;21;A01
201300049451;0;15;0;0;0;5;23;B01
201300049451;0;7;0;14;0;3;2;A01
201300049452;0;7;0;0;2;0;0;A01
201300049452;0;7;0;0;2;0;0;B01
201300049453;0;7;0;0;0;4;0;A01
201300049453;1;7;0;0;2;2;11;Z01
201300049454;0;33;0;4;0;8;0;A01
201300049455;0;7;0;0;2;1;1;A01
201300049455;0;7;0;0;2;4;1;B01
201300049455;0;7;0;0;0;4;23;C01
201300049456;0;7;0;0;2;3;1;A01
201300049456;0;7;0;0;0;4;1;B01
201300049457;1;3;0;0;2;2;0;Z01
201300049457;0;7;0;3;0;1;1;A01
201300049458;0;7;0;0;0;0;2;T01
201300049458;0;7;0;4;0;2;2;A01
201300049458;0;7;0;4;2;6;2;B01
201300049459;0;7;0;0;2;1;1;B01
201300049459;0;7;0;0;2;1;1;C01
201300049459;0;7;0;0;0;8;23;A01
201300049460;0;7;0;4;0;1;1;A01
201300049461;0;33;0;0;0;8;1;A01
201300049462;0;7;0;3;2;1;2;A01
201300049462;0;7;0;0;0;4;2;B01
201300049463;0;7;0;4;0;3;1;A01
201300049464;0;33;0;3;0;8;14;A01
201300049465;0;17;0;0;2;6;11;A01
201300049465;0;10;0;4;2;2;20;B01
201300049466;0;17;0;6;0;2;14;A01
201300049467;0;7;0;0;2;4;2;A01
201300049467;0;7;0;0;2;6;2;B01
201300049467;0;7;0;;2;4;2;C01
201300049467;0;7;0;0;2;4;2;D01
201300049467;1;7;0;;;;;Z01
201300049468;0;33;0;0;0;1;14;A01
201300049469;0;7;0;0;2;6;2;B01
201300049469;1;7;0;0;2;1;2;Z01
201300049470;0;7;0;0;0;4;2;B01
201300049470;0;7;0;0;0;1;13;A01
201300049471;0;7;0;1;0;8;21;C01
201300049471;0;7;0;4;0;2;1;A01
201300049471;0;38;67;1;0;1;1;B01
201300049472;0;7;0;4;0;2;1;A01
201300049473;0;7;0;14;0;1;2;A01
201300049473;0;7;0;14;0;4;2;B01
201300049473;0;7;0;0;0;4;2;C01
201300049474;0;17;0;0;2;2;12;A01
201300049474;0;7;0;4;2;6;1;B01
201300049475;0;10;0;0;2;4;2;C01
201300049475;0;10;0;0;2;1;2;A01
201300049475;0;10;0;0;2;4;2;B01
201300049475;0;10;0;0;0;4;0;D01
201300049476;0;7;0;0;2;1;2;A01
201300049476;0;7;0;0;2;4;2;B01
201300049477;0;7;0;0;2;4;2;C01
201300049477;0;7;0;0;2;4;2;B01
201300049477;0;7;0;0;2;1;2;A01
201300049478;0;7;0;0;2;1;2;A01
201300049478;0;10;0;0;0;4;2;B01
201300049479;0;7;0;0;2;1;2;A01
201300049479;0;7;0;0;0;4;2;B01
201300049480;0;7;0;3;0;2;21;A01
201300049481;0;99;0;0;0;4;1;B01
201300049481;0;15;0;0;0;2;13;C01
201300049481;0;15;0;0;2;2;11;A01
201300049482;0;7;0;0;2;1;2;A01
201300049482;0;7;0;0;2;4;1;B01
201300049482;0;7;0;0;2;4;2;D01
201300049482;0;7;0;0;2;4;2;C01
201300049483;0;7;0;0;2;2;5;A01
201300049483;0;7;0;0;2;7;21;B01
201300049484;0;7;0;4;2;8;1;B01
201300049484;0;7;0;0;2;7;14;A01
201300049485;0;7;0;0;2;7;1;D01
201300049485;0;7;0;0;2;1;1;B01
201300049485;0;7;0;0;2;4;2;C01
201300049485;0;10;0;0;2;1;1;A01
201300049486;0;7;0;4;0;1;1;A01
201300049487;0;7;0;0;2;4;2;C01
201300049487;0;7;0;0;2;4;2;B01
201300049487;0;7;0;0;2;1;2;A01
201300049488;0;33;0;0;2;1;2;A01
201300049488;0;7;0;0;2;4;2;B01
201300049489;0;10;0;0;0;4;2;B01
201300049489;0;7;0;0;2;1;2;A01
201300049490;0;7;0;0;0;4;2;B01
201300049490;0;7;0;0;2;1;2;A01
201300049491;0;7;0;0;2;1;2;A01
201300049491;0;7;0;0;2;4;2;B01
201300049492;0;7;0;14;2;7;1;C01
201300049492;0;7;0;0;2;1;1;A01
201300049492;0;7;0;0;0;4;2;B01
201300049492;0;7;0;1;2;2;1;D01
201300049493;1;10;0;0;2;1;2;Z01
201300049493;0;7;0;4;0;4;1;A01
201300049494;0;7;0;4;0;1;0;A01
201300049495;0;7;0;0;0;5;2;B01
201300049495;0;7;0;0;2;1;2;A01
201300049496;0;7;0;3;2;2;17;A01
201300049496;0;7;0;0;2;3;1;B01
201300049497;0;7;0;0;2;1;1;B01
201300049497;0;7;0;0;2;7;19;A01
201300049498;0;7;0;4;0;1;0;A01
201300049499;0;33;0;0;2;1;2;A01
201300049499;0;10;0;0;0;6;1;B01
201300049499;0;13;0;0;9;7;1;C01
201300049500;0;10;0;0;2;4;2;B01
201300049500;0;7;0;0;2;1;1;A01
201300049500;0;99;0;0;2;4;2;C01
201300049501;0;7;0;0;2;1;2;A01
201300049501;0;7;0;0;2;4;2;D01
201300049501;0;7;0;0;2;4;2;B01
201300049501;0;7;0;0;2;4;2;C01
201300049502;0;7;0;4;2;6;0;B01
201300049502;0;17;0;0;2;2;12;A01
201300049503;0;7;0;0;2;8;1;B01
201300049503;0;7;0;3;2;9;14;A01
201300049504;0;7;0;4;0;7;14;A01
201300049505;0;7;0;0;2;2;11;A01
201300049505;0;7;0;0;2;2;1;C01
201300049505;0;7;0;0;2;6;2;B01
201300049506;0;17;0;0;0;4;2;D01
201300049506;0;17;0;0;2;4;2;C01
201300049506;0;17;0;0;2;6;1;B01
201300049506;0;14;0;0;2;2;21;A01
201300049507;0;33;0;0;2;2;17;B01
201300049507;0;7;0;0;2;8;10;A01
201300049508;0;7;0;0;2;1;2;A01
201300049508;0;7;0;0;0;4;2;B01
201300049509;0;7;0;4;0;1;0;A01
201300049510;0;7;0;0;0;1;21;A01
201300049511;0;10;0;0;2;1;2;A01
201300049511;0;14;0;0;2;4;2;B01
201300049512;0;7;0;0;0;4;2;C01
201300049512;0;7;0;0;2;1;2;A01
201300049512;0;7;0;0;2;4;2;B01
201300049513;0;7;0;3;2;2;12;A01
201300049513;0;7;0;4;2;6;1;B01
201300049514;0;33;0;0;0;0;15;A01
201300049515;0;7;0;0;2;2;21;B01
201300049515;0;7;0;0;2;6;1;C01
201300049515;0;7;0;0;2;8;1;D01
201300049515;0;7;0;0;2;6;11;A01
201300049516;0;7;0;0;0;0;0;B01
201300049516;0;7;0;0;0;0;0;A01
201300049517;0;7;0;0;2;1;2;A01
201300049517;0;10;0;0;2;2;2;C01
201300049517;0;7;0;0;0;4;0;B01
201300049518;0;10;0;0;0;4;2;D01
201300049518;0;14;0;0;2;1;2;A01
201300049518;0;10;0;0;0;4;2;C01
201300049518;0;17;0;0;0;4;2;E01
201300049518;0;10;0;0;0;4;2;B01
201300049519;0;7;0;0;2;1;1;A01
201300049519;0;7;0;0;0;8;1;B01
201300049520;0;7;0;4;0;8;11;A01
201300049521;0;31;0;14;0;2;1;A01
201300049522;0;7;0;0;0;6;1;B01
201300049522;0;10;0;0;2;3;1;A01
201300049523;0;33;0;0;0;8;17;A01
201300049524;0;7;0;4;0;1;15;A01
201300049525;0;7;0;0;2;1;1;C01
201300049525;0;7;0;14;2;3;9;A01
201300049525;0;7;0;0;2;7;1;B01
201300049526;0;7;0;6;0;1;0;A01
201300049527;0;7;0;0;0;4;2;D01
201300049527;0;7;0;0;0;4;2;B01
201300049527;0;7;0;0;2;1;2;A01
201300049527;0;7;0;0;0;4;2;C01
201300049528;0;33;0;0;0;0;1;A01
201300049529;0;7;0;3;0;1;0;A01
201300049530;0;7;0;0;2;1;2;A01
201300049530;0;7;0;0;0;4;2;B01
201300049531;0;7;0;4;0;3;16;A01
201300049532;0;7;0;0;2;1;2;A01
201300049532;0;7;0;0;2;4;2;B01
201300049532;0;7;0;0;0;4;2;C01
201300049533;0;7;0;0;2;8;1;B01
201300049533;0;15;0;0;2;2;12;A01
201300049534;0;7;0;0;2;5;21;B01
201300049534;0;7;0;4;2;4;11;A01
201300049535;0;7;0;13;0;9;1;A01
201300049536;0;10;0;0;0;0;24;B01
201300049536;0;7;0;0;1;1;0;A01
201300049537;0;7;0;0;2;1;2;A01
201300049537;0;7;0;0;2;4;2;B01
201300049537;0;7;0;0;2;4;2;C01
201300049538;0;7;0;0;2;2;14;A01
201300049538;0;7;0;0;0;8;1;B01
201300049539;0;7;0;0;2;8;13;A01
201300049539;0;16;0;0;2;8;1;B01
201300049540;0;7;0;0;0;4;2;B01
201300049540;0;7;0;0;2;1;2;A01
201300049541;0;10;0;4;0;4;2;B01
201300049541;0;10;0;0;2;3;2;A01
201300049542;0;33;0;0;2;8;1;B01
201300049542;0;7;0;0;2;3;11;A01
201300049543;0;7;0;0;0;8;11;A01
201300049543;0;17;0;0;2;1;15;B01
201300049544;0;7;0;0;2;1;13;A01
201300049544;0;7;0;0;2;1;14;B01
201300049544;0;15;0;0;2;8;1;C01
201300049545;0;14;0;;2;2;1;A01
201300049545;0;7;0;;2;6;1;B02
201300049546;0;7;0;0;0;4;2;B01
201300049546;0;7;0;0;0;4;2;C01
201300049546;0;7;0;0;0;1;2;A01
201300049547;0;7;0;4;0;4;1;A01
201300049548;0;7;0;4;6;3;21;A01
201300049549;0;14;0;0;2;2;2;A01
201300049549;0;7;0;0;2;6;2;B01
201300049549;0;7;0;4;2;2;1;C01
201300049549;0;7;0;0;2;6;2;D01
201300049549;0;10;0;0;0;6;2;E01
201300049550;0;10;0;0;0;6;2;B01
201300049550;0;15;0;0;2;2;12;A01
201300049551;0;99;0;0;2;1;1;A01
201300049551;0;7;0;0;2;9;0;B01
201300049551;0;7;0;0;2;0;0;C01
201300049551;0;7;0;0;0;0;0;D01
201300049551;0;7;0;0;2;0;0;E01
201300049551;0;7;0;0;2;6;0;F02
201300049551;0;7;0;0;0;0;0;G02
201300049552;0;14;0;0;2;1;2;A01
201300049552;0;10;0;0;2;4;2;C01
201300049552;0;7;0;0;2;4;2;B01
201300049553;0;10;0;0;2;1;2;A01
201300049553;0;17;0;0;2;4;2;B01
201300049554;0;7;0;0;0;6;23;B01
201300049554;0;33;0;1;0;1;2;A01
201300049555;0;33;0;13;0;7;13;A01
201300049556;0;15;0;12;0;7;15;A01
201300049557;0;7;0;4;;8;;A01
201300049557;1;7;0;;;;;Z02
201300049558;0;7;0;4;2;5;12;A01
201300049558;0;7;0;0;2;8;1;B01
201300049559;0;32;0;10;0;7;14;A01
201300049560;0;7;0;4;0;3;0;A01
201300049561;0;7;0;0;0;4;24;B01
201300049561;0;17;0;1;0;2;21;A01
201300049562;0;7;0;4;0;7;1;A01
201300049563;0;7;0;13;0;2;0;A01
201300049564;0;7;0;0;0;7;14;A01
201300049565;0;7;0;3;9;2;1;A01
201300049565;0;17;0;0;2;8;1;B01
201300049566;0;7;0;3;0;1;1;A01
201300049567;0;7;0;4;0;3;2;A01
201300049568;0;37;1;0;1;2;1;A01
201300049569;0;10;0;0;2;1;13;A01
201300049569;0;7;0;0;2;6;1;B01
201300049569;0;32;0;0;2;1;1;C01
201300049570;0;7;0;6;0;1;14;A01
201300049571;0;7;0;0;2;3;1;B01
201300049571;0;7;0;0;2;3;13;A01
201300049572;0;31;0;0;1;1;17;A01
201300049573;0;7;0;0;1;1;1;A01
201300049574;0;7;0;2;0;0;1;A01
201300049575;0;1;0;0;2;1;1;A01
201300049575;0;7;0;0;2;3;23;B01
201300049576;0;7;0;0;1;8;2;A01
201300049577;0;7;0;0;2;3;10;A01
201300049577;0;33;0;0;2;1;2;B01
201300049578;0;7;0;4;0;3;16;A01
201300049579;0;14;0;0;2;3;13;A01
201300049579;0;37;5;0;2;8;0;B01
201300049580;0;7;0;1;2;3;5;A01
201300049580;0;7;0;0;2;3;1;B01
201300049581;0;7;0;0;1;0;4;A01
201300049582;0;7;0;0;2;8;19;A01
201300049582;0;1;0;0;2;1;1;B01
201300049583;0;33;0;8;0;1;14;A01
201300049584;0;38;1;0;1;2;1;A01
201300049585;0;7;0;0;2;3;1;B01
201300049585;0;10;0;0;2;1;1;A01
201300049586;0;7;0;0;1;1;1;A01
201300049587;0;1;0;0;2;1;1;B01
201300049587;0;7;0;0;2;2;15;A01
201300049588;0;30;0;0;2;1;1;B01
201300049588;0;7;0;0;2;8;9;A01
201300049589;0;7;0;0;2;1;1;B01
201300049589;0;7;0;0;2;3;19;A01
201300049590;0;7;0;6;0;1;1;A01
201300049591;0;7;0;7;0;1;16;A01
201300049592;0;7;0;4;0;1;1;A01
201300049593;0;32;0;0;2;8;1;B01
201300049593;0;7;0;0;2;8;9;A01
201300049594;0;7;0;0;2;3;16;A01
201300049594;0;7;0;0;2;8;1;B01
201300049595;0;7;0;3;0;1;14;A01
201300049596;0;7;0;0;2;7;23;B01
201300049596;0;1;0;0;2;0;13;A01
201300049597;0;7;0;0;1;1;15;A01
201300049598;0;7;0;0;2;2;1;A01
201300049598;0;32;0;0;2;6;2;B01
201300049599;1;7;0;0;2;0;0;Z01
201300049599;0;7;0;0;2;4;1;A01
201300049600;0;7;0;1;2;4;2;B01
201300049600;0;7;0;0;2;1;2;A01
201300049601;0;33;0;0;2;8;1;B01
201300049601;0;7;0;0;2;1;15;A01
201300049602;0;34;0;0;2;1;1;B01
201300049602;0;7;0;0;2;1;15;A01
201300049603;0;10;0;0;2;2;0;A01
201300049603;0;7;0;0;2;8;0;B01
201300049604;0;7;0;0;2;1;15;A01
201300049604;0;33;0;0;2;7;1;B01
201300049605;0;7;0;8;1;1;20;A01
201300049606;0;33;0;0;2;2;14;B01
201300049606;0;7;0;0;2;3;1;A01
201300049607;0;7;0;0;2;3;2;A01
201300049607;0;7;0;0;2;4;2;B01
201300049608;0;33;0;0;0;8;15;A01
201300049609;0;7;0;0;2;3;1;A01
201300049609;0;1;0;0;2;8;19;B01
201300049610;0;7;0;0;2;3;2;B01
201300049610;0;7;0;0;2;3;15;A01
201300049611;0;7;0;0;1;1;0;A01
201300049612;0;7;0;0;1;0;0;A01
201300049613;0;7;0;0;1;3;1;A01
201300049614;0;38;1;0;1;0;1;A01
201300049615;0;7;0;0;1;1;16;A01
201300049616;0;7;0;0;2;3;10;A01
201300049616;0;33;0;0;2;2;1;B01
201300049617;1;7;0;0;1;0;0;Z01
201300049618;0;7;0;0;2;3;1;A01
201300049618;0;2;0;0;2;2;14;B01
201300049619;0;31;0;0;0;7;17;A01
201300049620;0;7;0;0;1;1;1;A01
201300049621;0;7;0;0;1;6;1;A01
201300049622;0;7;0;0;2;1;15;A01
201300049622;0;30;0;0;2;3;2;B01
201300049623;0;32;0;0;2;1;17;A01
201300049623;0;7;0;0;2;4;15;B01
201300049624;0;7;0;6;0;1;1;A01
201300049625;0;7;0;0;2;2;1;A01
201300049625;0;7;0;0;2;3;0;B01
201300049626;0;7;0;2;0;1;1;A01
201300049627;0;30;0;0;2;8;1;B01
201300049627;0;7;0;0;2;2;14;A01
201300049628;0;30;0;0;0;7;1;A01
201300049629;0;7;0;0;9;1;2;A01
201300049629;0;30;0;0;0;4;24;B01
201300049630;0;7;0;8;2;7;1;B01
201300049630;2;7;0;8;2;1;1;Z01
201300049631;0;32;0;0;2;1;1;B01
201300049631;1;7;0;0;2;8;1;A01
201300049632;0;7;0;0;9;3;16;A01
201300049632;0;1;0;0;2;2;15;B01
201300049633;0;1;0;0;2;1;15;A01
201300049633;0;7;0;0;2;3;15;B01
201300049634;0;7;0;0;1;7;9;A01
201300049635;0;7;0;8;2;4;23;B01
201300049635;0;10;0;0;2;2;1;A01
201300049636;0;1;0;1;0;1;14;A01
201300049637;0;7;0;0;1;1;1;A01
201300049638;0;7;0;0;1;2;15;A01
201300049639;0;34;0;0;0;0;0;A01
201300049640;0;7;0;0;1;1;1;A01
201300049641;0;7;0;0;2;2;1;B01
201300049641;0;30;0;0;2;8;9;A01
201300049642;0;30;0;0;0;0;1;A01
201300049643;0;2;0;0;1;1;13;A01
201300049644;0;7;0;0;2;1;1;A01
201300049644;0;7;0;0;2;4;1;B01
201300049645;0;7;0;0;2;3;1;C01
201300049645;0;7;0;0;2;6;1;B01
201300049645;0;7;0;0;2;2;19;A01
201300049646;0;7;0;0;1;5;4;A01
201300049647;0;7;0;1;0;2;1;A01
201300049648;0;7;0;0;2;3;9;A01
201300049648;0;30;0;0;2;1;1;B01
201300049649;0;10;0;0;2;4;1;B01
201300049649;0;7;0;0;2;1;1;A01
201300049650;0;7;0;0;1;1;0;A01
201300049651;0;7;0;0;1;1;15;A01
201300049652;0;33;0;0;2;0;15;B01
201300049652;0;7;0;0;2;2;15;A01
201300049653;0;7;0;0;1;2;1;A01
201300049654;0;7;0;0;2;3;1;B01
201300049654;0;7;0;0;0;0;13;C01
201300049654;0;31;0;0;2;1;21;A01
201300049655;0;10;0;0;2;4;4;A01
201300049655;0;32;0;0;2;1;1;B01
201300049656;0;7;0;0;2;3;1;B01
201300049656;0;7;0;6;2;1;5;A01
201300049657;1;7;0;0;2;0;13;Z01
201300049657;0;7;0;12;2;5;1;B01
201300049658;0;7;0;0;1;1;1;A01
201300049659;0;31;0;0;2;1;1;B01
201300049659;0;7;0;0;2;1;15;A01
201300049660;0;7;0;0;1;3;1;B01
201300049660;0;7;0;0;1;3;1;A01
201300049661;0;7;0;0;2;1;2;A01
201300049661;0;7;0;3;2;4;9;B01
201300049662;0;7;0;0;2;3;15;A01
201300049662;0;32;0;0;2;3;1;B01
201300049663;0;7;0;0;0;1;15;A01
201300049663;0;30;0;0;2;8;1;B01
201300049664;0;7;0;14;1;1;7;A01
201300049665;0;13;0;0;1;3;15;A01
201300049666;0;31;0;0;0;7;0;B01
201300049666;0;7;0;0;2;1;2;A01
201300049667;0;7;0;0;0;4;23;C01
201300049667;0;7;0;0;2;4;23;B01
201300049667;0;7;0;0;2;2;9;A01
201300049668;0;34;0;0;0;3;0;A01
201300049669;0;7;0;0;2;1;2;A01
201300049669;0;7;0;0;2;4;23;B01
201300049669;0;7;0;0;0;4;23;C01
201300049670;0;7;0;0;0;5;23;B01
201300049670;0;7;0;0;0;8;23;C01
201300049670;2;7;0;0;2;3;3;A01
201300049671;0;7;0;0;2;1;2;A01
201300049671;0;7;0;0;2;4;23;B01
201300049671;0;7;0;0;2;4;23;C01
201300049671;0;7;0;0;0;4;23;D01
201300049672;0;7;0;0;2;8;11;A01
201300049672;0;33;0;0;0;7;1;B01
201300049673;0;7;0;0;2;1;1;A01
201300049673;0;7;0;0;2;4;23;B01
201300049673;0;7;0;0;0;4;23;C01
201300049674;0;7;0;0;2;1;2;A01
201300049674;0;7;0;0;0;4;1;B01
201300049675;0;7;0;1;2;1;21;A01
201300049675;0;7;0;0;0;5;23;B01
201300049675;0;7;0;0;0;8;1;C01
201300049676;0;7;0;0;1;2;23;A01
201300049677;0;10;0;0;2;1;2;A01
201300049677;0;7;0;0;0;4;1;B01
201300049678;0;10;0;4;0;1;13;A01
201300049679;0;10;0;0;2;1;1;A01
201300049679;0;7;0;0;0;4;1;B01
201300049680;0;7;0;0;2;2;2;A01
201300049680;0;7;0;0;0;6;2;B01
201300049681;0;7;0;0;2;4;2;B01
201300049681;0;7;0;3;0;8;1;C01
201300049681;0;7;0;0;2;1;2;A01
201300049682;0;7;0;0;2;1;1;A01
201300049682;0;7;0;0;2;4;23;B01
201300049682;0;7;0;0;2;4;23;C01
201300049682;0;7;0;0;0;4;23;D01
201300049683;0;7;0;4;0;3;21;A01
201300049684;0;7;0;0;2;1;1;A01
201300049684;0;7;0;0;0;4;23;C01
201300049684;0;7;0;0;2;4;23;B01
201300049685;0;7;0;0;2;2;2;A01
201300049685;0;7;0;0;0;6;23;B01
201300049686;0;7;0;0;2;3;21;B01
201300049686;0;7;0;0;2;3;5;A01
201300049687;0;7;0;0;0;4;23;B01
201300049687;0;7;0;0;2;1;2;A01
201300049688;0;33;0;0;0;7;1;A01
201300049689;0;10;0;0;2;3;2;A01
201300049689;0;10;0;4;0;4;1;B01
201300049690;0;7;0;15;0;3;13;A01
201300049691;0;10;0;0;0;8;2;B01
201300049691;0;10;0;0;2;1;2;A01
201300049692;0;7;0;0;2;5;2;B01
201300049692;0;7;0;0;0;4;2;A01
201300049692;0;7;0;0;2;1;1;C01
201300049693;0;10;0;0;2;4;2;C01
201300049693;0;10;0;0;2;4;2;B01
201300049693;0;10;0;0;2;3;2;A01
201300049694;0;7;0;0;0;4;2;B01
201300049694;0;7;0;0;2;1;1;A01
201300049695;0;7;0;3;0;1;14;A01
201300049696;0;33;0;0;2;1;2;A01
201300049696;0;10;0;0;9;5;1;B01
201300049697;0;7;0;0;2;4;2;C01
201300049697;0;7;0;0;0;4;2;D01
201300049697;0;10;0;0;2;4;2;B01
201300049697;0;38;1;0;2;1;2;A01
201300049698;0;7;0;4;2;7;17;B01
201300049698;0;7;0;4;2;8;11;A01
201300049699;0;7;0;4;0;2;21;A01
201300049700;0;33;0;0;9;1;1;B01
201300049700;0;1;0;0;0;4;19;A01
201300049701;0;34;0;0;0;2;1;A01
201300049702;0;7;0;0;2;1;2;A01
201300049702;0;7;0;0;0;4;23;B01
201300049703;0;7;0;0;2;2;21;A01
201300049703;0;7;0;0;2;6;23;B01
201300049703;0;7;0;0;2;4;23;C01
201300049703;0;7;0;0;0;4;23;D01
201300049704;0;33;0;0;0;7;1;A01
201300049705;0;7;0;15;2;1;2;A01
201300049705;0;7;0;0;0;4;1;B01
201300049706;0;7;0;4;0;1;17;A01
201300049707;0;33;0;0;0;7;17;A01
201300049708;0;7;0;0;0;8;9;B01
201300049708;1;14;0;0;2;2;1;A01
201300049709;0;34;0;0;2;1;21;C01
201300049709;0;7;0;0;0;4;23;B01
201300049709;0;7;0;0;2;1;2;A01
201300049710;0;7;0;4;0;6;21;A01
201300049711;0;7;0;0;2;1;2;A01
201300049711;0;7;0;0;0;4;23;B01
201300049712;0;10;0;0;2;1;2;A01
201300049712;0;7;0;0;0;4;1;B01
201300049713;1;7;0;0;2;1;11;A01
201300049713;0;7;0;3;0;6;1;B01
201300049713;0;10;0;14;0;1;1;C01
201300049714;2;7;0;7;2;3;2;A01
201300049714;0;7;0;0;0;4;12;B01
201300049714;0;7;0;0;2;1;1;C01
201300049715;0;33;0;0;0;8;1;B01
201300049715;1;7;0;0;2;7;12;A01
201300049716;0;10;0;0;2;2;14;A01
201300049716;0;7;0;0;0;3;1;B01
201300049717;0;7;0;0;2;1;2;A01
201300049717;0;7;0;0;2;4;2;B01
201300049717;0;7;0;0;0;4;2;C01
201300049718;2;7;0;0;2;1;2;A01
201300049718;0;7;0;0;0;4;1;B01
201300049719;0;33;0;0;2;1;1;A01
201300049719;0;7;0;0;0;5;17;B01
201300049720;0;7;0;0;0;4;1;B01
201300049720;0;7;0;0;2;1;2;A01
201300049721;0;33;0;0;0;8;1;C01
201300049721;0;10;0;0;0;4;23;B01
201300049721;0;7;0;0;2;1;1;A01
201300049722;0;7;0;0;2;1;1;A01
201300049722;0;7;0;0;2;5;23;B01
201300049722;0;7;0;0;0;4;23;C01
201300049723;0;7;0;0;0;8;1;B01
201300049723;0;7;0;0;2;2;17;A01
201300049724;0;33;0;0;2;1;11;A01
201300049724;0;10;0;0;0;6;1;B01
201300049725;0;7;0;4;0;7;13;A01
201300049726;0;34;0;0;2;7;21;B01
201300049726;0;7;0;0;0;6;23;A01
201300049727;0;7;0;0;2;4;2;C01
201300049727;0;7;0;0;2;1;2;A01
201300049727;0;7;0;0;0;4;2;D01
201300049727;0;7;0;0;2;4;2;B01
201300049728;0;34;0;5;0;2;14;A01
201300049729;0;7;0;4;0;8;13;A01
201300049730;0;34;0;0;0;0;3;A01
201300049731;0;7;0;0;0;8;1;C01
201300049731;0;7;0;0;0;4;23;D01
201300049731;0;7;0;0;2;3;21;B01
201300049731;0;7;0;4;0;1;17;A01
201300049731;0;7;0;0;2;1;21;E01
201300049732;0;7;0;0;0;8;1;B01
201300049732;0;7;0;0;2;2;14;A01
201300049733;0;7;0;0;0;4;1;B01
201300049733;0;7;0;0;2;1;12;A01
201300049734;0;7;0;0;2;4;23;B01
201300049734;0;7;0;0;0;4;23;C01
201300049734;0;7;0;0;2;1;2;A01
201300049735;0;7;0;3;0;7;1;B01
201300049735;0;7;0;4;2;2;1;A01
201300049735;0;7;0;3;2;1;1;C01
201300049736;0;7;0;0;2;1;1;A01
201300049736;0;32;0;0;0;4;23;B01
201300049737;0;7;0;0;2;1;2;A01
201300049737;0;7;0;0;2;4;2;B01
201300049737;0;7;0;0;0;4;2;C01
201300049738;0;7;0;13;0;7;1;A01
201300049739;0;7;0;0;0;3;1;A01
201300049740;0;7;0;0;2;1;2;B01
201300049740;0;7;0;0;0;4;2;A01
201300049741;0;7;0;3;0;1;6;A01
201300049742;0;7;0;0;2;1;1;C01
201300049742;0;7;0;0;2;4;1;B01
201300049742;0;7;0;0;0;4;1;A01
201300049743;0;10;0;0;2;4;2;A01
201300049743;0;7;0;0;2;1;2;B01
201300049744;0;10;0;3;0;1;21;A01
201300049745;0;7;0;0;0;1;1;B01
201300049745;0;7;0;0;0;4;1;A01
201300049746;0;33;0;5;0;1;2;A01
201300049747;0;10;0;0;0;4;1;A01
201300049747;0;7;0;0;2;1;2;B01
201300049748;0;34;0;0;0;1;1;A01
201300049749;0;33;0;0;0;0;1;A01
201300049750;0;7;0;0;2;4;2;A01
201300049750;0;7;0;0;2;4;2;B01
201300049750;0;7;0;0;2;1;2;C01
201300049751;0;7;0;0;2;4;2;B01
201300049751;0;7;0;0;2;8;1;C01
201300049751;0;7;0;0;2;1;1;A01
201300049752;0;7;0;0;2;1;1;B01
201300049752;0;7;0;0;0;4;1;A01
201300049753;0;14;0;0;0;6;0;A01
201300049753;0;7;0;0;2;2;21;B01