num_acc;senc;catv;occutc;obs;obsm;choc;manv;num_veh
201300049754;0;7;0;0;2;4;2;A01
201300049754;0;7;0;0;2;1;2;B01
201300049755;0;7;0;0;2;1;2;B01
201300049755;0;7;0;0;2;4;2;A01
201300049756;0;7;0;0;0;1;2;B01
201300049756;0;7;0;0;0;4;2;A01
201300049757;0;7;0;0;0;9;1;A01
201300049758;0;7;0;4;0;9;1;A01
201300049759;0;33;0;0;0;0;1;A01
201300049760;0;10;0;0;0;4;2;A01
201300049760;0;10;0;0;2;1;2;B01
201300049761;0;7;0;0;2;1;2;A01
201300049761;0;33;0;0;2;4;2;B01
201300049762;0;7;0;0;0;6;23;A01
201300049762;0;10;0;1;0;2;14;B01
201300049762;0;10;0;0;2;1;21;C01
201300049763;0;7;0;0;2;4;1;B01
201300049763;0;7;0;0;2;3;1;C01
201300049763;0;7;0;0;2;4;1;A01
201300049764;0;7;0;0;0;4;2;A01
201300049764;0;7;0;0;2;1;2;B01
201300049765;0;7;0;0;0;4;23;A01
201300049765;0;7;0;0;2;1;2;B01
201300049766;0;7;0;0;0;9;21;A01
201300049767;0;14;0;3;0;1;1;A01
201300049768;0;7;0;0;0;4;2;A01
201300049769;0;10;0;0;0;0;0;A01
201300049770;0;7;0;0;2;3;2;B01
201300049770;0;14;0;0;0;5;23;A01
201300049771;0;7;0;0;0;6;1;A01
201300049771;0;7;0;0;2;1;1;B01
201300049772;0;7;0;0;0;6;1;A01
201300049772;0;15;0;0;0;2;12;B01
201300049773;0;7;0;0;2;5;17;B01
201300049773;0;7;0;0;2;3;13;A01
201300049774;0;7;0;0;2;1;2;C01
201300049774;0;7;0;0;2;9;2;B01
201300049774;0;7;0;0;2;4;2;A01
201300049775;0;7;0;0;2;4;0;B01
201300049775;0;7;0;0;2;1;0;C01
201300049775;0;7;0;0;2;1;0;A01
201300049775;0;7;0;0;2;1;0;D01
201300049776;0;33;0;0;9;7;2;A01
201300049777;0;7;0;0;0;1;0;A01
201300049778;0;7;0;0;0;1;2;B01
201300049778;0;7;0;0;0;4;2;A01
201300049779;0;7;0;0;2;4;2;A01
201300049779;0;14;0;0;2;8;13;C01
201300049779;0;7;0;0;2;7;2;B01
201300049779;0;7;0;0;2;7;2;D01
201300049779;0;7;0;0;2;1;2;E01
201300049780;0;10;0;0;2;1;1;B01
201300049780;0;10;0;0;0;4;11;A01
201300049781;0;7;0;0;0;4;0;A01
201300049781;0;7;0;0;2;1;1;B01
201300049782;0;7;0;0;2;4;1;B01
201300049782;0;7;0;0;2;1;1;D01
201300049782;0;7;0;0;2;4;1;A01
201300049782;0;7;0;0;2;4;1;C01
201300049783;0;7;0;4;0;1;21;A01
201300049784;0;7;0;3;0;1;21;A01
201300049785;0;7;0;3;0;1;0;A01
201300049786;0;7;0;0;0;0;2;C01
201300049786;0;7;0;0;0;4;2;A01
201300049786;0;14;0;0;0;1;2;D01
201300049786;0;7;0;0;0;4;2;B01
201300049787;1;99;0;0;2;2;0;Z01
201300049787;0;7;0;0;2;1;2;B01
201300049787;0;7;0;4;0;4;1;A01
201300049788;0;7;0;0;2;4;2;B01
201300049788;0;7;0;0;2;1;2;C01
201300049788;0;7;0;0;0;4;2;A01
201300049789;0;7;0;4;0;1;2;A01
201300049789;0;10;0;14;0;1;2;B01
201300049790;0;7;0;6;0;1;2;A01
201300049791;0;7;0;0;0;6;1;A01
201300049791;0;7;0;0;2;1;3;B01
201300049792;0;7;0;0;0;4;23;A01
201300049792;0;7;0;0;2;1;2;B01
201300049793;0;7;0;0;0;9;1;A01
201300049794;0;7;0;3;0;1;1;A01
201300049795;0;7;0;0;2;1;2;B01
201300049795;0;7;0;0;2;4;2;A01
201300049796;0;7;0;0;2;1;2;E02
201300049796;0;7;0;0;2;1;2;B01
201300049796;0;7;0;0;0;4;0;A01
201300049796;0;7;0;0;0;1;1;C01
201300049796;0;7;0;0;0;4;2;D01
201300049796;0;7;0;0;2;3;2;F01
201300049796;0;7;0;0;2;1;2;G02
201300049797;0;10;0;0;2;1;2;B01
201300049797;0;10;0;0;2;4;2;A01
201300049798;0;7;0;0;0;6;2;A01
201300049798;0;7;0;0;0;1;2;B01
201300049798;0;7;0;0;0;1;2;C01
201300049799;0;7;0;0;2;0;2;A01
201300049799;0;7;0;0;9;1;2;B01
201300049800;0;7;0;0;2;4;0;A01
201300049800;0;10;0;0;2;1;2;B01
201300049801;0;7;0;0;2;2;2;C01
201300049801;0;7;0;4;0;9;11;A01
201300049801;0;7;0;0;2;1;2;B01
201300049802;0;10;0;3;0;1;1;A01
201300049803;0;15;0;0;2;2;14;A01
201300049804;0;14;0;0;2;1;1;C01
201300049804;0;33;0;0;2;4;2;A01
201300049804;0;10;0;0;2;4;2;B01
201300049805;0;33;0;0;2;1;2;B01
201300049805;0;7;0;0;0;4;2;A01
201300049806;0;7;0;4;0;1;2;A01
201300049807;0;7;0;4;0;2;1;A01
201300049808;0;10;0;0;2;4;2;C01
201300049808;0;7;0;0;2;1;2;D01
201300049808;0;7;0;0;2;1;2;B01
201300049808;0;7;0;0;2;4;2;A01
201300049809;0;7;0;0;2;4;2;B01
201300049809;0;7;0;0;2;4;2;A01
201300049810;0;7;0;0;2;1;2;B01
201300049810;0;7;0;0;2;4;2;A01
201300049811;0;7;0;0;2;4;2;B01
201300049811;0;7;0;4;2;4;2;A01
201300049812;0;10;0;0;0;4;1;A01
201300049812;0;7;0;14;0;1;1;B01
201300049813;0;7;0;4;0;3;1;A01
201300049814;0;7;0;0;2;4;1;C01
201300049814;0;7;0;0;2;1;2;D01
201300049814;0;7;0;0;0;4;1;A01
201300049814;0;7;0;0;2;4;1;B01
201300049815;0;7;0;0;2;1;2;C01
201300049815;0;7;0;0;0;8;1;A01
201300049815;0;7;0;0;0;4;2;B01
201300049816;0;7;0;15;0;1;2;A01
201300049817;0;7;0;0;2;1;2;C01
201300049817;0;7;0;0;2;4;2;A01
201300049817;0;7;0;0;2;4;2;B01
201300049818;0;7;0;0;2;4;1;A01
201300049818;0;7;0;0;2;1;2;C01
201300049818;0;7;0;0;2;4;2;B01
201300049819;0;7;0;0;2;1;1;B01
201300049819;0;7;0;0;2;4;1;A01
201300049820;0;7;0;0;0;4;2;B01
201300049820;0;7;0;0;0;1;2;C01
201300049820;0;7;0;0;0;4;2;A01
201300049821;0;10;0;0;2;4;2;A01
201300049821;0;7;0;0;2;1;2;B01
201300049822;0;7;0;0;2;4;2;A01
201300049822;0;7;0;0;2;1;2;B01
201300049823;0;7;0;0;2;4;2;A01
201300049823;0;7;0;0;2;1;2;B01
201300049824;0;7;0;0;2;1;2;C01
201300049824;0;7;0;0;2;4;2;B01
201300049824;0;7;0;0;0;4;2;A01
201300049825;0;7;0;4;0;1;0;A01
201300049826;0;7;0;0;0;4;0;A01
201300049826;0;13;0;0;0;1;0;B01
201300049827;0;7;0;0;0;0;0;A01
201300049828;0;7;0;0;2;2;17;A01
201300049828;0;10;0;0;2;1;1;C01
201300049828;0;2;0;0;2;4;1;B01
201300049829;0;7;0;0;2;4;2;A01
201300049829;0;7;0;0;2;1;2;B01
201300049830;0;7;0;0;0;6;17;A01
201300049830;0;33;0;0;2;2;1;B01
201300049831;0;33;0;0;2;1;3;B01
201300049831;0;7;0;0;2;3;11;A01
201300049832;0;33;0;0;0;0;0;A01
201300049833;0;7;0;0;2;7;1;B01
201300049833;0;7;0;3;2;8;11;A01
201300049834;0;10;0;0;0;6;0;A01
201300049834;0;15;0;0;2;7;1;B01
201300049835;0;7;0;4;0;3;1;A01
201300049836;0;7;0;0;2;4;2;A01
201300049836;0;10;0;0;2;1;2;B01
201300049837;0;33;0;0;0;7;1;A01
201300049838;0;15;0;0;2;3;1;B01
201300049838;0;14;0;0;2;2;21;A01
201300049839;1;7;0;0;2;1;2;Z01
201300049839;0;7;0;0;2;4;2;A01
201300049840;0;33;0;0;2;5;3;A01
201300049841;0;7;0;0;0;4;2;A01
201300049841;0;7;0;0;0;1;2;D01
201300049841;0;7;0;0;0;4;2;C01
201300049841;0;7;0;0;0;4;1;B01
201300049842;0;7;0;0;2;1;2;B01
201300049842;0;7;0;0;2;4;2;A01
201300049843;0;7;0;0;2;4;2;A01
201300049843;0;7;0;0;2;4;2;B01
201300049843;0;7;0;0;2;1;2;C01
201300049844;0;7;0;0;2;1;1;B01
201300049845;0;7;0;0;0;7;2;A01
201300049845;0;31;0;0;2;3;21;B01
201300049846;0;7;0;0;0;0;0;A01
201300049847;0;7;0;0;0;4;1;A01
201300049847;0;7;0;0;2;1;2;B01
201300049848;0;14;0;0;2;6;1;B01
201300049848;0;7;0;0;2;2;12;A01
201300049849;0;7;0;0;0;1;0;A01
201300049850;0;33;0;0;0;7;2;A01
201300049850;0;7;0;0;0;8;2;B01
201300049851;0;7;0;0;2;1;2;B01
201300049851;0;7;0;0;2;4;2;A01
201300049852;0;33;0;13;0;1;0;A01
201300049853;0;7;0;0;0;4;1;A01
201300049853;0;7;0;0;2;1;2;B01
201300049854;0;7;0;0;2;1;2;B01
201300049854;0;7;0;0;2;4;2;A01
201300049855;1;7;0;0;2;1;1;B01
201300049855;0;7;0;0;0;4;2;A01
201300049856;0;7;0;0;0;4;2;A01
201300049856;0;7;0;0;2;4;2;B01
201300049856;0;7;0;0;2;1;2;C01
201300049856;0;7;0;0;2;1;2;D01
201300049857;0;7;0;0;0;1;0;C01
201300049857;0;7;0;0;2;1;12;B01
201300049857;0;15;0;0;0;2;2;A01
201300049858;0;10;0;0;2;4;2;D01
201300049858;0;10;0;0;2;4;2;B01
201300049858;0;10;0;0;0;4;2;A01
201300049858;0;10;0;0;2;1;2;E01
201300049858;0;10;0;0;2;4;2;C01
201300049859;0;7;0;4;0;3;1;A01
201300049860;0;32;0;0;6;1;1;A01
201300049861;0;7;0;0;2;2;2;B01
201300049861;0;7;0;3;2;6;11;A01
201300049862;0;7;0;1;0;2;21;C01
201300049862;0;7;0;0;0;4;0;A01
201300049862;0;7;0;1;0;1;1;B01
201300049863;0;10;0;0;0;4;1;A01
201300049863;0;7;0;0;2;1;2;B01
201300049864;0;7;0;0;2;5;11;B01
201300049864;0;7;0;0;0;6;1;A01
201300049865;0;7;0;4;0;1;1;A01
201300049865;0;7;0;0;2;1;1;B01
201300049866;0;7;0;0;0;4;2;A01
201300049866;0;7;0;0;0;4;2;B01
201300049866;0;7;0;0;2;1;2;C01
201300049867;0;7;0;4;0;2;0;A01
201300049868;0;7;0;0;0;4;2;A01
201300049868;0;7;0;0;2;1;2;C01
201300049868;0;7;0;0;2;1;11;B01
201300049868;1;7;0;0;0;0;0;Z01
201300049869;0;7;0;0;0;4;2;A01
201300049869;0;7;0;0;2;1;2;B01
201300049870;0;7;0;4;0;1;0;A01
201300049871;0;33;0;0;0;0;2;A01
201300049872;0;7;0;0;2;1;2;B01
201300049872;0;7;0;0;0;4;2;A01
201300049873;0;7;0;0;2;2;1;A01
201300049873;0;33;0;0;0;0;1;B01
201300049874;0;7;0;0;2;7;17;B01
201300049874;0;7;0;0;2;8;11;A01
201300049875;0;32;0;0;2;3;2;B01
201300049875;0;7;0;0;2;2;0;A01
201300049876;0;7;0;0;2;1;2;B01
201300049876;0;7;0;0;0;4;2;A01
201300049877;0;10;0;0;2;4;0;A01
201300049877;0;7;0;0;2;6;0;B01
201300049877;0;7;0;0;2;2;0;C01
201300049878;0;7;0;0;2;4;2;A01
201300049878;0;7;0;0;2;1;2;B01
201300049879;0;7;0;0;0;4;1;A01
201300049879;0;10;0;0;0;1;1;B01
201300049880;0;7;0;0;2;1;2;B01
201300049880;0;7;0;0;2;4;2;A01
201300049881;0;7;0;0;0;0;0;C01
201300049881;0;7;0;1;0;1;2;A01
201300049881;0;7;0;0;0;5;0;B01
201300049882;0;7;0;0;2;3;0;A01
201300049883;0;7;0;0;0;4;0;A01
201300049883;0;7;0;0;2;1;2;B01
201300049884;0;7;0;0;0;0;1;A01
201300049885;0;7;0;0;2;3;21;B01
201300049885;0;7;0;5;0;9;14;A01
201300049886;0;7;0;0;2;1;2;C01
201300049886;0;7;0;0;2;9;2;B01
201300049886;0;7;0;0;2;4;2;A01
201300049887;0;7;0;0;0;4;2;A01
201300049887;0;7;0;0;2;4;2;C01
201300049887;0;7;0;0;2;4;2;B01
201300049887;0;7;0;0;2;1;2;D01
201300049888;0;7;0;0;2;7;14;B01
201300049888;0;7;0;3;2;8;1;A01
201300049889;0;7;0;0;0;1;2;C01
201300049889;0;7;0;0;0;4;2;B01
201300049889;0;7;0;0;0;4;2;A01
201300049890;0;7;0;0;0;1;0;A01
201300049891;0;7;0;0;0;4;1;A01
201300049891;0;14;0;0;2;1;1;B01
201300049892;0;7;0;0;0;4;1;A01
201300049892;0;7;0;0;2;4;2;B01
201300049892;0;7;0;0;2;1;2;C01
201300049893;0;7;0;0;0;0;2;A01
201300049894;0;7;0;0;2;1;2;C01
201300049894;0;7;0;0;2;4;2;A01
201300049894;0;7;0;0;2;1;2;D01
201300049894;0;7;0;0;2;1;2;B01
201300049895;0;7;0;0;0;9;2;A01
201300049896;0;33;0;0;2;1;0;C01
201300049896;0;7;0;0;2;1;2;B01
201300049896;0;7;0;0;0;4;2;A01
201300049897;0;7;0;0;0;1;2;C01
201300049897;0;7;0;4;0;2;2;A01
201300049897;0;7;0;0;2;2;2;B01
201300049898;0;7;0;5;2;1;2;B01
201300049898;0;7;0;0;0;4;1;A01
201300049899;0;7;0;0;2;1;2;B01
201300049899;0;7;0;0;0;4;2;A01
201300049900;0;7;0;0;0;9;1;A01
201300049901;0;7;0;15;0;1;14;A01
201300049902;0;7;0;16;0;7;0;A01
201300049903;0;33;0;0;0;8;1;A01
201300049904;0;7;0;4;2;1;21;B01
201300049904;0;7;0;0;2;1;21;C01
201300049904;0;7;0;0;2;6;1;A01
201300049905;0;7;0;0;0;0;2;A01
201300049906;0;7;0;0;2;8;1;B01
201300049906;0;16;0;0;2;2;12;A01
201300049907;0;7;0;0;0;4;0;A01
201300049907;0;7;0;0;0;1;0;B01
201300049908;0;7;0;0;0;4;2;A01
201300049908;0;10;0;0;0;1;2;B01
201300049909;0;7;0;0;0;8;2;C01
201300049909;0;7;0;0;2;6;2;A01
201300049909;0;7;0;0;0;7;2;B01
201300049909;1;7;0;0;2;0;3;D01
201300049910;0;7;0;0;0;4;1;B01
201300049910;0;7;0;0;2;1;1;D01
201300049910;0;7;0;0;0;4;1;A01
201300049911;0;7;0;0;0;8;1;A01
201300049912;0;7;0;8;0;2;1;A01
201300049913;0;7;0;0;2;1;1;B01
201300049913;0;7;0;0;0;4;1;A01
201300049914;0;7;0;8;0;4;0;A01
201300049914;1;7;0;0;2;1;2;Z01
201300049915;0;13;0;0;2;1;1;B01
201300049915;0;7;0;0;2;4;1;A01
201300049916;0;10;0;3;0;2;14;A01
201300049917;0;7;0;4;0;2;15;A01
201300049918;0;7;0;0;0;0;2;A01
201300049919;0;7;0;0;2;4;1;A01
201300049919;0;7;0;0;2;1;2;D01
201300049919;0;7;0;0;2;0;2;C01
201300049919;0;7;0;0;2;0;1;B01
201300049920;0;7;0;0;2;3;1;B01
201300049920;0;7;0;4;2;1;1;A01
201300049921;0;7;0;0;2;1;1;B01
201300049921;0;7;0;0;2;6;1;A01
201300049922;1;7;0;0;2;1;2;Z01
201300049922;0;7;0;0;2;4;2;A01
201300049923;0;10;0;0;2;5;0;A01
201300049923;0;31;0;0;2;8;0;B01
201300049924;0;17;0;0;2;4;2;E02
201300049924;0;7;0;0;2;6;2;B01
201300049924;0;17;0;0;2;3;2;F01
201300049924;0;7;0;0;2;1;12;G01
201300049924;0;7;0;0;0;4;2;A01
201300049924;0;7;0;0;2;4;21;C01
201300049924;0;7;0;0;2;4;2;D02
201300049925;0;7;0;0;2;4;1;A01
201300049925;0;7;0;0;2;1;1;B01
201300049926;0;34;0;0;0;8;1;A01
201300049927;0;7;0;0;0;9;0;A01
201300049928;0;38;1;0;2;6;1;B01
201300049928;0;10;0;0;2;5;1;A01
201300049929;0;7;0;0;2;1;1;B01
201300049929;0;7;0;0;6;4;1;A01
201300049930;0;7;0;0;2;2;13;D01
201300049930;0;7;0;0;2;1;13;E01
201300049930;0;16;0;0;2;2;1;C01
201300049930;0;7;0;0;0;0;1;B01
201300049930;0;7;0;0;0;3;0;A01
201300049931;0;7;0;13;2;6;1;B01
201300049931;0;7;0;0;2;5;1;A01
201300049931;1;7;0;0;2;0;3;Z01
201300049932;0;7;0;0;0;4;2;B01
201300049932;0;7;0;0;0;1;2;A01
201300049933;0;7;0;0;0;9;0;A01
201300049934;0;34;0;0;0;0;0;A01
201300049935;0;7;0;0;2;1;2;B01
201300049935;0;7;0;0;0;4;2;A01
201300049936;0;7;0;0;2;1;2;B01
201300049936;0;7;0;0;2;4;2;A01
201300049937;0;7;0;0;0;9;2;A01
201300049938;0;7;0;0;0;4;1;A01
201300049938;0;7;0;0;2;1;2;B01
201300049939;0;7;0;0;0;4;1;A01
201300049939;0;7;0;0;2;1;21;B01
201300049940;0;32;0;0;2;2;1;B01
201300049940;0;7;0;0;2;6;11;A01
201300049941;0;33;0;3;0;2;1;A01
201300049942;0;7;0;0;2;1;2;B01
201300049942;0;7;0;0;2;4;1;A01
201300049943;0;7;0;0;2;1;2;D01
201300049943;0;10;0;0;2;4;2;B01
201300049943;0;10;0;0;0;4;1;A01
201300049943;0;15;0;0;2;1;2;C01
201300049944;0;7;0;0;0;8;2;A01
201300049945;0;14;0;0;2;7;12;A01
201300049945;0;10;0;0;2;8;1;B01
201300049945;0;10;0;0;2;8;1;C01
201300049946;0;7;0;4;0;1;2;A01
201300049947;0;7;0;0;0;7;1;A01
201300049948;0;7;0;0;2;1;2;C01
201300049948;0;7;0;0;0;4;2;A01
201300049948;0;7;0;0;2;6;2;B01
201300049949;0;7;0;4;0;1;1;A01
201300049950;0;33;0;0;0;1;0;A01
201300049951;0;7;0;0;0;4;1;A01
201300049951;0;7;0;0;2;1;2;B01
201300049951;0;7;0;0;2;1;2;C01
201300049952;0;10;0;0;2;4;2;A01
201300049952;0;7;0;0;2;1;2;B01
201300049953;0;7;0;0;0;4;1;A01
201300049953;0;7;0;0;2;1;2;B01
201300049954;0;7;0;0;0;1;0;A01
201300049955;0;32;0;0;0;1;2;A01
201300049956;0;7;0;0;0;4;1;A01
201300049956;0;7;0;0;2;1;2;B01
201300049957;0;7;0;3;0;1;0;A01
201300049958;0;7;0;3;0;3;2;B01
201300049958;0;15;0;0;0;2;1;A01
201300049959;0;7;0;0;2;1;2;B01
201300049959;0;7;0;0;2;4;2;A01
201300049959;0;7;0;0;2;1;2;C01
201300049960;0;7;0;4;0;2;2;A01
201300049961;0;7;0;0;2;4;9;A01
201300049961;0;31;0;0;2;1;9;B01
201300049962;0;7;0;3;0;7;2;A01
201300049963;0;10;0;0;2;1;1;B01
201300049963;0;7;0;0;2;1;5;A01
201300049963;0;15;0;0;2;3;2;C01
201300049964;0;7;0;0;0;3;1;C01
201300049964;0;7;0;0;0;4;1;A01
201300049964;0;7;0;0;2;1;1;B01
201300049965;0;7;0;0;0;1;2;A01
201300049966;0;33;0;0;2;7;17;B01
201300049966;0;7;0;0;2;8;1;A01
201300049967;0;7;0;0;0;4;2;B01
201300049967;0;7;0;0;0;1;2;C01
201300049967;0;17;0;0;0;8;1;A01
201300049968;0;34;0;0;2;1;1;B01
201300049968;0;7;0;0;0;4;1;A01
201300049969;0;7;0;0;0;4;1;A01
201300049969;0;7;0;0;2;2;2;B01
201300049970;0;33;0;0;2;1;2;B01
201300049970;0;7;0;0;2;4;1;A01
201300049971;0;33;0;0;0;0;1;A01
201300049972;0;7;0;0;0;4;1;A01
201300049972;0;7;0;0;2;1;2;B01
201300049973;0;7;0;0;0;4;2;A01
201300049973;0;7;0;0;0;1;2;B01
201300049974;0;7;0;3;0;1;13;A01
201300049974;0;7;0;0;2;1;1;B01
201300049975;0;7;0;2;0;1;1;A01
201300049976;0;7;0;0;2;4;23;A01
201300049976;0;7;0;0;2;9;23;B01
201300049976;0;7;0;0;2;1;2;C01
201300049977;0;7;0;4;0;1;0;A01
201300049978;0;7;0;0;2;1;2;C01
201300049978;0;7;0;0;0;4;2;B01
201300049978;0;7;0;0;0;4;2;A01
201300049979;0;13;0;0;0;4;2;A01
201300049979;0;7;0;0;0;1;2;B01
201300049979;0;15;0;0;0;1;2;C01
201300049980;0;7;0;0;2;2;11;C01
201300049980;0;7;0;0;2;5;1;A01
201300049980;0;7;0;0;2;5;1;B01
201300049981;0;7;0;0;0;0;2;A01
201300049982;0;33;0;13;0;8;2;A01
201300049983;0;7;0;13;0;7;1;A01
201300049984;0;7;0;0;2;1;2;B01
201300049984;0;7;0;0;2;4;2;A01
201300049985;0;32;0;0;0;1;0;A01
201300049986;0;7;0;0;2;1;2;B01
201300049986;0;7;0;0;0;4;2;A01
201300049987;0;7;0;13;0;1;0;A01
201300049988;0;7;0;0;0;4;0;A01
201300049988;0;10;0;0;2;1;2;B01
201300049989;0;7;0;0;0;1;2;A01
201300049990;0;14;0;0;2;6;2;A01
201300049990;0;7;0;0;2;1;2;B01
201300049991;0;7;0;0;0;4;1;A01
201300049991;0;7;0;0;2;1;2;B01
201300049992;0;7;0;0;0;6;1;A01
201300049992;2;7;0;0;2;2;2;B01
201300049993;0;7;0;0;0;4;1;B01
201300049993;0;7;0;0;2;1;1;A01
201300049994;0;7;0;3;0;8;14;A01
201300049994;1;99;0;0;0;0;0;Z01
201300049995;0;10;0;0;0;4;2;A01
201300049995;0;10;0;0;0;1;2;B01
201300049996;0;7;0;0;0;8;9;A01
201300049996;0;7;0;0;0;5;1;B01
201300049997;0;7;0;0;2;3;2;B01
201300049997;0;7;0;0;2;1;2;C01
201300049997;0;7;0;0;2;5;2;A01
201300049998;0;7;0;0;2;8;1;A01
201300049998;0;7;0;0;2;2;2;B01
201300049999;0;7;0;0;2;4;2;B01
201300049999;0;7;0;0;0;6;2;A01
201300049999;0;7;0;0;2;1;2;C01
201300050000;0;7;0;0;0;9;1;A01
201300050001;0;7;0;0;0;4;1;A01
201300050001;1;99;0;0;2;2;0;Z01
201300050002;0;10;0;0;2;1;2;B01
201300050002;0;7;0;0;0;4;0;A01
201300050003;0;7;0;0;0;1;18;C01
201300050003;0;38;1;0;0;7;2;A01
201300050003;0;7;0;0;0;4;23;B01
201300050004;0;7;0;4;0;1;11;A01
201300050005;0;7;0;0;0;6;1;A01
201300050005;0;7;0;0;2;2;17;B01
201300050006;0;7;0;0;2;1;2;C01
201300050006;2;7;0;0;2;7;2;B01
201300050006;0;7;0;0;2;9;14;A01
201300050007;0;33;0;14;0;8;2;A01
201300050008;0;7;0;15;0;2;1;A01
201300050009;0;34;0;0;0;7;2;A01
201300050010;0;7;0;13;0;3;1;A01
201300050011;0;7;0;4;0;1;2;A01
201300050012;0;7;0;0;0;1;2;A01
201300050013;0;34;0;0;0;0;0;A01
201300050014;0;14;0;0;2;1;21;C01
201300050014;0;7;0;0;2;1;21;B01
201300050014;0;7;0;4;0;3;1;A01
201300050015;0;7;0;0;2;7;12;A01
201300050015;0;34;0;0;2;8;1;B01
201300050016;0;7;0;0;2;4;1;A01
201300050016;0;7;0;0;2;1;1;B01
201300050017;0;7;0;0;0;1;0;A01
201300050017;0;7;0;0;0;1;0;B01
201300050018;0;7;0;3;0;3;1;A01
201300050018;0;7;0;0;2;1;1;B01
201300050019;0;10;0;0;2;1;2;D01
201300050019;0;10;0;0;2;4;2;A01
201300050019;0;10;0;0;2;9;2;C01
201300050019;0;10;0;0;2;9;2;B01
201300050020;0;7;0;0;9;1;2;B01
201300050020;0;7;0;0;9;4;2;A01
201300050021;0;16;0;0;2;1;2;B01
201300050021;0;7;0;0;2;4;2;A01
201300050022;0;7;0;4;0;3;1;A01
201300050023;0;7;0;0;0;4;1;A01
201300050023;1;7;0;0;2;1;2;Z01
201300050024;2;10;0;0;2;1;0;B01
201300050024;0;7;0;0;2;4;2;A01
201300050025;0;33;0;0;2;4;2;A01
201300050025;1;99;0;0;2;2;0;Z01
201300050026;0;7;0;4;0;1;1;A01
201300050027;0;33;0;0;2;0;1;A01
201300050028;0;7;0;0;0;4;1;A01
201300050028;0;7;0;0;2;1;2;C01
201300050028;0;7;0;1;0;1;2;B01
201300050029;0;14;0;6;0;1;0;B01
201300050029;0;7;0;13;0;8;0;C01
201300050029;0;7;0;4;0;2;0;A01
201300050030;0;7;0;0;0;4;1;B01
201300050030;0;7;0;0;2;1;0;A01
201300050031;0;7;0;0;0;5;1;A01
201300050031;0;7;0;0;2;1;1;B01
201300050032;0;7;0;13;0;8;0;A01
201300050033;0;32;0;0;0;1;2;B01
201300050033;0;7;0;0;0;6;2;A01
201300050034;0;17;0;0;0;6;23;A01
201300050034;0;10;0;1;0;2;0;B01
201300050035;0;7;0;0;2;1;2;C01
201300050035;0;10;0;0;2;4;0;A01
201300050035;0;10;0;0;2;4;2;B01
201300050036;0;33;0;0;2;7;1;A01
201300050036;0;7;0;0;2;8;9;B01
201300050037;0;7;0;0;2;4;2;A01
201300050037;0;7;0;0;2;1;14;C01
201300050037;0;7;0;0;2;6;2;B01
201300050038;0;7;0;0;0;4;2;A01
201300050038;0;7;0;0;2;1;2;B01
201300050039;0;13;0;0;2;4;2;A01
201300050039;0;7;0;0;2;1;2;B01
201300050039;0;10;0;0;2;1;2;C01
201300050039;0;10;0;3;0;1;2;D01
201300050040;0;7;0;0;0;4;2;A01
201300050040;0;7;0;0;2;1;1;B01
201300050041;0;15;0;0;2;1;1;B01
201300050041;0;14;0;0;0;4;2;A01
201300050042;0;7;0;14;0;1;1;C01
201300050042;0;10;0;4;0;3;1;A01
201300050042;0;7;0;14;0;1;1;B01
201300050043;0;7;0;0;0;1;2;B01
201300050043;0;7;0;0;0;4;2;A01
201300050044;1;99;0;0;2;2;0;Z01
201300050044;1;7;0;4;2;3;0;A01
201300050045;0;7;0;0;0;4;2;A01
201300050045;0;7;0;0;0;4;2;D01
201300050045;0;7;0;0;0;1;2;C01
201300050045;0;7;0;0;0;4;2;B01
201300050046;0;7;0;0;0;3;1;A01
201300050046;0;7;0;0;2;2;1;B01
201300050047;0;7;0;0;0;4;23;A01
201300050047;0;7;0;0;2;1;2;B01
201300050048;0;7;0;0;2;4;2;B01
201300050048;0;7;0;0;0;4;2;A01
201300050048;0;7;0;0;2;1;2;C01
201300050049;0;14;0;0;0;6;14;A01
201300050049;0;33;0;3;0;8;18;B01
201300050050;0;33;0;0;2;3;2;B01
201300050050;0;7;0;0;2;6;1;A01
201300050051;0;7;0;14;0;9;1;A01
201300050052;0;34;0;0;0;9;0;A01
201300050053;0;10;0;0;2;4;0;A01
201300050053;0;15;0;0;2;3;2;D01
201300050053;0;7;0;0;2;4;2;B01
201300050053;0;10;0;0;2;5;2;C01
201300050054;0;99;0;0;0;0;0;A01
201300050054;0;7;0;0;0;0;0;B01
201300050055;0;7;0;0;2;4;2;A01
201300050055;0;7;0;0;2;1;2;B01
201300050056;0;7;0;0;2;4;2;A01
201300050056;0;7;0;0;2;1;2;B01
201300050057;0;7;0;0;2;4;2;A01
201300050057;0;7;0;0;2;1;2;C01
201300050057;0;7;0;0;2;4;2;B01
201300050057;0;7;0;0;2;1;2;D01
201300050058;0;7;0;0;0;5;1;A01
201300050058;0;31;0;0;2;1;2;B01
201300050059;0;7;0;0;0;1;2;A01
201300050060;0;7;0;0;0;1;2;B01
201300050060;0;14;0;0;0;4;2;A01
201300050061;0;7;0;0;2;1;1;B01
201300050061;0;7;0;5;0;1;1;A01
201300050061;0;10;0;0;2;1;1;C01
201300050062;0;7;0;3;0;6;2;A01
201300050063;0;7;0;0;0;1;2;E01
201300050063;0;7;0;0;0;4;2;D01
201300050063;0;7;0;0;0;4;2;A01
201300050063;0;7;0;0;0;4;2;B01
201300050063;0;7;0;0;0;1;2;F02
201300050063;0;7;0;0;0;4;2;C01
201300050064;0;7;0;6;0;1;0;A01
201300050065;0;7;0;0;0;4;2;A01
201300050065;0;7;0;0;0;1;2;B01
201300050066;0;7;0;5;0;1;1;A01