num_acc;senc;catv;occutc;obs;obsm;choc;manv;num_veh
201300050067;0;34;0;0;0;9;1;A01
201300050068;0;7;0;0;5;1;2;A01
201300050068;0;7;0;0;9;1;2;B01
201300050069;0;7;0;0;0;3;2;A01
201300050070;0;7;0;0;2;1;1;B01
201300050070;0;7;0;0;2;4;1;A01
201300050070;0;7;0;0;2;1;1;C01
201300050071;0;14;0;0;0;8;0;A01
201300050072;0;7;0;0;0;9;0;A01
201300050073;0;7;0;3;0;3;2;A01
201300050074;0;7;0;0;0;9;1;A01
201300050075;0;7;0;3;0;1;0;A01
201300050076;1;99;0;0;2;2;0;Z01
201300050076;0;7;0;15;2;4;1;A01
201300050077;0;7;0;0;0;6;1;A01
201300050077;0;7;0;0;2;1;2;B01
201300050078;0;7;0;0;0;4;0;B01
201300050078;0;7;0;0;0;7;2;A01
201300050079;0;7;0;3;0;5;14;A01
201300050079;0;7;0;3;0;4;13;B01
201300050080;0;7;0;0;2;1;1;B01
201300050080;0;7;0;0;2;1;1;A01
201300050081;0;7;0;13;0;1;14;A01
201300050082;0;7;0;4;0;3;1;A01
201300050083;0;7;0;0;0;4;1;A01
201300050083;0;7;0;0;2;1;1;B01
201300050084;0;7;0;0;2;3;1;C01
201300050084;0;7;0;0;2;3;2;A01
201300050084;0;15;0;0;2;2;12;B01
201300050085;0;7;0;0;2;4;1;D01
201300050085;0;7;0;0;2;4;1;C01
201300050085;0;7;0;0;2;1;1;A01
201300050085;0;7;0;0;2;4;1;B01
201300050086;0;7;0;0;2;4;23;A01
201300050086;0;7;0;0;2;1;2;C01
201300050086;0;7;0;0;2;4;23;B01
201300050087;0;7;0;4;0;3;13;A01
201300050088;0;7;0;0;2;6;2;A01
201300050088;0;7;0;0;2;2;3;B01
201300050089;0;7;0;3;0;3;1;A01
201300050090;0;32;0;0;0;8;1;A01
201300050091;0;7;0;0;0;4;2;A01
201300050091;0;7;0;14;0;1;2;B01
201300050092;0;7;0;14;0;1;2;B01
201300050092;0;10;0;0;0;4;2;A01
201300050092;0;10;0;14;0;1;2;C01
201300050093;0;7;0;7;0;7;0;A01
201300050094;0;7;0;4;0;3;1;A01
201300050095;0;7;0;0;2;4;2;B01
201300050095;0;7;0;0;0;4;2;A01
201300050095;0;10;0;0;2;1;2;C01
201300050096;0;7;0;0;2;1;2;B01
201300050096;0;7;0;0;2;6;2;A01
201300050097;0;7;0;0;0;6;1;B01
201300050097;0;7;0;0;2;2;12;A01
201300050098;0;7;0;0;0;1;2;A01
201300050099;0;7;0;0;2;1;1;B01
201300050099;0;7;0;0;2;4;1;A01
201300050100;0;7;0;4;0;1;13;A01
201300050101;0;7;0;0;2;1;2;B01
201300050101;0;7;0;0;2;4;2;A01
201300050102;0;34;0;0;2;1;3;A01
201300050102;0;7;0;0;0;8;22;B01
201300050102;0;7;0;0;0;2;1;C01
201300050103;0;7;0;0;2;4;2;A01
201300050103;0;31;0;0;2;1;2;C01
201300050103;0;7;0;0;2;1;2;B01
201300050104;0;7;0;0;2;4;2;B01
201300050104;0;7;0;0;2;1;2;C01
201300050104;0;7;0;0;0;4;1;A01
201300050105;0;7;0;0;0;1;2;A01
201300050106;0;30;0;0;0;1;1;A01
201300050107;0;7;0;3;2;3;17;A01
201300050107;0;7;0;0;2;3;1;B01
201300050108;0;7;0;0;0;1;2;B01
201300050108;0;7;0;0;0;6;1;A01
201300050109;0;7;0;0;2;2;2;B01
201300050109;0;7;0;3;0;6;2;A01
201300050110;0;7;0;6;0;9;0;A01
201300050111;0;7;0;0;0;4;0;A01
201300050111;0;7;0;1;2;1;14;B01
201300050112;0;7;0;0;2;4;1;B01
201300050112;0;7;0;0;2;1;1;A01
201300050113;0;7;0;0;2;4;2;B01
201300050113;0;7;0;0;2;4;2;A01
201300050113;0;7;0;0;2;1;2;C01
201300050114;0;7;0;3;0;1;16;A01
201300050115;0;7;0;0;2;3;12;B01
201300050115;0;7;0;0;0;5;1;A01
201300050116;0;7;0;0;0;4;2;A01
201300050116;0;7;0;0;2;1;2;B01
201300050117;0;7;0;0;2;3;1;B01
201300050117;0;7;0;0;2;3;5;A01
201300050118;0;10;0;4;0;5;2;A01
201300050118;0;7;0;0;2;3;2;B01
201300050119;0;7;0;3;0;2;1;A01
201300050120;0;33;0;5;0;1;12;A01
201300050121;0;7;0;3;2;6;2;A01
201300050121;0;7;0;3;2;2;2;B01
201300050122;0;7;0;3;0;0;2;A01
201300050123;0;7;0;0;0;6;4;A01
201300050123;0;32;0;0;2;1;23;B01
201300050124;0;7;0;3;0;2;21;A01
201300050125;0;33;0;0;2;1;12;B01
201300050125;0;7;0;0;0;4;1;A01
201300050126;0;7;0;4;0;8;13;A01
201300050127;0;7;0;0;2;4;1;B01
201300050127;0;7;0;0;2;1;1;A01
201300050128;0;7;0;0;0;3;0;A01
201300050129;0;7;0;0;0;7;1;A01
201300050129;1;7;0;0;0;0;0;Z01
201300050129;0;7;0;0;2;1;1;B01
201300050130;0;7;0;0;2;1;1;A01
201300050130;0;7;0;0;2;4;1;C01
201300050130;0;7;0;0;2;4;1;B01
201300050131;0;7;0;0;2;4;2;A01
201300050131;0;33;0;0;0;1;1;E01
201300050131;0;7;0;0;2;4;2;B01
201300050131;0;32;0;0;0;7;3;D01
201300050131;0;7;0;0;2;3;13;C01
201300050132;0;7;0;0;0;4;23;A01
201300050132;0;7;0;0;2;1;2;B01
201300050133;0;7;0;0;2;4;0;D01
201300050133;0;7;0;4;0;0;0;A01
201300050133;0;7;0;1;0;1;0;C01
201300050133;0;7;0;1;0;1;0;B01
201300050134;0;7;0;0;2;1;2;B01
201300050134;0;7;0;0;2;4;2;A01
201300050135;0;7;0;0;0;4;23;A01
201300050135;0;7;0;0;2;1;2;B01
201300050136;0;33;0;0;2;1;2;B01
201300050136;0;7;0;0;2;4;1;A01
201300050137;0;7;0;0;2;4;2;B01
201300050137;0;7;0;0;2;4;1;C01
201300050137;0;7;0;0;0;8;1;D01
201300050137;0;34;0;0;9;4;2;E01
201300050137;0;7;0;0;2;1;1;A01
201300050138;0;7;0;0;2;8;1;B01
201300050138;0;7;0;4;2;7;12;A01
201300050139;0;7;0;0;2;2;2;C01
201300050139;0;7;0;0;2;3;2;B01
201300050139;0;7;0;0;0;4;2;A01
201300050140;0;2;0;0;0;7;1;A01
201300050141;0;7;0;3;0;1;14;A01
201300050142;0;7;0;0;2;1;2;B01
201300050142;0;10;0;0;0;4;1;A01
201300050143;0;7;0;3;0;3;13;A01
201300050144;0;33;0;0;0;9;0;A01
201300050145;0;7;0;4;0;3;0;A01
201300050146;0;7;0;0;0;8;1;A01
201300050146;0;33;0;0;2;7;14;B01
201300050147;0;10;0;4;0;1;1;A01
201300050148;0;1;0;0;0;6;14;B01
201300050148;0;7;0;0;0;2;12;A01
201300050149;0;7;0;0;2;4;0;B01
201300050149;0;7;0;0;2;1;1;A01
201300050150;0;7;0;0;2;5;0;B01
201300050150;0;7;0;0;2;1;0;A01
201300050151;0;7;0;0;2;3;1;B01
201300050151;0;33;0;0;2;1;13;A01
201300050152;0;7;0;0;0;4;1;A01
201300050152;0;7;0;0;2;4;1;B01
201300050152;0;7;0;0;2;1;1;C01
201300050153;0;15;0;0;2;1;1;B01
201300050153;0;14;0;0;2;3;2;C01
201300050153;0;7;0;0;2;8;11;A01
201300050154;0;10;0;0;0;2;2;A01
201300050155;0;7;0;0;2;1;2;B01
201300050155;0;7;0;0;0;4;1;A01
201300050156;0;7;0;0;1;1;1;A01
201300050156;0;7;0;0;1;1;1;C01
201300050156;0;7;0;0;1;1;1;D01
201300050156;0;7;0;0;1;1;1;B01
201300050156;0;7;0;0;1;1;1;E01
201300050157;0;31;0;0;0;0;2;A01
201300050158;0;7;0;0;2;1;1;A01
201300050158;0;7;0;0;2;4;1;B01
201300050158;0;7;0;0;2;4;1;D01
201300050158;0;7;0;0;2;4;1;C01
201300050159;0;7;0;3;0;2;1;A01
201300050160;0;7;0;0;2;4;2;A01
201300050160;0;33;0;0;2;1;2;B01
201300050161;0;7;0;0;2;4;2;B01
201300050161;0;7;0;0;2;1;2;A01
201300050162;0;33;0;0;0;7;17;B01
201300050162;0;7;0;0;0;8;14;A01
201300050163;0;7;0;0;2;2;1;A01
201300050163;0;7;0;0;0;4;1;B01
201300050164;0;10;0;0;2;1;2;A01
201300050164;0;30;0;0;2;4;2;B01
201300050165;0;33;0;0;2;8;1;B01
201300050165;0;7;0;0;2;2;1;A01
201300050166;1;7;0;0;1;2;16;Z01
201300050167;0;10;0;0;2;4;1;A01
201300050167;0;34;0;0;2;2;1;B01
201300050168;0;7;0;0;2;8;22;A01
201300050168;0;30;0;0;2;8;17;B01
201300050169;0;33;0;0;1;1;1;A01
201300050170;0;7;0;0;2;5;23;B01
201300050170;0;32;0;0;2;3;2;A01
201300050171;0;7;0;0;2;7;14;A01
201300050171;0;34;0;0;2;8;1;B01
201300050172;0;10;0;0;2;8;15;A01
201300050172;0;33;0;0;2;2;15;B01
201300050173;0;34;0;11;0;1;17;A01
201300050174;0;1;0;0;2;3;19;A01
201300050174;0;33;0;0;9;1;1;B01
201300050175;0;7;0;12;0;3;13;A01
201300050176;0;37;1;0;2;5;7;A01
201300050176;0;1;0;0;2;1;7;B01
201300050177;0;13;0;0;2;5;23;A01
201300050177;0;32;0;0;2;5;11;B01
201300050178;0;7;0;0;2;3;11;A01
201300050178;0;31;0;0;2;3;1;B01
201300050179;0;34;0;0;0;6;23;B01
201300050179;0;30;0;0;2;2;1;A01
201300050180;0;32;0;0;2;4;1;B01
201300050180;0;7;0;0;2;1;1;A01
201300050181;0;34;0;0;2;3;1;A01
201300050181;1;7;0;0;2;6;1;Z01
201300050182;0;7;0;0;0;5;23;B01
201300050182;0;33;0;0;2;5;1;A01
201300050183;0;7;0;0;9;3;15;A01
201300050183;0;32;0;0;2;2;17;B01
201300050184;0;34;0;0;2;6;11;B01
201300050184;0;7;0;0;2;2;1;A01
201300050185;0;7;0;0;1;1;1;A01
201300050186;0;7;0;8;2;1;1;A01
201300050186;0;33;0;0;2;4;1;B01
201300050187;0;34;0;0;2;3;13;A01
201300050187;0;30;0;0;2;2;1;B01
201300050188;0;7;0;0;2;6;13;A01
201300050188;0;32;0;0;2;1;1;B01
201300050189;0;7;0;0;1;2;16;A01
201300050190;0;10;0;0;2;1;5;A01
201300050190;0;33;0;0;2;1;1;B01
201300050191;0;33;0;0;0;1;1;B01
201300050191;0;10;0;0;0;3;1;A01
201300050192;0;33;0;0;0;0;1;A01
201300050193;0;7;0;0;0;3;11;A01
201300050193;0;2;0;0;0;7;17;B01
201300050194;0;33;0;0;2;2;1;C01
201300050194;0;13;0;0;2;2;13;A01
201300050194;0;7;0;0;2;6;23;B01
201300050195;0;13;0;14;0;1;1;A01
201300050196;0;7;0;0;2;3;15;B01
201300050196;0;2;0;0;2;2;17;A01
201300050197;0;7;0;0;2;1;1;B01
201300050197;0;33;0;0;2;4;23;A01
201300050198;0;1;0;0;2;4;7;B01
201300050198;0;32;0;0;2;1;14;A01
201300050199;0;7;0;0;1;2;1;A01
201300050200;0;30;0;0;2;1;2;A01
201300050200;0;1;0;0;2;4;15;B01
201300050201;0;7;0;0;1;1;1;A01
201300050202;0;10;0;0;1;6;4;A01
201300050203;0;31;0;14;0;0;13;A01
201300050204;0;7;0;0;2;1;15;A01
201300050204;0;33;0;0;2;1;1;B01
201300050205;0;7;0;0;1;2;1;A01
201300050206;0;7;0;0;2;2;9;A01
201300050206;0;30;0;0;2;3;1;B01
201300050207;0;33;0;0;1;3;1;A01
201300050208;0;1;0;0;1;0;1;A01
201300050209;0;7;0;8;2;7;1;B01
201300050209;0;7;0;0;2;1;1;A01
201300050210;0;33;0;0;1;8;5;A01
201300050211;0;7;0;0;1;2;1;A01
201300050212;0;10;0;0;2;5;23;B01
201300050212;0;2;0;0;2;1;2;A01
201300050213;0;10;0;0;2;3;11;A01
201300050213;0;2;0;0;2;7;17;B01
201300050214;0;7;0;0;1;7;1;A01
201300050215;0;1;0;0;0;0;7;A01
201300050216;0;7;0;0;1;2;1;A01
201300050217;0;1;0;0;2;4;2;B01
201300050217;0;7;0;0;2;1;2;A01
201300050218;0;3;0;0;2;3;2;A01
201300050218;0;14;0;0;2;5;2;B01
201300050219;1;7;0;1;1;7;5;A01
201300050220;0;7;0;0;2;5;22;A01
201300050220;0;33;0;0;2;7;18;B01
201300050221;0;7;0;0;2;6;1;B01
201300050221;0;32;0;0;2;9;3;C01
201300050221;0;7;0;0;2;2;1;A01
201300050222;0;10;0;0;1;7;15;A01
201300050223;0;30;0;0;1;9;1;A01
201300050224;0;38;0;0;2;0;15;B01
201300050224;0;32;0;0;2;0;17;A01
201300050225;0;1;0;0;1;8;7;A01
201300050226;0;7;0;0;0;6;11;B01
201300050226;0;33;0;0;0;7;17;A01
201300050227;0;7;0;0;2;7;16;A01
201300050227;0;33;0;0;2;1;16;B01
201300050228;0;7;0;0;1;7;15;A01
201300050229;0;7;0;0;2;4;2;B01
201300050229;0;14;0;0;2;1;2;A01
201300050230;0;7;0;0;1;3;13;A01
201300050231;0;30;0;0;0;1;1;A01
201300050232;1;1;0;0;1;0;1;Z01
201300050233;0;33;0;0;2;5;23;B01
201300050233;0;7;0;0;2;3;23;C01
201300050233;0;31;0;0;2;3;2;A01
201300050234;0;31;0;0;2;3;15;A01
201300050234;1;7;0;0;2;2;17;Z01
201300050235;0;34;0;0;1;0;7;A01
201300050236;0;7;0;0;2;8;13;B01
201300050236;0;31;0;0;2;7;17;A01
201300050237;0;7;0;0;2;3;15;A01
201300050237;0;2;0;0;2;7;17;B01
201300050238;0;32;0;0;1;2;1;A01
201300050239;0;32;0;0;1;0;1;A01
201300050240;0;7;0;0;0;8;22;A01
201300050240;0;34;0;1;0;1;1;B01
201300050241;0;2;0;0;0;1;23;B01
201300050241;0;10;0;0;0;6;1;A01
201300050242;0;15;0;0;2;3;15;A01
201300050242;0;33;0;0;2;2;1;B01
201300050243;0;7;0;0;2;1;23;C01
201300050243;0;7;0;0;2;4;23;D01
201300050243;0;7;0;0;2;6;23;B01
201300050243;0;7;0;0;2;0;2;A01
201300050244;0;7;0;0;0;2;17;A01
201300050244;0;1;0;0;0;0;15;B01
201300050245;0;1;0;0;1;1;7;A01
201300050246;0;10;0;0;1;4;20;A01
201300050247;0;7;0;0;2;5;5;A01
201300050247;0;31;0;0;2;1;1;B01
201300050248;0;1;0;0;2;1;1;B01
201300050248;0;7;0;0;2;8;22;A01
201300050249;0;33;0;0;2;0;14;A01
201300050249;0;1;0;0;2;0;15;B01
201300050250;0;7;0;1;0;6;15;A01
201300050250;0;7;0;0;0;1;1;B01
201300050251;0;32;0;0;0;7;1;A01
201300050252;0;7;0;0;2;1;7;A01
201300050252;0;7;0;0;2;4;7;B01
201300050252;0;7;0;0;0;4;7;C01
201300050253;0;10;0;0;1;3;1;A01
201300050254;0;7;0;0;2;4;23;B01
201300050254;0;7;0;0;2;1;1;A01
201300050254;0;7;0;0;0;4;23;C01
201300050255;0;7;0;0;1;2;1;A01
201300050256;0;30;0;0;0;1;1;B01
201300050256;0;7;0;0;0;8;1;A01
201300050257;0;2;0;0;2;8;15;A01
201300050257;0;1;0;0;2;1;15;B01
201300050258;0;7;0;0;1;7;16;A01
201300050259;0;7;0;0;2;6;1;B01
201300050259;0;33;0;0;2;2;14;A01
201300050260;0;33;0;0;2;1;1;B01
201300050260;0;7;0;0;2;6;15;A01
201300050261;0;32;0;0;1;0;1;A01
201300050262;2;7;0;0;2;1;2;Z01
201300050262;0;7;0;4;2;6;2;A01
201300050263;0;32;0;0;2;1;7;A01
201300050263;0;7;0;0;2;3;15;B01
201300050264;0;10;0;14;0;2;1;A01
201300050265;0;1;0;0;2;8;13;B01
201300050265;0;32;0;0;2;7;1;A01
201300050266;0;7;0;0;2;4;2;B01
201300050266;0;31;0;0;2;1;2;A01
201300050267;0;7;0;0;2;3;23;B01
201300050267;0;31;0;0;2;4;2;A01
201300050268;0;31;0;0;0;0;21;A01
201300050269;0;1;0;0;0;7;1;B01
201300050269;0;10;0;0;0;3;15;A01
201300050270;0;32;0;0;1;7;16;A01
201300050271;0;30;0;0;2;3;1;B01
201300050271;0;33;0;0;2;2;14;A01
201300050272;0;38;42;1;0;7;7;A01
201300050272;0;37;15;0;0;0;24;B01
201300050273;0;7;0;0;1;2;1;A01
201300050274;0;7;0;0;1;6;20;A01
201300050275;0;32;0;0;0;4;1;B01
201300050275;1;10;0;0;0;0;0;A01
201300050276;0;30;0;0;0;0;1;A01
201300050277;0;7;0;0;0;1;15;A01
201300050277;0;32;0;0;0;8;7;B01
201300050278;0;7;0;0;2;4;23;A01
201300050278;0;30;0;0;2;0;2;B01
201300050279;0;7;0;0;2;6;2;A01
201300050279;0;30;0;0;2;1;2;B01
201300050280;0;1;0;0;0;1;1;A01
201300050281;0;1;0;0;2;7;1;B01
201300050281;0;7;0;0;2;8;22;A01
201300050282;0;10;0;0;2;8;15;A01
201300050282;1;1;0;0;2;0;17;B01
201300050283;0;31;0;14;2;8;13;B01
201300050283;0;7;0;0;2;2;1;A01
201300050284;0;32;0;14;0;0;13;A01
201300050285;0;7;0;0;2;3;22;A01
201300050285;0;1;0;1;0;1;1;B01
201300050286;0;31;0;0;2;1;2;B01
201300050286;0;33;0;15;2;1;2;A01
201300050287;0;32;0;14;0;0;21;A01
201300050288;0;34;0;0;2;1;1;A01
201300050288;0;7;0;0;2;3;1;B01
201300050289;0;32;0;0;0;0;21;A01
201300050290;0;32;0;0;2;1;3;B01
201300050290;0;14;0;0;2;6;1;A01
201300050291;0;32;0;0;2;0;1;A01
201300050292;0;2;0;0;0;1;1;A01
201300050293;0;7;0;0;2;4;23;E01
201300050293;0;7;0;0;2;4;23;D01
201300050293;0;32;0;0;2;4;23;B01
201300050293;2;10;0;0;2;0;2;Z02
201300050293;0;7;0;0;2;4;23;C01
201300050293;0;7;0;0;2;1;23;A01
201300050294;0;32;0;0;0;0;21;A01
201300050295;0;1;0;0;2;6;7;A01
201300050295;1;10;0;0;2;0;7;Z01
201300050296;1;37;1;0;0;0;14;A01
201300050296;0;1;0;0;0;0;7;B01
201300050297;0;30;0;0;2;0;1;A01
201300050298;0;33;0;0;1;7;17;A01
201300050299;0;7;0;0;2;1;2;A01
201300050299;0;30;0;0;2;4;2;B01
201300050300;0;1;0;0;1;1;1;A01
201300050301;0;7;0;0;2;3;15;A01
201300050301;0;30;0;0;2;2;17;B01
201300050302;0;7;0;0;1;6;4;A01
201300050303;0;2;0;0;1;1;3;A01
201300050303;0;7;0;0;2;8;1;C01
201300050303;0;7;0;0;2;5;1;B01
201300050304;0;34;0;0;2;2;1;B01
201300050304;0;7;0;0;0;6;11;A01
201300050305;0;33;0;0;1;1;1;A01
201300050306;0;7;0;0;2;3;15;A01
201300050306;0;32;0;0;2;2;17;B01
201300050307;1;2;0;0;1;1;1;Z01
201300050308;0;7;0;6;0;8;13;A01
201300050309;0;1;0;0;0;0;1;A01
201300050310;0;7;0;0;2;5;12;A01
201300050310;0;37;0;0;2;3;7;B01
201300050311;0;1;0;0;2;4;13;B01
201300050311;0;7;0;0;2;2;1;A01
201300050312;0;7;0;0;1;2;15;A01
201300050313;0;32;0;0;0;0;1;A01
201300050314;0;34;0;0;2;7;1;B01
201300050314;0;10;0;0;2;0;11;A01
201300050315;0;32;0;0;2;7;1;A01
201300050315;1;7;0;0;2;0;13;Z01
201300050316;0;32;0;0;2;0;1;A01
201300050316;0;7;0;0;2;0;13;B01
201300050317;0;7;0;1;2;1;1;A01
201300050317;0;1;0;0;2;4;1;B01
201300050318;0;33;0;0;2;4;1;A01
201300050318;0;33;0;0;2;0;23;B01
201300050319;0;33;0;0;2;1;1;A01
201300050319;0;7;0;0;2;4;23;B01
201300050319;0;7;0;0;2;6;23;C01
201300050320;0;7;0;0;2;7;1;A01
201300050320;0;32;0;0;2;1;16;B01
201300050321;0;32;0;0;0;1;1;C01
201300050321;0;2;0;0;0;4;1;A01
201300050321;0;32;0;0;0;4;23;B01
201300050322;0;34;0;12;0;1;1;A01
201300050323;0;32;0;0;1;0;1;A01
201300050324;0;32;0;0;2;2;1;B01
201300050324;0;2;0;0;2;1;1;A01
201300050325;0;33;0;0;0;0;1;A01
201300050326;1;7;0;0;2;0;15;Z01
201300050326;0;32;0;0;0;8;1;A01
201300050327;0;34;0;0;2;8;1;B01
201300050327;0;7;0;0;2;7;14;A01
201300050328;0;7;0;0;1;7;7;A01
201300050329;0;33;0;14;0;3;13;A01
201300050330;0;37;45;0;1;7;8;A01
201300050331;0;33;0;0;1;2;1;A01
201300050332;0;7;0;0;2;3;11;A01
201300050332;0;1;0;0;2;2;1;B01
201300050333;0;33;0;0;0;0;0;A01
201300050334;0;7;0;0;2;1;1;B01
201300050334;0;7;0;0;2;4;23;A01
201300050335;0;2;0;0;2;1;1;A01
201300050335;0;7;0;0;2;7;1;C01
201300050335;0;7;0;0;2;6;23;B01
201300050336;0;32;0;0;0;0;1;A01
201300050337;0;32;0;0;0;0;1;A01
201300050338;0;7;0;9;2;1;1;A01
201300050338;0;7;0;9;2;6;1;B01
201300050339;0;7;0;0;1;3;15;A01
201300050340;0;7;0;0;1;1;1;A01
201300050341;0;7;0;0;2;2;15;A01
201300050341;0;32;0;0;2;1;1;B01
201300050342;0;7;0;0;1;5;15;A01
201300050343;0;1;0;0;2;7;1;B01
201300050343;0;7;0;0;2;3;22;A01
201300050344;0;7;0;0;2;8;1;B01
201300050344;0;30;0;0;2;0;1;A01
201300050345;0;32;0;0;2;2;1;B01
201300050345;0;7;0;0;2;3;9;A01
201300050346;0;33;0;0;1;8;1;A01
201300050347;0;7;0;0;1;0;15;A01
201300050348;0;1;0;0;1;0;7;A01
201300050349;0;1;0;0;2;3;13;A01
201300050349;0;34;0;0;2;2;1;B01
201300050350;0;7;0;0;2;8;15;A01
201300050350;0;31;0;0;2;0;1;B01
201300050351;0;7;0;0;2;5;23;B01
201300050351;0;7;0;0;2;3;2;A01
201300050352;0;2;0;0;2;7;1;A01
201300050352;0;7;0;0;2;0;1;B01
201300050353;0;7;0;11;0;2;1;A01
201300050354;0;32;0;0;2;3;1;B01
201300050354;0;7;0;0;9;2;1;A01
201300050355;0;7;0;0;1;3;15;A01
201300050356;0;1;0;0;2;0;1;B01
201300050356;0;7;0;0;2;0;1;A01
201300050357;0;13;0;0;0;4;24;A01
201300050357;0;32;0;1;0;8;9;B01
201300050358;0;7;0;9;1;1;13;A01
201300050359;0;32;0;0;2;1;1;A01
201300050359;0;31;0;0;0;4;1;B01
201300050360;0;7;0;0;0;3;15;A01
201300050360;0;2;0;0;2;3;17;B01
201300050361;0;7;0;0;2;8;22;A01
201300050361;0;1;0;1;0;0;17;B01
201300050362;0;33;0;0;2;1;1;A01
201300050362;0;32;0;0;0;4;15;B01
201300050363;0;30;0;0;0;4;23;B01
201300050363;0;7;0;0;2;1;2;A01
201300050364;0;7;0;0;1;1;15;A01
201300050365;0;7;0;0;1;1;0;A01
201300050366;1;7;0;0;2;3;23;B01
201300050366;0;7;0;0;2;3;1;A01
201300050367;1;7;0;0;1;0;1;Z01
201300050368;0;7;0;0;2;2;1;B01
201300050368;0;10;0;0;2;3;1;A01
201300050369;0;32;0;0;2;6;17;A01
201300050369;0;7;0;0;0;6;11;B01
201300050370;0;7;0;0;2;2;1;B01
201300050370;0;1;0;0;2;1;1;A01
201300050371;0;32;0;0;0;8;1;A01
201300050372;0;7;0;0;1;5;17;A01
201300050373;0;7;0;0;2;5;23;B01
201300050373;0;7;0;0;2;3;2;A01
201300050374;0;32;0;0;2;1;2;A01
201300050374;0;7;0;0;2;5;23;B01
201300050375;0;33;0;0;2;8;1;B01
201300050375;0;2;0;0;0;1;1;A01
201300050376;0;30;0;0;0;7;2;A01
201300050377;0;7;0;0;0;6;23;C01
201300050377;0;2;0;0;2;6;5;A01
201300050377;0;2;0;0;2;8;1;B01
201300050378;0;1;0;1;0;1;1;B01
201300050378;0;7;0;0;0;5;22;A01
201300050379;0;7;0;0;2;5;22;A01
201300050379;0;32;0;0;2;8;18;B01
201300050380;0;7;0;0;1;1;1;A01
201300050381;0;7;0;0;1;7;1;A01
201300050382;0;7;0;0;2;2;1;A01
201300050382;0;33;0;0;2;1;1;B01
201300050383;1;10;0;0;1;5;4;Z01
201300050384;0;30;0;0;2;3;2;A01
201300050384;0;32;0;0;2;0;15;B01
201300050385;0;7;0;0;1;1;1;A01
201300050386;0;7;0;0;1;2;15;A01
201300050387;0;33;0;1;1;1;1;A01
201300050388;0;31;0;0;1;1;1;A01
201300050389;0;7;0;0;2;2;1;B01
201300050389;0;30;0;0;2;1;1;A01
201300050390;0;10;0;0;1;4;4;A01
201300050391;0;10;0;0;2;3;11;A01
201300050391;0;2;0;0;2;1;17;B01
201300050392;0;7;0;8;0;1;14;A01
201300050393;0;1;0;0;1;1;1;A01
201300050394;1;33;0;0;2;0;17;Z01
201300050394;0;32;0;0;2;1;1;A01
201300050395;0;7;0;0;2;7;16;B01
201300050395;0;32;0;0;2;1;18;A01
201300050396;0;30;0;0;1;1;1;A01
201300050397;0;7;0;0;1;4;4;A01
201300050398;0;7;0;0;0;4;23;B01
201300050398;0;7;0;0;2;1;1;A01
201300050399;0;34;0;6;1;1;1;A01
201300050400;0;32;0;0;2;3;15;A01
201300050400;0;2;0;0;2;1;1;B01
201300050401;0;1;0;0;2;1;7;B01
201300050401;0;7;0;0;2;2;16;A01
201300050402;0;34;0;0;1;7;1;A01
201300050403;0;7;0;14;0;1;13;A01
201300050404;0;37;0;0;2;2;1;A01
201300050404;0;34;0;0;2;8;13;B01
201300050405;0;7;0;1;0;1;1;A01
201300050406;0;32;0;0;2;3;15;B01
201300050406;0;7;0;0;2;2;1;A01
201300050407;0;7;0;14;0;3;1;A01
201300050408;0;37;20;0;2;7;17;A01
201300050408;0;33;0;0;2;0;1;B01
201300050409;0;7;0;0;1;2;16;A01
201300050410;0;34;0;0;2;3;1;B01
201300050410;0;7;0;0;2;7;14;A01
201300050411;0;30;0;0;0;0;1;A01
201300050412;0;32;0;0;2;9;1;B01
201300050412;0;10;0;0;2;8;1;A01
201300050413;0;10;0;0;1;4;4;A01
201300050414;0;7;0;7;2;2;1;B01
201300050414;0;7;0;0;2;3;15;A01
201300050415;0;1;0;0;2;1;3;A01
201300050415;0;7;0;0;2;7;23;B01
201300050415;0;7;0;0;2;3;23;C01
201300050416;0;2;0;0;0;0;1;A01
201300050417;1;1;0;0;1;1;16;A01
201300050418;0;1;0;0;2;8;13;A01
201300050418;1;2;0;0;2;0;1;Z01
201300050419;0;31;0;0;1;1;1;A01
201300050420;0;7;0;0;1;2;1;A01
201300050421;0;31;0;0;0;0;1;A01
201300050422;0;10;0;0;1;2;15;A01
201300050423;0;2;0;0;0;0;1;A01
201300050423;0;32;0;0;0;0;23;B01
201300050424;0;30;0;16;0;3;9;A01
201300050424;0;7;0;0;0;2;23;B01
201300050425;0;32;0;0;2;1;1;B01
201300050425;0;7;0;0;0;5;16;A01
201300050426;0;7;0;0;2;3;15;A01
201300050426;0;32;0;0;2;2;17;B01
201300050427;0;32;0;0;1;5;1;A01
201300050428;1;30;0;0;1;0;1;Z01
201300050429;0;7;0;0;1;3;15;A01
201300050430;0;30;0;0;2;8;1;A01
201300050430;0;7;0;0;2;1;1;B01
201300050431;1;1;0;0;1;0;1;Z01
201300050432;0;33;0;0;2;2;5;A01
201300050432;0;10;0;0;2;3;15;B01
201300050433;0;32;0;0;2;1;1;A01
201300050433;0;10;0;0;0;5;1;B01
201300050434;0;10;0;0;1;3;1;A01
201300050435;0;10;0;0;1;6;15;A01
201300050436;0;32;0;14;9;2;1;A01