num_acc;senc;catv;occutc;obs;obsm;choc;manv;num_veh
201300050437;0;30;0;0;2;1;1;A01
201300050437;0;7;0;0;2;1;1;B01
201300050438;0;1;0;0;2;8;2;C01
201300050438;0;7;0;0;2;0;22;A01
201300050438;0;7;0;0;2;2;2;B01
201300050439;0;32;0;14;0;6;1;A01
201300050440;0;7;0;0;2;3;16;B01
201300050440;0;1;0;0;2;2;1;A01
201300050441;0;10;0;0;1;2;1;A01
201300050442;1;33;0;0;1;0;1;Z01
201300050443;0;7;0;0;2;1;1;A01
201300050443;0;32;0;0;2;3;1;B01
201300050443;0;7;0;0;2;8;1;C01
201300050444;0;10;0;0;1;1;15;A01
201300050445;0;32;0;0;1;1;1;A01
201300050446;0;7;0;0;1;4;20;A01
201300050447;0;32;0;0;2;8;18;A01
201300050447;0;13;0;0;2;5;16;B01
201300050448;0;33;0;0;1;2;1;A01
201300050449;1;7;0;0;0;3;10;A01
201300050449;0;32;0;0;2;1;1;B01
201300050450;0;34;0;0;2;3;17;A01
201300050450;0;7;0;0;2;3;9;B01
201300050451;0;32;0;0;1;2;1;A01
201300050452;0;7;0;0;1;5;1;A01
201300050453;0;2;0;0;2;8;16;A01
201300050453;0;31;0;0;2;0;1;B01
201300050454;0;32;0;0;1;1;2;A01
201300050455;0;10;0;0;1;0;4;A01
201300050456;0;7;0;0;2;3;10;A01
201300050456;0;33;0;1;2;1;1;B01
201300050457;0;34;0;0;1;1;1;A01
201300050458;0;7;0;0;2;5;14;A01
201300050458;0;31;0;0;2;3;1;B01
201300050459;0;34;0;1;2;1;13;A01
201300050459;0;7;0;0;2;8;17;B01
201300050460;0;32;0;0;1;2;17;A01
201300050461;0;30;0;0;0;0;1;A01
201300050462;0;32;0;0;0;0;21;A01
201300050463;0;33;0;0;2;1;1;B01
201300050463;0;7;0;0;2;2;15;A01
201300050464;0;34;0;0;2;1;2;A01
201300050464;0;2;0;0;2;4;23;B01
201300050465;0;7;0;0;1;2;1;A01
201300050466;0;7;0;0;2;1;7;A01
201300050466;0;1;0;0;2;0;7;B01
201300050467;0;31;0;0;0;7;1;A01
201300050468;0;2;0;0;1;1;7;A01
201300050469;0;32;0;0;2;2;17;B01
201300050469;0;7;0;0;2;6;15;A01
201300050470;0;32;0;0;1;4;23;B01
201300050470;0;7;0;0;2;1;2;A01
201300050471;0;34;0;0;2;7;14;A01
201300050471;0;7;0;0;2;3;1;B01
201300050472;0;32;0;0;0;0;1;A01
201300050473;1;7;0;0;0;1;15;Z01
201300050473;0;2;0;0;0;8;1;A01
201300050474;0;2;0;12;1;1;14;A01
201300050475;0;1;0;0;0;0;1;A01
201300050476;0;7;0;0;0;4;23;B01
201300050476;0;32;0;0;2;1;1;A01
201300050477;0;32;0;0;2;8;1;B01
201300050477;0;7;0;0;2;2;16;A01
201300050478;0;7;0;0;1;1;1;A01
201300050479;0;33;0;0;2;6;1;B01
201300050479;0;7;0;0;2;1;15;A01
201300050480;0;7;0;0;2;7;16;B01
201300050480;0;2;0;0;2;1;7;A01
201300050481;0;37;20;0;2;3;7;A01
201300050481;0;10;0;0;2;2;12;B01
201300050482;0;7;0;1;0;7;4;A01
201300050483;0;10;0;0;1;1;7;A01
201300050484;0;1;0;0;0;0;1;A01
201300050485;0;32;0;0;0;7;1;A01
201300050486;0;7;0;0;2;6;23;B01
201300050486;0;32;0;0;2;9;2;A01
201300050487;0;30;0;0;0;0;1;A01
201300050488;0;1;0;0;2;1;7;A01
201300050488;0;7;0;0;2;4;7;B01
201300050489;0;31;0;0;2;0;21;A01
201300050490;0;34;0;0;1;1;3;A01
201300050491;0;7;0;0;1;1;1;A01
201300050492;0;33;0;0;2;1;1;B01
201300050492;0;1;0;0;2;7;19;A01
201300050493;0;10;0;0;1;1;15;A01
201300050494;0;7;0;0;2;3;16;B01
201300050494;0;32;0;0;2;8;1;A01
201300050495;0;7;0;0;1;4;4;A01
201300050496;0;7;0;0;2;3;1;B01
201300050496;0;1;0;0;2;7;1;A01
201300050497;0;31;0;12;0;2;14;A01
201300050498;0;10;0;0;2;8;15;B01
201300050498;0;30;0;0;2;8;1;A01
201300050499;0;1;0;0;2;7;1;A01
201300050499;0;10;0;0;2;3;1;B01
201300050500;0;1;0;12;0;7;1;A01
201300050501;0;7;0;0;2;8;15;A01
201300050501;0;32;0;0;2;1;17;B01
201300050502;0;2;0;0;2;8;13;A01
201300050502;0;30;0;0;2;7;5;B01
201300050503;0;1;0;0;2;4;16;B01
201300050503;0;7;0;0;2;2;2;A01
201300050504;0;1;0;0;0;1;13;B01
201300050504;0;7;0;0;0;5;12;A01
201300050505;0;32;0;0;1;3;1;A01
201300050506;0;7;0;0;2;8;9;A01
201300050506;0;7;0;6;2;3;1;B01
201300050506;0;7;0;0;2;1;1;C01
201300050507;0;7;0;0;2;2;2;B01
201300050507;0;1;0;0;2;8;2;A01
201300050508;0;7;0;0;2;1;7;B01
201300050508;0;7;0;0;2;7;16;A01
201300050509;0;7;0;0;2;2;16;A01
201300050509;0;32;0;0;2;3;18;B01
201300050510;0;7;0;0;2;6;24;C01
201300050510;0;7;0;0;2;7;12;A01
201300050510;0;31;0;0;2;8;1;B01
201300050511;0;10;0;0;1;4;4;A01
201300050512;0;7;0;1;0;1;14;A01
201300050513;0;10;0;0;2;1;2;A01
201300050513;0;10;0;0;2;4;23;B01
201300050514;0;7;0;0;2;8;10;A01
201300050514;0;33;0;0;2;1;1;B01
201300050515;0;1;0;0;2;2;1;A01
201300050515;0;7;0;0;2;3;4;B01
201300050516;0;7;0;0;1;1;15;A01
201300050517;0;7;0;0;2;6;15;B01
201300050517;0;32;0;0;2;1;2;A01
201300050518;0;32;0;11;0;1;1;A01
201300050519;0;32;0;0;0;7;21;A01
201300050520;0;2;0;14;0;7;1;A01
201300050521;0;10;0;0;2;1;1;B01
201300050521;0;1;0;0;2;4;15;A01
201300050522;0;1;0;14;0;1;18;B01
201300050522;0;7;0;0;2;5;22;A01
201300050523;0;33;0;1;0;1;18;A01
201300050523;0;7;0;0;0;7;22;B01
201300050524;0;2;0;0;2;1;1;B01
201300050524;0;1;0;0;2;7;15;A01
201300050525;0;2;0;12;0;1;14;A01
201300050526;0;31;0;0;0;7;21;A01
201300050527;0;7;0;0;2;1;1;A01
201300050527;0;31;0;0;2;8;1;B01
201300050528;0;10;0;0;2;3;1;B01
201300050528;0;1;0;0;2;7;7;A01
201300050529;0;2;0;0;0;0;21;A01
201300050530;0;2;0;0;2;3;18;A01
201300050530;0;7;0;0;2;2;1;B01
201300050531;0;30;0;0;0;8;7;A01
201300050532;0;1;0;0;1;1;16;A01
201300050533;1;2;0;0;1;1;1;Z01
201300050534;0;2;0;0;2;1;2;A01
201300050534;0;10;0;0;2;6;15;B01
201300050535;0;1;0;0;2;8;13;B01
201300050535;0;37;30;0;2;7;14;A01
201300050536;0;33;0;0;0;4;23;B01
201300050536;0;7;0;0;2;1;1;A01
201300050537;0;7;0;9;1;1;16;A01
201300050538;0;7;0;0;2;8;1;B01
201300050538;0;2;0;0;2;8;15;A01
201300050539;0;1;0;0;1;1;1;A01
201300050540;0;32;0;0;9;0;21;A01
201300050541;0;7;0;0;2;6;23;B01
201300050541;0;2;0;0;2;1;1;A01
201300050542;0;2;0;1;0;0;21;A01
201300050543;0;7;0;0;2;1;1;A01
201300050543;0;10;0;0;2;4;23;B01
201300050543;0;10;0;0;2;4;23;C01
201300050544;0;7;0;0;0;8;22;A01
201300050544;0;1;0;1;0;1;1;B01
201300050545;0;1;0;0;0;0;1;A01
201300050546;0;30;0;0;2;0;1;A01
201300050546;1;7;0;0;2;0;13;Z01
201300050547;0;7;0;0;1;7;1;A01
201300050548;0;7;0;0;1;1;15;A01
201300050549;0;2;0;0;2;1;17;B01
201300050549;0;7;0;0;2;8;22;A01
201300050550;0;7;0;0;1;8;1;A01
201300050551;0;7;0;0;2;1;1;A01
201300050551;0;7;0;0;0;4;23;B01
201300050552;0;34;0;0;1;1;5;A01
201300050553;1;7;0;0;2;1;1;Z01
201300050553;0;1;0;0;2;8;1;A01
201300050554;0;7;0;0;1;3;15;A01
201300050555;0;1;0;0;0;0;1;A01
201300050556;0;1;0;0;2;8;13;A01
201300050556;0;7;0;0;2;1;17;B01
201300050557;0;1;0;0;2;3;7;B01
201300050557;0;7;0;0;2;2;16;A01
201300050558;0;7;0;0;2;1;9;B01
201300050558;0;34;0;0;2;7;5;A01
201300050559;0;33;0;0;2;1;1;A01
201300050559;0;7;0;0;0;4;23;B01
201300050560;0;2;0;0;0;0;21;A01
201300050561;0;32;0;0;0;7;1;A01
201300050562;0;10;0;0;2;4;10;B01
201300050562;0;31;0;0;2;1;1;A01
201300050563;0;2;0;0;0;0;7;A01
201300050564;0;33;0;0;2;1;1;B01
201300050564;0;1;0;0;2;8;19;A01
201300050565;0;7;0;0;2;2;1;A01
201300050565;0;7;0;8;0;3;1;B01
201300050566;0;34;0;0;2;3;1;A01
201300050566;0;7;0;0;0;5;15;B01
201300050567;0;2;0;0;0;7;1;A01
201300050568;0;32;0;0;2;1;1;A01
201300050568;0;7;0;0;0;2;1;B01
201300050569;0;10;0;0;1;2;16;A01
201300050570;0;7;0;0;2;3;1;B01
201300050570;0;30;0;0;2;8;1;A01
201300050571;0;7;0;0;2;1;1;B01
201300050571;0;32;0;0;2;1;15;A01
201300050572;0;30;0;0;2;1;1;B01
201300050572;0;7;0;0;2;1;15;A01
201300050573;0;1;0;0;2;8;1;B01
201300050573;0;7;0;0;2;2;7;A01
201300050574;0;7;0;15;0;3;13;A01
201300050575;0;7;0;0;1;4;4;A01
201300050576;0;32;0;0;1;2;1;A01
201300050577;1;7;0;0;2;2;22;Z01
201300050577;0;32;0;0;2;8;1;A01
201300050578;0;7;0;0;1;2;1;A01
201300050579;0;32;0;0;1;1;1;A01
201300050580;0;1;0;0;2;7;16;B01
201300050580;0;30;0;0;2;8;16;A01
201300050581;0;7;0;0;1;3;15;A01
201300050582;0;1;0;1;0;0;18;A01
201300050583;0;32;0;0;1;1;1;A01
201300050584;0;37;20;0;1;1;1;A01
201300050585;0;7;0;0;2;2;1;A01
201300050585;0;7;0;0;2;3;15;B01
201300050586;0;7;0;1;2;1;1;B01
201300050586;0;7;0;0;2;2;1;A01
201300050587;0;7;0;0;1;1;1;A01
201300050588;1;7;0;0;2;2;1;Z01
201300050588;0;32;0;0;2;3;1;A01
201300050589;0;34;0;0;2;2;1;B01
201300050589;0;7;0;0;2;3;15;A01
201300050590;0;30;0;11;0;1;13;A01
201300050591;0;10;0;0;1;4;4;A01
201300050592;0;7;0;0;2;8;22;A01
201300050592;0;1;0;0;2;1;1;B01
201300050593;1;30;0;0;1;7;1;A01
201300050594;0;32;0;12;0;3;13;A01
201300050595;0;1;0;0;2;8;1;B01
201300050595;0;7;0;0;2;2;17;A01
201300050596;0;32;0;14;0;1;13;A01
201300050597;0;34;0;0;1;2;1;A01
201300050598;0;32;0;0;0;0;1;A01
201300050599;0;7;0;0;2;3;2;A01
201300050599;0;34;0;0;2;5;2;B01
201300050600;0;32;0;0;0;0;21;A01
201300050601;0;7;0;6;0;1;1;A01
201300050602;0;34;0;0;1;2;1;A01
201300050603;0;32;0;0;0;8;1;A01
201300050604;0;7;0;7;0;3;13;A01
201300050605;0;2;0;0;0;8;21;A01
201300050606;0;7;0;0;2;1;17;A01
201300050606;0;33;0;0;0;4;0;B01
201300050607;0;1;0;0;1;1;7;A01
201300050608;0;7;0;0;1;7;1;A01
201300050609;0;7;0;0;1;2;8;A01
201300050610;0;33;0;0;2;2;17;B01
201300050610;0;7;0;0;2;8;15;A01
201300050611;0;1;0;0;0;0;12;B01
201300050611;0;2;0;0;0;0;1;A01
201300050612;0;7;0;6;0;3;1;A01
201300050613;0;7;0;0;2;3;1;A01
201300050613;0;7;0;0;0;5;23;B01
201300050614;0;7;0;0;1;1;1;A01
201300050615;0;7;0;0;1;0;1;A01
201300050616;0;7;0;11;0;1;1;A01
201300050617;0;34;0;0;1;1;1;A01
201300050618;0;14;0;0;0;2;1;A01
201300050618;0;33;0;0;0;3;15;B01
201300050619;0;33;0;0;0;4;23;B01
201300050619;0;14;0;0;2;3;1;A01
201300050620;0;7;0;0;2;5;23;B01
201300050620;0;34;0;0;2;3;7;A01
201300050621;0;30;0;0;0;7;1;A01
201300050622;0;33;0;0;2;9;17;B01
201300050622;0;7;0;0;2;6;15;A01
201300050623;0;32;0;0;2;2;2;A01
201300050623;0;7;0;0;2;6;15;B01
201300050624;0;7;0;0;1;8;1;A01
201300050625;0;34;0;0;5;7;12;A01
201300050626;0;30;0;0;1;1;1;A01
201300050627;0;7;0;0;0;5;1;C01
201300050627;0;7;0;0;2;3;22;A01
201300050627;0;33;0;0;2;2;17;B01
201300050628;0;2;0;12;2;1;5;A01
201300050628;0;10;0;0;2;3;15;B01
201300050629;0;30;0;0;0;1;1;B01
201300050629;0;7;0;0;0;5;1;A01
201300050630;0;32;0;0;2;7;10;A01
201300050630;1;32;0;0;2;1;1;B01
201300050631;0;14;0;0;2;5;23;C01
201300050631;0;7;0;0;2;3;2;A01
201300050631;0;30;0;0;2;5;23;B01
201300050632;0;30;0;0;2;1;16;B01
201300050632;0;1;0;0;2;4;18;A01
201300050633;1;30;0;0;1;1;1;Z01
201300050634;0;7;0;0;2;8;11;A01
201300050634;0;32;0;0;2;2;1;B01
201300050635;0;32;0;0;2;3;2;A01
201300050635;0;33;0;0;2;0;23;B01
201300050636;0;7;0;0;1;1;1;A01
201300050637;0;7;0;0;2;8;15;A01
201300050637;0;33;0;0;2;7;1;B01
201300050638;0;32;0;0;2;1;1;B01
201300050638;0;10;0;0;2;1;15;A01
201300050639;0;32;0;0;2;3;2;A01
201300050639;0;7;0;0;2;5;2;B01
201300050640;0;7;0;0;2;8;11;A01
201300050640;0;32;0;0;2;7;1;B01
201300050641;0;32;0;0;0;0;21;A01
201300050642;0;7;0;0;1;2;1;A01
201300050643;0;34;0;12;0;0;14;A01
201300050644;0;34;0;0;1;3;1;A01
201300050645;0;30;0;0;2;8;2;A01
201300050645;0;1;0;0;2;7;2;B01
201300050646;0;32;0;0;2;0;15;A01
201300050646;0;34;0;0;2;0;9;B01
201300050647;0;32;0;0;2;0;17;B01
201300050647;0;7;0;0;2;0;22;A01
201300050648;0;10;0;0;2;5;14;B01
201300050648;0;33;0;0;2;3;18;A01
201300050649;0;33;0;0;2;0;1;A01
201300050649;1;7;0;0;2;0;13;Z01
201300050650;0;34;0;0;2;1;2;A01
201300050650;0;7;0;0;2;4;23;B01
201300050651;0;7;0;15;2;1;1;A01
201300050651;0;7;0;1;2;3;1;B01
201300050652;0;32;0;0;1;0;7;A01
201300050653;0;1;0;0;2;2;13;A01
201300050653;0;1;0;0;2;3;1;B01
201300050654;0;14;0;0;2;1;1;A01
201300050654;0;1;0;0;2;8;13;B01
201300050655;0;7;0;0;2;5;16;A01
201300050655;0;37;15;0;2;3;7;B01
201300050656;0;32;0;0;2;2;17;A01
201300050656;0;7;0;0;2;3;15;B01
201300050657;0;7;0;0;0;7;1;B01
201300050657;0;1;0;0;2;3;11;A01
201300050658;0;1;0;0;1;1;1;A01
201300050659;1;7;0;0;2;1;1;Z01
201300050659;0;32;0;0;2;4;15;B01
201300050660;0;7;0;0;2;7;1;B01
201300050660;2;7;0;1;2;2;5;A01
201300050661;0;7;0;0;2;3;23;B01
201300050661;0;34;0;0;0;3;1;A01
201300050662;0;7;0;0;2;0;16;B01
201300050662;0;30;0;0;2;8;1;A01
201300050663;0;1;0;0;2;3;13;B01
201300050663;0;7;0;0;2;2;1;A01
201300050664;0;1;0;0;2;0;7;A01
201300050664;1;1;0;0;2;0;7;Z01
201300050665;0;30;0;1;0;9;5;A01
201300050666;0;1;0;0;2;8;15;A01
201300050666;1;30;0;0;2;1;1;Z01
201300050667;0;7;0;0;2;3;1;B01
201300050667;0;1;0;0;2;1;16;A01
201300050668;0;1;0;0;2;1;7;A01
201300050668;0;7;0;0;0;4;16;B01
201300050669;0;32;0;0;0;0;1;A01
201300050670;0;1;0;0;2;6;1;B01
201300050670;0;7;0;0;2;2;14;A01
201300050671;0;7;0;0;2;3;1;A01
201300050671;0;33;0;0;0;4;23;B01
201300050672;0;2;0;0;0;0;1;A01
201300050673;0;32;0;0;0;0;21;A01
201300050674;0;7;0;7;0;1;13;A01
201300050675;0;10;0;0;1;1;1;A01
201300050676;0;34;0;0;2;1;1;B01
201300050676;0;1;0;0;2;4;19;A01
201300050677;0;7;0;0;0;7;16;B01
201300050677;0;32;0;0;2;1;7;A01
201300050678;1;15;0;0;1;2;1;Z01
201300050679;0;32;0;0;2;8;13;A01
201300050679;0;7;0;0;2;2;1;B01
201300050680;0;32;0;12;0;8;1;A01
201300050681;0;7;0;0;2;8;13;A01
201300050681;0;1;0;0;2;8;1;B01
201300050682;0;7;0;0;2;8;15;A01
201300050682;0;33;0;0;2;2;1;B01
201300050683;0;7;0;0;2;1;1;A01
201300050683;0;10;0;0;2;3;9;B01
201300050684;0;7;0;0;2;3;2;A01
201300050684;0;7;0;0;2;4;23;B01
201300050685;0;32;0;0;1;8;1;A01
201300050686;0;7;0;0;2;3;1;B01
201300050686;0;1;0;0;2;0;7;A01
201300050687;0;34;0;0;1;1;1;A01
201300050688;0;7;0;0;9;7;14;A01
201300050688;0;1;0;0;2;8;1;B01
201300050689;0;32;0;0;0;4;23;B01
201300050689;0;7;0;0;0;1;1;A01
201300050690;0;30;0;0;0;7;1;A01
201300050691;0;31;0;0;0;7;16;A01
201300050692;0;30;0;0;2;1;2;A01
201300050692;0;7;0;0;2;6;23;B01
201300050693;1;1;0;0;1;0;7;Z01
201300050694;0;32;0;0;9;1;17;A01
201300050694;0;1;0;0;2;4;15;B01
201300050695;0;1;0;0;1;1;15;A01
201300050696;0;7;0;0;2;2;12;A01
201300050696;0;7;0;0;0;6;1;B01
201300050697;0;10;0;0;2;8;22;A01
201300050697;0;1;0;0;2;7;1;B01
201300050698;0;2;0;0;2;4;23;B01
201300050698;0;7;0;0;2;3;1;A01
201300050699;0;1;0;15;0;1;1;A01
201300050700;0;1;0;0;2;7;1;B01
201300050700;0;10;0;0;2;3;1;A01
201300050701;0;1;0;0;2;0;1;B01
201300050701;0;7;0;0;2;0;22;A01
201300050702;0;7;0;0;0;6;23;B01
201300050702;0;34;0;0;1;2;3;A01
201300050703;0;32;0;0;0;8;1;A01
201300050704;0;7;0;0;0;4;23;B01
201300050704;0;10;0;0;2;1;1;A01
201300050705;0;2;0;0;2;3;18;B01
201300050705;0;10;0;0;2;7;12;A01
201300050706;1;7;0;0;1;1;1;Z01
201300050707;0;7;0;0;1;1;1;A01
201300050708;0;7;0;0;1;1;1;A01
201300050709;0;7;0;0;1;2;7;A01
201300050710;0;7;0;0;0;8;15;A01
201300050710;0;1;0;0;2;7;1;B01
201300050711;0;33;0;0;2;1;3;B01
201300050711;0;7;0;0;2;5;1;A01
201300050712;0;33;0;0;9;8;1;B01
201300050712;0;1;0;0;0;7;15;A01
201300050713;0;2;0;0;2;4;23;B01
201300050713;0;7;0;0;2;3;2;A01
201300050714;0;7;0;0;0;7;23;B01
201300050714;0;30;0;0;2;7;1;A01
201300050715;0;32;0;0;2;3;1;B01
201300050715;0;7;0;0;2;2;1;A01
201300050716;0;30;0;0;2;8;7;B01
201300050716;0;30;0;0;2;0;7;A01
201300050717;0;30;0;0;2;6;2;A01
201300050717;0;7;0;0;2;6;15;B01
201300050718;0;10;0;0;2;1;1;A01
201300050718;0;32;0;0;2;1;1;B01
201300050719;0;30;0;0;2;7;14;A01
201300050719;0;33;0;0;2;8;1;B01
201300050720;0;10;0;0;1;3;15;A01
201300050721;0;2;0;0;0;3;16;A01
201300050721;0;1;0;0;0;5;1;B01
201300050722;0;7;0;0;1;2;7;A01
201300050723;0;10;0;0;1;6;4;A01
201300050724;0;2;0;0;2;0;7;B01
201300050724;0;7;0;0;0;0;12;A01
201300050725;1;32;0;0;1;1;1;Z01
201300050726;0;7;0;0;2;3;1;B01
201300050726;0;30;0;0;2;1;5;A01
201300050727;0;1;0;0;1;1;1;A01
201300050728;0;32;0;0;2;1;1;A01
201300050728;0;7;0;0;2;3;1;B01
201300050729;0;10;0;0;1;3;15;A01
201300050730;0;7;0;0;2;3;10;A01
201300050730;0;31;0;0;2;2;1;B01
201300050731;0;37;0;0;2;8;8;B01
201300050731;0;30;0;0;2;8;1;A01
201300050732;0;7;0;0;1;1;16;A01
201300050733;0;7;0;11;0;0;1;A01
201300050734;0;32;0;0;0;0;17;A01
201300050734;0;10;0;0;0;0;13;B01
201300050735;0;7;0;0;2;8;15;A01
201300050735;0;30;0;0;2;7;1;B01
201300050736;0;30;0;0;2;1;1;B01
201300050736;0;30;0;0;2;7;15;A01
201300050737;0;30;0;0;2;3;1;A01
201300050737;1;7;0;0;2;2;16;Z01
201300050738;0;7;0;0;1;1;16;A01
201300050739;0;7;0;0;2;3;1;B01
201300050739;0;32;0;0;2;2;15;A01
201300050740;0;7;0;0;1;3;1;A01
201300050741;0;7;0;11;0;1;13;A01
201300050742;0;1;0;0;0;0;7;A01
201300050743;0;30;0;0;2;2;1;B01
201300050743;0;7;0;0;2;3;9;A01
201300050744;0;33;0;0;2;1;2;A01
201300050744;0;7;0;0;2;5;2;B01
201300050745;0;32;0;0;2;1;1;B01
201300050745;0;7;0;0;2;5;16;A01
201300050746;0;7;0;0;1;2;15;A01
201300050747;0;7;0;0;2;5;15;A01
201300050747;0;33;0;0;2;1;1;B01
201300050748;0;33;0;0;1;1;16;A01
201300050749;0;32;0;0;0;1;16;A01
201300050750;0;30;0;0;1;0;1;A01
201300050751;0;7;0;0;1;3;1;A01
201300050752;0;10;0;0;2;1;1;A01
201300050752;0;32;0;0;2;8;1;B01
201300050753;0;32;0;0;1;7;1;A01
201300050754;0;30;0;0;0;7;1;A01
201300050755;0;7;0;0;2;4;2;B01
201300050755;0;7;0;0;2;1;2;A01
201300050756;0;7;0;0;2;7;17;A01
201300050756;0;30;0;0;2;8;1;B01
201300050757;0;7;0;0;2;3;11;A01
201300050757;0;33;0;0;2;1;1;B01
201300050758;0;33;0;0;2;7;1;B01
201300050758;0;7;0;0;2;3;13;A01
201300050759;1;34;0;0;1;0;1;Z01
201300050760;0;7;0;8;2;3;15;A01
201300050760;0;30;0;0;2;3;17;B01
201300050761;0;1;0;0;1;1;1;A01
201300050762;0;32;0;0;0;8;21;A01
201300050763;0;7;0;0;9;3;7;B01
201300050763;0;1;0;0;2;7;1;A01
201300050764;0;13;0;0;2;2;16;A01
201300050764;0;1;0;0;0;1;7;B01
201300050765;0;32;0;0;0;1;1;B01
201300050765;0;2;0;0;2;1;9;A01
201300050766;0;7;0;0;1;3;1;A01
201300050767;0;32;0;0;0;8;16;A01
201300050768;0;7;0;0;0;8;15;A01
201300050768;0;32;0;0;2;7;17;B01
201300050769;0;7;0;0;1;2;1;A01
201300050770;0;7;0;0;2;8;15;B01
201300050770;0;34;0;0;2;1;17;A01
201300050771;0;1;0;0;1;1;1;A01
201300050772;0;33;0;0;1;1;1;A01
201300050772;0;37;0;0;2;6;7;B01
201300050773;0;7;0;0;1;6;20;A01
201300050774;0;31;0;0;0;1;1;A01
201300050775;0;7;0;1;0;3;13;A01
201300050776;0;33;0;0;2;1;2;A01
201300050776;0;7;0;0;2;5;2;B01
201300050777;0;10;0;0;1;3;1;A01
201300050778;0;7;0;0;2;7;16;A01
201300050778;0;2;0;0;2;1;18;B01
201300050779;0;31;0;0;2;1;2;B01
201300050779;0;7;0;0;2;4;4;A01
201300050780;0;30;0;8;2;1;7;A01
201300050780;0;7;0;0;2;2;16;B01
201300050781;0;32;0;0;1;1;3;A01
201300050782;0;7;0;11;0;1;1;A01
201300050783;0;2;0;0;2;1;8;B01
201300050783;0;7;0;0;2;8;15;A01
201300050784;0;7;0;0;0;3;22;A01
201300050784;0;1;0;1;0;1;1;B01
201300050785;1;7;0;0;0;0;15;Z01
201300050785;0;30;0;0;2;1;1;A01
201300050786;0;10;0;0;2;2;16;A01
201300050786;0;1;0;0;2;3;7;B01
201300050787;0;7;0;0;2;6;23;B01
201300050787;0;33;0;0;2;1;2;A01
201300050788;0;7;0;0;1;1;16;A01
201300050789;0;32;0;0;0;7;16;A01
201300050790;0;1;0;0;0;0;7;A01
201300050791;0;32;0;0;1;1;1;A01
201300050792;0;7;0;0;1;2;1;A01
201300050793;0;33;0;0;2;1;17;A01
201300050793;0;7;0;0;2;8;15;B01
201300050794;0;1;0;0;0;0;1;A01
201300050795;0;1;0;0;1;1;7;A01
201300050796;0;2;0;0;2;2;17;A01
201300050796;0;7;0;0;2;3;15;B01
201300050797;0;7;0;0;2;3;13;A01
201300050797;0;30;0;0;2;7;17;B01
201300050798;0;31;0;0;0;0;21;A01
201300050799;0;30;0;0;1;1;17;A01
201300050800;0;7;0;0;1;7;16;A01
201300050801;0;1;0;0;2;1;15;A01
201300050801;0;7;0;0;2;6;1;B01
201300050802;0;2;0;0;0;0;21;A01
201300050803;0;7;0;0;2;3;9;A01
201300050803;0;31;0;0;2;2;17;B01
201300050804;0;7;0;14;0;1;15;A01
201300050805;0;7;0;0;2;1;1;B01
201300050805;0;32;0;0;2;8;5;A01
201300050806;0;37;1;0;2;1;13;A01
201300050806;0;7;0;1;2;3;1;B01
201300050807;0;10;0;0;1;1;1;A01
201300050808;0;33;0;0;1;1;18;A01
201300050809;0;2;0;12;0;0;1;A01
201300050810;0;7;0;0;2;6;16;A01
201300050810;0;1;0;0;2;0;1;B01
201300050811;0;37;21;0;2;2;2;A01
201300050811;0;7;0;0;2;4;2;B01
201300050812;0;7;0;0;2;8;15;A01
201300050812;0;30;0;0;2;1;17;B01
201300050813;0;10;0;0;1;5;20;A01
201300050814;0;31;0;0;2;0;1;B01
201300050814;0;7;0;0;2;6;9;A01
201300050815;0;32;0;0;2;8;1;B01
201300050815;0;7;0;0;2;3;15;A01
201300050816;0;37;1;0;1;2;16;A01
201300050817;0;7;0;0;2;3;22;A01
201300050817;0;32;0;0;2;3;1;C01
201300050817;0;30;0;0;2;7;17;B01
201300050818;0;1;0;0;2;1;13;A01
201300050818;0;33;0;0;2;1;1;B01
201300050819;0;7;0;0;1;2;1;A01
201300050820;0;7;0;0;1;1;17;A01
201300050821;0;7;0;0;2;8;15;A01
201300050821;0;34;0;1;2;7;17;B01
201300050822;0;1;0;0;2;3;1;B01
201300050822;0;33;0;0;2;5;17;A01
201300050823;0;10;0;0;1;4;4;A01
201300050824;0;33;0;0;1;2;1;A01
201300050825;0;7;0;8;0;2;1;A01
201300050826;0;1;0;1;0;1;1;A01
201300050827;0;7;0;0;2;3;15;A01
201300050827;0;30;0;0;2;5;17;B01
201300050828;0;34;0;0;2;3;1;B01
201300050828;0;7;0;0;2;1;10;A01
201300050829;0;7;0;0;1;1;15;A01
201300050830;0;1;0;0;1;1;5;A01
201300050831;0;7;0;0;0;1;1;A01
201300050831;0;32;0;0;0;4;23;B01
201300050832;0;32;0;0;2;1;18;B01
201300050832;0;7;0;0;0;2;22;A01
201300050833;0;7;0;0;1;1;1;A01
201300050834;0;33;0;0;1;2;1;A01
201300050835;0;7;0;0;2;2;1;A01
201300050835;0;33;0;0;2;5;1;B01
201300050836;0;1;0;0;2;1;1;B01
201300050836;0;10;0;0;2;8;22;A01
201300050837;0;33;0;0;2;1;17;B01
201300050837;0;7;0;0;2;8;15;A01
201300050838;0;7;0;0;2;3;23;B01
201300050838;0;1;0;0;2;0;17;A01
201300050839;0;32;0;0;1;3;17;A01
201300050840;0;32;0;0;0;0;1;A01