num_acc;senc;catv;occutc;obs;obsm;choc;manv;num_veh
201300050841;0;1;0;1;2;1;18;B01
201300050841;0;7;0;0;2;7;22;A01
201300050842;0;7;0;0;2;0;1;A01
201300050842;0;33;0;0;2;0;1;B01
201300050843;0;38;1;0;1;1;16;A01
201300050844;0;32;0;0;2;1;2;A01
201300050844;0;7;0;0;2;5;23;B01
201300050845;0;2;0;0;0;4;23;B01
201300050845;0;7;0;0;2;1;1;A01
201300050846;0;32;0;0;2;2;2;A01
201300050846;0;7;0;0;2;3;23;B01
201300050847;1;7;0;0;1;1;1;Z01
201300050848;0;30;0;0;2;1;1;A01
201300050848;0;7;0;0;0;3;15;B01
201300050849;0;30;0;0;2;1;1;B01
201300050849;0;7;0;0;2;3;13;A01
201300050850;0;32;0;0;1;1;16;A01
201300050851;0;1;0;0;2;1;7;B01
201300050851;0;7;0;0;2;2;16;A01
201300050852;0;33;0;0;2;1;1;B01
201300050852;0;1;0;0;2;6;13;A01
201300050852;0;33;0;0;2;7;1;C01
201300050853;0;30;0;0;2;8;18;A01
201300050853;0;7;0;0;2;7;14;B01
201300050854;0;34;0;0;2;8;13;A01
201300050854;0;7;0;0;2;5;1;B01
201300050855;0;7;0;0;2;6;13;A01
201300050855;0;33;0;0;2;1;1;B01
201300050856;0;13;0;0;1;2;16;A01
201300050857;0;2;0;0;0;7;1;A01
201300050858;0;1;0;0;1;1;1;A01
201300050859;0;30;0;0;2;1;2;B01
201300050859;0;1;0;0;2;7;2;A01
201300050860;0;33;0;0;2;1;15;A01
201300050860;0;7;0;0;2;3;15;B01
201300050861;0;7;0;0;0;0;22;A01
201300050861;0;1;0;0;0;0;1;B01
201300050862;1;7;0;0;1;3;1;Z01
201300050863;0;33;0;0;1;1;1;A01
201300050864;0;30;0;0;2;1;10;A01
201300050864;0;7;0;0;2;8;1;B01
201300050865;0;7;0;0;1;1;15;A01
201300050866;1;30;0;0;1;0;1;Z01
201300050867;0;30;0;0;0;0;9;A01
201300050868;0;7;0;0;2;4;23;B01
201300050868;1;7;0;0;2;1;1;Z01
201300050869;0;7;0;0;1;2;1;A01
201300050870;0;33;0;0;0;2;1;A01
201300050871;0;32;0;0;1;1;1;A01
201300050872;0;7;0;14;0;2;1;A01
201300050873;1;7;0;0;1;0;1;Z01
201300050874;0;32;0;11;0;0;5;A01
201300050875;0;7;0;6;2;8;1;B01
201300050875;0;7;0;9;2;1;1;A01
201300050876;0;33;0;0;2;1;9;A01
201300050876;0;1;0;0;2;1;1;B01
201300050877;0;31;0;0;1;2;5;A01
201300050878;0;10;0;0;1;2;15;A01
201300050879;0;7;0;0;2;7;16;B01
201300050879;0;32;0;0;2;3;18;A01
201300050880;0;1;0;0;2;7;1;B01
201300050880;0;10;0;0;2;8;22;A01
201300050881;0;30;0;0;1;1;17;A01
201300050882;0;30;0;0;2;1;15;A01
201300050882;0;2;0;0;2;1;1;B01
201300050883;0;7;0;0;2;7;16;A01
201300050883;0;1;0;0;2;3;7;B01
201300050884;0;7;0;0;0;5;23;B01
201300050884;0;34;0;14;0;1;1;A01
201300050885;0;7;0;0;0;0;22;A01
201300050885;0;1;0;1;0;0;1;B01
201300050886;0;33;0;14;0;8;13;A01
201300050887;0;33;0;0;1;0;1;A01
201300050888;0;1;0;14;0;1;1;C01
201300050888;0;7;0;0;0;5;1;A01
201300050888;0;1;0;0;2;1;1;B01
201300050889;0;2;0;0;0;8;1;B01
201300050889;0;7;0;0;2;3;15;A01
201300050890;0;31;0;0;2;1;5;A01
201300050890;0;31;0;0;2;1;1;B01
201300050891;0;7;0;0;2;0;1;A01
201300050891;0;1;0;0;2;1;1;B01
201300050892;0;7;0;0;1;1;16;A01
201300050893;0;30;0;12;0;1;14;A01
201300050894;0;32;0;14;0;2;14;A01
201300050895;0;1;0;0;2;1;2;B01
201300050895;0;10;0;0;2;5;2;A01
201300050896;0;32;0;0;1;7;1;A01
201300050897;0;7;0;0;1;2;1;A01
201300050898;0;7;0;0;1;1;15;A01
201300050899;0;32;0;7;0;1;13;A01
201300050900;0;1;0;0;0;6;19;B01
201300050900;0;34;0;0;0;2;1;A01
201300050901;1;32;0;0;1;0;1;Z01
201300050902;0;10;0;0;2;6;4;A01
201300050902;0;37;96;0;2;7;7;B01
201300050903;0;7;0;0;0;7;15;A01
201300050903;0;32;0;0;2;1;1;B01
201300050904;0;33;0;0;0;0;16;A01
201300050905;0;10;0;0;2;7;1;A01
201300050905;0;30;0;0;2;8;23;B01
201300050906;0;1;0;0;0;0;1;A01
201300050907;0;1;0;0;2;7;7;B01
201300050907;0;37;12;0;2;3;9;A01
201300050908;0;7;0;0;2;3;1;C01
201300050908;0;7;0;0;0;6;1;B01
201300050908;0;33;0;0;2;1;1;A01
201300050909;0;31;0;0;1;1;1;A01
201300050910;0;1;0;0;2;1;2;A01
201300050910;0;10;0;0;2;4;2;B01
201300050911;0;33;0;12;0;1;1;A01
201300050912;0;32;0;0;1;1;1;A01
201300050912;0;32;0;0;1;1;1;B01
201300050913;0;7;0;0;2;3;13;A01
201300050913;0;31;0;0;2;3;17;B01
201300050914;0;33;0;0;0;8;1;A01
201300050915;0;1;0;0;0;0;1;A01
201300050916;0;30;0;0;2;2;1;B01
201300050916;0;7;0;0;2;2;15;A01
201300050917;1;30;0;0;2;1;2;Z01
201300050917;0;7;0;0;2;4;23;A01
201300050918;0;7;0;0;2;1;1;B01
201300050918;0;7;0;0;2;8;1;A01
201300050919;0;2;0;0;2;1;1;A01
201300050919;0;7;0;0;2;6;1;B01
201300050920;0;7;0;0;1;2;1;A01
201300050921;0;10;0;0;1;4;4;A01
201300050922;0;30;0;0;0;8;1;A01
201300050923;0;32;0;0;1;3;1;A01
201300050924;0;2;0;0;0;2;1;A01
201300050925;0;32;0;0;0;7;21;A01
201300050926;1;7;0;0;1;0;1;Z01
201300050927;0;1;0;0;2;1;1;A01
201300050927;0;7;0;0;2;3;1;B01
201300050928;0;30;0;0;0;7;16;A01
201300050929;0;33;0;0;0;0;1;A01
201300050930;0;33;0;0;1;0;1;A01
201300050931;0;33;0;0;1;1;1;A01
201300050932;0;32;0;0;0;1;1;A01
201300050933;0;7;0;0;2;2;16;B01
201300050933;0;32;0;0;2;8;18;A01
201300050934;0;32;0;0;1;1;1;A01
201300050935;0;2;0;12;0;0;1;A01
201300050936;0;32;0;0;2;1;17;B01
201300050936;0;10;0;0;2;2;10;A01
201300050937;0;7;0;0;1;4;4;A01
201300050938;0;7;0;0;1;5;1;A01
201300050939;0;32;0;0;0;7;16;A01
201300050940;0;7;0;0;2;3;9;A01
201300050940;0;30;0;0;2;2;1;B01
201300050941;0;1;0;0;2;8;7;B01
201300050941;0;7;0;0;2;7;16;A01
201300050942;0;10;0;0;2;5;2;A01
201300050942;0;7;0;0;2;6;23;B01
201300050943;0;7;0;0;2;2;1;B01
201300050943;0;7;0;0;2;1;1;A01
201300050944;0;7;0;0;1;5;16;A01
201300050945;0;30;0;0;0;0;1;A01
201300050946;0;37;0;0;1;2;7;A01
201300050947;0;37;0;0;1;7;7;A01
201300050948;0;30;0;0;1;2;1;A01
201300050948;0;7;0;0;2;3;1;B01
201300050949;0;30;0;0;1;1;18;A01
201300050950;0;1;0;0;2;8;7;B01
201300050950;0;7;0;0;2;1;1;A01
201300050951;0;10;0;0;2;6;13;A01
201300050951;0;33;0;1;2;1;17;B01
201300050952;0;30;0;12;0;1;1;A01
201300050953;0;33;0;0;2;1;2;A01
201300050953;0;14;0;0;2;5;23;B01
201300050954;0;30;0;0;0;7;1;A01
201300050955;0;32;0;0;2;8;1;B01
201300050955;0;7;0;0;2;2;14;A01
201300050956;0;7;0;0;1;7;1;A01
201300050957;0;10;0;0;1;1;1;A01
201300050958;0;30;0;0;2;1;1;B01
201300050958;0;30;0;0;2;7;1;A01
201300050959;0;1;0;0;1;1;1;A01
201300050960;0;31;0;0;2;6;2;A01
201300050960;1;7;0;0;2;2;2;Z01
201300050961;0;33;0;0;2;1;17;A01
201300050961;0;7;0;0;2;3;15;B01
201300050962;0;1;0;0;0;1;1;A01
201300050963;0;7;0;0;1;5;4;A01
201300050964;0;7;0;1;1;4;4;A01
201300050965;0;2;0;0;2;1;1;B01
201300050965;0;32;0;0;2;2;15;A01
201300050966;0;10;0;0;2;8;15;A01
201300050966;0;32;0;0;2;2;1;B01
201300050967;0;1;0;0;2;1;1;B01
201300050967;0;7;0;0;2;8;22;A01
201300050968;0;7;0;0;2;3;11;B01
201300050968;0;33;0;0;2;3;17;A01
201300050969;0;7;0;0;2;3;17;B01
201300050969;0;2;0;0;2;2;1;A01
201300050970;0;7;0;0;1;8;10;A01
201300050971;0;7;0;0;2;1;7;B01
201300050971;0;7;0;0;2;8;15;A01
201300050972;0;7;0;0;2;4;23;B01
201300050972;0;1;0;0;2;4;2;A01
201300050973;0;7;0;0;2;1;1;A01
201300050973;0;33;0;0;0;4;23;B01
201300050974;0;14;0;0;2;0;15;A01
201300050974;0;32;0;12;2;0;17;B01
201300050975;0;7;0;0;1;5;4;A01
201300050976;0;10;0;0;1;6;1;A01
201300050977;0;33;0;0;2;8;8;A01
201300050977;0;3;0;0;2;8;15;B01
201300050978;0;1;0;0;1;1;1;A01
201300050979;0;10;0;0;2;2;1;A01
201300050979;0;7;0;2;2;4;1;B01
201300050980;0;7;0;0;2;1;15;A01
201300050980;0;34;0;0;2;1;1;B01
201300050981;0;7;0;0;2;8;15;A01
201300050981;0;33;0;0;2;2;17;B01
201300050982;0;1;0;0;2;8;1;B01
201300050982;0;7;0;0;9;5;17;A01
201300050983;0;7;0;0;2;6;22;A01
201300050983;0;2;0;0;2;2;17;B01
201300050984;0;33;0;0;1;1;1;A01
201300050985;0;7;0;0;2;2;7;A01
201300050985;0;1;0;0;2;3;13;B01
201300050986;0;7;0;2;0;1;14;A01
201300050987;0;34;0;0;0;3;21;A01
201300050988;0;7;0;0;1;0;16;A01
201300050989;0;7;0;0;1;4;4;A01
201300050990;0;7;0;0;2;1;2;A01
201300050990;0;7;0;0;2;4;23;B01
201300050991;0;33;0;0;2;3;18;A01
201300050991;0;10;0;0;2;2;16;B01
201300050992;0;2;0;1;0;3;1;A01
201300050993;0;7;0;0;1;2;1;A01
201300050994;0;33;0;0;0;1;1;B01
201300050994;0;7;0;0;0;3;10;A01
201300050995;0;2;0;0;2;8;18;A01
201300050995;0;7;0;0;0;5;16;B01
201300050996;0;1;0;0;2;0;1;B01
201300050996;0;10;0;0;2;4;16;A01
201300050997;0;7;0;0;1;1;1;A01
201300050998;0;10;0;0;1;3;15;A01
201300050999;0;7;0;0;2;8;13;A01
201300050999;0;32;0;0;2;2;1;B01
201300051000;0;7;0;0;1;2;7;A01
201300051001;0;31;0;14;0;7;17;A01
201300051002;0;7;0;0;1;3;1;A01
201300051003;0;32;0;0;1;1;1;A01
201300051004;0;7;0;0;2;1;1;A01
201300051004;0;7;0;0;2;5;15;B01
201300051005;0;33;0;0;0;0;21;A01
201300051006;0;1;0;0;1;3;1;A01
201300051007;0;7;0;0;1;1;15;A01
201300051008;0;7;0;0;0;0;13;A01
201300051008;0;1;0;0;2;1;1;B01
201300051009;0;7;0;0;2;5;14;A01
201300051009;0;30;0;0;2;3;1;B01
201300051010;0;7;0;0;2;1;1;A01
201300051010;0;7;0;0;2;3;15;B01
201300051011;0;2;0;0;0;8;15;A01
201300051012;0;7;0;0;0;8;1;B01
201300051012;0;2;0;0;2;1;15;A01
201300051013;0;31;0;0;2;1;2;A01
201300051013;0;7;0;0;2;6;2;B01
201300051014;0;34;0;0;2;1;1;A01
201300051014;0;7;0;0;2;1;15;B01
201300051015;0;7;0;0;2;1;1;B01
201300051015;0;1;0;0;2;7;1;A01
201300051016;0;7;0;0;2;4;2;B01
201300051016;0;7;0;0;2;1;2;A01
201300051016;0;37;1;0;2;4;23;C01
201300051017;0;7;0;0;2;1;15;A01
201300051017;0;32;0;0;0;4;23;B01
201300051018;0;30;0;0;2;1;18;B01
201300051018;0;7;0;0;2;5;22;A01
201300051019;0;1;0;0;1;1;7;A01
201300051020;0;30;0;0;0;0;1;A01
201300051021;0;32;0;0;2;8;1;B01
201300051021;0;7;0;0;2;3;15;A01
201300051022;0;1;0;12;0;1;1;A01
201300051023;0;2;0;0;0;0;21;A01
201300051024;0;30;0;0;0;6;1;A01
201300051025;0;30;0;0;2;8;18;A01
201300051025;1;7;0;0;2;7;14;Z01
201300051026;0;1;0;0;2;1;1;B01
201300051026;0;7;0;0;2;8;22;A01
201300051027;0;31;0;0;1;7;1;A01
201300051028;0;7;0;0;2;3;13;A01
201300051028;0;10;0;0;2;3;1;B01
201300051029;0;32;0;0;1;1;1;A01
201300051030;0;30;0;0;2;3;1;B01
201300051030;0;7;0;0;2;2;15;A01
201300051031;0;33;0;0;9;1;1;B01
201300051031;0;1;0;0;9;4;12;A01
201300051032;0;37;0;0;1;2;7;A01
201300051033;0;1;0;14;0;3;21;A01
201300051034;0;33;0;0;1;1;1;A01
201300051035;0;32;0;0;2;1;1;A01
201300051035;0;7;0;0;2;5;15;B01
201300051036;0;31;0;0;2;1;2;A01
201300051036;0;1;0;0;2;7;2;B01
201300051037;0;31;0;0;1;3;1;A01
201300051038;0;1;0;0;2;5;1;A01
201300051038;0;7;0;0;2;3;1;B01
201300051039;0;32;0;0;2;0;18;B01
201300051039;0;7;0;0;2;7;1;A01
201300051040;0;30;0;0;0;0;1;A01
201300051041;0;33;0;0;2;4;23;B01
201300051041;0;7;0;0;2;1;2;A01
201300051042;0;10;0;0;2;3;15;A01
201300051042;0;32;0;0;2;1;17;B01
201300051043;0;1;0;0;1;1;1;A01
201300051044;0;7;0;0;1;2;1;A01
201300051045;0;30;0;0;2;1;18;A01
201300051045;0;7;0;0;2;2;16;B01
201300051046;0;7;0;0;2;2;15;A01
201300051046;0;10;0;0;2;1;1;B01
201300051047;0;33;0;0;0;0;1;A01
201300051048;0;7;0;0;2;6;2;B01
201300051048;0;32;0;0;2;1;2;A01
201300051049;0;30;0;0;2;3;17;B01
201300051049;0;7;0;0;2;3;15;A01
201300051050;0;7;0;0;2;3;15;A01
201300051050;0;32;0;0;2;2;17;B01
201300051051;0;10;0;0;1;3;15;A01
201300051052;0;1;0;1;0;3;14;A01
201300051053;0;7;0;0;2;8;5;A01
201300051053;0;7;0;0;2;1;1;B01
201300051054;0;32;0;0;2;2;1;B01
201300051054;0;7;0;0;2;1;15;A01
201300051055;0;1;0;0;1;1;1;A01
201300051056;0;33;0;0;2;1;18;A01
201300051056;0;7;0;0;2;2;15;B01
201300051057;0;30;0;0;2;1;1;B01
201300051057;0;7;0;0;2;3;15;A01
201300051058;0;7;0;0;2;5;12;B01
201300051058;0;33;0;0;2;3;18;A01
201300051059;0;2;0;0;1;1;1;A01
201300051060;0;10;0;0;1;2;0;A01
201300051061;0;33;0;0;1;2;1;A01
201300051062;0;7;0;0;2;2;15;B01
201300051062;0;33;0;0;2;3;15;A01
201300051063;1;7;0;0;1;6;15;Z01
201300051064;0;7;0;0;2;5;2;B01
201300051064;0;30;0;0;2;8;2;A01
201300051065;0;1;0;0;1;3;1;A01
201300051066;0;7;0;0;0;0;10;A01
201300051066;0;30;0;0;2;0;17;B01
201300051067;0;10;0;0;2;2;16;B01
201300051067;0;2;0;0;2;3;18;A01
201300051068;0;38;1;0;2;2;17;A01
201300051068;0;1;0;0;2;8;1;B01
201300051069;0;30;0;0;0;0;1;A01
201300051070;0;2;0;0;0;0;1;A01
201300051071;0;37;1;0;1;2;7;A01
201300051072;0;10;0;0;1;0;15;A01
201300051073;0;32;0;7;0;0;23;B01
201300051073;0;7;0;7;0;1;16;A01
201300051074;0;31;0;1;2;2;1;B01
201300051074;0;7;0;0;2;1;10;A01
201300051075;0;7;0;0;1;2;1;A01
201300051076;0;33;0;0;1;1;8;A01
201300051077;0;7;0;0;1;1;15;A01
201300051078;0;31;0;0;2;3;18;A01
201300051078;0;7;0;0;2;2;14;B01
201300051079;1;7;0;0;1;1;1;Z01
201300051080;0;7;0;0;2;4;23;B01
201300051080;0;7;0;0;2;1;2;A01
201300051081;0;10;0;0;1;1;15;A01
201300051082;0;33;0;0;0;0;1;A01
201300051083;0;7;0;0;1;4;4;A01
201300051084;0;33;0;0;2;1;1;B01
201300051084;0;10;0;0;2;1;15;A01
201300051085;0;7;0;0;1;3;1;A01
201300051086;0;34;0;0;2;7;1;B01
201300051086;0;1;0;0;2;8;13;A01
201300051087;0;1;0;0;2;1;1;B01
201300051087;0;7;0;0;2;8;22;A01
201300051088;0;7;0;0;1;1;16;A01
201300051089;0;37;0;0;1;1;7;A01
201300051090;0;33;0;0;2;1;2;A01
201300051090;0;10;0;0;2;4;2;B01
201300051091;0;32;0;0;2;1;1;B01
201300051091;0;7;0;0;2;8;10;A01
201300051092;0;33;0;0;1;1;1;A01
201300051093;0;7;0;0;2;1;1;B01
201300051093;0;34;0;0;2;7;1;A01
201300051094;0;7;0;0;2;2;2;A01
201300051094;0;7;0;0;2;6;2;B01
201300051095;0;7;0;0;2;8;10;A01
201300051095;0;32;0;0;2;3;5;B01
201300051096;0;34;0;0;0;0;21;A01
201300051097;0;7;0;0;1;6;4;A01
201300051098;0;7;0;11;0;3;13;A01
201300051099;0;2;0;0;2;1;1;B01
201300051099;0;7;0;0;2;5;15;A01
201300051100;0;30;0;0;2;1;2;A01
201300051100;0;7;0;0;2;5;2;B01
201300051101;0;32;0;0;2;7;1;B01
201300051101;0;7;0;0;2;3;1;A01
201300051102;0;33;0;0;2;5;23;B01
201300051102;0;7;0;0;2;3;2;A01
201300051103;0;30;0;0;2;8;18;A01
201300051103;0;7;0;0;2;7;1;B01
201300051104;0;2;0;0;0;0;1;A01
201300051105;0;32;0;0;0;0;1;A01
201300051106;0;32;0;0;2;1;1;B01
201300051106;0;10;0;0;2;1;15;A01
201300051107;0;1;0;0;2;6;13;B01
201300051107;0;14;0;0;2;5;17;A01
201300051108;0;7;0;1;0;1;1;A01
201300051109;0;7;0;0;2;7;9;A01
201300051109;0;32;0;1;2;8;1;B01
201300051110;0;30;0;0;2;8;1;A01
201300051110;0;7;0;0;2;8;1;B01
201300051111;0;34;0;0;2;1;17;A01
201300051111;0;7;0;0;2;6;15;B01
201300051112;0;7;0;9;0;1;7;A01
201300051113;0;1;0;1;0;1;7;B01
201300051113;0;7;0;0;0;4;23;A01
201300051114;0;7;0;0;1;1;1;A01
201300051115;0;32;0;0;2;2;21;A01
201300051116;0;1;0;0;1;0;1;A01
201300051117;0;7;0;0;2;5;22;A01
201300051117;0;1;0;12;2;3;1;B01
201300051118;0;7;0;0;2;7;17;A01
201300051118;0;1;0;0;0;8;2;B01
201300051119;0;31;0;0;2;5;17;A01
201300051119;0;7;0;0;2;3;15;B01
201300051120;0;7;0;0;1;1;1;A01
201300051121;0;1;0;0;1;1;1;A01
201300051122;0;1;0;0;0;0;1;A01
201300051123;0;7;0;0;0;0;15;A01
201300051124;0;30;0;0;2;7;17;B01
201300051124;0;7;0;0;2;3;15;A01
201300051125;0;7;0;0;2;3;10;A01
201300051125;0;30;0;0;2;1;5;B01
201300051126;0;7;0;0;2;2;17;A01
201300051126;0;32;0;0;2;0;15;B01
201300051127;0;1;0;0;2;3;1;B01
201300051127;0;7;0;0;2;3;22;A01
201300051128;0;7;0;0;2;1;1;A01
201300051128;0;10;0;0;2;5;1;B01
201300051129;0;34;0;0;2;1;1;B01
201300051129;0;7;0;0;2;8;15;A01
201300051130;0;2;0;0;2;1;17;A01
201300051130;0;7;0;0;2;3;15;B01
201300051131;0;32;0;0;1;2;17;A01
201300051132;0;7;0;0;1;8;1;A01
201300051133;0;7;0;0;2;4;1;A01
201300051133;0;7;0;0;0;4;1;B01
201300051134;0;7;0;0;2;4;23;C01
201300051134;0;7;0;0;2;1;1;A01
201300051134;0;7;0;0;2;4;23;B01
201300051135;0;7;0;0;2;6;1;C01
201300051135;0;7;0;0;2;3;15;B01
201300051135;0;7;0;0;2;3;2;A01
201300051136;0;7;0;0;2;2;1;B01
201300051136;0;30;0;0;2;7;15;A01
201300051137;0;30;0;0;2;0;21;A01
201300051138;0;7;0;0;2;3;15;A01
201300051138;0;33;0;0;0;2;17;B01
201300051139;0;7;0;0;2;6;1;A01
201300051139;0;30;0;0;2;1;1;B01
201300051140;0;7;0;0;2;5;15;A01
201300051140;0;30;0;0;2;1;1;B01
201300051141;0;7;0;0;2;6;1;B01
201300051141;0;32;0;0;2;1;1;A01
201300051142;0;7;0;14;0;9;13;A01
201300051143;0;7;0;0;2;7;1;A01
201300051143;0;38;1;0;2;1;15;B01
201300051144;0;7;0;0;2;3;15;B01
201300051144;0;33;0;0;2;7;17;A01
201300051145;0;2;0;0;2;0;1;A01
201300051146;0;10;0;0;2;1;2;A01
201300051146;0;7;0;0;2;4;23;B01
201300051147;0;7;0;0;1;3;15;A01
201300051148;0;7;0;0;1;1;1;A01
201300051149;0;7;0;0;2;3;15;B01
201300051149;0;33;0;0;2;7;17;A01
201300051150;0;31;0;0;2;0;17;B01
201300051150;0;7;0;0;2;0;15;A01
201300051151;0;31;0;0;2;8;18;A01
201300051151;0;33;0;0;2;5;14;B01
201300051152;0;7;0;0;2;2;15;A01
201300051152;0;7;0;0;2;3;1;B01
201300051153;0;1;0;0;2;1;19;A01
201300051153;0;7;0;0;2;8;8;B01
201300051154;0;7;0;0;2;1;1;A01
201300051154;0;32;0;0;2;3;1;B01
201300051155;0;1;0;0;1;1;1;A01
201300051156;0;7;0;0;2;4;23;C01
201300051156;0;7;0;0;2;1;2;A01
201300051156;0;7;0;0;2;4;23;B01
201300051157;0;7;0;0;2;2;16;B01
201300051157;0;1;0;0;2;1;19;A01
201300051158;0;7;0;0;2;2;14;A01
201300051158;0;31;0;0;2;7;1;B01
201300051159;0;7;0;0;1;3;1;A01
201300051160;0;7;0;0;2;8;4;A01
201300051160;0;7;0;0;2;2;24;B01
201300051161;0;10;0;0;2;1;1;A01
201300051161;0;7;0;0;0;4;23;B01
201300051162;0;34;0;0;2;7;1;A01
201300051162;0;7;0;0;2;7;16;B01
201300051163;0;7;0;0;0;2;15;A01
201300051163;0;2;0;0;0;1;1;B01
201300051164;0;7;0;0;1;5;4;A01
201300051165;0;33;0;0;2;3;3;B01
201300051165;0;7;0;0;2;2;1;A01
201300051166;0;32;0;0;2;1;1;A01
201300051166;0;10;0;0;2;5;15;B01
201300051167;0;33;0;0;0;1;15;A01
201300051167;0;7;0;0;2;3;1;B01
201300051168;0;32;0;0;2;3;18;A01
201300051168;0;7;0;0;2;5;22;B01
201300051169;0;33;0;0;2;4;23;B01
201300051169;0;7;0;0;2;2;1;A01
201300051170;0;1;0;0;0;0;1;A01
201300051171;0;7;0;0;1;3;16;A01
201300051172;0;30;0;0;2;2;17;A01
201300051172;0;7;0;0;2;8;15;B01
201300051173;0;30;0;0;0;0;1;A01
201300051174;0;32;0;0;0;0;1;A01
201300051175;0;1;0;0;2;1;7;A01
201300051175;0;32;0;0;2;5;1;B01
201300051176;0;7;0;0;1;3;15;A01
201300051177;0;10;0;0;1;6;4;A01
201300051178;0;10;0;0;1;6;1;A01
201300051179;0;32;0;12;0;8;14;A01
201300051180;0;7;0;0;2;3;15;A01
201300051180;0;33;0;0;2;9;1;B01
201300051181;0;31;0;0;2;1;2;A01
201300051181;0;10;0;0;2;6;2;B01
201300051182;0;32;0;0;2;5;16;A01
201300051182;0;33;0;0;2;8;1;B01
201300051183;0;32;0;0;0;8;1;A01
201300051184;0;7;0;0;2;3;10;B01
201300051184;0;33;0;0;2;7;5;A01
201300051185;0;7;0;0;2;1;1;B01
201300051185;0;7;0;0;2;7;1;A01
201300051186;0;30;0;0;2;0;7;B01
201300051186;0;7;0;0;2;0;9;A01
201300051187;0;33;0;0;0;7;16;A01
201300051188;0;7;0;0;2;4;2;C01
201300051188;0;33;0;0;2;1;2;A01
201300051188;0;10;0;0;2;9;2;B01
201300051189;0;32;0;0;2;1;1;B01
201300051189;0;7;0;0;2;3;1;A01
201300051190;0;7;0;0;0;6;23;B01
201300051190;0;30;0;0;2;2;1;A01
201300051191;0;7;0;0;2;7;1;A01
201300051191;0;7;0;0;2;6;16;B01
201300051192;1;14;0;0;2;0;16;A01
201300051192;0;31;0;0;2;8;1;B01
201300051193;0;1;0;1;2;1;7;A01
201300051193;0;7;0;1;0;4;23;B01
201300051194;0;30;0;0;2;3;2;B01
201300051194;0;30;0;0;2;7;2;A01
201300051195;0;30;0;14;0;1;13;A01
201300051196;0;2;0;0;2;0;1;B01
201300051196;0;7;0;0;2;0;10;A01
201300051197;0;1;0;0;2;1;1;A01
201300051197;0;7;0;0;2;5;23;B01
201300051198;0;7;0;0;2;2;1;B01
201300051198;0;32;0;0;2;7;1;A01
201300051199;0;2;0;0;2;3;18;B01
201300051199;0;7;0;0;2;2;16;A01
201300051200;0;1;0;12;2;8;1;A01
201300051200;1;13;0;0;2;0;14;Z01
201300051201;0;32;0;0;0;3;1;B01
201300051201;0;7;0;0;0;6;10;A01
201300051202;0;1;0;0;0;1;1;B01
201300051202;0;7;0;0;0;5;15;A01
201300051203;0;34;0;0;2;1;8;A01
201300051203;0;7;0;0;0;8;1;B01
201300051204;0;32;0;0;0;0;21;A01
201300051205;0;7;0;0;1;3;1;A01
201300051206;1;7;0;0;1;2;1;Z01
201300051207;0;10;0;0;2;8;11;A01
201300051207;0;31;0;0;2;7;17;B01
201300051208;0;7;0;0;2;1;2;A01
201300051208;0;7;0;0;2;4;2;B01
201300051209;0;1;0;1;0;3;1;B01
201300051209;0;7;0;0;0;2;22;A01
201300051210;1;7;0;0;1;2;1;Z01
201300051211;0;7;0;0;1;1;1;A01
201300051212;0;33;0;0;0;8;1;A01
201300051213;0;7;0;0;2;8;17;A01
201300051213;0;1;0;0;2;3;1;B01
201300051214;0;1;0;0;0;7;1;A01
201300051215;0;7;0;0;0;5;15;A01
201300051215;0;34;0;0;0;1;1;B01
201300051216;0;2;0;0;0;4;23;A01
201300051216;1;7;0;0;2;1;1;Z01
201300051217;0;7;0;0;1;5;4;A01
201300051218;0;10;0;0;1;2;1;A01
201300051219;0;2;0;0;2;1;2;A01
201300051219;0;7;0;0;2;4;23;B01
201300051220;0;7;0;0;0;7;10;A01
201300051220;0;32;0;0;0;3;1;B01
201300051221;0;7;0;0;2;7;2;B01
201300051221;0;32;0;0;2;1;2;A01
201300051222;0;32;0;12;0;1;16;A01
201300051223;0;32;0;8;0;1;1;A01
201300051224;0;7;0;15;0;2;14;A01
201300051225;0;2;0;0;0;8;1;A01
201300051226;0;33;0;0;1;8;1;A01
201300051227;0;7;0;0;2;5;16;A01
201300051227;0;33;0;0;2;3;1;B01
201300051228;0;32;0;0;1;3;1;A01
201300051229;0;7;0;0;2;6;1;B01
201300051229;0;7;0;14;2;1;1;A01
201300051230;0;34;0;1;0;7;14;A01
201300051231;0;7;0;0;2;6;15;A01
201300051231;0;33;0;0;2;0;1;B01
201300051232;0;30;0;0;0;7;21;A01
201300051233;0;7;0;0;1;1;1;A01
201300051234;0;30;0;0;2;1;2;A01
201300051234;0;7;0;0;2;4;2;B01
201300051235;0;7;0;0;2;3;13;A01
201300051235;0;34;0;14;2;2;1;B01
201300051236;0;7;0;0;0;4;1;C01
201300051236;0;7;0;0;2;1;1;A01
201300051236;0;3;0;0;2;1;1;B01
201300051237;0;7;0;0;2;8;1;B01
201300051237;0;10;0;0;2;1;1;A01
201300051238;0;1;0;0;2;3;1;B01
201300051238;0;14;0;0;2;2;16;A01
201300051239;0;30;0;0;2;7;17;B01
201300051239;0;7;0;0;2;1;10;A01