num_acc;senc;catv;occutc;obs;obsm;choc;manv;num_veh
201300051240;0;33;0;0;2;1;1;B01
201300051240;0;32;0;0;2;7;15;A01
201300051241;0;33;0;0;2;7;1;A01
201300051241;0;10;0;0;2;3;1;B01
201300051242;0;7;0;0;2;6;2;B01
201300051242;0;33;0;0;2;3;2;A01
201300051243;0;30;0;12;0;2;14;A01
201300051244;0;7;0;0;1;2;1;A01
201300051245;0;7;0;0;1;2;1;A01
201300051246;0;7;0;0;1;4;20;A01
201300051247;0;32;0;0;2;8;21;A01
201300051248;0;32;0;0;0;8;21;A01
201300051249;0;7;0;0;2;3;15;A01
201300051249;0;33;0;0;2;2;17;B01
201300051250;0;33;0;0;1;1;18;A01
201300051251;0;30;0;0;2;1;1;B01
201300051251;0;7;0;0;2;5;1;A01
201300051252;0;32;0;0;2;7;1;A01
201300051252;0;7;0;0;2;2;1;B01
201300051253;0;33;0;0;2;1;1;B01
201300051253;0;7;0;0;0;3;15;A01
201300051254;0;7;0;0;2;3;22;A01
201300051254;0;1;0;0;2;1;1;B01
201300051255;0;30;0;0;2;4;2;B01
201300051255;0;33;0;0;2;1;2;A01
201300051256;0;32;0;12;0;0;1;A01
201300051257;0;7;0;0;2;5;4;A01
201300051257;0;33;0;0;2;1;16;B01
201300051258;0;32;0;0;2;1;1;B01
201300051258;0;7;0;0;2;4;4;A01
201300051259;0;2;0;0;2;1;18;A01
201300051259;0;10;0;0;0;2;16;B01
201300051260;0;7;0;0;1;3;1;A01
201300051261;0;10;0;0;1;4;4;A01
201300051262;0;33;0;0;2;2;1;B01
201300051262;0;7;0;0;2;3;1;A01
201300051263;0;1;0;0;2;4;1;B01
201300051263;0;7;0;0;2;3;1;A01
201300051264;0;1;0;0;2;1;3;A01
201300051264;0;7;0;0;2;3;1;B01
201300051265;0;7;0;0;1;3;13;A01
201300051266;0;7;0;0;2;8;1;A01
201300051266;0;7;0;0;2;1;1;B01
201300051267;0;2;0;0;2;2;1;A01
201300051267;0;7;0;0;2;3;16;B01
201300051268;0;7;0;0;2;6;10;A01
201300051268;0;34;0;0;2;1;1;B01
201300051269;0;7;0;12;0;1;14;A01
201300051270;0;2;0;0;0;8;1;A01
201300051271;0;7;0;0;2;3;13;A01
201300051271;0;33;0;0;2;2;17;B01
201300051272;0;10;0;0;2;6;4;A01
201300051272;0;32;0;0;2;8;23;B01
201300051273;0;30;0;0;0;0;1;A01
201300051274;1;30;0;0;1;1;5;Z01
201300051275;0;32;0;8;0;0;1;A01
201300051276;0;33;0;0;0;0;1;A01
201300051277;0;30;0;0;2;1;2;A01
201300051277;0;7;0;0;2;5;23;B01
201300051278;1;10;0;0;2;0;17;Z01
201300051278;0;7;0;0;2;3;23;A01
201300051279;0;7;0;0;1;1;1;A01
201300051280;0;34;0;0;0;0;9;A01
201300051281;0;7;0;0;2;2;7;A01
201300051281;0;7;0;0;2;6;23;B01
201300051282;0;32;0;0;0;7;1;A01
201300051283;0;7;0;0;2;2;1;B01
201300051283;0;7;0;0;2;2;13;A01
201300051284;0;7;0;0;1;2;16;A01
201300051285;0;10;0;0;2;2;2;A01
201300051285;0;32;0;0;2;4;23;B01
201300051286;0;10;0;0;2;3;15;A01
201300051286;0;30;0;0;2;1;1;B01
201300051287;0;30;0;0;2;5;1;A01
201300051287;0;7;0;0;2;1;7;B01
201300051288;0;7;0;0;2;8;10;A01
201300051288;0;30;0;0;2;1;1;B01
201300051289;0;30;0;0;2;7;1;B01
201300051289;0;7;0;0;2;0;11;A01
201300051290;0;1;0;0;2;6;1;C01
201300051290;0;7;0;7;2;1;17;A01
201300051290;0;7;0;0;2;1;1;B01
201300051291;0;7;0;0;2;8;22;A01
201300051291;0;31;0;0;2;1;3;B01
201300051291;0;7;0;0;2;7;1;C01
201300051292;0;7;0;0;1;5;1;B01
201300051292;0;7;0;0;2;2;1;A01
201300051293;0;7;0;0;2;4;23;B01
201300051293;0;34;0;0;2;1;2;A01
201300051294;0;7;0;0;2;7;17;A01
201300051294;0;1;0;0;2;8;7;B01
201300051295;0;7;0;0;2;4;23;B01
201300051295;0;7;0;0;2;1;2;A01
201300051296;0;7;0;0;2;4;2;B01
201300051296;0;32;0;0;2;1;2;A01
201300051297;0;7;0;0;1;1;1;A01
201300051298;0;32;0;14;0;2;14;A01
201300051299;0;30;0;0;0;0;1;A01
201300051300;0;7;0;0;1;7;17;A01
201300051301;0;2;0;0;0;2;0;A01
201300051301;0;3;0;0;0;3;0;B01
201300051302;0;1;0;0;0;1;1;B01
201300051302;0;7;0;0;0;2;1;A01
201300051303;0;7;0;0;2;2;1;A01
201300051303;0;7;0;0;2;8;13;B01
201300051304;0;7;0;0;2;6;1;B01
201300051304;0;32;0;1;2;3;17;A01
201300051305;0;7;0;0;2;7;1;B01
201300051305;0;7;0;0;2;1;1;A01
201300051306;0;7;0;0;2;6;1;B01
201300051306;0;7;0;0;2;1;1;A01
201300051307;0;7;0;0;1;1;1;A01
201300051308;0;1;0;0;2;8;1;A01
201300051308;0;7;0;0;2;1;1;B01
201300051309;0;7;0;0;2;3;15;A01
201300051309;0;32;0;0;2;1;17;B01
201300051310;0;7;0;0;1;1;1;A01
201300051311;0;7;0;0;1;2;1;A01
201300051312;0;7;0;0;2;4;2;B01
201300051312;0;32;0;0;2;1;2;A01
201300051313;0;33;0;0;2;1;1;B01
201300051313;0;7;0;0;2;3;9;A01
201300051314;0;7;0;0;1;1;1;A01
201300051315;0;33;0;0;1;1;1;A01
201300051316;0;7;0;0;2;7;1;B01
201300051316;0;7;0;0;2;8;11;A01
201300051317;0;33;0;0;2;1;1;A01
201300051317;0;34;0;0;2;4;23;B01
201300051318;0;7;0;0;0;4;2;B01
201300051318;0;7;0;0;2;1;2;A01
201300051318;0;7;0;0;0;4;2;C01
201300051319;0;7;0;2;0;1;1;A01
201300051320;0;7;0;0;2;6;1;B01
201300051320;0;34;0;0;2;1;3;A01
201300051321;0;30;0;0;2;2;1;A01
201300051321;0;7;0;0;2;3;20;B01
201300051322;0;32;0;0;0;6;1;A01
201300051323;0;7;0;0;1;1;15;A01
201300051324;0;7;0;0;1;4;4;A01
201300051325;0;30;0;0;0;0;1;A01
201300051326;0;7;0;0;2;3;9;A01
201300051326;0;2;0;0;2;1;1;B01
201300051327;0;32;0;0;2;3;18;B01
201300051327;0;14;0;0;2;2;16;A01
201300051328;0;10;0;0;2;2;2;A01
201300051328;0;1;0;0;2;3;23;B01
201300051329;0;7;0;0;2;2;7;B01
201300051329;0;30;0;0;2;8;12;A01
201300051330;0;32;0;0;0;0;1;A01
201300051331;0;7;0;0;1;3;1;A01
201300051332;0;10;0;0;1;1;1;A01
201300051333;1;7;0;0;1;0;1;Z01
201300051334;0;7;0;0;0;1;15;B01
201300051334;0;2;0;1;0;7;1;A01
201300051335;0;7;0;0;1;1;1;A01
201300051336;0;7;0;0;2;1;15;A01
201300051336;0;2;0;0;2;1;1;B01
201300051337;0;1;0;0;2;2;1;B01
201300051337;0;7;0;0;2;3;10;A01
201300051338;0;7;0;0;1;2;1;A01
201300051338;0;7;0;0;2;3;1;B01
201300051339;0;30;0;0;2;8;1;B01
201300051339;0;1;0;0;2;1;1;A01
201300051340;0;2;0;0;1;1;1;A01
201300051341;0;33;0;0;2;1;1;A01
201300051341;0;7;0;0;0;6;23;B01
201300051342;0;7;0;0;2;5;1;B01
201300051342;0;2;0;0;2;3;1;A01
201300051343;0;30;0;0;2;1;5;A01
201300051343;0;7;0;0;2;2;1;B01
201300051344;0;32;0;0;0;3;1;A01
201300051345;0;7;0;0;2;8;10;A01
201300051345;0;33;0;0;2;0;1;B01
201300051346;0;33;0;0;2;1;1;B01
201300051346;0;7;0;0;2;6;10;A01
201300051347;0;33;0;0;2;1;1;B01
201300051347;0;7;0;0;2;6;13;A01
201300051348;0;30;0;0;1;1;16;A01
201300051349;0;1;0;0;1;1;1;A01
201300051350;0;7;0;0;2;1;1;A01
201300051350;0;7;0;0;2;8;1;B01
201300051351;1;10;0;0;2;0;16;Z01
201300051351;0;1;0;0;2;1;18;A01
201300051352;0;2;0;0;2;2;1;B01
201300051352;0;7;0;0;2;5;15;A01
201300051353;0;32;0;0;0;8;21;A01
201300051354;0;2;0;0;0;1;17;B01
201300051354;0;7;0;0;0;8;15;A01
201300051355;0;7;0;0;2;5;1;B01
201300051355;0;7;0;0;0;1;1;A01
201300051356;0;7;0;0;2;8;1;B01
201300051356;0;33;0;0;2;1;1;A01
201300051357;0;32;0;0;2;1;1;B01
201300051357;0;31;0;0;2;3;9;A01
201300051358;0;33;0;0;1;1;1;A01
201300051359;0;32;0;0;2;1;1;B01
201300051359;0;31;0;0;2;0;1;C01
201300051359;0;13;0;0;2;8;10;A01
201300051360;0;32;0;0;2;6;1;B01
201300051360;0;7;0;0;2;1;1;A01
201300051361;0;7;0;0;1;2;1;A01
201300051362;0;7;0;11;0;1;14;A01
201300051363;0;7;0;0;2;1;2;A01
201300051363;0;7;0;0;2;6;23;B01
201300051364;0;1;0;0;2;3;11;A01
201300051364;0;7;0;0;2;1;1;B01
201300051365;0;7;0;0;2;1;1;A01
201300051365;0;7;0;0;0;4;23;B01
201300051366;0;34;0;0;0;8;1;A01
201300051367;0;30;0;0;0;0;1;A01
201300051368;0;7;0;0;2;3;1;A01
201300051368;0;33;0;1;0;8;1;B01
201300051369;0;31;0;0;2;1;17;B01
201300051369;0;7;0;0;2;3;13;A01
201300051370;0;30;0;0;1;1;17;A01
201300051371;0;30;0;0;0;0;1;A01
201300051372;0;37;3;0;0;3;1;A01
201300051372;0;7;0;0;0;5;23;B01
201300051373;1;32;0;0;2;2;18;Z01
201300051373;0;1;0;0;2;8;1;A01
201300051373;0;1;0;0;2;3;1;B01
201300051374;0;37;0;0;1;2;16;A01
201300051375;0;7;0;8;0;2;1;A01
201300051376;0;34;0;0;0;7;16;A01
201300051377;0;7;0;0;2;4;1;A01
201300051377;1;7;0;0;2;1;1;Z01
201300051378;0;30;0;4;2;3;1;A01
201300051378;0;7;0;0;2;6;23;B01
201300051379;0;33;0;15;2;8;1;A01
201300051379;1;7;0;0;2;0;15;Z01
201300051380;1;7;0;0;2;0;1;Z01
201300051380;0;34;0;0;2;7;13;A01
201300051381;0;32;0;0;2;3;1;B01
201300051381;0;7;0;0;2;2;1;A01
201300051382;0;7;0;0;2;3;10;A01
201300051382;0;1;0;0;2;8;1;B01
201300051383;0;7;0;9;0;1;13;A01
201300051384;0;7;0;0;1;2;15;A01
201300051385;0;32;0;0;1;1;1;A01
201300051386;0;7;0;0;2;3;13;A01
201300051386;0;7;0;0;2;3;23;B01
201300051386;0;7;0;0;2;3;2;F01
201300051386;0;7;0;0;2;3;2;C01
201300051386;0;7;0;0;2;3;2;G02
201300051386;0;7;0;0;2;3;2;D01
201300051386;0;10;0;0;2;3;2;E02
201300051387;0;33;0;0;2;1;16;B01
201300051387;0;7;0;0;2;5;1;A01
201300051388;0;1;0;0;2;8;1;A01
201300051388;1;7;0;0;2;0;15;Z01
201300051389;0;10;0;0;2;1;2;A01
201300051389;0;7;0;0;2;4;2;B01
201300051390;0;10;0;0;2;1;2;A01
201300051390;0;7;0;0;1;4;23;B01
201300051391;0;33;0;0;2;3;2;A01
201300051391;0;7;0;0;2;5;12;B01
201300051392;0;33;0;0;1;0;1;A01
201300051393;0;7;0;0;2;5;22;B01
201300051393;0;32;0;0;2;2;18;A01
201300051394;0;7;0;0;2;3;1;B01
201300051394;0;31;0;0;2;2;16;A01
201300051395;0;7;0;0;2;2;2;A01
201300051395;0;14;0;0;2;6;23;B01
201300051396;0;32;0;0;2;2;1;B01
201300051396;0;7;0;0;2;3;11;A01
201300051397;0;31;0;1;2;2;1;A01
201300051397;0;7;0;0;2;3;1;B01
201300051398;0;33;0;0;2;1;1;A01
201300051398;0;7;0;0;2;5;1;B01
201300051399;0;33;0;0;1;7;1;A01
201300051400;0;32;0;0;0;7;1;A01
201300051401;0;33;0;0;1;2;1;A01
201300051402;0;14;0;0;2;0;22;A01
201300051402;0;1;0;0;2;0;1;B01
201300051403;0;7;0;9;0;1;1;A01
201300051404;0;7;0;0;2;3;15;A01
201300051404;0;32;0;0;2;8;1;B01
201300051405;0;7;0;0;1;1;1;A01
201300051406;0;7;0;0;2;1;1;B01
201300051406;0;7;0;0;2;2;1;A01
201300051407;0;1;0;0;2;1;11;A01
201300051407;0;33;0;0;2;2;1;B01
201300051408;1;7;0;0;1;1;1;Z01
201300051409;0;32;0;0;2;0;17;A01
201300051409;0;1;0;0;2;0;15;B01
201300051410;0;7;0;0;2;1;2;A01
201300051410;0;7;0;0;2;4;23;C01
201300051410;0;7;0;0;2;4;23;B01
201300051411;0;7;0;0;2;1;2;A01
201300051411;0;7;0;0;2;4;23;C01
201300051411;0;7;0;0;2;7;23;D01
201300051411;0;7;0;0;2;4;23;B01
201300051412;0;30;0;0;0;0;21;A01
201300051413;0;7;0;0;2;1;2;A01
201300051413;0;7;0;0;2;4;23;B01
201300051414;0;7;0;0;1;3;7;A01
201300051415;0;7;0;0;2;3;23;B01
201300051415;0;32;0;0;2;2;17;A01
201300051416;0;7;0;0;2;3;22;A01
201300051416;0;1;0;0;2;1;1;B01
201300051417;0;33;0;0;2;1;1;B01
201300051417;0;7;0;0;2;8;22;A01
201300051418;0;7;0;0;1;3;1;A01
201300051419;0;37;0;0;2;3;15;A01
201300051419;0;34;0;0;2;1;1;B01
201300051420;0;33;0;0;1;2;1;A01
201300051421;0;33;0;0;0;6;23;B01
201300051421;0;2;0;1;2;9;1;A01
201300051422;0;2;0;0;2;1;17;A01
201300051422;0;7;0;0;2;3;10;B01
201300051423;0;7;0;0;2;3;1;A01
201300051423;0;1;0;0;2;5;1;B01
201300051424;0;30;0;0;0;2;1;A01
201300051425;0;33;0;0;1;1;1;A01
201300051426;0;30;0;1;0;1;14;A01
201300051427;0;7;0;0;2;8;15;A01
201300051427;0;32;0;0;2;7;17;B01
201300051428;0;2;0;0;2;2;2;A01
201300051428;0;30;0;8;2;4;2;B01
201300051429;0;32;0;0;2;7;17;A01
201300051429;1;7;0;0;2;7;13;Z01
201300051430;0;2;0;0;1;7;1;A01
201300051431;0;32;0;0;2;1;17;B01
201300051431;0;7;0;0;2;6;22;A01
201300051432;0;2;0;0;2;4;23;B01
201300051432;0;7;0;0;2;1;1;A01
201300051433;0;10;0;0;2;3;10;A01
201300051433;0;7;0;0;2;1;2;B01
201300051433;0;33;0;0;2;1;2;C01
201300051434;0;7;0;0;1;1;1;A01
201300051435;0;30;0;0;2;0;2;A01
201300051435;0;7;0;0;2;7;2;B01
201300051436;0;33;0;0;2;2;5;B01
201300051436;0;7;0;0;2;3;15;A01
201300051437;0;7;0;0;2;3;7;A01
201300051437;0;33;0;0;2;5;;B01
201300051438;0;32;0;0;2;7;21;A01
201300051439;0;7;0;0;2;4;23;B01
201300051439;0;30;0;0;2;1;2;A01
201300051440;0;33;0;0;1;1;17;A01
201300051441;0;37;80;0;2;3;1;B01
201300051441;0;30;0;0;2;5;9;A01
201300051442;0;30;0;0;2;1;17;A01
201300051442;0;7;0;0;2;1;15;B01
201300051443;0;32;0;14;0;7;1;A01
201300051444;0;30;0;0;1;1;15;A01
201300051445;0;10;0;0;1;1;15;A01
201300051446;0;7;0;11;0;1;13;A01
201300051447;0;33;0;0;2;1;2;A01
201300051447;0;7;0;0;2;4;23;B01
201300051448;0;30;0;0;2;8;7;B01
201300051448;0;7;0;0;2;7;12;A01
201300051449;0;7;0;0;1;2;15;A01
201300051450;0;1;0;0;2;8;1;B01
201300051450;0;7;0;0;2;1;15;A01
201300051451;0;7;0;0;2;3;1;B01
201300051451;0;33;0;0;2;2;1;C01
201300051451;0;7;0;0;2;2;1;A01
201300051452;0;7;0;0;0;3;1;B01
201300051452;0;32;0;0;0;1;15;A01
201300051453;1;7;0;0;1;3;15;Z01
201300051454;0;7;0;0;0;1;1;A01
201300051454;0;7;0;0;0;4;1;B01
201300051455;0;30;0;0;0;0;1;A01
201300051456;0;33;0;0;2;8;1;B01
201300051456;0;7;0;0;2;1;15;A01
201300051457;0;34;0;0;0;7;1;B01
201300051457;0;7;0;0;2;1;15;A01
201300051458;0;37;3;0;0;0;21;A01
201300051459;0;32;0;0;1;1;1;A01
201300051460;0;10;0;0;1;4;4;A01
201300051461;0;7;0;0;2;4;16;A01
201300051461;0;32;0;0;2;7;1;B01
201300051462;0;2;0;0;2;1;17;A01
201300051462;0;1;0;0;2;4;15;B01
201300051463;0;7;0;0;0;4;23;B01
201300051463;0;7;0;0;2;1;1;A01
201300051464;1;7;0;0;9;0;1;Z01
201300051464;0;1;0;0;2;3;1;B01
201300051465;0;34;0;0;2;1;1;B01
201300051465;0;7;0;0;2;6;11;A01
201300051466;0;10;0;0;2;1;15;B01
201300051466;0;32;0;0;2;3;7;A01
201300051467;0;7;0;0;9;2;16;B01
201300051467;0;1;0;0;2;1;18;A01
201300051468;0;33;0;0;0;0;1;A01
201300051469;0;7;0;0;0;0;10;A01
201300051469;0;32;0;0;2;1;1;B01
201300051470;0;32;0;12;0;8;1;A01
201300051471;0;34;0;14;0;1;1;A01
201300051472;0;7;0;0;1;1;1;A01
201300051473;0;7;0;0;2;1;1;A01
201300051473;0;7;0;0;0;4;23;B01
201300051474;0;32;0;0;1;1;15;A01
201300051475;0;7;0;0;2;7;22;A01
201300051475;0;32;0;0;2;1;18;B01
201300051476;0;7;0;0;2;3;10;A01
201300051476;0;30;0;0;2;7;1;B01
201300051477;0;7;0;0;2;7;1;A01
201300051477;0;1;0;0;2;1;1;B01
201300051478;0;32;0;0;2;1;1;A01
201300051478;0;1;0;0;2;8;19;B01
201300051479;0;7;0;0;2;3;15;B01
201300051479;0;33;0;0;2;3;7;A01
201300051480;0;1;0;0;2;3;19;B01
201300051480;0;7;0;0;2;6;4;A01
201300051481;0;1;0;0;2;1;1;B01
201300051481;0;7;0;0;2;8;22;A01
201300051482;0;7;0;0;2;6;15;B01
201300051482;0;32;0;0;2;1;2;A01
201300051483;0;31;0;0;2;2;1;A01
201300051483;1;2;0;0;2;1;1;Z01
201300051484;0;7;0;0;2;5;2;B01
201300051484;0;33;0;0;2;1;2;A01
201300051485;0;34;0;12;2;7;18;A01
201300051485;0;37;1;0;2;0;12;B01
201300051486;0;32;0;0;2;1;1;A01
201300051486;0;32;0;0;2;8;15;B01
201300051487;0;7;0;0;2;1;1;B01
201300051487;0;33;0;0;1;1;17;A01
201300051488;0;33;0;0;1;1;16;A01
201300051489;0;7;0;0;1;4;4;A01
201300051490;0;31;0;0;2;3;1;B01
201300051490;0;7;0;0;2;1;1;A01
201300051491;0;32;0;0;2;2;17;B01
201300051491;0;7;0;0;2;8;15;A01
201300051492;0;33;0;0;2;2;1;B01
201300051492;0;7;0;0;2;8;11;A01
201300051493;0;32;0;0;2;1;1;B01
201300051493;0;7;0;0;2;3;9;A01
201300051494;0;7;0;1;1;0;4;A01
201300051495;0;7;0;0;2;1;2;A01
201300051495;0;31;0;0;2;4;2;B01
201300051496;0;1;0;0;2;7;1;B01
201300051496;0;7;0;0;2;8;22;A01
201300051497;0;31;0;0;2;3;2;A01
201300051497;0;7;0;0;2;5;23;B01
201300051498;0;7;0;0;2;4;2;B01
201300051498;0;2;0;0;2;1;2;A01
201300051499;0;33;0;0;1;7;16;A01
201300051500;0;1;0;0;2;8;13;A01
201300051500;0;37;1;0;2;5;17;B01
201300051501;0;32;0;0;2;4;23;B01
201300051501;0;38;11;0;2;1;2;A01
201300051502;0;7;0;0;1;3;16;A01
201300051503;0;7;0;0;1;7;1;A01
201300051504;0;30;0;0;2;7;1;B01
201300051504;0;10;0;0;2;3;13;A01
201300051505;0;7;0;0;2;3;15;A01
201300051505;0;31;0;0;2;7;1;B01
201300051506;0;7;0;0;2;3;13;A01
201300051506;0;32;0;1;2;1;1;B01
201300051507;0;7;0;0;1;4;4;A01
201300051508;0;7;0;0;2;4;23;B01
201300051508;0;7;0;0;2;1;2;A01
201300051509;0;34;0;0;2;8;1;B01
201300051509;0;7;0;0;2;2;10;A01
201300051510;0;7;0;0;2;1;15;B01
201300051510;0;10;0;0;2;5;15;A01
201300051511;0;7;0;0;1;1;15;A01
201300051512;0;34;0;1;2;1;18;A01
201300051512;0;33;0;0;0;7;16;B01
201300051513;0;7;0;0;1;2;1;A01
201300051514;0;33;0;0;2;1;1;B01
201300051514;0;7;0;0;2;3;10;A01
201300051515;0;7;0;0;2;2;1;B01
201300051515;0;30;0;0;2;1;1;A01
201300051516;0;33;0;0;2;4;2;B01
201300051516;0;30;0;0;2;8;2;C01
201300051516;0;34;0;0;2;1;2;A01
201300051517;0;14;0;0;2;2;1;A01
201300051517;0;1;0;0;2;1;1;B01
201300051518;0;7;0;0;2;1;2;A01
201300051518;0;31;0;0;2;6;2;B01
201300051519;0;30;0;0;0;0;1;A01
201300051520;0;7;0;0;2;3;1;B01
201300051520;0;1;0;0;2;1;1;A01
201300051521;0;7;0;0;1;2;1;A01
201300051522;0;7;0;0;1;1;1;A01
201300051523;0;37;16;0;1;2;1;A01
201300051524;0;1;0;0;2;4;2;A01
201300051524;0;7;0;0;2;4;23;B01
201300051525;0;7;0;11;0;1;1;A01
201300051526;0;10;0;0;2;6;9;A01
201300051526;0;33;0;0;2;1;1;B01
201300051527;0;7;0;0;2;2;1;A01
201300051527;0;31;0;0;2;8;3;B01
201300051528;0;30;0;0;1;3;1;A01
201300051529;0;32;0;0;2;3;18;A01
201300051529;0;32;0;0;2;5;16;B01
201300051530;0;2;0;0;2;8;1;A01
201300051530;0;7;0;0;0;8;23;B01
201300051531;0;33;0;0;2;8;9;A01
201300051531;0;32;0;0;2;7;17;B01
201300051532;0;7;0;0;2;4;23;C01
201300051532;0;7;0;0;2;1;2;A01
201300051532;0;7;0;0;2;4;23;B01
201300051533;1;7;0;0;2;0;15;Z01
201300051533;0;30;0;0;2;7;1;A01
201300051534;0;2;0;0;2;4;1;B01
201300051534;0;2;0;0;2;1;1;A01
201300051535;0;7;0;0;2;7;1;B01
201300051535;0;1;0;0;2;5;19;A01
201300051536;0;34;0;0;0;0;16;A01
201300051537;0;30;0;0;2;1;1;B01
201300051537;0;7;0;0;2;5;16;A01
201300051538;0;7;0;0;0;1;15;A01
201300051538;0;33;0;0;0;1;1;B01
201300051539;0;7;0;0;2;3;15;B01
201300051539;0;33;0;0;2;2;17;A01
201300051540;0;10;0;0;0;2;16;A01
201300051540;0;32;0;0;0;6;1;B01
201300051541;0;10;0;0;2;3;1;B01
201300051541;0;30;0;0;2;5;16;A01
201300051542;0;7;0;0;2;3;15;A01
201300051542;0;7;0;0;2;3;1;B01
201300051543;0;7;0;0;2;1;1;C01
201300051543;0;7;0;0;2;2;10;A01
201300051543;0;3;0;0;2;1;1;B01
201300051544;0;7;0;0;2;1;1;A01
201300051544;0;32;0;0;2;6;1;B01
201300051545;0;2;0;0;2;0;3;A01
201300051546;0;7;0;0;2;0;15;A01
201300051546;0;32;0;0;2;0;18;B01
201300051547;0;34;0;0;1;2;1;A01
201300051548;0;7;0;0;1;5;4;A01
201300051549;0;7;0;0;2;1;1;B01
201300051549;0;7;0;0;2;3;9;A01
201300051550;0;7;0;1;2;3;1;A01
201300051550;0;7;0;0;2;1;23;B01
201300051551;0;30;0;0;2;7;1;A01
201300051551;1;7;0;0;2;0;10;Z01
201300051552;0;7;0;0;1;2;1;A01
201300051553;0;7;0;0;2;2;1;A01
201300051553;0;30;0;0;2;2;1;B01
201300051554;0;7;0;0;2;1;2;A01
201300051554;0;31;0;0;2;4;2;B01
201300051554;0;7;0;0;2;4;23;C01
201300051555;0;38;0;0;2;2;23;A01
201300051555;0;33;0;0;2;3;1;B01
201300051556;0;33;0;0;2;1;18;A01
201300051556;0;7;0;0;2;7;22;B01
201300051557;0;7;0;0;2;8;22;A01
201300051557;0;1;0;0;2;0;1;B01
201300051558;0;7;0;6;0;1;13;A01
201300051559;0;7;0;0;2;1;2;A01
201300051559;0;10;0;0;2;4;23;B01
201300051560;0;30;0;14;0;1;1;A01
201300051561;0;37;20;0;1;1;1;A01
201300051562;0;7;0;0;2;5;14;B01
201300051562;0;30;0;0;2;1;16;A01
201300051563;0;7;0;0;2;4;2;B01
201300051563;0;32;0;0;2;1;2;A01
201300051564;0;7;0;0;1;1;1;A01
201300051565;0;34;0;1;1;1;1;A01
201300051566;0;1;0;0;2;1;1;A01
201300051566;0;7;0;0;0;6;23;B01
201300051567;0;7;0;0;2;1;1;C01
201300051567;0;30;0;0;2;3;13;A01
201300051567;0;7;0;0;2;3;1;B01
201300051568;0;7;0;0;2;1;2;A01
201300051568;0;7;0;0;2;4;2;B01
201300051569;0;7;0;0;1;1;1;A01
201300051570;0;2;0;0;0;0;1;A01
201300051571;0;7;0;0;2;5;1;A01
201300051571;0;7;0;0;0;5;23;B01
201300051572;0;7;0;0;2;2;15;A01
201300051572;0;1;0;0;2;1;1;B01
201300051573;0;30;0;0;0;0;1;A01
201300051574;0;7;0;0;2;5;13;A01
201300051574;0;7;0;0;2;3;2;B01
201300051574;0;7;0;0;2;1;2;C01
201300051575;0;7;0;0;1;3;1;A01
201300051576;0;33;0;0;2;2;17;B01
201300051576;0;7;0;0;2;6;10;A01
201300051577;0;32;0;1;1;1;1;A01
201300051578;0;7;0;0;0;5;22;A01
201300051578;0;32;0;0;2;1;18;B01
201300051579;0;32;0;0;2;8;1;B01
201300051579;0;1;0;0;2;7;1;A01
201300051580;0;10;0;0;0;4;23;B01
201300051580;0;1;0;0;0;3;1;A01
201300051581;0;10;0;0;2;8;15;B01
201300051581;0;32;0;0;2;7;17;A01
201300051582;0;7;0;0;2;5;16;A01
201300051582;0;32;0;0;2;3;16;B01
201300051583;0;33;0;0;0;1;1;A01
201300051584;0;7;0;0;2;6;10;A01
201300051584;0;31;0;0;2;2;1;B01
201300051585;0;7;0;11;0;1;13;A01
201300051586;0;1;0;0;2;1;1;B01
201300051586;0;7;0;0;2;2;1;A01
201300051587;0;7;0;0;2;2;16;A01
201300051587;0;32;0;0;2;1;7;B01
201300051588;0;2;0;0;2;1;1;A01
201300051588;0;10;0;0;2;6;23;B01
201300051589;0;32;0;1;1;3;1;A01
201300051590;0;7;0;0;1;8;16;A01
201300051591;0;7;0;0;2;8;18;A01
201300051591;0;7;0;0;2;2;1;B01
201300051592;0;7;0;0;2;1;15;B01
201300051592;0;1;0;0;2;8;1;A01
201300051593;0;7;0;0;2;5;16;A01
201300051593;0;33;0;0;2;2;1;B01
201300051594;0;7;0;0;1;2;1;A01
201300051595;0;7;0;0;2;1;1;A01
201300051595;0;7;0;0;2;8;1;B01
201300051596;0;30;0;0;2;1;1;A01
201300051596;0;10;0;0;2;2;15;B01
201300051597;0;7;0;0;2;3;9;A01
201300051597;0;33;0;0;2;1;1;B01
201300051598;0;7;0;0;2;4;23;B01
201300051598;0;1;0;0;2;0;2;A01
201300051599;0;32;0;0;0;7;1;A01
201300051599;1;34;0;0;0;0;1;Z01
201300051600;0;7;0;0;2;2;16;A01
201300051600;0;1;0;0;2;1;5;B01
201300051601;0;7;0;0;2;2;16;A01
201300051601;0;32;0;0;2;3;1;B01
201300051602;0;10;0;7;0;3;15;A01
201300051603;0;7;0;0;0;2;1;A01
201300051603;0;7;0;0;0;8;16;B01
201300051604;0;7;0;0;1;1;1;A01
201300051605;0;34;0;8;2;1;1;A01
201300051606;0;7;0;0;2;3;1;A01
201300051606;0;33;0;0;2;1;1;B01
201300051607;0;34;0;1;0;2;1;B01
201300051607;0;7;0;0;2;7;22;A01
201300051608;0;33;0;0;0;4;11;A01
201300051608;0;7;0;0;0;2;1;B01