num_acc;senc;catv;occutc;obs;obsm;choc;manv;num_veh
201300051609;0;32;0;0;2;1;5;A01
201300051609;0;31;0;0;2;1;1;B01
201300051610;0;1;0;0;2;0;1;A01
201300051610;0;7;0;0;2;0;22;B01
201300051611;0;7;0;0;0;6;10;A01
201300051611;0;33;0;0;2;2;17;B01
201300051612;0;7;0;0;2;7;10;A01
201300051612;0;34;0;0;2;1;1;B01
201300051613;0;30;0;0;1;8;1;A01
201300051614;0;7;0;0;0;2;1;A01
201300051614;0;32;0;0;0;8;1;B01
201300051615;0;33;0;0;0;7;21;A01
201300051616;0;32;0;0;2;1;1;B01
201300051616;0;7;0;0;2;7;15;A01
201300051617;0;7;0;0;2;3;1;B01
201300051617;0;7;0;0;2;2;1;A01
201300051618;0;37;1;0;2;1;23;B01
201300051618;0;33;0;0;2;7;1;A01
201300051619;0;10;0;0;2;2;16;B01
201300051619;0;32;0;0;2;8;18;A01
201300051620;0;10;0;0;2;8;22;A01
201300051620;0;1;0;0;2;1;17;B01
201300051621;0;10;0;0;1;3;15;A01
201300051622;0;14;0;0;2;3;2;A01
201300051622;0;7;0;0;2;5;23;B01
201300051623;0;32;0;0;2;3;1;A01
201300051623;0;7;0;0;2;2;15;B01
201300051624;0;7;0;0;2;8;15;C01
201300051624;0;34;0;0;2;9;2;A01
201300051624;0;7;0;0;2;4;23;B01
201300051625;0;34;0;0;0;0;1;A01
201300051626;0;7;0;0;2;0;1;B01
201300051626;0;1;0;0;2;0;1;A01
201300051627;0;32;0;0;0;1;1;A01
201300051628;0;32;0;0;1;0;0;A01
201300051629;0;34;0;0;2;7;17;B01
201300051629;0;7;0;0;2;8;15;A01
201300051630;0;7;0;0;1;1;1;A01
201300051631;0;7;0;0;2;7;24;B01
201300051631;0;2;0;1;0;8;1;A01
201300051632;0;7;0;0;2;4;23;C01
201300051632;0;7;0;0;2;1;2;A01
201300051632;0;7;0;0;2;4;23;B01
201300051633;0;34;0;0;2;1;1;B01
201300051633;0;7;0;0;2;7;15;A01
201300051634;0;34;0;0;2;2;1;B01
201300051634;0;7;0;0;2;6;10;A01
201300051635;0;32;0;0;0;3;1;A01
201300051635;0;7;0;0;2;2;1;B01
201300051636;0;1;0;1;0;1;1;A01
201300051637;0;33;0;0;0;0;1;A01
201300051638;0;30;0;0;2;8;21;A01
201300051639;0;7;0;0;0;8;15;A01
201300051639;0;32;0;0;2;1;17;B01
201300051640;0;7;0;0;1;1;9;A01
201300051641;0;2;0;0;1;1;1;A01
201300051642;0;33;0;0;2;8;3;A01
201300051642;0;7;0;0;2;2;12;B01
201300051643;0;7;0;0;1;2;9;A01
201300051644;0;34;0;9;0;1;21;A01
201300051645;0;7;0;0;2;1;1;B01
201300051645;0;34;0;0;2;6;15;A01
201300051646;0;7;0;0;2;4;1;B01
201300051646;0;7;0;0;2;1;1;A01
201300051647;0;33;0;0;2;1;1;A01
201300051647;0;7;0;0;0;4;23;B01
201300051648;0;7;0;0;1;4;4;A01
201300051649;0;1;0;14;1;1;1;A01
201300051650;0;33;0;0;0;0;1;A01
201300051651;0;7;0;0;2;3;15;A01
201300051651;0;32;0;0;2;7;1;B01
201300051652;0;33;0;1;1;1;1;A01
201300051653;0;33;0;0;2;7;1;B01
201300051653;0;7;0;0;2;1;9;A01
201300051654;0;7;0;0;2;3;10;A01
201300051654;0;33;0;0;2;7;17;B01
201300051655;0;33;0;0;0;0;1;A01
201300051656;0;34;0;0;2;8;5;A01
201300051656;0;7;0;0;2;4;1;B01
201300051657;0;34;0;0;2;1;1;A01
201300051657;0;33;0;0;2;5;1;B01
201300051658;0;33;0;0;1;1;1;A01
201300051659;0;7;0;0;1;0;1;A01
201300051660;0;33;0;0;1;1;5;A01
201300051661;0;33;0;0;2;4;1;B01
201300051661;0;7;0;0;2;3;1;A01
201300051662;0;7;0;0;1;3;15;A01
201300051663;0;31;0;0;2;0;1;A01
201300051663;1;7;0;0;2;0;14;Z01
201300051664;0;31;0;0;2;1;7;A01
201300051664;0;30;0;0;2;4;7;B01
201300051665;0;7;0;0;2;8;13;A01
201300051665;0;34;0;0;2;7;17;B01
201300051666;0;7;0;6;0;3;1;A01
201300051667;0;31;0;0;1;3;1;A01
201300051668;0;7;0;0;1;4;4;A01
201300051669;0;7;0;0;2;3;15;A01
201300051669;0;34;0;0;2;2;17;B01
201300051670;0;7;0;0;2;2;1;B01
201300051670;0;7;0;0;2;5;1;A01
201300051670;0;10;0;0;2;8;1;C01
201300051671;0;32;0;0;0;0;1;A01
201300051672;0;7;0;0;2;1;1;A01
201300051672;0;7;0;0;2;7;1;B01
201300051673;0;30;0;0;0;0;1;A01
201300051674;0;30;0;0;1;1;1;A01
201300051675;0;33;0;0;2;3;18;B01
201300051675;0;10;0;0;2;7;16;A01
201300051676;0;7;0;0;2;1;1;A01
201300051676;0;7;0;0;2;3;15;B01
201300051677;0;33;0;0;2;5;1;B01
201300051677;0;7;0;0;2;3;1;A01
201300051678;0;7;0;0;2;2;15;A01
201300051678;0;33;0;0;2;8;1;B01
201300051679;0;10;0;0;2;7;16;A01
201300051679;0;1;0;0;2;1;7;B01
201300051680;0;33;0;0;2;1;13;A01
201300051680;0;7;0;0;2;8;1;C01
201300051680;0;10;0;0;2;1;1;B01
201300051681;0;7;0;0;2;1;0;A01
201300051681;0;7;0;0;2;4;20;B01
201300051682;0;7;0;0;2;7;16;A01
201300051682;0;7;0;0;2;3;1;B01
201300051683;0;7;0;0;2;6;23;B01
201300051683;0;7;0;0;2;3;23;C01
201300051683;0;7;0;0;2;1;2;A01
201300051684;1;7;0;0;1;0;1;Z01
201300051685;0;31;0;0;0;0;1;A01
201300051686;0;34;0;1;0;3;13;A01
201300051687;0;34;0;0;2;7;17;B01
201300051687;0;7;0;0;2;3;10;A01
201300051688;0;7;0;0;2;2;15;A01
201300051688;0;31;0;0;2;0;1;B01
201300051689;1;7;0;0;1;0;1;Z01
201300051690;0;34;0;0;2;3;1;B01
201300051690;0;7;0;0;2;7;16;A01
201300051691;0;32;0;0;0;3;1;A01
201300051692;0;7;0;0;2;8;22;A01
201300051692;0;1;0;0;2;1;1;B01
201300051693;0;7;0;0;2;4;23;B01
201300051693;0;30;0;0;2;1;2;A01
201300051694;0;34;0;0;2;1;1;A01
201300051694;0;13;0;0;2;3;1;B01
201300051695;0;7;0;0;2;5;22;A01
201300051695;0;32;0;0;2;6;1;B01
201300051696;0;33;0;0;2;1;18;B01
201300051696;0;7;0;0;2;2;16;A01
201300051697;0;30;0;1;2;1;1;A01
201300051697;1;7;0;0;2;7;16;Z01
201300051698;0;1;0;0;1;1;16;A01
201300051699;0;30;0;0;2;1;1;A01
201300051699;1;7;0;0;2;5;1;Z01
201300051700;0;30;0;0;2;1;1;A01
201300051700;0;30;0;0;2;7;1;B01
201300051701;0;7;0;0;1;3;15;A01
201300051702;0;7;0;0;1;4;4;A01
201300051703;0;1;0;0;0;0;1;A01
201300051704;0;32;0;0;0;0;21;A01
201300051705;0;37;3;0;1;6;15;A01
201300051706;1;7;0;0;1;1;1;Z01
201300051707;0;7;0;0;1;6;15;A01
201300051708;0;7;0;0;2;3;1;C01
201300051708;0;7;0;0;2;1;1;B01
201300051708;0;1;0;0;2;8;1;A01
201300051709;0;32;0;1;2;3;13;A01
201300051710;0;31;0;0;0;8;16;A01
201300051711;0;10;0;0;1;3;1;A01
201300051712;0;7;0;0;1;1;16;A01
201300051713;0;7;0;0;1;2;1;A01
201300051714;0;32;0;0;2;8;7;B01
201300051714;0;7;0;0;2;5;14;A01
201300051715;0;7;0;0;2;2;1;A01
201300051715;0;33;0;0;0;4;23;B01
201300051716;0;34;0;0;1;3;1;A01
201300051717;0;7;0;0;2;2;1;A01
201300051717;1;10;0;0;2;0;5;Z01
201300051718;0;7;0;0;2;5;9;A01
201300051718;0;31;0;0;2;3;5;B01
201300051719;0;1;0;1;0;1;7;A01
201300051720;0;32;0;0;0;0;21;A01
201300051721;0;7;0;0;1;1;15;A01
201300051722;0;7;0;0;2;0;22;A01
201300051722;0;1;0;1;0;0;18;B01
201300051723;0;7;0;0;0;2;15;B01
201300051723;0;7;0;0;0;3;1;A01
201300051724;0;7;0;0;2;2;12;A01
201300051724;0;32;0;0;2;8;1;B01
201300051725;0;7;0;0;2;3;15;A01
201300051725;0;33;0;0;2;5;17;B01
201300051726;0;14;0;0;0;7;23;B01
201300051726;0;7;0;1;0;3;1;A01
201300051727;0;30;0;0;1;1;1;A01
201300051728;0;33;0;0;0;0;15;A01
201300051729;0;10;0;0;2;8;23;B01
201300051729;0;32;0;0;2;7;3;A01
201300051730;0;7;0;0;1;5;20;A01
201300051731;0;2;0;0;2;1;3;A01
201300051731;0;7;0;0;2;5;23;C01
201300051731;0;7;0;0;2;2;22;B01
201300051732;0;34;0;0;0;0;21;A01
201300051733;0;30;0;0;0;4;23;B01
201300051733;0;7;0;0;2;1;1;A01
201300051734;0;30;0;0;1;1;1;A01
201300051735;0;7;0;0;0;0;16;A01
201300051735;0;32;0;0;0;8;1;B01
201300051736;0;30;0;0;1;7;1;B01
201300051736;0;7;0;0;2;1;7;A01
201300051737;0;34;0;0;1;5;17;A01
201300051738;0;37;0;0;1;2;7;A01
201300051739;0;32;0;12;0;7;13;A01
201300051740;0;2;0;0;0;0;0;A01
201300051741;0;31;0;0;2;1;1;B01
201300051741;0;7;0;0;2;3;1;A01
201300051742;0;30;0;0;2;3;18;A01
201300051742;0;7;0;0;2;5;22;B01
201300051743;0;7;0;0;2;3;15;A01
201300051743;0;30;0;0;2;2;17;B01
201300051744;0;37;1;0;1;0;7;A01
201300051745;0;30;0;0;0;0;21;A01
201300051746;0;32;0;0;2;8;1;A01
201300051746;0;1;0;0;2;4;11;B01
201300051747;0;33;0;0;2;1;23;B01
201300051747;0;33;0;1;2;1;2;A01
201300051748;0;34;0;0;1;2;1;A01
201300051749;0;7;0;0;1;2;15;A01
201300051750;0;34;0;0;2;4;23;B01
201300051750;0;37;1;1;0;5;8;A01
201300051751;0;7;0;0;2;8;22;B01
201300051751;0;34;0;0;2;2;18;A01
201300051751;0;7;0;0;2;7;1;C01
201300051752;0;7;0;0;1;1;1;A01
201300051753;0;10;0;0;1;1;16;A01
201300051754;1;7;0;0;1;0;1;Z01
201300051755;1;7;0;0;2;3;10;A01
201300051755;0;32;0;0;2;2;1;B01
201300051756;0;7;0;0;2;3;15;A01
201300051756;0;33;0;0;2;2;17;B01
201300051757;1;7;0;1;1;0;5;Z01
201300051758;0;30;0;0;2;7;15;A01
201300051758;0;7;0;0;2;1;1;B01
201300051759;0;30;0;0;2;2;1;A01
201300051759;0;7;0;0;2;6;16;B01
201300051760;0;14;0;0;2;8;1;B01
201300051760;0;1;0;0;2;7;18;A01
201300051761;0;37;0;0;1;2;7;A01
201300051762;0;30;0;0;0;3;13;A01
201300051763;0;10;0;0;2;3;1;A01
201300051763;0;10;0;0;2;7;1;B01
201300051764;0;7;0;0;2;3;15;A01
201300051764;0;32;0;0;2;2;1;B01
201300051765;0;7;0;0;1;6;20;A01
201300051766;0;30;0;0;1;1;1;A01
201300051767;0;2;0;0;2;3;18;B01
201300051767;0;7;0;0;2;5;16;A01
201300051768;0;1;0;0;2;1;18;B01
201300051768;0;37;36;0;2;7;16;A01
201300051769;0;7;0;0;2;3;1;C01
201300051769;0;3;0;0;2;2;13;A01
201300051769;0;7;0;0;2;3;1;B01
201300051770;0;7;0;0;2;8;22;A01
201300051770;0;32;0;1;2;9;3;B01
201300051770;0;7;0;0;2;7;1;C01
201300051771;0;31;0;0;1;1;1;A01
201300051772;0;37;1;0;1;1;1;A01
201300051773;0;7;0;0;2;4;2;B01
201300051773;0;7;0;0;2;1;2;A01
201300051774;0;1;0;0;2;3;1;A01
201300051774;0;7;0;0;9;2;1;B01
201300051775;0;2;0;0;0;7;1;A01
201300051775;1;7;0;0;0;0;1;Z01
201300051776;0;32;0;0;1;3;1;A01
201300051777;0;33;0;0;2;3;16;B01
201300051777;0;7;0;0;2;2;16;A01
201300051778;0;32;0;0;2;1;1;B01
201300051778;0;33;0;0;2;2;15;A01
201300051779;0;30;0;0;0;8;1;A01
201300051780;0;33;0;0;1;1;1;A01
201300051781;0;1;0;0;2;3;1;A01
201300051781;0;32;0;0;2;0;1;B01
201300051782;0;30;0;0;2;8;1;B01
201300051782;0;7;0;0;2;1;1;A01
201300051783;0;30;0;0;2;8;1;B01
201300051783;0;7;0;0;2;1;1;A01
201300051784;0;7;0;0;1;3;7;A01
201300051785;0;7;0;0;2;7;15;A01
201300051785;0;32;0;0;2;7;1;B01
201300051786;0;7;0;0;1;1;15;A01
201300051787;0;7;0;0;1;4;4;A01
201300051788;0;30;0;0;2;2;1;B01
201300051788;0;10;0;0;2;3;15;A01
201300051789;0;7;0;0;2;2;1;A01
201300051789;0;7;0;0;2;3;16;B01
201300051790;0;7;0;0;2;2;15;B01
201300051790;0;34;0;0;2;1;1;A01
201300051791;0;37;76;12;2;2;7;A01
201300051791;0;1;0;14;2;8;19;B01
201300051792;0;7;0;0;1;3;17;A01
201300051793;0;32;0;0;2;1;1;A01
201300051793;0;7;0;0;0;4;23;B01
201300051794;1;7;0;0;1;0;1;Z01
201300051795;0;1;0;0;0;0;1;A01
201300051796;0;30;0;0;2;1;2;A01
201300051796;0;32;0;0;2;4;2;B01
201300051797;0;7;0;8;0;3;13;A01
201300051798;0;31;0;0;2;1;1;A01
201300051798;0;37;1;0;2;2;7;B01
201300051799;0;7;0;0;1;2;15;A01
201300051800;0;10;0;0;1;2;1;A01
201300051801;0;7;0;0;2;3;16;B01
201300051801;0;7;0;1;2;4;4;A01
201300051802;0;7;0;0;1;1;1;A01
201300051803;0;10;0;0;2;0;16;A01
201300051803;0;37;3;0;2;0;7;B01
201300051804;0;7;0;0;2;7;15;A01
201300051804;0;33;0;0;2;8;1;B01
201300051805;0;7;0;0;1;2;1;A01
201300051806;0;33;0;0;0;8;1;A01
201300051806;2;1;0;0;0;1;1;Z01
201300051807;0;10;0;0;0;2;16;A01
201300051807;0;31;0;0;2;1;7;B01
201300051808;0;32;0;0;2;4;23;A01
201300051808;1;7;0;0;2;1;1;Z01
201300051809;0;7;0;0;1;8;7;A01
201300051810;0;7;0;0;1;6;1;A01
201300051811;0;7;0;0;1;1;1;A01
201300051812;0;37;0;0;1;2;7;A01
201300051813;0;38;1;0;2;6;15;A01
201300051813;0;33;0;0;2;8;1;B01
201300051814;0;34;0;0;2;5;1;A01
201300051814;0;30;0;0;2;1;1;B01
201300051815;0;32;0;0;2;2;1;B01
201300051815;0;10;0;0;2;6;4;A01
201300051816;0;7;0;0;2;7;1;A01
201300051816;0;1;0;0;2;1;16;B01
201300051817;0;1;0;0;2;3;14;A01
201300051817;0;7;0;0;2;6;1;B01
201300051818;0;37;1;0;1;2;8;A01
201300051819;1;7;0;0;2;1;1;Z01
201300051819;0;32;0;0;2;4;1;A01
201300051820;0;10;0;0;2;3;1;B01
201300051820;0;30;0;0;2;8;1;C01
201300051820;0;33;0;0;2;1;1;A01
201300051821;0;33;0;0;2;0;15;B01
201300051821;0;30;0;0;2;0;17;A01
201300051822;0;33;0;0;0;0;1;A01
201300051823;0;30;0;0;1;1;1;A01
201300051824;1;7;0;0;1;3;1;Z01
201300051825;0;37;0;0;1;7;7;A01
201300051826;0;32;0;1;0;1;1;A01
201300051827;0;7;0;0;1;2;1;A01
201300051828;0;7;0;0;2;7;22;B01
201300051828;0;32;0;1;0;5;18;A01
201300051829;0;30;0;0;2;7;16;A01
201300051829;0;7;0;0;2;1;7;B01
201300051830;0;32;0;0;0;0;1;A01
201300051830;0;7;0;0;0;5;1;B01
201300051831;0;38;1;0;1;2;1;A01
201300051832;0;7;0;0;2;2;15;A01
201300051832;0;1;0;0;2;1;1;B01
201300051833;0;1;0;0;0;0;21;A01
201300051834;0;13;0;0;2;3;22;A01
201300051834;0;30;0;0;2;2;1;B01
201300051835;0;7;0;0;1;4;4;A01
201300051836;0;2;0;0;1;2;1;A01
201300051837;0;10;0;0;0;0;15;B01
201300051837;0;1;0;0;0;0;19;A01
201300051838;0;2;0;0;2;2;5;A01
201300051838;0;10;0;0;2;3;10;B01
201300051839;0;7;0;0;2;7;15;A01
201300051839;0;34;0;0;2;3;1;B01
201300051840;0;7;0;0;1;3;1;A01
201300051841;0;7;0;0;0;8;22;A01
201300051841;0;1;0;1;0;1;1;B01
201300051842;0;7;0;0;2;3;23;C01
201300051842;0;7;0;0;2;2;22;A01
201300051842;0;31;0;0;2;3;18;B01
201300051843;0;30;0;0;2;1;1;B01
201300051843;0;7;0;0;2;8;22;A01
201300051844;0;10;0;0;2;1;2;A01
201300051844;0;33;0;0;2;4;23;B01
201300051845;0;1;0;0;1;1;1;A01
201300051846;0;7;0;1;2;1;17;A01
201300051846;0;7;0;0;2;3;15;B01
201300051847;0;7;0;0;2;2;1;A01
201300051847;0;1;0;0;2;4;23;B01
201300051848;0;30;0;0;2;3;7;A01
201300051848;0;10;0;0;2;7;15;B01
201300051849;0;32;0;0;0;0;21;A01
201300051850;0;7;0;0;1;5;20;A01
201300051851;1;30;0;0;1;0;1;Z01
201300051852;0;31;0;0;2;2;1;B01
201300051852;0;1;0;0;2;3;15;A01
201300051853;0;32;0;0;2;4;1;A01
201300051853;0;10;0;0;2;4;23;B01
201300051854;0;31;0;0;2;4;2;B01
201300051854;0;7;0;0;2;1;2;A01
201300051855;0;10;0;0;1;5;4;A01
201300051856;0;10;0;0;1;3;1;A01
201300051857;0;7;0;0;2;4;20;B01
201300051857;0;33;0;0;2;1;2;A01
201300051858;0;7;0;0;0;1;7;A01
201300051859;0;37;0;0;1;1;7;A01
201300051860;0;30;0;0;1;1;1;A01
201300051861;0;2;0;14;0;1;13;A01
201300051862;0;7;0;0;2;1;1;A01
201300051862;0;7;0;0;2;3;1;B01
201300051863;0;31;0;0;0;8;15;B01
201300051863;0;7;0;0;0;0;17;A01
201300051864;0;10;0;0;2;1;2;A01
201300051864;0;7;0;0;2;4;2;B01
201300051865;0;7;0;0;1;3;15;A01
201300051866;0;32;0;0;0;0;1;A01
201300051867;0;2;0;0;1;1;16;A01
201300051868;0;33;0;14;0;2;1;A01
201300051869;0;10;0;0;0;8;15;A01
201300051869;0;30;0;0;2;2;1;B01
201300051870;0;7;0;0;1;1;15;A01
201300051871;0;34;0;0;1;1;1;A01
201300051872;0;32;0;0;1;1;1;A01
201300051873;0;32;0;0;2;1;1;B01
201300051873;0;7;0;0;2;5;1;A01
201300051874;0;7;0;0;1;0;1;A01
201300051875;0;33;0;0;2;6;1;B01
201300051875;0;7;0;0;2;3;15;A01
201300051876;0;33;0;0;0;1;1;A01
201300051877;0;10;0;0;2;2;1;A01
201300051877;0;7;0;0;2;3;1;B01
201300051878;0;7;0;0;0;0;1;A01
201300051878;0;1;0;0;0;7;1;B01
201300051879;0;34;0;0;1;0;1;A01
201300051880;0;32;0;0;0;0;21;A01
201300051881;0;7;0;0;2;3;22;A01
201300051881;0;30;0;0;2;3;1;B01
201300051882;0;33;0;0;1;1;1;A01
201300051883;0;10;0;0;2;8;15;A01
201300051883;0;33;0;9;2;7;17;B01
201300051884;0;34;0;0;2;8;2;A01
201300051884;0;7;0;0;2;7;23;B01
201300051885;1;32;0;0;1;1;1;Z01
201300051886;0;7;0;0;2;2;9;A01
201300051886;0;32;0;0;2;1;1;B01
201300051887;0;7;0;0;2;2;16;B01
201300051887;0;1;0;0;2;3;18;A01
201300051888;0;33;0;0;0;8;23;A01
201300051888;0;13;0;0;0;2;18;B01
201300051889;0;31;0;0;0;0;1;A01
201300051890;0;7;0;0;2;3;15;B01
201300051890;0;33;0;0;2;1;17;A01
201300051891;0;32;0;0;2;3;18;A01
201300051891;0;10;0;0;2;2;16;B01
201300051892;0;32;0;0;2;1;17;A01
201300051892;0;7;0;0;0;6;10;B01
201300051893;0;14;0;0;1;3;15;A01
201300051894;0;10;0;11;0;1;14;A01
201300051895;0;7;0;0;2;2;7;A01
201300051895;1;7;0;0;2;3;15;Z01
201300051896;0;32;0;0;0;8;1;A01
201300051897;0;10;0;0;1;2;1;A01
201300051898;0;34;0;14;0;2;14;A01
201300051899;0;1;0;0;2;3;7;A01
201300051899;0;30;0;0;2;2;1;B01
201300051900;0;32;0;0;2;2;1;A01
201300051900;1;7;0;0;2;6;13;Z01
201300051901;0;30;0;14;0;1;13;A01
201300051902;0;33;0;0;2;1;1;A01
201300051902;0;7;0;0;2;3;15;B01
201300051903;0;33;0;0;2;1;2;A01
201300051903;0;7;0;0;2;6;23;B01
201300051904;0;31;0;0;2;3;1;B01
201300051904;0;7;0;0;2;2;14;A01
201300051905;0;7;0;0;2;2;1;B01
201300051905;0;7;0;0;2;5;9;A01
201300051906;0;30;0;0;1;1;1;A01
201300051907;0;7;0;0;2;1;1;A01
201300051907;0;1;0;0;2;8;9;B01
201300051908;1;32;0;0;1;1;9;Z01
201300051909;0;13;0;0;2;2;1;B01
201300051909;0;7;0;0;2;3;1;A01
201300051910;0;7;0;0;1;0;4;A01
201300051911;0;7;0;0;1;1;1;A01
201300051912;0;2;0;0;0;0;1;A01
201300051913;0;31;0;0;1;2;1;A01
201300051914;0;33;0;0;0;2;1;A01
201300051915;0;1;0;0;2;1;11;A01
201300051915;0;37;60;0;2;7;7;B01
201300051916;0;7;0;0;2;7;16;A01
201300051916;0;34;0;0;2;8;7;B01
201300051917;0;7;0;11;0;1;13;A01
201300051918;0;7;0;11;0;3;13;A01
201300051919;0;10;0;0;1;1;1;A01
201300051920;0;30;0;0;2;9;1;B01
201300051920;0;10;0;0;2;8;22;A01
201300051921;0;1;0;0;2;8;13;B01
201300051921;0;7;0;0;2;7;1;A01
201300051922;0;1;0;12;0;7;1;A01
201300051923;0;7;0;0;2;3;1;B01
201300051923;0;7;0;0;2;2;10;A01
201300051924;0;7;0;0;1;1;1;A01
201300051925;0;7;0;0;2;9;23;B01
201300051925;0;7;0;0;2;1;2;A01
201300051926;0;7;0;11;0;1;14;A01
201300051927;0;32;0;0;1;1;1;A01
201300051928;0;31;0;0;0;0;21;A01
201300051929;0;33;0;0;2;1;7;A01
201300051929;0;7;0;0;2;2;16;B01
201300051930;0;7;0;0;1;1;1;A01
201300051931;0;7;0;14;0;1;1;A01
201300051932;0;7;0;14;0;1;1;A01
201300051933;0;37;0;0;1;2;7;A01
201300051934;0;34;0;0;1;1;16;A01
201300051935;0;7;0;0;2;3;16;B01
201300051935;0;32;0;0;2;1;1;A01
201300051936;0;7;0;0;1;4;20;A01
201300051937;0;30;0;0;2;1;1;A01
201300051937;0;7;0;0;2;4;23;B01
201300051938;0;7;0;0;0;8;10;A01
201300051938;0;34;0;0;2;7;1;B01
201300051939;0;2;0;0;0;7;1;A01
201300051940;0;14;0;0;9;5;17;A01
201300051940;0;1;0;0;2;0;1;B01
201300051941;0;34;0;0;0;8;1;A01
201300051942;0;33;0;0;1;1;1;A01
201300051943;1;7;0;0;2;1;1;Z01
201300051943;0;30;0;0;2;1;1;A01
201300051944;0;7;0;0;1;4;4;A01
201300051945;0;1;0;1;0;2;1;B01
201300051945;0;7;0;0;2;7;22;A01
201300051946;0;7;0;1;0;2;1;A01
201300051947;0;1;0;0;2;6;1;B01
201300051947;0;7;0;0;2;1;15;A01
201300051948;0;34;0;0;0;4;23;A01
201300051948;0;7;0;0;2;1;1;B01
201300051949;0;33;0;0;2;3;1;B01
201300051949;0;7;0;0;2;2;15;A01
201300051950;0;32;0;0;2;7;1;B01
201300051950;0;7;0;0;2;6;1;A01
201300051951;0;32;0;0;0;1;21;A01
201300051952;0;7;0;1;0;3;1;A01
201300051953;0;34;0;14;0;1;1;A01
201300051954;0;33;0;0;2;3;1;A01
201300051954;0;1;0;0;2;3;16;B01
201300051955;0;32;0;8;0;1;14;A01
201300051956;0;33;0;12;0;1;13;A01
201300051957;0;30;0;14;0;8;1;A01
201300051958;0;7;0;0;2;2;1;B01
201300051958;0;32;0;0;2;3;13;A01
201300051959;0;1;0;0;1;1;1;A01
201300051960;0;7;0;0;2;2;7;B01
201300051960;0;7;0;0;0;0;12;A01
201300051961;0;7;0;0;1;2;1;A01
201300051962;1;30;0;0;0;0;1;Z01
201300051963;0;1;0;0;0;0;7;A01
201300051964;1;7;0;0;2;2;15;Z01
201300051964;0;1;0;0;2;3;5;A01
201300051965;0;7;0;11;0;3;1;A01
201300051966;0;1;0;0;2;3;13;A01
201300051966;0;10;0;0;2;5;17;B01
201300051967;0;32;0;0;2;1;1;B01
201300051967;0;7;0;0;2;1;15;A01
201300051968;0;32;0;0;2;1;1;B01
201300051968;0;7;0;0;2;3;10;A01
201300051969;0;7;0;0;1;2;1;A01
201300051970;0;7;0;0;2;1;15;A01
201300051970;0;1;0;0;2;0;1;B01
201300051971;0;34;0;0;2;1;1;B01
201300051971;0;7;0;0;2;8;10;A01
201300051972;0;7;0;0;2;8;22;A01
201300051972;0;1;0;0;2;1;1;B01
201300051973;0;1;0;0;2;3;1;B01
201300051973;0;7;0;0;2;7;22;A01
201300051974;0;7;0;0;2;2;14;A01
201300051974;0;31;0;14;2;8;1;B01
201300051975;1;30;0;0;1;1;1;Z01
201300051976;0;33;0;0;1;1;17;A01
201300051977;0;10;0;0;1;3;1;A01
201300051978;0;33;0;14;0;1;23;A01
201300051978;0;7;0;0;0;4;1;B01
201300051979;0;30;0;14;0;2;1;A01
201300051980;0;7;0;0;1;0;1;A01
201300051981;0;31;0;0;0;0;7;A01
201300051982;0;10;0;0;2;1;2;A01
201300051982;0;7;0;0;2;4;23;B01
201300051983;0;7;0;0;2;4;23;B01
201300051983;0;7;0;0;2;4;23;D01
201300051983;0;7;0;0;2;1;1;A01
201300051983;0;34;0;0;2;4;23;C01
201300051984;0;7;0;0;0;1;1;B01
201300051984;0;1;0;0;2;8;15;A01
201300051985;0;30;0;0;0;0;1;A01
201300051986;0;10;0;11;0;8;16;A01
201300051986;0;33;0;0;2;1;15;B01
201300051987;0;2;0;0;2;3;1;B01
201300051987;0;2;0;0;0;0;15;A01
201300051988;0;33;0;1;0;6;16;A01
201300051989;0;1;0;0;2;0;1;B01
201300051989;0;10;0;0;2;2;22;A01
201300051990;0;1;0;0;1;8;5;A01
201300051991;0;31;0;0;1;1;1;A01
201300051992;0;7;0;1;2;6;23;B01
201300051992;0;7;0;14;2;3;13;A01
201300051993;0;30;0;0;2;2;15;B01
201300051993;0;7;0;0;2;6;10;A01
201300051994;0;1;0;0;2;6;1;B01
201300051994;0;1;0;0;2;2;17;A01
201300051995;0;32;0;0;0;0;21;A01
201300051996;1;7;0;0;2;1;2;Z01
201300051996;0;7;0;0;2;4;23;A01
201300051997;0;7;0;0;2;3;1;B01
201300051997;0;30;0;0;2;7;13;A01
201300051998;0;32;0;11;0;3;13;A01
201300051999;0;1;0;0;2;2;13;B01
201300051999;0;32;0;0;2;2;1;A01
201300052000;0;33;0;0;2;8;18;B01
201300052000;0;7;0;0;2;2;16;A01
201300052001;0;30;0;0;2;7;17;A01
201300052001;0;7;0;0;2;3;15;B01
201300052002;1;7;0;0;2;1;2;Z01
201300052002;0;7;0;0;2;6;23;A01
201300052003;0;7;0;0;2;0;9;A01
201300052003;0;33;0;12;2;8;1;B01
201300052004;0;33;0;14;0;1;13;A01
201300052005;0;30;0;0;2;2;17;B01
201300052005;0;7;0;0;2;3;10;A01
201300052006;0;7;0;9;0;2;1;A01
201300052007;0;32;0;0;2;8;7;A01
201300052007;0;1;0;0;2;7;12;B01
201300052008;0;1;0;0;1;0;1;A01
201300052009;0;7;0;1;0;2;1;A01