num_acc;senc;catv;occutc;obs;obsm;choc;manv;num_veh
201300052010;0;7;0;0;2;8;1;B01
201300052010;0;30;0;0;2;3;13;A01
201300052011;0;30;0;0;2;1;1;A01
201300052011;0;7;0;0;2;2;1;B01
201300052012;0;2;0;0;2;1;1;B01
201300052012;0;7;0;0;2;8;22;A01
201300052013;0;7;0;0;2;7;22;A01
201300052013;0;1;0;0;2;1;1;B01
201300052014;0;7;0;0;2;5;1;A01
201300052014;2;7;0;0;2;2;1;Z01
201300052015;0;31;0;0;0;0;1;A01
201300052016;0;1;0;0;1;0;1;A01
201300052017;0;10;0;0;2;0;1;C01
201300052017;0;1;0;0;2;9;17;B01
201300052017;0;10;0;0;2;8;22;A01
201300052018;0;30;0;0;0;7;17;A01
201300052019;0;1;0;0;2;1;1;B01
201300052019;0;7;0;0;2;6;1;A01
201300052020;0;7;0;0;2;7;22;A01
201300052020;0;1;0;0;2;8;1;B01
201300052021;0;31;0;0;1;8;17;A01
201300052022;1;30;0;0;1;0;1;Z01
201300052023;0;7;0;1;2;1;2;A01
201300052023;0;7;0;0;2;1;2;B01
201300052024;0;33;0;1;0;7;14;A01
201300052025;0;7;0;0;0;4;23;B01
201300052025;0;32;0;0;2;1;1;A01
201300052026;0;30;0;0;1;7;5;A01
201300052027;0;2;0;1;1;1;7;A01
201300052028;0;7;0;0;2;6;1;B01
201300052028;0;7;0;0;2;5;9;A01
201300052028;0;32;0;0;2;9;1;C01
201300052029;0;32;0;14;0;1;16;A01
201300052030;0;32;0;0;2;1;1;A01
201300052030;1;1;0;0;2;6;10;Z01
201300052031;0;32;0;0;1;8;1;A01
201300052032;0;13;0;0;2;8;23;B01
201300052032;0;34;0;0;2;8;17;A01
201300052032;1;7;0;0;2;3;1;Z01
201300052033;1;7;0;0;1;1;1;Z01
201300052034;0;1;0;0;1;0;1;A01
201300052035;0;7;0;0;1;2;7;A01
201300052036;0;7;0;0;2;8;15;A01
201300052036;0;14;0;0;2;2;13;B01
201300052037;1;7;0;0;1;0;1;Z01
201300052038;1;7;0;0;1;1;1;Z01
201300052039;0;31;0;0;2;4;2;B01
201300052039;0;10;0;0;2;1;2;A01
201300052040;1;32;0;0;1;1;16;Z01
201300052041;1;7;0;0;1;1;1;Z01
201300052042;0;32;0;0;2;1;18;A01
201300052042;0;7;0;0;2;2;16;B01
201300052043;0;30;0;0;2;1;1;B01
201300052043;0;7;0;0;2;3;15;A01
201300052044;0;2;0;0;0;1;1;A01
201300052045;0;7;0;0;1;2;1;A01
201300052046;0;30;0;12;2;3;1;A01
201300052046;1;7;0;0;2;0;13;Z01
201300052047;0;1;0;0;1;6;1;A01
201300052048;0;30;0;0;2;1;1;B01
201300052048;0;13;0;0;2;8;10;A01
201300052049;0;10;0;0;2;1;1;A01
201300052049;0;33;0;0;2;4;23;B01
201300052050;0;7;0;0;4;6;1;A01
201300052050;1;7;0;0;2;1;15;Z01
201300052051;0;30;0;0;0;7;1;A01
201300052051;1;30;0;0;0;0;5;Z01
201300052052;0;31;0;0;0;0;1;A01
201300052053;0;10;0;0;1;1;16;A01
201300052054;0;7;0;0;1;2;15;A01
201300052055;0;1;0;0;0;0;21;A01
201300052056;0;1;0;0;2;1;13;B01
201300052056;0;37;0;0;0;8;1;A01
201300052057;0;31;0;0;0;0;1;A01
201300052058;0;7;0;0;2;3;22;A01
201300052058;0;32;0;0;2;2;1;B01
201300052059;0;30;0;0;1;1;1;A01
201300052060;0;7;0;0;0;0;16;A01
201300052060;0;1;0;0;0;0;18;B01
201300052061;0;7;0;0;0;0;12;A01
201300052061;0;33;0;0;2;4;1;B01
201300052061;0;33;0;0;2;1;1;C01
201300052062;0;38;1;0;2;2;16;B01
201300052062;0;33;0;0;2;8;18;A01
201300052063;0;7;0;0;1;1;1;A01
201300052064;1;7;0;0;2;0;17;Z01
201300052064;0;1;0;0;2;8;1;A01
201300052065;0;14;0;0;1;2;1;A01
201300052066;0;31;0;0;1;1;1;A01
201300052067;0;10;0;0;2;3;22;A01
201300052067;0;1;0;0;2;1;1;B01
201300052068;0;10;0;0;2;2;1;A01
201300052068;0;30;0;0;2;8;23;B01
201300052069;0;30;0;0;2;1;1;A01
201300052069;0;1;0;0;2;7;1;B01
201300052070;0;1;0;0;2;0;1;B01
201300052070;0;10;0;0;2;7;14;A01
201300052071;0;7;0;0;1;6;4;A01
201300052072;1;7;0;0;2;4;4;Z01
201300052072;0;10;0;0;2;8;22;A01
201300052072;0;31;0;0;2;2;17;B01
201300052073;0;33;0;0;1;3;1;A01
201300052074;0;7;0;0;2;4;1;B01
201300052074;0;30;0;0;1;1;7;A01
201300052075;0;30;0;14;0;1;14;A01
201300052076;0;7;0;0;2;5;15;B01
201300052076;0;7;0;0;2;1;1;C01
201300052076;0;31;0;0;2;0;2;A01
201300052077;0;33;0;0;0;8;1;A01
201300052078;0;7;0;0;2;7;1;B01
201300052078;0;2;0;0;2;1;1;A01
201300052079;0;7;0;0;2;1;1;A01
201300052079;0;2;0;0;2;4;23;B01
201300052080;0;2;0;0;1;1;1;A01
201300052081;0;10;0;0;2;1;16;A01
201300052081;0;34;0;0;2;5;16;B01
201300052082;0;30;0;0;1;2;1;A01
201300052082;0;30;0;0;2;3;1;B01
201300052083;0;7;0;8;0;1;13;A01
201300052084;0;7;0;0;2;7;16;A01
201300052084;0;7;0;0;2;3;7;B01
201300052085;0;2;0;0;2;2;1;B01
201300052085;0;2;0;0;2;3;13;A01
201300052086;0;31;0;0;2;1;1;A01
201300052086;0;2;0;0;2;3;23;B01
201300052087;0;7;0;0;9;1;7;B01
201300052087;0;1;0;0;2;1;1;A01
201300052088;0;33;0;0;2;3;1;B01
201300052088;0;7;0;0;2;1;1;A01
201300052089;0;7;0;12;0;3;13;A01
201300052090;0;1;0;0;2;3;1;B01
201300052090;0;33;0;0;2;2;16;A01
201300052091;0;10;0;0;1;1;15;A01
201300052092;1;30;0;0;1;0;0;Z01
201300052093;0;31;0;14;0;3;13;A01
201300052094;0;7;0;0;2;3;10;A01
201300052094;0;30;0;0;2;5;1;B01
201300052095;1;30;0;0;1;4;1;Z01
201300052096;0;7;0;0;2;2;15;A01
201300052096;0;30;0;0;2;1;1;B01
201300052097;0;10;0;0;2;2;16;A01
201300052097;0;1;0;0;2;1;7;B01
201300052098;0;33;0;0;2;1;1;B01
201300052098;0;1;0;0;2;3;15;A01
201300052099;0;7;0;0;1;4;4;A01
201300052100;0;7;0;0;1;2;1;A01
201300052101;0;32;0;0;0;7;1;A01
201300052102;0;7;0;0;2;2;2;A01
201300052102;0;7;0;0;2;4;2;B01
201300052103;0;30;0;0;0;7;1;A01
201300052104;0;33;0;0;2;1;2;A01
201300052104;0;10;0;0;2;5;23;B01
201300052105;0;2;0;0;2;1;1;A01
201300052105;0;7;0;0;2;4;16;B01
201300052106;0;7;0;0;2;8;1;B01
201300052106;0;1;0;0;2;1;1;A01
201300052107;0;2;0;14;0;1;1;A01
201300052108;0;37;0;0;1;2;1;A01
201300052109;0;32;0;14;0;8;14;A01
201300052110;0;1;0;0;1;7;1;A01
201300052111;0;1;0;0;1;1;1;A01
201300052112;0;32;0;0;2;1;1;B01
201300052112;0;1;0;0;2;8;11;A01
201300052113;0;1;0;0;0;0;1;A01
201300052114;0;33;0;0;1;1;1;A01
201300052115;0;31;0;0;1;1;1;A01
201300052116;0;7;0;0;1;1;15;A01
201300052117;0;7;0;0;1;1;1;A01
201300052118;0;7;0;0;1;1;1;A01
201300052119;0;7;0;0;1;2;1;A01
201300052120;0;7;0;0;0;6;23;B01
201300052120;0;2;0;14;0;2;7;A01
201300052121;0;7;0;0;2;1;15;A01
201300052121;0;7;0;0;2;7;1;B01
201300052122;0;37;1;0;1;5;1;A01
201300052123;0;32;0;0;2;1;1;B01
201300052123;0;7;0;0;2;6;10;A01
201300052124;0;7;0;9;0;3;12;A01
201300052125;0;7;0;0;2;3;15;A01
201300052125;0;33;0;0;2;8;1;B01
201300052126;0;7;0;0;1;1;0;A01
201300052127;0;32;0;14;0;8;1;A01
201300052127;1;7;0;0;9;0;1;Z01
201300052128;1;7;0;0;2;3;1;A01
201300052128;0;2;0;0;2;8;1;B01
201300052129;0;1;0;0;2;1;1;B01
201300052129;0;7;0;0;2;7;22;A01
201300052130;0;30;0;0;0;0;7;A01
201300052131;0;7;0;0;1;8;15;A01
201300052132;0;1;0;0;2;8;18;B01
201300052132;0;7;0;0;2;2;1;A01
201300052133;1;1;0;0;1;0;1;Z01
201300052134;0;30;0;0;2;1;2;A01
201300052134;0;10;0;0;2;4;23;B01
201300052135;0;1;0;0;0;0;21;A01
201300052136;0;31;0;0;0;7;1;A01
201300052137;0;7;0;0;2;7;16;A01
201300052137;0;1;0;0;2;1;7;B01
201300052138;0;32;0;0;1;1;1;A01
201300052139;0;7;0;0;2;3;22;A01
201300052139;0;1;0;0;2;1;1;B01
201300052140;0;32;0;0;2;1;17;A01
201300052140;0;7;0;0;0;6;15;B01
201300052141;0;7;0;0;2;2;7;A01
201300052141;0;1;0;0;2;8;7;B01
201300052142;0;2;0;0;2;1;17;A01
201300052142;0;13;0;0;2;3;22;B01
201300052143;1;33;0;0;1;0;1;Z01
201300052144;1;32;0;0;1;1;1;Z01
201300052145;0;1;0;0;1;1;1;A01
201300052146;0;34;0;11;0;1;1;A01
201300052147;0;7;0;11;0;9;1;A01
201300052148;0;7;0;0;2;5;2;B01
201300052148;0;32;0;0;2;6;23;A01
201300052149;0;7;0;0;2;8;1;B01
201300052149;0;30;0;0;2;1;1;A01
201300052150;0;30;0;0;2;2;15;A01
201300052150;0;7;0;0;2;1;1;B01
201300052151;0;30;0;0;2;3;1;A01
201300052151;1;10;0;0;0;0;12;Z01
201300052152;0;33;0;0;2;3;1;B01
201300052152;0;1;0;0;2;0;15;A01
201300052153;0;7;0;0;2;3;7;A01
201300052153;0;7;0;0;2;2;15;B01
201300052154;0;33;0;0;2;3;1;A01
201300052154;1;7;0;0;2;0;9;Z01
201300052155;0;2;0;0;0;2;20;A01
201300052156;0;7;0;14;0;1;13;A01
201300052157;1;7;0;1;1;0;1;Z01
201300052158;0;7;0;0;1;1;7;A01
201300052159;0;7;0;0;1;3;1;A01
201300052160;0;7;0;0;0;4;1;C01
201300052160;0;7;0;0;2;1;1;A01
201300052160;0;7;0;0;2;9;1;B01
201300052161;0;13;0;0;1;7;1;A01
201300052162;0;1;0;0;2;7;19;B01
201300052162;0;7;0;0;2;2;1;A01
201300052163;0;7;0;9;0;8;7;A01
201300052164;0;32;0;1;2;1;13;A01
201300052164;0;1;0;1;2;1;5;B01
201300052165;0;10;0;0;2;5;15;A01
201300052165;0;33;0;0;2;1;1;B01
201300052166;0;30;0;14;0;1;1;A01
201300052167;0;7;0;0;2;3;15;B01
201300052167;0;32;0;0;2;1;17;A01
201300052168;0;33;0;15;9;1;11;A01
201300052169;0;10;0;14;0;3;1;A01
201300052170;0;7;0;8;0;3;7;A01
201300052171;0;7;0;14;0;1;11;A01
201300052172;0;7;0;0;2;1;1;B01
201300052172;0;31;0;0;2;7;15;A01
201300052173;0;10;0;0;2;3;13;A01
201300052173;0;30;0;0;2;7;1;B01
201300052174;0;32;0;0;1;1;1;A01
201300052175;0;32;0;14;0;0;11;A01
201300052176;0;1;0;0;0;1;16;B01
201300052176;0;32;0;0;0;5;1;A01
201300052177;0;31;0;0;0;0;1;A01
201300052178;0;7;0;0;2;3;10;A01
201300052178;0;34;0;0;2;1;1;B01
201300052179;0;7;0;11;0;1;7;A01
201300052180;0;7;0;8;0;1;1;A01
201300052181;0;7;0;14;0;2;14;A01
201300052182;0;32;0;0;0;0;1;A01
201300052183;0;7;0;14;0;2;12;A01
201300052184;0;34;0;0;2;7;17;A01
201300052184;0;7;0;0;2;8;15;B01
201300052185;0;31;0;0;2;7;17;A01
201300052185;0;7;0;0;2;8;13;B01
201300052186;0;33;0;0;2;1;17;B01
201300052186;0;7;0;0;2;6;15;A01
201300052187;0;7;0;11;0;2;21;A01
201300052188;0;31;0;11;0;2;1;A01
201300052189;0;7;0;8;0;1;1;A01
201300052190;0;2;0;0;0;7;1;A01
201300052191;0;33;0;0;1;1;5;A01
201300052192;0;2;0;0;2;1;1;B01
201300052192;0;7;0;0;2;3;15;A01
201300052193;0;7;0;0;1;7;1;A01
201300052194;0;1;0;1;0;8;1;B01
201300052194;0;7;0;0;2;5;22;A01
201300052195;0;1;0;0;2;4;11;B01
201300052195;0;7;0;0;2;1;1;A01
201300052196;0;10;0;0;1;8;1;A01
201300052197;0;7;0;0;1;3;1;A01
201300052198;0;32;0;12;0;1;18;A01
201300052199;0;33;0;0;0;2;1;A01
201300052200;0;7;0;0;1;2;1;A01
201300052201;0;30;0;0;1;2;7;A01
201300052202;0;33;0;1;0;1;1;A01
201300052203;0;10;0;0;1;3;1;A01
201300052204;0;7;0;0;1;8;1;A01
201300052205;1;7;0;0;1;4;4;Z01
201300052206;0;7;0;0;1;1;15;A01
201300052207;0;7;0;11;0;1;11;A01
201300052208;0;31;0;0;2;4;2;A01
201300052208;0;31;0;0;2;1;2;B01
201300052209;1;7;0;0;2;1;2;B01
201300052209;0;7;0;0;2;6;23;A01
201300052210;0;30;0;0;1;1;1;A01
201300052211;0;7;0;0;1;2;1;A01
201300052212;0;31;0;0;2;1;1;B01
201300052212;0;7;0;0;2;8;10;A01
201300052213;0;32;0;14;0;1;14;A01
201300052214;0;7;0;0;2;0;9;A01
201300052214;0;33;0;0;2;7;1;B01
201300052215;0;1;0;0;1;2;1;A01
201300052216;0;30;0;0;2;2;17;A01
201300052216;0;7;0;0;2;3;15;B01
201300052217;1;2;0;0;1;0;1;Z01
201300052218;0;1;0;0;2;8;15;A01
201300052218;0;7;0;0;2;2;17;B01
201300052219;1;34;0;0;1;1;10;Z01
201300052220;1;7;0;0;1;0;4;Z01
201300052221;0;32;0;0;2;7;1;A01
201300052221;0;7;0;0;2;1;1;B01
201300052222;0;33;0;0;0;7;16;A01
201300052223;0;7;0;0;2;6;15;B01
201300052223;0;30;0;0;2;0;2;A01
201300052224;1;7;0;0;1;3;1;Z01
201300052225;0;7;0;0;1;1;1;A01
201300052226;0;7;0;0;2;6;15;B01
201300052226;0;2;0;0;2;7;17;A01
201300052227;0;32;0;12;0;0;13;A01
201300052228;0;7;0;0;1;2;1;A01
201300052229;0;30;0;0;1;1;1;A01
201300052230;0;31;0;0;2;1;1;B01
201300052230;0;7;0;0;2;2;15;A01
201300052231;0;30;0;0;1;1;1;A01
201300052232;1;7;0;0;2;0;2;Z01
201300052232;0;1;0;1;2;4;2;A01
201300052233;0;30;0;0;2;2;1;B01
201300052233;0;7;0;0;2;3;15;A01
201300052234;0;7;0;0;2;3;15;B01
201300052234;0;2;0;0;2;7;17;A01
201300052235;0;7;0;0;2;3;10;A01
201300052235;0;2;0;0;2;1;1;B01
201300052236;0;7;0;0;2;3;15;B01
201300052236;0;7;0;0;2;2;1;A01
201300052237;1;2;0;0;1;0;3;Z01
201300052238;0;31;0;0;1;1;1;A01
201300052239;0;7;0;14;2;1;2;A01
201300052239;0;32;0;0;2;4;23;B01
201300052240;0;33;0;0;2;2;10;B01
201300052240;0;32;0;0;2;6;1;A01
201300052241;0;7;0;0;2;1;1;A01
201300052241;0;7;0;1;2;3;1;B01
201300052242;0;32;0;0;1;1;1;A01
201300052243;1;7;0;0;2;0;15;Z01
201300052243;0;34;0;0;2;0;1;A01
201300052244;0;7;0;0;1;3;15;A01
201300052245;0;34;0;0;2;3;18;A01
201300052245;0;7;0;0;2;5;16;B01
201300052246;0;30;0;0;2;7;1;B01
201300052246;0;7;0;0;2;8;18;A01
201300052247;0;30;0;0;2;1;15;A01
201300052247;0;7;0;0;2;3;1;B01
201300052248;0;7;0;0;1;3;15;A01
201300052249;0;7;0;0;2;6;11;B01
201300052249;0;32;0;0;2;3;1;A01
201300052250;0;7;0;0;1;0;1;A01
201300052251;0;7;0;0;2;3;15;B01
201300052251;0;30;0;0;2;7;17;A01
201300052252;0;7;0;0;1;3;1;A01
201300052253;0;14;0;0;2;5;16;A01
201300052253;0;1;0;0;2;1;1;B01
201300052254;0;7;0;0;2;8;1;B01
201300052254;0;33;0;0;2;1;15;A01
201300052255;0;7;0;0;2;7;10;A01
201300052255;0;33;0;0;2;1;1;B01
201300052256;0;30;0;14;2;0;21;A01
201300052257;0;7;0;0;1;6;4;A01
201300052258;0;2;0;0;2;3;1;A01
201300052258;1;10;0;0;0;5;14;Z01
201300052259;1;7;0;1;9;1;1;Z01
201300052259;0;1;0;0;2;1;5;A01
201300052260;0;7;0;0;2;3;16;B01
201300052260;0;33;0;0;0;8;17;A01
201300052261;0;32;0;12;0;7;1;A01
201300052262;0;32;0;0;0;4;1;B01
201300052262;0;10;0;0;2;3;1;A01
201300052263;0;7;0;0;2;2;23;A01
201300052263;0;7;0;0;2;4;1;B01
201300052264;0;34;0;0;0;0;1;A01
201300052265;0;7;0;0;2;1;1;B01
201300052265;0;7;0;0;2;7;1;A01
201300052266;0;30;0;0;2;6;18;B01
201300052266;0;7;0;0;2;2;16;A01
201300052267;0;10;0;0;2;3;22;B01
201300052267;0;2;0;0;2;2;1;A01
201300052268;0;1;0;0;1;1;1;A01
201300052269;0;7;0;0;0;3;9;A01
201300052269;0;34;0;0;0;3;17;B01
201300052270;0;7;0;0;2;3;16;A01
201300052270;0;31;0;0;2;8;1;B01
201300052271;0;31;0;0;1;1;1;A01
201300052272;0;3;0;0;2;3;16;B01
201300052272;0;33;0;0;2;1;1;A01
201300052273;0;1;0;0;2;1;1;B01
201300052273;0;30;0;0;2;1;17;A01
201300052274;0;2;0;0;0;0;21;A01
201300052275;0;33;0;0;2;1;18;B01
201300052275;0;7;0;2;2;2;15;A01
201300052276;0;7;0;0;1;5;1;A01
201300052277;0;1;0;0;2;1;1;A01
201300052277;0;7;0;0;2;3;1;B01
201300052278;0;7;0;0;2;7;16;A01
201300052278;0;1;0;0;2;1;1;B01
201300052279;0;34;0;0;2;1;2;C01
201300052279;0;7;0;0;2;0;23;B01
201300052279;0;34;0;0;2;1;2;A01
201300052280;0;30;0;0;0;8;21;A01
201300052281;0;2;0;1;0;9;14;A01
201300052282;0;7;0;0;2;1;1;A01
201300052282;0;7;0;0;2;3;1;B01
201300052283;0;30;0;0;2;6;18;B01
201300052283;0;7;0;0;2;7;22;A01
201300052284;0;1;0;0;2;8;14;B01
201300052284;0;7;0;0;2;2;1;A01
201300052285;0;7;0;15;2;1;1;B01
201300052285;0;7;0;0;2;2;1;A01
201300052286;1;10;0;0;1;2;15;Z01
201300052287;0;32;0;0;1;3;1;A01
201300052288;1;7;0;0;2;0;1;Z01
201300052288;0;32;0;0;2;1;1;A01
201300052289;0;7;0;0;2;1;2;A01
201300052289;0;33;0;0;2;4;23;B01
201300052290;1;30;0;0;1;0;1;Z01
201300052291;0;33;0;0;0;7;1;A01
201300052292;0;7;0;0;2;7;1;B01
201300052292;0;34;0;0;2;1;1;A01
201300052293;0;2;0;0;2;1;17;A01
201300052293;0;7;0;0;0;3;1;B01
201300052294;0;7;0;0;0;8;22;A01
201300052294;0;1;0;1;0;8;17;B01
201300052295;0;30;0;0;2;1;1;B01
201300052295;0;7;0;0;2;1;10;A01
201300052296;0;7;0;0;2;6;4;A01
201300052296;0;33;0;0;2;2;2;B01
201300052297;0;37;1;0;0;8;1;C01
201300052297;0;7;0;1;0;2;22;A01
201300052297;0;33;0;1;0;1;3;B01
201300052298;0;7;0;0;9;8;22;A01
201300052298;0;1;0;1;0;0;1;B01
201300052299;0;7;0;0;1;8;10;A01
201300052300;0;7;0;0;2;3;22;A01
201300052300;0;1;0;0;2;3;1;B01
201300052301;0;2;0;6;2;7;1;B01
201300052301;0;7;0;0;2;2;1;A01
201300052302;0;32;0;0;1;3;1;A01
201300052303;0;34;0;0;2;2;1;A01
201300052303;0;7;0;0;2;8;10;B01
201300052304;0;34;0;0;1;1;1;A01
201300052305;0;32;0;0;1;2;17;A01
201300052306;0;7;0;0;2;3;15;A01
201300052306;0;32;0;0;2;6;1;B01
201300052307;0;1;0;1;0;6;13;A01
201300052308;0;7;0;6;1;2;16;A01
201300052309;0;32;0;0;2;1;1;A01
201300052309;1;7;0;0;2;0;15;Z01
201300052310;1;30;0;0;1;1;1;Z01
201300052311;0;33;0;0;2;1;2;A01
201300052311;0;37;0;0;2;6;2;B01
201300052312;2;7;0;14;1;1;1;Z01
201300052313;1;7;0;0;2;3;17;Z01
201300052313;0;1;0;0;2;3;1;A01
201300052314;0;1;0;0;1;1;5;A01
201300052315;0;32;0;6;0;7;1;A01
201300052316;0;2;0;1;2;6;1;A01
201300052316;1;7;0;0;2;5;17;Z01
201300052317;0;30;0;0;2;7;1;A01
201300052317;1;7;0;0;2;0;1;Z01
201300052318;0;33;0;0;2;3;18;A01
201300052318;0;10;0;0;2;2;16;B01
201300052319;0;10;0;0;2;4;4;A01
201300052319;0;31;0;0;2;1;2;B01
201300052320;0;7;0;0;2;5;16;B01
201300052320;0;30;0;0;2;1;7;A01
201300052321;0;1;0;0;2;7;12;B01
201300052321;0;7;0;0;2;3;1;A01
201300052322;0;7;0;11;2;9;13;A01
201300052322;0;7;0;0;2;1;1;B01
201300052323;0;30;0;0;2;1;1;B01
201300052323;0;10;0;0;2;6;10;A01
201300052324;0;33;0;0;2;1;18;A01
201300052324;0;7;0;0;2;2;16;B01
201300052325;0;30;0;0;2;1;1;B01
201300052325;0;7;0;0;2;8;10;A01
201300052326;0;7;0;0;2;1;1;B01
201300052326;0;7;0;1;2;2;1;A01
201300052327;0;2;0;0;2;1;1;B01
201300052327;0;7;0;0;2;8;10;A01
201300052328;0;30;0;0;1;1;16;A01
201300052329;0;1;0;0;2;7;1;A01
201300052329;0;10;0;0;2;1;1;B01
201300052330;0;30;0;0;1;1;7;A01
201300052331;0;7;0;0;1;2;1;A01
201300052332;0;13;0;0;2;3;22;A01
201300052332;0;32;0;0;2;1;17;B01
201300052332;0;7;0;0;2;6;1;C01
201300052333;0;33;0;0;2;7;1;A01
201300052333;0;7;0;0;2;8;16;B01
201300052334;0;34;0;0;2;3;7;B01
201300052334;0;7;0;0;2;2;16;A01
201300052335;0;2;0;0;2;8;1;B01
201300052335;0;7;0;0;2;3;1;A01
201300052336;0;10;0;0;2;6;23;B01
201300052336;0;31;0;0;2;4;23;A01
201300052336;1;7;0;0;2;1;15;Z01
201300052337;1;7;0;0;2;0;16;Z01
201300052337;0;32;0;0;2;1;1;A01
201300052338;0;2;0;0;2;0;7;B01
201300052338;0;7;0;0;2;4;10;A01
201300052339;0;7;0;0;2;4;23;B01
201300052339;0;10;0;0;2;1;1;A01
201300052340;0;1;0;0;1;1;1;A01
201300052341;0;32;0;0;2;4;23;B01
201300052341;0;32;0;0;2;8;2;A01
201300052342;0;7;0;0;1;6;1;A01
201300052343;0;1;0;0;1;2;1;A01
201300052344;0;30;0;0;0;0;21;A01
201300052345;0;1;0;0;2;1;18;A01
201300052345;0;13;0;0;2;2;16;B01
201300052346;0;2;0;0;1;2;1;A01
201300052347;0;1;0;1;0;2;1;A01
201300052348;0;10;0;0;2;3;22;A01
201300052348;0;1;0;0;2;1;1;B01
201300052349;0;7;0;1;0;3;13;A01
201300052350;0;7;0;0;1;1;1;A01
201300052351;0;1;0;0;2;7;1;B01
201300052351;0;10;0;0;2;1;1;A01
201300052352;0;1;0;0;0;0;21;A01
201300052353;0;7;0;0;2;3;1;B01
201300052353;0;7;0;1;2;2;1;A01
201300052354;0;1;0;0;2;4;1;B01
201300052354;0;7;0;0;2;3;10;A01
201300052355;0;7;0;0;2;3;9;B01
201300052355;0;32;0;0;2;1;1;A01
201300052356;0;32;0;0;2;4;23;B01
201300052356;0;30;0;0;2;1;2;A01
201300052357;0;14;0;0;1;7;16;A01
201300052358;0;7;0;0;2;7;1;A01
201300052358;0;34;0;0;2;1;1;B01
201300052359;0;7;0;0;2;2;16;A01
201300052359;0;32;0;0;2;3;18;B01
201300052360;1;7;0;0;1;1;1;Z01
201300052361;0;2;0;0;1;1;1;A01
201300052362;0;31;0;11;0;0;21;A01
201300052363;0;10;0;8;2;1;1;A01
201300052363;0;7;0;0;2;9;1;B01
201300052364;0;30;0;0;1;5;1;A01
201300052365;0;30;0;0;2;7;2;A01
201300052365;0;7;0;0;2;8;23;B01
201300052366;0;10;0;0;2;5;16;A01
201300052366;0;31;0;0;2;1;1;B01
201300052367;0;7;0;0;2;2;1;B01
201300052367;0;1;0;0;2;1;5;A01
201300052368;2;30;0;0;1;1;1;Z01
201300052369;0;7;0;0;0;3;9;A01
201300052369;0;33;0;0;2;1;1;B01
201300052370;0;7;0;0;0;1;15;A01
201300052370;0;2;0;0;2;1;1;B01
201300052371;0;14;0;0;0;1;1;A01
201300052371;0;7;0;0;0;4;23;B01
201300052372;0;34;0;0;1;1;1;A01
201300052373;0;10;0;0;0;4;4;A01
201300052373;0;1;0;0;2;1;23;B01
201300052374;0;7;0;0;1;1;15;A01
201300052375;0;2;0;0;2;8;1;B01
201300052375;0;2;0;0;2;7;17;A01
201300052376;0;7;0;0;2;1;1;B01
201300052376;0;7;0;1;2;7;1;A01
201300052377;0;7;0;1;2;3;24;B01
201300052377;0;10;0;0;2;7;23;C01
201300052377;0;13;0;0;0;0;23;D01
201300052377;0;33;0;1;2;1;1;A01
201300052378;0;7;0;0;2;2;17;A01
201300052378;0;1;0;0;2;8;15;B01
201300052379;1;33;0;0;1;0;1;Z01
201300052380;0;1;0;1;0;8;1;B01
201300052380;0;7;0;0;2;8;22;A01
201300052381;1;7;0;0;0;1;17;Z01
201300052381;0;1;0;0;0;4;1;B01
201300052382;0;2;0;0;1;2;17;A01
201300052383;0;7;0;0;0;7;16;A01
201300052383;0;34;0;0;0;3;18;B01
201300052384;0;37;1;0;0;5;1;A01
201300052384;0;1;0;12;2;1;13;B01
201300052385;0;33;0;8;0;1;0;A01
201300052386;0;32;0;0;1;1;1;A01
201300052387;0;32;0;8;9;7;17;A01
201300052387;0;1;0;0;2;3;15;B01
201300052388;0;30;0;0;0;0;1;A01
201300052389;0;32;0;0;0;0;1;B01
201300052389;0;7;0;0;9;6;10;A01
201300052390;0;34;0;0;9;6;1;B01
201300052390;0;1;0;0;2;7;19;A01
201300052391;1;7;0;0;1;4;4;A01
201300052392;0;7;0;0;1;3;1;A01
201300052393;0;7;0;0;1;4;4;A01
201300052394;1;2;0;0;1;0;5;Z01
201300052395;0;1;0;0;2;8;1;B01
201300052395;0;1;0;0;2;1;16;A01
201300052396;0;10;0;0;1;1;15;A01
201300052397;1;34;0;0;1;1;1;Z01
201300052398;0;7;0;0;2;8;10;A01
201300052398;0;33;0;0;2;1;1;B01
201300052399;0;33;0;1;2;3;1;B01
201300052399;0;10;0;0;2;5;4;A01
201300052400;0;7;0;0;1;2;1;A01
201300052401;0;33;0;0;1;2;1;A01
201300052402;0;7;0;0;2;8;1;B01
201300052402;0;32;0;0;2;2;17;A01
201300052403;1;33;0;0;1;1;1;Z01
201300052404;0;32;0;0;2;1;1;B01
201300052404;0;7;0;0;2;2;1;A01
201300052405;0;7;0;0;2;8;22;A01
201300052405;0;32;0;1;2;1;17;B01
201300052406;0;30;0;0;2;1;1;B01
201300052406;0;1;0;0;2;1;5;A01
201300052407;0;7;0;0;2;3;2;B01
201300052407;0;7;0;0;2;2;2;A01
201300052408;0;34;0;0;2;3;1;A01
201300052408;0;1;0;0;2;7;12;B01
201300052409;0;30;0;0;2;1;1;B01
201300052409;0;10;0;0;2;3;10;A01
201300052410;0;10;0;11;0;1;13;A01
201300052411;0;32;0;0;2;1;1;A01
201300052411;0;7;0;0;2;3;1;B01