num_acc;senc;catv;occutc;obs;obsm;choc;manv;num_veh
201300052412;0;32;0;0;2;1;5;A01
201300052412;0;7;0;0;2;6;15;B01
201300052413;0;7;0;0;2;0;13;A01
201300052413;0;7;0;0;2;3;1;C01
201300052413;0;32;0;0;2;1;17;B01
201300052414;0;37;1;0;0;0;1;A01
201300052415;0;1;0;0;2;7;1;A01
201300052415;1;7;0;0;2;8;22;Z01
201300052416;0;30;0;0;2;1;17;A01
201300052416;0;7;0;0;2;4;24;B01
201300052417;0;2;0;0;2;0;1;B01
201300052417;0;7;0;0;2;0;10;A01
201300052418;0;1;0;0;2;1;19;B01
201300052418;0;7;0;0;2;1;1;A01
201300052419;1;7;0;0;1;2;1;Z01
201300052420;0;10;0;7;2;3;1;A01
201300052420;1;32;0;0;2;0;14;Z01
201300052421;0;7;0;0;1;2;1;A01
201300052422;0;10;0;0;1;4;4;A01
201300052423;0;30;0;12;0;0;1;A01
201300052424;0;30;0;0;2;1;1;B01
201300052424;0;7;0;0;2;7;1;A01
201300052425;0;2;0;0;0;8;1;A01
201300052426;0;32;0;0;2;1;1;B01
201300052426;0;7;0;0;2;5;15;A01
201300052427;0;30;0;0;2;2;5;A01
201300052427;0;7;0;0;2;3;1;B01
201300052428;0;30;0;0;2;1;1;A01
201300052428;1;3;0;0;2;2;16;Z01
201300052429;0;7;0;0;1;2;1;A01
201300052430;0;2;0;0;2;3;18;B01
201300052430;0;7;0;0;2;7;16;A01
201300052431;0;10;0;0;9;2;16;A01
201300052431;0;1;0;0;2;2;18;B01
201300052432;0;7;0;0;1;0;20;A01
201300052433;0;1;0;0;2;8;15;B01
201300052433;0;7;0;0;2;2;17;A01
201300052434;0;7;0;0;2;2;1;B01
201300052434;0;30;0;0;2;8;1;A01
201300052435;0;2;0;0;1;2;1;A01
201300052436;0;2;0;0;2;0;21;A01
201300052437;1;32;0;0;1;0;1;Z01
201300052438;0;30;0;0;2;2;17;B01
201300052438;0;7;0;0;2;8;15;A01
201300052439;0;7;0;0;2;4;2;B01
201300052439;0;33;0;0;2;1;2;A01
201300052440;0;32;0;0;1;0;1;A01
201300052441;0;7;0;0;2;3;22;A01
201300052441;0;30;0;1;0;1;1;B01
201300052442;1;7;0;0;2;1;2;Z01
201300052442;0;7;0;0;2;4;2;A01
201300052443;0;7;0;0;2;1;15;A01
201300052443;0;30;0;0;2;1;1;B01
201300052444;0;32;0;0;2;1;1;B01
201300052444;0;13;0;0;2;6;10;A01
201300052445;0;7;0;0;2;4;2;A01
201300052445;0;7;0;0;1;1;2;B01
201300052446;0;1;0;1;0;1;1;A01
201300052447;0;2;0;0;1;2;20;A01
201300052448;0;32;0;0;2;3;1;B01
201300052448;0;30;0;0;2;2;1;A01
201300052449;1;30;0;0;2;0;1;Z01
201300052449;0;32;0;0;2;0;1;A01
201300052450;0;2;0;0;1;3;1;A01
201300052450;0;7;0;0;2;1;1;B01
201300052451;0;7;0;0;2;2;16;A01
201300052451;0;30;0;0;2;1;18;B01
201300052452;0;7;0;0;2;8;15;B01
201300052452;0;30;0;0;2;7;17;A01
201300052453;0;30;0;0;0;2;1;A01
201300052454;0;30;0;0;0;0;1;A01
201300052455;0;10;0;0;2;6;20;A01
201300052455;0;7;0;0;2;2;1;B01
201300052456;0;7;0;0;2;1;2;B01
201300052456;0;7;0;0;2;4;4;A01
201300052457;0;7;0;0;1;3;1;A01
201300052458;0;7;0;0;2;1;1;A01
201300052458;0;32;0;0;2;8;1;B01
201300052459;0;1;0;0;0;0;1;A01
201300052460;0;33;0;0;1;2;1;A01
201300052461;0;33;0;0;2;2;17;B01
201300052461;0;7;0;0;2;3;15;A01
201300052462;0;2;0;1;2;2;1;B01
201300052462;0;10;0;0;2;3;11;A01
201300052463;0;1;0;0;2;7;1;B01
201300052463;0;10;0;0;2;8;22;A01
201300052464;1;33;0;0;1;0;1;Z01
201300052465;0;7;0;0;2;6;1;B01
201300052465;0;10;0;0;2;2;1;A01
201300052466;0;30;0;0;2;1;1;B01
201300052466;0;7;0;0;2;2;16;A01
201300052467;0;10;0;0;2;6;23;B01
201300052467;0;32;0;0;2;1;2;A01
201300052468;0;30;0;0;0;0;15;A01
201300052469;0;33;0;0;2;8;16;B01
201300052469;0;7;0;0;2;2;16;A01
201300052470;0;30;0;0;2;1;0;A01
201300052470;1;7;0;0;2;0;10;Z01
201300052471;2;7;0;0;1;3;15;A01
201300052472;0;7;0;0;2;7;1;A01
201300052472;0;30;0;0;2;1;1;B01
201300052473;0;33;0;1;2;8;18;B01
201300052473;0;7;0;0;2;7;1;A01
201300052474;0;33;0;0;1;1;1;A01
201300052475;0;1;0;0;2;1;18;A01
201300052475;0;1;0;0;2;8;19;B01
201300052476;0;34;0;0;2;8;1;B01
201300052476;0;13;0;0;2;3;15;A01
201300052477;0;30;0;0;0;0;15;B01
201300052477;0;34;0;0;0;2;17;A01
201300052478;0;7;0;0;2;1;1;A01
201300052478;0;7;0;0;2;8;1;B01
201300052479;0;32;0;0;0;4;23;B01
201300052479;0;7;0;0;0;1;1;A01
201300052480;0;2;0;0;0;0;1;A01
201300052481;0;33;0;0;2;7;1;B01
201300052481;0;7;0;0;2;7;15;A01
201300052482;0;7;0;0;2;6;10;B01
201300052482;0;33;0;0;2;8;23;A01
201300052483;0;10;0;0;0;4;20;A01
201300052483;0;32;0;0;2;1;1;B01
201300052484;0;7;0;0;1;4;4;A01
201300052485;0;30;0;0;1;1;1;A01
201300052486;0;33;0;0;2;1;1;A01
201300052486;0;7;0;0;2;3;1;B01
201300052487;0;7;0;0;0;0;15;A01
201300052487;0;1;0;0;0;0;17;B01
201300052488;0;7;0;0;1;3;1;A01
201300052489;0;34;0;0;2;1;1;B01
201300052489;0;7;0;0;2;3;10;A01
201300052490;0;14;0;0;2;0;22;A01
201300052490;0;1;0;0;2;1;1;B01
201300052491;0;31;0;0;2;1;2;A01
201300052491;0;7;0;0;2;5;2;B01
201300052492;0;10;0;0;1;4;4;A01
201300052493;0;7;0;0;2;3;13;A01
201300052493;0;2;0;0;2;3;1;B01
201300052494;0;33;0;0;1;2;1;A01
201300052495;0;10;0;0;2;3;10;A01
201300052495;0;33;0;0;2;1;1;B01
201300052496;0;1;0;0;2;3;1;A01
201300052496;0;13;0;0;2;6;1;B01
201300052497;0;34;0;0;2;4;2;B01
201300052497;0;7;0;0;2;1;2;A01
201300052498;0;30;0;0;2;1;1;B01
201300052498;0;7;0;0;2;3;15;A01
201300052499;0;32;0;0;0;0;21;A01
201300052500;0;32;0;0;2;1;1;B01
201300052500;0;30;0;0;2;7;1;A01
201300052501;0;2;0;0;2;1;15;A01
201300052501;0;32;0;0;2;1;1;B01
201300052502;0;7;0;0;2;7;1;B01
201300052502;0;7;0;0;2;1;1;A01
201300052503;0;1;0;0;2;1;1;B01
201300052503;0;10;0;0;2;3;22;A01
201300052504;0;7;0;0;2;2;1;A01
201300052504;0;33;0;0;2;1;1;B01
201300052505;0;32;0;0;0;7;1;A01
201300052506;0;7;0;0;2;8;15;B01
201300052506;0;32;0;8;2;2;17;A01
201300052507;0;7;0;0;2;8;1;C01
201300052507;0;30;0;0;2;9;1;B01
201300052507;0;7;0;0;2;3;22;A01
201300052508;0;32;0;0;1;3;1;A01
201300052509;0;7;0;0;2;1;1;A01
201300052509;0;34;0;0;2;8;1;B01
201300052510;0;7;0;0;1;1;15;A01
201300052511;0;10;0;0;1;4;4;A01
201300052512;0;30;0;1;0;2;14;A01
201300052513;0;32;0;8;2;2;17;B01
201300052513;0;7;0;0;2;3;15;A01
201300052514;0;7;0;0;1;0;1;A01
201300052515;0;30;0;0;1;0;1;A01
201300052516;0;31;0;1;0;1;14;A01
201300052517;0;31;0;0;2;1;1;A01
201300052517;0;7;0;0;2;2;15;B01
201300052518;0;7;0;0;1;1;1;A01
201300052519;0;1;0;0;2;4;1;A01
201300052519;0;7;0;0;2;1;1;B01
201300052520;0;7;0;0;1;3;1;A01
201300052521;0;7;0;1;0;9;16;A01
201300052522;0;1;0;0;2;4;2;A01
201300052522;0;10;0;0;2;4;23;B01
201300052523;0;7;0;0;2;8;22;A01
201300052523;0;1;0;0;2;1;1;B01
201300052524;0;32;0;0;2;1;17;C01
201300052524;0;7;0;0;0;3;9;B01
201300052524;0;34;0;0;2;3;17;A01
201300052525;0;32;0;14;0;8;1;A01
201300052526;0;30;0;0;2;1;1;A01
201300052526;0;10;0;0;2;3;1;B01
201300052527;0;2;0;0;1;1;7;A01
201300052528;0;7;0;0;2;6;15;A01
201300052528;0;31;0;0;2;1;1;B01
201300052529;0;1;0;0;2;1;2;A01
201300052529;0;7;0;0;2;5;23;B01
201300052530;0;30;0;0;1;3;1;A01
201300052531;0;30;0;0;2;0;17;A01
201300052531;0;10;0;0;0;6;13;B01
201300052532;0;7;0;0;0;1;1;A01
201300052532;0;7;0;0;0;3;15;B01
201300052533;0;33;0;0;2;8;1;B01
201300052533;0;7;0;0;2;1;1;A01
201300052534;0;2;0;0;0;7;1;A01
201300052535;0;2;0;0;2;2;17;B01
201300052535;0;7;0;0;2;3;10;A01
201300052536;0;7;0;0;0;6;9;A01
201300052536;0;33;0;0;2;1;1;B01
201300052537;0;32;0;0;0;7;1;A01
201300052538;0;32;0;0;2;2;1;A01
201300052538;1;7;0;0;2;6;13;Z01
201300052539;0;1;0;0;0;8;19;A01
201300052539;0;37;4;0;0;0;1;B01
201300052540;1;7;0;0;2;1;2;Z01
201300052540;0;7;0;0;2;4;2;A01
201300052541;0;2;0;0;2;1;21;A01
201300052541;0;7;0;0;2;3;1;B01
201300052542;0;30;0;1;1;2;18;A01
201300052543;0;7;0;0;1;2;1;A01
201300052544;0;7;0;0;2;3;1;B01
201300052544;0;34;0;0;2;2;16;A01
201300052545;0;31;0;0;2;1;1;A01
201300052545;0;7;0;0;2;3;15;B01
201300052546;0;7;0;0;2;2;15;A01
201300052546;0;32;0;0;2;8;1;B01
201300052547;0;1;0;0;0;1;21;A01
201300052548;0;30;0;0;1;1;1;A01
201300052549;0;1;0;0;2;7;5;A01
201300052549;0;7;0;0;2;1;1;B01
201300052550;0;7;0;0;2;3;16;B01
201300052550;0;2;0;0;2;7;1;A01
201300052551;0;30;0;0;2;4;23;B01
201300052551;0;7;0;0;2;1;2;A01
201300052552;0;2;0;0;2;1;1;A01
201300052552;0;7;0;0;2;3;15;B01
201300052553;0;7;0;0;2;8;22;A01
201300052553;0;30;0;0;0;1;2;B01
201300052554;0;7;0;0;2;1;1;A01
201300052554;0;7;0;0;2;4;23;B01
201300052555;0;1;0;1;0;8;16;B01
201300052555;0;7;0;0;0;5;22;A01
201300052556;0;32;0;0;2;3;1;B01
201300052556;0;10;0;0;2;7;16;A01
201300052557;0;32;0;0;9;2;16;B01
201300052557;0;1;0;0;2;1;18;A01
201300052558;0;2;0;0;2;1;7;A01
201300052558;0;7;0;0;2;8;10;B01
201300052559;0;10;0;0;1;3;15;A01
201300052560;0;33;0;0;2;1;1;A01
201300052560;0;7;0;0;0;0;23;B01
201300052561;0;33;0;0;0;8;15;A01
201300052562;0;30;0;0;2;1;1;B01
201300052562;0;10;0;0;2;3;15;A01
201300052563;0;34;0;0;1;1;16;A01
201300052564;0;7;0;0;2;2;23;A01
201300052564;0;32;0;0;2;1;1;B01
201300052565;0;33;0;0;1;5;1;A01
201300052566;0;14;0;0;2;8;15;A01
201300052566;0;33;0;0;2;1;17;B01
201300052567;0;7;0;0;2;4;23;B01
201300052567;0;7;0;0;2;1;1;A01
201300052568;1;2;0;0;1;1;1;Z01
201300052569;0;7;0;0;2;3;9;A01
201300052569;0;1;0;0;2;1;1;B01
201300052570;0;7;0;0;1;3;1;A01
201300052571;0;7;0;0;2;3;1;B01
201300052571;0;7;0;0;2;1;1;A01
201300052572;0;7;0;0;2;7;17;A01
201300052572;0;30;0;0;2;8;1;B01
201300052573;0;32;0;0;2;1;1;A01
201300052573;0;7;0;0;2;2;15;B01
201300052574;0;30;0;0;0;7;19;A01
201300052574;0;32;0;0;0;1;1;B01
201300052575;0;1;0;0;0;0;1;A01
201300052576;0;10;0;0;2;2;15;A01
201300052576;0;32;0;0;2;1;1;B01
201300052577;0;30;0;0;1;1;1;A01
201300052578;0;7;0;0;0;2;16;A01
201300052578;0;32;0;0;2;6;1;B01
201300052579;0;2;0;0;2;0;17;A01
201300052580;0;7;0;0;2;2;1;A01
201300052580;0;32;0;0;2;1;1;B01
201300052581;0;2;0;0;2;3;18;A01
201300052581;0;7;0;0;2;2;16;B01
201300052582;0;32;0;0;2;5;1;B01
201300052582;0;7;0;0;2;1;1;A01
201300052583;1;7;0;0;1;1;1;Z01
201300052584;0;10;0;0;2;0;15;A01
201300052584;0;32;0;0;2;0;17;B01
201300052585;0;7;0;0;2;1;1;C01
201300052585;0;7;0;0;2;0;1;B01
201300052585;0;7;0;0;2;0;23;A01
201300052586;0;37;1;0;1;6;1;A01
201300052587;0;7;0;0;2;6;1;B01
201300052587;0;7;0;0;2;1;15;A01
201300052588;0;7;0;14;0;1;14;A01
201300052589;0;7;0;0;2;5;9;A01
201300052589;0;33;0;0;2;1;1;B01
201300052590;0;2;0;0;1;1;1;A01
201300052591;0;32;0;0;2;5;1;B01
201300052591;0;7;0;0;2;3;13;A01
201300052592;0;7;0;0;1;6;4;A01
201300052593;0;33;0;0;2;0;1;A01
201300052593;0;10;0;0;2;0;15;B01
201300052594;0;32;0;0;2;1;1;B01
201300052594;0;7;0;0;2;6;15;A01
201300052595;0;33;0;0;1;1;1;A01
201300052596;0;32;0;12;0;7;1;A01
201300052597;0;1;0;0;2;8;1;A01
201300052597;1;37;0;0;2;6;17;Z01
201300052598;0;32;0;0;2;8;1;B01
201300052598;0;7;0;0;2;0;1;A01
201300052599;0;7;0;14;0;2;13;A01
201300052600;0;7;0;0;2;3;11;A01
201300052600;0;7;0;0;2;8;1;B01
201300052601;0;7;0;0;1;2;1;A01
201300052602;0;32;0;0;0;0;1;A01
201300052603;0;10;0;0;2;6;2;B01
201300052603;0;34;0;0;2;1;2;A01
201300052604;0;34;0;14;0;1;18;A01
201300052605;0;32;0;0;1;2;1;A01
201300052606;1;2;0;0;1;0;16;Z01
201300052607;0;7;0;0;2;3;10;A01
201300052607;0;2;0;0;2;1;17;B01
201300052608;0;2;0;0;2;1;17;B01
201300052608;0;7;0;0;2;3;10;A01
201300052609;0;7;0;0;2;1;2;A01
201300052609;0;33;0;0;2;4;2;B01
201300052610;0;33;0;0;2;0;2;B01
201300052610;0;33;0;0;2;6;2;A01
201300052611;0;7;0;0;2;1;2;A01
201300052611;0;7;0;0;2;4;23;B01
201300052612;0;30;0;12;0;1;13;A01
201300052613;0;34;0;0;1;2;1;A01
201300052614;0;34;0;0;2;3;1;A01
201300052614;0;30;0;0;2;7;16;B01
201300052615;0;7;0;0;2;1;2;A01
201300052615;0;7;0;0;2;4;23;B01
201300052616;0;32;0;0;0;0;1;A01
201300052617;1;7;0;0;2;3;15;Z01
201300052617;0;30;0;0;2;8;1;A01
201300052618;0;7;0;0;2;4;23;B01
201300052618;0;7;0;0;2;1;2;A01
201300052619;0;13;0;0;1;8;15;A01
201300052620;0;32;0;0;1;1;1;A01
201300052621;0;33;0;1;2;1;17;A01
201300052621;0;7;0;0;2;6;13;B01
201300052622;0;30;0;0;1;0;1;A01
201300052623;0;7;0;0;2;8;1;C01
201300052623;0;34;0;0;2;1;1;A01
201300052623;0;1;0;0;2;3;19;B01
201300052624;0;34;0;0;0;7;21;A01
201300052625;0;30;0;0;2;1;5;B01
201300052625;0;7;0;0;2;3;10;A01
201300052626;0;7;0;0;1;2;15;A01
201300052627;0;7;0;0;1;1;16;A01
201300052628;0;32;0;0;2;2;1;A01
201300052628;0;7;0;0;2;8;13;B01
201300052629;0;34;0;0;0;0;21;A01
201300052630;0;7;0;0;2;1;1;C01
201300052630;0;7;0;0;2;1;1;B01
201300052630;0;7;0;0;2;9;10;A01
201300052631;0;2;0;0;0;0;21;A01
201300052632;0;32;0;0;1;1;1;A01
201300052633;0;31;0;0;2;1;2;A01
201300052633;0;31;0;0;2;4;15;B01
201300052634;0;1;0;0;2;6;1;A01
201300052634;1;13;0;0;2;2;17;Z01
201300052635;0;10;0;1;1;4;4;A01
201300052636;0;32;0;0;1;1;17;A01
201300052637;0;1;0;0;2;8;2;B01
201300052637;0;33;0;0;2;8;2;A01
201300052638;0;7;0;0;1;2;1;A01
201300052639;0;7;0;0;2;4;2;A01
201300052639;2;10;0;0;2;2;2;Z01
201300052640;0;7;0;8;0;1;21;A01
201300052641;0;7;0;0;2;2;1;B01
201300052641;0;1;0;0;2;8;15;A01
201300052642;1;33;0;0;1;0;1;Z01
201300052643;0;32;0;0;0;8;1;A01
201300052644;0;33;0;0;0;7;16;A01
201300052645;0;32;0;0;1;1;3;A01
201300052646;0;32;0;4;0;1;1;A01
201300052647;0;10;0;0;1;3;1;A01
201300052648;0;32;0;0;2;1;1;A01
201300052648;0;7;0;0;0;2;1;B01
201300052649;0;7;0;0;2;3;7;A01
201300052649;0;30;0;0;2;2;15;B01
201300052650;0;7;0;0;2;4;23;B01
201300052650;0;7;0;0;2;1;1;A01
201300052650;0;7;0;0;0;4;23;C01
201300052651;0;7;0;0;2;6;1;B01
201300052651;0;7;0;9;2;2;1;A01
201300052652;0;7;0;8;0;1;1;A01
201300052653;0;7;0;0;0;2;1;A01
201300052653;0;33;0;0;2;3;1;B01
201300052654;0;7;0;0;2;3;1;B01
201300052654;0;7;0;14;2;1;13;A01
201300052655;0;7;0;7;0;8;15;A01
201300052656;0;7;0;0;1;0;15;A01
201300052657;0;30;0;14;0;1;11;A01
201300052658;0;30;0;2;0;1;0;A01
201300052659;0;7;0;0;2;3;14;A01
201300052659;0;7;0;0;2;2;18;B01
201300052660;0;10;0;0;1;4;4;A01
201300052661;0;7;0;1;0;2;14;A01
201300052662;0;7;0;0;2;8;22;A01
201300052662;0;1;0;0;2;1;1;B01
201300052663;0;1;0;0;2;8;1;A01
201300052663;0;33;0;0;2;1;1;B01
201300052664;0;7;0;0;2;1;1;A01
201300052664;0;7;0;0;2;1;1;B01
201300052665;0;7;0;0;2;4;2;A01
201300052665;0;7;0;14;2;1;2;B01
201300052666;0;33;0;0;2;8;1;A01
201300052667;0;7;0;0;1;3;15;A01
201300052668;0;7;0;1;0;2;1;A01
201300052668;0;7;0;0;0;6;24;B01
201300052669;0;7;0;11;0;3;13;A01
201300052670;0;31;0;0;2;2;17;B01
201300052670;0;7;0;0;2;3;15;A01
201300052671;0;7;0;0;1;7;1;A01
201300052672;0;7;0;0;2;5;23;C01
201300052672;0;7;0;0;2;3;22;A01
201300052672;0;34;0;0;2;1;3;B01
201300052673;0;7;0;0;1;3;1;A01
201300052674;0;7;0;0;1;1;1;A01
201300052675;0;7;0;0;0;4;1;B01
201300052675;0;7;0;0;2;4;1;A01
201300052676;0;10;0;9;0;1;1;A01
201300052677;0;7;0;0;1;7;1;A01
201300052678;0;7;0;0;2;2;12;A01
201300052678;1;7;0;0;2;0;11;Z01
201300052679;0;7;0;0;2;1;1;A01
201300052679;0;32;0;0;2;6;1;B01
201300052680;0;33;0;0;2;1;17;A01
201300052680;0;10;0;0;2;3;15;B01
201300052681;0;30;0;0;2;1;2;A01
201300052681;0;7;0;0;2;0;23;B01
201300052682;0;34;0;0;0;7;1;A01
201300052683;0;7;0;0;1;2;1;A01
201300052684;0;7;0;0;2;5;23;B01
201300052684;0;32;0;0;2;1;17;A01
201300052685;0;1;0;0;2;0;1;B01
201300052685;0;7;0;0;2;0;15;A01
201300052686;0;7;0;0;2;1;1;A01
201300052686;0;34;0;0;0;4;23;B01
201300052687;0;7;0;0;2;8;13;B01
201300052687;0;33;0;0;2;1;17;A01
201300052688;0;7;0;1;0;3;16;A01
201300052689;0;7;0;0;2;3;10;A01
201300052689;0;30;0;0;2;2;1;B01
201300052690;0;7;0;0;2;1;1;A01
201300052690;0;7;0;8;2;5;1;B01
201300052691;0;30;0;0;2;5;17;B01
201300052691;1;7;0;0;2;0;13;A01
201300052692;0;7;0;0;2;4;2;B01
201300052692;0;7;0;0;2;1;2;A01
201300052693;0;1;0;1;9;4;1;A01
201300052693;0;1;0;0;2;1;1;B01
201300052694;0;7;0;0;2;3;9;A01
201300052694;0;33;0;0;2;2;1;B01
201300052695;0;7;0;11;0;1;4;A01
201300052695;0;7;0;0;0;6;23;B01
201300052696;0;1;0;0;1;1;5;A01
201300052697;0;7;0;0;0;6;1;B01
201300052697;0;33;0;0;2;1;1;A01
201300052698;0;1;0;0;2;1;1;B01
201300052698;0;7;0;0;2;1;15;A01
201300052699;0;7;0;0;2;5;16;B01
201300052699;0;30;0;0;2;8;18;A01
201300052700;0;10;0;0;1;4;4;A01
201300052701;0;7;0;0;2;6;15;B01
201300052701;0;30;0;0;2;2;17;A01
201300052702;0;7;0;0;2;1;1;A01
201300052702;0;1;0;0;2;7;15;B01
201300052703;0;1;0;0;0;1;1;A01
201300052704;0;10;0;0;2;8;22;A01
201300052704;0;1;0;0;2;1;1;B01
201300052705;0;31;0;4;0;1;13;A01
201300052706;0;7;0;1;2;2;10;A01
201300052706;0;30;0;0;2;3;1;B01
201300052707;0;1;0;0;1;1;1;A01
201300052708;0;7;0;0;2;4;2;B01
201300052708;0;7;0;0;2;1;2;A01
201300052709;0;31;0;0;2;5;17;B01
201300052709;0;7;0;0;2;3;13;A01
201300052710;0;10;0;0;2;2;2;A01
201300052710;0;7;0;8;1;0;23;B01
201300052711;0;7;0;0;2;2;15;A01
201300052711;0;30;0;0;2;1;1;B01
201300052712;0;32;0;0;0;7;1;A01
201300052713;0;10;0;0;2;1;2;A01
201300052713;0;7;0;0;2;4;23;B01
201300052714;0;32;0;14;0;8;13;A01
201300052715;0;31;0;0;0;0;1;A01
201300052716;0;33;0;0;2;4;23;B01
201300052716;0;31;0;0;2;1;2;A01
201300052717;0;7;0;0;2;1;15;A01
201300052717;0;32;0;0;2;1;1;B01
201300052718;0;32;0;0;1;1;1;A01
201300052719;0;30;0;0;2;7;1;A01
201300052719;1;7;0;0;2;8;15;Z01
201300052720;0;7;0;0;1;1;15;A01
201300052721;0;10;0;8;1;1;13;A01
201300052722;0;33;0;14;2;8;1;C01
201300052722;0;34;0;0;2;1;1;A01
201300052722;0;7;0;0;2;6;9;B01
201300052723;0;1;0;0;2;0;2;A01
201300052723;0;1;0;0;2;0;23;B01
201300052724;1;1;0;0;1;1;1;Z01
201300052725;0;7;0;0;2;2;15;A01
201300052725;0;30;0;0;2;3;1;B01
201300052726;0;10;0;0;2;1;2;A01
201300052726;0;7;0;0;2;4;23;B01
201300052727;1;10;0;0;2;7;1;Z01
201300052727;0;31;0;0;2;8;1;A01
201300052728;0;32;0;0;2;2;1;B01
201300052728;0;13;0;0;2;2;15;A01
201300052729;0;33;0;0;1;1;1;A01
201300052730;0;7;0;4;0;2;1;A01
201300052731;0;7;0;0;2;7;15;B01
201300052731;0;7;0;0;2;1;1;A01
201300052732;0;7;0;0;1;1;15;A01
201300052733;0;31;0;14;0;7;14;A01
201300052734;0;7;0;0;2;3;15;B01
201300052734;0;30;0;0;2;7;17;A01
201300052735;0;7;0;0;2;1;1;B01
201300052735;0;10;0;0;2;2;1;A01
201300052736;0;30;0;0;0;8;21;A01
201300052737;0;32;0;0;2;1;1;B01
201300052737;0;7;0;0;2;2;10;A01
201300052738;0;30;0;0;2;8;1;A01
201300052738;0;7;0;0;2;2;16;B01
201300052739;0;7;0;1;0;2;1;A01
201300052740;0;10;0;0;0;1;1;B01
201300052740;0;33;0;0;0;7;1;A01
201300052741;0;7;0;0;1;6;20;A01
201300052742;0;30;0;7;0;1;13;A01
201300052743;0;30;0;1;0;1;1;A01
201300052744;0;7;0;0;2;2;14;A01
201300052744;0;32;0;0;2;1;13;B01
201300052745;0;1;0;0;2;1;1;B01
201300052745;0;34;0;0;2;7;16;A01
201300052746;0;1;0;0;2;1;1;B01
201300052746;0;1;0;0;2;1;5;A01
201300052747;1;7;0;0;1;3;1;Z01
201300052748;0;15;0;0;2;2;16;A01
201300052748;0;7;0;0;2;6;16;B01
201300052749;0;7;0;0;2;2;1;B01
201300052749;0;30;0;0;2;1;13;A01
201300052750;0;10;0;0;1;1;15;A01
201300052751;0;7;0;0;1;1;1;A01
201300052752;0;33;0;0;2;1;1;B01
201300052752;0;7;0;0;2;5;15;A01
201300052753;1;7;0;0;2;1;9;Z01
201300052753;0;2;0;0;2;1;1;A01
201300052754;0;2;0;1;0;2;16;A01
201300052755;0;7;0;0;2;6;15;B01
201300052755;0;1;0;0;2;1;17;A01
201300052756;0;7;0;0;2;8;16;A01
201300052756;0;1;0;0;2;1;1;B01
201300052757;0;31;0;0;2;7;1;B01
201300052757;0;7;0;0;2;8;15;A01
201300052758;0;7;0;0;2;8;11;A01
201300052758;0;34;0;0;2;7;3;B01
201300052759;0;7;0;0;2;1;9;A01
201300052759;0;10;0;0;2;8;1;B01
201300052760;0;31;0;0;2;1;1;B01
201300052760;0;7;0;0;2;3;10;A01
201300052761;0;7;0;0;2;2;9;A01
201300052761;0;33;0;1;2;1;1;B01
201300052762;0;1;0;0;0;0;1;A01
201300052763;0;1;0;0;1;1;1;A01
201300052764;0;33;0;0;1;1;1;A01
201300052765;0;1;0;0;2;1;1;A01
201300052765;0;1;0;0;2;1;1;B01
201300052766;0;30;0;0;1;2;1;A01
201300052767;0;10;0;0;2;1;15;A01
201300052767;0;32;0;0;2;2;23;B01
201300052768;0;7;0;0;2;6;23;B01
201300052768;0;33;0;0;2;1;1;A01
201300052769;0;30;0;0;2;0;16;A01
201300052769;1;7;0;0;2;2;16;Z01
201300052770;0;7;0;0;2;2;15;A01
201300052770;0;30;0;0;2;3;1;B01
201300052771;0;1;0;0;0;1;21;A01
201300052772;0;1;0;0;2;1;13;B01
201300052772;0;10;0;0;0;0;24;A01
201300052772;0;1;0;0;2;1;1;C01
201300052773;1;30;0;0;1;1;1;Z01
201300052774;0;1;0;0;2;1;1;A01
201300052774;0;7;0;0;9;2;16;B01
201300052775;0;32;0;0;1;1;17;A01
201300052776;0;1;0;0;2;8;15;B01
201300052776;0;32;0;0;2;1;17;A01
201300052777;0;32;0;12;0;1;1;A01
201300052778;0;7;0;0;2;3;15;B01
201300052778;0;31;0;0;2;7;17;A01
201300052779;0;10;0;6;0;1;1;A01
201300052780;0;33;0;15;0;1;21;A01
201300052781;0;7;0;0;2;2;15;A01
201300052781;0;7;0;0;2;3;1;B01
201300052782;0;7;0;2;0;0;13;A01
201300052783;0;32;0;0;2;7;14;A01
201300052783;0;33;0;0;2;7;1;B01
201300052784;0;33;0;0;0;1;1;A01
201300052785;0;31;0;8;0;1;13;A01
201300052786;0;33;0;0;2;0;2;B01
201300052786;0;7;0;0;2;0;2;A01
201300052786;0;7;0;0;2;0;2;C01
201300052787;0;30;0;0;0;8;1;A01
201300052788;0;7;0;0;2;3;15;A01
201300052788;0;30;0;0;2;1;17;B01
201300052789;0;7;0;0;2;2;12;B01
201300052789;0;32;0;0;2;3;3;A01
201300052790;0;32;0;11;0;2;5;A01
201300052791;0;31;0;0;2;8;17;B01
201300052791;0;7;0;0;2;8;13;A01
201300052792;0;1;0;0;2;1;17;A01
201300052792;0;1;0;0;2;7;1;B01
201300052793;0;2;0;11;0;1;16;A01
201300052794;0;7;0;0;2;1;16;A01
201300052794;0;1;0;0;2;1;19;B01
201300052795;0;32;0;0;0;2;21;A01
201300052796;0;34;0;0;2;7;1;A01
201300052796;0;7;0;0;2;3;1;B01
201300052797;0;1;0;0;2;0;21;A01
201300052798;0;1;0;0;2;1;1;B01