num_acc;senc;catv;occutc;obs;obsm;choc;manv;num_veh
201300052798;0;7;0;0;9;3;1;A01
201300052799;0;7;0;0;0;4;23;B01
201300052799;0;37;6;14;0;1;1;A01
201300052800;0;33;0;0;0;0;1;A01
201300052801;0;1;0;0;0;8;21;A01
201300052802;0;30;0;0;2;1;1;A01
201300052802;0;7;0;0;0;6;1;B01
201300052803;0;7;0;0;1;3;1;A01
201300052804;0;33;0;1;2;2;1;A01
201300052804;1;7;0;0;2;6;9;Z01
201300052805;0;7;0;0;1;1;1;A01
201300052806;0;7;0;0;2;8;10;B01
201300052806;0;32;0;1;2;2;17;A01
201300052807;0;30;0;0;2;4;12;A01
201300052807;0;7;0;0;2;0;23;B01
201300052808;0;7;0;0;2;5;2;B01
201300052808;0;31;0;0;2;3;2;A01
201300052809;0;7;0;0;2;8;1;B01
201300052809;0;7;0;0;2;3;15;A01
201300052810;0;30;0;0;2;1;17;B01
201300052810;0;7;0;0;2;4;15;A01
201300052811;0;33;0;0;1;8;1;A01
201300052812;0;30;0;0;2;1;1;A01
201300052812;0;7;0;0;2;3;1;B01
201300052813;0;1;0;0;2;1;1;A01
201300052813;0;7;0;0;2;1;15;B01
201300052814;0;1;0;0;0;0;1;A01
201300052815;0;32;0;0;2;4;23;A01
201300052815;1;7;0;0;2;1;2;Z01
201300052816;0;7;0;0;2;2;15;A01
201300052816;0;33;0;0;2;8;1;B01
201300052817;0;7;0;0;2;5;16;A01
201300052817;0;1;0;0;2;1;1;B01
201300052818;0;7;0;0;2;1;1;A01
201300052818;0;37;1;0;2;3;1;B01
201300052819;0;7;0;15;1;1;16;A01
201300052820;0;33;0;0;2;5;1;A01
201300052820;0;7;0;0;2;5;23;B01
201300052821;0;2;0;0;1;1;1;A01
201300052822;0;33;0;0;2;1;17;A01
201300052822;0;7;0;0;0;3;15;B01
201300052823;0;1;0;0;0;5;1;A01
201300052823;0;7;0;0;9;2;16;B01
201300052824;0;1;0;0;2;8;1;A01
201300052824;0;38;1;0;2;2;16;B01
201300052825;0;7;0;0;1;1;15;A01
201300052826;0;32;0;0;0;7;1;A01
201300052827;1;7;0;0;1;0;15;Z01
201300052828;0;32;0;0;2;2;2;A01
201300052828;0;7;0;0;2;8;23;B01
201300052829;0;7;0;0;2;3;15;A01
201300052829;0;30;0;0;2;7;17;B01
201300052830;0;10;0;0;2;2;10;A01
201300052830;0;30;0;1;2;9;2;B01
201300052831;1;7;0;0;1;0;1;Z01
201300052832;0;10;0;0;2;1;1;A01
201300052832;0;7;0;0;0;4;23;B01
201300052833;0;10;0;0;1;1;16;A01
201300052834;0;7;0;0;2;1;1;A01
201300052834;0;7;0;0;2;4;1;B01
201300052835;0;32;0;1;2;2;17;A01
201300052835;0;7;0;1;2;6;20;B01
201300052836;0;1;0;0;0;1;1;A01
201300052837;0;10;0;0;2;3;1;A01
201300052837;0;7;0;0;0;4;23;B01
201300052838;0;33;0;1;2;1;1;B01
201300052838;0;7;0;0;2;2;15;A01
201300052839;0;7;0;12;0;1;15;A01
201300052840;0;7;0;0;2;2;15;A01
201300052840;0;34;0;0;2;1;1;B01
201300052841;0;30;0;0;2;8;1;A01
201300052841;0;7;0;0;2;2;16;B01
201300052842;0;1;0;0;2;7;1;B01
201300052842;0;7;0;0;2;3;22;A01
201300052843;0;31;0;0;2;7;1;B01
201300052843;0;7;0;0;2;4;1;C01
201300052843;0;33;0;0;2;8;11;A01
201300052844;0;10;0;0;2;3;2;A01
201300052844;0;7;0;0;2;5;2;B01
201300052845;0;7;0;0;0;5;23;B01
201300052845;0;1;0;0;2;1;1;A01
201300052846;0;31;0;0;1;1;1;A01
201300052847;0;7;0;0;2;3;1;A01
201300052847;0;7;0;0;2;1;1;B01
201300052848;1;10;0;0;1;5;10;Z01
201300052849;0;7;0;0;2;1;15;A01
201300052849;0;33;0;0;2;7;1;B01
201300052850;0;7;0;8;2;4;2;B01
201300052850;0;7;0;0;2;1;2;A01
201300052851;0;7;0;7;0;3;1;A01
201300052852;0;7;0;0;2;8;1;C01
201300052852;0;7;0;0;2;7;1;B01
201300052852;0;7;0;4;2;3;1;A01
201300052853;0;33;0;0;2;7;17;A01
201300052853;0;1;0;0;2;6;15;B01
201300052854;0;2;0;0;0;0;1;A01
201300052855;0;3;0;0;2;4;2;B01
201300052855;0;7;0;0;2;1;2;A01
201300052856;0;1;0;0;2;1;15;A01
201300052856;0;33;0;0;2;1;1;B01
201300052857;0;7;0;0;2;2;16;A01
201300052857;0;1;0;0;2;1;1;B01
201300052858;0;30;0;0;2;1;2;A01
201300052858;0;10;0;0;2;4;23;B01
201300052859;0;7;0;0;2;3;10;A01
201300052859;0;30;0;0;2;1;1;B01
201300052860;0;2;0;12;0;1;18;A01
201300052861;0;7;0;0;2;4;13;B01
201300052861;0;33;0;0;2;1;1;A01
201300052862;1;7;0;0;2;2;16;Z01
201300052862;0;30;0;0;2;1;1;A01
201300052863;0;1;0;0;2;4;15;B01
201300052863;0;30;0;0;2;1;1;A01
201300052864;0;30;0;0;2;1;17;A01
201300052864;0;10;0;0;2;6;15;B01
201300052865;0;1;0;0;2;3;1;B01
201300052865;0;7;0;0;2;1;15;A01
201300052866;0;7;0;0;1;1;1;A01
201300052867;0;30;0;0;1;1;1;A01
201300052868;0;32;0;0;2;1;18;A01
201300052868;0;7;0;0;2;7;16;B01
201300052869;0;1;0;0;2;0;1;B01
201300052869;0;7;0;0;9;3;15;A01
201300052870;0;7;0;0;2;3;1;B01
201300052870;0;7;0;0;2;7;15;A01
201300052871;0;7;0;14;2;6;7;B01
201300052871;1;7;0;0;2;2;16;Z01
201300052872;0;7;0;11;0;2;15;A01
201300052873;0;7;0;0;0;3;10;B01
201300052873;0;34;0;0;2;7;17;A01
201300052874;0;32;0;0;1;7;1;A01
201300052875;0;7;0;0;2;3;13;B01
201300052875;0;32;0;0;2;1;17;A01
201300052876;0;1;0;0;2;1;18;A01
201300052876;0;7;0;0;2;7;22;B01
201300052877;0;1;0;0;1;1;1;A01
201300052878;0;10;0;0;9;2;16;A01
201300052878;0;1;0;0;2;0;16;B01
201300052879;0;7;0;0;2;2;16;A01
201300052879;0;1;0;0;2;1;16;B01
201300052880;0;30;0;0;2;1;1;B01
201300052880;0;7;0;0;2;3;10;A01
201300052881;0;32;0;0;0;8;15;A01
201300052882;0;32;0;0;2;1;1;A01
201300052882;1;7;0;0;2;6;15;Z01
201300052883;1;7;0;0;2;7;15;Z01
201300052883;0;30;0;0;2;1;1;A01
201300052884;0;30;0;0;0;0;1;A01
201300052885;0;33;0;0;2;2;3;A01
201300052885;0;7;0;0;2;5;1;C01
201300052885;0;33;0;0;2;6;3;B01
201300052886;0;32;0;0;1;0;1;A01
201300052887;0;31;0;0;2;7;1;A01
201300052887;0;7;0;0;2;3;11;B01
201300052888;0;37;0;0;2;3;23;B01
201300052888;0;7;0;0;2;5;14;A01
201300052889;0;7;0;6;0;2;1;A01
201300052889;1;7;0;0;0;0;12;Z01
201300052890;0;7;0;0;2;3;22;A01
201300052890;0;1;0;0;2;1;1;B01
201300052891;0;1;0;8;0;1;1;A01
201300052892;0;7;0;0;2;1;1;B01
201300052892;0;33;0;0;1;7;17;A01
201300052893;0;32;0;0;2;1;1;A01
201300052893;0;34;0;0;2;4;1;B01
201300052894;1;7;0;0;2;0;13;Z01
201300052894;0;33;0;0;2;0;1;A01
201300052895;0;31;0;0;2;7;3;A01
201300052895;0;7;0;0;2;8;1;B01
201300052896;0;7;0;0;2;4;23;C01
201300052896;0;7;0;0;2;1;2;A01
201300052896;0;7;0;0;2;4;23;B01
201300052897;0;10;0;0;1;1;1;A01
201300052898;0;1;0;0;2;8;1;B01
201300052898;0;7;0;0;2;2;16;A01
201300052899;0;1;0;0;0;0;1;A01
201300052900;0;7;0;0;1;1;1;A01
201300052901;0;7;0;0;1;1;1;A01
201300052902;0;10;0;0;2;3;22;A01
201300052902;0;1;0;0;2;1;1;B01
201300052903;0;30;0;0;0;7;1;A01
201300052904;0;32;0;0;0;0;21;A01
201300052905;0;32;0;0;0;0;3;A01
201300052906;0;10;0;0;9;3;22;A01
201300052906;0;1;0;1;0;1;1;B01
201300052907;0;7;0;0;2;4;1;B01
201300052907;0;7;0;0;2;1;1;A01
201300052908;0;32;0;0;2;0;21;B01
201300052908;0;33;0;0;2;0;21;A01
201300052909;0;7;0;0;2;4;1;B01
201300052909;0;34;0;0;2;2;1;A01
201300052910;0;1;0;0;2;1;1;B01
201300052910;0;7;0;0;2;3;22;A01
201300052911;0;7;0;0;2;3;9;A01
201300052911;0;32;0;0;2;1;1;B01
201300052912;0;7;0;0;2;1;1;B01
201300052912;0;7;0;0;2;5;1;A01
201300052913;0;2;0;0;2;3;1;B01
201300052913;0;7;0;0;2;2;16;A01
201300052914;0;7;0;0;1;1;16;A01
201300052915;0;7;0;0;2;8;15;A01
201300052915;0;34;0;0;2;7;17;B01
201300052916;0;30;0;14;0;1;1;A01
201300052917;0;7;0;0;2;2;15;A01
201300052917;0;1;0;0;2;1;1;B01
201300052918;0;7;0;0;1;3;1;A01
201300052919;0;7;0;0;2;1;15;A01
201300052919;0;1;0;0;2;8;1;B01
201300052920;0;32;0;7;0;1;13;A01
201300052921;0;7;0;0;2;2;1;B01
201300052921;0;2;0;0;2;7;10;A01
201300052922;0;30;0;0;0;0;1;A01
201300052923;0;7;0;0;1;2;15;A01
201300052924;0;31;0;0;0;8;1;A01
201300052925;0;31;0;0;2;2;1;B01
201300052925;0;7;0;0;2;8;11;A01
201300052926;0;33;0;0;2;2;17;A01
201300052926;0;7;0;0;2;3;10;B01
201300052927;0;7;0;0;2;6;15;B01
201300052927;0;33;0;0;2;7;1;A01
201300052928;0;7;0;8;2;4;23;B01
201300052928;0;7;0;0;2;2;2;A01
201300052929;0;2;0;0;0;7;1;A01
201300052930;0;2;0;0;0;8;1;A01
201300052931;0;32;0;0;0;0;15;A01
201300052932;0;32;0;0;2;7;17;A01
201300052932;0;7;0;0;2;6;15;B01
201300052933;0;1;0;1;0;1;21;A01
201300052934;1;7;0;0;1;0;16;Z01
201300052935;0;7;0;0;0;8;10;B01
201300052935;0;33;0;0;2;1;17;A01
201300052936;0;10;0;6;2;3;15;B01
201300052936;0;33;0;0;2;2;17;A01
201300052937;0;37;0;0;0;1;21;A01
201300052938;0;1;0;0;2;8;17;B01
201300052938;0;7;0;0;2;8;22;A01
201300052939;0;7;0;0;2;6;24;B01
201300052939;0;7;0;1;1;1;1;A01
201300052940;0;7;0;0;2;1;13;A01
201300052940;0;32;0;0;2;4;23;B01
201300052941;0;7;0;0;2;8;9;A01
201300052941;0;34;0;0;2;1;1;B01
201300052942;0;34;0;0;1;3;3;A01
201300052942;0;7;0;0;1;5;23;B01
201300052943;0;7;0;0;1;1;1;A01
201300052944;1;31;0;0;2;7;1;A01
201300052944;2;7;0;0;2;3;13;Z01
201300052945;0;7;0;0;1;3;15;A01
201300052946;0;7;0;0;2;0;1;A01
201300052946;0;32;0;0;2;1;1;B01
201300052947;0;7;0;0;2;2;15;A01
201300052947;0;32;0;0;2;1;1;B01
201300052948;1;10;0;0;2;3;15;Z01
201300052948;0;1;0;1;2;5;1;A01
201300052949;0;7;0;0;1;3;1;A01
201300052950;0;32;0;0;0;2;17;B01
201300052950;0;7;0;0;0;3;10;A01
201300052951;0;10;0;0;2;2;1;A01
201300052951;0;1;0;0;2;3;19;B01
201300052952;0;7;0;0;9;2;15;A01
201300052952;0;1;0;0;2;1;5;B01
201300052953;0;10;0;0;2;3;9;A01
201300052953;0;34;0;0;2;1;1;B01
201300052954;0;33;0;0;1;8;1;A01
201300052955;0;7;0;1;0;1;16;A01
201300052956;0;7;0;0;0;5;22;A01
201300052956;0;32;0;1;0;7;18;B01
201300052957;0;7;0;0;2;1;9;A01
201300052957;0;7;0;1;0;6;24;D01
201300052957;0;7;0;0;2;3;1;B01
201300052957;0;7;0;1;0;1;24;C01
201300052958;0;7;0;0;2;6;23;C01
201300052958;0;32;0;0;2;3;3;A01
201300052958;0;7;0;0;2;7;1;B01
201300052959;0;7;0;0;2;7;15;A01
201300052959;0;7;0;0;2;1;1;B01
201300052960;0;7;0;15;0;1;1;A01
201300052961;0;32;0;1;0;1;12;A01
201300052961;0;7;0;0;2;4;23;B01
201300052962;0;7;0;14;0;3;15;A01
201300052963;1;7;0;0;1;1;1;Z01
201300052964;0;7;0;0;1;2;16;A01
201300052965;0;34;0;0;1;0;16;A01
201300052966;0;7;0;0;1;2;1;A01
201300052967;0;32;0;0;2;3;1;B01
201300052967;0;7;0;0;2;1;1;A01
201300052968;0;2;0;0;2;0;1;A01
201300052968;1;7;0;0;0;0;1;Z01
201300052969;0;7;0;1;0;2;14;A01
201300052970;0;33;0;0;2;7;16;A01
201300052970;0;7;0;0;2;3;1;B01
201300052971;0;10;0;0;2;8;15;B01
201300052971;0;30;0;0;2;1;17;A01
201300052972;0;2;0;0;2;8;15;A01
201300052972;0;32;0;0;2;0;17;B01
201300052973;0;7;0;0;2;2;15;A01
201300052973;0;7;0;0;2;3;1;B01
201300052974;0;14;0;0;2;3;22;A01
201300052974;0;10;0;0;2;7;1;B01
201300052975;0;30;0;0;2;1;2;A01
201300052975;0;7;0;0;2;2;16;B01
201300052976;0;32;0;0;2;5;17;B01
201300052976;0;7;0;0;2;3;13;A01
201300052977;0;34;0;0;0;0;21;A01
201300052978;0;1;0;0;0;8;1;B01
201300052978;0;7;0;0;0;8;22;A01
201300052979;0;7;0;0;1;2;1;A01
201300052980;0;7;0;0;1;4;4;A01
201300052981;0;33;0;0;2;6;15;B01
201300052981;0;31;0;0;2;1;1;A01
201300052982;0;31;0;0;2;7;1;B01
201300052982;0;7;0;0;2;1;9;A01
201300052983;0;7;0;0;2;4;1;B01
201300052983;0;7;0;0;2;1;1;A01
201300052984;0;30;0;12;0;1;13;A01
201300052985;0;7;0;0;2;3;10;A01
201300052985;0;34;0;0;2;1;1;B01
201300052986;1;1;0;0;1;1;1;Z01
201300052987;0;34;0;14;0;8;1;A01
201300052988;0;33;0;0;0;0;21;A01
201300052989;0;7;0;0;2;7;1;A01
201300052989;0;7;0;0;2;8;1;B01
201300052990;0;7;0;7;0;2;14;A01
201300052991;0;30;0;0;2;1;1;B01
201300052991;0;7;0;0;2;2;15;A01
201300052992;0;33;0;0;2;4;23;B01
201300052992;0;7;0;0;2;1;2;A01
201300052993;0;7;0;0;2;7;1;A01
201300052993;0;7;0;0;2;1;1;B01
201300052994;0;33;0;8;0;8;21;A01
201300052995;0;31;0;0;2;1;1;B01
201300052995;0;7;0;0;2;2;10;A01
201300052996;0;7;0;0;1;1;1;A01
201300052997;0;30;0;0;0;8;21;A01
201300052998;0;7;0;0;1;1;16;A01
201300052999;0;3;0;14;0;9;14;A01
201300053000;0;7;0;0;1;3;1;A01
201300053001;0;30;0;0;2;1;2;B01
201300053001;0;7;0;0;2;4;2;A01
201300053002;0;7;0;0;2;6;13;A01
201300053002;0;30;0;0;2;4;17;B01
201300053003;0;1;0;0;1;8;1;A01
201300053004;0;34;0;0;1;7;1;A01
201300053005;0;10;0;0;2;8;15;A01
201300053005;0;33;0;0;2;1;17;B01
201300053006;0;30;0;0;2;1;2;A01
201300053006;1;7;0;0;2;4;4;Z01
201300053007;0;7;0;0;1;2;16;A01
201300053008;0;37;1;1;1;1;1;A01
201300053009;0;7;0;0;2;2;15;A01
201300053009;0;1;0;0;2;1;1;B01
201300053010;0;7;0;0;1;1;1;A01
201300053011;0;37;1;0;2;4;23;B01
201300053011;0;37;1;0;2;1;2;A01
201300053012;1;2;0;0;1;1;1;Z01
201300053013;0;7;0;0;2;8;22;A01
201300053013;0;1;0;0;2;2;1;B01
201300053014;0;1;0;0;2;1;1;B01
201300053014;0;10;0;0;2;2;16;A01
201300053015;0;7;0;0;2;8;1;C01
201300053015;0;32;0;0;2;1;17;B01
201300053015;0;7;0;0;2;8;10;A01
201300053016;0;7;0;0;2;1;2;A01
201300053016;0;30;0;0;2;1;23;B01
201300053017;0;7;0;0;1;1;1;A01
201300053018;1;10;0;0;1;0;15;Z01
201300053019;0;1;0;0;0;0;21;A01
201300053020;0;7;0;1;2;2;1;B01
201300053020;0;7;0;0;2;3;9;A01
201300053021;0;37;0;0;1;7;1;A01
201300053022;0;7;0;0;1;7;16;A01
201300053023;0;7;0;0;2;3;10;A01
201300053023;0;33;0;0;2;2;17;B01
201300053024;0;32;0;0;1;2;1;A01
201300053025;0;7;0;0;1;2;7;A01
201300053026;0;10;0;0;2;3;18;A01
201300053026;0;7;0;0;2;7;16;B01
201300053027;0;7;0;0;1;3;16;A01
201300053028;0;7;0;0;1;1;7;A01
201300053029;0;7;0;0;1;5;1;A01
201300053030;0;7;0;0;2;1;7;B01
201300053030;0;7;0;0;2;7;15;A01
201300053031;0;1;0;0;1;1;17;A01
201300053032;0;30;0;12;0;2;1;A01
201300053033;0;2;0;0;0;3;9;A01
201300053034;0;7;0;0;1;2;1;A01
201300053035;0;7;0;0;1;3;9;A01
201300053036;0;7;0;0;1;1;1;A01
201300053037;0;7;0;0;2;4;23;A01
201300053037;0;30;0;0;2;1;2;B01
201300053038;0;7;0;0;2;3;10;A01
201300053038;0;32;0;0;2;2;1;B01
201300053039;0;1;0;0;2;1;8;B01
201300053039;0;37;2;0;2;2;8;C01
201300053039;0;30;0;0;2;1;7;A01
201300053040;0;7;0;14;0;2;1;A01
201300053041;0;7;0;0;1;1;1;A01
201300053042;0;7;0;15;0;2;1;A01
201300053043;0;1;0;1;0;1;1;B01
201300053043;0;10;0;0;0;8;22;A01
201300053044;0;7;0;0;0;6;15;B01
201300053044;0;33;0;0;2;1;11;A01
201300053045;0;33;0;0;2;1;13;A01
201300053045;0;37;1;0;0;6;7;B01
201300053046;0;2;0;0;0;2;1;A01
201300053047;0;30;0;0;2;1;1;B01
201300053047;0;7;0;0;2;2;15;A01
201300053048;0;7;0;0;2;4;23;B01
201300053048;0;32;0;0;2;1;1;A01
201300053049;0;7;0;0;2;3;13;A01
201300053049;0;33;0;0;0;7;17;B01
201300053050;0;7;0;0;1;1;1;A01
201300053051;0;7;0;0;0;8;1;B01
201300053051;0;15;0;0;0;1;12;A01
201300053052;0;33;0;0;2;0;1;A01
201300053052;0;7;0;0;2;0;16;B01
201300053053;0;33;0;0;1;1;1;A01
201300053054;0;7;0;0;1;2;16;A01
201300053055;1;1;0;0;1;1;1;Z01
201300053056;0;34;0;0;0;0;21;A01
201300053057;0;34;0;0;0;0;1;A01
201300053058;0;7;0;0;2;3;22;A01
201300053058;0;1;0;1;0;1;1;B01
201300053059;0;7;0;0;2;1;2;A01
201300053059;0;7;0;0;2;4;2;B01
201300053060;0;37;0;0;1;7;7;A01
201300053061;0;7;0;0;1;3;1;A01
201300053062;0;7;0;0;1;3;1;A01
201300053063;0;37;62;0;0;3;7;A01
201300053063;0;1;0;0;0;7;7;B01
201300053064;0;7;0;4;0;1;14;A01
201300053065;0;31;0;5;0;1;13;A01
201300053066;0;10;0;0;1;1;16;A01
201300053067;0;7;0;0;2;5;23;B01
201300053067;0;33;0;0;2;1;2;A01
201300053068;0;7;0;0;1;3;1;A01
201300053069;1;2;0;0;1;1;17;Z01
201300053070;0;7;0;0;1;2;1;A01
201300053071;0;7;0;0;1;8;1;A01
201300053072;0;33;0;0;2;7;1;B01
201300053072;0;7;0;0;2;3;15;A01
201300053073;0;15;0;0;2;6;15;B01
201300053073;0;7;0;0;2;2;15;A01
201300053074;0;7;0;0;1;3;1;A01
201300053075;1;7;0;0;0;0;1;Z01
201300053075;0;34;0;0;2;3;1;A01
201300053076;0;32;0;0;9;0;1;A01
201300053077;0;7;0;0;2;8;11;A01
201300053077;0;33;0;0;2;7;3;B01
201300053078;0;7;0;0;2;5;16;A01
201300053078;0;33;0;0;2;1;1;B01
201300053079;0;7;0;0;2;7;15;A01
201300053079;0;7;0;0;2;1;1;B01
201300053080;0;7;0;11;0;2;14;A01
201300053081;0;7;0;0;1;2;15;A01
201300053082;0;32;0;0;2;1;1;B01
201300053082;0;7;0;0;2;7;15;A01
201300053083;0;10;0;0;2;2;9;A01
201300053083;0;30;0;0;2;3;1;B01
201300053084;0;10;0;0;2;8;22;A01
201300053084;0;1;0;0;2;1;1;B01
201300053085;0;7;0;1;0;1;14;A01
201300053086;0;10;0;0;2;0;15;A01
201300053086;0;30;0;0;2;1;1;B01
201300053087;1;7;0;0;2;5;15;Z01
201300053087;0;33;0;1;2;3;1;A01
201300053088;0;34;0;0;1;3;16;A01
201300053089;0;7;0;0;1;1;17;A01
201300053090;0;7;0;0;2;4;23;B01
201300053090;0;7;0;0;2;1;2;A01
201300053091;0;13;0;8;0;2;14;A01
201300053092;1;7;0;0;2;3;15;Z01
201300053092;0;30;0;0;2;4;1;A01
201300053093;1;7;0;0;2;0;16;Z01
201300053093;0;7;0;6;2;1;1;A01
201300053094;0;1;0;6;2;1;1;A01
201300053094;0;7;0;0;2;3;1;B01
201300053095;0;32;0;0;2;1;1;A01
201300053095;0;10;0;0;2;1;15;B01
201300053096;0;31;0;0;2;1;1;A01
201300053096;0;10;0;0;2;8;9;B01
201300053097;0;10;0;0;2;8;1;B01
201300053097;0;32;0;0;2;1;1;A01
201300053098;0;37;10;0;2;1;15;B01
201300053098;0;1;0;0;2;1;7;A01
201300053099;0;7;0;0;2;0;9;A01
201300053099;0;7;0;1;2;3;1;B01
201300053100;0;7;0;8;0;1;14;A01
201300053101;0;7;0;0;1;2;17;A01
201300053102;0;30;0;0;0;8;1;A01
201300053103;0;33;0;0;2;4;2;B01
201300053103;0;7;0;0;2;4;2;A01
201300053104;0;7;0;0;1;4;4;A01
201300053105;0;7;0;0;2;1;1;A01
201300053105;0;7;0;0;2;8;1;B01
201300053106;0;2;0;0;2;1;17;A01
201300053106;0;7;0;0;2;8;15;B01
201300053107;0;30;0;0;0;0;21;A01
201300053108;0;32;0;0;0;1;1;A01
201300053109;0;7;0;0;2;2;15;A01
201300053109;0;2;0;0;2;1;7;B01
201300053110;0;7;0;0;2;1;1;B01
201300053110;0;7;0;0;2;2;1;A01
201300053111;0;10;0;0;2;3;15;A01
201300053111;0;33;0;0;2;1;1;B01
201300053112;0;7;0;0;2;4;23;B01
201300053112;0;30;0;0;2;1;2;A01
201300053113;0;7;0;0;2;1;2;A01
201300053113;0;32;0;0;2;4;23;B01
201300053114;0;1;0;0;1;8;1;A01
201300053115;0;7;0;1;2;2;1;A01
201300053115;0;7;0;0;2;3;16;B01
201300053116;0;7;0;0;1;3;1;A01
201300053117;0;30;0;0;1;1;1;A01
201300053118;0;32;0;0;0;7;21;A01
201300053119;0;10;0;0;2;2;10;A01
201300053119;0;33;0;0;2;3;1;B01
201300053120;0;7;0;0;2;5;16;A01
201300053120;0;30;0;0;2;1;9;B01
201300053121;0;7;0;0;2;2;12;A01
201300053121;0;33;0;12;2;8;1;B01
201300053122;0;7;0;0;2;2;1;B01
201300053122;0;1;0;0;2;1;11;A01
201300053123;0;7;0;0;2;4;1;B01
201300053123;0;7;0;0;2;1;1;C01
201300053123;0;7;0;0;0;4;1;A01
201300053124;0;7;0;0;2;6;15;A01
201300053124;0;33;0;0;2;2;17;B01
201300053125;0;7;0;0;2;2;9;A01
201300053125;0;33;0;0;2;1;1;B01
201300053126;0;7;0;0;2;4;23;D01
201300053126;0;7;0;0;2;4;23;B01
201300053126;0;7;0;0;2;1;1;A01
201300053126;0;7;0;0;2;4;23;C01
201300053127;0;7;0;0;1;3;1;A01
201300053128;0;7;0;0;2;3;15;B01
201300053128;0;7;0;0;2;1;1;A01
201300053129;0;33;0;0;2;1;1;A01
201300053129;0;7;0;0;2;3;23;B01
201300053130;0;7;0;0;0;2;15;A01
201300053130;0;30;0;0;0;1;1;B01
201300053131;0;32;0;0;2;7;17;B01
201300053131;0;2;0;0;0;8;15;A01
201300053132;0;32;0;0;2;2;1;B01
201300053132;0;7;0;0;0;3;9;A01
201300053133;0;32;0;1;2;1;21;A01
201300053134;0;33;0;0;9;8;23;B01
201300053134;0;7;0;0;2;7;1;A01
201300053135;0;10;0;0;2;7;15;A01
201300053135;0;32;0;0;2;2;1;B01
201300053136;0;34;0;0;2;1;1;A01
201300053136;0;7;0;0;2;5;23;B01
201300053137;0;7;0;0;1;1;7;A01
201300053138;0;17;0;0;0;6;24;B01
201300053138;0;2;0;1;0;6;1;A01
201300053139;0;7;0;0;1;1;15;A01
201300053140;0;30;0;0;2;5;1;A01
201300053140;0;7;0;0;2;3;1;B01
201300053141;0;7;0;0;2;4;2;A01
201300053141;0;7;0;0;2;2;2;B01
201300053142;0;7;0;0;1;3;15;A01
201300053143;0;7;0;0;2;2;17;B01
201300053143;0;10;0;0;2;3;10;A01
201300053144;0;7;0;0;2;2;9;A01
201300053144;0;33;0;8;2;3;1;B01
201300053145;0;30;0;0;0;8;15;A01
201300053145;0;7;0;0;0;2;1;B01
201300053146;0;10;0;0;2;4;2;B01
201300053146;0;37;8;0;2;1;2;A01
201300053147;0;7;0;0;2;1;15;A01
201300053147;0;33;0;0;2;8;16;B01
201300053148;0;33;0;0;2;5;5;B01
201300053148;0;7;0;0;2;3;15;A01
201300053149;0;32;0;0;1;1;1;A01
201300053150;0;30;0;0;2;4;2;A01
201300053150;2;2;0;0;2;1;2;Z01
201300053151;0;1;0;12;2;0;1;B01
201300053151;0;7;0;0;2;0;13;A01
201300053152;0;7;0;1;0;1;13;A01
201300053153;0;7;0;0;2;3;9;A01
201300053153;0;32;0;0;2;1;1;B01
201300053154;0;33;0;0;2;1;1;A01
201300053154;1;7;0;0;2;3;16;Z01
201300053155;0;30;0;4;0;7;1;A01
201300053156;0;1;0;0;1;1;1;A01
201300053157;0;2;0;0;0;0;1;A01
201300053158;0;7;0;0;2;1;15;A01
201300053158;0;2;0;0;2;8;1;B01
201300053159;0;30;0;8;0;2;16;A01
201300053160;0;31;0;0;2;0;17;B01
201300053160;0;1;0;0;2;1;13;A01
201300053161;0;32;0;0;2;1;1;B01
201300053161;0;7;0;0;2;5;16;A01
201300053162;0;32;0;0;2;1;1;B01
201300053162;0;7;0;0;2;3;16;A01
201300053163;0;7;0;0;1;2;1;A01
201300053164;0;7;0;0;1;1;1;A01
201300053165;0;10;0;0;1;1;15;A01
201300053166;0;30;0;0;2;4;1;A01
201300053166;1;7;0;0;9;0;1;Z01
201300053167;0;7;0;0;1;1;1;A01
201300053168;0;7;0;0;0;3;22;A01
201300053168;0;1;0;1;0;0;1;B01
201300053169;0;2;0;1;0;1;1;A01
201300053170;0;2;0;0;0;7;9;A01
201300053171;0;7;0;0;2;5;23;B01
201300053171;0;2;0;0;2;1;2;A01
201300053171;0;10;0;0;2;5;23;C01
201300053172;0;7;0;0;2;7;15;B01
201300053172;0;1;0;0;2;1;1;A01
201300053173;0;14;0;0;2;5;1;B01
201300053173;0;10;0;0;2;8;22;A01
201300053174;0;2;0;0;2;8;1;A01
201300053174;1;7;0;0;2;3;15;Z01
201300053175;0;7;0;0;2;5;23;B01
201300053175;0;2;0;0;2;1;1;A01
201300053176;0;7;0;0;2;0;14;A01
201300053176;0;33;0;0;2;0;1;B01
201300053177;0;7;0;0;2;6;23;B01
201300053177;0;1;0;0;2;2;2;A01
201300053178;0;30;0;0;2;6;18;B01
201300053178;0;7;0;0;2;5;14;A01
201300053179;0;7;0;1;0;2;14;A01
201300053180;0;33;0;0;2;8;15;B01
201300053180;0;32;0;0;2;1;5;A01
201300053181;0;7;0;0;2;3;15;A01
201300053181;0;33;0;0;2;1;1;B01
201300053182;0;32;0;0;2;1;2;A01
201300053182;0;7;0;0;2;5;23;B01
201300053183;0;33;0;0;0;8;15;A01