num_acc;senc;catv;occutc;obs;obsm;choc;manv;num_veh
201300053580;0;34;0;1;0;1;7;A01
201300053581;0;7;0;1;0;3;13;A01
201300053582;0;7;0;0;2;0;15;B01
201300053582;0;32;0;0;2;8;17;A01
201300053583;0;7;0;0;2;6;10;A01
201300053583;0;33;0;0;2;7;17;B01
201300053584;0;33;0;0;1;1;1;A01
201300053585;0;7;0;0;4;4;23;C01
201300053585;0;7;0;0;2;4;23;B01
201300053585;0;7;0;0;2;1;1;A01
201300053586;0;7;0;0;2;1;2;A01
201300053586;0;7;0;0;0;4;2;B01
201300053587;2;7;0;9;0;1;1;A01
201300053588;0;7;0;8;0;1;1;A01
201300053589;0;33;0;0;1;1;17;A01
201300053590;0;7;0;0;2;2;15;B01
201300053590;0;32;0;0;2;1;7;A01
201300053591;0;33;0;0;1;1;5;A01
201300053592;0;30;0;0;1;7;1;A01
201300053593;0;33;0;0;0;7;1;A01
201300053594;0;7;0;0;1;2;1;A01
201300053595;0;1;0;0;1;1;5;A01
201300053596;0;31;0;0;0;7;1;A01
201300053597;0;32;0;0;2;1;1;A01
201300053597;0;7;0;0;2;6;1;B01
201300053598;0;30;0;1;0;3;1;A01
201300053599;0;7;0;0;2;2;15;A01
201300053599;0;32;0;0;2;1;1;B01
201300053600;0;30;0;0;2;2;17;B01
201300053600;0;7;0;0;2;3;10;A01
201300053601;0;33;0;0;2;1;17;B01
201300053601;0;10;0;0;2;8;13;A01
201300053602;0;33;0;0;1;1;1;A01
201300053603;1;7;0;0;1;7;1;Z01
201300053604;0;30;0;0;2;0;9;A01
201300053604;0;7;0;0;2;3;1;B01
201300053605;0;30;0;0;0;8;21;A01
201300053606;0;33;0;0;0;2;21;A01
201300053607;0;2;0;0;1;1;7;A01
201300053608;0;33;0;4;0;2;13;A01
201300053609;0;7;0;0;1;3;1;A01
201300053610;0;7;0;0;1;3;15;A01
201300053611;0;34;0;0;2;1;1;A01
201300053611;0;34;0;0;2;4;23;B01
201300053612;0;7;0;0;1;3;1;A01
201300053613;0;33;0;0;1;2;5;A01
201300053614;0;33;0;0;0;1;1;A01
201300053615;0;32;0;4;0;1;1;A01
201300053616;0;33;0;0;0;1;1;A01
201300053616;0;32;0;0;0;4;23;B01
201300053617;0;33;0;0;0;7;1;B01
201300053617;0;7;0;0;2;3;9;A01
201300053618;0;1;0;0;0;0;21;A01
201300053619;0;10;0;0;2;7;10;A01
201300053619;0;33;0;0;2;1;1;B01
201300053620;0;2;0;1;2;7;2;A01
201300053620;0;7;0;0;2;7;20;B01
201300053621;0;33;0;0;0;3;7;A01
201300053622;0;7;0;0;1;3;15;A01
201300053623;0;7;0;0;1;6;4;A01
201300053624;0;7;0;0;2;2;14;A01
201300053624;0;33;0;1;2;3;1;B01
201300053625;0;7;0;0;1;1;1;A01
201300053626;0;30;0;0;2;7;17;A01
201300053626;0;7;0;0;2;8;15;B01
201300053627;0;7;0;8;0;1;1;A01
201300053628;0;7;0;14;2;2;14;A01
201300053628;0;7;0;0;2;8;1;B01
201300053629;0;30;0;0;2;1;17;B01
201300053629;0;7;0;0;2;3;10;A01
201300053630;0;33;0;0;2;8;15;B01
201300053630;0;30;0;0;2;1;1;A01
201300053631;0;31;0;0;1;2;1;A01
201300053632;0;32;0;0;0;7;16;A01
201300053633;0;7;0;0;2;1;2;A01
201300053633;0;7;0;0;2;4;2;B01
201300053634;0;33;0;0;0;1;1;A01
201300053635;0;14;0;0;2;5;1;A01
201300053635;0;7;0;0;2;5;22;B01
201300053636;0;7;0;0;2;6;23;B01
201300053636;0;30;0;0;1;1;1;A01
201300053637;0;32;0;0;0;8;15;A01
201300053638;0;7;0;0;1;1;1;A01
201300053639;0;34;0;0;0;0;1;A01
201300053640;0;37;0;0;2;3;1;B01
201300053640;0;7;0;9;2;1;13;A01
201300053641;0;30;0;0;1;1;1;A01
201300053642;0;34;0;0;2;1;1;B01
201300053642;0;7;0;0;2;1;15;A01
201300053643;0;7;0;0;1;2;1;A01
201300053644;0;34;0;0;1;3;1;A01
201300053645;0;7;0;0;2;1;1;A01
201300053645;0;7;0;0;2;5;1;B01
201300053646;0;32;0;0;0;0;1;A01
201300053647;0;1;0;0;2;5;2;A01
201300053647;1;7;0;0;2;0;2;Z01
201300053648;0;7;0;0;2;7;1;A01
201300053648;0;1;0;0;2;1;1;B01
201300053649;0;7;0;0;2;1;1;B01
201300053649;0;7;0;0;2;2;1;A01
201300053650;0;7;0;14;0;1;13;A01
201300053651;0;7;0;0;1;1;1;A01
201300053652;0;32;0;0;0;8;1;A01
201300053653;0;7;0;0;1;4;4;A01
201300053654;0;7;0;0;2;2;16;A01
201300053654;0;30;0;0;2;1;1;B01
201300053655;0;37;0;0;2;3;1;B01
201300053655;0;7;0;0;2;2;15;A01
201300053656;0;7;0;0;2;7;12;B01
201300053656;0;32;0;0;2;2;3;A01
201300053657;0;32;0;0;1;1;1;A01
201300053658;0;7;0;0;1;1;15;A01
201300053659;0;7;0;0;1;1;1;A01
201300053660;0;7;0;0;1;1;16;A01
201300053661;0;32;0;0;2;7;1;B01
201300053661;0;7;0;0;2;1;1;A01
201300053662;0;10;0;0;2;2;1;B01
201300053662;0;30;0;0;2;3;1;A01
201300053663;0;7;0;0;1;1;1;A01
201300053664;0;7;0;0;2;3;9;A01
201300053664;0;31;0;0;2;2;1;B01
201300053665;0;7;0;0;1;1;1;A01
201300053666;0;7;0;0;1;3;1;A01
201300053667;0;7;0;0;1;1;1;A01
201300053668;0;7;0;0;1;2;1;A01
201300053669;0;7;0;0;1;1;0;A01
201300053670;0;7;0;0;2;5;16;B01
201300053670;0;2;0;0;2;1;7;A01
201300053671;0;7;0;0;1;3;15;A01
201300053672;0;7;0;0;2;2;15;A01
201300053672;0;2;0;0;2;8;1;B01
201300053673;1;7;0;0;1;0;0;Z01
201300053674;0;32;0;1;2;1;1;A01
201300053674;0;32;0;0;0;4;1;B01
201300053675;0;32;0;0;0;8;1;B01
201300053675;0;7;0;0;0;2;15;A01
201300053676;0;30;0;0;0;8;1;A01
201300053677;0;7;0;0;2;2;15;B01
201300053677;0;7;0;7;2;3;1;A01
201300053678;0;30;0;0;2;3;18;A01
201300053678;0;7;0;0;9;2;16;B01
201300053679;0;7;0;0;1;1;1;A01
201300053680;0;1;0;0;1;1;1;A01
201300053681;0;10;0;0;1;4;4;A01
201300053682;0;7;0;0;1;4;4;A01
201300053683;0;7;0;0;1;1;15;A01
201300053684;0;37;3;0;1;3;9;A01
201300053685;0;37;2;1;2;8;1;B01
201300053685;0;15;0;0;2;2;1;A01
201300053685;0;13;0;0;2;6;24;C01
201300053686;0;7;0;0;2;1;15;B01
201300053686;0;33;0;0;2;7;17;A01
201300053687;0;33;0;0;2;1;2;A01
201300053687;0;32;0;0;2;4;23;B01
201300053688;0;32;0;0;2;7;17;B01
201300053688;1;7;0;0;0;0;13;Z01
201300053689;0;7;0;0;2;1;2;A01
201300053689;0;31;0;0;2;4;23;B01
201300053690;0;10;0;0;1;4;20;A01
201300053691;0;10;0;0;2;3;13;A01
201300053691;0;1;0;0;2;4;15;B01
201300053692;0;7;0;0;2;1;1;A01
201300053692;0;10;0;0;2;7;1;B01
201300053693;0;7;0;0;1;2;7;A01
201300053694;0;32;0;0;1;0;1;A01
201300053695;0;7;0;0;1;3;15;A01
201300053696;0;7;0;0;1;1;1;A01
201300053697;0;7;0;0;2;0;1;B01
201300053697;0;31;0;0;2;1;7;A01
201300053698;0;1;0;0;1;1;1;A01
201300053699;0;1;0;0;0;0;1;B01
201300053699;0;7;0;0;9;2;17;A01
201300053700;0;7;0;0;2;3;16;B01
201300053700;0;32;0;0;2;1;1;A01
201300053701;0;15;0;1;1;4;17;A01
201300053702;0;33;0;0;2;1;1;A01
201300053702;0;7;0;0;2;2;15;B01
201300053703;0;2;0;14;0;1;1;A01
201300053704;0;7;0;0;1;1;1;A01
201300053705;0;1;0;12;2;1;1;B01
201300053705;0;7;0;0;2;0;22;A01
201300053706;0;7;0;0;2;3;10;A01
201300053706;0;32;0;0;2;3;17;B01
201300053707;0;7;0;0;1;2;1;A01
201300053708;0;7;0;0;2;1;2;A01
201300053708;0;33;0;0;2;4;23;B01
201300053709;0;10;0;0;2;1;1;B01
201300053709;0;10;0;0;2;2;1;A01
201300053710;0;7;0;0;2;0;16;B01
201300053710;0;32;0;1;2;1;18;A01
201300053711;0;31;0;0;2;1;1;B01
201300053711;0;7;0;0;2;7;15;A01
201300053712;0;7;0;0;1;1;1;A01
201300053713;0;3;0;12;0;7;14;A01
201300053714;0;30;0;0;2;1;2;A01
201300053714;0;31;0;0;2;6;15;B01
201300053715;0;7;0;0;2;3;20;B01
201300053715;0;2;0;0;2;6;2;A01
201300053716;0;10;0;0;1;4;4;A01
201300053717;0;7;0;0;2;3;2;A01
201300053717;0;7;0;0;2;5;2;B01
201300053718;0;7;0;0;2;4;23;B01
201300053718;0;7;0;0;2;1;2;A01
201300053719;0;7;0;0;2;3;1;B01
201300053719;0;2;0;0;2;2;17;A01
201300053720;0;7;0;14;0;2;15;A01
201300053721;0;7;0;0;1;4;4;A01
201300053722;0;7;0;0;1;1;1;A01
201300053723;0;7;0;0;2;6;23;C01
201300053723;0;7;0;0;2;2;22;A01
201300053723;0;30;0;0;2;3;1;B01
201300053724;0;7;0;0;2;4;23;B01
201300053724;0;7;0;0;2;1;2;A01
201300053725;0;7;0;0;2;2;15;A01
201300053725;0;30;0;0;2;1;1;B01
201300053726;0;7;0;0;1;1;16;A01
201300053727;0;7;0;0;1;6;4;A01
201300053728;0;1;0;0;2;1;1;A01
201300053728;0;32;0;0;2;2;1;B01
201300053729;0;1;0;0;0;6;1;A01
201300053730;0;7;0;8;0;1;14;A01
201300053731;0;7;0;0;1;6;4;A01
201300053732;0;32;0;0;1;1;17;A01
201300053733;0;33;0;0;2;7;1;B01
201300053733;0;7;0;0;2;1;9;A01
201300053734;0;7;0;0;2;3;15;B01
201300053734;0;7;0;0;2;1;1;A01
201300053735;0;32;0;0;1;1;1;A01
201300053736;0;34;0;0;2;2;17;B01
201300053736;0;7;0;0;9;3;15;A01
201300053737;0;2;0;0;2;8;1;B01
201300053737;0;7;0;0;2;1;15;A01
201300053738;0;7;0;0;2;8;9;A01
201300053738;0;32;0;0;2;1;1;B01
201300053739;0;7;0;0;0;3;15;B01
201300053739;0;2;0;0;2;1;17;A01
201300053740;0;1;0;0;1;0;5;A01
201300053741;0;7;0;0;2;4;1;A01
201300053741;1;7;0;0;2;1;1;Z01
201300053742;0;7;0;0;2;2;15;B01
201300053742;0;30;0;0;2;2;17;A01
201300053743;0;30;0;0;1;1;1;A01
201300053744;0;7;0;9;1;2;1;A01
201300053745;0;31;0;0;2;1;1;A01
201300053745;0;1;0;0;2;8;19;B01
201300053746;0;7;0;0;2;6;15;A01
201300053746;0;31;0;0;2;1;1;B01
201300053747;1;7;0;0;2;2;1;Z01
201300053747;0;30;0;0;2;3;1;A01
201300053748;0;10;0;0;1;3;16;A01
201300053749;0;1;0;0;1;1;1;A01
201300053750;0;7;0;0;2;5;23;C01
201300053750;0;10;0;0;2;8;22;A01
201300053750;0;30;0;0;2;5;1;B01
201300053751;0;2;0;0;2;1;2;A01
201300053751;0;7;0;0;2;6;2;B01
201300053752;0;31;0;0;2;7;1;A01
201300053752;0;1;0;0;2;7;15;B01
201300053753;0;7;0;7;0;1;1;A01
201300053754;0;7;0;0;2;2;16;A01
201300053754;0;32;0;0;2;3;9;B01
201300053755;0;7;0;0;2;2;16;A01
201300053755;0;1;0;0;2;1;1;B01
201300053756;0;7;0;0;2;2;1;B01
201300053756;0;13;0;0;2;1;15;A01
201300053757;0;7;0;0;1;1;15;A01
201300053758;1;7;0;0;2;7;17;Z01
201300053758;0;1;0;1;2;8;1;A01
201300053759;0;7;0;0;2;7;17;A01
201300053759;0;1;0;0;2;3;1;B01
201300053760;1;1;0;0;1;1;5;Z01
201300053761;0;34;0;0;1;1;1;A01
201300053762;0;7;0;15;0;1;7;A01
201300053763;0;7;0;0;1;4;4;A01
201300053764;0;7;0;0;1;3;1;A01
201300053765;0;32;0;0;2;1;18;B01
201300053765;0;7;0;0;2;2;14;A01
201300053766;0;7;0;0;1;3;15;A01
201300053767;0;37;11;0;2;1;1;B01
201300053767;0;7;0;0;0;2;15;A01
201300053768;0;2;0;14;0;0;1;A01
201300053769;0;7;0;0;0;5;23;B01
201300053769;0;7;0;0;2;1;1;A01
201300053770;0;30;0;0;0;0;1;A01
201300053771;0;7;0;0;2;4;23;B01
201300053771;0;7;0;0;2;2;15;A01
201300053772;0;7;0;0;1;6;1;A01
201300053773;0;40;0;0;1;2;1;A01
201300053774;0;32;0;0;1;1;1;A01
201300053775;0;32;0;0;1;1;1;A01
201300053776;0;32;0;0;1;1;1;A01
201300053777;0;7;0;0;0;4;10;B01
201300053777;1;7;0;0;0;1;1;Z01
201300053778;0;37;16;0;1;3;1;A01
201300053779;0;7;0;0;2;2;1;A01
201300053779;0;30;0;0;2;1;1;B01
201300053780;0;10;0;0;1;8;15;A01
201300053781;0;7;0;0;2;2;1;A01
201300053781;0;33;0;0;2;4;1;B01
201300053782;0;10;0;0;1;2;1;A01
201300053783;0;7;0;0;2;2;16;A01
201300053783;0;1;0;0;2;1;1;B01
201300053784;0;7;0;0;2;4;23;B01
201300053784;0;7;0;0;2;1;2;A01
201300053785;0;13;0;0;2;2;16;A01
201300053785;0;32;0;0;2;8;15;B01
201300053786;0;30;0;0;2;1;1;A01
201300053786;0;34;0;0;2;0;1;B01
201300053787;0;32;0;0;2;1;1;B01
201300053787;0;7;0;0;2;3;15;A01
201300053788;0;7;0;0;2;0;9;A01
201300053788;0;34;0;0;2;1;1;B01
201300053789;0;7;0;0;1;2;15;A01
201300053790;0;10;0;0;1;3;15;A01
201300053791;0;32;0;0;0;1;15;A01
201300053792;0;7;0;0;1;1;7;A01
201300053793;0;30;0;0;2;0;1;A01
201300053793;1;7;0;0;2;7;14;Z01
201300053794;0;32;0;0;1;0;1;A01
201300053795;0;31;0;1;2;1;1;B01
201300053795;0;7;0;0;2;3;9;A01
201300053796;0;37;1;1;0;5;18;A01
201300053796;0;1;0;1;0;8;18;B01
201300053797;0;7;0;0;1;2;1;A01
201300053798;1;33;0;0;1;0;1;Z01
201300053799;0;1;0;0;2;1;1;A01
201300053799;0;7;0;0;2;4;20;B01
201300053800;0;7;0;0;1;3;11;A01
201300053801;0;10;0;0;2;2;15;A01
201300053801;0;33;0;0;2;1;1;B01
201300053802;0;7;0;0;1;3;7;A01
201300053803;0;7;0;0;1;1;15;A01
201300053804;0;10;0;0;9;2;1;A01
201300053804;0;1;0;0;2;8;19;B01
201300053805;0;30;0;0;2;5;2;B01
201300053805;0;30;0;0;2;6;2;A01
201300053806;0;7;0;0;2;2;15;A01
201300053806;0;31;0;0;2;3;1;B01
201300053807;0;33;0;0;0;0;1;A01
201300053808;0;34;0;0;1;1;1;A01
201300053809;0;32;0;0;2;3;18;B01
201300053809;0;7;0;0;2;5;22;A01
201300053810;1;7;0;0;1;2;1;A01
201300053811;0;1;0;0;2;6;2;A01
201300053811;0;14;0;0;2;4;23;B01
201300053812;0;7;0;0;1;2;15;A01
201300053813;1;7;0;0;1;2;16;Z01
201300053814;0;7;0;0;2;3;15;B01
201300053814;0;31;0;0;2;7;1;A01
201300053815;0;1;0;0;2;4;14;B01
201300053815;0;31;0;14;2;1;1;A01
201300053816;0;30;0;0;2;1;1;A01
201300053816;0;7;0;0;2;3;15;B01
201300053817;0;1;0;1;2;1;1;B01
201300053817;0;7;0;0;9;3;22;A01
201300053818;0;33;0;0;2;5;1;A01
201300053818;0;10;0;0;2;2;1;B01
201300053819;0;7;0;0;2;2;9;A01
201300053819;0;30;0;0;2;7;1;B01
201300053820;0;38;0;0;1;3;1;A01
201300053821;0;30;0;0;1;1;17;A01
201300053822;0;1;0;0;2;1;1;B01
201300053822;0;7;0;0;9;3;15;A01
201300053823;0;7;0;0;1;3;15;A01
201300053824;0;33;0;0;0;8;1;B01
201300053824;0;7;0;0;0;7;12;A01
201300053825;1;7;0;0;1;0;1;Z01
201300053826;0;7;0;0;0;6;1;C01
201300053826;0;7;0;0;0;5;1;B01
201300053826;0;33;0;0;2;9;12;A01
201300053827;0;32;0;0;2;7;17;B01
201300053827;0;7;0;0;2;3;15;A01
201300053828;0;10;0;0;2;4;23;C01
201300053828;0;7;0;0;2;9;23;B01
201300053828;0;7;0;0;2;1;2;A01
201300053829;0;1;0;0;2;4;13;B01
201300053829;0;34;0;0;2;4;17;A01
201300053830;0;7;0;2;0;1;1;A01
201300053831;0;7;0;1;0;3;1;A01
201300053832;0;30;0;14;9;8;1;A01
201300053833;0;7;0;0;2;8;1;B01
201300053833;0;2;0;0;2;1;1;A01
201300053834;0;7;0;0;2;5;12;B01
201300053834;0;1;0;0;2;1;1;A01
201300053835;0;34;0;0;0;0;13;A01
201300053836;0;31;0;0;1;1;3;A01
201300053837;0;7;0;0;2;1;1;B01
201300053837;0;34;0;0;2;7;1;A01
201300053838;0;34;0;0;1;2;17;A01
201300053839;0;7;0;0;2;1;1;B01
201300053839;0;7;0;15;2;6;1;A01
201300053840;0;7;0;0;1;2;9;A01
201300053841;0;1;0;0;2;2;15;A01
201300053841;0;7;0;0;2;6;1;B01
201300053842;0;32;0;0;2;8;7;B01
201300053842;0;7;0;0;2;2;16;A01
201300053843;0;7;0;0;1;1;1;A01
201300053844;0;7;0;0;0;8;22;A01
201300053844;0;30;0;1;0;7;1;B01
201300053845;0;10;0;0;1;3;1;A01
201300053846;0;32;0;0;1;1;1;A01
201300053847;0;32;0;0;2;3;1;B01
201300053847;0;7;0;0;2;1;15;A01
201300053848;0;31;0;0;0;0;1;A01
201300053849;0;7;0;0;2;5;15;A01
201300053849;0;1;0;0;2;1;1;B01
201300053850;0;33;0;0;2;5;1;B01
201300053850;0;7;0;0;2;8;9;A01
201300053851;0;10;0;0;1;1;15;A01
201300053852;0;32;0;0;2;8;1;A01
201300053852;1;7;0;0;2;1;1;Z01
201300053853;0;7;0;0;0;4;23;B01
201300053853;0;7;0;1;0;1;1;A01
201300053854;1;7;0;0;1;1;1;Z01
201300053855;0;32;0;0;1;1;17;A01
201300053856;0;7;0;0;1;1;1;A01
201300053857;0;7;0;0;2;3;15;A01
201300053857;0;32;0;0;2;1;1;B01
201300053858;0;30;0;0;2;1;2;A01
201300053858;0;7;0;0;2;5;2;B01
201300053859;0;7;0;0;2;3;15;A01
201300053859;0;1;0;0;2;1;1;B01
201300053860;0;1;0;0;2;8;14;A01
201300053860;0;1;0;0;2;7;1;B01
201300053861;0;7;0;0;1;3;1;A01
201300053862;0;33;0;0;2;8;1;B01
201300053862;0;7;0;0;2;2;15;A01
201300053863;0;1;0;1;0;1;18;A01
201300053863;0;7;0;0;2;7;22;B01
201300053864;0;32;0;0;2;8;1;B01
201300053864;0;10;0;0;2;2;1;A01
201300053865;0;32;0;0;0;0;15;A01
201300053866;0;1;0;1;2;2;1;B01
201300053866;0;7;0;0;2;5;22;A01
201300053867;0;7;0;0;2;3;22;A01
201300053867;0;1;0;0;2;1;1;B01
201300053868;0;7;0;0;2;3;22;A01
201300053868;0;1;0;0;2;1;7;B01
201300053869;0;32;0;0;1;1;1;A01
201300053870;0;34;0;14;0;0;1;A01
201300053871;0;7;0;0;2;7;16;B01
201300053871;0;30;0;0;2;3;1;A01
201300053872;0;7;0;0;2;2;17;A01
201300053872;0;32;0;0;2;4;13;B01
201300053873;0;32;0;0;1;1;1;A01
201300053874;0;7;0;0;2;9;23;C01
201300053874;0;7;0;0;2;1;1;A01
201300053874;0;7;0;0;2;4;23;B01
201300053875;0;32;0;12;0;1;1;A01
201300053876;0;37;30;0;2;3;7;B01
201300053876;0;38;54;0;2;5;16;A01
201300053877;0;32;0;0;1;2;18;A01
201300053878;0;30;0;0;2;7;1;A01
201300053878;0;33;0;0;2;1;1;B01
201300053879;0;32;0;0;1;1;1;A01
201300053880;0;7;0;0;2;4;2;B01
201300053880;0;7;0;0;2;4;2;C01
201300053880;0;7;0;0;2;1;2;A01
201300053880;0;7;0;0;2;4;2;D01
201300053881;0;31;0;0;0;0;1;A01
201300053882;0;7;0;0;1;3;15;A01
201300053883;0;33;0;0;0;0;1;A01
201300053884;0;7;0;0;2;3;13;A01
201300053884;0;33;0;0;2;2;17;B01
201300053885;0;32;0;0;0;0;21;A01
201300053886;0;7;0;0;2;1;15;A01
201300053886;0;30;0;0;2;8;1;B01
201300053887;0;7;0;0;2;3;1;B01
201300053887;0;2;0;0;2;1;15;A01
201300053888;0;7;0;0;2;5;9;A01
201300053888;0;33;0;0;2;1;1;B01
201300053889;0;34;0;0;1;1;1;A01
201300053890;0;33;0;0;1;1;17;A01
201300053891;0;7;0;0;2;3;15;A01
201300053891;0;33;0;0;2;1;1;B01
201300053892;0;7;0;0;2;2;1;A01
201300053892;0;30;0;0;2;3;1;B01
201300053893;0;30;0;0;1;2;17;A01
201300053894;0;30;0;12;0;1;1;A01
201300053895;0;7;0;0;1;3;1;A01
201300053896;0;1;0;0;2;2;7;B01
201300053896;0;7;0;0;2;8;22;A01
201300053897;0;33;0;0;0;4;1;A01
201300053898;0;33;0;0;0;0;21;A01
201300053899;0;7;0;0;1;8;20;A01
201300053900;0;30;0;0;2;2;10;A01
201300053900;0;33;0;0;2;1;1;B01
201300053901;0;7;0;0;2;1;1;A01
201300053901;0;1;0;0;2;4;1;B01
201300053902;0;30;0;0;2;2;17;A01
201300053902;0;7;0;0;2;3;15;B01
201300053903;0;34;0;0;1;3;15;A01
201300053904;0;1;0;0;0;1;1;A01
201300053905;0;33;0;0;2;1;17;B01
201300053905;0;7;0;0;2;3;15;A01
201300053906;0;1;0;0;0;0;1;A01
201300053907;2;7;0;0;2;1;2;Z01
201300053907;0;32;0;0;2;4;23;A01
201300053908;0;7;0;0;2;3;1;C01
201300053908;0;7;0;0;2;3;1;B01
201300053908;0;7;0;0;2;1;13;A01
201300053909;0;32;0;0;2;8;1;A01
201300053909;1;7;0;0;2;7;14;Z01
201300053910;0;32;0;0;0;8;1;A01
201300053911;0;7;0;0;2;7;15;A01
201300053911;0;30;0;0;2;1;1;B01
201300053912;0;7;0;0;1;4;4;A01
201300053913;0;10;0;0;2;8;10;A01
201300053913;0;32;0;0;2;7;1;B01
201300053914;0;7;0;0;1;3;15;A01
201300053915;0;7;0;0;1;1;15;A01
201300053916;0;7;0;7;0;3;13;A01
201300053917;0;7;0;8;0;1;1;A01
201300053918;0;7;0;0;1;1;15;A01
201300053919;0;7;0;0;1;3;4;A01
201300053920;0;7;0;0;2;1;10;A01
201300053920;0;33;0;0;2;1;1;B01
201300053921;0;7;0;0;2;1;15;A01
201300053921;0;1;0;0;2;1;1;B01
201300053922;0;10;0;0;2;0;13;A01
201300053922;0;34;0;0;2;0;1;B01
201300053923;1;7;0;0;1;1;16;Z01
201300053924;0;7;0;0;2;1;1;A01
201300053924;0;7;0;0;0;4;23;B01
201300053925;0;7;0;0;1;3;20;A01
201300053926;0;7;0;0;2;4;23;B01
201300053926;0;10;0;0;2;1;1;A01
201300053927;0;7;0;0;2;3;1;B01
201300053927;0;2;0;0;2;2;1;A01
201300053928;0;34;0;0;1;0;1;A01
201300053929;0;10;0;0;1;8;1;A01
201300053930;0;32;0;0;0;1;21;A01
201300053931;0;7;0;0;1;8;20;A01
201300053932;0;30;0;0;1;1;18;A01
201300053933;0;2;0;0;0;1;21;A01
201300053934;0;32;0;0;1;1;1;A01
201300053935;0;33;0;0;0;0;9;A01
201300053936;0;33;0;0;0;8;15;A01
201300053937;0;7;0;0;1;1;15;A01
201300053938;0;33;0;0;2;7;3;B01
201300053938;0;33;0;0;2;1;11;A01
201300053939;0;7;0;0;1;1;15;A01
201300053940;0;30;0;1;0;1;1;A01
201300053941;0;33;0;0;2;8;1;B01
201300053941;0;7;0;0;2;2;15;A01
201300053942;0;31;0;0;1;3;1;A01
201300053943;0;32;0;0;2;5;18;A01
201300053943;0;7;0;0;2;3;14;B01
201300053944;0;10;0;0;2;2;2;A01
201300053944;0;7;0;0;2;6;23;B01
201300053945;0;7;0;0;1;1;4;A01
201300053946;0;10;0;0;1;3;1;A01
201300053947;0;7;0;0;2;1;15;A01
201300053947;0;30;0;0;2;8;1;B01
201300053948;0;10;0;0;1;2;15;A01
201300053949;0;7;0;0;2;2;16;A01
201300053949;0;1;0;0;2;8;1;B01
201300053950;0;7;0;0;1;1;1;A01
201300053951;0;7;0;0;1;3;1;A01
201300053952;0;7;0;0;1;1;15;A01
201300053953;1;7;0;0;2;0;5;Z01
201300053953;0;30;0;0;2;1;1;A01
201300053954;0;7;0;6;0;1;13;A01
201300053955;0;32;0;14;0;1;1;A01
201300053956;0;7;0;0;1;3;1;A01
201300053957;1;10;0;0;2;7;18;Z01
201300053957;0;1;0;0;2;4;1;B01
201300053958;0;7;0;0;1;1;1;A01
201300053959;0;30;0;0;0;8;21;A01
201300053960;0;30;0;0;0;0;1;A01
201300053961;0;32;0;0;0;0;1;A01
201300053962;0;32;0;0;1;1;1;A01
201300053963;0;7;0;0;2;5;16;B01
201300053963;0;33;0;0;2;3;15;A01
201300053964;0;7;0;0;2;7;1;A01
201300053964;0;7;0;0;2;1;1;B01
201300053965;0;37;1;0;1;0;1;A01
201300053966;1;7;0;0;1;4;4;Z01
201300053967;0;7;0;0;2;3;2;A01
201300053967;0;7;0;7;2;5;15;B01
201300053968;0;31;0;0;2;7;17;B01
201300053968;0;7;0;0;2;3;11;A01
201300053969;0;31;0;0;1;3;1;A01
201300053970;0;32;0;0;2;7;1;A01
201300053970;0;7;0;0;2;1;1;B01
201300053971;0;7;0;0;1;2;1;A01
201300053972;0;7;0;0;2;8;1;B01
201300053972;0;7;0;0;2;2;1;A01
201300053973;1;7;0;0;1;8;1;Z01
201300053974;0;32;0;0;0;8;1;A01
201300053975;0;7;0;1;1;2;1;A01
201300053976;0;10;0;0;2;2;16;B01
201300053976;0;32;0;0;2;3;7;A01
201300053977;0;33;0;0;1;1;3;A01
201300053978;0;7;0;0;1;1;15;A01
201300053979;0;33;0;0;1;3;18;A01
201300053980;0;10;0;0;2;3;13;A01
201300053980;0;33;0;0;2;2;17;B01
201300053981;0;31;0;0;2;2;17;C01
201300053981;0;7;0;0;2;3;23;B01
201300053981;0;7;0;0;2;8;9;A01
201300053982;0;2;0;0;1;1;1;A01
201300053983;0;31;0;0;0;8;1;A01
201300053984;0;32;0;0;1;0;1;A01
201300053985;0;7;0;0;0;1;1;A01
201300053986;0;7;0;0;1;2;1;A01
201300053987;0;32;0;0;0;8;1;A01
201300053988;0;30;0;0;0;7;1;A01
201300053989;0;33;0;0;2;1;2;A01
201300053989;0;7;0;0;2;5;2;B01
201300053990;0;33;0;0;0;4;23;B01
201300053990;0;33;0;0;2;2;1;A01
201300053990;0;7;0;0;0;4;23;C01
201300053991;0;7;0;8;1;1;1;A01
201300053992;0;7;0;0;2;1;1;B01
201300053992;0;32;0;0;2;7;1;A01
201300053993;0;10;0;0;1;4;4;A01
201300053994;0;10;0;0;1;1;15;A01
201300053995;0;7;0;0;1;2;16;A01
201300053996;0;32;0;0;2;4;23;B01
201300053996;0;7;0;0;2;3;2;A01
201300053997;0;7;0;0;2;6;15;A01
201300053997;0;30;0;0;2;2;17;B01
201300053998;0;7;0;0;1;1;15;A01
201300053999;0;7;0;0;2;5;1;B01
201300053999;0;7;0;0;2;1;1;A01
201300053999;0;7;0;1;2;4;1;C01
201300054000;0;30;0;0;0;0;1;A01
201300054001;0;7;0;0;2;1;1;A01
201300054001;0;7;0;1;2;7;15;B01