num_acc;senc;catv;occutc;obs;obsm;choc;manv;num_veh
201300054383;0;7;0;0;2;5;11;A01
201300054383;0;30;0;0;2;1;1;B01
201300054384;0;7;0;0;2;6;15;A01
201300054384;0;32;0;0;2;2;17;B01
201300054385;0;30;0;0;2;2;2;A01
201300054385;0;10;0;0;2;4;23;B01
201300054386;0;32;0;0;0;0;21;A01
201300054387;0;7;0;0;2;6;23;B01
201300054387;0;7;0;7;2;1;2;A01
201300054387;0;7;0;0;2;1;23;C01
201300054388;0;33;0;0;2;1;3;C01
201300054388;0;7;0;0;2;5;1;A01
201300054388;0;2;0;0;2;1;13;B01
201300054389;0;7;0;0;2;3;10;A01
201300054389;0;32;0;0;2;1;1;B01
201300054390;0;2;0;0;2;2;17;B01
201300054390;0;7;0;0;2;3;10;A01
201300054391;0;7;0;0;2;4;2;A01
201300054391;0;30;0;0;2;3;2;B01
201300054392;0;7;0;0;2;5;1;C01
201300054392;0;7;0;0;2;0;11;A01
201300054392;0;10;0;0;2;2;1;B01
201300054393;0;32;0;0;0;8;13;A01
201300054394;0;2;0;0;0;8;1;A01
201300054395;0;7;0;0;2;6;10;A01
201300054395;0;32;0;0;2;2;17;B01
201300054396;0;7;0;0;0;0;1;A01
201300054397;0;10;0;0;2;2;15;A01
201300054397;0;33;0;0;2;2;1;B01
201300054398;1;7;0;0;2;1;15;Z01
201300054398;0;30;0;0;2;1;1;A01
201300054399;0;37;0;0;1;2;7;A01
201300054400;0;7;0;0;2;1;15;A01
201300054400;0;33;0;0;2;3;1;B01
201300054401;0;7;0;0;2;7;15;A01
201300054401;0;31;0;0;2;1;1;B01
201300054402;0;7;0;0;2;6;2;B01
201300054402;0;7;0;0;2;2;23;A01
201300054403;0;7;0;0;2;3;10;A01
201300054403;0;1;0;0;2;1;1;B01
201300054404;0;7;0;0;2;2;16;A01
201300054404;0;34;0;0;2;6;18;B01
201300054405;0;7;0;0;1;1;15;A01
201300054406;0;32;0;0;1;1;1;A01
201300054407;1;7;0;0;1;0;16;A01
201300054408;0;7;0;0;2;4;23;A01
201300054408;0;7;0;0;2;1;1;B01
201300054409;0;1;0;0;1;0;1;A01
201300054410;1;7;0;0;1;0;4;Z01
201300054411;0;1;0;0;0;7;1;A01
201300054412;0;33;0;0;2;0;2;A01
201300054413;0;31;0;0;1;1;16;A01
201300054414;0;7;0;0;2;3;1;B01
201300054414;0;7;0;0;2;3;13;A01
201300054415;0;7;0;1;1;3;1;A01
201300054416;0;32;0;9;0;0;1;A01
201300054416;0;7;0;0;0;0;23;B01
201300054417;0;7;0;0;1;3;15;A01
201300054418;0;33;0;0;1;1;1;A01
201300054419;0;30;0;0;0;0;1;A01
201300054420;0;33;0;0;2;1;1;A01
201300054420;0;1;0;0;2;8;19;B01
201300054421;0;7;0;0;1;4;20;A01
201300054422;0;33;0;0;0;8;3;B01
201300054422;0;7;0;0;2;3;11;A01
201300054423;0;32;0;0;2;7;1;B01
201300054423;0;7;0;0;2;2;1;A01
201300054424;0;7;0;0;2;2;15;B01
201300054424;0;33;0;0;2;9;1;A01
201300054425;0;7;0;0;2;6;9;A01
201300054425;0;32;0;0;2;1;1;B01
201300054426;0;30;0;0;2;1;1;B01
201300054426;0;10;0;0;0;6;10;A01
201300054427;0;30;0;0;1;2;1;A01
201300054428;0;33;0;0;2;8;9;B01
201300054428;0;7;0;0;2;2;1;A01
201300054429;0;30;0;0;0;8;1;A01
201300054430;0;7;0;0;1;8;1;A01
201300054431;0;7;0;0;2;1;1;B01
201300054431;0;30;0;0;2;7;1;A01
201300054432;0;7;0;0;0;3;1;A01
201300054432;0;32;0;0;2;1;13;B01
201300054433;0;30;0;0;2;7;1;B01
201300054433;0;10;0;0;2;3;11;A01
201300054434;0;14;0;0;2;8;15;A01
201300054434;0;30;0;0;2;8;17;B01
201300054435;0;32;0;0;2;4;2;B01
201300054435;0;7;0;0;2;1;2;A01
201300054436;0;2;0;0;2;8;1;B01
201300054436;0;7;0;0;2;7;16;A01
201300054437;0;31;0;0;2;3;3;B01
201300054437;0;7;0;0;2;5;12;A01
201300054438;0;32;0;0;0;2;16;A01
201300054439;0;7;0;0;2;3;1;A01
201300054439;0;33;0;0;0;4;23;B01
201300054440;0;7;0;0;1;3;15;A01
201300054441;0;30;0;0;2;1;1;A01
201300054441;0;7;0;0;2;1;15;B01
201300054442;0;33;0;0;2;2;17;B01
201300054442;0;7;0;0;2;3;10;A01
201300054443;0;30;0;0;1;1;1;A01
201300054444;0;7;0;0;2;3;10;A01
201300054444;0;33;0;0;2;1;1;B01
201300054445;0;7;0;0;1;2;16;A01
201300054446;0;30;0;15;0;5;1;A01
201300054447;0;7;0;0;2;4;23;A01
201300054447;2;10;0;0;2;1;2;Z01
201300054448;0;2;0;0;2;1;1;A01
201300054448;0;7;0;0;2;3;15;B01
201300054449;0;7;0;0;2;1;16;A01
201300054449;0;30;0;0;2;1;18;B01
201300054450;0;7;0;0;2;6;1;B01
201300054450;0;2;0;0;2;1;1;A01
201300054451;0;7;0;0;1;1;15;A01
201300054452;0;7;0;0;2;8;15;B01
201300054452;0;2;0;0;2;3;17;A01
201300054453;0;7;0;0;2;1;1;B01
201300054453;0;2;0;0;2;4;11;A01
201300054454;0;1;0;0;2;8;19;B01
201300054454;0;33;0;0;2;3;1;A01
201300054455;0;7;0;0;1;4;4;A01
201300054456;0;1;0;0;2;1;18;B01
201300054456;0;7;0;0;2;1;15;A01
201300054457;0;10;0;0;2;2;1;A01
201300054457;0;7;0;1;2;3;9;B01
201300054458;0;7;0;0;1;1;16;A01
201300054459;0;31;0;0;2;1;1;A01
201300054459;1;7;0;0;2;6;10;Z01
201300054460;0;7;0;0;2;1;1;A01
201300054460;0;7;0;0;2;7;1;B01
201300054461;0;7;0;0;1;3;1;A01
201300054462;0;7;0;0;1;3;1;A01
201300054463;0;10;0;0;2;3;13;A01
201300054463;0;32;0;0;2;2;17;B01
201300054464;0;7;0;0;2;6;10;A01
201300054464;0;33;0;0;2;2;1;B01
201300054465;0;7;0;0;1;1;16;A01
201300054466;0;33;0;0;2;8;18;B01
201300054466;0;7;0;0;2;7;22;A01
201300054467;0;32;0;0;2;8;1;B01
201300054467;0;32;0;0;2;0;13;A01
201300054468;0;7;0;0;1;1;1;A01
201300054469;0;7;0;0;1;3;1;A01
201300054470;0;7;0;0;1;3;1;A01
201300054471;0;32;0;8;0;3;9;A01
201300054472;0;7;0;0;1;1;1;A01
201300054473;0;32;0;0;2;7;18;A01
201300054473;0;7;0;0;2;7;16;B01
201300054474;0;32;0;0;0;0;1;A01
201300054475;0;7;0;0;9;3;1;A01
201300054475;0;33;0;0;2;5;11;B01
201300054476;0;7;0;0;0;4;24;A01
201300054476;0;7;0;0;2;1;1;B01
201300054477;0;34;0;0;0;8;1;A01
201300054478;0;33;0;0;2;1;1;B01
201300054478;0;7;0;0;2;1;1;A01
201300054479;0;7;0;0;2;1;10;A01
201300054479;0;7;0;0;2;7;1;B01
201300054480;0;30;0;12;2;1;17;A01
201300054480;0;7;0;0;2;3;15;B01
201300054481;0;31;0;0;2;7;16;A01
201300054481;0;32;0;0;2;8;1;B01
201300054482;0;30;0;0;1;1;1;A01
201300054483;0;32;0;0;0;0;21;A01
201300054484;0;32;0;0;2;1;1;A01
201300054484;0;7;0;0;2;1;15;B01
201300054485;0;7;0;0;1;1;1;A01
201300054486;0;32;0;0;2;1;1;A01
201300054486;0;7;0;0;2;1;1;B01
201300054487;0;34;0;0;1;1;1;A01
201300054488;0;34;0;0;1;1;1;A01
201300054489;0;14;0;0;1;2;15;A01
201300054490;0;14;0;0;1;5;16;A01
201300054491;0;7;0;0;2;3;10;A01
201300054491;0;1;0;0;2;1;1;B01
201300054492;0;7;0;11;0;3;13;A01
201300054493;0;7;0;0;1;1;15;A01
201300054494;0;32;0;0;0;8;1;A01
201300054495;0;34;0;0;2;1;1;A01
201300054495;0;7;0;0;2;3;16;B01
201300054496;0;30;0;0;2;1;1;B01
201300054496;0;7;0;0;2;8;1;A01
201300054497;0;34;0;0;2;1;5;A01
201300054497;0;10;0;0;2;3;15;B01
201300054498;0;7;0;0;2;1;15;B01
201300054498;0;7;0;0;2;6;4;A01
201300054499;0;7;0;0;1;3;15;A01
201300054500;0;7;0;0;1;8;4;A01
201300054501;0;32;0;0;2;1;17;B01
201300054501;0;7;0;0;2;8;10;A01
201300054502;1;7;0;0;1;0;1;Z01
201300054503;0;32;0;0;2;2;1;A01
201300054503;0;10;0;0;2;1;1;B01
201300054504;0;7;0;0;2;5;16;A01
201300054504;0;30;0;0;2;8;1;B01
201300054505;0;7;0;0;1;3;1;A01
201300054506;0;34;0;0;0;0;9;A01
201300054507;1;7;0;0;1;2;1;Z01
201300054508;0;34;0;0;2;1;1;B01
201300054508;0;7;0;0;2;1;9;A01
201300054509;0;7;0;0;1;1;2;A01
201300054510;0;32;0;0;2;8;1;A01
201300054510;0;7;0;0;2;6;15;B01
201300054511;0;34;0;0;0;0;1;A01
201300054512;0;34;0;0;2;4;7;A01
201300054512;0;10;0;0;2;3;15;B01
201300054513;1;7;0;0;1;0;1;Z01
201300054514;0;10;0;0;2;1;1;B01
201300054514;0;7;0;0;2;8;10;A01
201300054515;0;7;0;1;2;5;1;B01
201300054515;0;7;0;0;1;1;1;A01
201300054516;0;30;0;0;1;1;17;A01
201300054517;0;31;0;0;0;7;1;A01
201300054518;0;33;0;0;0;8;9;A01
201300054519;0;33;0;0;1;1;1;A01
201300054520;0;31;0;0;2;1;1;A01
201300054520;0;7;0;0;2;3;1;B01
201300054521;0;33;0;0;1;0;1;A01
201300054522;0;31;0;0;2;7;1;A01
201300054522;0;7;0;0;0;8;15;B01
201300054523;0;7;0;0;2;1;1;B01
201300054523;0;7;0;9;2;8;1;A01
201300054524;0;7;0;0;1;3;1;A01
201300054525;0;10;0;0;2;1;2;A01
201300054525;0;7;0;0;2;4;23;B01
201300054526;0;7;0;0;2;1;2;A01
201300054526;0;7;0;0;2;4;23;B01
201300054526;0;7;0;0;2;4;23;C01
201300054527;0;34;0;0;0;7;17;B01
201300054527;0;7;0;0;2;3;15;A01
201300054528;0;7;0;0;1;7;1;A01
201300054529;0;7;0;0;0;5;16;B01
201300054529;0;37;7;0;2;3;7;A01
201300054530;0;7;0;0;2;3;15;A01
201300054530;0;30;0;0;0;6;1;B01
201300054531;0;32;0;0;1;3;17;A01
201300054532;0;32;0;1;2;3;17;A01
201300054532;0;7;0;0;0;3;1;B01
201300054533;0;32;0;0;2;1;1;A01
201300054533;0;30;0;0;2;3;15;B01
201300054534;0;10;0;0;2;3;9;A01
201300054534;0;33;0;0;2;7;1;B01
201300054535;1;7;0;0;1;0;15;Z01
201300054536;0;7;0;0;2;7;15;A01
201300054536;0;32;0;0;2;8;1;B01
201300054537;0;7;0;1;1;3;1;A01
201300054538;0;7;0;0;2;2;15;A01
201300054538;0;32;0;0;2;1;1;B01
201300054539;0;10;0;0;2;6;16;B01
201300054539;2;7;0;0;2;3;5;A01
201300054540;0;7;0;0;1;1;1;A01
201300054541;0;1;0;0;2;3;1;B01
201300054541;0;7;0;0;2;2;22;A01
201300054542;0;7;0;0;2;3;1;A01
201300054542;0;2;0;0;0;8;1;B01
201300054543;0;34;0;0;2;8;1;B01
201300054543;0;7;0;0;2;1;1;A01
201300054544;0;7;0;0;2;3;11;A01
201300054544;0;1;0;0;2;2;1;B01
201300054545;0;7;0;0;2;1;2;A01
201300054545;0;7;0;0;2;4;23;B01
201300054546;0;7;0;0;2;3;10;A01
201300054546;0;32;0;0;2;2;1;B01
201300054547;0;2;0;0;2;0;1;A01
201300054548;0;14;0;0;2;6;2;B01
201300054548;0;32;0;0;2;1;2;A01
201300054549;0;33;0;0;0;0;1;A01
201300054550;0;33;0;0;1;1;1;A01
201300054551;0;34;0;0;1;2;17;A01
201300054552;0;7;0;0;2;6;2;B01
201300054552;0;33;0;0;2;1;2;A01
201300054553;0;30;0;0;2;1;17;B01
201300054553;0;7;0;0;0;8;15;A01
201300054554;0;30;0;0;0;0;16;A01
201300054555;0;32;0;0;0;0;12;A01
201300054556;0;10;0;0;2;1;1;A01
201300054556;0;37;1;0;2;7;1;B01
201300054557;1;7;0;0;2;1;1;Z01
201300054557;0;7;0;0;2;9;1;C01
201300054557;0;7;0;0;2;9;1;B01
201300054557;0;7;0;0;0;4;1;A01
201300054558;0;30;0;0;2;1;1;A01
201300054558;0;7;0;0;2;3;15;B01
201300054559;0;30;0;0;2;1;18;A01
201300054559;0;7;0;0;2;2;16;B01
201300054560;0;7;0;0;2;3;15;B01
201300054560;0;33;0;0;2;2;17;A01
201300054561;0;30;0;0;0;2;1;A01
201300054562;1;30;0;0;1;1;3;Z01
201300054563;0;7;0;0;0;5;14;A01
201300054563;0;30;0;0;2;1;18;B01
201300054564;0;7;0;0;1;3;1;A01
201300054565;0;7;0;0;2;7;15;B01
201300054565;0;33;0;0;2;1;1;A01
201300054566;0;2;0;1;2;8;1;B01
201300054566;0;7;0;0;2;2;1;A01
201300054567;0;7;0;0;2;3;1;B01
201300054567;0;7;0;0;2;2;1;A01
201300054568;0;32;0;0;0;0;21;A01
201300054569;0;14;0;0;0;6;10;B01
201300054569;0;2;0;0;2;1;17;A01
201300054570;0;7;0;0;2;2;10;A01
201300054570;0;32;0;0;2;1;1;B01
201300054571;0;7;0;0;2;3;13;A01
201300054571;0;33;0;0;2;7;17;B01
201300054572;2;7;0;1;2;9;1;Z01
201300054572;0;7;0;1;2;3;16;A01
201300054573;0;32;0;0;1;1;1;A01
201300054574;0;7;0;0;2;3;13;A01
201300054574;0;34;0;0;2;7;17;B01
201300054575;0;7;0;0;2;8;12;A01
201300054575;0;34;0;0;2;8;3;B01
201300054576;0;33;0;0;2;4;23;B01
201300054576;0;7;0;0;2;3;12;A01
201300054577;0;34;0;0;0;1;1;A01
201300054578;0;7;0;0;1;6;20;A01
201300054579;0;33;0;0;2;1;17;B01
201300054579;0;7;0;0;2;8;10;A01
201300054580;0;1;0;0;2;3;18;B01
201300054580;0;7;0;0;2;7;22;A01
201300054581;0;34;0;0;2;8;1;B01
201300054581;0;10;0;0;2;2;14;A01
201300054582;0;7;0;0;2;1;2;A01
201300054582;0;33;0;0;2;4;23;B01
201300054583;0;1;0;0;2;8;1;B01
201300054583;0;7;0;0;2;2;1;A01
201300054584;0;1;0;0;2;4;7;A01
201300054584;1;7;0;0;2;1;7;Z01
201300054585;0;31;0;0;0;3;21;A01
201300054586;0;31;0;0;2;8;7;B01
201300054586;0;7;0;0;2;1;15;A01
201300054587;0;7;0;0;1;6;4;A01
201300054588;0;7;0;0;2;5;1;A01
201300054588;0;7;0;0;2;3;12;B01
201300054589;0;7;0;0;2;2;1;B01
201300054589;0;30;0;0;2;1;1;A01
201300054590;0;1;0;11;0;0;13;A01
201300054591;0;7;0;0;1;4;4;A01
201300054592;0;7;0;0;2;5;23;A01
201300054592;0;2;0;0;2;1;2;B01
201300054593;0;34;0;0;2;1;1;B01
201300054593;0;7;0;0;2;8;1;A01
201300054593;0;32;0;0;2;1;1;C01
201300054594;0;33;0;0;2;1;1;A01
201300054594;0;7;0;0;2;4;12;B01
201300054595;0;7;0;1;0;1;13;A01
201300054596;0;10;0;0;1;1;16;A01
201300054597;0;1;0;0;2;3;5;B01
201300054597;0;31;0;0;2;2;1;A01
201300054598;0;33;0;0;1;1;17;A01
201300054599;0;7;0;0;2;4;1;A01
201300054599;0;30;0;0;0;4;23;B01
201300054600;0;30;0;14;0;2;5;A01
201300054601;0;7;0;0;2;7;1;B01
201300054601;0;7;0;0;2;3;1;A01
201300054602;0;33;0;0;2;3;9;A01
201300054602;0;31;0;0;2;1;1;B01
201300054603;0;30;0;0;2;2;1;A01
201300054603;0;7;0;0;2;3;1;B01
201300054604;0;31;0;0;2;8;15;A01
201300054604;1;7;0;0;2;0;17;Z01
201300054605;0;10;0;0;2;1;1;B01
201300054605;0;33;0;0;2;7;1;A01
201300054606;0;30;0;0;1;1;1;A01
201300054607;0;7;0;0;2;4;23;B01
201300054607;0;30;0;0;2;1;2;A01
201300054608;0;7;0;0;1;2;1;A01
201300054609;0;32;0;0;2;7;1;B01
201300054609;0;7;0;0;2;3;1;A01
201300054610;0;7;0;0;1;1;15;A01
201300054611;0;31;0;0;2;8;1;B01
201300054611;0;7;0;0;2;2;1;A01
201300054612;0;7;0;1;2;1;9;A01
201300054612;0;7;0;0;2;0;24;B01
201300054613;0;7;0;0;2;5;23;B01
201300054613;0;7;0;0;2;3;2;A01
201300054614;0;7;0;0;2;2;16;A01
201300054614;0;1;0;0;2;8;1;B01
201300054615;0;32;0;0;2;4;23;B01
201300054615;0;10;0;0;2;4;2;A01
201300054616;0;33;0;0;2;6;1;B01
201300054616;0;7;0;0;2;1;15;A01
201300054617;0;2;0;0;2;1;2;A01
201300054617;0;10;0;0;2;4;23;B01
201300054618;0;7;0;0;2;3;10;A01
201300054618;0;32;0;0;2;2;1;B01
201300054619;0;7;0;0;2;3;9;B01
201300054619;0;32;0;0;2;2;1;A01
201300054620;0;31;0;0;0;8;1;A01
201300054621;2;7;0;11;0;1;1;A01
201300054622;0;32;0;0;0;9;1;A01
201300054623;0;7;0;0;2;1;2;A01
201300054623;0;1;0;0;2;4;23;C01
201300054623;0;7;0;0;2;4;23;B01
201300054624;0;7;0;0;1;3;1;A01
201300054625;2;7;0;11;0;3;1;Z01
201300054626;0;7;0;0;2;1;2;A01
201300054626;0;7;0;0;2;4;23;B01
201300054627;0;7;0;0;1;1;15;A01
201300054628;0;32;0;0;2;1;17;B01
201300054628;0;7;0;0;2;3;10;A01
201300054629;0;32;0;0;0;8;3;A01
201300054629;0;7;0;0;0;3;23;B01
201300054629;0;7;0;0;0;5;23;C01
201300054629;0;7;0;0;0;6;23;D01
201300054630;0;33;0;11;0;8;21;A01
201300054631;0;7;0;0;0;3;22;B01
201300054631;0;7;0;1;0;2;1;A01
201300054632;0;32;0;0;2;5;1;A01
201300054632;0;7;0;0;2;3;1;B01
201300054633;0;7;0;0;2;4;23;C01
201300054633;0;7;0;0;2;1;2;B01
201300054633;0;7;0;0;2;1;2;A01
201300054634;0;7;0;0;2;1;1;A01
201300054634;0;33;0;0;2;8;1;B01
201300054635;0;7;0;0;1;8;1;A01
201300054636;0;7;0;9;0;1;14;A01
201300054637;0;1;0;0;2;1;5;B01
201300054637;0;7;0;0;2;1;15;A01
201300054638;0;1;0;0;2;8;1;B01
201300054638;0;1;0;0;2;1;1;A01
201300054639;0;10;0;0;2;8;12;A01
201300054639;0;7;0;0;2;1;1;B01
201300054640;0;7;0;0;2;3;1;A01
201300054640;0;32;0;0;2;6;15;B01
201300054641;0;10;0;0;2;3;22;A01
201300054641;0;1;0;0;2;2;1;B01
201300054642;0;10;0;0;2;1;1;A01
201300054642;0;30;0;0;2;8;17;B01
201300054643;0;7;0;0;2;6;1;B01
201300054643;0;7;0;11;2;3;13;A01
201300054644;1;10;0;0;1;0;1;Z01
201300054645;0;7;0;0;2;6;2;B01
201300054645;0;32;0;0;2;1;2;A01
201300054646;0;7;0;0;1;1;1;A01
201300054647;0;33;0;0;2;2;17;B01
201300054647;0;7;0;0;2;8;10;A01
201300054648;1;7;0;0;2;7;14;Z01
201300054648;0;33;0;1;2;8;1;A01
201300054649;0;1;0;0;1;1;1;A01
201300054650;0;7;0;0;2;1;15;A01
201300054650;0;7;0;1;2;8;1;B01
201300054651;0;13;0;0;1;7;16;A01
201300054652;0;7;0;0;2;1;1;B01
201300054652;0;7;0;0;2;2;1;A01
201300054653;0;10;0;0;2;2;10;A01
201300054653;0;30;0;0;2;4;1;B01
201300054654;0;31;0;0;1;3;1;A01
201300054655;0;7;0;0;1;1;16;A01
201300054656;0;7;0;0;2;8;1;A01
201300054656;0;7;0;0;2;8;1;B01
201300054657;0;7;0;0;1;3;1;A01
201300054658;0;7;0;0;0;5;16;B01
201300054658;0;34;0;0;2;1;18;A01
201300054659;0;32;0;0;1;1;1;A01
201300054660;0;7;0;0;0;6;23;B01
201300054660;0;7;0;0;2;2;1;A01
201300054661;0;7;0;0;0;4;23;B01
201300054661;2;7;0;0;2;1;1;A01
201300054662;0;7;0;0;2;8;18;A01
201300054662;0;15;0;0;2;2;16;B01
201300054663;0;30;0;0;1;1;15;A01
201300054664;0;32;0;0;0;3;21;A01
201300054665;0;7;0;0;1;6;4;A01
201300054666;0;7;0;0;1;8;15;A01
201300054667;0;32;0;0;2;8;18;B01
201300054667;0;7;0;0;2;3;1;A01
201300054668;0;30;0;0;2;1;1;A01
201300054668;0;7;0;0;2;3;1;B01
201300054669;0;33;0;0;2;3;1;B01
201300054669;0;7;0;0;2;2;15;A01
201300054670;0;30;0;1;0;0;21;A01
201300054671;0;7;0;0;1;3;1;A01
201300054672;0;10;0;0;1;4;4;A01
201300054673;0;1;0;0;2;1;9;A01
201300054673;0;7;0;0;2;6;1;B01
201300054674;0;3;0;0;2;1;1;A01
201300054674;0;30;0;0;0;4;23;B01
201300054675;0;30;0;0;1;1;1;A01
201300054676;0;34;0;0;2;3;13;A01
201300054676;0;7;0;0;2;5;1;B01
201300054677;0;31;0;0;2;7;1;A01
201300054677;0;7;0;0;2;8;22;B01
201300054678;0;33;0;0;2;6;15;B01
201300054678;0;7;0;0;2;6;2;A01
201300054679;0;32;0;0;2;2;15;B01
201300054679;0;7;0;0;2;3;13;A01
201300054680;0;30;0;0;1;1;5;A01
201300054681;0;7;0;0;2;1;15;A01
201300054681;0;31;0;0;2;3;1;B01
201300054682;0;10;0;0;1;4;4;A01
201300054683;1;30;0;0;1;0;1;Z01
201300054684;0;33;0;0;2;0;1;C01
201300054684;0;2;0;0;2;0;1;B01
201300054684;0;33;0;0;2;0;13;A01
201300054685;0;7;0;0;1;2;1;A01
201300054686;0;7;0;0;2;4;2;A01
201300054686;0;7;0;0;2;0;23;B01
201300054687;0;7;0;0;2;3;22;A01
201300054687;0;1;0;0;2;3;1;B01
201300054688;0;7;0;0;0;5;1;A01
201300054688;0;7;0;0;2;2;1;B01
201300054689;0;7;0;1;0;2;1;A01
201300054689;0;37;75;0;2;3;23;B01
201300054690;0;7;0;0;2;3;15;A01
201300054690;0;30;0;0;2;2;17;B01
201300054691;0;7;0;0;2;4;4;B01
201300054691;0;31;0;0;2;1;1;A01
201300054692;0;32;0;0;1;3;1;A01
201300054693;0;7;0;0;1;2;15;A01
201300054694;0;7;0;0;1;3;1;A01
201300054695;0;32;0;0;2;1;1;A01
201300054695;0;7;0;0;0;4;23;B01
201300054696;0;10;0;0;1;1;15;A01
201300054697;0;7;0;0;1;2;1;A01
201300054698;0;7;0;0;2;6;23;B01
201300054698;0;2;0;0;2;2;2;A01
201300054699;0;7;0;0;2;7;15;A01
201300054699;0;32;0;0;2;1;1;B01
201300054700;0;7;0;9;0;3;13;A01
201300054701;0;7;0;0;2;3;15;B01
201300054701;0;31;0;0;2;1;5;A01
201300054702;1;7;0;0;2;0;13;Z01
201300054702;0;32;0;0;2;7;17;A01
201300054703;0;7;0;0;1;4;4;A01
201300054704;0;37;1;0;1;0;7;A01
201300054705;0;7;0;0;2;3;15;A01
201300054705;0;32;0;0;2;0;1;B01
201300054706;0;7;0;0;1;6;20;A01
201300054707;0;31;0;0;2;1;0;B01
201300054707;0;7;0;0;2;2;10;A01
201300054708;0;31;0;0;2;7;21;A01
201300054709;0;7;0;8;2;5;1;A01
201300054709;0;7;0;0;2;1;1;B01
201300054710;0;30;0;0;2;5;1;B01
201300054710;0;32;0;0;2;1;1;A01
201300054711;0;2;0;0;1;1;1;A01
201300054712;0;30;0;0;0;7;1;A01
201300054713;0;32;0;1;2;1;18;A01
201300054713;0;10;0;0;2;5;16;B01
201300054714;0;30;0;0;0;8;1;A01
201300054715;0;32;0;0;0;6;11;A01
201300054715;0;34;0;0;0;1;1;B01
201300054716;0;1;0;0;2;8;7;B01
201300054716;0;14;0;0;2;7;16;A01
201300054717;0;7;0;1;0;0;14;A01
201300054718;0;37;10;0;2;3;7;A01
201300054718;0;7;0;0;2;2;15;B01
201300054719;0;7;0;0;1;1;1;A01
201300054720;0;31;0;14;2;1;13;A01
201300054720;0;7;0;0;2;8;1;B01
201300054721;0;7;0;0;2;2;15;B01
201300054721;0;2;0;0;2;2;1;A01
201300054722;0;33;0;0;0;0;1;A01
201300054723;0;7;0;0;2;3;15;A01
201300054723;0;31;0;0;2;5;3;B01
201300054724;0;7;0;0;2;4;23;C01
201300054724;0;7;0;0;2;1;2;A01
201300054724;0;7;0;0;2;4;23;B01
201300054725;0;7;0;0;2;7;1;A01
201300054725;0;7;0;0;2;1;1;B01
201300054726;0;32;0;0;2;3;18;A01
201300054726;0;7;0;0;2;5;16;B01
201300054727;1;32;0;0;2;1;1;A01
201300054727;0;1;0;0;2;8;19;B01
201300054728;0;2;0;0;0;0;1;A01
201300054729;0;31;0;0;0;2;17;B01
201300054729;0;7;0;0;0;8;15;A01
201300054730;0;7;0;0;2;9;23;B01
201300054730;0;7;0;0;0;4;23;C01
201300054730;0;7;0;0;2;1;1;A01
201300054731;0;33;0;0;2;7;1;A01
201300054731;0;30;0;0;2;8;23;B01
201300054732;0;7;0;0;2;5;1;B01
201300054732;0;10;0;0;2;1;1;A01
201300054733;0;32;0;0;0;7;21;A01
201300054734;0;7;0;0;1;1;1;A01
201300054735;0;7;0;0;0;2;10;A01
201300054735;0;33;0;0;2;1;1;B01
201300054736;0;32;0;14;0;1;17;B01
201300054736;0;10;0;0;2;1;1;A01
201300054737;0;7;0;0;2;7;16;A01
201300054737;0;33;0;0;2;1;18;B01
201300054738;0;34;0;11;2;1;13;A01
201300054738;0;7;0;0;2;8;1;B01
201300054739;0;33;0;0;2;8;1;A01
201300054739;1;7;0;0;2;2;14;Z01
201300054740;0;10;0;0;1;5;16;A01
201300054741;0;7;0;0;1;6;4;A01
201300054742;0;10;0;0;2;1;15;A01
201300054742;0;34;0;0;2;1;1;B01
201300054743;0;7;0;0;2;8;13;A01
201300054743;0;31;0;0;2;7;1;B01
201300054744;0;7;0;0;2;2;1;B01
201300054744;0;30;0;0;2;1;1;A01
201300054745;0;7;0;0;0;7;16;A01
201300054745;0;33;0;0;2;1;18;B01
201300054746;0;32;0;0;0;3;1;A01
201300054747;0;33;0;0;0;9;1;A01
201300054748;0;7;0;8;0;1;1;A01
201300054749;1;7;0;0;2;2;10;Z01
201300054749;0;30;0;0;2;8;1;A01
201300054750;0;7;0;0;1;4;4;A01
201300054751;0;32;0;0;1;8;18;A01
201300054752;0;30;0;0;2;8;15;B01
201300054752;0;13;0;0;2;3;1;A01
201300054753;0;1;0;0;2;2;1;B01
201300054753;0;7;0;0;2;8;22;A01
201300054754;0;7;0;0;2;1;9;A01
201300054754;0;30;0;1;2;1;1;B01
201300054755;0;7;0;0;0;4;4;A01
201300054755;0;32;0;0;2;1;23;B01
201300054756;0;7;0;12;0;2;14;A01
201300054757;0;1;0;0;2;1;1;A01
201300054757;0;7;0;0;2;8;1;B01
201300054758;1;30;0;0;1;0;0;Z01
201300054759;0;7;0;0;2;1;15;A01
201300054759;0;2;0;0;2;7;1;B01
201300054760;0;7;0;0;2;3;13;A01
201300054760;0;32;0;0;2;1;17;B01
201300054761;0;10;0;1;0;5;16;A01
201300054761;0;37;7;0;0;3;9;B01
201300054762;0;1;0;0;0;0;1;A01
201300054763;0;7;0;0;1;8;16;A01
201300054764;0;10;0;0;2;3;15;B01
201300054764;0;30;0;0;2;1;17;A01
201300054765;0;33;0;0;2;7;1;A01
201300054765;0;7;0;0;2;3;9;B01
201300054766;0;31;0;0;1;0;1;A01