num_acc;senc;catv;occutc;obs;obsm;choc;manv;num_veh
201300054767;0;7;0;0;2;7;15;B01
201300054767;0;30;0;0;2;1;17;A01
201300054768;1;7;0;0;0;0;12;Z01
201300054768;0;32;0;0;0;0;1;A01
201300054768;0;32;0;0;0;0;1;B01
201300054769;0;10;0;0;1;8;4;A01
201300054770;0;31;0;0;1;2;1;A01
201300054771;0;7;0;0;2;1;2;A01
201300054771;0;7;0;0;2;4;23;B01
201300054772;0;7;0;0;2;2;23;A01
201300054772;0;34;0;0;2;8;1;B01
201300054773;0;34;0;0;1;1;17;A01
201300054774;0;10;0;0;1;4;4;A01
201300054775;0;7;0;0;0;4;23;A01
201300054775;1;7;0;0;0;1;1;Z01
201300054776;0;7;0;0;0;1;1;B01
201300054776;0;7;0;0;0;1;1;A01
201300054776;0;7;0;0;0;4;1;C01
201300054777;0;33;0;0;2;0;21;A01
201300054778;0;20;0;0;2;2;10;A01
201300054778;0;33;0;0;2;2;1;B01
201300054779;0;33;0;0;1;1;17;A01
201300054780;0;7;0;0;1;2;1;A01
201300054781;0;33;0;0;1;1;1;A01
201300054782;0;2;0;0;1;1;1;A01
201300054783;0;34;0;14;0;7;1;A01
201300054784;1;7;0;15;2;8;1;Z01
201300054784;0;7;0;0;2;8;1;A01
201300054785;0;30;0;0;2;6;1;A01
201300054785;1;7;0;0;2;2;14;Z01
201300054786;0;33;0;6;2;1;17;A01
201300054786;0;10;0;0;2;3;15;B01
201300054787;0;7;0;0;2;3;10;A01
201300054787;0;33;0;0;2;7;17;B01
201300054788;0;1;0;0;2;1;1;A01
201300054788;1;7;0;0;2;1;1;Z01
201300054789;0;7;0;15;2;1;15;B01
201300054789;0;7;0;0;2;6;1;A01
201300054790;0;7;0;0;0;6;23;B01
201300054790;0;33;0;0;2;1;1;A01
201300054791;0;34;0;0;1;1;17;A01
201300054792;0;33;0;0;0;0;1;A01
201300054793;0;33;0;0;2;7;17;B01
201300054793;0;7;0;0;2;6;13;A01
201300054794;0;7;0;0;1;1;15;A01
201300054795;0;7;0;0;0;3;11;A01
201300054795;0;33;0;0;0;2;1;B01
201300054796;0;7;0;0;2;7;1;B01
201300054796;0;7;0;0;2;6;1;C01
201300054796;1;7;0;0;2;8;22;Z01
201300054796;0;34;0;0;2;1;3;A01
201300054797;1;7;0;0;2;1;16;Z01
201300054797;0;32;0;0;2;8;1;A01
201300054798;0;7;0;0;1;1;1;A01
201300054799;0;33;0;0;1;1;1;A01
201300054800;0;33;0;0;2;1;2;A01
201300054800;0;7;0;0;2;6;23;B01
201300054801;0;7;0;0;2;5;10;A01
201300054801;0;31;0;0;2;1;1;B01
201300054802;0;7;0;0;2;0;15;B01
201300054802;0;31;0;0;2;0;1;A01
201300054803;0;7;0;0;2;3;10;A01
201300054803;0;7;0;0;2;2;1;B01
201300054803;0;10;0;0;2;8;1;C01
201300054804;0;7;0;0;2;8;1;B01
201300054804;0;32;0;0;1;1;1;A01
201300054805;0;32;0;0;2;1;15;B01
201300054805;0;10;0;0;2;2;1;A01
201300054806;0;1;0;0;1;2;5;A01
201300054807;0;33;0;0;0;7;1;A01
201300054808;0;7;0;0;1;1;1;A01
201300054809;0;10;0;0;1;2;7;A01
201300054810;0;31;0;0;2;0;1;B01
201300054810;0;7;0;0;2;0;15;A01
201300054811;0;1;0;0;1;1;1;A01
201300054812;2;7;0;0;2;1;1;Z01
201300054812;0;7;0;0;2;0;1;A01
201300054813;0;33;0;10;2;4;1;A01
201300054813;1;7;0;0;2;1;1;Z01
201300054814;0;7;0;0;1;3;9;A01
201300054815;0;7;0;0;1;3;16;A01
201300054816;0;34;0;0;1;1;1;A01
201300054817;0;7;0;0;2;3;9;B01
201300054817;0;31;0;0;2;1;1;A01
201300054818;0;30;0;0;2;3;1;A01
201300054818;1;10;0;0;2;0;14;Z01
201300054819;0;2;0;0;1;1;1;A01
201300054820;0;30;0;0;2;1;1;A01
201300054820;1;7;0;0;2;0;15;Z01
201300054821;0;31;0;0;1;0;1;A01
201300054822;0;7;0;0;1;2;1;A01
201300054823;0;30;0;0;2;8;1;A01
201300054823;1;7;0;0;2;7;17;Z01
201300054824;0;34;0;0;1;1;1;A01
201300054825;0;7;0;0;1;1;17;A01
201300054826;0;7;0;0;1;5;16;A01
201300054827;0;1;0;0;2;1;1;A01
201300054827;0;7;0;0;2;7;22;B01
201300054828;0;32;0;15;0;1;14;A01
201300054829;0;7;0;0;0;4;1;B01
201300054829;0;32;0;0;2;3;1;A01
201300054830;0;33;0;0;0;0;1;A01
201300054831;0;7;0;0;1;1;1;A01
201300054832;0;7;0;0;1;4;4;A01
201300054833;0;7;0;0;0;4;1;B01
201300054833;0;7;0;0;2;1;1;A01
201300054834;0;7;0;0;1;3;15;A01
201300054835;0;32;0;0;1;1;17;A01
201300054836;0;32;0;0;1;1;1;A01
201300054837;0;3;0;0;2;3;13;A01
201300054837;0;7;0;0;2;6;1;B01
201300054838;0;7;0;0;2;8;21;A01
201300054838;0;32;0;0;2;7;17;B01
201300054839;0;32;0;0;2;2;17;B01
201300054839;0;7;0;0;2;3;15;A01
201300054840;0;7;0;0;1;3;1;A01
201300054841;0;7;0;0;0;6;23;B01
201300054841;0;7;0;0;0;2;1;A01
201300054842;0;33;0;0;2;3;2;B01
201300054842;0;7;0;0;2;3;9;A01
201300054843;0;7;0;0;2;4;23;A01
201300054843;1;7;0;0;2;1;1;Z01
201300054844;0;7;0;0;1;3;1;A01
201300054845;0;33;0;0;2;2;2;A01
201300054845;0;33;0;0;2;8;2;C01
201300054845;0;7;0;0;2;6;23;B01
201300054846;0;31;0;0;2;7;1;B01
201300054846;0;7;0;0;2;3;1;A01
201300054847;0;2;0;0;1;1;1;A01
201300054848;0;7;0;0;2;2;15;A01
201300054848;0;2;0;0;2;1;1;B01
201300054849;0;31;0;0;2;2;18;B01
201300054849;0;10;0;0;2;2;16;A01
201300054850;0;7;0;0;1;0;1;A01
201300054851;0;33;0;0;2;0;1;A01
201300054851;0;7;0;0;2;0;11;B01
201300054852;0;33;0;1;2;8;13;A01
201300054853;0;32;0;0;2;1;1;B01
201300054853;0;10;0;0;2;8;9;A01
201300054854;2;7;0;0;2;7;14;Z01
201300054854;0;7;0;0;2;5;1;A01
201300054854;0;7;0;0;2;8;1;B01
201300054855;0;10;0;0;0;2;16;B01
201300054855;0;31;0;0;2;1;7;A01
201300054856;0;34;0;0;2;1;1;A01
201300054856;0;7;0;0;0;4;23;B01
201300054857;0;7;0;0;1;1;1;A01
201300054858;0;7;0;0;1;4;4;A01
201300054859;0;33;0;0;2;1;1;C01
201300054859;0;32;0;0;2;4;23;A01
201300054859;0;7;0;0;2;3;23;D01
201300054859;0;32;0;0;2;1;1;B01
201300054860;0;32;0;0;2;8;1;B01
201300054860;0;7;0;0;2;1;1;A01
201300054861;0;7;0;0;2;1;23;B01
201300054861;0;32;0;0;2;1;1;A01
201300054862;0;7;0;0;1;4;4;A01
201300054863;0;10;0;0;0;2;1;A01
201300054863;0;34;0;0;0;3;1;B01
201300054864;0;10;0;0;2;1;1;A01
201300054864;0;7;0;0;2;7;10;B01
201300054865;0;33;0;0;1;1;1;A01
201300054866;0;7;0;0;0;4;23;B01
201300054866;0;7;0;0;0;1;1;A01
201300054867;0;7;0;0;9;8;22;A01
201300054867;0;1;0;1;0;3;1;B01
201300054868;0;32;0;0;1;1;1;A01
201300054869;0;7;0;0;1;4;4;A01
201300054870;0;7;0;0;1;1;1;A01
201300054871;0;7;0;0;2;5;23;B01
201300054871;0;7;0;0;2;4;23;C01
201300054871;0;14;0;9;1;1;4;A01
201300054872;0;31;0;0;2;8;19;B01
201300054872;0;31;0;0;2;1;1;A01
201300054873;0;34;0;0;0;0;21;A01
201300054874;0;7;0;0;2;7;12;A01
201300054874;0;7;0;2;2;8;7;B01
201300054875;0;32;0;14;0;1;13;A01
201300054876;0;33;0;0;1;1;1;A01
201300054877;0;7;0;0;2;2;15;A01
201300054877;0;33;0;0;2;1;1;B01
201300054878;0;33;0;0;0;0;21;A01
201300054879;0;33;0;0;2;1;1;A01
201300054879;1;30;0;0;2;0;19;Z01
201300054880;0;33;0;0;2;7;3;B01
201300054880;0;10;0;0;2;7;1;C01
201300054880;0;7;0;0;2;3;22;A01
201300054881;0;7;0;0;2;1;15;A01
201300054881;0;31;0;0;2;7;1;B01
201300054882;0;7;0;0;1;2;1;A01
201300054883;1;7;0;0;1;1;16;Z01
201300054884;0;10;0;0;1;3;15;A01
201300054885;0;10;0;0;1;2;1;A01
201300054886;0;30;0;0;0;8;1;A01
201300054887;0;7;0;0;2;3;1;A01
201300054887;0;7;0;0;2;2;1;B01
201300054888;1;14;0;0;0;0;15;Z01
201300054888;0;2;0;0;2;3;18;A01
201300054889;0;10;0;0;2;3;2;C01
201300054889;0;34;0;1;0;1;18;B01
201300054889;1;7;0;0;2;8;24;A01
201300054890;0;7;0;1;2;2;1;B01
201300054890;0;7;0;0;2;1;2;C01
201300054890;0;7;0;0;2;4;2;A01
201300054891;0;30;0;0;2;2;17;A01
201300054891;0;13;0;0;2;8;13;B01
201300054892;2;10;0;1;2;1;1;Z01
201300054892;0;7;0;0;2;3;15;A01
201300054893;0;7;0;0;1;1;1;A01
201300054894;0;7;0;0;1;3;1;A01
201300054895;0;7;0;0;1;1;15;A01
201300054896;0;7;0;0;1;2;7;A01
201300054897;0;7;0;11;0;1;13;A01
201300054898;0;7;0;0;1;3;1;A01
201300054899;0;7;0;0;1;3;1;A01
201300054900;0;30;0;0;2;2;2;A01
201300054900;0;7;0;0;2;6;23;B01
201300054901;0;7;0;0;2;7;16;A01
201300054901;0;7;0;0;2;3;7;B01
201300054902;0;7;0;1;2;6;24;B01
201300054902;0;7;0;0;2;2;14;A01
201300054903;0;1;0;0;2;4;2;A01
201300054903;1;7;0;0;2;0;2;Z01
201300054904;0;10;0;9;0;1;1;A01
201300054905;0;7;0;0;2;6;2;B01
201300054905;0;33;0;0;2;1;2;A01
201300054906;0;7;0;0;2;2;15;A01
201300054906;0;32;0;0;2;1;18;B01
201300054907;0;7;0;0;2;4;2;B01
201300054907;0;7;0;0;2;1;2;A01
201300054908;0;2;0;0;2;1;1;B01
201300054908;0;7;0;0;2;3;13;A01
201300054909;1;10;0;0;2;0;13;Z01
201300054909;0;2;0;0;2;0;1;A01
201300054910;0;7;0;0;1;0;1;A01
201300054911;0;7;0;0;1;1;15;A01
201300054912;0;7;0;0;2;1;15;A01
201300054912;0;32;0;0;2;1;8;B01
201300054913;0;7;0;1;1;1;15;A01
201300054914;0;10;0;0;1;3;1;A01
201300054915;0;7;0;1;0;2;1;A01
201300054916;0;7;0;0;1;1;1;A01
201300054917;0;33;0;0;1;2;1;A01
201300054918;0;7;0;0;1;1;1;A01
201300054919;0;1;0;0;1;0;1;A01
201300054920;0;7;0;0;1;1;1;A01
201300054921;0;33;0;0;0;0;1;B01
201300054921;0;7;0;0;0;0;5;A01
201300054922;0;7;0;0;0;6;15;A01
201300054922;0;2;0;0;2;1;2;B01
201300054923;0;34;0;0;2;7;1;B01
201300054923;0;7;0;0;2;1;1;A01
201300054924;0;32;0;0;1;1;1;A01
201300054925;0;33;0;0;1;0;1;A01
201300054926;0;33;0;0;0;0;1;A01
201300054927;0;7;0;0;2;6;23;D01
201300054927;0;7;0;0;2;7;23;B01
201300054927;0;7;0;0;2;6;23;C01
201300054927;0;7;0;0;2;1;1;A01
201300054928;0;10;0;0;1;5;1;A01
201300054929;0;10;0;0;2;4;2;A01
201300054929;0;30;0;0;2;1;2;B01
201300054930;0;7;0;0;0;3;11;A01
201300054930;0;32;0;0;0;7;1;B01
201300054931;0;7;0;0;1;1;15;A01
201300054932;0;33;0;0;2;7;21;A01
201300054933;0;30;0;0;1;1;1;A01
201300054934;0;7;0;0;2;5;4;A01
201300054934;0;31;0;0;2;1;2;B01
201300054935;0;7;0;0;2;2;1;A01
201300054935;0;7;0;0;2;6;9;B01
201300054936;0;7;0;0;2;1;1;A01
201300054936;0;7;0;0;0;4;1;B01
201300054937;0;7;0;0;2;1;1;A01
201300054937;0;7;0;0;2;3;1;B01
201300054938;0;33;0;0;2;1;18;B01
201300054938;0;7;0;0;2;2;22;A01
201300054939;0;7;0;0;2;3;15;B01
201300054939;0;33;0;0;2;1;1;A01
201300054940;0;33;0;0;2;2;1;B01
201300054940;0;7;0;0;2;6;13;A01
201300054941;0;34;0;0;1;1;1;A01
201300054942;0;32;0;0;0;0;1;A01
201300054943;0;7;0;1;0;3;13;A01
201300054944;0;7;0;0;2;3;1;B01
201300054944;0;7;0;0;2;1;1;A01
201300054945;2;7;0;1;2;2;1;A01
201300054945;0;30;0;0;2;3;1;B01
201300054946;0;7;0;0;2;2;16;A01
201300054946;0;34;0;0;2;8;1;B01
201300054947;1;7;0;0;2;2;1;Z01
201300054947;0;34;0;0;2;1;1;A01
201300054948;0;7;0;0;1;1;16;A01
201300054949;0;7;0;0;2;9;10;A01
201300054949;0;31;0;0;2;7;17;B01
201300054950;0;7;0;0;1;3;15;A01
201300054951;0;31;0;0;2;1;1;B01
201300054951;0;7;0;0;2;3;15;A01
201300054952;0;7;0;11;0;3;14;A01
201300054953;0;31;0;0;1;7;1;A01
201300054954;0;1;0;0;2;8;1;B01
201300054954;0;7;0;0;2;7;1;A01
201300054955;0;31;0;0;2;0;17;B01
201300054955;0;7;0;0;2;3;15;A01
201300054956;0;7;0;0;1;6;4;A01
201300054957;0;7;0;0;2;2;14;A01
201300054957;0;33;0;0;2;8;1;B01
201300054958;0;30;0;0;2;4;1;B01
201300054958;0;7;0;0;2;1;1;A01
201300054959;0;34;0;14;0;7;1;A01
201300054960;1;14;0;0;1;0;1;Z01
201300054961;0;7;0;14;0;1;13;A01
201300054962;0;7;0;0;1;3;1;A01
201300054963;0;2;0;0;2;2;17;A01
201300054963;0;7;0;0;2;6;15;B01
201300054964;0;7;0;0;1;3;1;A01
201300054965;0;7;0;0;2;1;9;A01
201300054965;0;31;0;0;2;7;1;B01
201300054966;0;10;0;0;1;0;1;A01
201300054967;0;30;0;0;2;3;1;B01
201300054967;0;2;0;0;2;1;9;A01
201300054968;0;7;0;1;0;2;14;A01
201300054969;0;7;0;0;2;3;11;A01
201300054969;0;30;0;0;2;2;1;B01
201300054970;0;7;0;0;1;1;1;A01
201300054971;0;7;0;0;1;6;4;A01
201300054972;0;1;0;0;2;8;1;B01
201300054972;0;7;0;0;2;3;15;A01
201300054973;0;30;0;0;2;8;1;B01
201300054973;0;7;0;0;2;6;15;A01
201300054974;0;1;0;0;2;1;16;B01
201300054974;0;1;0;0;2;1;5;A01
201300054975;0;7;0;0;2;4;23;A01
201300054975;0;7;0;0;2;1;2;C01
201300054975;0;7;0;0;2;4;23;B01
201300054976;0;7;0;0;1;2;1;A01
201300054977;0;7;0;0;1;3;1;A01
201300054978;0;7;0;0;2;3;17;B01
201300054978;0;32;0;0;2;7;15;A01
201300054979;0;7;0;0;2;4;2;A01
201300054979;0;7;0;0;2;4;23;B01
201300054980;0;32;0;0;2;3;7;B01
201300054980;0;7;0;0;2;1;15;A01
201300054981;0;2;0;0;1;1;1;A01
201300054982;0;10;0;0;2;3;1;A01
201300054982;0;30;0;0;2;1;1;B01
201300054983;0;33;0;0;0;0;1;A01
201300054984;0;7;0;0;2;1;1;B01
201300054984;0;7;0;0;2;7;15;A01
201300054985;0;7;0;0;1;1;15;A01
201300054986;0;7;0;0;2;5;22;A01
201300054986;0;32;0;0;2;8;18;B01
201300054987;0;10;0;0;2;7;14;A01
201300054987;0;32;0;15;2;8;1;B01
201300054988;0;30;0;0;0;0;1;A01
201300054989;0;7;0;0;1;6;7;A01
201300054990;0;32;0;0;2;3;18;B01
201300054990;0;7;0;0;2;2;16;A01
201300054991;0;7;0;0;1;0;15;A01
201300054992;0;7;0;0;1;1;1;A01
201300054993;0;7;0;0;2;7;1;A01
201300054993;0;32;0;0;2;1;1;B01
201300054994;0;7;0;0;1;1;1;A01
201300054995;0;30;0;0;1;7;1;A01
201300054996;0;32;0;0;2;0;1;B01
201300054996;0;2;0;0;2;0;5;A01
201300054997;0;7;0;8;2;6;1;B01
201300054997;0;7;0;0;2;6;1;A01
201300054998;0;33;0;0;1;1;1;A01
201300054999;0;7;0;0;1;3;15;A01
201300055000;0;7;0;0;2;5;15;A01
201300055000;0;32;0;0;2;6;16;B01
201300055001;0;2;0;0;1;1;1;A01
201300055002;0;10;0;0;1;8;1;A01
201300055003;0;1;0;0;2;1;18;A01
201300055003;0;7;0;0;2;7;22;B01
201300055004;0;30;0;0;1;7;1;A01
201300055005;0;32;0;0;1;1;1;A01
201300055006;0;33;0;0;2;0;13;A01
201300055006;0;7;0;0;2;4;1;B01
201300055007;0;37;0;0;1;2;16;A01
201300055008;0;7;0;0;2;4;23;B01
201300055008;0;7;0;0;2;1;2;A01
201300055009;0;7;0;0;2;2;14;A01
201300055009;0;30;0;0;2;8;7;B01
201300055010;0;7;0;0;2;5;2;B01
201300055010;0;7;0;14;2;3;2;A01
201300055011;0;7;0;0;2;1;1;A01
201300055011;0;7;0;0;2;7;1;B01
201300055012;1;7;0;0;1;0;1;Z01
201300055013;0;7;0;0;1;1;16;A01
201300055014;1;2;0;0;1;1;1;Z01
201300055015;0;1;0;0;2;8;1;A01
201300055015;0;7;0;0;2;3;15;B01
201300055016;0;1;0;0;2;3;1;B01
201300055016;0;7;0;0;2;3;22;A01
201300055017;0;10;0;0;1;1;15;A01
201300055018;0;33;0;0;2;4;23;B01
201300055018;0;7;0;0;2;1;2;A01
201300055019;0;7;0;0;2;3;13;A01
201300055019;0;33;0;0;2;7;17;B01
201300055020;1;30;0;0;1;1;1;Z01
201300055021;0;37;1;0;1;7;16;A01
201300055022;1;7;0;0;1;7;1;Z01
201300055023;1;10;0;0;0;0;15;Z01
201300055023;0;32;0;0;2;0;1;A01
201300055024;0;32;0;0;2;3;7;A01
201300055024;0;7;0;0;2;2;16;B01
201300055025;0;32;0;0;0;4;23;B01
201300055025;0;7;0;0;2;3;15;A01
201300055026;0;32;0;9;0;1;18;A01
201300055027;0;30;0;0;2;2;7;B01
201300055027;0;10;0;0;2;7;15;A01
201300055028;0;34;0;0;1;1;1;A01
201300055029;0;7;0;0;2;1;1;A01
201300055029;0;30;0;0;2;7;1;B01
201300055030;0;2;0;0;1;1;17;A01
201300055031;0;7;0;0;2;5;15;A01
201300055031;0;7;0;0;2;2;1;B01
201300055032;0;10;0;0;2;6;1;B01
201300055032;0;7;0;0;2;1;11;A01
201300055033;0;7;0;0;1;1;1;A01
201300055034;0;7;0;0;1;1;1;A01
201300055035;0;10;0;0;2;6;15;A01
201300055035;0;2;0;0;2;1;1;B01
201300055036;0;7;0;0;2;3;15;A01
201300055036;0;1;0;0;2;1;1;B01
201300055037;0;7;0;0;1;7;1;A01
201300055038;0;1;0;0;1;1;1;A01
201300055039;0;7;0;0;2;0;22;B01
201300055039;0;30;0;0;2;0;1;A01
201300055040;1;7;0;0;2;1;13;Z01
201300055040;0;1;0;0;2;4;1;A01
201300055041;0;2;0;0;1;4;1;A01
201300055042;0;14;0;0;1;3;16;A01
201300055043;0;30;0;0;2;3;5;A01
201300055043;0;7;0;0;2;2;1;B01
201300055044;0;7;0;0;2;2;15;A01
201300055044;0;30;0;0;2;1;1;B01
201300055045;0;1;0;0;1;1;7;A01
201300055046;0;7;0;0;2;1;2;A01
201300055046;0;7;0;0;2;4;23;B01
201300055047;0;7;0;0;1;3;1;A01
201300055048;0;7;0;0;2;1;2;A01
201300055048;0;7;0;0;2;4;23;B01
201300055049;0;7;0;0;2;5;15;A01
201300055049;0;30;0;0;2;1;1;B01
201300055050;1;7;0;0;2;1;1;Z01
201300055050;0;1;0;0;2;8;19;A01
201300055051;0;7;0;0;2;4;23;B01
201300055051;0;30;0;0;0;1;7;A01
201300055052;0;1;0;1;0;1;1;B01
201300055052;1;7;0;0;0;8;22;Z01
201300055053;0;30;0;14;0;8;1;A01
201300055054;0;32;0;1;0;0;11;A01
201300055054;0;7;0;0;0;0;1;B01
201300055055;0;7;0;1;1;7;1;A01
201300055056;0;34;0;0;2;6;1;B01
201300055056;0;33;0;0;2;1;1;A01
201300055057;1;7;0;0;0;0;1;Z01
201300055057;0;1;0;0;2;3;1;B01
201300055058;0;32;0;16;0;1;1;A01
201300055059;0;7;0;0;2;5;15;B01
201300055059;0;7;0;0;2;2;1;A01
201300055060;0;30;0;0;2;3;7;B01
201300055060;0;7;0;0;2;2;15;A01
201300055061;0;33;0;14;0;1;12;A01
201300055062;0;33;0;0;2;7;23;B01
201300055062;0;7;0;0;2;4;4;A01
201300055063;0;10;0;16;1;2;20;A01
201300055064;0;10;0;0;2;5;16;A01
201300055064;0;33;0;0;2;1;7;B01
201300055065;0;33;0;0;2;0;1;B01
201300055065;0;7;0;0;2;1;15;A01
201300055066;0;1;0;0;2;4;2;A01
201300055066;2;7;0;0;2;1;2;Z01
201300055067;0;37;20;0;2;5;17;B01
201300055067;0;14;0;0;2;3;13;A01
201300055068;1;7;0;0;2;2;22;Z01
201300055068;0;1;0;0;2;7;1;A01
201300055069;0;34;0;0;1;1;1;A01
201300055070;0;31;0;0;2;1;1;C01
201300055070;0;7;0;0;2;3;10;A01
201300055070;0;32;0;0;2;1;1;B01
201300055071;0;7;0;0;2;1;1;A01
201300055071;0;34;0;0;2;1;1;B01
201300055072;0;31;0;1;1;1;14;A01
201300055073;0;7;0;0;2;2;15;A01
201300055073;0;32;0;0;2;1;1;B01
201300055074;0;14;0;0;2;2;9;B01
201300055074;0;30;0;0;2;6;1;A01
201300055075;0;7;0;0;2;8;22;A01
201300055075;0;1;0;0;2;0;1;B01
201300055076;0;7;0;0;0;4;1;A01
201300055077;0;7;0;0;2;6;10;A01
201300055077;0;31;0;0;2;2;17;B01
201300055078;0;7;0;0;2;2;15;A01
201300055078;0;32;0;0;2;1;1;B01
201300055079;0;7;0;0;2;3;11;A01
201300055079;0;32;0;0;2;1;1;B01
201300055080;0;7;0;0;2;4;23;B01
201300055080;0;10;0;0;2;4;23;C01
201300055080;0;7;0;0;2;1;2;A01
201300055081;0;7;0;0;2;3;9;A01
201300055081;0;1;0;0;2;2;5;B01
201300055082;0;7;0;0;2;1;1;A01
201300055082;0;7;0;1;2;7;1;B01
201300055083;0;7;0;0;1;3;1;A01
201300055084;1;33;0;0;1;0;1;Z01
201300055085;0;7;0;0;2;3;1;A01
201300055085;1;7;0;0;2;1;1;Z01
201300055086;0;7;0;0;2;3;12;A01
201300055086;0;33;0;0;2;7;1;B01
201300055087;0;14;0;0;1;7;16;A01
201300055088;0;1;0;0;2;0;1;B01
201300055088;0;7;0;0;2;5;22;A01
201300055089;0;10;0;0;1;5;4;A01
201300055090;0;30;0;0;0;7;16;A01
201300055091;0;7;0;0;2;1;1;B01
201300055091;0;2;0;0;2;6;1;A01
201300055092;1;7;0;0;2;8;13;Z01
201300055092;0;32;0;0;2;7;1;A01
201300055093;0;32;0;0;2;4;23;A01
201300055093;0;7;0;0;2;1;2;B01
201300055094;0;1;0;0;1;1;17;A01
201300055095;0;7;0;0;1;0;1;A01
201300055096;0;7;0;0;1;2;9;A01
201300055097;0;7;0;0;1;7;9;A01
201300055098;0;7;0;0;2;2;16;A01
201300055098;0;10;0;0;2;3;9;B01
201300055099;0;10;0;0;1;3;1;A01
201300055100;0;31;0;0;2;2;1;B01
201300055100;0;1;0;0;2;8;16;A01
201300055101;0;7;0;0;1;3;1;A01
201300055102;0;30;0;0;2;3;16;A01
201300055102;1;7;0;0;2;0;1;Z01
201300055103;0;10;0;14;0;1;14;A01
201300055104;1;7;0;0;2;1;2;Z01
201300055104;0;7;0;0;1;0;23;A01
201300055105;0;32;0;0;2;3;1;A01
201300055105;1;37;1;0;9;8;13;Z01
201300055106;0;7;0;7;0;3;1;A01
201300055107;0;7;0;0;1;2;1;A01
201300055108;0;31;0;0;2;1;17;B01
201300055108;0;33;0;0;2;2;1;A01
201300055109;0;13;0;0;2;1;2;B01
201300055109;0;7;0;0;2;4;23;A01
201300055110;0;7;0;0;1;4;4;A01
201300055111;0;7;0;0;0;6;23;A01
201300055111;1;7;0;14;0;1;1;Z01
201300055112;0;7;0;0;2;3;11;A01
201300055112;0;30;0;0;2;1;17;B01
201300055113;0;30;0;0;0;2;17;A01
201300055113;0;10;0;0;0;2;15;B01
201300055114;0;7;0;0;1;1;1;A01
201300055115;0;30;0;0;0;0;1;A01
201300055116;1;7;0;0;1;1;15;Z01
201300055117;0;7;0;0;0;7;10;A01
201300055117;0;2;0;0;0;1;1;B01
201300055118;0;7;0;0;1;2;1;A01
201300055119;0;7;0;0;1;1;15;A01
201300055120;0;30;0;9;1;0;1;A01
201300055121;0;7;0;0;2;1;1;A01
201300055121;0;7;0;0;2;9;23;B01
201300055122;0;7;0;0;2;7;14;A01
201300055122;0;33;0;0;2;3;1;B01
201300055123;0;33;0;1;0;3;1;A01
201300055123;0;7;0;0;0;3;22;B01
201300055124;0;7;0;1;0;0;14;A01
201300055125;0;33;0;0;2;1;17;A01
201300055125;1;7;0;0;2;1;13;Z01
201300055126;0;32;0;0;2;1;1;A01
201300055126;1;7;0;0;2;5;1;Z01
201300055127;0;31;0;0;1;0;1;A01
201300055128;0;7;0;11;0;1;1;A01
201300055129;0;34;0;0;2;8;0;B01
201300055129;0;7;0;0;2;7;0;A01
201300055130;0;30;0;0;2;1;2;A01
201300055130;0;34;0;0;2;4;23;B01
201300055131;0;7;0;0;2;8;11;A01
201300055131;0;34;0;0;2;2;1;B01
201300055132;0;14;0;0;2;6;13;A01
201300055132;0;32;0;0;2;4;1;B01
201300055133;0;7;0;0;2;8;1;B01
201300055133;0;32;0;0;2;1;1;A01
201300055134;2;7;0;0;0;2;15;A01
201300055134;0;33;0;0;0;1;1;B01
201300055135;0;30;0;1;0;1;1;A01
201300055136;0;1;0;0;2;0;7;A01
201300055136;0;10;0;0;2;7;16;B01
201300055137;0;10;0;0;1;2;7;A01
201300055138;0;10;0;0;2;3;16;B01
201300055138;0;33;0;0;2;1;1;A01
201300055139;0;31;0;0;0;0;17;A01
201300055140;0;30;0;0;0;4;23;B01
201300055140;0;7;0;0;2;1;15;A01
201300055141;1;7;0;0;1;0;7;A01
201300055142;0;32;0;0;0;6;1;A01
201300055142;0;7;0;0;0;6;23;B01
201300055143;0;33;0;0;1;2;1;A01
201300055144;0;7;0;0;2;1;5;A01
201300055144;0;7;0;0;2;1;15;B01
201300055145;0;7;0;11;0;1;14;A01
201300055146;0;10;0;0;1;2;16;A01
201300055147;0;34;0;0;2;2;17;B01
201300055147;0;7;0;0;2;3;15;A01
201300055148;0;7;0;0;2;4;1;C01
201300055148;0;7;0;0;2;4;1;B01
201300055148;0;10;0;0;2;1;1;A01
201300055149;1;7;0;0;2;1;1;Z01
201300055149;0;2;0;0;2;5;1;A01
201300055150;0;1;0;0;2;1;1;B01
201300055150;0;10;0;0;2;3;22;A01
201300055151;0;7;0;0;1;3;1;A01
201300055152;0;32;0;0;2;3;1;B01
201300055152;0;7;0;0;2;3;17;A01
201300055153;0;7;0;0;0;8;1;B01
201300055153;0;1;0;0;2;1;1;A01
201300055154;1;7;0;0;2;0;15;Z01
201300055154;0;32;0;0;2;7;17;A01
201300055155;0;1;0;0;2;0;1;B01
201300055155;0;7;0;0;2;2;16;A01
201300055156;0;7;0;0;1;1;4;A01
201300055157;0;7;0;8;0;1;13;A01
201300055158;0;7;0;8;1;1;13;A01
201300055159;0;33;0;0;2;7;14;A01
201300055159;0;7;0;0;2;8;1;B01
201300055160;0;10;0;0;1;3;9;A01
201300055161;0;31;0;0;1;1;17;A01
201300055162;0;31;0;0;2;1;1;B01