num_acc;senc;catv;occutc;obs;obsm;choc;manv;num_veh
201300055547;0;7;0;0;2;1;1;A01
201300055548;0;10;0;0;2;1;1;A01
201300055548;0;7;0;0;2;4;2;B01
201300055549;0;7;0;0;1;1;1;A01
201300055550;0;30;0;0;1;1;17;A01
201300055551;0;33;0;0;2;7;1;B01
201300055551;0;10;0;0;2;6;16;A01
201300055552;0;7;0;0;2;3;1;B01
201300055552;0;34;0;0;2;5;17;A01
201300055553;0;7;0;0;2;3;15;A01
201300055553;0;34;0;0;2;7;17;B01
201300055554;0;31;0;0;2;2;3;A01
201300055554;0;7;0;0;0;3;1;B01
201300055555;0;34;0;0;1;1;1;A01
201300055556;0;1;0;0;1;1;1;A01
201300055557;0;7;0;0;2;2;10;A01
201300055557;0;1;0;0;2;1;1;B01
201300055558;0;30;0;0;1;1;1;A01
201300055559;0;7;0;0;2;1;1;B01
201300055559;0;7;0;0;2;7;1;A01
201300055560;0;1;0;0;2;1;1;B01
201300055560;0;7;0;0;2;8;22;A01
201300055561;1;7;0;0;1;0;1;Z01
201300055562;0;7;0;0;2;6;1;B01
201300055562;0;7;0;0;2;1;1;A01
201300055563;0;33;0;0;0;0;21;A01
201300055564;0;30;0;0;0;0;1;A01
201300055565;0;7;0;0;2;8;1;B01
201300055565;0;32;0;0;2;1;1;A01
201300055566;0;7;0;0;1;0;15;A01
201300055567;0;7;0;0;0;5;23;B01
201300055567;0;7;0;0;0;3;1;A01
201300055568;0;7;0;0;2;4;9;A01
201300055568;0;3;0;0;2;1;1;B01
201300055569;0;31;0;0;2;8;1;B01
201300055569;0;7;0;0;2;3;13;A01
201300055570;0;7;0;0;2;2;1;A01
201300055570;1;7;0;0;2;3;5;Z01
201300055571;0;30;0;0;1;0;1;A01
201300055572;0;7;0;0;1;1;1;A01
201300055573;0;30;0;14;0;1;1;A01
201300055574;0;7;0;0;2;2;1;B01
201300055574;0;31;0;0;2;6;1;A01
201300055575;0;32;0;0;1;1;1;A01
201300055576;0;37;1;0;1;2;1;A01
201300055577;0;33;0;0;2;7;16;A01
201300055578;0;7;0;0;2;2;1;B01
201300055578;0;31;0;0;2;1;1;A01
201300055579;0;1;0;0;1;1;7;A01
201300055580;0;32;0;0;1;1;1;A01
201300055581;0;1;0;1;0;8;1;B01
201300055581;0;7;0;0;0;8;22;A01
201300055582;0;7;0;0;2;2;1;A01
201300055582;0;7;0;0;2;8;1;B01
201300055583;0;32;0;1;2;1;1;B01
201300055583;0;7;0;0;9;3;9;A01
201300055584;0;7;0;0;0;3;11;A01
201300055584;0;33;0;0;0;7;1;B01
201300055585;0;10;0;0;1;4;4;A01
201300055586;0;2;0;0;2;3;23;B01
201300055586;0;10;0;0;2;6;4;A01
201300055587;1;7;0;0;1;0;1;Z01
201300055588;0;33;0;0;9;1;21;A01
201300055589;0;7;0;0;1;1;1;A01
201300055590;0;32;0;0;9;1;21;A01
201300055591;0;32;0;0;2;7;1;A01
201300055591;1;7;0;0;2;3;1;Z01
201300055592;0;31;0;0;0;0;1;A01
201300055593;0;7;0;0;2;8;1;B01
201300055593;0;32;0;0;2;7;12;A01
201300055594;0;30;0;0;2;1;23;A01
201300055594;1;7;0;0;2;1;15;Z01
201300055595;0;7;0;0;1;3;1;A01
201300055596;0;1;0;0;1;2;7;A01
201300055597;0;7;0;0;2;4;23;B01
201300055597;0;32;0;0;2;1;2;A01
201300055598;0;32;0;0;1;1;1;A01
201300055599;0;7;0;0;2;3;15;B01
201300055599;0;2;0;0;2;1;17;A01
201300055600;0;30;0;0;2;1;1;A01
201300055600;0;7;0;0;2;1;15;B01
201300055601;0;30;0;0;0;8;1;A01
201300055602;0;7;0;0;2;8;9;A01
201300055602;0;30;0;0;2;3;1;B01
201300055603;0;7;0;0;1;8;1;A01
201300055604;1;7;0;10;1;4;1;Z01
201300055605;0;31;0;0;1;1;1;A01
201300055606;0;7;0;0;1;0;1;A01
201300055607;0;2;0;0;2;1;17;A01
201300055607;0;7;0;0;2;8;15;B01
201300055608;0;7;0;0;1;4;4;A01
201300055609;0;33;0;0;2;8;1;A01
201300055609;1;7;0;0;0;2;1;Z01
201300055610;0;1;0;0;2;1;1;A01
201300055610;0;10;0;0;2;3;1;B01
201300055611;0;7;0;0;2;8;15;A01
201300055611;0;30;0;0;2;2;17;B01
201300055612;0;3;0;0;2;7;15;A01
201300055612;0;32;0;0;2;1;1;B01
201300055613;0;7;0;0;1;2;1;A01
201300055614;0;30;0;0;2;8;18;B01
201300055614;0;7;0;0;2;1;15;A01
201300055615;0;7;0;4;0;3;15;A01
201300055616;0;7;0;0;2;3;1;A01
201300055616;0;7;0;0;2;2;16;B01
201300055617;0;31;0;0;1;1;1;A01
201300055618;0;7;0;0;2;3;15;A01
201300055618;0;7;0;0;2;2;1;B01
201300055619;0;7;0;0;1;3;1;A01
201300055620;0;7;0;0;1;8;1;A01
201300055621;0;1;0;0;1;1;1;A01
201300055622;0;31;0;0;1;2;1;A01
201300055623;0;31;0;0;2;3;1;B01
201300055623;0;7;0;0;2;2;13;A01
201300055624;0;10;0;0;1;2;1;A01
201300055625;0;7;0;0;2;2;2;A01
201300055625;0;1;0;0;2;4;2;B01
201300055626;0;10;0;0;1;4;20;A01
201300055627;0;7;0;0;2;5;14;A01
201300055627;0;1;0;0;2;5;1;B01
201300055628;0;32;0;0;1;1;1;A01
201300055629;0;30;0;1;0;1;13;A01
201300055630;0;10;0;0;1;2;1;A01
201300055631;0;7;0;0;1;2;1;A01
201300055632;1;7;0;0;1;7;1;Z01
201300055633;0;31;0;0;1;1;1;A01
201300055634;0;31;0;12;0;1;13;A01
201300055635;0;7;0;0;2;0;1;A01
201300055635;0;32;0;0;2;0;17;B01
201300055636;0;30;0;0;2;7;1;B01
201300055636;0;7;0;0;2;1;1;A01
201300055637;0;7;0;0;1;5;4;A01
201300055638;1;1;0;0;1;0;1;Z01
201300055639;0;32;0;0;0;1;1;B01
201300055639;0;7;0;0;0;5;1;A01
201300055640;0;7;0;0;9;2;1;A01
201300055640;0;2;0;0;2;1;1;B01
201300055641;1;30;0;0;2;1;5;Z01
201300055641;0;7;0;0;9;2;9;A01
201300055642;0;2;0;11;0;3;1;A01
201300055643;2;7;0;0;2;1;1;Z01
201300055643;0;7;0;0;2;3;1;A01
201300055644;0;32;0;0;2;2;17;A01
201300055644;0;7;0;0;9;6;17;B01
201300055645;0;31;0;0;0;7;1;A01
201300055646;0;7;0;0;1;3;15;A01
201300055647;0;7;0;0;2;8;15;B01
201300055647;0;32;0;0;2;1;1;A01
201300055648;0;37;1;0;2;6;23;B01
201300055648;0;7;0;0;2;2;17;A01
201300055649;0;31;0;0;0;8;1;A01
201300055650;1;32;0;0;1;1;17;Z01
201300055651;0;30;0;0;0;0;1;A01
201300055652;0;1;0;0;1;1;1;A01
201300055653;0;7;0;0;2;5;23;B01
201300055653;0;2;0;0;2;1;2;A01
201300055654;0;10;0;0;1;3;17;A01
201300055655;0;7;0;0;2;1;1;B01
201300055655;0;7;0;0;2;2;1;A01
201300055656;0;7;0;0;2;2;1;A01
201300055656;0;1;0;0;2;1;1;B01
201300055657;0;7;0;0;2;1;1;B01
201300055657;0;2;0;0;2;1;5;A01
201300055658;0;7;0;0;2;7;15;B01
201300055658;0;33;0;0;2;2;1;A01
201300055659;0;7;0;0;2;0;1;A01
201300055659;0;1;0;0;2;0;1;B01
201300055660;0;7;0;0;2;1;15;A01
201300055660;0;1;0;0;2;8;1;B01
201300055661;0;10;0;0;1;1;15;A01
201300055662;0;31;0;0;0;0;1;A01
201300055663;1;7;0;0;1;4;4;Z01
201300055664;0;10;0;0;2;5;23;B01
201300055664;0;7;0;0;2;3;2;A01
201300055665;0;7;0;0;2;8;15;A01
201300055665;0;34;0;0;2;1;17;B01
201300055666;1;32;0;0;1;2;1;Z01
201300055667;1;34;0;0;1;1;1;Z01
201300055668;0;1;0;0;1;1;1;A01
201300055669;0;33;0;0;2;1;2;A01
201300055669;0;33;0;0;2;4;16;B01
201300055670;0;13;0;0;2;1;2;A01
201300055670;0;7;0;0;2;4;23;B01
201300055671;0;7;0;0;1;4;4;A01
201300055672;1;1;0;0;1;1;1;Z01
201300055673;0;7;0;0;2;6;23;B01
201300055673;0;2;0;0;2;2;2;A01
201300055674;0;7;0;0;1;3;1;A01
201300055675;0;7;0;8;0;8;1;B01
201300055675;0;7;0;0;0;2;1;A01
201300055676;0;2;0;0;2;1;1;A01
201300055676;0;7;0;0;0;6;15;B01
201300055677;1;1;0;0;1;1;5;Z01
201300055678;0;7;0;0;9;1;1;A01
201300055678;0;1;0;0;2;8;1;B01
201300055679;0;37;50;0;0;0;21;A01
201300055680;0;31;0;0;0;1;1;A01
201300055681;0;7;0;0;2;3;15;A01
201300055681;0;7;0;0;2;3;1;B01
201300055682;0;32;0;0;2;8;17;A01
201300055682;0;7;0;0;2;4;1;B01
201300055683;0;31;0;0;2;8;11;A01
201300055683;1;7;0;0;2;8;1;Z01
201300055684;0;32;0;0;2;1;2;A01
201300055684;0;14;0;0;2;6;2;B01
201300055685;0;32;0;0;2;1;18;A01
201300055685;0;7;0;0;2;2;15;B01
201300055686;0;7;0;0;2;7;17;A01
201300055686;0;1;0;0;2;8;1;B01
201300055687;0;7;0;0;2;1;15;A01
201300055687;0;7;0;7;2;6;1;B01
201300055688;0;7;0;0;1;1;1;A01
201300055689;0;32;0;0;1;1;1;A01
201300055690;0;31;0;0;2;1;17;A01
201300055690;0;7;0;0;2;8;15;B01
201300055691;0;7;0;0;2;3;15;A01
201300055691;0;33;0;0;2;7;17;B01
201300055692;0;7;0;0;1;1;1;A01
201300055693;0;7;0;0;2;2;2;A01
201300055693;0;30;0;0;2;6;2;B01
201300055694;0;7;0;0;2;8;15;A01
201300055694;0;1;0;0;2;2;1;B01
201300055695;0;33;0;0;1;1;5;A01
201300055696;0;10;0;0;1;7;1;A01
201300055697;0;7;0;0;1;3;1;A01
201300055698;0;10;0;0;2;8;13;A01
201300055698;0;31;0;0;2;2;1;B01
201300055699;0;7;0;0;2;7;16;B01
201300055699;0;31;0;0;2;3;18;A01
201300055700;0;32;0;8;0;0;21;A01
201300055701;0;33;0;0;2;1;18;A01
201300055701;0;7;0;0;2;7;16;B01
201300055702;0;7;0;0;2;2;15;A01
201300055702;0;30;0;0;2;1;1;B01
201300055703;0;33;0;0;2;1;15;A01
201300055703;0;33;0;0;2;1;1;B01
201300055704;0;33;0;0;2;0;21;A01
201300055705;1;30;0;0;1;1;1;Z01
201300055706;0;1;0;0;2;3;1;B01
201300055706;0;7;0;0;9;7;10;A01
201300055707;0;7;0;0;2;7;1;A01
201300055707;0;37;4;0;2;3;1;B01
201300055708;0;7;0;0;2;8;15;B01
201300055708;0;33;0;0;2;7;17;A01
201300055709;0;7;0;0;0;3;1;A01
201300055709;0;7;0;0;2;0;1;B01
201300055710;0;7;0;0;2;5;15;A01
201300055710;0;34;0;0;2;1;1;B01
201300055711;0;7;0;0;1;3;1;A01
201300055712;0;1;0;8;0;1;1;A01
201300055713;0;32;0;0;2;7;3;B01
201300055713;0;7;0;0;2;2;12;A01
201300055714;2;30;0;0;2;2;18;Z01
201300055714;0;1;0;0;2;5;7;A01
201300055715;0;34;0;0;1;1;1;A01
201300055716;0;10;0;0;1;4;4;A01
201300055717;0;1;0;0;1;2;1;A01
201300055718;0;10;0;0;1;2;1;A01
201300055719;0;33;0;0;2;1;1;A01
201300055719;0;7;0;0;2;3;15;B01
201300055720;0;31;0;0;0;8;17;A01
201300055721;0;30;0;0;2;8;17;A01
201300055721;0;7;0;0;2;3;10;B01
201300055722;0;30;0;0;0;0;1;A01
201300055723;0;32;0;0;2;7;1;A01
201300055723;1;7;0;0;0;0;9;Z01
201300055724;0;7;0;0;1;3;1;A01
201300055725;1;37;1;0;2;0;17;Z01
201300055725;0;1;0;12;2;3;7;A01
201300055726;0;32;0;0;2;7;17;A01
201300055726;0;7;0;0;2;8;13;B01
201300055727;0;32;0;0;2;3;15;A01
201300055727;0;1;0;0;2;8;1;B01
201300055728;0;7;0;0;2;3;15;A01
201300055728;0;2;0;0;2;1;17;B01
201300055729;0;32;0;0;1;2;1;A01
201300055730;0;33;0;0;0;0;1;A01
201300055731;0;10;0;0;1;2;1;A01
201300055732;0;30;0;14;0;0;1;A01
201300055733;0;10;0;0;1;1;15;A01
201300055734;0;7;0;0;1;4;4;A01
201300055735;0;1;0;0;1;1;1;A01
201300055736;0;10;0;0;1;4;4;A01
201300055737;0;7;0;0;1;2;1;A01
201300055738;0;7;0;0;2;5;1;B01
201300055738;0;31;0;0;2;3;1;A01
201300055739;0;40;0;0;1;2;1;A01
201300055740;0;33;0;0;2;1;1;A01
201300055740;0;34;0;0;2;4;23;B01
201300055741;0;7;0;0;1;1;1;A01
201300055742;0;1;0;0;2;2;1;B01
201300055742;0;7;0;0;2;3;1;A01
201300055743;1;7;0;0;1;1;15;A01
201300055744;1;2;0;0;1;1;17;Z01
201300055745;0;7;0;0;2;1;1;B01
201300055745;0;7;0;0;2;1;13;A01
201300055746;1;7;0;0;1;2;16;Z01
201300055747;0;30;0;0;1;1;1;A01
201300055748;0;10;0;15;0;1;1;A01
201300055749;0;7;0;0;2;3;1;A01
201300055749;0;31;0;0;2;8;1;B01
201300055750;0;7;0;0;1;2;1;A01
201300055751;0;34;0;0;2;4;23;B01
201300055751;0;7;0;0;2;1;1;A01
201300055752;0;34;0;0;2;7;17;B01
201300055752;0;7;0;0;2;8;13;A01
201300055753;0;33;0;0;1;1;1;A01
201300055754;0;32;0;0;2;1;1;B01
201300055754;0;7;0;0;2;2;1;A01
201300055755;1;7;0;0;2;1;2;Z01
201300055755;0;7;0;0;2;4;2;B01
201300055755;0;7;0;0;2;4;2;A01
201300055756;1;30;0;0;1;1;1;Z01
201300055757;0;10;0;0;2;6;11;A01
201300055757;0;32;0;0;2;1;1;B01
201300055758;0;7;0;0;2;1;1;A01
201300055758;0;1;0;0;2;1;19;B01
201300055759;1;1;0;0;1;1;17;Z01
201300055760;0;31;0;0;1;2;17;A01
201300055761;0;32;0;14;2;1;1;A01
201300055761;0;7;0;0;2;4;23;B01
201300055762;0;7;0;0;1;3;1;A01
201300055763;0;30;0;0;2;1;17;A01
201300055763;0;7;0;0;2;6;15;B01
201300055764;0;7;0;0;1;3;1;A01
201300055765;0;7;0;0;2;8;15;B01
201300055765;0;31;0;0;2;3;17;A01
201300055766;1;30;0;0;1;1;1;Z01
201300055767;0;34;0;0;0;0;21;A01
201300055768;0;30;0;0;2;1;1;A01
201300055768;0;7;0;0;2;4;23;B01
201300055769;0;7;0;0;2;4;2;B01
201300055769;0;10;0;0;2;1;2;A01
201300055770;0;33;0;0;1;2;17;A01
201300055771;0;34;0;0;0;8;1;A01
201300055772;0;7;0;0;0;5;15;B01
201300055772;0;7;0;0;0;1;1;A01
201300055773;1;7;0;0;2;2;14;Z01
201300055773;0;33;0;0;2;8;1;A01
201300055774;0;7;0;0;1;2;1;A01
201300055775;0;32;0;0;1;0;1;A01
201300055776;1;2;0;0;1;7;1;Z01
201300055777;0;40;0;0;2;1;1;B01
201300055777;0;10;0;0;2;3;1;A01
201300055778;0;33;0;0;2;3;3;B01
201300055778;0;7;0;0;2;5;12;A01
201300055779;0;7;0;0;2;1;2;A01
201300055779;0;7;0;0;2;4;2;B01
201300055780;0;34;0;0;1;1;16;A01
201300055781;0;7;0;0;1;1;1;A01
201300055782;0;7;0;0;2;1;15;A01
201300055782;0;2;0;0;2;1;1;B01
201300055783;1;7;0;0;2;0;1;Z01
201300055783;0;10;0;0;2;1;1;A01
201300055784;0;33;0;0;2;8;1;B01
201300055784;0;7;0;0;2;2;1;A01
201300055785;0;7;0;0;1;7;1;A01
201300055786;0;7;0;0;2;2;16;A01
201300055786;0;2;0;0;0;1;1;B01
201300055787;0;34;0;0;2;3;18;A01
201300055787;0;7;0;0;2;2;16;B01
201300055788;0;30;0;0;0;7;9;B01
201300055788;0;7;0;0;0;7;23;C01
201300055788;0;30;0;0;2;1;1;A01
201300055789;0;7;0;0;2;4;15;B01
201300055789;0;33;0;0;2;1;2;A01
201300055790;1;7;0;0;1;2;5;Z01
201300055791;0;7;0;0;2;1;2;B01
201300055791;0;7;0;0;2;1;2;C01
201300055791;0;7;0;0;2;4;23;A01
201300055792;0;32;0;0;1;1;1;A01
201300055793;0;37;1;0;2;6;1;B01
201300055793;0;2;0;0;2;8;17;A01
201300055793;1;30;0;0;2;8;17;Z01
201300055794;0;7;0;0;1;1;1;A01
201300055795;0;33;0;0;1;1;1;A01
201300055796;0;7;0;0;2;2;15;A01
201300055796;0;33;0;0;2;0;1;B01
201300055797;0;33;0;0;0;0;1;A01
201300055798;0;7;0;0;2;3;1;B01
201300055798;0;33;0;0;2;0;21;A01
201300055799;0;10;0;0;1;1;16;A01
201300055800;0;10;0;0;2;4;1;B01
201300055800;0;7;0;0;2;4;1;C01
201300055800;0;7;0;0;2;1;13;A01
201300055801;0;33;0;0;1;1;1;A01
201300055802;0;7;0;0;2;3;15;A01
201300055802;0;30;0;0;2;8;1;B01
201300055803;0;7;0;0;2;2;16;B01
201300055803;0;31;0;0;2;1;18;A01
201300055804;0;32;0;0;1;1;1;A01
201300055805;1;7;0;0;2;1;16;Z01
201300055805;0;1;0;0;2;7;19;A01
201300055806;0;7;0;0;0;7;14;A01
201300055806;0;33;0;0;0;8;3;B01
201300055807;0;7;0;0;2;3;2;A01
201300055807;0;7;0;0;2;1;1;B01
201300055807;1;7;0;0;1;1;11;Z01
201300055808;0;33;0;0;1;1;1;A01
201300055809;0;7;0;1;0;2;1;A01
201300055810;0;32;0;0;0;7;1;A01
201300055811;1;2;0;0;1;0;1;Z01
201300055812;0;32;0;0;0;8;1;A01
201300055813;0;1;0;1;0;1;1;B01
201300055813;0;7;0;0;0;2;22;A01
201300055814;0;34;0;0;2;3;1;B01
201300055814;0;7;0;0;2;2;1;A01
201300055815;0;7;0;0;1;5;1;A01
201300055816;0;33;0;12;0;0;21;A01
201300055817;0;10;0;0;1;3;15;A01
201300055818;0;7;0;0;0;4;1;A01
201300055818;1;10;0;0;0;0;1;Z01
201300055819;0;7;0;1;1;7;1;A01
201300055820;0;7;0;0;2;3;1;C01
201300055820;0;10;0;0;2;9;23;B01
201300055820;0;7;0;0;2;3;1;A01
201300055821;0;2;0;14;0;1;13;A01
201300055822;0;7;0;0;1;2;15;A01
201300055823;0;33;0;0;1;1;1;A01
201300055823;0;7;0;0;2;8;23;B01
201300055824;0;7;0;0;2;3;15;A01
201300055824;0;30;0;0;2;1;1;B01
201300055825;0;7;0;0;2;1;2;A01
201300055825;0;7;0;0;2;4;2;B01
201300055826;0;7;0;0;2;3;9;B01
201300055826;0;30;0;0;2;7;17;A01
201300055827;0;7;0;4;0;1;13;A01
201300055828;0;7;0;0;2;1;2;A01
201300055828;0;7;0;0;2;4;23;B01
201300055829;0;7;0;0;1;2;1;A01
201300055830;0;7;0;0;1;7;1;A01
201300055831;0;7;0;0;2;0;4;A01
201300055831;0;33;0;0;2;0;16;B01
201300055832;0;7;0;0;2;8;1;C01
201300055832;0;32;0;0;2;8;3;B01
201300055832;0;10;0;0;2;7;12;A01
201300055833;0;30;0;0;1;1;1;A01
201300055834;0;7;0;0;2;2;16;A01
201300055834;0;2;0;0;2;8;7;B01
201300055835;0;33;0;0;2;1;17;A01
201300055835;0;7;0;0;2;5;23;B01
201300055836;0;10;0;0;1;3;15;A01
201300055837;0;34;0;0;1;1;1;A01
201300055838;0;7;0;0;2;2;12;A01
201300055838;0;33;0;0;2;8;7;B01
201300055839;0;37;1;0;2;3;13;A01
201300055839;0;32;0;0;2;3;17;B01
201300055840;0;10;0;0;2;4;2;B01
201300055840;0;7;0;0;2;1;2;A01
201300055841;0;7;0;0;2;1;2;A01
201300055841;0;32;0;0;2;4;23;B01
201300055842;0;7;0;0;2;5;1;A01
201300055842;0;10;0;0;2;2;1;B01
201300055843;0;33;0;14;0;3;13;A01
201300055844;0;33;0;0;2;1;1;B01
201300055844;0;10;0;0;2;3;10;A01
201300055845;0;7;0;0;2;3;1;B01
201300055845;0;7;0;0;2;3;1;A01
201300055846;0;10;0;0;2;1;2;A01
201300055846;0;7;0;0;2;4;23;B01
201300055847;0;33;0;0;1;1;1;A01
201300055848;0;1;0;0;2;8;18;B01
201300055848;0;13;0;0;2;5;16;A01
201300055849;0;1;0;0;2;1;1;C01
201300055849;0;7;0;0;2;1;1;B01
201300055849;0;7;0;0;2;1;22;A01
201300055850;0;7;0;0;2;4;18;A01
201300055850;0;37;7;0;2;3;1;B01
201300055851;0;7;0;0;2;5;15;A01
201300055851;0;33;0;0;2;1;1;B01
201300055852;0;10;0;0;1;1;16;A01
201300055853;0;32;0;0;0;3;1;A01
201300055854;0;7;0;0;1;3;13;A01
201300055855;0;33;0;0;0;1;1;A01
201300055856;0;7;0;9;1;1;1;A01
201300055856;0;7;0;0;2;2;1;B01
201300055857;0;2;0;0;2;8;18;B01
201300055857;0;7;0;0;2;7;16;A01
201300055858;0;33;0;14;0;0;14;A01
201300055859;0;7;0;0;1;1;1;A01
201300055860;0;7;0;0;0;3;15;B01
201300055860;0;7;0;0;0;2;17;A01
201300055861;0;32;0;0;2;3;1;B01
201300055861;0;7;0;0;2;1;15;A01
201300055862;0;31;0;0;1;3;1;A01
201300055863;0;33;0;0;2;1;1;B01
201300055863;0;32;0;0;2;0;5;A01
201300055864;0;30;0;0;0;8;1;A01
201300055865;0;7;0;0;2;2;1;B01
201300055865;0;30;0;0;2;2;15;A01
201300055866;0;30;0;0;0;0;1;A01
201300055867;0;33;0;0;2;1;1;A01
201300055867;0;7;0;0;2;7;1;B01
201300055868;0;7;0;0;2;1;1;A01
201300055868;0;7;0;0;0;4;23;B01
201300055869;0;32;0;0;2;2;17;B01
201300055869;0;10;0;0;2;8;15;A01
201300055870;0;33;0;15;2;8;1;A01
201300055870;0;7;0;0;2;2;1;B01
201300055871;0;1;0;0;2;8;23;B01
201300055871;0;7;0;0;2;2;1;A01
201300055872;0;7;0;0;2;2;15;A01
201300055872;0;34;0;0;2;1;1;B01
201300055873;0;32;0;11;2;1;17;B01
201300055873;0;7;0;0;0;6;13;A01
201300055874;0;2;0;7;0;1;1;A01
201300055875;0;7;0;0;2;8;1;B01
201300055875;0;30;0;0;2;9;1;A01
201300055876;0;33;0;0;2;8;3;B01
201300055876;0;7;0;0;2;7;12;A01
201300055877;0;7;0;0;1;3;1;A01
201300055878;0;7;0;0;2;6;1;B01
201300055878;0;7;0;0;2;1;1;A01
201300055879;0;10;0;0;2;1;1;D01
201300055879;0;7;0;0;2;8;1;F02
201300055879;0;10;0;0;2;4;1;B01
201300055879;0;10;0;0;2;1;1;C01
201300055879;0;10;0;0;2;7;1;E01
201300055879;0;7;0;0;0;0;9;A01
201300055880;0;7;0;0;1;2;1;A01
201300055880;0;1;0;0;2;0;19;B01
201300055881;0;7;0;6;0;1;1;A01
201300055882;0;10;0;0;2;6;1;A01
201300055882;0;13;0;0;2;2;1;B01
201300055883;0;7;0;0;2;8;24;B01
201300055883;0;38;1;0;0;6;16;A01
201300055884;0;7;0;0;1;7;7;A01
201300055885;0;7;0;0;1;2;1;A01
201300055886;0;7;0;0;2;5;1;C01
201300055886;0;7;0;0;2;7;14;A01
201300055886;0;33;0;0;2;8;1;B01
201300055887;0;7;0;12;0;2;5;A01
201300055887;0;7;0;0;0;8;23;C01
201300055887;0;7;0;0;0;3;23;B01
201300055888;0;33;0;0;2;1;2;B01
201300055888;0;7;0;0;2;3;15;A01
201300055889;0;7;0;8;2;7;15;A01
201300055889;0;7;0;0;2;1;1;B01
201300055890;0;7;0;0;1;6;4;A01
201300055891;0;34;0;0;2;1;1;B01
201300055891;0;7;0;0;9;8;10;A01
201300055892;0;34;0;5;0;2;1;A01
201300055893;0;14;0;0;2;2;16;A01
201300055893;0;1;0;0;2;3;7;B01
201300055894;0;34;0;12;0;7;14;A01
201300055895;0;33;0;0;2;2;1;B01
201300055895;0;7;0;0;2;8;22;A01
201300055896;0;2;0;0;9;3;18;B01
201300055896;0;1;0;0;0;5;13;A01
201300055897;0;33;0;0;2;1;1;A01
201300055897;0;17;0;0;2;6;1;B01
201300055898;0;31;0;0;0;8;3;A01
201300055899;0;33;0;0;2;2;14;A01
201300055899;0;7;0;0;2;3;13;B01
201300055900;0;31;0;0;1;1;1;A01
201300055901;0;7;0;0;1;2;7;A01
201300055902;0;10;0;0;2;3;1;B01
201300055902;0;33;0;14;2;7;17;A01
201300055903;0;30;0;0;0;7;21;A01
201300055904;0;33;0;0;2;8;2;A01
201300055904;0;10;0;0;2;5;23;B01
201300055905;0;7;0;0;2;1;1;A01
201300055905;0;7;0;15;2;7;1;B01
201300055906;0;7;0;1;2;9;1;A01
201300055907;0;30;0;8;2;3;18;A01
201300055907;0;7;0;0;2;2;16;B01
201300055908;0;7;0;0;2;4;23;B01
201300055908;0;7;0;0;2;4;23;C01
201300055908;0;13;0;0;2;1;2;A01
201300055909;0;7;0;0;1;1;1;A01
201300055910;0;34;0;15;2;3;14;A01
201300055910;0;7;0;0;2;2;7;B01
201300055911;0;7;0;0;2;7;1;A01
201300055911;0;7;0;0;2;8;22;B01
201300055912;0;33;0;0;2;1;1;A01
201300055912;0;7;0;0;2;3;1;B01
201300055913;0;34;0;0;2;1;1;B01
201300055913;0;7;0;0;2;3;10;A01
201300055914;0;14;0;0;2;2;16;A01
201300055914;0;1;0;0;0;6;7;B01
201300055915;0;7;0;0;2;5;1;B01
201300055915;0;10;0;1;2;3;1;A01
201300055916;0;34;0;12;2;8;13;A01
201300055916;0;10;0;0;2;3;1;B01
201300055917;0;2;0;0;1;8;7;A01
201300055918;0;38;3;0;1;6;1;A01
201300055919;0;14;0;0;1;0;1;A01
201300055920;0;7;0;0;2;3;1;B01
201300055920;0;31;0;0;2;1;13;A01
201300055921;0;7;0;0;2;8;10;A01
201300055921;0;33;0;0;2;1;17;B01
201300055922;0;7;0;5;2;4;2;A01
201300055922;1;7;0;0;2;4;2;Z01
201300055923;0;7;0;0;1;1;1;A01
201300055924;0;7;0;0;1;2;1;A01
201300055925;0;34;0;0;2;0;1;B01
201300055925;0;7;0;0;2;0;1;A01
201300055926;0;7;0;0;2;6;23;C01
201300055926;0;30;0;0;2;1;3;A01
201300055926;0;7;0;0;2;3;23;B01
201300055927;0;2;0;0;2;1;7;A01
201300055927;0;10;0;0;2;4;23;C01
201300055927;0;7;0;0;2;2;16;B01
201300055928;0;31;0;0;2;8;23;B01
201300055928;0;7;0;14;2;7;14;A01
201300055929;0;1;0;0;2;1;1;B01
201300055929;0;10;0;0;2;3;1;A01
201300055930;0;33;0;1;0;1;1;A01
201300055931;0;7;0;14;2;7;13;A01
201300055931;0;32;0;1;2;1;1;B01
201300055932;0;32;0;0;1;0;1;A01
201300055933;2;7;0;0;1;2;1;Z01
201300055934;0;1;0;0;0;8;19;B01
201300055934;0;7;0;0;0;1;1;A01
201300055935;0;2;0;0;2;1;7;A01
201300055935;0;7;0;0;2;2;16;B01
201300055936;0;10;0;0;1;3;15;A01
201300055937;0;7;0;11;0;3;15;A01
201300055938;0;33;0;12;0;1;14;A01
201300055939;0;7;0;0;2;1;15;A01
201300055939;0;33;0;0;2;1;7;B01
201300055940;0;34;0;0;0;0;1;A01
201300055941;0;7;0;0;2;3;1;B01
201300055941;0;30;0;1;2;1;5;A01
201300055942;0;2;0;2;2;9;18;A01
201300055942;0;7;0;0;2;2;1;B01
201300055943;0;7;0;0;2;6;12;A01
201300055943;0;31;0;0;2;7;1;B01
201300055944;0;7;0;0;1;3;1;A01
201300055945;0;7;0;0;1;2;1;A01
201300055946;0;32;0;15;0;3;1;A01