num_acc;senc;catv;occutc;obs;obsm;choc;manv;num_veh
201300055947;0;31;0;0;1;1;9;A01
201300055948;0;31;0;0;2;7;1;B01
201300055948;0;7;0;0;2;3;5;A01
201300055949;0;31;0;12;0;7;14;A01
201300055950;0;33;0;0;2;1;3;A01
201300055950;0;7;0;0;2;6;23;B01
201300055951;0;2;0;14;1;0;2;A01
201300055951;0;7;0;0;2;5;23;B01
201300055952;0;7;0;0;1;6;4;A01
201300055953;0;31;0;12;0;8;1;A01
201300055954;0;33;0;4;1;1;17;A01
201300055955;0;7;0;0;2;2;1;A01
201300055955;0;30;0;0;2;8;1;B01
201300055956;0;7;0;0;2;7;16;A01
201300055956;0;31;0;0;2;8;1;B01
201300055957;0;7;0;4;0;3;13;A01
201300055958;0;30;0;0;1;1;18;A01
201300055959;0;7;0;0;2;7;1;A01
201300055959;0;7;0;1;2;1;1;B01
201300055960;0;7;0;0;1;1;1;A01
201300055961;0;7;0;0;2;1;1;A01
201300055961;0;7;0;0;2;4;23;B01
201300055962;0;7;0;15;2;1;1;A01
201300055962;0;10;0;9;2;6;1;B01
201300055963;0;2;0;0;2;1;1;A01
201300055963;0;7;0;0;2;3;1;B01
201300055964;0;2;0;0;0;7;1;A01
201300055965;0;10;0;0;2;2;1;A01
201300055965;0;31;0;0;2;8;1;B01
201300055966;0;37;20;0;2;2;16;A01
201300055966;0;10;0;0;2;6;24;B01
201300055967;0;7;0;0;2;3;1;B01
201300055967;0;30;0;0;2;1;17;A01
201300055968;0;33;0;4;0;7;14;A01
201300055969;0;7;0;0;2;5;23;B01
201300055969;0;33;0;0;2;1;2;A01
201300055970;0;14;0;0;2;2;2;A01
201300055970;0;1;0;0;2;4;2;B01
201300055971;0;7;0;0;2;2;1;A01
201300055971;0;31;0;0;2;3;1;B01
201300055972;0;34;0;1;0;1;17;A01
201300055973;0;7;0;9;0;1;1;A01
201300055974;0;30;0;0;2;3;1;B01
201300055974;0;7;0;0;2;2;16;A01
201300055975;0;10;0;0;2;3;13;A01
201300055975;0;33;0;0;2;7;1;B01
201300055976;0;7;0;0;1;3;16;A01
201300055977;0;33;0;0;2;1;1;B01
201300055977;0;7;0;0;2;6;11;A01
201300055978;0;7;0;1;2;1;10;A01
201300055978;0;33;0;0;2;1;1;B01
201300055979;0;31;0;0;2;1;1;B01
201300055979;0;7;0;0;0;6;13;A01
201300055980;0;7;0;0;2;2;15;A01
201300055980;0;33;0;0;2;1;1;B01
201300055981;0;10;0;0;1;3;15;A01
201300055982;0;30;0;0;1;1;1;A01
201300055983;0;33;0;0;2;1;2;A01
201300055983;0;7;0;0;2;5;2;B01
201300055984;0;32;0;15;0;1;14;A01
201300055985;0;33;0;0;2;7;12;A01
201300055985;0;31;0;0;2;8;1;B01
201300055986;0;33;0;0;2;1;1;B01
201300055986;0;10;0;0;2;2;15;A01
201300055987;0;1;0;0;1;1;1;A01
201300055988;0;7;0;1;0;7;4;A01
201300055989;0;34;0;0;2;2;1;B01
201300055989;0;10;0;0;2;3;13;A01
201300055990;0;7;0;0;2;6;1;B01
201300055990;0;32;0;3;2;0;3;C01
201300055990;0;7;0;0;2;2;12;A01
201300055991;0;38;0;0;1;2;1;A01
201300055992;0;2;0;1;0;1;13;A01
201300055993;0;37;1;0;1;2;7;A01
201300055994;0;33;0;0;2;2;15;B01
201300055994;0;30;0;0;2;1;1;A01
201300055995;0;1;0;0;2;2;12;A01
201300055995;0;33;0;0;2;3;1;B01
201300055996;0;33;0;0;2;0;1;B01
201300055996;0;7;0;0;2;2;1;A01
201300055997;0;1;0;9;2;7;17;B01
201300055997;0;37;28;0;2;8;1;A01
201300055998;0;7;0;0;2;3;1;A01
201300055998;0;32;0;0;2;8;1;B01
201300055999;0;7;0;9;0;3;1;A01
201300056000;0;33;0;0;0;0;1;A01
201300056001;0;7;0;0;2;8;1;B01
201300056001;0;34;0;10;2;9;17;A01
201300056001;0;7;0;0;2;6;1;C01
201300056002;0;7;0;0;2;2;15;A01
201300056002;0;33;0;0;2;1;1;B01
201300056003;0;7;0;0;1;7;1;A01
201300056004;0;7;0;12;0;1;1;A01
201300056005;0;10;0;0;0;2;1;A01
201300056005;0;33;0;0;2;6;23;B01
201300056006;0;7;0;0;1;2;1;A01
201300056007;0;7;0;0;1;1;15;A01
201300056008;0;7;0;0;1;2;1;A01
201300056009;0;7;0;1;0;1;9;A01
201300056010;0;30;0;0;2;1;1;B01
201300056010;0;10;0;0;2;2;16;A01
201300056011;0;7;0;0;0;4;23;C01
201300056011;0;33;0;0;2;1;1;B01
201300056011;0;7;0;0;0;0;1;A01
201300056012;0;7;0;0;1;2;1;A01
201300056013;0;10;0;1;2;3;1;B01
201300056013;0;33;0;0;2;8;3;A01
201300056014;0;2;0;0;0;0;0;A01
201300056015;0;7;0;0;1;3;1;A01
201300056016;0;7;0;0;2;5;1;B01
201300056016;0;34;0;0;2;3;3;A01
201300056017;0;2;0;0;2;1;21;A01
201300056017;0;7;0;0;2;4;15;B01
201300056018;0;32;0;0;2;1;1;B01
201300056018;0;7;0;0;2;2;1;A01
201300056019;0;7;0;0;1;5;4;A01
201300056020;0;7;0;0;1;1;1;A01
201300056021;0;31;0;12;0;2;13;A01
201300056022;0;33;0;0;2;1;2;A01
201300056022;0;7;0;0;2;6;2;B01
201300056023;0;38;1;0;2;5;17;A01
201300056023;0;1;0;0;2;3;7;B01
201300056024;0;37;0;0;1;2;1;A01
201300056025;1;33;0;0;1;1;1;Z01
201300056026;0;30;0;0;2;6;1;B01
201300056026;0;7;0;0;2;3;1;A01
201300056027;0;34;0;14;0;6;13;A01
201300056028;0;7;0;0;1;6;4;A01
201300056029;0;7;0;0;1;1;1;A01
201300056030;0;31;0;4;2;1;15;A01
201300056030;1;7;0;0;2;3;1;Z01
201300056031;0;31;0;12;0;7;14;A01
201300056032;0;7;0;0;1;2;1;A01
201300056033;0;32;0;0;2;7;17;A01
201300056033;0;7;0;0;2;3;15;B01
201300056034;0;33;0;0;2;1;1;A01
201300056034;0;7;0;0;2;8;1;C01
201300056034;0;7;0;0;2;5;1;B01
201300056035;0;7;0;0;1;3;7;A01
201300056036;0;31;0;0;0;7;1;A01
201300056037;0;7;0;0;0;3;9;A01
201300056037;0;32;0;0;2;1;1;B01
201300056038;0;33;0;0;1;1;1;A01
201300056039;0;7;0;0;2;3;15;B01
201300056039;0;31;0;0;2;2;5;A01
201300056040;0;7;0;0;2;1;1;A01
201300056040;0;7;0;0;2;8;1;B01
201300056041;0;32;0;0;2;1;1;C01
201300056041;0;32;0;1;0;1;1;B01
201300056041;0;7;0;0;2;3;22;A01
201300056042;0;10;0;0;2;4;1;C01
201300056042;0;7;0;0;2;7;12;A01
201300056042;0;33;0;0;2;1;1;B01
201300056043;0;33;0;0;2;1;17;B01
201300056043;0;36;0;0;2;8;13;A01
201300056044;0;1;0;14;0;1;1;A01
201300056045;0;7;0;0;1;1;1;A01
201300056046;0;14;0;0;2;7;16;A01
201300056046;0;1;0;0;2;8;7;B01
201300056047;0;2;0;0;2;1;2;A01
201300056047;0;31;0;0;2;4;2;B01
201300056048;0;33;0;0;2;2;1;A01
201300056048;0;31;0;1;2;3;1;B01
201300056049;0;7;0;0;2;3;15;A01
201300056049;0;33;0;0;2;1;1;B01
201300056050;0;2;0;8;0;2;1;A01
201300056051;0;10;0;0;1;4;1;A01
201300056052;0;2;0;0;2;1;1;B01
201300056052;0;7;0;0;2;7;15;A01
201300056053;0;33;0;0;2;5;2;B01
201300056053;0;7;0;0;2;1;23;A01
201300056054;0;1;0;0;2;1;19;A01
201300056054;0;10;0;0;2;2;7;B01
201300056055;0;14;0;0;1;2;1;A01
201300056056;0;32;0;12;0;9;14;A01
201300056057;0;7;0;0;2;2;15;A01
201300056057;0;33;0;0;2;1;1;B01
201300056058;0;33;0;12;0;1;13;A01
201300056059;0;7;0;0;2;3;15;A01
201300056059;0;31;0;0;2;1;1;B01
201300056060;0;31;0;0;2;3;1;B01
201300056060;0;7;0;0;2;2;12;A01
201300056061;0;7;0;8;1;2;2;A01
201300056061;0;7;0;0;2;4;23;B01
201300056062;0;1;0;0;2;0;1;B01
201300056062;0;36;0;1;2;0;1;A01
201300056063;0;7;0;0;2;8;24;B01
201300056063;0;31;0;0;2;7;1;A01
201300056064;0;7;0;0;1;0;10;A01
201300056065;0;10;0;0;1;5;4;A01
201300056066;0;37;1;0;1;2;7;A01
201300056067;0;7;0;0;1;2;1;A01
201300056068;0;33;0;0;0;0;1;A01
201300056069;0;2;0;9;0;8;1;A01
201300056070;0;7;0;0;2;6;10;A01
201300056070;0;31;0;0;2;1;1;B01
201300056071;0;32;0;0;2;1;1;A01
201300056071;0;7;0;0;0;0;23;B01
201300056072;0;32;0;0;2;1;1;A01
201300056072;0;7;0;0;2;3;1;B01
201300056073;0;30;0;1;0;3;13;A01
201300056074;0;7;0;0;2;8;15;A01
201300056074;0;30;0;0;2;1;1;B01
201300056075;0;32;0;0;1;1;1;A01
201300056076;0;7;0;11;0;1;1;A01
201300056077;0;7;0;0;2;1;15;A01
201300056077;0;33;0;0;2;8;1;B01
201300056078;0;7;0;0;1;3;1;A01
201300056079;0;7;0;0;2;3;15;A01
201300056079;0;33;0;0;2;1;1;B01
201300056079;0;37;1;0;2;5;23;C01
201300056080;0;10;0;0;1;1;4;A01
201300056081;0;14;0;0;2;2;1;A01
201300056081;0;1;0;0;2;3;13;B01
201300056082;0;7;0;0;2;2;1;A01
201300056082;0;7;0;0;2;1;1;C01
201300056082;0;32;0;0;2;8;1;B01
201300056083;0;37;1;0;1;3;1;A01
201300056084;0;33;0;0;2;1;1;A01
201300056084;0;7;0;0;2;2;23;C01
201300056084;0;10;0;0;2;2;1;B01
201300056085;0;7;0;0;0;3;1;A01
201300056085;0;7;0;0;0;1;1;B01
201300056086;0;33;0;0;2;8;1;B01
201300056086;0;7;0;0;2;6;9;A01
201300056087;0;7;0;0;2;7;1;B01
201300056087;0;32;0;0;2;9;3;A01
201300056088;0;10;0;4;0;3;14;A01
201300056089;0;2;0;0;2;1;1;B01
201300056089;0;7;0;0;2;2;1;A01
201300056090;0;31;0;0;0;0;21;A01
201300056091;0;33;0;0;2;7;1;A01
201300056091;0;7;0;0;2;1;9;B01
201300056091;0;7;0;0;2;1;1;C01
201300056092;0;7;0;0;2;1;15;A01
201300056092;0;32;0;0;2;1;1;B01
201300056093;0;7;0;11;0;2;10;A01
201300056094;0;7;0;0;1;6;4;A01
201300056095;0;2;0;1;0;1;13;A01
201300056096;0;7;0;0;2;5;12;A01
201300056096;0;32;0;0;2;8;3;B01
201300056097;0;10;0;0;2;6;23;B01
201300056097;0;30;0;14;2;2;3;A01
201300056098;0;7;0;0;2;7;1;A01
201300056098;0;33;0;0;2;8;13;B01
201300056099;0;32;0;0;2;1;1;B01
201300056099;0;10;0;0;2;2;16;A01
201300056100;0;7;0;0;2;4;2;A01
201300056100;0;34;0;0;2;1;2;B01
201300056101;1;10;0;0;1;2;1;Z01
201300056102;0;2;0;0;2;1;1;A01
201300056102;0;7;0;0;2;5;23;B01
201300056103;0;2;0;0;2;3;18;A01
201300056103;0;33;0;0;0;5;1;B01
201300056104;0;31;0;0;2;0;23;B01
201300056104;0;31;0;0;2;3;2;A01
201300056105;1;7;0;0;1;3;1;Z01
201300056106;0;32;0;1;1;2;1;A01
201300056107;0;33;0;0;2;8;1;B01
201300056107;0;7;0;0;2;2;15;A01
201300056108;0;32;0;1;2;7;18;A01
201300056108;0;7;0;0;2;7;1;B01
201300056109;0;31;0;8;0;1;1;A01
201300056110;0;10;0;0;2;8;22;A01
201300056110;0;1;0;1;2;2;17;B01
201300056110;0;7;0;0;2;7;1;C01
201300056111;0;7;0;0;1;4;20;A01
201300056112;0;7;0;0;2;2;1;B01
201300056112;0;7;0;0;2;3;1;A01
201300056113;0;10;0;0;2;2;12;A01
201300056113;0;33;0;0;2;8;3;B01
201300056114;0;33;0;0;2;7;12;A01
201300056114;0;33;0;0;2;8;12;B01
201300056115;0;7;0;5;0;1;1;A01
201300056116;0;10;0;0;1;7;1;A01
201300056117;0;7;0;0;1;2;7;A01
201300056118;0;38;0;0;1;2;1;A01
201300056119;0;33;0;0;2;1;1;B01
201300056119;0;7;0;0;2;2;1;A01
201300056120;0;7;0;0;1;2;1;A01
201300056121;0;30;0;12;0;8;13;A01
201300056122;0;7;0;0;2;3;15;A01
201300056122;0;32;0;8;2;8;1;B01
201300056123;0;34;0;0;1;1;1;A01
201300056124;0;7;0;0;2;6;11;A01
201300056124;0;33;0;0;2;1;3;B01
201300056125;0;7;0;0;2;8;11;A01
201300056125;0;2;0;0;2;6;1;B01
201300056125;0;32;0;0;2;7;1;C01
201300056126;0;7;0;0;2;6;1;B01
201300056126;0;33;0;0;2;1;1;A01
201300056127;0;31;0;9;0;8;6;A01
201300056128;0;7;0;0;2;3;10;A01
201300056128;0;2;0;0;2;7;1;B01
201300056129;0;7;0;14;0;1;13;A01
201300056130;0;7;0;0;1;2;1;A01
201300056131;0;7;0;0;1;2;1;A01
201300056132;1;30;0;0;1;0;1;A01
201300056133;0;31;0;0;1;1;1;A01
201300056134;0;7;0;0;1;3;1;A01
201300056135;0;10;0;0;1;6;4;A01
201300056136;0;7;0;15;0;1;13;A01
201300056137;0;33;0;0;1;3;17;A01
201300056138;0;31;0;0;2;0;1;A01
201300056138;1;10;0;0;2;0;11;Z01
201300056139;0;33;0;12;0;8;13;A01
201300056140;0;1;0;0;0;0;1;A01
201300056141;0;7;0;0;1;2;1;A01
201300056142;0;2;0;0;2;1;1;B01
201300056142;0;7;0;0;2;3;5;A01
201300056143;0;33;0;0;2;1;2;A01
201300056143;0;7;0;0;2;5;2;B01
201300056144;0;7;0;0;1;3;1;A01
201300056145;0;7;0;0;1;3;1;A01
201300056146;0;7;0;0;1;1;10;A01
201300056147;0;7;0;11;0;8;13;A01
201300056148;0;33;0;1;2;1;1;B01
201300056148;0;7;0;0;2;3;15;A01
201300056149;0;33;0;8;2;6;1;A01
201300056149;0;7;0;0;2;3;15;B01
201300056150;0;10;0;0;2;9;2;C01
201300056150;0;7;0;0;2;4;2;D01
201300056150;0;10;0;0;2;1;2;A01
201300056150;0;7;0;0;2;9;2;B01
201300056151;0;7;0;0;2;4;23;B01
201300056151;0;7;0;0;0;4;23;C01
201300056151;0;7;0;0;2;1;1;A01
201300056152;0;33;0;0;1;2;7;A01
201300056153;0;32;0;14;0;8;24;B01
201300056153;0;7;0;0;0;6;1;A01
201300056154;0;7;0;0;2;8;10;A01
201300056154;0;32;0;0;2;0;17;B01
201300056155;0;1;0;0;2;4;1;B01
201300056155;0;7;0;0;2;2;12;A01
201300056156;0;7;0;0;2;2;12;A01
201300056156;0;7;0;9;1;8;1;B01
201300056157;0;37;1;0;1;2;16;A01
201300056158;0;30;0;0;2;1;7;A01
201300056158;0;7;0;0;2;2;16;B01
201300056159;0;34;0;0;1;3;1;A01
201300056160;0;7;0;0;2;6;4;A01
201300056160;0;7;0;0;2;7;15;B01
201300056161;0;33;0;2;2;3;7;A01
201300056161;0;10;0;0;2;7;16;B01
201300056162;0;7;0;0;2;7;23;C01
201300056162;0;7;0;0;2;7;14;A01
201300056162;0;10;0;0;2;8;1;B01
201300056163;0;7;0;0;1;2;1;A01
201300056164;0;14;0;0;1;2;16;A01
201300056165;0;32;0;3;1;3;1;B01
201300056165;0;7;0;0;2;1;15;A01
201300056166;0;31;0;0;2;3;15;B01
201300056166;0;7;0;0;2;2;1;A01
201300056167;0;34;0;0;2;7;17;B01
201300056167;0;7;0;0;2;8;11;A01
201300056168;0;17;0;0;2;1;1;A01
201300056168;0;17;0;0;0;4;1;B01
201300056169;0;33;0;0;2;2;1;A01
201300056169;0;7;0;0;2;4;23;B01
201300056170;0;33;0;0;2;1;2;A01
201300056170;0;7;0;0;2;5;2;B01
201300056171;0;33;0;0;2;7;1;B01
201300056171;0;7;0;0;2;4;1;A01
201300056172;0;7;0;0;2;1;1;A01
201300056172;0;7;0;0;2;4;23;B01
201300056173;0;7;0;0;2;1;10;A01
201300056173;0;10;0;0;2;3;1;B01
201300056174;0;7;0;0;1;2;1;A01
201300056175;0;7;0;0;0;6;11;A01
201300056175;0;33;0;10;2;2;3;B01
201300056176;0;33;0;0;2;1;1;B01
201300056176;0;10;0;0;2;5;1;A01
201300056177;0;7;0;0;2;1;15;A01
201300056177;0;32;0;0;2;8;1;B01
201300056178;0;7;0;4;0;8;13;A01
201300056179;0;30;0;8;0;1;5;A01
201300056180;0;2;0;0;0;0;1;A01
201300056181;0;37;0;0;1;2;1;A01
201300056182;0;10;0;10;0;1;16;A01
201300056183;0;33;0;0;2;1;1;A01
201300056183;0;7;0;0;0;5;1;B01
201300056184;0;31;0;0;2;8;1;B01
201300056184;0;7;0;0;2;1;1;A01
201300056185;0;33;0;0;2;7;3;B01
201300056185;0;7;0;0;2;3;11;A01
201300056186;0;33;0;0;1;1;1;A01
201300056187;0;10;0;0;1;3;16;A01
201300056188;0;7;0;0;1;1;1;A01
201300056189;0;33;0;0;2;1;11;A01
201300056189;0;10;0;0;2;3;10;B01
201300056190;0;33;0;0;2;1;1;B01
201300056190;0;7;0;0;2;6;1;A01
201300056191;0;7;0;0;1;8;1;A01
201300056192;0;7;0;11;0;3;15;A01
201300056193;0;10;0;0;2;2;19;A01
201300056193;0;10;0;0;2;3;1;B01
201300056194;0;32;0;0;9;2;1;A01
201300056194;0;1;0;0;2;4;13;B01
201300056195;0;7;0;0;2;3;1;B01
201300056195;0;33;0;0;2;2;15;A01
201300056196;0;33;0;0;2;1;3;A01
201300056196;0;7;0;0;2;8;11;B01
201300056197;0;7;0;14;0;1;1;A01
201300056198;0;33;0;0;1;8;1;A01
201300056199;0;33;0;0;1;1;5;A01
201300056200;0;7;0;6;1;1;1;A01
201300056201;0;7;0;0;1;1;1;A01
201300056202;0;37;12;0;1;1;1;A01
201300056203;0;7;0;0;2;2;1;B01
201300056203;0;10;0;0;2;1;5;A01
201300056204;0;34;0;8;0;3;1;A01
201300056205;0;31;0;0;0;0;1;A01
201300056206;0;7;0;0;2;8;15;A01
201300056206;0;7;0;0;2;1;1;B01
201300056207;0;7;0;0;2;4;23;C01
201300056207;0;7;0;0;2;1;2;A01
201300056207;0;7;0;0;2;4;2;B01
201300056208;0;7;0;0;2;4;2;B01
201300056208;0;7;0;0;2;1;2;A01
201300056209;0;33;0;0;0;7;11;A01
201300056210;0;7;0;0;2;3;11;A01
201300056210;0;32;0;0;2;2;1;B01
201300056211;0;7;0;0;2;1;2;A01
201300056211;0;7;0;0;2;4;2;B01
201300056212;0;33;0;0;2;1;2;A01
201300056212;0;7;0;0;2;6;23;B01
201300056213;2;7;0;4;2;2;13;Z01
201300056213;0;7;0;0;2;7;1;A01
201300056214;0;34;0;14;0;1;1;A01
201300056215;0;10;0;0;2;5;12;A01
201300056215;0;33;0;0;2;1;3;C01
201300056215;0;31;0;0;2;1;3;B01
201300056216;0;7;0;0;2;7;12;A01
201300056216;0;33;0;0;2;8;3;B01
201300056217;0;33;0;0;2;1;3;A01
201300056217;0;7;0;0;2;5;1;B01
201300056218;1;7;0;0;2;3;11;Z01
201300056218;0;33;0;0;2;5;1;A01
201300056219;0;33;0;0;2;7;3;B01
201300056219;0;7;0;0;2;8;11;A01
201300056220;0;7;0;0;2;5;12;A01
201300056220;0;7;0;0;2;8;1;C01
201300056220;0;33;0;0;2;3;3;B01
201300056221;0;10;0;0;2;5;16;A01
201300056221;0;32;0;0;2;3;1;B01
201300056222;0;33;0;0;2;1;2;A01
201300056222;0;7;0;0;2;4;2;B01
201300056222;0;10;0;0;2;2;1;C01
201300056223;0;33;0;0;0;7;1;A01
201300056224;0;7;0;4;2;1;1;C01
201300056224;0;7;0;4;2;6;1;B01
201300056224;0;14;0;0;2;2;12;A01
201300056225;0;33;0;0;2;1;2;A01
201300056225;0;7;0;0;2;5;23;B01
201300056226;0;31;0;0;2;1;2;A01
201300056226;0;7;0;0;2;6;2;B01
201300056227;0;32;0;0;0;7;1;A01
201300056228;0;31;0;0;2;1;2;A01
201300056228;0;10;0;0;2;5;2;B01
201300056229;0;31;0;0;0;8;1;A01
201300056230;0;31;0;0;2;3;3;A01
201300056230;0;7;0;0;2;6;1;C01
201300056230;0;7;0;0;2;2;12;B01
201300056231;0;33;0;0;0;8;21;A01
201300056232;0;7;0;0;2;7;12;A01
201300056232;0;32;0;0;2;8;1;B01
201300056233;1;7;0;0;2;2;9;Z01
201300056233;0;32;0;0;0;5;1;A01
201300056234;0;14;0;0;2;2;9;A01
201300056234;0;7;0;4;0;8;1;B01
201300056235;0;33;0;0;2;3;11;A01
201300056235;0;10;0;0;2;7;1;B01
201300056236;0;33;0;0;0;0;3;A01
201300056237;0;7;0;0;2;3;11;A01
201300056237;0;31;0;0;2;7;3;B01
201300056238;0;31;0;12;0;0;16;A01
201300056239;0;10;0;0;2;3;11;A01
201300056239;0;33;0;0;2;7;1;B01
201300056240;0;10;0;0;2;1;2;A01
201300056240;0;7;0;0;2;4;23;B01
201300056241;0;7;0;12;0;2;14;A01
201300056242;0;33;0;0;0;8;1;A01
201300056243;0;7;0;0;2;5;2;B01
201300056243;0;34;0;0;2;1;2;A01
201300056244;0;32;0;3;0;8;1;A01
201300056245;0;7;0;4;0;1;13;A01
201300056246;0;7;0;0;2;1;2;A01
201300056246;0;7;0;0;2;4;2;B01
201300056247;0;33;0;0;0;8;1;A01
201300056248;0;34;0;0;2;1;2;A01
201300056248;0;10;0;0;2;4;2;B01
201300056249;0;33;0;4;2;7;17;B01
201300056249;0;10;0;0;2;8;1;A01
201300056250;0;10;0;4;0;3;13;A01
201300056251;0;33;0;0;0;0;3;A01
201300056252;0;7;0;0;2;8;11;A01
201300056252;0;33;0;4;2;2;1;B01
201300056253;0;31;0;0;0;8;1;A01
201300056254;0;34;0;4;0;8;21;A01
201300056255;0;7;0;0;2;5;12;A01
201300056255;0;31;0;0;2;3;3;B01
201300056256;0;7;0;0;2;4;2;B01
201300056256;0;10;0;0;2;1;2;A01
201300056257;0;7;0;0;2;6;23;B01
201300056257;0;7;0;12;2;2;2;A01
201300056257;0;7;0;0;1;4;23;C01
201300056258;0;33;0;0;2;7;1;B01
201300056258;1;7;0;0;0;0;11;Z01
201300056259;0;13;0;0;2;4;23;B01
201300056259;0;7;0;0;2;1;2;A01
201300056260;0;7;0;0;2;2;11;A01
201300056260;0;31;0;0;2;5;23;B01
201300056261;0;10;0;0;2;1;2;A01
201300056261;0;7;0;0;2;4;23;C01
201300056261;0;7;0;0;2;4;23;B01
201300056262;0;33;0;0;2;1;3;A01
201300056262;0;7;0;0;2;5;12;B01
201300056263;0;7;0;0;2;8;1;C01
201300056263;0;7;0;0;2;6;11;A01
201300056263;0;34;0;0;2;1;3;B01
201300056264;0;7;0;4;0;2;1;A01
201300056265;0;31;0;0;2;8;3;B01
201300056265;0;7;0;0;2;7;12;A01
201300056266;0;7;0;4;0;1;13;A01
201300056267;0;33;0;0;2;1;3;A01
201300056267;0;33;0;0;2;4;23;B01
201300056268;0;33;0;0;2;1;2;A01
201300056268;0;7;0;0;2;3;2;B01
201300056269;0;7;0;0;2;7;1;B01
201300056269;0;31;0;0;2;8;3;A01
201300056270;0;31;0;0;0;8;3;A01
201300056271;0;7;0;0;2;1;2;A01
201300056271;0;7;0;0;2;4;22;B01
201300056271;0;33;0;0;2;2;3;C01
201300056271;0;7;0;0;2;5;23;D01
201300056272;0;7;0;0;2;1;2;A01
201300056272;0;7;0;0;2;4;23;B01
201300056273;0;33;0;0;2;3;3;A01
201300056273;0;7;0;0;2;7;1;B01
201300056274;0;7;0;0;2;1;1;A01
201300056274;0;10;0;0;0;4;23;C01
201300056274;0;7;0;0;2;4;23;B01
201300056275;0;31;0;0;2;1;3;A01
201300056275;0;7;0;0;0;5;11;B01
201300056276;0;7;0;0;2;3;1;C01
201300056276;0;7;0;0;2;1;1;A01
201300056276;0;7;0;0;2;4;1;B01
201300056277;1;7;0;0;1;0;0;Z01
201300056278;0;7;0;1;0;1;1;A01
201300056278;0;10;0;0;0;4;23;B01
201300056279;0;10;0;0;2;2;12;A01
201300056279;0;14;0;0;0;6;1;B01
201300056280;0;7;0;0;2;6;11;A01
201300056280;0;31;0;0;0;1;1;B01
201300056281;0;31;0;4;2;5;3;B01
201300056281;0;7;0;0;2;8;11;A01
201300056282;0;7;0;4;0;1;1;A01
201300056283;0;7;0;0;2;3;1;A01
201300056283;0;14;0;0;2;3;1;B01
201300056284;0;7;0;0;0;6;11;A01
201300056284;0;33;0;0;2;1;3;B01
201300056285;0;7;0;0;0;4;23;B01
201300056285;2;7;0;3;2;2;1;Z01
201300056285;0;7;0;0;2;6;23;A01
201300056286;0;34;0;0;2;1;1;B01
201300056286;0;7;0;0;0;4;11;A01
201300056287;0;7;0;0;0;4;23;B01
201300056287;0;7;0;0;2;1;1;A01
201300056288;0;7;0;0;0;5;1;C01
201300056288;0;31;0;0;2;2;3;A01
201300056288;0;7;0;0;0;8;11;B01
201300056289;0;7;0;0;2;7;12;A01
201300056289;0;33;0;0;2;8;1;B01
201300056290;0;10;0;0;2;1;2;A01
201300056290;0;7;0;0;0;4;2;B01
201300056291;0;32;0;0;2;1;3;B01
201300056291;0;33;0;0;2;4;11;A01
201300056291;0;7;0;0;0;5;23;C01
201300056292;0;7;0;0;0;4;1;C01
201300056292;0;10;0;0;2;1;1;A01
201300056292;0;10;0;0;2;4;23;B01
201300056293;0;7;0;0;0;6;1;C01
201300056293;0;10;0;0;2;7;12;A01
201300056293;0;32;0;0;2;8;3;B01
201300056294;0;13;0;0;2;1;1;A01
201300056294;0;7;0;0;0;4;1;B01
201300056295;0;7;0;0;2;4;1;B01
201300056295;0;7;0;0;2;1;1;A01
201300056295;0;7;0;0;0;4;1;C01
201300056296;0;7;0;0;2;1;1;A01
201300056296;0;7;0;0;0;6;1;C01
201300056296;0;7;0;0;2;4;1;B01
201300056297;0;7;0;0;0;4;23;B01
201300056297;1;7;0;0;2;1;1;Z01
201300056297;0;7;0;0;2;4;23;A01
201300056298;0;7;0;0;0;4;11;B01
201300056298;0;31;0;0;2;1;1;A01
201300056299;0;32;0;0;2;1;1;A01
201300056299;0;10;0;0;0;4;23;B01
201300056300;0;32;0;0;2;1;1;A01
201300056300;1;7;0;0;2;6;11;Z01
201300056301;0;10;0;0;2;3;1;A01
201300056301;0;7;0;0;0;5;1;B01
201300056302;0;31;0;0;2;1;3;A01
201300056302;0;31;0;0;2;4;3;B01
201300056303;0;7;0;0;2;6;1;B01
201300056303;0;10;0;0;2;2;13;A01
201300056304;0;13;0;0;2;4;2;B01
201300056304;0;15;0;2;2;1;13;A01
201300056304;0;10;0;0;2;6;2;C01
201300056304;0;7;0;0;2;8;2;D02
201300056304;0;7;0;0;2;5;2;E01
201300056305;0;33;0;0;0;8;1;A01
201300056306;0;7;0;0;2;3;12;A01
201300056306;0;33;0;0;2;5;3;B01
201300056307;0;31;0;0;0;7;3;A01
201300056307;1;7;0;0;2;3;11;Z01
201300056308;0;7;0;0;2;2;1;B01
201300056308;0;7;0;0;0;5;1;D01
201300056308;0;7;0;0;2;1;1;A01
201300056308;0;7;0;0;0;4;23;C01
201300056309;0;7;0;0;0;4;1;B01
201300056309;0;7;0;0;2;1;1;A01
201300056310;0;7;0;4;0;2;1;A01
201300056311;0;31;0;0;0;8;3;A01
201300056312;0;7;0;0;2;7;12;A01
201300056312;0;3;0;4;0;8;1;B01
201300056313;0;7;0;0;2;1;1;A01
201300056313;0;7;0;4;0;4;23;B01