num_acc;senc;catv;occutc;obs;obsm;choc;manv;num_veh
201300056314;0;7;0;4;0;3;13;A01
201300056315;1;7;0;0;2;2;11;Z01
201300056315;0;7;0;4;2;6;1;A01
201300056316;0;7;0;0;2;4;2;B01
201300056316;0;7;0;0;2;1;2;A01
201300056316;0;7;0;0;2;1;2;C01
201300056317;0;7;0;0;2;1;2;A01
201300056317;0;7;0;0;2;4;2;B01
201300056317;0;7;0;0;2;4;2;C01
201300056318;0;7;0;0;2;3;22;A01
201300056318;0;32;0;0;2;1;3;B01
201300056319;0;7;0;0;2;1;1;C01
201300056319;0;7;0;0;2;7;1;B01
201300056319;0;7;0;0;2;8;13;A01
201300056320;0;10;0;0;2;1;2;A01
201300056320;0;7;0;0;2;4;23;B01
201300056321;0;7;0;0;2;8;11;B01
201300056321;0;33;0;0;2;7;3;A01
201300056322;0;7;0;0;2;6;1;B01
201300056322;0;31;0;0;2;2;1;A01
201300056323;0;31;0;0;0;0;1;A01
201300056324;0;7;0;0;2;5;23;B01
201300056324;0;34;0;0;2;1;2;A01
201300056325;0;7;0;0;2;5;1;B01
201300056325;0;34;0;0;2;3;3;A01
201300056326;0;33;0;0;2;8;3;B01
201300056326;0;7;0;0;2;5;12;A01
201300056327;2;7;0;0;2;7;13;Z01
201300056327;0;7;0;4;2;8;1;A01
201300056327;0;7;0;0;2;5;1;B01
201300056327;0;7;0;0;2;6;1;C01
201300056328;0;33;0;0;2;3;3;A01
201300056328;0;7;0;0;2;2;12;B01
201300056329;2;7;0;0;2;1;14;Z01
201300056329;0;7;0;12;2;6;1;A01
201300056330;0;7;0;0;2;5;23;B01
201300056330;0;31;0;0;2;1;2;A01
201300056331;0;7;0;0;2;1;2;A01
201300056331;0;7;0;0;2;4;2;B01
201300056332;0;17;0;0;2;2;12;A01
201300056332;0;7;0;4;0;8;1;B01
201300056333;0;32;0;0;2;0;11;A01
201300056333;0;32;0;0;2;2;3;B01
201300056333;1;7;0;0;2;6;1;D01
201300056333;1;7;0;0;2;5;1;C01
201300056334;0;7;0;0;2;4;23;C01
201300056334;0;7;0;0;2;4;23;B01
201300056334;0;7;0;0;2;1;1;A01
201300056335;0;7;0;0;2;1;14;A01
201300056335;0;7;0;0;2;4;1;B01
201300056336;0;7;0;0;2;7;12;B01
201300056336;0;10;0;0;2;3;1;C01
201300056336;0;31;0;3;2;1;3;A01
201300056337;0;33;0;0;2;1;3;A01
201300056337;0;7;0;0;2;7;12;B01
201300056338;0;7;0;0;2;1;2;A01
201300056338;0;7;0;0;2;4;23;C01
201300056338;0;7;0;0;2;9;23;B01
201300056339;0;7;0;0;2;4;2;B01
201300056339;0;13;0;0;2;4;2;C01
201300056339;0;7;0;0;2;1;2;A01
201300056340;0;7;0;0;2;2;23;C01
201300056340;0;7;0;0;2;6;1;B01
201300056340;0;33;0;0;2;2;3;A01
201300056341;0;7;0;0;2;2;12;A01
201300056341;0;34;0;0;2;3;3;B01
201300056342;0;31;0;0;2;2;3;A01
201300056342;0;7;0;0;2;6;1;B01
201300056343;0;7;0;0;2;2;12;A01
201300056343;0;34;0;0;2;3;3;B01
201300056344;0;34;0;0;2;1;1;B01
201300056344;0;7;0;0;2;5;14;A01
201300056345;0;7;0;0;2;2;2;A01
201300056345;0;7;0;0;2;4;2;D01
201300056345;0;7;0;0;2;6;2;B01
201300056345;0;7;0;0;2;4;2;C01
201300056346;0;7;0;0;2;4;2;B01
201300056346;0;10;0;0;2;1;2;A01
201300056346;0;7;0;1;2;1;2;C01
201300056347;0;7;0;0;2;6;1;B01
201300056347;0;7;0;4;2;7;13;A01
201300056348;0;33;0;0;2;1;2;A01
201300056348;0;7;0;0;2;6;1;C01
201300056348;0;7;0;0;2;5;2;B01
201300056349;0;7;0;0;2;4;23;B01
201300056349;0;10;0;0;2;1;1;A01
201300056349;0;10;0;0;2;1;1;D01
201300056349;0;7;0;0;0;4;1;C01
201300056350;0;10;0;0;2;3;1;A01
201300056350;0;7;0;0;0;5;1;B01
201300056351;0;34;0;0;2;7;3;A01
201300056351;0;7;0;0;0;8;1;B01
201300056352;0;10;0;0;2;5;1;B01
201300056352;0;33;0;0;2;3;3;A01
201300056353;0;7;0;0;2;2;1;A01
201300056353;0;31;0;0;2;1;3;B01
201300056354;0;33;0;0;2;3;1;B01
201300056354;0;7;0;0;2;2;12;A01
201300056355;0;7;0;0;2;6;1;C01
201300056355;0;7;0;0;2;7;1;A01
201300056355;0;33;0;0;2;3;3;B01
201300056356;0;7;0;0;2;6;1;C01
201300056356;0;34;0;0;2;5;3;B01
201300056356;0;32;0;0;2;1;3;A01
201300056357;0;10;0;0;2;2;14;A01
201300056357;0;33;0;0;2;8;3;B01
201300056358;0;7;0;0;2;2;1;C01
201300056358;0;32;0;0;2;4;23;A01
201300056358;0;33;0;0;2;7;1;D01
201300056358;0;31;0;0;2;1;2;B01
201300056359;0;32;0;0;2;2;3;A01
201300056359;0;7;0;0;2;6;1;B01
201300056359;0;7;0;0;2;2;1;C01
201300056360;0;33;0;0;2;3;3;B01
201300056360;0;7;0;0;2;5;12;A01
201300056361;0;32;0;0;2;1;1;A01
201300056361;0;7;0;0;0;5;1;B01
201300056362;0;7;0;0;2;1;1;A01
201300056362;0;7;0;0;0;6;1;B01
201300056363;0;33;0;0;0;8;3;B01
201300056363;0;7;0;0;2;7;12;A01
201300056364;0;7;0;0;0;5;1;B01
201300056364;0;34;0;0;2;3;1;A01
201300056365;0;33;0;0;2;2;3;A01
201300056365;0;14;0;0;2;6;1;B01
201300056366;0;7;0;0;0;4;3;C01
201300056366;0;7;0;0;2;5;3;B01
201300056366;0;7;0;0;2;3;12;A01
201300056367;0;32;0;0;9;1;21;A01
201300056368;1;7;0;0;2;2;12;Z01
201300056368;0;10;0;0;2;6;1;B01
201300056368;0;7;0;0;2;6;1;A01
201300056369;0;10;0;0;0;6;11;A01
201300056369;0;10;0;0;2;4;1;C01
201300056369;0;15;0;0;2;1;1;B01
201300056370;0;7;0;0;0;6;1;C01
201300056370;0;33;0;0;2;2;3;B01
201300056370;0;10;0;0;2;7;12;A01
201300056371;0;33;0;0;0;0;1;A01
201300056372;0;7;0;0;2;1;1;A01
201300056372;0;7;0;0;0;5;1;B01
201300056373;0;7;0;0;2;8;11;A01
201300056373;0;31;0;4;2;7;1;B01
201300056374;0;34;0;0;2;8;3;A01
201300056374;0;7;0;0;2;7;1;B01
201300056375;0;34;0;0;2;4;2;A01
201300056375;1;7;0;0;2;1;2;Z01
201300056376;0;34;0;0;0;8;14;A01
201300056377;0;7;0;4;2;2;1;A01
201300056377;1;7;0;0;2;3;13;Z01
201300056378;0;32;0;0;2;1;1;A01
201300056378;0;7;0;0;0;5;23;B01
201300056379;0;7;0;0;2;1;1;A01
201300056379;0;7;0;0;0;4;1;B01
201300056380;0;7;0;0;2;1;2;A01
201300056380;0;10;0;0;2;6;2;B01
201300056381;0;7;0;0;2;2;12;B01
201300056381;0;33;0;0;2;3;3;A01
201300056382;0;33;0;0;2;4;2;B01
201300056382;0;33;0;0;2;8;2;A01
201300056383;0;7;0;0;2;6;2;B01
201300056383;0;33;0;0;2;2;2;A01
201300056384;0;14;0;0;2;6;11;A01
201300056384;0;33;0;0;2;7;1;B01
201300056385;0;7;0;0;2;5;14;A01
201300056385;0;7;0;0;2;6;1;B01
201300056386;0;33;0;0;2;3;3;A01
201300056386;1;7;0;0;2;2;14;Z01
201300056387;0;7;0;0;2;1;2;A01
201300056387;0;7;0;0;2;4;23;C01
201300056387;0;7;0;0;2;3;23;B01
201300056388;0;34;0;14;2;3;1;A01
201300056388;0;7;0;0;2;5;1;B01
201300056389;0;17;0;0;2;0;1;C01
201300056389;0;33;0;0;2;3;1;B01
201300056389;0;7;0;0;2;2;11;A01
201300056390;0;7;0;0;2;7;12;A01
201300056390;0;31;0;0;2;1;1;B01
201300056390;0;7;0;0;2;4;23;C01
201300056391;0;7;0;0;2;4;23;C01
201300056391;0;33;0;0;2;1;1;A01
201300056391;0;7;0;0;2;8;1;B01
201300056392;0;7;0;0;2;8;2;C01
201300056392;0;32;0;0;2;3;2;A01
201300056392;0;7;0;0;2;6;2;B01
201300056393;0;7;0;0;2;4;2;C01
201300056393;0;7;0;0;2;1;2;A01
201300056393;0;7;0;0;2;4;2;B01
201300056394;0;10;0;0;2;1;2;B01
201300056394;0;10;0;0;2;1;2;C01
201300056394;0;7;0;0;2;8;1;A01
201300056394;0;7;0;0;2;1;1;D01
201300056394;1;15;0;0;2;7;14;Z01
201300056395;0;31;0;0;2;3;3;A01
201300056395;0;7;0;0;2;5;1;B01
201300056396;0;7;0;0;2;4;23;D01
201300056396;0;10;0;0;2;4;23;B01
201300056396;0;7;0;0;2;4;23;C01
201300056396;0;10;0;0;2;1;2;A01
201300056397;0;31;0;0;2;4;13;A01
201300056397;0;33;0;0;2;1;1;B01
201300056398;0;7;0;0;2;3;1;B01
201300056398;0;7;0;4;2;3;13;A01
201300056399;0;33;0;4;0;3;13;A01
201300056400;0;7;0;4;2;4;1;B01
201300056400;0;7;0;4;0;4;1;C01
201300056400;0;7;0;0;2;1;1;A01
201300056401;0;7;0;0;2;5;12;A01
201300056401;0;15;0;0;2;3;1;B01
201300056402;0;7;0;0;2;6;2;B01
201300056402;0;7;0;0;2;2;2;A01
201300056402;0;10;0;0;2;4;23;C01
201300056403;0;33;0;0;2;1;2;A01
201300056403;0;7;0;0;2;5;23;B01
201300056404;0;7;0;0;2;2;1;C01
201300056404;0;31;0;0;2;1;11;A01
201300056404;0;10;0;0;2;6;1;B01
201300056405;0;10;0;0;2;4;2;B01
201300056405;0;7;0;0;2;1;2;A01
201300056406;0;34;0;0;2;7;1;B01
201300056406;0;10;0;0;2;3;11;A01
201300056407;0;7;0;0;2;3;12;A01
201300056407;0;10;0;0;2;5;23;B01
201300056408;0;7;0;0;2;4;2;B01
201300056408;0;7;0;0;2;1;2;A01
201300056408;0;7;0;0;2;4;23;C01
201300056409;0;31;0;0;2;1;2;A01
201300056409;0;7;0;0;2;6;23;B01
201300056410;0;31;0;0;2;4;2;B01
201300056410;0;32;0;0;2;1;2;A01
201300056411;0;31;0;0;2;1;1;B01
201300056411;0;7;0;0;2;5;12;A01
201300056412;0;7;0;0;2;2;1;A01
201300056412;0;7;0;0;2;6;1;B01
201300056413;0;7;0;0;2;1;2;A01
201300056413;0;7;0;0;2;4;23;B01
201300056414;0;7;0;0;2;2;2;A01
201300056414;0;7;0;0;2;6;2;B01
201300056415;1;7;0;4;0;2;14;A01
201300056416;0;7;0;4;0;2;14;A01
201300056417;0;31;0;0;2;5;3;B01
201300056417;0;7;0;0;2;3;11;A01
201300056418;0;7;0;0;2;8;11;A01
201300056418;0;33;0;0;2;7;3;B01
201300056419;0;7;0;0;2;2;12;A01
201300056419;0;33;0;0;2;1;3;B01
201300056419;0;10;0;0;2;8;1;C01
201300056420;0;7;0;0;2;1;2;D01
201300056420;0;33;0;0;2;1;2;A01
201300056420;0;10;0;0;2;6;2;C01
201300056420;0;33;0;0;2;8;2;B01
201300056421;1;33;0;0;2;1;3;Z01
201300056421;0;33;0;0;2;5;3;A01
201300056421;0;7;0;0;2;5;23;B01
201300056422;0;7;0;0;2;4;1;D01
201300056422;0;13;0;0;2;6;11;A01
201300056422;0;33;0;0;2;2;11;B01
201300056422;0;7;0;0;2;1;1;C01
201300056423;0;33;0;0;0;8;1;A01
201300056424;0;33;0;0;2;3;12;A01
201300056424;0;7;0;0;2;5;1;B01
201300056424;0;7;0;0;2;4;1;C01
201300056425;0;7;0;0;0;2;12;B01
201300056425;0;33;0;0;2;3;1;A01
201300056426;0;7;0;0;2;5;1;D01
201300056426;0;10;0;0;2;7;1;B01
201300056426;0;33;0;0;2;2;3;C01
201300056426;0;14;0;0;2;8;13;A01
201300056427;0;31;0;0;0;0;1;A01
201300056428;0;7;0;0;2;1;2;A01
201300056428;0;7;0;0;2;4;2;B01
201300056429;0;33;0;0;2;3;11;A01
201300056429;0;7;0;0;2;7;12;B01
201300056430;0;7;0;0;2;4;23;B01
201300056430;0;31;0;0;2;1;13;A01
201300056431;0;14;0;0;2;1;2;A01
201300056431;0;7;0;0;2;4;2;B01
201300056432;0;31;0;0;2;4;1;A01
201300056432;0;10;0;0;0;4;1;B01
201300056433;0;33;0;0;2;5;3;B01
201300056433;0;7;0;0;0;6;1;C01
201300056433;0;7;0;0;2;3;11;A01
201300056433;0;7;0;0;0;5;1;D01
201300056434;0;34;0;0;0;1;3;B01
201300056434;0;7;0;0;2;5;12;A01
201300056435;0;10;0;0;2;1;1;A01
201300056435;0;7;0;0;0;4;23;B01
201300056436;0;7;0;0;2;8;11;A01
201300056436;0;33;0;0;2;7;1;B01
201300056437;0;34;0;0;2;8;11;A01
201300056437;1;33;0;0;2;0;3;Z01
201300056438;0;33;0;0;2;7;1;A01
201300056438;1;17;0;0;2;7;13;Z01
201300056439;0;7;0;0;2;5;2;B01
201300056439;0;31;0;0;2;1;2;A01
201300056440;0;31;0;0;2;1;2;A01
201300056440;0;7;0;0;2;4;2;B01
201300056441;0;31;0;0;2;8;3;B01
201300056441;0;7;0;0;2;7;12;A01
201300056442;0;34;0;0;2;3;1;A01
201300056442;1;7;0;0;2;5;14;Z01
201300056443;0;7;0;0;2;1;2;A01
201300056443;0;7;0;0;2;4;23;B01
201300056444;0;32;0;0;2;7;1;B01
201300056444;0;10;0;0;2;0;12;A01
201300056445;0;7;0;0;2;3;1;A01
201300056445;0;15;0;0;2;5;1;B01
201300056446;0;10;0;0;2;1;2;D01
201300056446;0;7;0;0;2;4;2;B01
201300056446;0;7;0;0;2;1;2;E01
201300056446;0;7;0;0;2;1;2;A01
201300056446;0;7;0;0;2;4;2;C01
201300056447;0;33;0;4;2;8;3;A01
201300056447;1;7;0;0;0;2;12;Z01
201300056448;0;7;0;0;2;3;11;A01
201300056448;0;33;0;4;2;7;1;B01
201300056449;0;31;0;0;2;1;2;A01
201300056449;0;7;0;0;2;4;23;B01
201300056450;0;7;0;0;2;3;1;A01
201300056450;0;7;0;0;2;5;12;B01
201300056450;0;7;0;0;2;4;2;D01
201300056450;0;7;0;0;2;4;2;C01
201300056451;0;7;0;0;2;4;12;A01
201300056451;0;33;0;0;2;1;3;B01
201300056452;0;32;0;0;2;4;2;A01
201300056452;1;33;0;0;2;0;2;Z01
201300056453;0;10;0;0;2;3;1;C01
201300056453;0;7;0;0;2;9;13;A01
201300056453;0;15;0;0;2;2;1;B01
201300056454;2;13;0;0;2;1;2;Z01
201300056454;0;38;1;0;2;4;2;B01
201300056454;0;38;1;0;2;1;2;A01
201300056455;0;32;0;0;2;3;3;A01
201300056455;0;7;0;0;2;5;12;B01
201300056456;0;31;0;0;2;8;1;B01
201300056456;0;7;0;0;2;7;12;A01
201300056457;1;10;0;0;2;6;13;Z01
201300056457;0;33;0;0;2;1;1;A01
201300056458;0;7;0;0;2;8;1;C01
201300056458;0;33;0;0;2;2;3;A01
201300056458;0;10;0;0;2;7;1;B01
201300056459;0;10;0;0;2;2;12;A01
201300056459;0;7;0;0;2;8;1;C01
201300056459;0;33;0;0;2;1;3;B01
201300056460;0;7;0;0;2;6;23;B01
201300056460;0;33;0;0;2;2;2;A01
201300056461;1;7;0;0;2;3;13;Z01
201300056461;0;33;0;0;2;5;1;A01
201300056461;0;7;0;0;2;5;1;B01
201300056462;0;33;0;0;2;0;11;A01
201300056462;0;7;0;0;2;4;1;B01
201300056463;0;10;0;0;0;6;1;B01
201300056463;0;34;0;0;2;1;3;A01
201300056464;0;7;0;0;0;4;23;C01
201300056464;0;10;0;0;2;1;1;A01
201300056464;0;7;0;0;2;4;23;B01
201300056465;0;7;0;0;0;1;22;A01
201300056465;0;32;0;0;2;2;3;C01
201300056465;0;7;0;0;0;4;23;B01
201300056466;0;33;0;0;2;1;3;A01
201300056466;0;7;0;0;0;3;23;C01
201300056466;0;33;0;0;2;4;3;B01
201300056467;0;7;0;0;2;8;11;A01
201300056467;0;33;0;0;0;2;3;B01
201300056468;0;33;0;0;2;1;3;B01
201300056468;0;7;0;0;2;6;11;A01
201300056469;0;32;0;0;2;4;3;A01
201300056469;0;7;0;0;0;5;12;B01
201300056470;0;7;0;0;2;3;1;A01
201300056470;0;33;0;0;0;4;1;B01
201300056471;0;33;0;0;2;8;3;A01
201300056471;0;7;0;0;0;2;12;B01
201300056472;0;34;0;0;2;1;3;B01
201300056472;0;7;0;0;2;8;11;A01
201300056473;0;7;0;0;2;1;1;A01
201300056473;0;7;0;0;2;4;1;D01
201300056473;0;7;0;0;2;4;1;C01
201300056473;0;7;0;1;2;4;1;B01
201300056474;0;34;0;0;2;3;1;A01
201300056474;0;7;0;0;0;5;23;B01
201300056475;0;33;0;0;2;3;1;A01
201300056475;0;10;0;0;0;5;23;B01
201300056476;0;7;0;0;2;1;1;A01
201300056476;0;7;0;0;0;4;1;B01
201300056477;0;10;0;0;0;5;1;B01
201300056477;0;32;0;0;2;0;1;A01
201300056478;0;7;0;0;2;1;1;A01
201300056478;0;7;0;0;0;4;1;B01
201300056479;0;33;0;0;0;4;1;B01
201300056479;0;7;0;0;2;4;1;A01
201300056480;0;7;0;0;0;5;1;C01
201300056480;0;7;0;0;2;2;12;A01
201300056480;0;33;0;0;0;8;3;B01
201300056481;0;7;0;0;2;1;1;D01
201300056481;0;7;0;0;2;1;1;C01
201300056481;0;7;0;0;2;1;1;F01
201300056481;0;7;0;0;2;1;1;E01
201300056481;1;7;0;0;2;1;23;A01
201300056481;0;7;0;0;2;1;1;B01
201300056482;0;10;0;0;2;5;1;C01
201300056482;0;33;0;0;2;2;3;B01
201300056482;0;7;0;0;2;3;11;A01
201300056483;0;33;0;0;2;3;1;A01
201300056483;0;7;0;0;0;5;1;B01
201300056484;0;7;0;0;2;4;1;B01
201300056484;0;7;0;0;2;3;1;F01
201300056484;0;7;0;0;0;4;23;E01
201300056484;0;7;0;0;2;1;1;A01
201300056484;0;7;0;0;2;4;1;C01
201300056484;0;7;0;0;2;4;1;D01
201300056485;0;7;0;0;0;4;23;C01
201300056485;0;7;0;0;2;4;1;B01
201300056485;0;7;0;0;2;1;1;A01
201300056485;0;7;0;0;2;1;1;D01
201300056486;0;33;0;0;2;8;1;B01
201300056486;0;7;0;0;0;5;1;C01
201300056486;1;7;0;0;0;8;11;A01
201300056486;0;7;0;0;0;6;1;D01
201300056487;0;31;0;0;2;1;3;A01
201300056487;0;7;0;0;0;6;1;B01
201300056488;0;31;0;0;0;7;1;A01
201300056489;0;31;0;0;0;0;1;A01
201300056490;0;32;0;6;0;8;1;A01
201300056491;0;7;0;0;2;5;1;B01
201300056491;0;33;0;0;2;2;11;A01
201300056492;0;34;0;0;2;3;3;A01
201300056492;0;7;0;0;2;5;1;B01
201300056493;0;10;0;0;2;1;2;A01
201300056493;0;7;0;0;2;4;2;B01
201300056493;0;7;0;0;2;4;2;C01
201300056494;0;7;0;0;2;3;2;A01
201300056494;0;7;0;0;2;4;23;C01
201300056494;0;7;0;0;2;5;23;B01
201300056495;0;31;0;0;2;8;3;A01
201300056495;1;10;0;0;2;2;14;Z01
201300056496;0;7;0;0;2;1;2;A01
201300056496;0;7;0;0;2;4;2;B01
201300056497;0;31;0;0;2;5;2;A01
201300056497;1;7;0;0;2;0;2;Z01
201300056498;0;7;0;0;2;5;12;B01
201300056498;0;31;0;0;2;3;3;A01
201300056499;0;7;0;0;2;2;12;A01
201300056499;0;31;0;0;2;3;3;B01
201300056500;0;7;0;0;1;3;16;A01
201300056501;0;7;0;0;2;6;13;A01
201300056501;0;33;0;0;2;7;3;B01
201300056502;0;33;0;0;2;2;3;B01
201300056502;0;7;0;0;2;6;11;A01
201300056503;0;7;0;0;2;6;11;A01
201300056503;0;31;0;4;2;2;3;B01
201300056504;0;32;0;0;2;3;3;A01
201300056504;0;7;0;0;2;3;1;B01
201300056504;1;7;0;0;2;7;12;Z01
201300056505;0;7;0;0;2;4;1;C01
201300056505;0;7;0;0;2;2;12;A01
201300056505;0;33;0;0;2;3;3;B01
201300056506;0;31;0;0;2;1;3;B01
201300056506;0;7;0;0;2;4;1;D01
201300056506;0;7;0;0;2;4;1;C01
201300056506;0;7;0;0;2;5;12;A01
201300056507;0;33;0;0;2;2;14;A01
201300056507;0;10;0;0;2;6;1;B01
201300056508;0;31;0;0;2;3;3;A01
201300056508;0;10;0;0;2;2;12;B01
201300056509;0;7;0;0;2;1;2;A01
201300056509;0;7;0;0;2;4;2;B01
201300056510;0;33;0;0;2;4;2;B01
201300056510;0;34;0;0;2;1;2;A01
201300056511;0;7;0;0;2;2;12;A01
201300056511;0;32;0;0;2;3;3;B01
201300056512;0;7;0;0;2;1;2;A01
201300056512;0;7;0;0;2;4;2;B01
201300056513;0;33;0;0;2;2;1;B01
201300056513;0;7;0;0;2;6;11;A01
201300056514;0;7;0;0;2;4;2;B01
201300056514;0;7;0;0;2;1;2;A01
201300056514;0;7;0;0;2;4;2;C01
201300056514;0;7;0;0;2;4;2;D01
201300056515;0;7;0;4;0;1;13;A01
201300056516;0;33;0;6;0;2;1;A01
201300056517;0;7;0;5;0;2;14;A01
201300056518;0;7;0;0;2;5;1;C01
201300056518;0;33;0;0;2;7;3;A01
201300056518;0;7;0;0;2;3;11;B01
201300056519;0;15;0;0;2;2;12;A01
201300056519;0;7;0;0;2;6;1;B01
201300056520;0;33;0;0;2;7;3;B01
201300056520;0;7;0;0;2;3;11;A01
201300056521;0;10;0;0;2;0;1;B01
201300056521;0;31;0;0;2;7;11;A01
201300056522;0;32;0;4;2;2;1;B01
201300056522;1;10;0;0;2;0;11;Z01
201300056522;0;7;0;0;2;6;1;A01
201300056523;0;33;0;0;0;8;15;A01
201300056524;0;31;0;0;2;1;2;A01
201300056524;0;7;0;0;2;6;2;B01
201300056525;0;7;0;0;2;1;2;A01
201300056525;0;7;0;0;2;4;23;B01
201300056525;0;7;0;0;2;4;23;C01
201300056526;0;31;0;0;2;2;2;A01
201300056526;0;7;0;0;2;6;2;B01
201300056527;0;32;0;0;2;1;2;A01
201300056527;0;7;0;0;2;6;2;B01
201300056527;0;7;0;0;2;2;2;C01
201300056528;0;31;0;0;2;2;3;B01
201300056528;0;7;0;0;2;3;11;A01
201300056529;0;31;0;0;2;1;2;A01
201300056529;0;10;0;0;2;4;2;B01
201300056530;0;10;0;0;2;6;23;B01
201300056530;0;34;0;0;2;1;2;A01
201300056531;0;7;0;4;2;6;13;A01
201300056531;0;16;0;0;2;2;1;B01
201300056532;0;32;0;0;0;3;3;A01
201300056532;1;7;0;0;2;6;11;Z01
201300056533;0;7;0;0;2;5;1;C01
201300056533;0;7;0;2;2;4;1;B01
201300056533;0;7;0;0;2;1;1;A01
201300056533;0;7;0;0;2;3;21;D01
201300056534;0;33;0;0;2;3;3;A01
201300056534;0;7;0;0;0;5;1;B01
201300056535;0;33;0;0;2;3;1;B01
201300056535;0;7;0;0;2;5;12;A01
201300056536;0;7;0;0;0;4;23;B01
201300056536;0;7;0;0;2;1;1;A01
201300056537;0;7;0;0;0;5;1;B01
201300056537;0;7;0;0;2;4;1;D01
201300056537;0;7;0;0;2;3;1;A01
201300056537;0;10;0;0;0;4;1;C01
201300056538;0;7;0;0;2;5;1;B01
201300056538;0;10;0;0;2;3;1;A01
201300056539;0;7;0;0;2;8;23;C01
201300056539;0;17;0;0;2;7;12;B01
201300056539;0;33;0;0;2;8;3;A01
201300056540;0;7;0;0;2;3;12;A01
201300056540;0;33;0;4;0;2;3;B01
201300056541;0;7;0;0;2;1;2;A01
201300056541;0;7;0;0;2;4;2;B01
201300056542;0;33;0;0;0;1;1;A01
201300056543;0;34;0;0;0;0;3;A01
201300056544;0;33;0;0;2;1;2;A01
201300056544;0;33;0;0;2;4;2;B01
201300056545;0;10;0;0;2;4;2;B01
201300056545;0;33;0;0;2;1;2;A01
201300056546;0;7;0;0;2;5;12;B01
201300056546;0;31;0;0;2;3;3;A01
201300056547;0;7;0;0;2;4;2;C01
201300056547;0;7;0;0;2;1;2;A01
201300056547;0;7;0;0;2;5;2;B01
201300056548;0;33;0;0;1;2;3;A01
201300056548;0;15;0;0;2;3;23;B01
201300056549;0;7;0;0;2;2;1;C01
201300056549;0;7;0;0;2;7;23;D01
201300056549;0;33;0;1;2;1;3;A01
201300056549;0;33;0;0;2;8;11;B01
201300056549;0;7;0;0;2;8;23;E01
201300056550;0;7;0;0;2;1;2;A01
201300056550;0;10;0;0;2;4;2;C01
201300056550;0;7;0;0;2;4;2;B01
201300056551;0;7;0;14;0;1;14;A01
201300056552;0;7;0;0;2;4;2;B01
201300056552;0;31;0;0;2;1;2;A01
201300056553;0;7;0;0;2;1;2;A01
201300056553;0;7;0;0;2;4;2;B01
201300056553;0;7;0;0;2;1;2;C01
201300056553;0;7;0;0;2;4;2;D01
201300056554;0;10;0;0;2;2;12;A01
201300056554;0;33;0;0;2;7;3;B01
201300056555;0;10;0;0;2;4;2;B01
201300056555;0;7;0;0;2;4;2;C01
201300056555;0;38;36;0;2;1;2;A01
201300056555;0;7;0;0;2;4;2;D01
201300056556;0;32;0;0;2;3;13;A01
201300056556;0;7;0;0;2;7;1;B01
201300056557;0;17;0;0;2;2;14;A01
201300056557;0;7;0;4;2;6;1;B01
201300056558;0;31;0;0;0;0;1;A01
201300056559;0;7;0;0;2;5;12;A01
201300056559;0;33;0;0;2;3;1;B01
201300056560;0;10;0;0;2;5;2;C01
201300056560;0;7;0;4;2;1;2;A01
201300056560;0;10;0;0;2;6;2;B01
201300056561;0;31;0;0;2;1;3;A01
201300056561;0;7;0;0;2;4;1;B01
201300056562;0;7;0;0;2;6;11;A01
201300056562;0;7;0;0;0;6;2;C01
201300056562;0;33;0;0;0;7;2;B01
201300056563;0;31;0;0;2;1;3;B01
201300056563;0;7;0;0;2;7;23;D01
201300056563;0;7;0;0;2;7;22;A01
201300056563;0;10;0;0;2;8;23;C01
201300056564;0;33;0;4;0;3;13;A01
201300056565;0;7;0;0;2;4;2;B01
201300056565;0;7;0;0;2;3;2;A01
201300056565;0;31;0;0;2;9;2;D01
201300056565;0;7;0;0;2;1;2;C01
201300056566;0;10;0;8;0;1;1;A01
201300056567;0;7;0;12;0;2;12;A01
201300056568;0;7;0;4;0;3;17;A01
201300056569;0;7;0;0;0;6;11;A01
201300056569;0;33;0;0;2;2;1;B01
201300056570;0;33;0;0;2;8;3;B01
201300056570;0;10;0;0;2;2;12;A01
201300056571;0;7;0;0;2;1;1;A01
201300056571;0;7;0;0;0;4;23;B01
201300056572;0;7;0;0;0;3;1;C01
201300056572;0;7;0;0;2;5;1;B01
201300056572;0;10;0;0;2;3;16;A01
201300056573;0;7;0;0;2;1;1;A01
201300056573;0;10;0;0;0;4;23;C01
201300056573;0;7;0;0;2;4;23;B01
201300056574;0;7;0;4;2;6;23;B01
201300056574;0;38;52;0;2;2;1;A01
201300056574;0;7;0;0;2;4;23;C01
201300056574;0;7;0;0;0;4;23;D01
201300056575;0;7;0;0;2;1;2;A01
201300056575;0;33;0;0;2;4;23;B01
201300056575;0;7;0;0;0;4;23;C01
201300056576;0;31;0;4;0;8;21;A01
201300056577;0;33;0;0;9;1;11;A01
201300056578;0;16;0;0;0;2;1;B01
201300056578;0;10;0;0;0;1;1;C01
201300056578;0;7;0;0;2;1;1;D01
201300056578;0;7;0;0;2;8;18;A01
201300056579;0;33;0;0;2;8;3;B01
201300056579;0;7;0;0;2;7;12;A01
201300056580;0;7;0;0;0;4;23;C01
201300056580;0;7;0;0;2;1;1;A01
201300056580;0;7;0;0;2;4;23;B01
201300056581;0;33;0;0;2;1;3;A01
201300056581;0;31;0;0;2;4;3;B01
201300056581;0;7;0;0;2;6;23;C01
201300056582;0;34;0;0;0;1;3;B01