num_acc;senc;catv;occutc;obs;obsm;choc;manv;num_veh
201300056582;0;7;0;0;2;6;11;A01
201300056583;0;7;0;0;2;4;1;B01
201300056583;0;7;0;0;2;4;23;C01
201300056583;0;7;0;0;2;1;1;A01
201300056584;0;7;0;0;2;3;22;A01
201300056584;0;33;0;0;0;5;3;B01
201300056585;0;7;0;0;2;2;1;A01
201300056585;0;7;0;0;0;6;1;B01
201300056586;0;7;0;4;0;1;13;A01
201300056587;0;34;0;0;0;0;1;A01
201300056588;0;7;0;0;2;4;2;C01
201300056588;0;7;0;0;2;1;2;A01
201300056588;0;7;0;0;2;4;2;B01
201300056589;0;7;0;0;2;6;2;B01
201300056589;0;33;0;0;2;2;2;A01
201300056590;0;33;0;1;0;0;3;A01
201300056591;1;7;0;0;2;5;12;Z01
201300056591;0;33;0;0;2;3;3;A01
201300056592;0;31;0;0;2;1;3;B01
201300056592;0;10;0;0;2;4;11;A01
201300056593;0;7;0;0;2;4;2;B01
201300056593;0;33;0;0;2;1;2;A01
201300056594;0;17;0;0;2;2;12;A01
201300056594;0;7;0;0;2;7;1;B01
201300056595;0;7;0;0;2;5;14;B01
201300056595;0;34;0;0;2;3;3;A01
201300056595;0;7;0;0;2;6;1;C01
201300056596;0;32;0;0;2;4;2;B01
201300056596;0;33;0;0;2;1;2;A01
201300056597;0;7;0;0;2;3;12;B01
201300056597;0;7;0;4;2;5;1;A01
201300056598;0;34;0;0;2;3;11;A01
201300056598;0;10;0;0;2;2;1;B01
201300056599;0;33;0;0;2;1;2;A01
201300056599;0;7;0;0;2;4;2;B01
201300056600;0;7;0;0;2;4;1;C01
201300056600;0;17;0;0;2;2;12;A01
201300056600;0;7;0;0;2;6;1;B01
201300056601;0;33;0;0;0;8;3;A01
201300056602;0;33;0;0;2;2;3;A01
201300056602;0;10;0;0;2;6;1;B01
201300056603;0;33;0;0;0;2;1;A01
201300056604;0;7;0;4;0;1;1;A01
201300056605;0;33;0;0;2;3;3;A01
201300056605;0;7;0;0;0;2;12;B01
201300056606;0;7;0;0;2;1;2;A01
201300056606;0;10;0;0;2;4;2;B01
201300056607;0;7;0;0;2;7;12;A01
201300056607;0;34;0;0;2;8;3;B01
201300056608;0;7;0;0;2;1;2;A01
201300056608;0;7;0;0;2;4;2;B01
201300056608;0;10;0;0;2;4;2;C01
201300056609;0;7;0;0;2;7;12;B01
201300056609;0;33;0;0;0;3;3;A01
201300056610;0;7;0;0;2;1;1;A01
201300056610;0;7;0;0;2;4;23;C01
201300056610;0;7;0;0;2;1;23;B01
201300056610;0;7;0;0;2;1;1;D01
201300056611;0;7;0;0;2;2;12;A01
201300056611;0;32;0;0;0;3;3;B01
201300056612;0;33;0;0;2;8;3;B01
201300056612;0;7;0;0;0;7;12;A01
201300056613;0;32;0;0;2;2;3;A01
201300056613;0;7;0;0;0;6;11;B01
201300056614;1;7;0;0;2;1;13;Z01
201300056614;0;7;0;0;2;3;2;A01
201300056614;0;7;0;0;2;4;1;C01
201300056614;0;7;0;4;2;1;2;B01
201300056615;0;7;0;0;2;1;2;A01
201300056615;0;7;0;0;2;4;23;B01
201300056616;0;7;0;0;2;6;11;A01
201300056616;0;34;0;0;0;2;3;B01
201300056617;0;7;0;0;0;6;1;C01
201300056617;0;33;0;0;2;3;3;A01
201300056617;0;7;0;0;0;5;1;B01
201300056618;0;32;0;0;0;3;3;B01
201300056618;0;7;0;0;2;5;12;A01
201300056619;0;7;0;0;2;7;1;C01
201300056619;0;7;0;0;2;6;9;B01
201300056619;0;10;0;0;2;2;1;D01
201300056619;0;17;0;0;2;2;1;A01
201300056620;0;7;0;0;0;4;1;D01
201300056620;0;10;0;0;2;1;1;C01
201300056620;0;7;0;0;2;4;1;B01
201300056620;0;7;0;0;2;1;1;A01
201300056621;0;33;0;0;2;1;1;A01
201300056621;0;10;0;0;0;4;1;B01
201300056622;0;33;0;0;0;4;3;B01
201300056622;0;34;0;0;2;1;3;A01
201300056623;0;33;0;0;0;8;3;B01
201300056623;0;7;0;0;2;7;14;A01
201300056624;0;7;0;0;2;1;1;A01
201300056624;0;7;0;0;0;4;23;B01
201300056625;0;15;0;0;2;2;12;A01
201300056625;0;7;0;4;2;3;1;B01
201300056626;0;31;0;0;2;1;2;A01
201300056626;0;10;0;0;2;4;23;B01
201300056627;0;30;0;0;2;8;11;A01
201300056627;0;31;0;0;2;2;3;B01
201300056628;0;33;0;0;2;3;2;A01
201300056628;0;7;0;0;2;5;2;B01
201300056629;0;7;0;0;2;4;2;B01
201300056629;0;33;0;0;2;1;2;A01
201300056630;0;7;0;0;2;3;2;C01
201300056630;0;7;0;0;2;1;2;A01
201300056630;0;7;0;0;2;4;2;B01
201300056631;0;7;0;0;2;1;2;A01
201300056631;0;7;0;0;2;4;23;B01
201300056632;0;7;0;4;2;6;2;B01
201300056632;0;7;0;4;2;2;2;A01
201300056633;0;31;0;0;0;3;1;A01
201300056634;0;32;0;0;0;8;3;B01
201300056634;0;7;0;0;2;7;12;A01
201300056635;0;7;0;0;2;1;1;A01
201300056635;0;7;0;0;2;4;23;B01
201300056636;0;34;0;0;2;2;3;A01
201300056636;0;10;0;0;0;6;23;B01
201300056637;0;7;0;0;0;4;1;B01
201300056637;0;32;0;0;2;1;1;A01
201300056638;0;10;0;0;2;1;2;A01
201300056638;0;7;0;0;0;4;2;C01
201300056638;0;7;0;0;2;4;2;B01
201300056639;0;7;0;0;0;6;11;A01
201300056639;0;33;0;0;2;2;3;B01
201300056640;0;7;0;0;2;1;1;A01
201300056640;0;7;0;0;0;4;23;B01
201300056641;0;31;0;0;2;3;1;B01
201300056641;0;10;0;0;2;2;12;A01
201300056642;0;32;0;0;2;1;1;A01
201300056642;0;7;0;0;0;4;23;B01
201300056643;0;7;0;0;2;6;23;B01
201300056643;0;33;0;0;2;1;11;A01
201300056644;0;32;0;0;2;3;3;A01
201300056644;0;34;0;0;2;5;3;B01
201300056644;0;7;0;0;2;6;1;C01
201300056645;0;33;0;0;0;3;1;B01
201300056645;0;7;0;0;2;5;12;A01
201300056646;0;32;0;0;2;1;3;B01
201300056646;0;7;0;0;0;5;12;A01
201300056647;0;7;0;0;2;7;12;A01
201300056647;0;33;0;0;2;8;1;B01
201300056648;0;7;0;0;2;4;1;B01
201300056648;0;10;0;0;2;1;1;A01
201300056648;0;7;0;0;0;4;2;C01
201300056649;0;7;0;0;2;4;1;B01
201300056649;0;33;0;0;2;1;14;A01
201300056650;0;7;0;0;2;2;12;A01
201300056650;0;33;0;0;0;8;3;B01
201300056651;0;33;0;0;2;1;3;B01
201300056651;0;7;0;0;0;7;1;C01
201300056651;0;31;0;0;2;3;11;A01
201300056652;0;7;0;0;2;1;1;A01
201300056652;0;7;0;0;0;4;1;B01
201300056653;0;7;0;0;2;1;2;D01
201300056653;0;7;0;0;2;1;2;A01
201300056653;0;7;0;0;2;4;2;B01
201300056653;0;7;0;0;2;4;2;C01
201300056654;0;7;0;0;2;4;2;C01
201300056654;0;7;0;0;2;1;2;A01
201300056654;0;7;0;0;2;4;2;B01
201300056655;0;32;0;0;0;8;3;B01
201300056655;0;7;0;0;2;2;12;A01
201300056656;0;7;0;0;0;4;1;B01
201300056656;0;7;0;0;2;1;1;A01
201300056657;0;7;0;0;0;2;1;D01
201300056657;0;10;0;0;0;6;11;A01
201300056657;0;34;0;0;2;8;3;C01
201300056657;0;32;0;0;2;2;3;B01
201300056658;0;31;0;0;2;3;3;A01
201300056658;1;13;0;0;2;2;1;B01
201300056659;0;33;0;0;2;2;3;B01
201300056659;0;7;0;0;2;3;11;A01
201300056660;0;33;0;0;0;0;1;A01
201300056661;0;33;0;0;2;3;3;B01
201300056661;0;7;0;0;2;7;1;C01
201300056661;0;7;0;0;2;3;22;A01
201300056662;0;7;0;0;2;4;1;B01
201300056662;0;32;0;0;2;7;3;A01
201300056663;0;31;0;0;2;5;16;A01
201300056663;0;7;0;0;2;3;15;B01
201300056664;0;10;0;14;0;1;13;A01
201300056665;2;7;0;3;0;1;1;A01
201300056666;0;31;0;0;2;2;3;B01
201300056666;0;7;0;0;2;3;11;A01
201300056667;0;34;0;0;2;1;2;A01
201300056667;0;7;0;0;2;4;23;B01
201300056668;1;7;0;0;2;0;12;Z01
201300056668;0;31;0;0;2;6;1;A01
201300056669;1;7;0;0;2;7;12;Z01
201300056669;0;32;0;0;2;1;3;A01
201300056670;0;31;0;0;0;0;1;A01
201300056671;0;7;0;0;0;6;13;B01
201300056671;0;32;0;0;2;1;1;A01
201300056672;0;7;0;0;2;1;1;A01
201300056672;0;7;0;0;2;4;23;B01
201300056673;0;7;0;0;2;1;1;C01
201300056673;0;14;0;0;2;2;1;B01
201300056673;0;7;0;4;2;8;11;A01
201300056674;0;32;0;0;2;3;3;A01
201300056674;0;34;0;0;0;5;1;B01
201300056675;0;7;0;0;2;1;1;C01
201300056675;0;10;0;0;2;7;12;A01
201300056675;0;33;0;0;0;3;1;B01
201300056676;0;34;0;0;2;4;3;B01
201300056676;0;7;0;0;2;0;11;A01
201300056676;0;33;0;0;2;1;3;C01
201300056677;0;7;0;4;0;3;13;A01
201300056678;0;7;0;4;0;3;13;A01
201300056679;0;7;0;0;2;2;1;B01
201300056679;0;33;0;0;2;2;3;A01
201300056680;0;33;0;0;2;2;3;A01
201300056680;0;10;0;0;2;3;11;B01
201300056681;0;7;0;0;0;6;1;B01
201300056681;0;15;0;0;2;2;12;A01
201300056682;0;7;0;0;2;1;1;A01
201300056682;0;14;0;0;0;4;23;B01
201300056683;0;33;0;0;2;3;3;B01
201300056683;0;7;0;0;2;5;12;A01
201300056684;0;32;0;0;2;6;1;A01
201300056684;1;7;0;0;2;0;12;Z01
201300056685;0;7;0;0;2;4;2;B01
201300056685;0;7;0;0;2;4;2;C01
201300056685;0;7;0;0;2;1;2;A01
201300056686;0;7;0;0;2;1;2;A01
201300056686;0;7;0;0;2;4;2;B01
201300056687;0;7;0;0;2;4;1;B01
201300056687;0;7;0;0;2;1;1;A01
201300056688;0;7;0;0;2;3;14;A01
201300056688;0;7;0;0;2;6;1;C01
201300056688;0;7;0;0;2;5;1;B01
201300056689;0;33;0;0;0;8;1;A01
201300056690;0;7;0;0;0;4;23;B01
201300056690;0;7;0;0;2;1;1;A01
201300056691;0;33;0;0;2;8;1;A01
201300056691;0;7;0;0;0;4;1;B01
201300056692;0;7;0;4;2;3;1;A01
201300056692;0;7;0;4;0;8;1;B01
201300056693;0;7;0;0;0;4;1;B01
201300056693;0;7;0;0;2;1;1;A01
201300056694;0;38;28;0;0;3;1;C01
201300056694;0;33;0;0;2;1;1;A01
201300056694;0;7;0;0;0;5;1;B01
201300056695;0;33;0;0;2;1;2;A01
201300056695;0;7;0;0;2;5;2;B01
201300056696;0;7;0;0;2;2;12;A01
201300056696;0;32;0;0;2;3;3;B01
201300056696;0;7;0;0;2;4;1;D01
201300056696;0;7;0;0;2;3;1;C01
201300056697;0;7;0;0;2;1;2;A01
201300056697;0;10;0;0;2;4;2;B01
201300056698;0;10;0;0;2;8;11;A01
201300056698;0;31;0;0;2;7;1;B01
201300056699;0;13;0;0;2;3;1;A01
201300056699;0;10;0;5;2;4;1;B01
201300056700;0;33;0;0;2;1;11;A01
201300056700;0;7;0;0;2;6;11;B01
201300056701;0;33;0;0;0;8;3;B01
201300056701;0;10;0;0;2;2;12;A01
201300056702;0;33;0;0;2;1;1;A01
201300056702;0;7;0;0;0;6;1;B01
201300056703;0;31;0;0;0;0;1;A01
201300056704;0;7;0;0;2;8;11;A01
201300056704;0;31;0;0;0;7;3;B01
201300056705;0;7;0;4;0;2;13;A01
201300056706;0;32;0;0;0;0;1;A01
201300056707;0;7;0;0;2;4;2;B01
201300056707;0;7;0;0;2;1;2;A01
201300056708;0;7;0;4;0;1;13;A01
201300056709;0;7;0;0;0;7;16;B01
201300056709;0;32;0;0;2;8;18;A01
201300056710;0;33;0;0;2;1;3;B01
201300056710;0;7;0;0;0;6;11;A01
201300056711;0;10;0;0;2;5;12;B01
201300056711;0;7;0;0;2;3;1;C01
201300056711;0;34;0;0;2;3;3;A01
201300056712;0;7;0;0;2;5;2;B01
201300056712;0;7;0;0;2;6;2;D01
201300056712;0;7;0;0;2;2;13;A01
201300056712;0;7;0;4;2;5;2;C01
201300056713;0;10;0;0;0;8;23;C01
201300056713;0;10;0;0;0;8;23;B01
201300056713;0;33;0;0;2;2;3;A01
201300056714;0;7;0;0;0;4;23;C01
201300056714;0;10;0;0;2;4;1;B01
201300056714;0;14;0;0;2;1;1;A01
201300056715;0;33;0;0;2;1;3;B01
201300056715;0;7;0;0;2;5;12;A01
201300056716;0;33;0;0;0;3;3;A01
201300056717;0;31;0;0;0;0;3;A01
201300056718;0;7;0;0;2;8;11;A01
201300056718;0;7;0;0;2;6;1;C01
201300056718;0;33;0;0;2;2;3;B01
201300056719;0;7;0;0;0;6;11;A01
201300056719;0;34;0;0;2;1;1;B01
201300056720;0;15;0;0;2;1;1;A01
201300056720;0;7;0;0;0;4;23;C01
201300056720;0;7;0;0;2;4;23;B01
201300056721;0;7;0;0;2;4;1;B01
201300056721;0;7;0;0;0;4;1;D01
201300056721;0;7;0;0;2;1;1;A01
201300056721;0;7;0;0;2;4;1;C01
201300056722;0;33;0;0;2;8;3;A01
201300056722;0;10;0;0;0;5;23;B01
201300056723;0;33;0;0;0;7;1;A01
201300056723;1;7;0;0;0;0;11;Z01
201300056724;0;32;0;0;0;3;2;B01
201300056724;0;7;0;0;2;5;12;A01
201300056725;0;10;0;4;2;2;1;B01
201300056725;0;7;0;0;2;5;12;A01
201300056725;1;7;0;0;2;3;13;Z01
201300056726;0;7;0;4;0;3;1;A01
201300056727;0;7;0;0;0;4;1;B01
201300056727;0;7;0;0;2;1;1;A01
201300056728;0;34;0;0;2;1;2;A01
201300056728;0;7;0;0;2;4;2;B01
201300056729;0;7;0;5;0;3;16;A01
201300056730;0;7;0;0;2;6;2;A01
201300056730;1;7;0;0;2;1;2;Z01
201300056731;0;7;0;0;2;6;11;A01
201300056731;0;31;0;0;2;7;3;B01
201300056732;1;7;0;0;2;3;13;Z01
201300056732;0;33;0;0;2;7;3;A01
201300056733;0;14;0;0;0;7;1;B01
201300056733;0;32;0;0;2;8;11;A01
201300056734;0;33;0;0;2;1;1;A01
201300056734;0;10;0;0;0;4;1;B01
201300056735;0;33;0;0;0;3;1;B01
201300056735;0;7;0;0;2;5;12;A01
201300056736;0;32;0;0;0;7;3;A01
201300056736;0;7;0;0;0;0;12;B01
201300056737;0;7;0;0;2;5;23;B01
201300056737;0;33;0;0;2;1;1;A01
201300056738;0;33;0;0;0;8;3;A01
201300056739;0;7;0;0;0;4;1;B01
201300056739;0;7;0;0;2;1;1;A01
201300056740;0;10;0;0;2;3;1;C01
201300056740;0;7;0;0;2;6;1;A01
201300056740;1;14;0;0;2;0;12;Z01
201300056740;0;33;0;0;2;1;1;B01
201300056741;0;32;0;1;2;7;1;A01
201300056741;0;7;0;0;0;6;1;B01
201300056742;0;33;0;0;2;3;3;C01
201300056742;0;16;0;0;2;2;12;A01
201300056742;0;31;0;0;2;7;1;D01
201300056742;0;7;0;4;2;3;1;B01
201300056743;0;31;0;0;0;0;3;A01
201300056744;0;33;0;0;2;1;11;A01
201300056744;0;7;0;0;0;6;1;B01
201300056745;0;7;0;4;0;2;1;A01
201300056746;0;7;0;0;2;1;1;B01
201300056746;0;7;0;0;0;4;1;A01
201300056746;1;7;0;0;0;0;1;Z01
201300056747;0;32;0;0;0;0;1;A01
201300056748;0;33;0;0;0;3;3;B01
201300056748;0;7;0;0;2;2;12;A01
201300056749;1;7;0;0;2;1;1;Z01
201300056749;0;7;0;0;2;4;23;A01
201300056749;0;7;0;0;0;4;23;B01
201300056750;0;7;0;4;0;3;12;A01
201300056751;0;7;0;4;0;4;1;B01
201300056751;0;7;0;4;2;8;13;A01
201300056752;0;7;0;0;0;4;23;C01
201300056752;0;31;0;0;2;8;3;A01
201300056752;0;7;0;0;2;2;1;B01
201300056753;0;14;0;0;2;2;1;A01
201300056753;0;7;0;0;2;6;1;B01
201300056754;0;7;0;0;0;4;1;B01
201300056754;0;7;0;4;2;1;13;A01
201300056755;0;7;0;0;0;2;1;D01
201300056755;0;7;0;0;2;4;22;A01
201300056755;0;7;0;0;0;1;23;B01
201300056755;0;33;0;0;2;1;3;C01
201300056756;0;32;0;0;0;7;1;B01
201300056756;0;10;0;0;2;8;11;A01
201300056757;0;32;0;0;2;8;18;A01
201300056757;0;7;0;0;0;2;1;B01
201300056758;0;7;0;0;2;6;11;A01
201300056758;0;33;0;0;2;1;3;B01
201300056759;0;31;0;0;0;8;3;B01
201300056759;0;10;0;0;2;7;12;A01
201300056760;0;14;0;0;2;2;1;B01
201300056760;0;7;0;7;2;6;11;A01
201300056761;0;32;0;0;0;8;3;A01
201300056762;0;7;0;0;2;3;11;A01
201300056762;0;32;0;4;2;2;1;B01
201300056762;0;7;0;0;0;4;23;C01
201300056763;0;32;0;0;0;7;14;A01
201300056764;0;33;0;12;0;0;14;A01
201300056765;0;32;0;0;0;4;23;C01
201300056765;0;7;0;0;2;4;23;B01
201300056765;0;7;0;0;2;1;1;A01
201300056766;0;7;0;0;2;6;2;B01
201300056766;0;33;0;0;2;1;2;A01
201300056767;0;33;0;0;2;1;2;C01
201300056767;0;7;0;0;2;1;2;A01
201300056767;0;7;0;0;2;4;2;B01
201300056768;1;7;0;0;2;5;12;Z01
201300056768;0;31;0;0;2;8;3;A01
201300056769;0;33;0;0;0;0;1;A01
201300056770;0;7;0;0;2;4;23;C01
201300056770;0;10;0;0;2;4;23;B01
201300056770;0;7;0;0;2;1;1;A01
201300056771;0;33;0;0;0;0;1;A01
201300056772;1;10;0;0;2;0;11;Z01
201300056772;0;33;0;0;2;2;1;A01
201300056773;0;7;0;4;2;8;1;A01
201300056773;1;17;0;0;2;2;12;Z01
201300056774;0;33;0;0;2;1;3;C01
201300056774;0;34;0;0;2;1;3;A01
201300056774;0;32;0;0;0;4;3;B01
201300056775;0;33;0;0;0;9;12;A01
201300056776;0;10;0;0;0;5;1;B01
201300056776;0;33;0;0;2;1;3;A01
201300056777;0;7;0;0;2;7;12;A01
201300056777;0;33;0;0;0;8;1;B01
201300056778;0;33;0;0;2;8;3;B01
201300056778;0;10;0;0;2;4;1;C01
201300056778;0;33;0;2;2;1;3;A01
201300056779;0;7;0;0;2;2;16;A01
201300056779;0;33;0;0;2;3;1;B01
201300056780;0;7;0;4;0;3;13;A01
201300056781;0;7;0;0;2;8;11;A01
201300056781;0;33;0;0;2;1;3;B01
201300056782;0;7;0;0;2;6;11;B01
201300056782;0;33;0;0;2;1;3;A01
201300056783;0;7;0;0;2;4;23;B01
201300056783;0;33;0;0;2;1;2;A01
201300056784;0;33;0;4;2;3;2;A01
201300056784;0;7;0;0;2;5;23;B01
201300056785;0;34;0;0;2;3;3;A01
201300056785;0;7;0;0;2;7;1;B01
201300056786;0;10;0;0;2;2;12;A01
201300056786;0;31;0;0;2;8;3;B01
201300056786;0;7;0;0;2;4;1;C01
201300056787;0;31;0;0;2;7;3;B01
201300056787;0;7;0;0;2;2;1;C01
201300056787;0;7;0;0;2;8;11;A01
201300056788;0;7;0;0;0;0;11;A01
201300056788;0;33;0;0;0;0;3;B01
201300056789;0;34;0;0;2;1;1;B01
201300056789;0;7;0;0;2;5;12;A01
201300056790;0;7;0;0;2;2;1;C01
201300056790;0;33;0;0;2;2;3;A01
201300056790;0;13;0;0;2;6;1;B01
201300056791;0;32;0;0;2;1;3;C01
201300056791;0;7;0;0;2;1;14;A01
201300056791;0;7;0;0;0;0;1;B01
201300056792;0;33;0;0;2;7;3;B01
201300056792;0;7;0;0;2;8;13;A01
201300056793;0;7;0;0;2;4;1;A01
201300056793;1;13;0;0;2;5;12;Z01
201300056793;0;7;0;0;2;3;2;C01
201300056793;0;7;0;0;2;8;2;B01
201300056794;0;33;0;0;0;7;1;A01
201300056795;0;7;0;0;2;3;13;A01
201300056795;0;7;0;4;2;5;1;B01
201300056796;0;7;0;0;2;4;23;C01
201300056796;0;10;0;0;2;2;2;A01
201300056796;0;7;0;0;2;4;23;B01
201300056797;0;7;0;0;2;4;1;C01
201300056797;0;7;0;0;2;1;1;A01
201300056797;0;7;0;0;2;4;1;B01
201300056798;0;7;0;6;2;3;11;A01
201300056798;0;7;0;0;2;2;1;B01
201300056798;0;7;0;0;2;6;1;C01
201300056799;0;7;0;0;2;6;11;A01
201300056799;0;33;0;0;0;2;3;B01
201300056800;0;33;0;0;2;1;1;A01
201300056800;0;7;0;0;0;6;1;B01
201300056801;0;7;0;0;2;4;23;B01
201300056801;0;13;0;0;2;1;1;A01
201300056801;0;7;0;0;2;4;23;C01
201300056801;0;7;0;0;0;4;23;D01
201300056802;0;7;0;0;2;6;1;C01
201300056802;0;7;0;0;2;3;11;A01
201300056802;0;33;0;0;2;7;3;B01
201300056803;0;7;0;0;2;1;2;A01
201300056803;0;7;0;0;2;4;2;B01
201300056804;0;7;0;0;2;6;1;A01
201300056804;0;32;0;0;2;4;1;B01
201300056804;2;10;0;0;2;2;12;Z01
201300056805;0;7;0;0;2;2;12;B01
201300056805;0;33;0;0;2;3;3;A01
201300056806;0;7;0;0;2;6;1;B01
201300056806;0;14;0;0;2;2;12;A01
201300056807;0;7;0;4;0;3;11;A01
201300056808;1;7;0;6;0;1;1;A01
201300056809;0;34;0;0;2;1;1;A01
201300056809;0;7;0;0;0;5;1;B01
201300056809;0;7;0;0;0;3;1;C01
201300056810;0;33;0;0;2;8;3;B01
201300056810;0;7;0;0;2;2;12;A01
201300056811;0;33;0;0;0;3;1;A01
201300056812;0;34;0;0;2;3;2;A01
201300056812;0;7;0;0;2;2;2;B01
201300056813;0;10;0;0;2;2;5;A01
201300056813;0;15;0;0;2;2;1;B02
201300056814;0;7;0;0;1;3;1;A01
201300056815;0;7;0;0;2;1;1;A01
201300056815;0;7;0;0;2;1;1;B02
201300056816;0;33;0;5;0;0;1;A01
201300056817;0;7;0;0;2;1;1;B02
201300056817;0;7;0;0;2;1;1;A01
201300056818;0;14;0;13;0;3;1;A01
201300056819;0;33;0;6;9;2;1;A01
201300056820;0;1;0;0;0;0;0;A01
201300056821;0;7;0;0;2;1;1;B02
201300056821;0;32;0;0;2;1;5;A01
201300056822;0;33;0;6;0;1;2;A01
201300056823;0;7;0;0;2;4;20;A01
201300056823;0;30;0;0;2;1;1;B02
201300056824;0;7;0;0;1;2;5;A01
201300056825;0;33;0;0;0;1;1;A01
201300056826;0;31;0;0;2;1;1;A01
201300056826;0;7;0;0;2;1;1;B02
201300056827;0;14;0;13;0;2;2;A01
201300056828;0;7;0;0;0;3;13;A01
201300056828;0;33;0;0;2;1;17;B02
201300056829;0;36;0;12;0;2;1;A01
201300056830;0;7;0;3;2;3;1;B02
201300056830;0;7;0;0;2;1;1;A01
201300056831;0;10;0;6;1;1;0;A01
201300056832;0;7;0;0;0;0;1;A01
201300056833;0;7;0;0;0;3;1;A01
201300056833;0;2;0;0;0;1;13;B02
201300056834;0;10;0;0;2;3;9;A01
201300056834;0;33;0;0;2;1;1;B02
201300056835;0;7;0;0;2;7;13;A01
201300056835;0;7;0;0;2;1;1;B02
201300056836;0;7;0;0;2;1;13;A01
201300056836;0;7;0;0;2;1;1;B02
201300056837;0;33;0;0;2;1;13;B02
201300056837;0;7;0;0;2;8;10;A01
201300056838;0;7;0;13;0;1;0;A01
201300056839;0;33;0;15;0;8;6;A01
201300056840;0;7;0;5;0;2;1;A01
201300056841;0;7;0;0;0;5;1;A01
201300056841;0;30;0;0;0;1;18;B02
201300056842;0;7;0;3;0;3;1;A01
201300056843;0;7;0;13;0;2;1;A01
201300056844;0;31;0;0;2;1;1;B02
201300056844;0;7;0;0;2;5;15;A01
201300056845;0;7;0;0;1;1;0;A01
201300056846;0;7;0;0;2;2;15;A01
201300056846;0;32;0;0;2;1;1;B02
201300056847;0;7;0;0;2;6;13;A01
201300056847;0;7;0;0;2;2;1;B02
201300056848;0;30;0;0;2;2;18;A01
201300056848;0;7;0;0;0;5;15;B02
201300056849;0;33;0;6;0;1;0;A01
201300056850;0;7;0;0;2;3;15;A01
201300056850;0;31;0;0;2;1;17;B02
201300056851;0;30;0;0;1;1;1;A01
201300056852;0;7;0;0;2;1;13;A01
201300056852;0;7;0;0;2;1;21;B02
201300056853;0;7;0;0;0;1;17;B02
201300056853;0;7;0;6;0;6;15;A01
201300056854;0;7;0;0;0;8;15;A01
201300056854;0;7;0;0;0;3;13;B02
201300056855;0;33;0;0;2;1;1;A01
201300056855;0;99;0;0;0;4;1;B02
201300056856;0;7;0;0;2;3;1;B02
201300056856;0;7;0;0;2;1;17;A01
201300056856;0;7;0;0;2;1;1;C03
201300056857;0;2;0;16;0;1;0;A01
201300056858;0;7;0;0;2;3;19;B02
201300056858;0;7;0;0;2;1;1;A01
201300056858;0;7;0;0;2;3;1;C03
201300056859;0;99;0;6;0;1;1;A01
201300056860;0;7;0;0;1;2;1;A01
201300056861;0;7;0;8;0;1;1;A01
201300056862;0;10;0;0;1;6;4;A01
201300056863;0;34;0;0;0;1;13;A01
201300056863;0;7;0;0;2;3;1;B02
201300056864;0;10;0;0;1;2;2;A01
201300056865;0;10;0;0;2;2;1;A01
201300056865;0;10;0;7;2;3;9;B02
201300056866;0;7;0;0;9;1;1;B02
201300056866;0;7;0;0;0;1;13;A01
201300056867;0;10;0;0;1;2;1;A01
201300056868;0;7;0;0;2;1;2;A01
201300056868;0;10;0;0;2;2;1;D04
201300056868;0;7;0;0;2;4;2;B02
201300056868;0;7;0;0;2;1;23;C03
201300056869;0;7;0;0;2;7;1;A01
201300056869;0;30;0;0;2;1;19;B02
201300056870;0;7;0;0;2;1;13;A01
201300056870;0;7;0;0;2;2;1;B02
201300056871;0;33;0;3;0;9;1;A01
201300056872;0;7;0;0;2;3;13;A01
201300056872;0;7;0;0;2;3;1;B02
201300056873;0;7;0;0;2;6;9;A01
201300056873;0;2;0;0;2;1;2;B02
201300056874;0;7;0;0;2;1;1;B02
201300056874;0;3;0;0;2;1;13;A01
201300056875;0;7;0;0;2;5;15;A01
201300056875;0;33;0;0;2;5;1;B02
201300056876;0;7;0;0;2;3;1;B02
201300056876;0;7;0;0;2;7;15;C03
201300056876;0;7;0;0;2;7;13;A01
201300056877;0;7;0;0;2;7;1;A01
201300056877;0;7;0;0;2;2;9;B02
201300056878;0;1;0;0;2;1;13;A01
201300056878;0;7;0;0;2;8;1;B02
201300056879;0;30;0;0;0;1;13;A01
201300056880;0;10;0;8;0;1;13;A01
201300056881;0;31;0;6;1;2;1;A01
201300056882;0;30;0;0;2;3;13;A01
201300056882;0;7;0;0;2;3;1;B02
201300056883;0;2;0;0;2;1;15;A01
201300056883;0;7;0;0;2;1;1;B02
201300056884;0;33;0;0;2;8;0;B02
201300056884;0;7;0;0;2;2;5;A01
201300056885;0;10;0;0;2;8;1;B02
201300056885;0;31;0;0;2;1;13;A01
201300056886;0;7;0;0;2;2;20;A01
201300056886;0;31;0;0;2;1;1;B02
201300056887;0;10;0;0;2;2;1;B02
201300056887;0;7;0;0;2;3;1;A01
201300056888;0;7;0;0;1;1;2;A01
201300056889;0;33;0;0;2;1;1;A01
201300056889;0;7;0;0;0;6;2;B02
201300056890;0;10;0;0;2;2;2;A01
201300056890;0;1;0;0;0;4;2;B02
201300056891;0;7;0;0;2;4;4;A01
201300056891;0;7;0;0;2;1;1;B02
201300056892;0;7;0;0;1;7;14;A01
201300056893;0;7;0;0;9;8;0;A01
201300056894;0;7;0;0;1;2;1;A01
201300056895;0;7;0;13;0;2;1;A01
201300056896;0;7;0;0;1;2;0;A01