num_acc;senc;catv;occutc;obs;obsm;choc;manv;num_veh
201300056897;0;32;0;0;2;3;1;B02
201300056897;0;14;0;0;9;3;1;A01
201300056898;0;7;0;0;2;3;1;A01
201300056898;0;33;0;0;2;1;13;B02
201300056899;0;30;0;13;0;1;1;A01
201300056900;0;10;0;0;2;3;13;B02
201300056900;0;10;0;0;2;3;1;A01
201300056901;0;30;0;0;2;0;1;C03
201300056901;0;7;0;0;2;3;1;A01
201300056901;0;7;0;0;2;1;13;B02
201300056902;0;33;0;0;9;9;1;A01
201300056903;2;7;0;0;0;9;0;A01
201300056904;0;7;0;4;0;8;17;A01
201300056905;0;1;0;0;2;1;0;B02
201300056905;0;7;0;0;9;2;11;A01
201300056906;0;36;0;6;0;3;1;A01
201300056907;0;2;0;6;0;1;1;A01
201300056908;0;7;0;0;0;2;1;A01
201300056908;0;7;0;0;0;2;15;B02
201300056909;0;33;0;0;2;0;21;A01
201300056910;0;7;0;0;2;3;1;A01
201300056910;0;33;0;0;2;1;21;B02
201300056911;0;33;0;0;0;1;1;A01
201300056911;0;33;0;0;0;1;1;B02
201300056912;0;10;0;0;2;7;1;B02
201300056912;0;33;0;0;2;1;1;A01
201300056913;0;34;0;6;0;3;1;A01
201300056914;0;7;0;0;2;6;23;B02
201300056914;0;7;0;0;2;2;17;A01
201300056914;0;2;0;0;2;3;1;C03
201300056915;0;30;0;0;0;0;13;A01
201300056916;0;7;0;0;1;2;1;A01
201300056917;0;34;0;6;0;1;14;A01
201300056918;0;30;0;0;2;1;19;A01
201300056918;0;30;0;0;2;1;0;B02
201300056919;0;33;0;0;2;1;1;B02
201300056919;0;7;0;0;2;3;15;A01
201300056920;0;7;0;0;2;1;13;A01
201300056920;0;7;0;0;2;1;1;B02
201300056921;0;7;0;0;0;4;23;B02
201300056921;0;33;0;0;2;1;2;A01
201300056922;0;2;0;0;2;1;1;B02
201300056922;0;7;0;0;2;6;15;A01
201300056923;0;7;0;0;2;3;13;A01
201300056923;0;7;0;0;2;0;1;B02
201300056924;0;2;0;0;2;8;1;A01
201300056925;0;7;0;0;2;1;19;A01
201300056925;0;7;0;0;2;1;1;B02
201300056926;0;7;0;0;0;5;2;A01
201300056926;0;34;0;0;2;1;2;B02
201300056927;0;7;0;0;2;3;9;A01
201300056927;0;34;0;0;2;1;1;B02
201300056928;0;7;0;13;0;1;1;A01
201300056929;0;10;0;0;2;1;1;B02
201300056929;0;7;0;0;2;1;13;A01
201300056930;0;7;0;0;2;1;13;B02
201300056930;0;7;0;0;2;1;1;A01
201300056931;0;10;0;0;1;7;1;A01
201300056932;0;7;0;0;2;8;13;A01
201300056932;0;7;0;0;2;1;1;B02
201300056933;0;33;0;0;2;1;13;A01
201300056933;0;7;0;0;2;1;1;B02
201300056934;0;7;0;0;2;1;1;A01
201300056934;0;30;0;0;2;7;19;B02
201300056935;0;7;0;2;1;1;1;A01
201300056936;0;33;0;13;0;1;0;A01
201300056936;0;34;0;13;0;1;2;B02
201300056937;0;33;0;0;2;3;21;B02
201300056937;0;33;0;0;0;5;21;A01
201300056938;1;30;0;0;2;1;13;B02
201300056938;0;33;0;0;2;8;0;A01
201300056939;0;7;0;12;0;2;0;A01
201300056940;0;7;0;0;2;1;9;B02
201300056940;0;7;0;0;2;3;21;A01
201300056941;0;2;0;0;0;0;0;A01
201300056942;2;31;0;0;1;0;1;A01
201300056943;0;7;0;0;2;8;13;A01
201300056943;0;10;0;0;2;3;1;B02
201300056944;0;33;0;0;2;1;1;A01
201300056944;0;7;0;0;2;2;15;B02
201300056945;0;7;0;3;0;7;14;A01
201300056946;0;33;0;0;2;1;1;B02
201300056946;0;10;0;0;2;1;9;A01
201300056947;0;32;0;0;2;1;1;A01
201300056947;0;7;0;0;2;3;1;B02
201300056948;0;7;0;2;2;1;1;A01
201300056948;0;7;0;0;2;1;9;B02
201300056949;0;7;0;0;0;9;1;A01
201300056950;0;7;0;0;2;2;0;A01
201300056950;0;7;0;0;0;0;0;B02
201300056951;0;7;0;0;2;3;1;A01
201300056951;0;1;0;0;2;1;16;B02
201300056952;0;33;0;0;2;1;13;A01
201300056952;0;7;0;0;2;1;0;B02
201300056953;0;7;0;0;2;1;1;A01
201300056953;0;10;0;0;2;3;21;B02
201300056954;0;7;0;0;2;3;13;A01
201300056954;0;7;0;0;2;3;1;B02
201300056955;0;7;0;0;9;3;15;A01
201300056956;0;7;0;0;1;1;1;A01
201300056957;0;7;0;0;2;6;15;B02
201300056957;0;33;0;0;2;1;1;A01
201300056958;0;7;0;0;1;0;1;A01
201300056959;0;10;0;0;0;1;1;A01
201300056959;0;10;0;0;0;3;1;B02
201300056960;0;7;0;0;1;3;15;A01
201300056961;0;10;0;0;2;1;24;B02
201300056961;0;10;0;1;0;1;14;A01
201300056962;0;30;0;0;0;3;1;B02
201300056962;0;7;0;0;0;3;1;A01
201300056963;0;2;0;0;2;1;1;B02
201300056963;0;10;0;0;2;2;9;A01
201300056964;0;34;0;0;2;1;0;A01
201300056964;0;30;0;0;2;1;0;B02
201300056965;0;15;0;13;2;1;21;B02
201300056965;0;7;0;0;2;2;13;A01
201300056966;0;7;0;0;2;2;15;A01
201300056966;0;2;0;0;2;1;1;B02
201300056967;0;30;0;0;0;1;1;A01
201300056967;0;7;0;0;0;6;0;B02
201300056968;0;7;0;0;2;3;1;B02
201300056968;0;30;0;0;2;3;1;A01
201300056969;0;7;0;0;1;1;1;A01
201300056970;0;7;0;6;0;1;0;A01
201300056971;0;7;0;8;0;0;1;A01
201300056972;0;7;0;0;0;3;13;A01
201300056972;0;1;0;0;0;0;1;B02
201300056973;0;7;0;0;2;1;1;B02
201300056973;0;7;0;0;2;1;13;A01
201300056974;0;33;0;0;2;1;1;B02
201300056974;0;7;0;0;2;5;15;A01
201300056975;0;7;0;0;2;3;1;A01
201300056975;0;10;0;0;2;3;1;B02
201300056976;0;7;0;0;0;4;2;B02
201300056976;0;33;0;0;2;1;2;A01
201300056977;0;7;0;0;2;3;13;A01
201300056977;0;2;0;0;2;1;1;B02
201300056978;0;7;0;0;1;1;1;A01
201300056979;0;7;0;0;2;8;15;B02
201300056979;0;33;0;0;2;1;17;A01
201300056980;0;30;0;0;2;1;1;A01
201300056980;0;10;0;0;2;2;1;B02
201300056981;0;7;0;0;2;1;1;A01
201300056981;0;7;0;0;2;1;0;B02
201300056982;0;7;0;0;2;2;21;A01
201300056982;0;7;0;0;0;8;15;B02
201300056983;0;32;0;0;0;8;1;A01
201300056984;0;7;0;6;0;4;1;B02
201300056984;0;7;0;0;2;5;1;A01
201300056985;0;7;0;0;2;7;21;A01
201300056985;0;7;0;0;2;1;5;B02
201300056986;0;2;0;0;2;1;1;B02
201300056986;0;30;0;0;2;1;1;A01
201300056987;0;10;0;0;1;2;1;A01
201300056988;0;7;0;0;2;1;15;A01
201300056988;0;32;0;0;2;1;1;B02
201300056989;0;7;0;0;1;3;1;A01
201300056990;0;7;0;0;1;1;1;B02
201300056990;0;7;0;0;1;1;1;A01
201300056991;0;7;0;0;2;6;24;B02
201300056991;0;10;0;1;1;7;14;A01
201300056992;0;7;0;0;2;1;15;A01
201300056992;0;30;0;0;2;1;1;B02
201300056993;0;30;0;0;2;1;0;B02
201300056993;0;10;0;0;0;2;1;A01
201300056994;0;7;0;8;0;1;17;A01
201300056995;0;7;0;0;2;3;15;B02
201300056995;0;30;0;0;2;2;17;A01
201300056996;0;7;0;2;0;1;14;A01
201300056997;0;7;0;2;0;3;13;A01
201300056998;0;30;0;15;0;1;1;A01
201300056999;0;7;0;13;0;3;1;A01
201300056999;0;7;0;0;2;1;1;B02
201300056999;0;7;0;0;2;1;1;C03
201300057000;0;7;0;16;0;3;13;A01
201300057001;0;7;0;0;2;1;13;A01
201300057001;0;7;0;0;2;1;1;B02
201300057002;0;7;0;0;1;1;17;A01
201300057002;0;7;0;0;2;3;1;B02
201300057003;0;1;0;0;2;8;1;B02
201300057004;0;7;0;0;1;2;1;A01
201300057005;0;7;0;0;2;3;1;A01
201300057005;0;7;0;0;2;3;1;B02
201300057006;0;1;0;6;0;1;1;A01
201300057007;0;17;0;0;0;4;24;B02
201300057007;0;34;0;1;0;1;12;A01
201300057008;0;7;0;8;0;7;1;A01
201300057009;0;10;0;0;2;1;2;B02
201300057009;0;7;0;0;1;9;23;A01
201300057010;0;7;0;0;2;7;13;A01
201300057010;0;14;0;0;2;1;1;B02
201300057011;0;7;0;0;1;8;1;A01
201300057012;0;7;0;0;2;6;23;B02
201300057012;1;30;0;0;2;0;17;A01
201300057013;0;7;0;0;1;5;1;A01
201300057014;0;7;0;6;0;1;19;A01
201300057015;0;33;0;0;2;1;1;B02
201300057015;0;7;0;0;2;7;19;A01
201300057016;0;7;0;2;0;8;1;A01
201300057017;0;33;0;8;0;1;14;A01
201300057018;0;7;0;6;0;3;17;A01
201300057019;0;10;0;0;1;2;1;A01
201300057020;0;7;0;0;2;1;21;C03
201300057020;0;7;0;0;2;2;5;A01
201300057020;0;7;0;0;2;3;21;B02
201300057021;0;38;0;0;2;2;1;B02
201300057021;0;1;0;0;2;1;1;A01
201300057022;0;1;0;0;0;1;15;B02
201300057022;0;7;0;0;0;2;1;A01
201300057023;0;7;0;8;0;2;1;A01
201300057024;0;33;0;2;0;1;14;A01
201300057025;0;7;0;0;0;8;15;B02
201300057025;0;33;0;0;2;1;3;A01
201300057026;0;7;0;0;2;1;1;A01
201300057026;0;7;0;0;2;1;17;B02
201300057027;0;10;0;0;0;6;11;A01
201300057027;0;34;0;0;2;1;1;B02
201300057028;0;7;0;0;2;2;1;B02
201300057028;0;30;0;0;0;8;15;A01
201300057029;0;33;0;0;0;1;17;B02
201300057029;0;14;0;0;0;7;15;A01
201300057030;0;1;0;0;0;1;1;B02
201300057030;0;10;0;0;0;1;1;A01
201300057031;0;7;0;13;0;9;14;A01
201300057032;0;10;0;2;0;7;1;A01
201300057033;0;7;0;13;2;3;1;A01
201300057033;0;7;0;0;2;1;1;C03
201300057033;0;7;0;0;2;3;1;B02
201300057034;0;38;0;0;1;2;1;A01
201300057035;0;7;0;0;2;2;21;A01
201300057035;0;2;0;0;2;8;15;B02
201300057036;0;7;0;13;0;1;1;A01
201300057037;1;7;0;0;2;2;1;A01
201300057037;0;1;0;0;2;4;1;B02
201300057038;0;10;0;0;2;3;1;A01
201300057038;0;10;0;0;2;3;15;B02
201300057039;0;7;0;0;2;8;1;A01
201300057039;0;1;0;0;2;7;1;B02
201300057040;0;7;0;0;2;1;5;A01
201300057040;0;7;0;0;2;1;5;B02
201300057041;0;7;0;0;0;1;17;A01
201300057041;0;10;0;0;0;1;1;B02
201300057042;0;7;0;0;1;2;1;A01
201300057043;0;7;0;1;0;2;1;A01
201300057043;0;30;0;0;0;4;19;B02
201300057044;0;7;0;0;2;8;1;C03
201300057044;0;10;0;0;2;1;13;A01
201300057044;0;7;0;0;2;1;1;B02
201300057045;0;10;0;0;0;3;21;A01
201300057045;0;7;0;0;2;7;19;B02
201300057046;0;10;0;0;2;3;1;B02
201300057046;0;7;0;0;2;2;1;A01
201300057047;0;10;0;8;0;0;0;A01
201300057048;0;14;0;0;2;2;1;A01
201300057048;0;30;0;0;2;1;5;B01
201300057049;0;1;0;0;0;8;1;B02
201300057049;1;7;0;0;9;7;17;A01
201300057050;0;7;0;0;2;3;1;A01
201300057050;0;1;0;0;2;8;19;B02
201300057051;0;7;0;0;2;7;1;A01
201300057051;0;2;0;0;2;1;19;B02
201300057052;0;30;0;1;2;1;1;B02
201300057052;0;7;0;0;2;5;15;A01
201300057053;0;10;0;13;0;1;14;A01
201300057054;0;10;0;0;2;3;13;A01
201300057054;0;10;0;0;2;3;1;B02
201300057055;0;7;0;13;0;9;1;A01
201300057056;0;7;0;2;0;3;1;A01
201300057057;0;33;0;3;0;8;1;A01
201300057058;0;7;0;0;2;3;1;A01
201300057058;0;7;0;0;2;2;13;B02
201300057059;0;14;0;2;0;9;14;A01
201300057060;0;15;0;0;0;2;0;A01
201300057060;0;7;0;0;0;1;0;B02
201300057061;0;20;0;0;0;8;1;A01
201300057062;0;10;0;0;1;1;17;A01
201300057063;0;2;0;0;2;1;1;B02
201300057063;0;7;0;0;2;3;15;A01
201300057064;0;30;0;0;2;3;1;A01
201300057064;0;20;0;0;0;5;15;B02
201300057065;0;14;0;0;0;0;0;B02
201300057065;1;30;0;0;2;0;19;A01
201300057066;0;2;0;14;0;1;2;A01
201300057066;0;7;0;0;2;4;23;B02
201300057067;0;34;0;0;9;1;1;A01
201300057068;0;7;0;0;2;1;13;A01
201300057068;0;1;0;0;2;1;1;B02
201300057069;0;10;0;0;2;3;13;A01
201300057069;0;10;0;0;2;3;1;B02
201300057070;0;7;0;0;2;2;13;A01
201300057070;0;7;0;0;2;1;13;B02
201300057071;0;2;0;0;2;8;0;B02
201300057071;0;7;0;0;2;7;14;A01
201300057072;0;30;0;0;2;1;1;A01
201300057072;1;7;0;0;2;1;1;B02
201300057073;0;7;0;0;1;2;1;A01
201300057074;0;30;0;15;0;1;13;A01
201300057075;0;7;0;0;0;7;9;A01
201300057075;0;33;0;6;0;7;21;B02
201300057076;0;7;0;2;0;1;19;A01
201300057077;0;38;0;0;2;2;2;A01
201300057077;0;1;0;0;2;0;0;B02
201300057078;0;7;0;0;1;1;15;A01
201300057079;0;7;0;11;1;1;1;A01
201300057080;0;7;0;0;1;2;1;A01
201300057081;0;37;0;0;1;1;1;A01
201300057082;0;15;0;0;2;3;1;A01
201300057082;0;38;0;0;2;3;1;B01
201300057083;0;7;0;0;0;0;1;A01
201300057084;0;7;0;0;0;1;1;A01
201300057085;0;1;0;0;2;1;1;B02
201300057085;0;7;0;0;2;2;17;A01
201300057086;0;1;0;0;0;7;0;A01
201300057087;0;31;0;0;1;1;1;A01
201300057088;0;31;0;0;1;1;1;A01
201300057089;0;7;0;0;1;8;1;A01
201300057090;0;7;0;0;2;2;2;A01
201300057090;0;2;0;0;2;8;2;B02
201300057091;1;30;0;0;1;1;5;A01
201300057092;0;31;0;0;2;1;17;A01
201300057092;0;7;0;0;0;8;15;B02
201300057093;0;7;0;0;2;1;14;A01
201300057093;0;30;0;0;2;4;1;B02
201300057094;0;10;0;13;0;1;1;A01
201300057095;0;30;0;7;0;1;14;A01
201300057096;0;7;0;0;1;3;1;A01
201300057097;0;30;0;13;0;1;0;A01
201300057098;0;30;0;0;2;2;17;B02
201300057098;0;7;0;0;2;3;15;A01
201300057099;0;30;0;4;2;7;15;B02
201300057099;0;30;0;0;2;8;1;A01
201300057100;0;7;0;0;0;1;1;A01
201300057101;0;7;0;0;1;3;17;A01
201300057102;0;10;0;3;0;8;0;A01
201300057103;0;7;0;0;1;2;2;A01
201300057104;0;7;0;0;2;3;1;A01
201300057104;0;99;0;0;2;1;1;B02
201300057105;0;33;0;0;2;8;0;B02
201300057105;0;7;0;0;9;1;9;A01
201300057106;0;7;0;0;1;2;2;A01
201300057107;0;33;0;12;0;1;1;A01
201300057108;0;7;0;0;1;3;2;A01
201300057109;0;7;0;0;1;7;1;A01
201300057110;0;7;0;0;9;3;0;B02
201300057110;0;30;0;0;2;1;0;A01
201300057111;0;7;0;6;0;7;13;A01
201300057112;0;10;0;13;0;2;1;A01
201300057113;0;7;0;0;1;2;1;A01
201300057114;0;30;0;0;2;1;1;B02
201300057114;0;1;0;0;2;1;5;A01
201300057115;0;7;0;0;9;2;1;A01
201300057115;0;1;0;0;2;6;19;B02
201300057116;0;7;0;0;1;8;1;A01
201300057117;0;7;0;0;2;2;1;B02
201300057117;0;7;0;0;2;7;13;A01
201300057117;0;7;0;0;2;1;1;C03
201300057118;0;2;0;0;2;1;1;A01
201300057118;0;7;0;0;2;7;16;B02
201300057119;0;30;0;0;2;1;13;A01
201300057119;0;30;0;0;2;1;1;B02
201300057120;0;7;0;0;2;1;2;B02
201300057120;0;14;0;0;0;4;2;A01
201300057121;0;7;0;0;2;1;1;A01
201300057121;0;1;0;0;2;7;16;B02
201300057122;0;30;0;0;0;8;0;A01
201300057123;0;30;0;4;0;1;1;A01
201300057124;0;1;0;0;2;1;1;A01
201300057124;0;7;0;0;0;4;2;B02
201300057125;0;33;0;0;2;1;13;A01
201300057125;0;7;0;0;2;1;1;B02
201300057126;0;1;0;0;2;4;2;B02
201300057126;0;7;0;0;2;1;2;A01
201300057127;0;7;0;0;1;2;1;A01
201300057128;0;34;0;0;1;1;1;A01
201300057129;0;33;0;0;2;1;1;B02
201300057129;0;7;0;3;2;3;13;A01
201300057130;0;7;0;0;1;1;1;A01
201300057131;0;10;0;0;0;6;23;B02
201300057131;0;10;0;0;2;2;1;A01
201300057132;0;30;0;0;2;1;1;A01
201300057132;0;7;0;0;2;3;19;B02
201300057133;0;30;0;1;0;1;1;A01
201300057134;0;30;0;0;2;1;17;B02
201300057134;0;7;0;0;0;3;15;A01
201300057135;0;7;0;0;2;1;2;A01
201300057135;0;7;0;0;0;4;0;B02
201300057136;0;7;0;0;2;2;2;B02
201300057136;0;33;0;0;0;4;2;A01
201300057137;0;7;0;0;2;1;13;A01
201300057137;0;7;0;0;2;2;1;B02
201300057138;0;10;0;0;2;1;1;B02
201300057138;0;7;0;0;2;1;13;A01
201300057139;0;7;0;2;0;1;1;A01
201300057140;0;1;0;0;2;4;2;A01
201300057140;0;7;0;0;2;1;2;B02
201300057141;0;7;0;0;2;1;1;B02
201300057141;0;7;0;0;2;1;13;A01
201300057142;0;7;0;0;0;5;24;A01
201300057142;0;33;0;1;0;1;1;B02
201300057143;0;7;0;0;2;3;15;A01
201300057143;0;33;0;0;2;1;0;B02
201300057144;0;33;0;0;2;1;1;A01
201300057144;0;7;0;0;2;8;15;B02
201300057145;0;7;0;0;0;2;1;A01
201300057145;0;1;0;0;0;4;0;B02
201300057146;0;7;0;0;2;5;19;B02
201300057146;0;2;0;0;2;1;1;A01
201300057147;0;7;0;0;1;3;1;A01
201300057148;0;1;0;0;2;1;16;A01
201300057148;0;7;0;0;2;8;1;B02
201300057149;0;10;0;0;2;5;15;A01
201300057149;0;1;0;0;0;1;1;B02
201300057150;0;10;0;0;0;0;15;A01
201300057150;0;1;0;0;0;0;0;B02
201300057151;0;10;0;4;0;4;2;B02
201300057151;0;7;0;0;2;1;2;A01
201300057152;0;7;0;0;2;3;1;B02
201300057152;0;7;0;0;2;3;1;A01
201300057153;0;1;0;0;2;3;19;B02
201300057153;0;7;0;0;2;2;1;A01
201300057154;0;31;0;0;2;1;1;A01
201300057154;0;7;0;0;2;7;15;B02
201300057155;0;7;0;0;9;7;1;B02
201300057155;0;1;0;0;2;1;15;A01
201300057156;0;30;0;7;0;1;1;A01
201300057157;0;7;0;0;2;6;10;A01
201300057157;0;33;0;0;2;1;1;B02
201300057158;0;31;0;0;2;1;17;A01
201300057158;0;7;0;0;2;8;15;B02
201300057159;0;38;0;0;2;8;1;A01
201300057159;0;1;0;0;2;1;1;B02
201300057160;0;7;0;0;2;3;13;B02
201300057160;0;7;0;0;2;1;1;A01
201300057161;0;7;0;0;2;2;12;A01
201300057161;0;2;0;0;2;1;1;B02
201300057162;0;7;0;0;1;3;1;A01
201300057163;0;7;0;0;0;3;1;B02
201300057163;0;2;0;0;2;1;1;A01
201300057164;0;7;0;0;2;1;1;B02
201300057164;0;7;0;0;2;1;1;A01
201300057165;0;7;0;0;2;8;1;B02
201300057165;0;7;0;6;2;1;1;A01
201300057166;0;10;0;0;2;1;13;A01
201300057166;0;33;0;0;2;1;2;B02
201300057166;0;31;0;0;2;1;2;C03
201300057167;0;7;0;0;0;8;1;B02
201300057167;0;10;0;0;0;3;13;A01
201300057168;0;7;0;0;2;3;13;A01
201300057168;0;7;0;0;2;8;1;B02
201300057168;0;7;0;0;2;3;1;C03
201300057169;0;7;0;2;0;3;13;A01
201300057170;0;33;0;0;2;1;1;A01
201300057170;0;7;0;0;2;1;15;B02
201300057171;0;7;0;0;1;1;1;A01
201300057172;0;7;0;0;1;1;1;A01
201300057173;0;7;0;0;2;1;1;B02
201300057173;0;7;0;0;2;1;17;A01
201300057174;0;30;0;6;0;7;1;A01
201300057175;0;7;0;0;2;3;1;B02
201300057175;0;30;0;0;2;1;17;A01
201300057176;0;7;0;0;1;2;1;A01
201300057177;0;7;0;0;2;8;15;B02
201300057177;0;33;0;0;2;7;1;A01
201300057178;0;31;0;0;1;1;17;A01
201300057179;0;7;0;0;9;0;1;C03
201300057179;0;7;0;0;2;3;1;B02
201300057179;0;7;0;0;2;3;11;A01
201300057180;0;7;0;0;2;1;1;B02
201300057180;0;7;0;0;2;4;1;A01
201300057181;0;7;0;1;1;2;1;A01
201300057182;0;30;0;0;0;0;1;A01
201300057183;0;1;0;2;0;1;0;A01
201300057184;1;7;0;0;9;2;2;A01
201300057184;0;1;0;0;0;4;2;B02
201300057185;0;33;0;0;0;8;0;A01
201300057186;0;33;0;0;0;1;1;A01
201300057187;0;7;0;0;2;2;1;A01
201300057187;0;1;0;0;0;1;16;B02
201300057188;0;7;0;0;2;3;1;A01
201300057188;0;30;0;0;2;2;17;B02
201300057188;0;7;0;0;2;1;1;C03
201300057189;0;7;0;0;2;3;1;B02
201300057189;0;1;0;0;2;1;21;A01
201300057190;0;7;0;0;1;7;1;A01
201300057191;0;10;0;9;0;2;14;A01
201300057192;0;7;0;8;0;2;1;A01
201300057193;0;7;0;0;2;1;1;B02
201300057193;0;7;0;0;2;2;13;A01
201300057194;0;7;0;0;2;2;15;B02
201300057194;0;2;0;0;2;1;1;A01
201300057195;0;30;0;0;2;8;15;A01
201300057195;0;7;0;0;2;1;1;B02
201300057196;0;10;0;0;2;8;19;A01
201300057196;0;30;0;0;2;1;1;B02
201300057197;0;7;0;0;2;1;15;B02
201300057197;0;30;0;0;2;1;13;A01
201300057198;0;7;0;0;2;7;17;A01
201300057198;0;30;0;0;2;8;1;B02
201300057199;0;7;0;0;2;6;20;A01
201300057199;0;2;0;0;2;1;2;B02
201300057200;0;7;0;0;1;8;1;A01
201300057201;0;32;0;0;2;8;1;B02
201300057201;1;10;0;0;2;7;17;A01
201300057202;0;33;0;0;1;1;1;A01
201300057203;0;7;0;0;2;8;1;B02
201300057203;0;30;0;0;2;3;13;A01
201300057204;0;7;0;0;2;3;17;A01
201300057204;0;10;0;0;2;3;0;B02
201300057205;1;30;0;0;1;1;0;A01
201300057206;0;14;0;0;1;2;1;A01
201300057207;0;7;0;0;2;1;15;A01
201300057207;0;32;0;0;2;8;1;B02
201300057208;0;30;0;0;1;1;1;A01
201300057209;0;7;0;0;1;1;13;A01
201300057210;0;30;0;0;2;1;13;B02
201300057210;0;7;0;0;2;1;13;A01
201300057211;0;10;0;0;2;1;15;A01
201300057211;0;30;0;0;2;1;1;B02
201300057212;0;7;0;0;1;1;1;A01
201300057213;0;7;0;0;1;1;1;A01
201300057214;0;30;0;0;0;0;1;A01
201300057215;0;7;0;12;1;3;1;A01
201300057216;0;10;0;0;1;2;16;A01
201300057217;0;30;0;0;0;7;1;A01
201300057218;0;7;0;0;1;1;1;A01
201300057219;0;7;0;2;2;7;1;C03
201300057219;0;15;0;0;2;3;1;A01
201300057219;0;7;0;0;2;1;17;B02
201300057219;0;7;0;0;2;1;1;D04
201300057220;0;7;0;0;1;3;17;A01
201300057221;0;7;0;0;9;2;1;B02
201300057221;0;1;0;0;2;1;0;A01
201300057222;0;7;0;0;1;1;1;A01
201300057223;0;1;0;0;0;4;1;B02
201300057223;1;99;0;0;2;0;1;Z01
201300057224;0;30;0;0;2;1;17;A01
201300057224;0;7;0;0;2;2;1;B02
201300057225;0;33;0;0;2;1;1;B02
201300057225;0;7;0;0;0;6;15;A01
201300057226;0;7;0;4;0;0;0;A01
201300057227;0;7;0;14;0;1;1;A01
201300057227;0;7;0;4;2;3;23;B02
201300057228;0;14;0;0;9;2;1;B02
201300057228;0;1;0;0;9;4;1;A01
201300057229;0;31;0;0;2;1;17;A01
201300057229;0;14;0;0;2;8;15;B02
201300057230;0;7;0;4;0;1;1;A01
201300057231;0;7;0;0;1;1;1;A01
201300057232;0;30;0;0;2;1;1;C03
201300057232;0;30;0;0;2;1;1;B02
201300057232;0;7;0;0;2;1;13;A01
201300057233;0;33;0;0;2;1;1;B02
201300057233;0;7;0;0;2;3;15;A01
201300057234;0;7;0;0;2;5;15;A01
201300057234;0;31;0;0;2;1;1;B02
201300057235;0;30;0;7;0;1;15;A01
201300057236;0;7;0;0;1;1;1;A01
201300057237;0;7;0;0;2;1;1;A01
201300057237;0;33;0;0;2;1;13;B02
201300057238;0;7;0;0;0;8;15;A01
201300057238;0;33;0;0;2;1;17;B02
201300057239;2;7;0;0;1;2;1;A01
201300057240;0;10;0;2;0;7;1;A01
201300057241;0;7;0;0;2;3;17;A01
201300057241;0;32;0;0;2;1;1;B02
201300057242;0;10;0;10;0;1;1;A01
201300057243;0;2;0;0;2;8;10;A01
201300057243;0;7;0;0;2;1;1;B02
201300057244;0;14;0;0;2;1;21;B02
201300057244;0;7;0;0;2;1;13;A01
201300057245;0;2;0;0;2;1;17;A01
201300057245;0;7;0;0;0;8;15;B02
201300057246;0;7;0;0;2;7;15;A01
201300057246;0;30;0;0;2;1;1;B02
201300057247;0;1;0;0;2;1;1;B02
201300057247;0;7;0;0;2;3;1;A01
201300057248;0;7;0;0;2;3;15;A01
201300057248;0;30;0;0;2;0;1;B02
201300057249;0;7;0;0;2;1;1;B02
201300057249;0;7;0;0;2;1;6;A01
201300057250;0;1;0;0;2;0;1;B02
201300057250;0;10;0;0;2;2;1;A01
201300057251;0;30;0;0;2;1;1;A01
201300057251;0;7;0;0;0;6;0;B02
201300057252;0;2;0;0;0;3;2;B02
201300057252;0;10;0;0;0;5;2;A01
201300057253;0;7;0;0;0;7;1;A01
201300057253;0;1;0;0;2;1;19;B02
201300057254;0;10;0;0;1;2;1;A01
201300057255;0;7;0;0;9;3;4;A01
201300057255;0;30;0;0;2;1;0;B02
201300057256;0;30;0;0;0;7;1;A01
201300057257;0;7;0;0;2;2;15;A01
201300057257;0;33;0;0;2;1;1;B02
201300057258;0;30;0;0;0;1;1;B02
201300057258;0;7;0;0;0;5;15;A01
201300057259;0;32;0;0;0;4;24;A01
201300057260;0;33;0;0;2;1;2;A01
201300057260;0;33;0;0;2;4;2;B02
201300057261;0;7;0;0;2;1;13;A01
201300057261;0;10;0;0;2;3;1;B02
201300057262;0;7;0;0;2;8;15;A01
201300057262;0;1;0;0;2;1;1;B02
201300057262;0;1;0;0;2;1;1;C03
201300057263;0;10;0;0;2;3;1;C03
201300057263;0;10;0;0;2;3;13;B02
201300057264;0;31;0;0;0;0;17;A01
201300057265;0;7;0;0;2;7;13;A01
201300057265;0;30;0;0;2;8;13;B02
201300057266;0;7;0;0;2;3;17;A01
201300057266;0;7;0;0;2;5;1;D04
201300057266;0;7;0;0;2;3;1;C03
201300057266;0;7;0;0;2;8;1;B02
201300057267;0;7;0;0;2;2;17;A01
201300057267;0;2;0;0;0;4;1;B02
201300057268;0;10;0;0;2;2;10;A01
201300057268;0;33;0;0;2;1;1;B02
201300057269;0;7;0;8;0;2;1;A01
201300057270;0;30;0;0;2;8;1;A01
201300057270;0;7;0;0;2;3;15;B02
201300057271;0;7;0;0;2;1;1;A01
201300057271;0;7;0;0;2;4;1;B02
201300057271;0;7;0;0;2;4;1;C03
201300057272;1;7;0;0;1;0;1;A01
201300057273;0;1;0;0;2;1;17;A01
201300057273;0;7;0;0;2;3;1;B02
201300057274;0;7;0;1;2;8;1;B02
201300057274;0;7;0;0;2;3;13;A01
201300057274;0;7;0;0;2;1;1;C03
201300057275;0;2;0;1;0;1;16;A01
201300057275;0;15;0;0;2;0;23;B02