num_acc;senc;catv;occutc;obs;obsm;choc;manv;num_veh
201300057276;0;33;0;0;2;1;1;B02
201300057276;0;7;0;0;2;7;15;A01
201300057277;0;7;0;0;2;3;1;B02
201300057277;0;2;0;0;2;1;13;A01
201300057278;0;7;0;0;2;8;15;A01
201300057278;0;33;0;0;2;1;1;B02
201300057279;0;7;0;0;2;1;1;A01
201300057279;0;7;0;0;2;1;13;B02
201300057280;0;10;0;0;2;7;17;A01
201300057280;0;1;0;0;2;8;1;B02
201300057281;0;10;0;0;0;3;1;A01
201300057282;0;31;0;0;2;1;1;B02
201300057282;0;7;0;0;2;1;15;A01
201300057283;0;30;0;0;2;1;17;A01
201300057283;0;7;0;0;2;1;9;B02
201300057284;0;2;0;0;2;3;17;B02
201300057284;0;7;0;0;2;5;17;A01
201300057285;0;30;0;0;2;1;13;A01
201300057285;0;7;0;0;2;3;1;B02
201300057286;0;7;0;1;1;2;20;A01
201300057287;0;7;0;16;1;2;14;A01
201300057288;0;7;0;0;2;3;17;A01
201300057288;0;7;0;0;2;3;1;B02
201300057289;0;30;0;0;2;7;1;B02
201300057289;0;7;0;0;2;1;1;A01
201300057290;0;7;0;0;2;2;15;A01
201300057290;0;33;0;0;2;1;1;B02
201300057291;0;7;0;0;1;8;1;A01
201300057292;0;7;0;0;2;1;15;A01
201300057292;0;2;0;0;2;1;1;B02
201300057293;0;30;0;0;2;1;1;B02
201300057293;0;7;0;0;2;8;15;A01
201300057294;0;7;0;0;2;2;19;B02
201300057294;0;10;0;0;2;3;19;A01
201300057295;0;7;0;0;2;3;1;A01
201300057295;0;7;0;0;2;1;19;B02
201300057296;0;7;0;0;1;1;1;A01
201300057297;0;7;0;0;2;1;13;A01
201300057297;0;7;0;0;2;1;1;B02
201300057298;0;7;0;0;2;2;2;A01
201300057298;0;1;0;0;2;4;2;B02
201300057299;0;33;0;0;0;3;14;A01
201300057300;0;7;0;0;2;1;15;A01
201300057300;0;31;0;0;2;8;1;B02
201300057301;0;7;0;0;9;2;20;A01
201300057301;0;2;0;0;2;1;1;B02
201300057302;0;7;0;0;2;3;1;B02
201300057302;0;31;0;0;2;1;17;A01
201300057303;0;2;0;0;2;1;1;B02
201300057303;0;7;0;0;2;7;15;A01
201300057304;0;7;0;0;2;1;15;B02
201300057304;0;7;0;0;2;2;1;A01
201300057305;0;30;0;14;0;1;1;A01
201300057306;0;20;0;0;2;3;15;B02
201300057306;0;33;0;12;2;1;21;A01
201300057307;0;30;0;0;0;9;1;A01
201300057308;0;7;0;0;1;2;1;A01
201300057309;0;7;0;0;1;3;1;A01
201300057310;0;2;0;0;2;1;17;A01
201300057310;0;31;0;0;2;1;1;B02
201300057311;0;31;0;0;2;1;1;A01
201300057311;0;7;0;0;2;6;15;B02
201300057312;0;7;0;0;2;1;15;B02
201300057312;0;32;0;0;2;8;1;A01
201300057313;0;1;0;0;0;4;1;B02
201300057313;0;7;0;0;2;1;1;A01
201300057314;0;7;0;0;1;3;1;A01
201300057315;0;15;0;0;0;7;9;B02
201300057315;0;10;0;0;0;1;13;A01
201300057316;0;7;0;0;0;0;1;A01
201300057317;0;7;0;0;2;8;1;B02
201300057317;0;30;0;0;2;7;3;A01
201300057318;0;7;0;0;0;2;15;A01
201300057318;0;33;0;0;0;2;17;B02
201300057319;0;7;0;0;2;4;15;B02
201300057319;0;33;0;0;2;1;6;A01
201300057320;0;7;0;3;0;2;21;A01
201300057321;0;2;0;0;2;1;0;B02
201300057321;0;7;0;0;2;2;1;A01
201300057322;0;37;1;0;2;3;1;A01
201300057322;0;2;0;0;2;1;17;B02
201300057323;0;7;0;0;2;1;14;A01
201300057323;0;1;0;0;0;4;1;B02
201300057324;0;7;0;0;1;1;5;A01
201300057325;0;7;0;0;2;1;1;B02
201300057325;0;1;0;0;2;8;1;A01
201300057326;0;31;0;0;2;1;1;B02
201300057326;0;7;0;4;2;2;1;A01
201300057327;0;10;0;0;2;3;1;B02
201300057327;0;30;0;0;2;1;13;A01
201300057328;0;14;0;0;2;8;15;A01
201300057328;0;10;0;0;2;3;21;B02
201300057329;0;7;0;0;1;7;2;A01
201300057330;0;1;0;0;0;0;0;A01
201300057331;0;33;0;0;2;7;17;A01
201300057331;0;7;0;0;2;8;1;B02
201300057331;0;7;0;0;2;8;1;C03
201300057332;0;7;0;0;2;1;0;A01
201300057332;0;7;0;0;2;1;0;B02
201300057333;0;10;0;0;2;3;1;B02
201300057333;0;10;0;0;2;3;13;A01
201300057334;0;10;0;0;2;7;17;A01
201300057334;0;10;0;0;0;8;17;B02
201300057335;0;7;0;0;2;3;1;A01
201300057335;0;7;0;0;2;3;1;B02
201300057336;0;31;0;13;2;3;1;A01
201300057336;0;7;0;0;2;8;1;B02
201300057337;0;32;0;0;0;0;1;A01
201300057338;0;7;0;2;0;2;0;A01
201300057339;0;33;0;0;2;1;3;A01
201300057339;0;30;0;0;2;1;3;B02
201300057340;0;7;0;0;2;8;1;A01
201300057340;0;7;0;0;2;1;1;B02
201300057340;0;34;0;0;2;1;17;C03
201300057341;0;31;0;0;2;1;17;A01
201300057341;0;10;0;0;0;1;1;B02
201300057342;0;7;0;0;1;1;13;A01
201300057342;0;33;0;16;0;1;19;B02
201300057343;0;16;0;0;1;4;1;A01
201300057344;0;33;0;0;1;3;1;A01
201300057345;0;7;0;0;2;3;1;A01
201300057345;0;10;0;0;2;3;1;B02
201300057346;0;10;0;0;2;1;1;A01
201300057346;0;7;0;0;2;1;1;B02
201300057347;0;7;0;0;2;0;13;A01
201300057347;0;7;0;0;2;0;0;B02
201300057348;0;7;0;0;2;3;13;A01
201300057348;0;7;0;0;2;3;1;B02
201300057349;0;7;0;0;2;2;17;A01
201300057349;0;7;0;0;2;1;1;B02
201300057349;0;7;0;0;2;2;17;C03
201300057350;0;37;1;0;2;3;1;A01
201300057350;0;7;0;0;2;3;13;B02
201300057351;0;7;0;3;0;2;13;A01
201300057352;0;2;0;0;2;1;13;A01
201300057352;0;10;0;0;2;3;1;B02
201300057353;0;7;0;0;2;1;17;A01
201300057353;0;7;0;0;2;1;1;B02
201300057353;0;10;0;0;2;1;1;C03
201300057354;0;31;0;0;2;2;5;A01
201300057354;0;10;0;0;2;7;21;B02
201300057355;0;10;0;0;1;3;1;A01
201300057356;0;7;0;0;1;5;4;A01
201300057357;0;30;0;0;0;1;1;A01
201300057357;0;7;0;0;0;6;16;B02
201300057358;0;7;0;0;0;2;15;A01
201300057358;0;33;0;0;0;1;1;B02
201300057359;0;7;0;0;1;1;1;A01
201300057360;0;32;0;0;2;1;5;A01
201300057360;0;7;0;0;2;1;1;B02
201300057361;0;33;0;0;2;1;5;A01
201300057361;0;7;0;0;2;3;1;B02
201300057362;0;7;0;13;0;7;0;A01
201300057363;0;7;0;0;2;3;1;B02
201300057363;0;34;0;0;2;1;5;A01
201300057364;0;7;0;1;2;1;1;A01
201300057364;0;7;0;0;2;4;23;B02
201300057365;0;3;0;0;2;5;15;A01
201300057365;0;33;0;0;2;1;1;B02
201300057366;1;99;0;0;1;2;1;A01
201300057367;0;7;0;0;1;1;1;A01
201300057368;0;7;0;0;2;7;12;A01
201300057368;0;33;0;16;2;1;18;B02
201300057368;0;33;0;0;2;0;18;C03
201300057369;0;7;0;6;0;1;1;A01
201300057370;0;7;0;0;2;1;19;A01
201300057370;0;31;0;0;2;7;17;B02
201300057371;0;2;0;0;2;0;3;A01
201300057371;0;7;0;0;2;3;1;B02
201300057372;0;1;0;0;0;0;1;A01
201300057373;0;7;0;0;1;1;1;A01
201300057374;0;7;0;0;1;3;4;A01
201300057375;0;7;0;0;2;3;15;A01
201300057375;0;34;0;0;2;3;0;B02
201300057376;0;7;0;3;0;9;1;A01
201300057377;0;7;0;0;2;3;21;B02
201300057377;0;7;0;0;2;3;5;A01
201300057377;0;7;0;0;2;1;1;C03
201300057378;0;7;0;0;2;2;17;A01
201300057378;0;1;0;0;2;7;13;B02
201300057379;0;7;0;0;1;2;1;A01
201300057380;0;7;0;2;0;1;16;A01
201300057381;0;7;0;0;0;1;1;A01
201300057381;0;7;0;0;0;7;19;B02
201300057382;0;7;0;0;2;2;13;A01
201300057382;0;37;10;0;2;3;1;B02
201300057383;0;10;0;0;1;1;1;A01
201300057384;0;7;0;0;2;3;5;A01
201300057384;0;10;0;0;2;3;21;B02
201300057385;0;7;0;0;2;8;1;A01
201300057385;0;33;0;0;2;0;13;B02
201300057386;0;33;0;0;2;8;1;B02
201300057386;0;7;0;0;2;3;13;A01
201300057387;0;7;0;13;0;1;14;A01
201300057388;0;7;0;2;0;1;0;A01
201300057389;0;7;0;0;2;7;1;B02
201300057389;0;30;0;0;2;1;19;A01
201300057390;0;7;0;0;1;2;21;A01
201300057391;0;7;0;0;2;1;1;B02
201300057391;0;7;0;0;2;3;13;A01
201300057392;0;2;0;0;2;2;13;A01
201300057392;0;7;0;0;2;3;1;B02
201300057393;0;30;0;15;0;2;1;A01
201300057394;0;33;0;0;2;1;1;A01
201300057394;0;14;0;0;2;5;15;B02
201300057395;0;7;0;0;2;7;1;A01
201300057395;0;1;0;0;2;8;1;B02
201300057396;0;2;0;0;2;1;1;B02
201300057396;0;7;0;0;2;7;15;A01
201300057397;0;7;0;0;1;3;1;A01
201300057398;0;7;0;0;0;4;9;A01
201300057398;0;33;0;0;2;1;1;B02
201300057399;1;7;0;0;2;1;17;A01
201300057399;0;33;0;0;0;4;1;B02
201300057400;0;33;0;10;0;0;17;A01
201300057401;0;7;0;0;2;2;1;B02
201300057401;0;7;0;0;2;2;1;A01
201300057402;0;7;0;8;0;2;1;A01
201300057403;0;7;0;0;2;7;16;B02
201300057403;0;30;0;0;2;1;18;A01
201300057404;0;10;0;1;2;8;0;B01
201300057404;0;10;0;0;2;1;0;A01
201300057405;0;7;0;0;0;2;1;B01
201300057405;0;7;0;0;0;1;9;A01
201300057406;0;7;0;0;0;1;23;B01
201300057406;0;7;0;8;2;1;5;A01
201300057407;0;30;0;0;2;3;0;A01
201300057407;0;7;0;0;2;3;0;B01
201300057408;0;7;0;0;9;3;5;A01
201300057408;0;30;0;0;2;1;1;B01
201300057409;1;30;0;0;2;1;1;B01
201300057409;0;7;0;0;2;2;5;A01
201300057410;0;10;0;0;0;1;13;A01
201300057411;0;33;0;0;2;1;2;A01
201300057411;0;7;0;0;9;8;0;B01
201300057412;0;7;0;0;0;1;15;A01
201300057412;0;7;0;0;0;3;0;B01
201300057413;0;32;0;15;0;1;0;A01
201300057414;0;7;0;0;2;1;1;B01
201300057414;0;7;0;0;2;1;11;A01
201300057415;0;7;0;0;9;3;2;A01
201300057415;0;1;0;0;2;0;2;B01
201300057416;0;10;0;0;2;7;15;A01
201300057416;0;33;0;0;2;1;0;B01
201300057417;0;7;0;0;2;1;0;A01
201300057417;0;7;0;0;2;3;1;B01
201300057418;0;7;0;0;2;1;15;B01
201300057418;0;7;0;0;2;1;11;A01
201300057419;0;30;0;0;2;9;21;B01
201300057419;0;7;0;0;2;2;9;A01
201300057420;0;7;0;0;1;3;9;A01
201300057421;0;7;0;11;1;1;0;A01
201300057422;0;7;0;0;0;4;2;B01
201300057422;0;7;0;0;2;1;2;A01
201300057423;0;10;0;0;1;1;2;A01
201300057424;0;7;0;0;2;7;1;A01
201300057424;0;7;0;0;2;1;1;B01
201300057425;0;7;0;0;2;8;0;A01
201300057425;0;30;0;0;2;1;0;B01
201300057426;0;7;0;8;0;9;1;A01
201300057427;1;7;0;0;1;1;1;Z01
201300057428;0;7;0;0;9;7;15;B01
201300057428;0;30;0;16;2;0;3;A01
201300057429;2;99;0;1;1;3;2;Z01
201300057430;0;30;0;0;2;3;21;B01
201300057430;0;7;0;0;2;2;9;A01
201300057431;0;7;0;0;1;3;9;A01
201300057432;2;99;0;0;2;7;2;A01
201300057432;0;1;0;0;0;0;0;B01
201300057433;0;32;0;0;2;1;1;B01
201300057433;0;7;0;0;2;2;9;A01
201300057434;0;7;0;0;1;1;1;A01
201300057435;0;99;0;0;2;3;0;B01
201300057435;0;99;0;0;2;2;0;A01
201300057436;0;32;0;0;0;1;0;B01
201300057436;0;99;0;0;0;2;16;A01
201300057437;0;30;0;0;2;1;13;A01
201300057437;0;7;0;0;2;2;0;B01
201300057438;0;7;0;0;0;4;0;A01
201300057438;0;7;0;0;2;1;0;B01
201300057439;0;7;0;0;2;7;2;A01
201300057439;0;34;0;0;2;1;0;B01
201300057440;0;99;0;0;1;3;1;A01
201300057441;0;7;0;0;1;3;1;A01
201300057442;0;34;0;0;0;9;1;B01
201300057442;0;7;0;0;2;0;10;A01
201300057443;0;7;0;1;0;2;11;A01
201300057443;0;34;0;1;2;2;1;B01
201300057444;0;34;0;0;2;1;1;B01
201300057444;0;7;0;0;2;2;9;A01
201300057445;0;31;0;0;1;4;0;A01
201300057446;0;7;0;0;2;2;0;A01
201300057446;0;34;0;0;2;1;1;B01
201300057446;0;7;0;0;0;8;23;C01
201300057447;0;7;0;0;2;6;15;A01
201300057447;0;33;0;0;2;1;2;B01
201300057448;0;33;0;0;2;0;2;A01
201300057448;0;7;0;0;2;8;2;B01
201300057449;0;7;0;0;0;2;1;A01
201300057449;0;7;0;1;0;3;0;B01
201300057450;0;7;0;8;0;7;19;A01
201300057451;0;2;0;0;2;0;1;A01
201300057451;0;7;0;0;2;0;1;B01
201300057452;0;32;0;0;2;1;2;A01
201300057452;0;7;0;0;0;6;2;B01
201300057453;0;7;0;0;0;3;1;A01
201300057453;0;2;0;0;2;1;1;B01
201300057454;0;7;0;0;1;1;0;A01
201300057455;0;2;0;0;2;8;1;B01
201300057455;0;7;0;0;2;2;19;A01
201300057456;0;7;0;0;2;3;1;A01
201300057456;1;33;0;0;2;0;13;B01
201300057457;0;7;0;0;2;2;10;A01
201300057457;0;33;0;0;2;1;1;B01
201300057458;1;33;0;0;1;0;0;A01
201300057459;0;32;0;0;1;1;1;A01
201300057460;0;7;0;0;2;8;9;A01
201300057460;0;33;0;0;2;1;1;B01
201300057461;0;7;0;0;0;4;2;D01
201300057461;0;7;0;0;2;4;2;B01
201300057461;0;7;0;0;2;1;2;A01
201300057461;0;7;0;0;2;4;1;C01
201300057462;0;7;0;0;0;2;15;A01
201300057462;0;7;0;0;0;2;23;C01
201300057462;0;30;0;0;2;1;21;B01
201300057463;0;7;0;0;2;5;1;B01
201300057463;0;34;0;0;1;1;1;A01
201300057464;0;33;0;8;0;9;1;A01
201300057465;0;7;0;6;0;2;0;A01
201300057466;0;7;0;0;1;2;17;A01
201300057467;0;7;0;0;1;2;21;A01
201300057468;0;3;0;0;2;6;15;A01
201300057468;1;33;0;0;2;0;11;B01
201300057469;0;7;0;11;1;1;0;A01
201300057470;0;7;0;0;1;0;1;A01
201300057471;0;7;0;0;2;1;2;A01
201300057471;0;7;0;0;0;4;2;B01
201300057472;0;10;0;0;1;1;2;A01
201300057473;0;7;0;0;2;2;2;A01
201300057473;0;1;0;0;2;4;2;B01
201300057474;0;2;0;0;2;1;15;A01
201300057474;0;7;0;0;2;2;1;B01
201300057475;0;7;0;0;2;7;1;A01
201300057475;0;7;0;0;2;1;1;B01
201300057476;0;2;0;0;2;1;13;B01
201300057476;0;7;0;0;0;2;21;A01
201300057477;0;7;0;0;2;0;1;B01
201300057477;0;1;0;0;2;0;0;A01
201300057478;0;7;0;0;1;2;1;A01
201300057479;0;7;0;0;2;7;10;A01
201300057479;0;34;0;0;2;1;1;B01
201300057480;0;7;0;0;2;4;23;A01
201300057480;0;34;0;0;2;1;0;B01
201300057481;0;2;0;0;1;1;0;A01
201300057482;0;7;0;0;1;7;1;A01
201300057483;0;32;0;0;1;1;2;A01
201300057484;0;7;0;0;1;2;1;A01
201300057485;0;10;0;0;2;3;13;B01
201300057485;0;7;0;0;0;3;0;A01
201300057486;0;7;0;1;1;2;1;A01
201300057487;0;7;0;0;2;5;2;A01
201300057487;0;32;0;0;2;1;2;B01
201300057488;0;7;0;0;1;2;0;A01
201300057489;0;7;0;0;2;3;0;A01
201300057489;0;34;0;0;2;1;3;B01
201300057490;0;7;0;0;2;1;0;A01
201300057490;0;7;0;0;2;6;15;B01
201300057491;0;7;0;0;2;1;1;A01
201300057491;0;1;0;0;2;7;19;B01
201300057492;0;7;0;0;2;2;1;A01
201300057492;0;1;0;0;2;0;15;B01
201300057493;0;30;0;0;2;1;0;B01
201300057493;0;7;0;0;2;3;0;A01
201300057494;0;31;0;0;2;2;1;B01
201300057494;0;7;0;0;2;7;9;A01
201300057495;0;7;0;0;2;1;2;A01
201300057495;0;7;0;0;2;4;1;B01
201300057496;0;7;0;0;2;3;5;A01
201300057496;0;7;0;0;2;3;1;B01
201300057497;0;30;0;0;2;4;0;B01
201300057497;0;7;0;0;0;3;9;A01
201300057498;0;33;0;0;2;1;1;A01
201300057498;0;7;0;0;2;1;1;B01
201300057499;0;7;0;0;2;2;15;A01
201300057499;0;30;0;0;2;1;1;B01
201300057500;0;7;0;0;2;2;15;A01
201300057500;0;34;0;0;2;1;1;B01
201300057501;0;30;0;0;2;1;1;A01
201300057501;0;7;0;0;2;3;1;B01
201300057502;0;32;0;0;2;1;1;B01
201300057502;0;1;0;0;2;8;19;A01
201300057503;1;30;0;0;2;0;1;B01
201300057503;0;7;0;0;9;2;10;A01
201300057504;0;33;0;2;0;1;1;A01
201300057505;1;7;0;0;1;0;1;A01
201300057506;1;30;0;0;2;0;9;A01
201300057506;0;7;0;0;2;7;1;B01
201300057507;0;7;0;0;2;3;0;B01
201300057507;0;7;0;0;2;1;0;A01
201300057508;0;33;0;15;0;1;0;A01
201300057509;0;30;0;0;1;1;1;A01
201300057510;0;7;0;0;2;3;0;A01
201300057510;0;1;0;0;2;0;1;B01
201300057511;0;7;0;0;1;0;0;B01
201300057511;1;7;0;0;1;0;0;Z01
201300057511;0;7;0;0;1;0;0;C01
201300057512;0;7;0;0;1;3;1;A01
201300057513;0;32;0;0;2;7;17;B01
201300057513;0;7;0;0;2;3;15;A01
201300057514;0;32;0;0;2;1;1;A01
201300057514;0;7;0;0;2;5;1;B01
201300057514;0;7;0;0;2;5;1;D01
201300057514;0;7;0;0;2;8;1;C01
201300057515;0;38;1;0;2;7;1;B01
201300057515;0;30;0;0;2;1;1;A01
201300057516;0;32;0;0;0;0;0;A01
201300057516;1;7;0;0;0;0;0;Z01
201300057517;0;7;0;0;2;8;0;B01
201300057517;0;7;0;0;2;9;17;A01
201300057518;0;33;0;8;0;0;1;A01
201300057519;0;7;0;0;2;8;1;B01
201300057519;0;7;0;0;2;2;1;C01
201300057519;0;7;0;0;2;2;2;D01
201300057519;0;7;0;0;2;2;0;A01
201300057520;0;30;0;0;2;1;2;A01
201300057520;0;7;0;0;2;4;15;B01
201300057521;0;7;0;0;2;8;2;B01
201300057521;0;7;0;0;1;7;2;A01
201300057521;0;7;0;0;0;9;0;D01
201300057521;0;7;0;0;2;9;2;C01
201300057522;0;7;0;13;0;1;0;A01
201300057523;0;7;0;1;1;3;13;A01
201300057524;0;2;0;0;0;0;0;A01
201300057524;0;7;0;0;2;0;0;B01
201300057525;0;7;0;0;2;5;1;B01
201300057525;0;7;0;0;2;8;1;C01
201300057525;0;7;0;0;2;3;12;A01
201300057526;0;7;0;0;2;3;15;A01
201300057526;0;10;0;0;2;3;1;B01
201300057526;0;7;0;0;2;3;1;C01
201300057527;0;7;0;0;2;1;1;B01
201300057527;0;7;0;0;0;2;2;C01
201300057527;0;7;0;0;2;1;13;A01
201300057528;0;30;0;0;1;1;0;A01
201300057529;0;7;0;0;2;7;1;A01
201300057529;1;30;0;0;2;0;0;B01
201300057530;1;7;0;0;1;0;0;A01
201300057531;0;7;0;0;2;7;2;C01
201300057531;0;10;0;0;2;3;1;A01
201300057531;0;7;0;0;2;8;1;B01
201300057532;0;7;0;0;2;3;13;A01
201300057532;0;7;0;0;2;3;0;B01
201300057533;0;7;0;0;1;2;1;A01
201300057534;0;7;0;0;2;3;1;C01
201300057534;0;7;0;0;2;9;3;B01
201300057534;0;7;0;0;2;1;17;A01
201300057535;0;7;0;0;2;3;23;C01
201300057535;0;7;0;0;2;1;1;B01
201300057535;0;7;0;0;2;0;0;A01
201300057536;0;30;0;0;2;4;2;B01
201300057536;0;7;0;4;2;1;12;A01
201300057537;0;7;0;0;2;3;15;B01
201300057537;0;32;0;0;2;1;1;A01
201300057538;0;7;0;0;2;0;0;A01
201300057538;0;34;0;0;2;0;0;B01
201300057539;0;7;0;0;2;5;12;A01
201300057539;0;33;0;0;2;9;1;B01
201300057540;0;7;0;0;2;2;15;B01
201300057540;0;32;0;0;2;1;1;A01
201300057541;0;7;0;0;2;8;15;B01
201300057541;0;33;0;0;2;1;17;A01
201300057542;0;3;0;0;2;1;1;A01
201300057542;0;1;0;0;2;0;5;B01
201300057543;0;7;0;0;2;3;0;A01
201300057543;0;7;0;0;2;2;1;B01
201300057544;0;7;0;0;1;1;1;A01
201300057545;1;31;0;0;2;1;2;A01
201300057545;0;10;0;0;2;3;1;B01
201300057546;0;7;0;0;1;3;0;A01
201300057547;0;2;0;0;2;4;2;B01
201300057547;0;7;0;0;2;1;2;A01
201300057548;0;7;0;0;2;2;19;A01
201300057548;1;30;0;0;2;0;16;B01
201300057549;0;10;0;0;2;6;23;B01
201300057549;1;34;0;0;2;1;16;A01
201300057550;0;34;0;0;2;1;0;A01
201300057550;0;7;0;0;2;2;15;B01
201300057551;0;10;0;0;2;3;15;B01
201300057551;0;32;0;0;2;1;17;A01
201300057552;0;7;0;0;2;5;16;A01
201300057552;0;1;0;0;2;8;16;B01
201300057553;0;30;0;0;1;0;1;A01
201300057554;0;7;0;0;2;1;5;A01
201300057554;0;7;0;0;2;1;1;B01
201300057555;0;7;0;0;1;0;1;A01
201300057556;0;33;0;8;2;0;18;B01
201300057556;0;7;0;0;2;2;1;A01
201300057557;0;7;0;0;2;6;2;B01
201300057557;0;31;0;0;2;2;9;A01
201300057558;0;7;0;0;2;8;0;A01
201300057558;0;34;0;0;2;1;2;B01
201300057559;1;33;0;0;2;0;2;A01
201300057559;0;7;0;0;2;8;15;B01
201300057560;0;30;0;0;2;4;2;B01
201300057560;0;7;0;0;2;2;2;A01
201300057561;0;34;0;0;2;1;17;B01
201300057561;0;7;0;0;2;3;15;A01
201300057562;0;7;0;0;2;1;1;A01
201300057562;0;7;0;0;2;1;1;B01
201300057563;0;7;0;0;1;1;1;A01
201300057564;0;7;0;0;0;8;15;A01
201300057564;0;37;1;0;2;1;0;B01
201300057565;0;7;0;8;0;0;0;A01
201300057566;2;7;0;0;2;1;5;A01
201300057566;0;7;0;0;2;1;1;B01
201300057567;0;30;0;0;2;1;1;B01
201300057567;0;7;0;0;2;2;10;A01
201300057568;2;33;0;12;0;7;14;Z01
201300057569;0;7;0;0;2;1;15;A01
201300057569;0;33;0;0;2;1;1;B01
201300057570;0;7;0;0;1;1;1;A01
201300057571;0;31;0;16;0;1;14;A01
201300057572;0;7;0;0;1;1;1;A01
201300057573;0;7;0;0;1;1;1;A01
201300057574;0;30;0;1;0;1;14;Z01
201300057575;0;33;0;0;2;1;1;Z01
201300057575;0;7;0;0;2;1;15;A01
201300057576;0;33;0;0;2;1;17;A01
201300057576;0;7;0;0;2;1;1;B01
201300057576;0;7;0;0;2;3;2;C01
201300057577;0;33;0;0;2;1;1;A01
201300057577;0;7;0;0;2;4;2;B01
201300057578;0;30;0;0;1;1;5;A01
201300057579;0;7;0;0;2;7;9;A01
201300057579;0;38;42;0;2;1;1;B01
201300057580;0;7;0;0;1;1;15;A01
201300057581;0;7;0;16;0;2;14;A01
201300057582;0;30;0;12;0;2;14;A01
201300057583;0;7;0;0;2;3;1;B01
201300057583;0;30;0;0;2;1;13;Z01
201300057584;0;7;0;0;2;8;24;B01
201300057584;1;30;0;1;1;1;14;Z01
201300057585;0;33;0;0;2;8;1;B01
201300057585;0;7;0;0;2;1;9;A01
201300057586;0;33;0;16;0;7;14;A01
201300057587;0;7;0;0;2;1;2;A01
201300057587;0;7;0;0;2;4;1;B01
201300057588;0;33;0;6;0;1;13;A01
201300057589;1;33;0;0;1;1;3;Z01
201300057590;1;2;0;0;1;1;1;Z01
201300057591;1;33;0;0;1;1;1;Z01
201300057592;0;7;0;0;1;2;1;A01
201300057593;0;15;0;0;1;1;1;A01
201300057594;0;7;0;0;1;1;1;A01
201300057595;0;7;0;6;0;9;14;A01
201300057596;0;33;0;4;0;1;13;A01
201300057597;0;7;0;0;2;8;11;A01
201300057597;0;31;0;0;2;1;1;B01
201300057597;0;7;0;0;2;3;1;C01
201300057598;0;7;0;16;0;7;14;A01
201300057599;1;2;0;0;1;1;1;Z01
201300057600;0;7;0;0;2;3;13;A01
201300057600;0;7;0;0;2;3;1;B01
201300057601;0;31;0;0;2;1;9;A01
201300057601;0;7;0;0;2;8;1;B01
201300057601;0;7;0;0;2;8;1;C01
201300057602;0;34;0;13;0;1;14;A01
201300057603;1;2;0;0;1;1;1;Z01
201300057604;0;33;0;16;0;7;21;Z01
201300057605;0;7;0;0;1;7;1;A01
201300057606;0;7;0;0;2;1;16;A01
201300057606;0;30;0;0;2;8;1;B01
201300057607;0;31;0;12;0;1;14;A01
201300057608;0;33;0;0;2;1;13;A01
201300057608;0;7;0;0;2;8;1;B01
201300057609;0;33;0;0;2;1;13;A01
201300057609;0;7;0;0;2;3;1;B01
201300057610;0;31;0;12;0;5;14;Z01
201300057611;0;33;0;0;2;1;17;A01
201300057611;0;7;0;0;2;4;15;B01
201300057612;0;7;0;0;2;1;5;A01
201300057612;0;7;0;0;2;1;1;B01
201300057613;0;7;0;4;0;1;0;A01
201300057614;0;7;0;0;2;5;1;B01
201300057614;0;7;0;0;2;3;13;A01
201300057615;0;7;0;0;2;7;15;A01
201300057615;0;30;0;0;2;1;1;B01
201300057616;0;7;0;0;1;1;1;A01
201300057617;0;7;0;0;2;3;15;A01
201300057617;0;30;0;0;2;1;3;B01
201300057617;0;7;0;0;2;4;1;C01
201300057618;0;7;0;0;1;4;4;A01
201300057619;0;7;0;0;1;1;1;A01
201300057620;0;7;0;0;2;6;15;A01
201300057620;0;30;0;0;2;1;1;Z01
201300057621;0;7;0;6;0;2;14;A01
201300057622;0;33;0;16;0;9;1;A01
201300057623;0;7;0;0;2;2;14;A01
201300057623;0;2;0;0;2;8;1;Z01
201300057624;0;7;0;4;0;2;14;A01
201300057625;0;7;0;0;1;1;1;A01
201300057626;0;7;0;0;1;2;12;A01
201300057627;0;2;0;0;2;1;13;A01
201300057627;0;7;0;0;2;6;23;B01
201300057628;0;7;0;0;2;2;14;A01
201300057628;0;7;0;0;2;4;24;B01
201300057628;0;7;0;0;2;4;24;C01
201300057629;0;7;0;0;2;8;11;A01
201300057629;0;32;0;0;2;1;17;B01
201300057630;0;7;0;0;2;3;13;A01
201300057630;0;7;0;0;2;3;1;B01
201300057631;0;33;0;16;0;7;13;A01
201300057632;0;2;0;16;0;8;13;Z01
201300057633;0;7;0;0;2;7;1;B01
201300057633;0;7;0;0;2;1;9;A01
201300057634;0;7;0;1;0;9;14;A01
201300057635;0;14;0;0;1;1;1;A01
201300057636;0;7;0;0;1;1;1;A01
201300057637;0;7;0;0;1;1;1;A01
201300057638;0;7;0;0;2;2;1;A01
201300057638;0;2;0;0;2;4;2;B01
201300057639;0;30;0;0;2;1;13;A01
201300057639;0;7;0;0;2;3;23;B01
201300057640;0;7;0;0;2;2;15;A01
201300057640;0;31;0;0;2;1;1;B01
201300057641;0;7;0;0;2;3;13;A01
201300057641;0;7;0;0;2;3;1;B01
201300057642;0;2;0;0;1;1;1;A01
201300057643;0;7;0;6;0;1;13;A01
201300057644;0;7;0;0;2;8;1;B01
201300057644;0;33;0;0;2;1;9;Z01
201300057645;0;33;0;0;2;8;13;B01
201300057645;0;33;0;0;2;7;13;A01