num_acc;senc;catv;occutc;obs;obsm;choc;manv;num_veh
201300057646;0;7;0;0;1;1;1;A01
201300057647;0;7;0;0;1;1;1;A01
201300057648;0;7;0;0;1;1;1;A01
201300057649;0;7;0;0;2;3;13;A01
201300057649;0;7;0;0;2;1;1;B01
201300057650;0;2;0;0;2;1;3;A01
201300057650;0;7;0;0;2;3;23;B01
201300057651;0;2;0;0;2;1;9;A01
201300057651;0;7;0;0;2;8;1;B01
201300057652;0;7;0;0;1;1;1;A01
201300057653;0;7;0;0;2;3;1;B01
201300057653;0;2;0;0;2;1;15;Z01
201300057654;0;30;0;0;2;1;1;B01
201300057654;0;33;0;0;2;1;17;A01
201300057655;0;7;0;0;9;7;11;A01
201300057655;0;1;0;0;2;1;1;B01
201300057656;0;7;0;0;2;3;1;C01
201300057656;0;7;0;0;2;8;15;B01
201300057656;0;33;0;0;2;1;17;A01
201300057657;0;7;0;0;2;3;24;C01
201300057657;0;33;0;0;1;1;17;A01
201300057657;0;7;0;0;2;6;2;B01
201300057658;0;30;0;0;2;1;13;A01
201300057658;0;10;0;0;2;1;1;B01
201300057659;0;7;0;0;1;1;1;A01
201300057660;0;7;0;0;2;1;2;A01
201300057660;0;7;0;0;1;4;1;B01
201300057661;0;33;0;16;0;7;14;A01
201300057662;0;2;0;0;2;1;1;A01
201300057662;0;2;0;0;2;7;1;B01
201300057663;0;7;0;0;2;7;16;A01
201300057663;0;37;1;0;2;1;1;B01
201300057664;0;7;0;0;2;4;1;B01
201300057664;0;2;0;0;2;1;2;Z01
201300057665;0;7;0;0;2;3;1;B01
201300057665;0;7;0;0;2;3;13;A01
201300057666;0;1;0;0;2;4;13;A01
201300057666;0;7;0;0;9;1;1;B01
201300057667;0;33;0;0;2;1;1;B01
201300057667;0;7;0;0;2;7;15;A01
201300057668;0;7;0;0;2;1;2;B01
201300057668;0;7;0;0;2;4;1;C01
201300057668;0;7;0;0;2;1;2;A01
201300057669;0;30;0;0;2;1;1;B01
201300057669;0;7;0;0;2;3;13;A01
201300057670;0;7;0;0;2;1;2;B01
201300057670;0;7;0;0;2;4;1;A01
201300057671;0;2;0;0;1;1;1;A01
201300057672;0;30;0;0;2;1;9;A01
201300057672;0;7;0;0;2;8;15;B01
201300057673;0;2;0;0;2;1;5;A01
201300057673;0;2;0;0;2;3;1;B01
201300057674;0;7;0;0;1;2;1;A01
201300057675;0;7;0;0;1;1;1;A01
201300057676;0;7;0;0;2;7;1;B01
201300057676;0;33;0;0;2;3;13;A01
201300057677;0;30;0;0;2;1;9;A01
201300057677;0;7;0;0;2;2;15;B01
201300057678;0;37;6;0;2;1;1;B01
201300057678;0;7;0;0;2;1;11;A01
201300057679;0;7;0;0;1;1;1;A01
201300057680;0;7;0;0;2;2;17;A01
201300057680;0;33;0;0;2;2;21;B01
201300057680;0;7;0;0;2;1;23;C01
201300057681;0;33;0;0;2;8;1;B01
201300057681;0;7;0;0;2;2;14;A01
201300057682;0;7;0;0;2;8;6;A01
201300057682;0;2;0;0;2;2;1;B01
201300057683;0;7;0;0;1;1;1;A01
201300057684;1;30;0;0;1;1;9;Z01
201300057685;0;33;0;0;2;7;1;B01
201300057685;0;7;0;0;2;7;10;A01
201300057686;0;33;0;0;2;6;3;B01
201300057686;0;33;0;0;2;8;3;A01
201300057687;0;7;0;0;2;2;9;A01
201300057687;0;30;0;0;2;1;1;B01
201300057688;0;7;0;0;1;1;1;A01
201300057689;0;33;0;1;0;3;13;A01
201300057689;0;7;0;0;2;7;23;B01
201300057690;0;7;0;0;2;4;2;B01
201300057690;0;7;0;0;2;4;2;C01
201300057690;0;7;0;0;2;1;2;A01
201300057691;0;2;0;16;0;1;14;A01
201300057692;0;30;0;6;0;1;13;A01
201300057693;0;7;0;0;2;2;17;A01
201300057693;0;31;0;0;2;8;15;B01
201300057694;0;30;0;16;0;7;14;A01
201300057695;0;7;0;0;1;1;1;A01
201300057696;0;31;0;0;2;3;13;A01
201300057696;0;7;0;0;2;8;1;B01
201300057697;0;7;0;0;1;8;15;A01
201300057698;2;7;0;0;1;2;14;Z01
201300057699;0;7;0;0;1;7;20;A01
201300057700;0;7;0;0;1;1;1;A01
201300057701;0;2;0;0;2;1;2;A01
201300057701;0;7;0;0;2;4;1;B01
201300057702;0;7;0;0;2;1;1;B01
201300057702;0;7;0;0;2;3;9;A01
201300057703;0;31;0;0;2;8;13;A01
201300057703;0;7;0;0;2;5;1;B01
201300057704;0;7;0;0;1;1;1;A01
201300057705;0;33;0;16;0;1;21;Z01
201300057706;0;30;0;0;2;7;17;A01
201300057706;0;7;0;0;2;8;1;B01
201300057707;0;14;0;0;1;8;1;A01
201300057708;0;7;0;0;1;2;1;A01
201300057709;0;7;0;0;2;2;1;B01
201300057709;0;33;0;0;2;0;3;Z01
201300057710;0;7;0;16;0;9;14;A01
201300057711;0;7;0;0;1;1;1;A01
201300057712;0;7;0;16;0;9;14;A01
201300057713;0;7;0;0;1;1;1;A01
201300057714;0;7;0;0;2;3;1;A01
201300057714;0;30;0;0;2;3;5;B01
201300057715;0;7;0;0;1;1;9;A01
201300057716;0;33;0;0;2;1;2;A01
201300057716;0;7;0;0;2;8;1;B01
201300057717;0;7;0;0;2;3;5;A01
201300057717;1;7;0;0;2;1;0;B01
201300057718;0;7;0;0;2;5;5;A01
201300057718;0;34;0;0;2;1;5;B01
201300057719;0;7;0;0;2;4;2;A01
201300057719;0;33;0;0;2;1;2;B01
201300057720;0;7;0;0;2;1;2;A01
201300057720;0;7;0;0;2;4;2;B01
201300057721;0;7;0;0;2;3;1;A01
201300057721;0;7;0;0;2;3;1;B01
201300057722;0;7;0;13;0;9;1;A01
201300057723;0;7;0;0;2;7;12;A01
201300057723;0;7;0;0;2;6;1;B01
201300057724;0;7;0;0;2;1;5;A01
201300057724;0;7;0;0;2;1;1;B01
201300057725;0;7;0;0;2;1;2;A01
201300057725;0;7;0;0;2;4;2;B01
201300057726;0;7;0;0;2;1;1;A01
201300057726;0;7;0;0;2;4;1;B01
201300057727;0;7;0;0;2;3;13;A01
201300057727;0;7;0;0;2;3;1;B01
201300057728;0;7;0;0;2;4;2;A01
201300057728;0;2;0;0;2;1;2;B01
201300057729;0;2;0;16;0;0;1;A01
201300057730;0;7;0;0;2;7;0;A01
201300057730;0;33;0;0;2;8;0;B01
201300057731;0;7;0;0;2;3;1;A01
201300057731;0;7;0;0;0;3;1;B01
201300057732;0;31;0;0;2;0;0;A01
201300057732;0;7;0;0;0;0;0;B01
201300057733;0;13;0;0;2;1;21;A01
201300057733;0;7;0;0;2;4;1;B01
201300057734;0;7;0;0;1;1;1;A01
201300057735;0;7;0;0;2;3;13;A01
201300057735;0;7;0;0;2;3;1;B01
201300057736;0;7;0;0;2;1;2;A01
201300057736;0;7;0;0;2;4;2;B01
201300057737;0;7;0;0;2;8;17;A01
201300057737;0;33;0;0;2;4;17;B01
201300057737;0;33;0;0;2;6;17;C01
201300057738;0;7;0;0;2;4;2;A01
201300057738;0;33;0;0;2;1;2;B01
201300057739;0;7;0;0;0;4;2;A01
201300057739;0;31;0;0;2;1;2;B01
201300057740;0;7;0;0;2;1;0;A01
201300057740;0;7;0;0;2;4;0;B01
201300057741;0;7;0;0;2;1;13;A01
201300057741;0;7;0;0;2;1;1;B01
201300057742;0;7;0;0;9;0;0;A01
201300057743;0;7;0;0;2;1;9;A01
201300057743;0;7;0;0;2;4;24;B01
201300057744;0;7;0;0;2;1;2;A01
201300057744;0;7;0;0;2;4;2;B01
201300057744;0;7;0;0;2;4;2;C01
201300057745;1;7;0;0;2;1;2;A01
201300057745;0;7;0;0;2;6;2;B01
201300057746;0;7;0;8;0;1;1;A01
201300057747;1;30;0;0;1;1;1;A01
201300057748;0;7;0;0;2;1;3;A01
201300057748;0;7;0;0;2;2;1;B01
201300057749;0;7;0;0;1;1;1;A01
201300057750;0;7;0;0;2;1;2;A01
201300057750;0;7;0;0;2;4;2;B01
201300057750;0;7;0;0;2;4;2;C01
201300057750;0;7;0;0;2;4;2;D01
201300057751;0;7;0;12;0;9;1;A01
201300057752;0;7;0;0;2;7;17;A01
201300057752;0;7;0;0;2;8;1;B01
201300057753;0;31;0;0;2;9;2;A01
201300057753;0;7;0;0;2;8;2;B01
201300057754;0;7;0;0;1;0;1;A01
201300057755;0;7;0;1;2;1;11;A01
201300057755;0;7;0;0;2;4;24;B01
201300057755;0;3;0;0;2;4;2;C01
201300057756;0;7;0;0;2;3;15;A01
201300057756;0;32;0;0;2;1;17;B01
201300057757;0;7;0;4;2;0;0;B01
201300057757;0;7;0;0;9;1;1;C01
201300057757;0;7;0;0;2;0;0;A01
201300057758;0;7;0;0;1;1;1;A01
201300057759;0;7;0;0;2;1;1;B01
201300057759;0;33;0;0;2;1;1;A01
201300057760;0;7;0;0;1;1;1;A01
201300057761;0;37;2;0;1;7;1;A01
201300057762;0;7;0;0;2;4;2;B01
201300057762;0;33;0;0;2;1;2;A01
201300057763;0;10;0;0;1;1;1;A01
201300057764;0;7;0;0;2;4;2;B01
201300057764;0;33;0;0;2;1;2;A01
201300057765;0;7;0;0;2;4;2;B01
201300057765;0;31;0;0;2;1;2;A01
201300057766;0;7;0;0;1;1;1;A01
201300057767;0;7;0;0;0;0;1;A01
201300057768;0;7;0;0;2;7;1;A01
201300057768;0;31;0;0;2;1;1;B01
201300057769;0;31;0;0;2;0;1;A01
201300057769;1;99;0;0;0;0;0;Z01
201300057770;0;7;0;0;2;6;1;B01
201300057770;1;7;0;0;2;2;9;Z01
201300057770;0;7;0;0;2;6;1;A01
201300057771;0;7;0;0;1;1;1;A01
201300057772;0;31;0;0;2;1;1;A01
201300057772;0;7;0;0;2;4;1;B01
201300057773;0;7;0;0;1;1;1;A01
201300057774;0;33;0;0;2;1;1;A01
201300057774;0;7;0;0;2;4;2;B01
201300057775;0;37;5;0;2;1;2;A01
201300057775;0;37;5;0;2;4;2;B01
201300057775;0;7;0;0;2;4;2;C01
201300057776;0;30;0;0;2;1;0;B01
201300057776;0;37;1;0;2;1;9;A01
201300057777;0;32;0;0;2;8;0;A01
201300057777;0;7;0;0;2;7;0;B01
201300057778;0;7;0;0;1;1;17;A01
201300057779;0;32;0;0;2;7;15;A01
201300057779;0;7;0;0;2;1;13;B01
201300057780;0;33;0;0;1;1;3;A01
201300057781;0;7;0;0;1;1;1;A01
201300057782;0;7;0;0;2;8;1;B01
201300057782;0;7;0;0;2;0;1;C01
201300057782;0;7;0;0;2;7;14;A01
201300057783;0;7;0;0;2;1;1;B01
201300057783;0;7;0;0;2;7;1;A01
201300057784;0;7;0;4;2;9;1;A01
201300057784;0;7;0;0;2;1;2;B01
201300057785;0;15;0;0;2;4;2;B01
201300057785;0;33;0;0;2;9;2;A01
201300057786;0;7;0;0;2;4;1;A01
201300057786;0;1;0;0;2;1;2;B01
201300057787;0;7;0;0;1;1;20;A01
201300057788;0;30;0;0;2;1;1;A01
201300057788;0;7;0;0;2;1;15;B01
201300057789;0;7;0;0;2;1;5;A01
201300057789;0;7;0;0;2;1;1;B01
201300057790;0;7;0;0;2;1;1;A01
201300057790;0;7;0;0;2;7;9;B01
201300057791;0;7;0;0;1;1;1;A01
201300057792;0;7;0;8;0;1;1;A01
201300057793;0;7;0;0;1;7;1;A01
201300057794;1;7;0;0;0;0;10;A01
201300057794;0;2;0;0;0;0;0;B01
201300057794;0;7;0;1;0;5;0;C01
201300057795;0;2;0;0;2;4;13;A01
201300057795;0;7;0;0;9;2;21;B01
201300057796;0;30;0;0;2;1;17;A01
201300057796;0;7;0;0;2;3;1;B01
201300057797;0;1;0;0;0;2;0;A01
201300057797;0;32;0;0;0;0;0;B01
201300057798;0;30;0;0;0;0;0;A01
201300057799;0;30;0;0;0;0;0;A01
201300057800;0;1;0;0;2;1;0;A01
201300057800;0;7;0;0;9;1;15;B01
201300057801;0;2;0;0;2;1;0;A01
201300057801;0;7;0;0;2;7;15;B01
201300057802;0;7;0;0;2;2;1;B01
201300057802;0;7;0;0;2;2;5;A01
201300057803;0;2;0;0;2;1;13;A01
201300057803;0;10;0;0;2;1;1;B01
201300057804;0;30;0;0;2;1;1;B01
201300057804;0;7;0;0;2;8;9;A01
201300057805;0;2;0;0;2;1;1;A01
201300057805;0;7;0;0;2;1;1;B01
201300057806;0;34;0;0;2;1;1;B01
201300057806;0;7;0;0;9;8;15;A01
201300057807;0;33;0;0;2;1;17;A01
201300057807;0;10;0;0;2;3;17;B01
201300057808;0;33;0;0;9;4;1;B01
201300057808;0;32;0;0;9;1;15;A01
201300057809;0;2;0;0;1;1;19;A01
201300057810;0;7;0;0;2;1;1;B01
201300057810;0;7;0;0;2;1;13;A01
201300057810;0;10;0;0;2;1;1;C01
201300057811;0;1;0;0;0;0;0;A01
201300057811;1;7;0;0;0;1;0;Z01
201300057812;0;2;0;0;0;0;1;A01
201300057812;0;7;0;0;9;3;1;B01
201300057813;0;7;0;0;2;8;15;A01
201300057813;0;31;0;0;2;7;17;B01
201300057814;0;7;0;0;2;2;15;A01
201300057814;0;33;0;0;2;1;17;B01
201300057815;0;7;0;0;0;0;0;A01
201300057815;0;2;0;0;0;0;0;B01
201300057816;0;7;0;0;2;0;9;A01
201300057816;0;33;0;0;0;7;0;B01
201300057817;0;7;0;0;2;2;15;A01
201300057817;0;30;0;0;2;1;1;B01
201300057818;0;2;0;0;2;1;1;B01
201300057818;0;7;0;0;2;3;11;A01
201300057819;0;7;0;0;2;1;2;B01
201300057819;0;2;0;0;2;9;9;A01
201300057820;0;1;0;0;9;1;5;B01
201300057820;0;7;0;0;9;1;16;A01
201300057821;0;7;0;0;1;2;1;A01
201300057822;0;7;0;0;9;4;1;B01
201300057822;0;33;0;0;2;1;13;A01
201300057823;0;33;0;0;9;1;1;B01
201300057823;2;2;0;0;9;8;1;A01
201300057824;0;7;0;0;2;7;15;A01
201300057824;0;33;0;0;2;1;1;B01
201300057825;0;7;0;0;2;1;1;C01
201300057825;0;2;0;0;2;1;1;A01
201300057825;0;7;0;0;0;6;20;B01
201300057826;1;2;0;0;0;0;0;Z01
201300057826;0;2;0;0;2;1;1;B01
201300057827;0;7;0;0;1;1;0;A01
201300057828;0;7;0;0;2;3;15;A01
201300057828;0;2;0;0;2;8;1;B01
201300057829;0;2;0;0;0;1;0;A01
201300057829;0;7;0;0;0;2;0;B01
201300057830;0;7;0;0;1;0;0;A01
201300057831;0;7;0;0;1;1;5;A01
201300057832;0;2;0;0;0;8;1;A01
201300057833;0;30;0;0;2;2;1;A01
201300057833;0;7;0;0;2;6;15;B01
201300057834;0;7;0;16;0;8;1;A01
201300057835;0;7;0;0;1;0;5;A01
201300057836;0;7;0;0;9;3;15;A01
201300057836;0;2;0;0;2;8;1;B01
201300057837;0;7;0;0;9;7;0;A01
201300057837;0;2;0;0;2;7;0;B01
201300057838;0;30;0;0;0;0;0;A01
201300057839;0;7;0;0;9;3;1;B01
201300057839;0;2;0;0;2;1;13;A01
201300057840;0;7;0;0;2;3;21;B01
201300057840;0;30;0;0;0;0;12;A01
201300057841;0;2;0;0;2;1;0;B01
201300057841;1;99;0;0;0;0;0;A01
201300057842;0;33;0;12;0;1;0;A01
201300057843;0;7;0;0;2;1;15;B01
201300057843;0;2;0;0;2;1;1;A01
201300057844;0;10;0;0;2;1;15;A01
201300057844;0;33;0;0;2;3;1;B01
201300057845;0;2;0;0;2;1;1;A01
201300057845;0;7;0;0;2;6;1;B01
201300057846;0;7;0;0;0;7;0;A01
201300057846;0;2;0;0;0;1;0;B01
201300057847;0;7;0;0;2;2;15;A01
201300057847;0;33;0;0;2;8;1;B01
201300057848;0;7;0;0;9;1;0;A01
201300057848;0;1;0;0;2;4;0;B01
201300057849;0;2;0;0;2;7;15;A01
201300057849;0;7;0;0;2;3;1;B01
201300057850;0;30;0;0;2;1;1;B01
201300057850;0;7;0;0;2;3;11;A01
201300057851;0;7;0;0;0;6;1;A01
201300057851;0;33;0;0;0;2;13;B01
201300057852;0;7;0;0;2;3;16;A01
201300057852;0;7;0;0;2;4;1;B01
201300057853;0;30;0;0;2;3;12;A01
201300057853;0;13;0;0;2;2;16;B01
201300057854;0;7;0;0;2;2;1;A01
201300057854;0;2;0;0;2;1;1;B01
201300057855;0;7;0;8;0;0;1;A01
201300057856;1;7;0;0;1;0;0;Z01
201300057857;0;7;0;0;2;7;0;B01
201300057857;0;7;0;0;2;1;0;A01
201300057858;0;7;0;0;2;1;13;A01
201300057858;0;7;0;0;2;1;1;B01
201300057859;0;7;0;0;2;1;1;A01
201300057859;0;7;0;0;0;4;1;B01
201300057860;0;7;0;0;9;1;15;A01
201300057860;0;30;0;0;2;1;2;B01
201300057861;0;10;0;0;2;5;15;A01
201300057861;0;33;0;0;2;1;1;B01
201300057862;0;7;0;0;0;3;0;A01
201300057862;0;33;0;0;0;0;0;B01
201300057862;0;7;0;0;0;0;0;C01
201300057863;0;10;0;0;2;1;1;A01
201300057863;0;2;0;0;0;4;1;B01
201300057864;0;7;0;0;9;1;2;A01
201300057864;0;1;0;0;2;4;2;B01
201300057865;0;30;0;8;0;1;0;A01
201300057866;0;7;0;0;2;1;2;A01
201300057866;0;7;0;0;2;4;2;B01
201300057866;0;7;0;0;2;4;2;C01
201300057866;0;7;0;0;2;4;2;D01
201300057867;0;32;0;0;0;1;0;A01
201300057867;0;7;0;0;0;4;0;B01
201300057868;0;2;0;0;2;1;1;B01
201300057868;0;7;0;0;2;5;16;A01
201300057869;0;2;0;0;0;1;1;A01
201300057870;0;2;0;0;2;1;16;B01
201300057870;0;7;0;0;2;3;1;A01
201300057871;0;2;0;0;2;2;1;A01
201300057871;0;10;0;0;2;3;1;B01
201300057872;0;7;0;0;0;3;0;B01
201300057872;0;7;0;0;0;3;0;A01
201300057873;0;2;0;8;0;1;21;B01
201300057873;1;10;0;0;2;0;0;Z01
201300057874;0;7;0;0;2;2;2;A01
201300057874;0;1;0;0;2;6;9;B01
201300057875;0;30;0;0;1;1;0;A01
201300057876;0;7;0;0;2;8;1;C01
201300057876;0;7;0;0;2;1;15;A01
201300057876;0;33;0;0;2;1;1;B01
201300057877;0;1;0;0;1;2;1;A01
201300057878;0;31;0;0;2;1;1;B01
201300057878;0;7;0;0;2;3;15;A01
201300057879;0;7;0;0;2;5;16;B01
201300057879;0;2;0;0;2;1;14;A01
201300057880;0;2;0;0;0;1;1;B01
201300057880;0;7;0;0;2;1;15;A01
201300057881;0;30;0;0;2;4;1;B01
201300057881;0;7;0;0;2;1;1;A01
201300057882;0;7;0;0;2;1;1;B01
201300057882;0;2;0;0;2;3;15;A01
201300057883;0;30;0;0;9;0;0;A01
201300057884;0;34;0;0;2;1;1;B01
201300057884;0;7;0;0;9;3;15;A01
201300057885;0;7;0;0;2;3;15;A01
201300057885;0;2;0;0;2;3;1;B01
201300057886;0;7;0;0;9;8;19;A01
201300057886;0;2;0;0;2;7;1;B01
201300057887;0;2;0;0;2;1;13;A01
201300057887;0;7;0;0;2;1;1;B01
201300057888;0;7;0;0;0;1;0;A01
201300057888;0;7;0;0;0;6;0;B01
201300057889;0;7;0;0;2;8;1;A01
201300057889;0;1;0;0;2;1;19;B01
201300057890;0;7;0;0;9;8;15;A01
201300057890;0;31;0;0;2;1;1;B01
201300057890;0;2;0;0;2;1;1;C01
201300057891;0;1;0;0;2;3;15;A01
201300057891;0;2;0;0;9;1;2;B01
201300057892;0;15;0;0;9;7;9;A01
201300057892;0;2;0;0;2;3;9;B01
201300057893;0;2;0;0;2;1;17;A01
201300057893;0;10;0;0;9;5;15;B01
201300057894;1;30;0;0;2;0;15;Z01
201300057894;0;7;0;0;2;1;1;B01
201300057894;0;30;0;0;2;1;17;A01
201300057895;0;2;0;0;2;1;1;A01
201300057895;0;2;0;0;0;1;1;B01
201300057896;0;7;0;0;2;3;15;A01
201300057896;0;31;0;0;2;1;17;B01
201300057897;0;7;0;0;2;1;19;A01
201300057897;0;1;0;0;2;7;1;B01
201300057898;0;7;0;0;9;8;15;A01
201300057898;0;33;0;0;2;1;1;B01
201300057899;0;32;0;0;2;1;1;B01
201300057899;0;7;0;0;9;8;15;A01
201300057900;0;30;0;0;2;1;9;A01
201300057900;0;7;0;0;2;1;1;B01
201300057901;0;2;0;1;0;1;1;A01
201300057902;0;32;0;0;2;2;17;B01
201300057902;0;7;0;0;2;3;2;A01
201300057903;0;7;0;0;9;6;15;A01
201300057903;0;34;0;0;2;1;21;B01
201300057904;0;7;0;0;2;3;1;B01
201300057904;0;7;0;0;2;2;11;A01
201300057905;0;30;0;0;0;1;0;A01
201300057906;0;30;0;0;0;1;0;A01
201300057906;0;7;0;0;0;4;0;B01
201300057907;0;10;0;8;0;3;0;A01
201300057908;0;7;0;0;2;2;15;A01
201300057908;0;2;0;0;2;1;1;B01
201300057909;0;2;0;0;0;7;1;A01
201300057910;0;7;0;0;2;7;15;A01
201300057910;0;2;0;0;2;1;1;B01
201300057911;0;7;0;0;0;3;0;A01
201300057911;0;30;0;0;0;1;0;B01
201300057912;1;7;0;0;1;1;16;A01
201300057913;0;7;0;0;2;2;16;A01
201300057913;0;2;0;0;2;0;1;B01
201300057914;2;7;0;0;2;8;1;A01
201300057914;0;7;0;0;2;8;1;B01
201300057915;0;10;0;0;2;0;22;A01
201300057915;0;1;0;0;2;0;14;B01
201300057916;0;1;0;0;2;8;15;B01
201300057916;0;2;0;0;2;1;1;A01
201300057917;0;1;0;0;0;0;0;B01
201300057917;1;99;0;0;2;4;0;A01
201300057918;0;30;0;0;2;1;1;B01
201300057918;0;7;0;0;2;7;19;A01
201300057919;0;2;0;0;2;5;0;B01
201300057919;1;7;0;0;2;5;0;Y01
201300057920;0;33;0;0;2;0;0;B01
201300057920;0;7;0;0;2;0;0;A01
201300057921;0;2;0;0;1;0;0;A01
201300057922;0;2;0;14;0;0;0;A01
201300057923;0;10;0;0;2;5;4;A01
201300057923;0;30;0;0;2;1;1;B01
201300057924;0;33;0;0;1;0;0;A01
201300057925;0;30;0;0;0;0;0;A01
201300057926;1;2;0;16;0;0;0;A01
201300057927;0;2;0;0;2;1;18;A01
201300057927;0;7;0;0;2;2;20;B01
201300057928;0;30;0;16;0;0;0;A01
201300057929;0;33;0;0;2;1;1;B01
201300057929;0;7;0;0;2;8;15;A01
201300057930;0;7;0;0;2;7;20;B01
201300057930;0;33;0;0;2;1;18;A01
201300057931;0;7;0;0;1;1;5;A01
201300057932;0;7;0;0;1;1;1;A01
201300057933;0;32;0;0;2;1;1;B01
201300057933;0;7;0;0;2;4;1;A01
201300057934;0;7;0;0;1;1;1;A01
201300057935;0;7;0;0;1;1;0;A01
201300057936;0;7;0;0;0;8;12;A01
201300057937;0;7;0;0;1;0;0;B01
201300057938;0;33;0;0;2;2;9;A01
201300057938;0;7;0;0;2;8;9;B01
201300057939;0;7;0;0;1;1;0;A01
201300057940;0;7;0;6;0;0;0;A01
201300057941;0;31;0;0;0;0;0;A01
201300057942;0;33;0;0;2;1;0;B01
201300057942;0;7;0;0;2;8;1;A01
201300057943;0;33;0;0;2;0;17;B01
201300057943;0;10;0;0;2;0;15;A01
201300057944;0;33;0;0;2;1;0;A01
201300057944;0;7;0;0;2;7;0;B01
201300057945;0;10;0;0;2;2;9;B01
201300057945;0;7;0;0;2;1;9;A01
201300057946;0;14;0;0;2;1;2;B01
201300057946;0;7;0;0;2;4;15;A01
201300057947;0;30;0;0;2;1;0;A01
201300057947;0;7;0;0;2;5;0;B01
201300057948;0;7;0;0;0;0;0;A01
201300057949;0;33;0;0;2;0;0;B01
201300057949;0;7;0;0;2;0;0;A01
201300057950;0;7;0;0;1;0;0;A01
201300057951;0;7;0;0;2;0;15;A01
201300057951;0;7;0;0;2;1;14;B01
201300057952;0;7;0;0;2;9;14;A01
201300057952;0;7;0;0;2;6;23;B01
201300057953;0;30;0;0;2;1;2;B01
201300057953;0;10;0;0;2;6;12;A01
201300057954;0;7;0;0;1;3;0;B01
201300057955;0;7;0;0;2;7;12;B01
201300057955;0;33;0;0;2;8;9;A01
201300057956;0;33;0;0;0;7;2;A01
201300057957;0;37;1;0;1;0;0;A01
201300057958;0;7;0;0;2;6;15;A01
201300057958;0;33;0;0;2;1;0;B01
201300057959;0;7;0;0;2;4;2;B01
201300057959;0;7;0;0;2;1;2;A01
201300057960;1;1;0;0;1;0;0;A01
201300057961;0;7;0;0;1;4;4;A01
201300057962;0;7;0;0;2;6;20;B01
201300057962;0;32;0;0;2;1;2;A01
201300057963;0;14;0;0;2;8;15;A01
201300057963;0;7;0;0;2;1;2;B01
201300057964;0;7;0;0;1;1;0;A01
201300057965;0;33;0;0;2;6;1;B01
201300057965;0;7;0;0;2;1;1;A01
201300057966;0;7;0;0;2;4;1;A01
201300057966;0;7;0;0;2;1;1;B01
201300057967;0;31;0;0;2;1;2;B01
201300057967;0;7;0;0;2;8;15;A01
201300057968;0;7;0;0;2;1;1;A01
201300057968;0;33;0;0;2;4;1;B01
201300057969;0;7;0;0;2;4;2;A01
201300057969;0;33;0;0;2;1;2;B01
201300057970;0;7;0;16;0;3;0;A01
201300057971;0;7;0;0;1;4;4;A01
201300057972;0;7;0;0;2;8;0;C01
201300057972;0;7;0;0;2;1;2;A01
201300057972;0;7;0;0;2;4;2;B01
201300057973;0;7;0;0;2;0;0;B01
201300057973;0;7;0;0;2;0;0;A01
201300057974;0;7;0;0;2;0;0;B01
201300057974;0;14;0;0;2;0;0;C01
201300057974;0;7;0;0;2;2;0;A01
201300057975;0;7;0;0;1;1;0;A01
201300057976;0;7;0;0;1;0;20;A01
201300057977;0;7;0;0;1;1;1;A01
201300057978;0;30;0;0;0;0;0;A01
201300057979;0;99;0;0;0;0;0;Z01
201300057979;0;7;0;0;0;5;0;B01
201300057980;0;7;0;0;2;0;9;B01
201300057980;1;31;0;0;2;1;5;A01
201300057981;0;7;0;0;9;0;24;A01
201300057981;0;1;0;1;0;1;1;B01
201300057982;1;99;0;0;0;0;0;Z01
201300057982;0;7;0;0;2;2;10;A01
201300057983;0;7;0;0;1;1;1;A01
201300057984;0;7;0;0;2;8;9;A01
201300057984;0;7;0;0;2;1;0;B01
201300057985;0;7;0;6;0;1;21;A01
201300057986;0;7;0;6;0;1;13;A01
201300057987;0;2;0;0;2;4;1;B01
201300057987;0;7;0;0;2;1;9;A01
201300057988;0;7;0;0;1;2;2;A01
201300057989;1;7;0;0;1;0;2;Z01
201300057990;2;7;0;3;2;3;18;A01
201300057990;0;7;0;0;2;9;2;B01
201300057991;0;7;0;0;9;5;15;A01
201300057991;0;2;0;0;2;7;1;B01
201300057992;0;7;0;0;2;5;1;B01
201300057992;0;30;0;0;2;3;19;A01
201300057993;0;7;0;0;0;8;0;B01
201300057993;0;7;0;0;0;8;0;A01
201300057994;0;33;0;0;2;1;17;B01
201300057994;0;7;0;0;0;6;16;A01
201300057995;0;7;0;0;9;2;16;B01
201300057995;0;30;0;0;2;1;16;A01
201300057996;0;1;0;0;2;1;1;B01
201300057996;0;7;0;0;2;8;10;A01
201300057997;0;7;0;0;1;3;1;A01
201300057998;0;7;0;0;2;4;23;C01
201300057998;0;7;0;0;2;2;2;A01
201300057998;0;7;0;0;2;2;2;B01
201300057999;0;7;0;0;2;3;11;A01
201300057999;0;2;0;0;2;2;2;B01
201300058000;0;7;0;0;1;1;1;A01
201300058001;0;7;0;0;2;1;1;B01
201300058001;0;7;0;0;2;7;0;A01
201300058002;1;2;0;0;1;1;2;Z01
201300058003;0;7;0;0;9;2;15;A01
201300058003;0;33;0;0;2;1;1;B01
201300058004;0;7;0;6;1;1;15;A01
201300058005;0;10;0;0;1;7;1;A01
201300058006;0;34;0;0;2;4;2;B01
201300058006;0;7;0;0;9;3;1;A01
201300058007;0;7;0;0;0;3;0;B01
201300058007;0;15;0;0;0;3;0;A01
201300058008;0;10;0;0;2;3;15;A01
201300058008;0;2;0;0;2;3;2;B01