num_acc;senc;catv;occutc;obs;obsm;choc;manv;num_veh
201300058009;0;2;0;0;2;2;9;A01
201300058009;0;7;0;0;2;3;1;B01
201300058010;0;7;0;0;0;5;16;A01
201300058010;0;1;0;0;0;1;1;B01
201300058011;0;30;0;0;1;0;2;A01
201300058012;0;7;0;15;0;1;1;A01
201300058013;0;7;0;6;0;1;1;A01
201300058014;0;7;0;0;0;3;9;B01
201300058014;0;7;0;0;2;2;14;A01
201300058015;1;7;0;0;1;1;1;Z01
201300058016;0;33;0;8;0;1;1;A01
201300058017;0;7;0;6;0;7;2;A01
201300058018;0;7;0;0;0;4;0;A01
201300058018;0;30;0;0;0;4;0;B01
201300058019;0;7;0;0;1;1;1;A01
201300058020;0;1;0;0;2;1;1;B01
201300058020;0;7;0;0;2;7;16;A01
201300058021;0;31;0;0;2;1;17;B01
201300058021;0;7;0;0;2;3;9;A01
201300058022;0;1;0;0;2;1;9;B01
201300058022;0;10;0;0;2;2;2;A01
201300058023;0;7;0;0;2;1;9;A01
201300058023;0;2;0;0;2;1;1;B01
201300058024;0;7;0;1;1;2;14;A01
201300058025;0;30;0;0;5;1;1;A01
201300058026;0;7;0;16;0;9;1;A01
201300058027;0;2;0;0;0;4;2;B01
201300058027;0;7;0;0;0;1;2;A01
201300058028;0;1;0;0;2;0;1;A01
201300058028;0;20;0;0;0;3;1;B01
201300058029;0;7;0;0;0;4;2;B01
201300058029;0;7;0;0;2;1;2;A01
201300058030;0;1;0;0;0;4;2;B01
201300058030;0;7;0;0;2;1;2;A01
201300058031;0;7;0;0;0;4;0;B01
201300058031;0;7;0;0;0;1;0;A01
201300058032;0;7;0;0;2;3;19;A01
201300058032;0;2;0;0;2;1;1;B01
201300058033;0;7;0;0;2;1;2;A01
201300058033;0;7;0;0;0;4;2;C01
201300058033;0;7;0;0;2;4;23;B01
201300058034;0;7;0;0;2;1;1;A01
201300058034;0;7;0;0;2;1;1;B01
201300058035;0;7;0;0;0;8;15;A01
201300058035;0;30;0;0;0;1;17;B01
201300058036;0;7;0;0;0;0;1;A01
201300058037;0;7;0;0;1;3;2;A01
201300058038;0;7;0;0;2;2;15;A01
201300058038;0;1;0;0;2;3;2;B01
201300058039;0;1;0;0;2;2;1;B01
201300058039;0;7;0;0;2;2;15;A01
201300058040;1;99;0;0;0;0;2;Z01
201300058040;0;1;0;0;0;0;2;A01
201300058041;0;7;0;0;1;1;1;A01
201300058042;0;7;0;0;1;1;1;A01
201300058043;0;7;0;0;1;1;0;A01
201300058044;0;7;0;0;2;5;0;B01
201300058044;0;7;0;0;2;0;0;A01
201300058045;0;7;0;0;0;5;2;B01
201300058045;0;33;0;0;2;1;2;A01
201300058046;0;33;0;0;0;2;1;C01
201300058046;0;7;0;0;0;6;1;B01
201300058046;0;7;0;0;0;7;1;D01
201300058046;0;31;0;0;0;1;3;A01
201300058047;0;7;0;4;0;1;9;A01
201300058048;0;7;0;0;2;1;1;B01
201300058048;0;1;0;0;2;1;19;A01
201300058049;0;31;0;0;2;1;15;B01
201300058049;0;7;0;0;2;8;15;A01
201300058050;0;7;0;0;2;4;1;B01
201300058050;0;30;0;0;2;1;1;A01
201300058051;0;7;0;0;0;4;1;B01
201300058051;0;7;0;0;2;1;1;A01
201300058052;0;37;2;1;1;7;21;A01
201300058053;0;10;0;0;9;2;0;A01
201300058053;0;10;0;0;0;0;23;C01
201300058053;0;2;0;0;2;1;0;B01
201300058054;0;33;0;0;0;8;0;A01
201300058055;0;1;0;0;2;0;0;B01
201300058055;0;1;0;0;2;0;0;C01
201300058055;0;7;0;0;9;0;0;A01
201300058056;0;7;0;1;0;1;0;A01
201300058056;0;7;0;0;0;4;0;B01
201300058056;0;7;0;0;0;2;0;C01
201300058057;0;7;0;0;1;1;0;A01
201300058058;0;1;0;0;2;1;0;A01
201300058058;0;7;0;0;0;4;0;B01
201300058059;0;30;0;0;0;1;0;A01
201300058059;0;7;0;0;2;3;0;B01
201300058060;0;7;0;0;1;0;0;A01
201300058061;0;2;0;14;0;0;0;A01
201300058062;0;7;0;0;1;0;0;A01
201300058063;0;7;0;0;0;4;0;B01
201300058063;0;1;0;0;2;0;0;A01
201300058064;0;1;0;0;0;0;0;A01
201300058065;0;7;0;0;2;4;0;B01
201300058065;0;7;0;0;2;1;0;A01
201300058066;0;7;0;0;0;9;0;A01
201300058067;0;7;0;0;2;3;1;B01
201300058067;0;7;0;0;2;3;13;A01
201300058068;0;2;0;0;2;3;1;B01
201300058068;0;7;0;0;2;1;9;A01
201300058069;0;1;0;0;2;1;5;A01
201300058069;0;7;0;0;2;2;15;B01
201300058070;0;7;0;0;1;0;1;A01
201300058071;0;7;0;0;2;1;2;A01
201300058071;0;7;0;0;0;4;2;B01
201300058072;0;7;0;0;1;3;0;A01
201300058073;0;7;0;0;0;0;0;A01
201300058073;0;30;0;0;0;0;0;B01
201300058074;0;7;0;0;2;2;1;A01
201300058074;0;2;0;0;2;1;17;B01
201300058075;0;30;0;0;2;1;18;A01
201300058075;0;10;0;0;2;7;16;B01
201300058076;0;10;0;0;2;4;4;A01
201300058076;0;7;0;0;2;1;2;B01
201300058077;0;7;0;0;2;0;0;B01
201300058077;0;32;0;0;9;0;0;A01
201300058078;0;32;0;0;2;3;1;B01
201300058078;0;7;0;0;9;7;2;A01
201300058079;0;31;0;0;2;7;2;B01
201300058079;0;7;0;0;9;8;2;A01
201300058080;0;7;0;0;2;5;1;A01
201300058080;0;13;0;0;2;5;23;B01
201300058081;0;33;0;0;2;1;1;B01
201300058081;0;7;0;0;2;1;15;A01
201300058082;0;33;0;0;2;1;2;B01
201300058082;0;7;0;0;2;5;17;A01
201300058083;0;7;0;0;2;2;0;B01
201300058083;0;7;0;0;2;1;0;A01
201300058084;0;7;0;0;2;1;0;B01
201300058084;0;7;0;0;2;1;1;A01
201300058085;0;7;0;0;1;0;20;A01
201300058086;0;7;0;13;0;9;0;A01
201300058087;0;7;0;0;2;2;1;A01
201300058087;0;7;0;0;2;3;1;B01
201300058088;0;7;0;0;2;4;23;B01
201300058088;0;2;0;0;2;1;2;A01
201300058089;0;30;0;0;2;8;5;B01
201300058089;0;7;0;0;2;6;11;C01
201300058089;0;7;0;0;2;1;1;A01
201300058090;0;7;0;0;1;7;1;A01
201300058091;0;7;0;0;2;1;1;A01
201300058091;0;7;0;0;2;4;0;B01
201300058092;0;7;0;0;2;4;23;A01
201300058092;0;33;0;0;2;1;1;B01
201300058093;0;7;0;0;2;3;0;A01
201300058093;0;7;0;0;2;8;1;B01
201300058094;0;38;0;0;2;3;0;A01
201300058094;0;7;0;0;2;3;0;B01
201300058095;0;7;0;0;2;7;12;A01
201300058095;0;7;0;0;2;8;1;B01
201300058096;0;7;0;0;1;3;15;A01
201300058097;0;7;0;0;1;7;1;A01
201300058098;0;2;0;0;1;1;0;A01
201300058099;0;7;0;0;2;5;0;C01
201300058099;0;7;0;0;2;4;0;B01
201300058099;1;7;0;0;2;4;2;Z01
201300058100;0;7;0;0;2;1;1;A01
201300058100;0;7;0;0;2;1;1;B01
201300058101;0;30;0;0;2;1;0;A01
201300058101;0;7;0;0;2;8;0;B01
201300058102;0;7;0;0;2;0;0;B01
201300058102;0;30;0;0;2;0;0;A01
201300058103;0;7;0;0;1;2;0;A01
201300058104;0;7;0;0;2;3;5;A01
201300058104;0;33;0;0;2;8;0;B01
201300058105;0;7;0;0;2;2;1;A01
201300058105;0;32;0;0;2;1;0;B01
201300058106;0;7;0;0;1;1;1;A01
201300058107;0;7;0;0;1;3;0;A01
201300058108;0;7;0;0;1;3;0;A01
201300058109;0;7;0;0;2;3;11;B01
201300058109;0;33;0;0;2;0;11;A01
201300058110;0;7;0;0;1;2;15;A01
201300058111;0;30;0;0;0;0;0;A01
201300058112;0;7;0;0;1;1;0;A01
201300058113;0;7;0;0;1;1;15;A01
201300058114;0;2;0;0;2;1;1;B01
201300058114;0;7;0;0;2;3;1;A01
201300058115;0;7;0;0;1;1;0;A01
201300058116;0;7;0;2;2;5;1;B01
201300058116;1;7;0;12;2;3;13;Z01
201300058117;0;30;0;0;2;1;1;B01
201300058117;0;7;0;0;2;2;1;A01
201300058118;0;7;0;2;0;1;0;A01
201300058119;0;7;0;8;0;1;6;A01
201300058120;0;2;0;0;2;1;0;B01
201300058120;2;7;0;0;2;2;0;A01
201300058121;0;2;0;0;1;1;0;A01
201300058122;0;2;0;0;2;0;0;B01
201300058122;0;33;0;0;2;0;0;A01
201300058123;0;31;0;0;2;1;0;A01
201300058123;0;7;0;0;2;8;15;B01
201300058124;0;7;0;0;1;2;1;A01
201300058125;0;7;0;0;2;0;0;A01
201300058125;0;33;0;0;2;0;0;B01
201300058126;0;7;0;0;2;2;1;B01
201300058126;0;32;0;0;2;3;0;A01
201300058127;0;7;0;0;1;1;1;A01
201300058128;0;7;0;0;2;4;0;B01
201300058128;0;7;0;0;2;1;0;A01
201300058129;0;7;0;0;2;8;0;B01
201300058129;0;7;0;0;2;1;0;A01
201300058130;0;7;0;0;2;1;0;B01
201300058130;0;7;0;0;2;4;0;A01
201300058131;0;7;0;12;0;1;14;A01
201300058132;0;1;0;0;1;1;0;A01
201300058133;0;7;0;0;2;2;0;A01
201300058133;0;7;0;0;2;4;0;B01
201300058134;0;7;0;0;2;1;0;B01
201300058134;0;7;0;0;2;1;0;A01
201300058135;0;2;0;0;2;1;0;A01
201300058135;0;7;0;0;2;6;0;B01
201300058136;0;33;0;0;2;1;0;B01
201300058136;0;7;0;0;2;1;0;A01
201300058137;0;32;0;0;2;4;0;B01
201300058137;2;7;0;0;2;1;0;Z01
201300058138;0;7;0;0;1;8;0;A01
201300058139;0;7;0;0;1;3;0;B01
201300058140;0;7;0;0;2;1;0;A01
201300058140;0;33;0;0;2;8;0;B01
201300058141;0;7;0;0;2;3;0;B01
201300058141;0;33;0;0;2;1;0;A01
201300058142;0;7;0;0;1;2;0;A01
201300058143;0;7;0;8;0;1;0;A01
201300058144;0;7;0;0;2;7;1;B01
201300058144;0;31;0;0;2;8;11;A01
201300058145;0;7;0;0;1;1;1;A01
201300058146;0;33;0;0;2;8;1;B01
201300058146;0;7;0;0;2;1;9;A01
201300058147;0;7;0;0;1;2;0;A01
201300058148;0;7;0;0;2;1;0;A01
201300058148;0;7;0;0;2;6;0;B01
201300058149;0;7;0;2;2;6;1;B01
201300058149;0;7;0;2;2;3;13;A01
201300058150;0;7;0;0;2;1;1;A01
201300058150;0;7;0;0;2;4;23;C01
201300058150;0;7;0;0;2;4;23;B01
201300058151;0;37;0;0;1;1;1;A01
201300058152;0;32;0;12;0;1;0;A01
201300058153;0;2;0;0;2;1;0;B01
201300058153;0;2;0;0;2;1;15;A01
201300058154;0;30;0;0;0;1;0;A01
201300058155;0;10;0;0;2;2;0;B01
201300058155;0;7;0;0;2;1;0;A01
201300058156;0;7;0;2;2;3;0;B01
201300058156;0;7;0;8;2;1;0;A01
201300058157;0;7;0;0;2;1;0;B01
201300058157;0;2;0;0;2;3;0;A01
201300058158;0;34;0;0;1;1;0;A01
201300058159;0;7;0;0;1;0;0;A01
201300058160;0;7;0;0;1;1;0;A01
201300058161;0;2;0;0;0;0;0;A01
201300058161;0;2;0;0;2;0;0;B01
201300058162;0;7;0;2;2;0;0;B01
201300058162;0;32;0;0;2;0;0;A01
201300058163;0;7;0;6;0;1;0;A01
201300058164;1;32;0;0;2;0;0;Z01
201300058164;0;32;0;0;2;7;14;B01
201300058165;0;32;0;0;2;7;0;B01
201300058165;0;15;0;0;2;8;0;A01
201300058166;0;1;0;0;2;1;0;C01
201300058166;0;2;0;0;2;8;0;B01
201300058166;0;33;0;0;2;1;0;A01
201300058167;0;32;0;0;2;2;0;B01
201300058167;0;30;0;0;2;8;0;A01
201300058168;0;7;0;0;1;1;0;A01
201300058169;0;7;0;0;2;1;8;A01
201300058169;0;37;1;0;2;1;0;B01
201300058170;0;7;0;0;2;1;0;A01
201300058170;0;7;0;0;2;2;0;B01
201300058171;0;7;0;0;2;7;0;B01
201300058171;0;7;0;0;2;1;0;A01
201300058172;0;34;0;0;2;1;0;A01
201300058172;0;7;0;0;2;3;0;B01
201300058173;0;7;0;0;2;4;0;C01
201300058173;0;32;0;0;2;1;0;A01
201300058173;0;32;0;0;2;1;0;B01
201300058174;0;33;0;0;1;8;1;A01
201300058175;0;7;0;0;2;7;0;A01
201300058175;0;7;0;0;2;8;0;B01
201300058176;0;7;0;14;0;1;0;A01
201300058176;0;7;0;14;0;0;0;B01
201300058177;1;7;0;0;2;0;0;Z01
201300058177;0;30;0;0;2;0;0;B01
201300058178;0;7;0;0;1;2;0;A01
201300058179;0;7;0;0;1;0;0;A01
201300058180;0;30;0;12;2;1;0;A01
201300058180;1;7;0;0;2;0;0;Z01
201300058181;0;7;0;0;2;1;0;A01
201300058181;0;2;0;0;2;1;0;B01
201300058182;0;7;0;0;2;0;0;A01
201300058182;0;33;0;0;2;0;0;B01
201300058183;0;7;0;0;2;4;0;A01
201300058183;0;7;0;0;2;1;0;B01
201300058184;0;33;0;0;2;4;23;B01
201300058184;0;7;0;0;1;0;0;A01
201300058185;0;33;0;2;0;1;0;A01
201300058186;0;7;0;0;2;1;0;A01
201300058186;0;7;0;0;2;3;0;B01
201300058187;0;7;0;0;2;1;0;A01
201300058187;0;7;0;0;2;4;0;B01
201300058187;0;7;0;0;2;4;0;C01
201300058187;0;7;0;0;2;4;0;D01
201300058187;0;7;0;0;2;4;0;E01
201300058188;0;7;0;0;2;3;0;A01
201300058188;0;33;0;0;2;0;0;B01
201300058189;0;7;0;0;1;1;0;A01
201300058190;0;7;0;0;1;7;0;A01
201300058191;0;7;0;0;1;1;1;A01
201300058192;0;33;0;16;0;1;1;A01
201300058193;0;7;0;16;0;1;1;A01
201300058194;0;7;0;16;0;1;1;A01
201300058195;0;7;0;0;2;1;1;B01
201300058195;0;7;0;0;2;1;1;A01
201300058196;0;2;0;0;2;1;21;A01
201300058196;0;7;0;0;2;4;1;B01
201300058197;0;7;0;0;2;5;4;B01
201300058197;0;7;0;0;2;1;1;A01
201300058198;0;1;0;16;0;1;21;A01
201300058199;0;7;0;16;0;1;1;A01
201300058200;0;7;0;0;1;1;1;A01
201300058201;0;2;0;16;0;1;1;A01
201300058202;0;7;0;0;1;0;1;A01
201300058203;0;7;0;0;1;1;1;A01
201300058204;0;2;0;0;1;1;1;A01
201300058205;0;30;0;0;2;8;13;B01
201300058205;0;7;0;0;2;8;13;A01
201300058206;0;30;0;0;2;1;1;A01
201300058206;0;7;0;0;2;4;21;B01
201300058207;0;7;0;0;1;1;1;A01
201300058208;0;7;0;0;1;1;1;A01
201300058209;0;7;0;0;1;1;1;A01
201300058210;1;7;0;0;1;2;0;A01
201300058211;0;1;0;0;2;1;1;B01
201300058211;0;7;0;0;2;6;1;A01
201300058212;0;7;0;0;2;1;1;B01
201300058212;0;7;0;0;2;4;1;A01
201300058213;0;33;0;0;2;1;17;A01
201300058213;0;7;0;0;2;8;15;B01
201300058214;0;32;0;0;2;7;16;A01
201300058214;0;2;0;0;2;1;1;B01
201300058215;0;33;0;0;2;7;16;A01
201300058215;0;7;0;0;2;1;1;B01
201300058216;0;7;0;0;1;1;1;A01
201300058217;0;1;0;0;2;8;1;A01
201300058217;0;7;0;0;2;7;1;B01
201300058218;0;7;0;0;1;1;1;A01
201300058219;0;31;0;3;0;1;1;A01
201300058220;0;7;0;16;0;2;1;A01
201300058221;0;7;0;16;0;1;1;A01
201300058222;0;7;0;0;2;1;1;B01
201300058222;0;7;0;0;2;1;21;A01
201300058223;0;7;0;0;1;1;1;A01
201300058224;0;30;0;0;0;0;2;A01
201300058225;0;33;0;1;1;0;0;A01
201300058226;0;30;0;0;2;7;1;B01
201300058226;0;7;0;0;2;7;1;A01
201300058227;0;7;0;13;0;1;2;A01
201300058228;0;7;0;14;9;1;2;A01
201300058229;0;32;0;12;0;0;1;A01
201300058230;0;30;0;0;2;1;1;B01
201300058230;0;7;0;0;2;3;4;A01
201300058231;0;7;0;0;0;0;1;A01
201300058232;0;30;0;0;2;4;0;A01
201300058232;0;7;0;0;2;1;2;B01
201300058233;0;30;0;0;0;0;1;A01
201300058234;0;7;0;4;0;1;1;A01
201300058235;0;7;0;0;1;0;15;A01
201300058236;0;7;0;0;1;2;1;A01
201300058237;0;7;0;0;1;0;1;A01
201300058238;0;7;0;0;2;8;1;A01
201300058238;0;7;0;0;2;1;1;B01
201300058239;0;33;0;15;0;7;18;A01
201300058240;0;7;0;13;0;1;0;A01
201300058241;0;1;0;0;2;1;5;B01
201300058241;0;7;0;0;2;3;15;A01
201300058242;0;7;0;0;2;4;23;B01
201300058242;0;7;0;0;2;1;21;C01
201300058242;0;7;0;0;2;4;23;A01
201300058243;0;30;0;0;0;0;0;A01
201300058244;0;30;0;0;0;0;21;A01
201300058245;0;7;0;4;0;8;13;A01
201300058246;0;32;0;0;5;1;1;A01
201300058247;0;7;0;0;2;1;1;A01
201300058247;0;33;0;0;2;4;23;B01
201300058248;0;7;0;0;1;0;1;A01
201300058249;0;7;0;0;1;1;15;A01
201300058250;0;32;0;0;2;8;17;B01
201300058250;0;7;0;0;2;8;1;A01
201300058251;0;30;0;0;2;1;15;B01
201300058251;0;7;0;0;2;4;1;A01
201300058252;0;7;0;0;0;0;0;A01
201300058253;0;30;0;0;2;0;0;B01
201300058253;0;7;0;0;2;3;0;A01
201300058254;0;7;0;0;1;1;1;A01
201300058255;0;7;0;0;2;0;1;B01
201300058255;0;1;0;0;2;0;1;A01
201300058256;0;7;0;0;2;3;15;A01
201300058256;0;7;0;0;2;3;23;B01
201300058257;0;1;0;0;0;0;0;A01
201300058258;0;7;0;0;2;1;15;B01
201300058258;0;33;0;0;2;9;1;A01
201300058259;0;7;0;0;2;1;15;A01
201300058259;0;7;0;0;2;1;1;B01
201300058260;0;7;0;0;2;5;2;A01
201300058260;0;1;0;0;2;1;2;B01
201300058261;0;30;0;0;1;1;1;A01
201300058262;0;7;0;0;2;1;2;A01
201300058262;0;7;0;0;2;4;2;B01
201300058263;0;1;0;0;0;1;21;A01
201300058264;0;7;0;0;2;1;2;B01
201300058264;0;7;0;0;2;4;2;A01
201300058265;0;37;0;0;9;0;1;A01
201300058266;0;10;0;0;1;1;1;A01
201300058267;0;7;0;0;2;3;10;B01
201300058267;0;33;0;0;2;1;2;A01
201300058268;0;37;0;0;2;8;13;B01
201300058268;0;7;0;0;2;9;1;A01
201300058269;0;7;0;0;1;1;20;A01
201300058270;0;7;0;0;2;4;2;A01
201300058270;0;7;0;0;2;1;2;B01
201300058271;0;7;0;0;2;1;17;C01
201300058271;0;7;0;0;2;9;21;A01
201300058271;0;7;0;0;2;8;21;B01
201300058272;0;7;0;0;2;1;1;A01
201300058272;0;7;0;0;2;8;9;B01
201300058273;0;7;0;0;1;7;2;A01
201300058274;0;7;0;0;1;1;1;A01
201300058275;0;7;0;0;1;1;1;A01
201300058276;0;7;0;0;2;1;2;D01
201300058276;0;7;0;0;2;1;2;B01
201300058276;0;7;0;0;2;4;1;A01
201300058276;0;3;0;0;2;1;2;C01
201300058277;0;1;0;0;0;0;1;A01
201300058278;0;33;0;0;0;1;17;B01
201300058278;0;7;0;0;0;3;17;A01
201300058279;0;7;0;1;1;3;24;B01
201300058279;0;2;0;0;1;1;21;A01
201300058280;0;33;0;8;2;1;21;A01
201300058281;0;7;0;6;0;1;1;A01
201300058282;0;2;0;3;0;2;14;A01
201300058283;0;32;0;0;0;0;1;A01
201300058284;0;1;0;0;2;1;19;A01
201300058284;0;7;0;0;0;6;1;B01
201300058285;0;7;0;0;0;9;0;A01
201300058286;0;7;0;0;2;1;2;A01
201300058286;0;7;0;0;2;4;2;B01
201300058286;0;7;0;0;2;1;2;D01
201300058286;0;7;0;0;2;4;2;C01
201300058287;0;7;0;1;2;2;21;A01
201300058287;0;7;0;0;2;3;13;C01
201300058288;0;7;0;0;2;4;2;D01
201300058288;0;7;0;0;2;1;2;A01
201300058288;0;7;0;0;2;4;2;B01
201300058288;0;7;0;0;2;4;2;C01
201300058289;0;7;0;0;1;1;1;A01
201300058290;0;30;0;0;2;8;19;A01
201300058290;0;7;0;0;2;1;19;B01
201300058291;0;2;0;0;0;0;1;A01
201300058292;0;7;0;0;2;0;0;B01
201300058292;0;7;0;0;2;0;0;A01
201300058293;0;10;0;0;1;1;1;A01
201300058294;0;7;0;0;2;9;21;A01
201300058295;0;7;0;0;1;1;2;A01
201300058296;0;7;0;3;0;9;1;A01
201300058297;0;7;0;0;2;3;10;A01
201300058297;0;33;0;0;2;1;1;B01
201300058298;0;7;0;0;2;3;15;A01
201300058298;0;1;0;0;2;7;15;B01
201300058299;0;2;0;0;2;1;13;A01
201300058299;0;7;0;0;2;3;21;B01
201300058300;0;2;0;0;0;0;4;A01
201300058301;0;7;0;0;2;1;1;A01
201300058301;0;2;0;0;2;7;1;B01
201300058302;0;7;0;0;2;8;5;C01
201300058302;0;7;0;0;2;4;2;B01
201300058302;0;10;0;0;2;1;1;A01
201300058303;0;7;0;0;1;3;13;A01
201300058304;0;7;0;13;0;7;14;A01
201300058305;0;7;0;6;0;9;14;A01
201300058306;0;7;0;16;0;9;14;A01
201300058307;0;10;0;0;2;1;1;A01
201300058307;0;7;0;0;2;4;23;C01
201300058307;0;7;0;0;2;4;23;B01
201300058308;0;32;0;0;2;2;1;B01
201300058308;0;7;0;0;2;7;16;A01
201300058309;0;7;0;3;0;2;21;A01
201300058310;0;7;0;0;2;1;2;A01
201300058310;0;7;0;0;2;4;2;B01
201300058311;0;7;0;0;2;4;2;B01
201300058311;0;7;0;0;2;1;2;A01
201300058312;0;1;0;0;2;1;1;B01
201300058312;0;7;0;0;2;3;21;A01
201300058313;0;33;0;0;1;1;1;A01
201300058314;0;7;0;0;0;0;1;B01
201300058314;0;33;0;16;0;1;17;A01
201300058315;0;2;0;0;0;1;1;A01
201300058316;0;7;0;0;2;6;1;C01
201300058316;0;7;0;0;2;1;13;A01
201300058316;0;7;0;0;2;8;1;B01
201300058317;0;10;0;0;0;1;2;A01
201300058317;0;10;0;0;0;4;2;B01
201300058318;0;7;0;3;0;2;14;A01
201300058319;0;30;0;0;0;1;0;A01
201300058320;0;7;0;14;0;1;1;A01
201300058321;0;7;0;15;0;2;1;A01
201300058322;0;7;0;0;1;1;1;A01
201300058323;0;7;0;0;1;1;17;A01
201300058324;0;7;0;0;9;3;19;A01
201300058324;0;2;0;0;2;1;1;B01
201300058324;0;7;0;0;2;1;2;C01
201300058325;0;30;0;0;2;1;17;B01
201300058325;0;7;0;0;2;3;21;A01
201300058326;0;7;0;0;2;4;2;C01
201300058326;0;7;0;0;2;1;1;E01
201300058326;0;7;0;0;2;1;2;D01
201300058326;0;7;0;3;2;5;2;B01
201300058326;0;7;0;3;0;1;14;A01
201300058327;0;10;0;1;0;3;13;A01
201300058328;0;10;0;0;1;8;1;A01
201300058329;0;7;0;4;0;3;13;A01
201300058330;0;7;0;8;0;1;14;A01
201300058331;0;7;0;0;1;1;1;A01
201300058332;0;10;0;0;2;8;16;B01
201300058332;0;32;0;0;2;1;1;A01
201300058333;0;7;0;0;0;3;21;B01
201300058333;0;7;0;0;0;3;21;A01
201300058334;0;7;0;0;2;8;15;A01
201300058334;0;33;0;0;2;1;1;B01
201300058335;0;10;0;0;2;8;15;A01
201300058335;0;2;0;0;2;1;17;B01
201300058336;0;10;0;0;2;4;2;B01
201300058336;0;7;0;0;2;1;2;A01
201300058337;0;2;0;0;0;1;1;A01
201300058338;0;7;0;15;0;2;14;A01
201300058339;1;99;0;0;1;0;1;A01
201300058340;0;7;0;3;0;9;13;A01
201300058341;0;2;0;0;2;8;1;A01
201300058341;1;99;0;0;2;7;17;B01
201300058342;0;7;0;0;2;1;1;A01
201300058342;0;7;0;0;2;8;1;B01
201300058343;0;7;0;0;2;3;2;A01
201300058343;0;2;0;0;2;4;2;B01
201300058343;0;7;0;0;2;6;2;C01
201300058344;0;7;0;0;1;1;16;A01
201300058345;0;33;0;0;2;1;1;A01
201300058345;0;7;0;0;2;8;0;B01
201300058346;0;7;0;0;2;8;1;A01
201300058346;0;7;0;0;2;1;1;B01
201300058347;0;33;0;0;2;7;17;B01
201300058347;0;10;0;0;2;3;17;A01
201300058348;0;7;0;0;2;4;1;A01
201300058348;0;7;0;0;2;1;1;B01
201300058349;0;33;0;0;9;8;1;A01
201300058350;0;7;0;16;0;2;14;A01
201300058351;0;32;0;16;0;7;14;A01
201300058352;0;32;0;0;2;1;17;A01
201300058352;0;7;0;0;2;8;15;B01
201300058353;0;21;0;0;0;7;14;A01
201300058354;0;2;0;0;0;0;14;A01
201300058355;0;7;0;0;2;1;19;A01
201300058355;0;33;0;0;2;3;1;B01
201300058356;0;7;0;0;2;3;4;B01
201300058356;0;33;0;0;2;1;17;A01
201300058357;0;33;0;0;0;1;14;A01
201300058358;1;7;0;0;2;3;15;A01
201300058358;0;7;0;0;2;3;1;B01
201300058359;1;1;0;0;1;1;1;A01
201300058360;0;33;0;0;0;1;14;A01
201300058361;0;7;0;0;2;1;17;A01
201300058361;0;1;0;0;2;4;1;B01
201300058362;0;33;0;0;2;1;17;A01
201300058362;0;7;0;0;2;8;15;B01
201300058363;0;7;0;0;2;4;2;C01
201300058363;0;7;0;0;2;1;1;A01
201300058363;0;7;0;0;2;4;2;B01
201300058364;1;99;0;0;2;2;2;B01
201300058364;0;2;0;0;2;4;1;A01
201300058365;0;7;0;0;2;1;2;A01
201300058365;0;10;0;0;2;4;2;B01
201300058365;0;10;0;0;2;3;15;C01
201300058366;0;30;0;0;0;1;1;A01
201300058367;0;7;0;0;2;2;1;B01
201300058367;0;10;0;0;2;1;16;A01
201300058368;0;2;0;0;0;1;14;A01
201300058369;0;2;0;12;0;3;21;A01
201300058370;0;7;0;0;1;0;20;A01
201300058371;0;2;0;14;0;1;1;A01
201300058372;0;7;0;0;1;1;1;A01
201300058373;0;7;0;16;0;9;1;A01
201300058374;0;7;0;0;2;5;17;A01
201300058374;0;7;0;0;2;9;13;B01
201300058374;0;31;0;0;2;1;1;C01
201300058375;0;2;0;0;0;1;21;A01
201300058376;0;2;0;0;2;2;17;A01
201300058376;0;7;0;0;2;3;1;B01
201300058377;0;10;0;0;1;2;21;A01
201300058378;0;10;0;0;2;3;13;A01
201300058378;0;7;0;0;2;3;1;B01
201300058379;0;2;0;0;1;1;17;A01
201300058380;0;33;0;0;2;7;17;A01
201300058380;0;7;0;0;2;8;15;B01
201300058381;0;7;0;0;2;1;1;B01
201300058381;0;7;0;0;2;7;16;A01
201300058382;0;7;0;0;2;3;1;B01
201300058382;0;30;0;0;2;5;9;A01
201300058383;0;7;0;0;1;1;15;A01
201300058384;0;7;0;0;2;4;1;A01
201300058384;0;7;0;0;2;1;21;B01
201300058385;0;7;0;0;1;1;14;A01
201300058386;0;7;0;0;2;7;1;B01
201300058386;0;1;0;0;2;1;1;A01
201300058387;0;33;0;0;0;1;1;A01
201300058388;0;7;0;0;2;7;19;C01
201300058388;0;33;0;0;2;2;17;A01
201300058388;0;7;0;0;2;3;15;B01
201300058389;0;7;0;0;2;4;1;A01
201300058389;0;7;0;0;2;1;2;B01
201300058389;0;7;0;0;2;1;2;C01
201300058390;0;33;0;0;2;0;21;A01
201300058390;0;10;0;0;2;8;9;B01
201300058391;0;7;0;0;2;7;9;B01
201300058391;0;7;0;0;2;3;9;A01
201300058392;0;7;0;6;0;2;14;A01
201300058393;0;2;0;0;2;1;13;A01
201300058393;0;7;0;0;2;8;1;B01
201300058394;0;7;0;0;1;2;21;A01
201300058395;0;10;0;0;2;8;17;C01
201300058395;0;7;0;0;2;7;1;B01
201300058395;0;7;0;0;2;2;14;A01
201300058396;0;7;0;0;2;3;1;B01
201300058396;0;7;0;0;2;8;15;A01
201300058397;0;7;0;0;2;4;2;B01
201300058397;0;7;0;0;2;1;2;A01